event_id,source_id,source_sha256,source_url,license_num,license_number,date,archive_date,document_vote_date,page_start,page_end,item_number,event_type,action_subtype,event_subtype,outcome,outcome_text,decision_bearing,board_granted_application,completed_sale_verified,actions,address,alcohol_license_explicit,ambiguity_notes,ancillary_stock_pledge_recipient,candidate_id,canonical_source_id,dba_after,dba_before,disposition,entity_after,entity_before,entity_change_source_quote,entity_conversion_explicit,entity_dba,entity_name,equity_change_completion_verified,equity_percentage_stated,from_address,heading,item,item_text,item_text_sha256,license_category_scope,license_id_raw,license_num_as_supplied,license_number_raw,license_numbers,license_scope,licensee,licensee_dba,licensee_heading,new_equity_holders,normalized_license_num,original_year_artifact,ownership_actions,ownership_scope,ownership_subject_entity,ownership_subject_scope,page,parties,parties_after,parties_before,prior_equity_holders,private_equity_control_inferred,review_status,share_count,source_hash,source_quote,source_urls,source_window,stock_action_wording,stock_pledge_recipient,to_address,transferee,transferee_dba,transferor,transferor_dba
BLB-2020-04-23-C006-ownership,BLB-2020-04-23,5a5411bed079abed909e9b39c0d787841d78f6c7402baa4d5d9d192972913869,"https://www.boston.gov/sites/default/files/file/2020/04/Board's Voting Agenda, April 23, 2020.pdf",LB139452,LB-139452,2020-04-23,2020-04-23,2020-04-23,2,3,6,ownership_interest,ownership_application_disposition,ownership_application_disposition,granted,GRANTED,True,True,False,"[""stock_interest_change""]","569 575 COLUMBUS AVE ROXBURY, MA 02118",,"[""The source uses combined issuance/transfer wording; stock_interest_change records that explicit petition without asserting that both issuance and transfer separately occurred or identifying unnamed owners.""]",,BLB-2020-04-23-C006,BLB-2020-04-23,,,granted,,,,False,SRV RESTAURANT,"South End Partners, Inc.",False,,,,6,"6. South End Partners, Inc.
D/B/A: SRV RESTAURANT
   569 575 COLUMBUS AVE
   ROXBURY, MA 02118
   License #: LB 139452
   Holder of a Common Victualler (Restricted) 7 Day All Alcoholic Beverages License
has petitioned for Issuance/Transfer of Stock/New Stockholder. Lastly, has petitioned for
a change of Officers/Directors/Stockholders.
   Attorney: Marshall F. Newman
 GRANTED",4c270b5c43604af0b536f010e5252d1baabc90b4f55f68583eb84bd53beebece,,LB 139452,LB-139452,,,explicit_alcohol,,,,,LB139452,2020/ownership-interest-events.json,,licensee_entity,"South End Partners, Inc.",,2,,[],[],,,,,5a5411bed079abed909e9b39c0d787841d78f6c7402baa4d5d9d192972913869,"6. South End Partners, Inc.
D/B/A: SRV RESTAURANT
   569 575 COLUMBUS AVE
   ROXBURY, MA 02118
   License #: LB 139452
   Holder of a Common Victualler (Restricted) 7 Day All Alcoholic Beverages License
has petitioned for Issuance/Transfer of Stock/New Stockholder. Lastly, has petitioned for
a change of Officers/Directors/Stockholders.
   Attorney: Marshall F. Newman
 GRANTED","[""https://www.boston.gov/sites/default/files/file/2020/04/Board's Voting Agenda, April 23, 2020.pdf""]",2020-2023,Issuance/Transfer of Stock/New Stockholder,,,,,,
BLB-2020-07-16-C007-ownership,BLB-2020-07-16,fa648343d9ec01d3d0079c0d194bfa14e2538c33fea6af90bed7f08995cdd9d0,https://www.boston.gov/sites/default/files/file/2020/07/Board%27s%20Voting%20Agenda%20July%2016%2C%202020.pdf,LB379141,LB-379141,2020-07-16,2020-07-16,2020-07-16,2,2,7,ownership_interest,ownership_application_disposition,ownership_application_disposition,granted,GRANTED,True,True,False,"[""ownership_interest_change"", ""stock_transfer""]","300 LOGAN AIRPORT TERMINAL C EAST BOSTON, MA 02128",,[],,BLB-2020-07-16-C007,BLB-2020-07-16,,,granted,,,,False,Shojo,"SSP America BOS, LLC",False,,,,7,"7. SSP America BOS, LLC
    D/B/A: Shojo
       300 LOGAN AIRPORT TERMINAL C
       EAST BOSTON, MA 02128
       License #: LB 379141
       Holder of an (Airport) Common Victualler 7 Day All Alcoholic Beverages license has
    petitioned for change of Officers/Directors. Lastly, has petitioned for a change of
    ownership interest and transfer of stock.
GRANTED",dd68743853ef6b57a16a407ce3d458a160201cb59f3e465053c209304bf622b2,,LB 379141,LB-379141,,,explicit_alcohol,,,,,LB379141,2020/ownership-interest-events.json,,licensee_entity,"SSP America BOS, LLC",,2,,[],[],,,,,fa648343d9ec01d3d0079c0d194bfa14e2538c33fea6af90bed7f08995cdd9d0,"7. SSP America BOS, LLC
    D/B/A: Shojo
       300 LOGAN AIRPORT TERMINAL C
       EAST BOSTON, MA 02128
       License #: LB 379141
       Holder of an (Airport) Common Victualler 7 Day All Alcoholic Beverages license has
    petitioned for change of Officers/Directors. Lastly, has petitioned for a change of
    ownership interest and transfer of stock.
GRANTED","[""https://www.boston.gov/sites/default/files/file/2020/07/Board%27s%20Voting%20Agenda%20July%2016%2C%202020.pdf""]",2020-2023,,,,,,,
BLB-2020-07-16-C008-ownership,BLB-2020-07-16,fa648343d9ec01d3d0079c0d194bfa14e2538c33fea6af90bed7f08995cdd9d0,https://www.boston.gov/sites/default/files/file/2020/07/Board%27s%20Voting%20Agenda%20July%2016%2C%202020.pdf,LB390565,LB-390565,2020-07-16,2020-07-16,2020-07-16,3,3,8,ownership_interest,ownership_application_disposition,ownership_application_disposition,granted,GRANTED,True,True,False,"[""ownership_interest_change"", ""stock_transfer""]","300 LOGAN AIRPORT TERMINAL B EAST BOSTON, MA 02128",,[],,BLB-2020-07-16-C008,BLB-2020-07-16,,,granted,,,,False,Temazcal,"SSP America BOS, LLC",False,,,,8,"8. SSP America BOS, LLC
    D/B/A: Temazcal
       300 LOGAN AIRPORT TERMINAL B
       EAST BOSTON, MA 02128
       License #: LB 390565
       Holder of an (Airport) Common Victualler 7 Day All Alcoholic Beverages license has
    petitioned for change of Officers/Directors. Lastly, has petitioned for a change of
    ownership interest and transfer of stock.
GRANTED",23e22ec737c814ffe828996c09ff5ed037b6be77066a503aab5ae5b724b114a5,,LB 390565,LB-390565,,,explicit_alcohol,,,,,LB390565,2020/ownership-interest-events.json,,licensee_entity,"SSP America BOS, LLC",,3,,[],[],,,,,fa648343d9ec01d3d0079c0d194bfa14e2538c33fea6af90bed7f08995cdd9d0,"8. SSP America BOS, LLC
    D/B/A: Temazcal
       300 LOGAN AIRPORT TERMINAL B
       EAST BOSTON, MA 02128
       License #: LB 390565
       Holder of an (Airport) Common Victualler 7 Day All Alcoholic Beverages license has
    petitioned for change of Officers/Directors. Lastly, has petitioned for a change of
    ownership interest and transfer of stock.
GRANTED","[""https://www.boston.gov/sites/default/files/file/2020/07/Board%27s%20Voting%20Agenda%20July%2016%2C%202020.pdf""]",2020-2023,,,,,,,
BLB-2020-07-16-C009-ownership,BLB-2020-07-16,fa648343d9ec01d3d0079c0d194bfa14e2538c33fea6af90bed7f08995cdd9d0,https://www.boston.gov/sites/default/files/file/2020/07/Board%27s%20Voting%20Agenda%20July%2016%2C%202020.pdf,LB410009,LB-410009,2020-07-16,2020-07-16,2020-07-16,3,3,9,ownership_interest,ownership_application_disposition,ownership_application_disposition,granted,GRANTED,True,True,False,"[""ownership_interest_change"", ""stock_transfer""]","LOGAN AIRPORT 300 TERMINAL C EAST BOSTON, MA 02128",,[],,BLB-2020-07-16-C009,BLB-2020-07-16,,,granted,,,,False,Wahlburgers,"SSP America BOS, LLC",False,,,,9,"9. SSP America BOS, LLC
    D/B/A: Wahlburgers
        LOGAN AIRPORT 300 TERMINAL C
       EAST BOSTON, MA 02128
       License #: LB 410009
       Holder of an (Airport) Common Victualler 7 Day All Alcoholic Beverages license has
    petitioned for change of Officers/Directors. Lastly, has petitioned for a change of
    ownership interest and transfer of stock.
GRANTED",c67e21413b9c2a5109521b8fd27ddc0887c85941653f3de2fd7d3b91877286a5,,LB 410009,LB-410009,,,explicit_alcohol,,,,,LB410009,2020/ownership-interest-events.json,,licensee_entity,"SSP America BOS, LLC",,3,,[],[],,,,,fa648343d9ec01d3d0079c0d194bfa14e2538c33fea6af90bed7f08995cdd9d0,"9. SSP America BOS, LLC
    D/B/A: Wahlburgers
        LOGAN AIRPORT 300 TERMINAL C
       EAST BOSTON, MA 02128
       License #: LB 410009
       Holder of an (Airport) Common Victualler 7 Day All Alcoholic Beverages license has
    petitioned for change of Officers/Directors. Lastly, has petitioned for a change of
    ownership interest and transfer of stock.
GRANTED","[""https://www.boston.gov/sites/default/files/file/2020/07/Board%27s%20Voting%20Agenda%20July%2016%2C%202020.pdf""]",2020-2023,,,,,,,
BLB-2020-07-30-C004-ownership,BLB-2020-07-30,becc6ebac4622fd84a62e0b87a7bee5fce33b308e1e1890e54f90a3529b24097,https://www.boston.gov/sites/default/files/file/2020/07/Board%27s%20Voting%20Agenda%2C%20July%2030%2C%202020_2.pdf,LB99020,LB-99020,2020-07-30,2020-07-30,2020-07-30,2,2,3,ownership_interest,ownership_application_disposition,ownership_application_disposition,granted,GRANTED,True,True,False,"[""stock_interest_change"", ""ownership_interest_change""]","8 PARK PLZ BOSTON, MA 02116",,[],,BLB-2020-07-30-C004,BLB-2020-07-30,,,granted,,,,False,P.F. CHANG'S CHINA BISTRO,"P.F. Chang's China Bistro, Inc.",False,,,,3,"3. P.F. Chang's China Bistro, Inc.
D/B/A: P.F. CHANG'S CHINA BISTRO
   8 PARK PLZ
   BOSTON, MA 02116
   License #: LB 99020
   Holder of a Common Victualler 7 Day All Alcoholic Beverages License has petitioned
for a change of Officers/Directors/Stockholders. Lastly, has petitioned for a change of
stock interest and ownership interest.
   Attorney: Andrew F. Upton
GRANTED",36e5d6c256ea2a6244aa0d717fcb7fa2cd37984687a1b60641671c866e9011a5,,LB 99020,LB-99020,,,explicit_alcohol,,,,,LB99020,2020/ownership-interest-events.json,,licensee_entity,"P.F. Chang's China Bistro, Inc.",,2,,[],[],,,,,becc6ebac4622fd84a62e0b87a7bee5fce33b308e1e1890e54f90a3529b24097,"3. P.F. Chang's China Bistro, Inc.
D/B/A: P.F. CHANG'S CHINA BISTRO
   8 PARK PLZ
   BOSTON, MA 02116
   License #: LB 99020
   Holder of a Common Victualler 7 Day All Alcoholic Beverages License has petitioned
for a change of Officers/Directors/Stockholders. Lastly, has petitioned for a change of
stock interest and ownership interest.
   Attorney: Andrew F. Upton
GRANTED","[""https://www.boston.gov/sites/default/files/file/2020/07/Board%27s%20Voting%20Agenda%2C%20July%2030%2C%202020_2.pdf""]",2020-2023,,,,,,,
BLB-2020-08-20-C007-ownership,BLB-2020-08-20,dd1f94605101773c5ed22fda2d0e0b0723789a816755c9b63e847b8f63cff632,https://www.boston.gov/sites/default/files/file/2020/09/Board%27s%20Voting%20Agenda%2C%20August%2020%2C%202020.pdf,LB102015,LB-102015,2020-08-20,2020-08-20,2020-08-20,2,2,7,ownership_interest,ownership_application_disposition,ownership_application_disposition,granted,GRANTED,True,True,False,"[""stock_interest_change""]","170 SALEM ST BOSTON, MA 02113",,"[""The source uses combined issuance/transfer wording; stock_interest_change records that explicit petition without asserting that both issuance and transfer separately occurred or identifying unnamed owners."", ""The stock pledge is ancillary to the explicit stock-interest application. It is not a license pledge and does not establish that the recipient owns shares.""]",Rahul Jashvant Bilodariya,BLB-2020-08-20-C007,BLB-2020-08-20,,,granted,,,,False,SALEM MARKET,170 NORTHEND CORP.,False,,,,7,"7. 170 NORTHEND CORP.
D/B/A: SALEM MARKET
   170 SALEM ST
   BOSTON, MA 02113
   License #: LB 102015
   Holder of a Retail Package Store Wines & Malt Beverages License has petitioned for
issuance/transfer of stock/new stockholder. Lastly, has petitioned to pledge the stock to
Rahul Jashvant Bilodariya.
   Attorney: Thomas T. Truax
GRANTED",8d770783ba874350b3a642f65fe34e88e41aa9a7e1b29ec473c11cf7d7c235aa,,LB 102015,LB-102015,,,explicit_alcohol,,,,,LB102015,2020/ownership-interest-events.json,,licensee_entity,170 NORTHEND CORP.,,2,,[],[],,,,,dd1f94605101773c5ed22fda2d0e0b0723789a816755c9b63e847b8f63cff632,"7. 170 NORTHEND CORP.
D/B/A: SALEM MARKET
   170 SALEM ST
   BOSTON, MA 02113
   License #: LB 102015
   Holder of a Retail Package Store Wines & Malt Beverages License has petitioned for
issuance/transfer of stock/new stockholder. Lastly, has petitioned to pledge the stock to
Rahul Jashvant Bilodariya.
   Attorney: Thomas T. Truax
GRANTED","[""https://www.boston.gov/sites/default/files/file/2020/09/Board%27s%20Voting%20Agenda%2C%20August%2020%2C%202020.pdf""]",2020-2023,Issuance/Transfer of Stock/New Stockholder,,,,,,
BLB-2020-08-20-C008-ownership,BLB-2020-08-20,dd1f94605101773c5ed22fda2d0e0b0723789a816755c9b63e847b8f63cff632,https://www.boston.gov/sites/default/files/file/2020/09/Board%27s%20Voting%20Agenda%2C%20August%2020%2C%202020.pdf,LB99654,LB-99654,2020-08-20,2020-08-20,2020-08-20,2,3,8,ownership_interest,ownership_application_disposition,ownership_application_disposition,granted,GRANTED,True,True,False,"[""stock_interest_change""]","20 HUDSON ST BOSTON, MA 02111",,"[""The source uses combined issuance/transfer wording; stock_interest_change records that explicit petition without asserting that both issuance and transfer separately occurred or identifying unnamed owners.""]",,BLB-2020-08-20-C008,BLB-2020-08-20,,,granted,,,,False,GOLDEN LEAF,TRIPLE EIGHT MANAGEMENT CORP.,False,,,,8,"8. TRIPLE EIGHT MANAGEMENT CORP.
D/B/A: GOLDEN LEAF
   20 HUDSON ST
   BOSTON, MA 02111
   License #: LB 99654
   Holder of a Common Victualler 7 Day Wine & Malt Beverages License has petitioned
for a change of
   officers/directors/stockholders. Secondly, has petitioned for the issuance/transfer of
stock. Thirdly, has petitioned to
   change the manager of the licensed business From: Joseph Hing Fai Tsang To: Li Pei
Liang. Lastly, has petitioned to
   change the d/b/a of the licensed business From: Golden Leaf To: Station Bistro.
   Attorney: Ka yung Wong
GRANTED",d6338cd59591774b622d8acaba0132e659dc2b81d1e34eff82f22bdc93e08d8b,,LB 99654,LB-99654,,,explicit_alcohol,,,,,LB99654,2020/ownership-interest-events.json,,licensee_entity,TRIPLE EIGHT MANAGEMENT CORP.,,2,,[],[],,,,,dd1f94605101773c5ed22fda2d0e0b0723789a816755c9b63e847b8f63cff632,"8. TRIPLE EIGHT MANAGEMENT CORP.
D/B/A: GOLDEN LEAF
   20 HUDSON ST
   BOSTON, MA 02111
   License #: LB 99654
   Holder of a Common Victualler 7 Day Wine & Malt Beverages License has petitioned
for a change of
   officers/directors/stockholders. Secondly, has petitioned for the issuance/transfer of
stock. Thirdly, has petitioned to
   change the manager of the licensed business From: Joseph Hing Fai Tsang To: Li Pei
Liang. Lastly, has petitioned to
   change the d/b/a of the licensed business From: Golden Leaf To: Station Bistro.
   Attorney: Ka yung Wong
GRANTED","[""https://www.boston.gov/sites/default/files/file/2020/09/Board%27s%20Voting%20Agenda%2C%20August%2020%2C%202020.pdf""]",2020-2023,issuance/transfer of stock,,,,,,
BLB-2020-09-17-C012-ownership,BLB-2020-09-17,160a48648163e546eeb051a84caf0033a7ae5642aa6ce9a23816f272b56a344c,https://www.boston.gov/sites/default/files/file/2020/09/Board%27s%20Voting%20Agenda%2C%20September%2017%2C%202020.pdf,LB99646,LB-99646,2020-09-17,2020-09-17,2020-09-17,4,5,5,ownership_interest,ownership_application_disposition,ownership_application_disposition,granted,GRANTED,True,True,False,"[""stock_interest_change""]","204 TREMONT ST BOSTON, MA 02116",,[],,BLB-2020-09-17-C012,BLB-2020-09-17,,,granted,,,,False,Limelight,"W ENTERTAINMENT GROUP, INC.",False,,,,5,"5. W ENTERTAINMENT GROUP, INC.
D/B/A: Limelight
  204 TREMONT ST
  BOSTON, MA 02116
  License #: LB 99646
  Holder of a Common Victualler 7 Day Wine and Malt w/ Liqueurs
License has petitioned for new officers/directors/stockholders. Lastly, has
petitioned for a change of stock interest.
Attorney: Chase Liu
GRANTED",052b8b05af382e4a90f022201ec288c8c48d4ef2f117d7416258990c792f0c41,,LB 99646,LB-99646,,,explicit_alcohol,,,,,LB99646,2020/ownership-interest-events.json,,licensee_entity,"W ENTERTAINMENT GROUP, INC.",,4,,[],[],,,,,160a48648163e546eeb051a84caf0033a7ae5642aa6ce9a23816f272b56a344c,"5. W ENTERTAINMENT GROUP, INC.
D/B/A: Limelight
  204 TREMONT ST
  BOSTON, MA 02116
  License #: LB 99646
  Holder of a Common Victualler 7 Day Wine and Malt w/ Liqueurs
License has petitioned for new officers/directors/stockholders. Lastly, has
petitioned for a change of stock interest.
Attorney: Chase Liu
GRANTED","[""https://www.boston.gov/sites/default/files/file/2020/09/Board%27s%20Voting%20Agenda%2C%20September%2017%2C%202020.pdf""]",2020-2023,,,,,,,
BLB-2020-09-17-C020-ownership,BLB-2020-09-17,160a48648163e546eeb051a84caf0033a7ae5642aa6ce9a23816f272b56a344c,https://www.boston.gov/sites/default/files/file/2020/09/Board%27s%20Voting%20Agenda%2C%20September%2017%2C%202020.pdf,,,2020-09-17,2020-09-17,2020-09-17,7,7,1,ownership_interest,ownership_application_disposition,ownership_application_disposition,granted,GRANTED,True,True,False,"[""stock_transfer""]",,,[],,BLB-2020-09-17-C020,BLB-2020-09-17,,,granted,,,,False,Our Zone,"H & L Boston, Inc.",False,,,,1,"1. H & L Boston, Inc. d/b/a Our Zone, 1581 Commonwealth Avenue,
          Brighton, MA 02135 has petitioned to transfer the stock of the
          corporation, and, secondly, has petitioned the remove officer Weihong
          Liu.
          GRANTED",a58ad974478361eba6b0f34c01420dfe33bf08133b7c8ab8fa5e66be10498f1a,,,,,,common_victualler_no_alcohol_stated,,,,,,2020/ownership-interest-events.json,,licensee_entity,"H & L Boston, Inc.",,7,,[],[],,,,,160a48648163e546eeb051a84caf0033a7ae5642aa6ce9a23816f272b56a344c,"1. H & L Boston, Inc. d/b/a Our Zone, 1581 Commonwealth Avenue,
          Brighton, MA 02135 has petitioned to transfer the stock of the
          corporation, and, secondly, has petitioned the remove officer Weihong
          Liu.
          GRANTED","[""https://www.boston.gov/sites/default/files/file/2020/09/Board%27s%20Voting%20Agenda%2C%20September%2017%2C%202020.pdf""]",2020-2023,,,,,,,
BLB-2020-10-29-C018-ownership,BLB-2020-10-29,c0324aed6c39ec01763cf70c2172dedac66e00692e37787379105ab247e01835,https://www.boston.gov/sites/default/files/file/2020/10/Board%27s%20Voting%20Agenda%2010.29.20.pdf,LB99287,LB-99287,2020-10-29,2020-10-29,2020-10-29,4,4,5,ownership_interest,ownership_application_disposition,ownership_application_disposition,granted,Granted.,True,True,False,"[""ownership_interest_change""]","25 THOMSON PL BOSTON, MA 02210",,[],,BLB-2020-10-29-C018,BLB-2020-10-29,,,granted,,,,False,BARTACO,"BARTACO FORT POINT, LLC",False,,,,5,"5. BARTACO FORT POINT, LLC
       D/B/A: BARTACO
          25 THOMSON PL
          BOSTON, MA 02210
          License #: LB 99287
       Holder of a Common Victualler 7 Day All Alcoholic Beverages License has petitioned
       for a change of ownership interest and a change of officers..
          Attorney: Joseph H. Devlin
Granted.",dc6fc5db6c4aef94ffc6b3793a9af6f53dcebab5cb7b66f2870004a3fb886cca,,LB 99287,LB-99287,,,explicit_alcohol,,,,,LB99287,2020/ownership-interest-events.json,,licensee_entity,"BARTACO FORT POINT, LLC",,4,,[],[],,,,,c0324aed6c39ec01763cf70c2172dedac66e00692e37787379105ab247e01835,"5. BARTACO FORT POINT, LLC
       D/B/A: BARTACO
          25 THOMSON PL
          BOSTON, MA 02210
          License #: LB 99287
       Holder of a Common Victualler 7 Day All Alcoholic Beverages License has petitioned
       for a change of ownership interest and a change of officers..
          Attorney: Joseph H. Devlin
Granted.","[""https://www.boston.gov/sites/default/files/file/2020/10/Board%27s%20Voting%20Agenda%2010.29.20.pdf""]",2020-2023,,,,,,,
BLB-2020-10-29-C019-ownership,BLB-2020-10-29,c0324aed6c39ec01763cf70c2172dedac66e00692e37787379105ab247e01835,https://www.boston.gov/sites/default/files/file/2020/10/Board%27s%20Voting%20Agenda%2010.29.20.pdf,LB99247,LB-99247,2020-10-29,2020-10-29,2020-10-29,4,4,6,ownership_interest,ownership_application_disposition,ownership_application_disposition,granted,Granted.,True,True,False,"[""ownership_interest_change""]","525 TREMONT ST BOSTON, MA 02116",,[],,BLB-2020-10-29-C019,BLB-2020-10-29,,,granted,,,,False,BARCELONA,"BARCELONA SOUTH END, LLC",False,,,,6,"6. BARCELONA SOUTH END, LLC
       D/B/A: BARCELONA
          525 TREMONT ST
          BOSTON, MA 02116
          License #: LB 99247
       Holder of a Common Victualler 7 Day All Alcoholic Beverages License has petitioned
       for a change of ownership interest and change of officers.
          Attorney: Joseph H. Devlin
Granted.",266bf3c7a6716d047402f56ce05dc9d05d18c0bc0d7913252cdfbe913ede46f1,,LB 99247,LB-99247,,,explicit_alcohol,,,,,LB99247,2020/ownership-interest-events.json,,licensee_entity,"BARCELONA SOUTH END, LLC",,4,,[],[],,,,,c0324aed6c39ec01763cf70c2172dedac66e00692e37787379105ab247e01835,"6. BARCELONA SOUTH END, LLC
       D/B/A: BARCELONA
          525 TREMONT ST
          BOSTON, MA 02116
          License #: LB 99247
       Holder of a Common Victualler 7 Day All Alcoholic Beverages License has petitioned
       for a change of ownership interest and change of officers.
          Attorney: Joseph H. Devlin
Granted.","[""https://www.boston.gov/sites/default/files/file/2020/10/Board%27s%20Voting%20Agenda%2010.29.20.pdf""]",2020-2023,,,,,,,
BLB-2020-10-29-C020-ownership,BLB-2020-10-29,c0324aed6c39ec01763cf70c2172dedac66e00692e37787379105ab247e01835,https://www.boston.gov/sites/default/files/file/2020/10/Board%27s%20Voting%20Agenda%2010.29.20.pdf,LB101643,LB-101643,2020-10-29,2020-10-29,2020-10-29,4,4,7,ownership_interest,ownership_application_disposition,ownership_application_disposition,granted,Granted.,True,True,False,"[""ownership_interest_change""]","1 AVENUE DE LAFAYETTE BOSTON, MA 02111",,[],,BLB-2020-10-29-C020,BLB-2020-10-29,,,granted,,,,False,HYATT REGENCY BOSTON,CHSP TRS BOSTON II LLC,False,,,,7,"7. CHSP TRS BOSTON II LLC
       D/B/A: HYATT REGENCY BOSTON
          1 AVENUE DE LAFAYETTE
          BOSTON, MA 02111
          License #: LB 101643
       Holder of an Innholder All Alcoholic Beverages License has petitioned for a change of
       officers/directors and for a change of ownership interest.
          Attorney: Joseph H. Devlin
Granted.",7439a19bea73a2e7eabb3a2f1e3044e18bc172eceed65e9d113e3fe2d3bf680a,,LB 101643,LB-101643,,,explicit_alcohol,,,,,LB101643,2020/ownership-interest-events.json,,licensee_entity,CHSP TRS BOSTON II LLC,,4,,[],[],,,,,c0324aed6c39ec01763cf70c2172dedac66e00692e37787379105ab247e01835,"7. CHSP TRS BOSTON II LLC
       D/B/A: HYATT REGENCY BOSTON
          1 AVENUE DE LAFAYETTE
          BOSTON, MA 02111
          License #: LB 101643
       Holder of an Innholder All Alcoholic Beverages License has petitioned for a change of
       officers/directors and for a change of ownership interest.
          Attorney: Joseph H. Devlin
Granted.","[""https://www.boston.gov/sites/default/files/file/2020/10/Board%27s%20Voting%20Agenda%2010.29.20.pdf""]",2020-2023,,,,,,,
BLB-2020-10-29-C024-ownership,BLB-2020-10-29,c0324aed6c39ec01763cf70c2172dedac66e00692e37787379105ab247e01835,https://www.boston.gov/sites/default/files/file/2020/10/Board%27s%20Voting%20Agenda%2010.29.20.pdf,LB99835,LB-99835,2020-10-29,2020-10-29,2020-10-29,5,5,11,ownership_interest,ownership_application_disposition,ownership_application_disposition,granted,Granted.,True,True,False,"[""stock_interest_change""]","13 15 MERIDIAN ST EAST BOSTON, MA 02128",,[],,BLB-2020-10-29-C024,BLB-2020-10-29,,,granted,,,,False,LOS ARRIEROS RESTAURANT,"LOS ARRIEROS RESTAURANT, INC.",False,,,,11,"11. LOS ARRIEROS RESTAURANT, INC.
       D/B/A: LOS ARRIEROS RESTAURANT
          13 15 MERIDIAN ST
          EAST BOSTON, MA 02128
          License #: LB 99835
       Holder of a Common Victualler 7 Day Wines & Malt w/ Liqueurs has petitioned for a
       change of officer/director and change of stock interest. Lastly has petitioned to change
       the manager of the licensed premise - From: Edgar Ospina To: Antonio Ospina.
          Attorney: Andrew F. Upton
Granted.",b3d88fc59b9081dcf22bef9d6f1f57c57de6ee75f7e4c0038adddf153e6d57b5,,LB 99835,LB-99835,,,explicit_alcohol,,,,,LB99835,2020/ownership-interest-events.json,,licensee_entity,"LOS ARRIEROS RESTAURANT, INC.",,5,,[],[],,,,,c0324aed6c39ec01763cf70c2172dedac66e00692e37787379105ab247e01835,"11. LOS ARRIEROS RESTAURANT, INC.
       D/B/A: LOS ARRIEROS RESTAURANT
          13 15 MERIDIAN ST
          EAST BOSTON, MA 02128
          License #: LB 99835
       Holder of a Common Victualler 7 Day Wines & Malt w/ Liqueurs has petitioned for a
       change of officer/director and change of stock interest. Lastly has petitioned to change
       the manager of the licensed premise - From: Edgar Ospina To: Antonio Ospina.
          Attorney: Andrew F. Upton
Granted.","[""https://www.boston.gov/sites/default/files/file/2020/10/Board%27s%20Voting%20Agenda%2010.29.20.pdf""]",2020-2023,,,,,,,
BLB-2020-10-29-C055-ownership,BLB-2020-10-29,c0324aed6c39ec01763cf70c2172dedac66e00692e37787379105ab247e01835,https://www.boston.gov/sites/default/files/file/2020/10/Board%27s%20Voting%20Agenda%2010.29.20.pdf,,,2020-10-29,2020-10-29,2020-10-29,11,11,4,ownership_interest,ownership_application_disposition,ownership_application_disposition,granted,Granted.,True,True,False,"[""stock_transfer""]",,,"[""The outgoing manager/officer is not identified as the prior stock owner; parties_before remains empty.""]",,BLB-2020-10-29-C055,BLB-2020-10-29,,,granted,,,,False,Ogawa Coffee,"Ogawa Coffee, USA, Inc.",False,,,,4,"4. Ogawa Coffee, USA, Inc. d/b/a Ogawa Coffee, 10 Milk Street, Boston, MA
              02108 has petitioned to change the manager From: Takako Oji To: Yoshinori
              Uda, secondly, has petitioned to remove officer Takako Oji, and, lastly, has
              petitioned to transfer 100% of the stock of the corporation to Yoshinori Uda.

Granted.",5986dfee8c613528736253b3edfed51ba16532281286a0910f7c96c777300ed0,,,,,,common_victualler_no_alcohol_stated,,,,,,2020/ownership-interest-events.json,,licensee_entity,"Ogawa Coffee, USA, Inc.",,11,,"[{""name"": ""Yoshinori Uda"", ""interest_percent"": 100, ""interest_quantity"": null, ""interest_unit"": null, ""role"": ""stock transferee"", ""source_quote"": ""petitioned to transfer 100% of the stock of the corporation to Yoshinori Uda.""}]",[],,,,,c0324aed6c39ec01763cf70c2172dedac66e00692e37787379105ab247e01835,"4. Ogawa Coffee, USA, Inc. d/b/a Ogawa Coffee, 10 Milk Street, Boston, MA
              02108 has petitioned to change the manager From: Takako Oji To: Yoshinori
              Uda, secondly, has petitioned to remove officer Takako Oji, and, lastly, has
              petitioned to transfer 100% of the stock of the corporation to Yoshinori Uda.

Granted.","[""https://www.boston.gov/sites/default/files/file/2020/10/Board%27s%20Voting%20Agenda%2010.29.20.pdf""]",2020-2023,,,,,,,
BLB-2020-11-05-C002-ownership,BLB-2020-11-05,18c71d84a7876865de978f351adebcfce7ddf71ddaab8790a6d095b7ef0795bc,https://www.boston.gov/sites/default/files/file/2020/11/Board%27s%20Voting%20Agenda%2011.5.20.pdf,LB99086,LB-99086,2020-11-05,2020-11-05,2020-11-05,1,1,2,ownership_interest,ownership_application_disposition,ownership_application_disposition,granted,GRANTED,True,True,False,"[""stock_transfer""]","296 HANOVER ST BOSTON, MA 02113",,[],,BLB-2020-11-05-C002,BLB-2020-11-05,,,granted,,,,False,CAFFE VITTORIA,"CAFFE VITTORIA, INC.",False,,,,2,"2.  CAFFE VITTORIA, INC.
       D/B/A: CAFFE VITTORIA
           296 HANOVER ST
           BOSTON, MA 02113
           License #: LB 99086
       Holder of a Common Victualler 7 Day All Alcoholic Beverages License has petitioned
       for a change of officers/directors and stockholders. Lastly, has petitioned for a transfer of
       stock.
       Attorney: Adam C. Ponte

       GRANTED",6be1de33cca62359f9830b91d4681dff94ee5d35c6c75a34105fcee1ebde71a9,,LB 99086,LB-99086,,,explicit_alcohol,,,,,LB99086,2020/ownership-interest-events.json,,licensee_entity,"CAFFE VITTORIA, INC.",,1,,[],[],,,,,18c71d84a7876865de978f351adebcfce7ddf71ddaab8790a6d095b7ef0795bc,"2.  CAFFE VITTORIA, INC.
       D/B/A: CAFFE VITTORIA
           296 HANOVER ST
           BOSTON, MA 02113
           License #: LB 99086
       Holder of a Common Victualler 7 Day All Alcoholic Beverages License has petitioned
       for a change of officers/directors and stockholders. Lastly, has petitioned for a transfer of
       stock.
       Attorney: Adam C. Ponte

       GRANTED","[""https://www.boston.gov/sites/default/files/file/2020/11/Board%27s%20Voting%20Agenda%2011.5.20.pdf""]",2020-2023,,,,,,,
BLB-2020-11-05-C004-ownership,BLB-2020-11-05,18c71d84a7876865de978f351adebcfce7ddf71ddaab8790a6d095b7ef0795bc,https://www.boston.gov/sites/default/files/file/2020/11/Board%27s%20Voting%20Agenda%2011.5.20.pdf,LB99007,LB-99007,2020-11-05,2020-11-05,2020-11-05,2,2,4,ownership_interest,ownership_application_disposition,ownership_application_disposition,granted,GRANTED,True,True,False,"[""stock_interest_change""]","1 INTERNATIONAL PL BOSTON, MA 02110",,[],,BLB-2020-11-05-C004,BLB-2020-11-05,,,granted,,,,False,BOSTON PALM,BOSTON PALM CORPORATION,False,,,,4,"4.  BOSTON PALM CORPORATION
       D/B/A: BOSTON PALM
       1 INTERNATIONAL PL
       BOSTON, MA 02110
       License #: LB 99007
       Holder of a Common Victualler 7 Day All Alcoholic Beverages License has petitioned for
a new officers/directors. Lastly, has petitioned for a change in Stock Interest.
       Attorney: Joseph H. Devlin


       GRANTED",4fd86e02199489d1787c2af27c4f97146b326088828262fb8d0226ceb4ff573f,,LB 99007,LB-99007,,,explicit_alcohol,,,,,LB99007,2020/ownership-interest-events.json,,licensee_entity,BOSTON PALM CORPORATION,,2,,[],[],,,,,18c71d84a7876865de978f351adebcfce7ddf71ddaab8790a6d095b7ef0795bc,"4.  BOSTON PALM CORPORATION
       D/B/A: BOSTON PALM
       1 INTERNATIONAL PL
       BOSTON, MA 02110
       License #: LB 99007
       Holder of a Common Victualler 7 Day All Alcoholic Beverages License has petitioned for
a new officers/directors. Lastly, has petitioned for a change in Stock Interest.
       Attorney: Joseph H. Devlin


       GRANTED","[""https://www.boston.gov/sites/default/files/file/2020/11/Board%27s%20Voting%20Agenda%2011.5.20.pdf""]",2020-2023,,,,,,,
BLB-2020-11-05-C005-ownership,BLB-2020-11-05,18c71d84a7876865de978f351adebcfce7ddf71ddaab8790a6d095b7ef0795bc,https://www.boston.gov/sites/default/files/file/2020/11/Board%27s%20Voting%20Agenda%2011.5.20.pdf,LB99588,LB-99588,2020-11-05,2020-11-05,2020-11-05,2,2,5,ownership_interest,ownership_application_disposition,ownership_application_disposition,granted,GRANTED,True,True,False,"[""stock_interest_change""]","50 DALTON ST BOSTON, MA 02115",,[],,BLB-2020-11-05-C005,BLB-2020-11-05,,,granted,,,,False,BUKOWSKI TAVERN,"MONTANUS, INC.",False,,,,5,"5.  MONTANUS, INC.
       D/B/A: BUKOWSKI TAVERN
           50 DALTON ST
           BOSTON, MA 02115
           License #: LB 99588
       Holder of a Common Victualler 7 Day Wines and Malt Beverages License has petitioned
       for new officer/director. Lastly, has petitioned for a change in stock interest.
       GRANTED",f303189bbb0696bc844713d6d00b83e20128b80acc1b5b103396969f3d4df2b5,,LB 99588,LB-99588,,,explicit_alcohol,,,,,LB99588,2020/ownership-interest-events.json,,licensee_entity,"MONTANUS, INC.",,2,,[],[],,,,,18c71d84a7876865de978f351adebcfce7ddf71ddaab8790a6d095b7ef0795bc,"5.  MONTANUS, INC.
       D/B/A: BUKOWSKI TAVERN
           50 DALTON ST
           BOSTON, MA 02115
           License #: LB 99588
       Holder of a Common Victualler 7 Day Wines and Malt Beverages License has petitioned
       for new officer/director. Lastly, has petitioned for a change in stock interest.
       GRANTED","[""https://www.boston.gov/sites/default/files/file/2020/11/Board%27s%20Voting%20Agenda%2011.5.20.pdf""]",2020-2023,,,,,,,
BLB-2020-12-03-C011-ownership,BLB-2020-12-03,e2a8ea18d4ec11024f95de9a008e7dbad55e5535a85406d4606d3fbdb6681b57,https://www.boston.gov/sites/default/files/file/2020/12/Board%27s%20Voting%20Agenda%2012.3.20.pdf,LB101983,LB-101983,2020-12-03,2020-12-03,2020-12-03,3,3,5,ownership_interest,ownership_application_disposition,ownership_application_disposition,granted,Granted,True,True,False,"[""ownership_interest_change""]","53 HUNTINGTON AVE. BOSTON, MA 02199",,[],,BLB-2020-12-03-C011,BLB-2020-12-03,,,granted,,,,False,Star Market,"SHAW'S SUPERMARKETS, INC.",False,,,,5,"5. SHAW'S SUPERMARKETS, INC.
      D/B/A: Star Market
         53 HUNTINGTON AVE.
         BOSTON, MA 02199
         License #: LB-101983
         Holder of a Retail Package Store All Alcoholic Beverages License has petitioned for a
      change of Officers/Directors and Change of Ownership Interest.
         Attorney: Nicholas J. Zozula
Granted",b35edcc1a2acb8112b4f473705fb2aecdc5a80dc49929526b1c82e6b0759e272,,LB-101983,LB-101983,,,explicit_alcohol,,,,,LB101983,2020/ownership-interest-events.json,,licensee_entity,"SHAW'S SUPERMARKETS, INC.",,3,,[],[],,,,,e2a8ea18d4ec11024f95de9a008e7dbad55e5535a85406d4606d3fbdb6681b57,"5. SHAW'S SUPERMARKETS, INC.
      D/B/A: Star Market
         53 HUNTINGTON AVE.
         BOSTON, MA 02199
         License #: LB-101983
         Holder of a Retail Package Store All Alcoholic Beverages License has petitioned for a
      change of Officers/Directors and Change of Ownership Interest.
         Attorney: Nicholas J. Zozula
Granted","[""https://www.boston.gov/sites/default/files/file/2020/12/Board%27s%20Voting%20Agenda%2012.3.20.pdf""]",2020-2023,,,,,,,
BLB-2020-12-03-C012-ownership,BLB-2020-12-03,e2a8ea18d4ec11024f95de9a008e7dbad55e5535a85406d4606d3fbdb6681b57,https://www.boston.gov/sites/default/files/file/2020/12/Board%27s%20Voting%20Agenda%2012.3.20.pdf,LB126385,LB-126385,2020-12-03,2020-12-03,2020-12-03,3,3,6,ownership_interest,ownership_application_disposition,ownership_application_disposition,granted,Granted,True,True,False,"[""ownership_interest_change""]","90 CAUSEWAY ST. BOSTON, MA 02114",,[],,BLB-2020-12-03-C012,BLB-2020-12-03,,,granted,,,,False,STAR MARKET,"STAR MARKETS COMPANY, INC.",False,,,,6,"6. STAR MARKETS COMPANY, INC.
      D/B/A: STAR MARKET
         90 CAUSEWAY ST.
         BOSTON, MA 02114
         License #: LB-126385
         Holder of a Retail Package Store All Alcoholic Beverages License has petitioned for a
      change of Officers/Directors and Change of Ownership Interest.
         Attorney: Nicholas J. Zozula
Granted",1e46ccc0ad492d0891ab58adaf7d90c64d4cb9162df63e5d51747ec66644a5e1,,LB-126385,LB-126385,,,explicit_alcohol,,,,,LB126385,2020/ownership-interest-events.json,,licensee_entity,"STAR MARKETS COMPANY, INC.",,3,,[],[],,,,,e2a8ea18d4ec11024f95de9a008e7dbad55e5535a85406d4606d3fbdb6681b57,"6. STAR MARKETS COMPANY, INC.
      D/B/A: STAR MARKET
         90 CAUSEWAY ST.
         BOSTON, MA 02114
         License #: LB-126385
         Holder of a Retail Package Store All Alcoholic Beverages License has petitioned for a
      change of Officers/Directors and Change of Ownership Interest.
         Attorney: Nicholas J. Zozula
Granted","[""https://www.boston.gov/sites/default/files/file/2020/12/Board%27s%20Voting%20Agenda%2012.3.20.pdf""]",2020-2023,,,,,,,
BLB-2020-12-03-C016-ownership,BLB-2020-12-03,e2a8ea18d4ec11024f95de9a008e7dbad55e5535a85406d4606d3fbdb6681b57,https://www.boston.gov/sites/default/files/file/2020/12/Board%27s%20Voting%20Agenda%2012.3.20.pdf,LB99080,LB-99080,2020-12-03,2020-12-03,2020-12-03,4,4,10,ownership_interest,ownership_application_disposition,ownership_application_disposition,granted,Granted,True,True,False,"[""ownership_interest_change""]","230 NORTHERN AVE. BOSTON, MA 02210",,"[""The source repeats ownership-interest entries for the same two Del Frisco's licenses (items 10/12 and 11/13). Each source occurrence is retained; this is not a distinct transaction count.""]",,BLB-2020-12-03-C016,BLB-2020-12-03,,,granted,,,,False,DEL FRISCO'S,"DEL FRISCO'S OF BOSTON, LLC.",False,,,,10,"10. DEL FRISCO'S OF BOSTON, LLC.
      D/B/A: DEL FRISCO'S
         230 NORTHERN AVE.
         BOSTON, MA 02210
         License #: LB-99080
         Holder of a Common Victualler 7 Day All Alcoholic Beverages License has petitioned
      for a change of Officers/Directors. Lastly, has petitioned for a change in ownership
      interest.
         Attorney: Joseph H. Devlin
Granted",cb3a578e002f286346d7970ec04e27101d4b90b6459bc922f76f9f676d0f23f0,,LB-99080,LB-99080,,,explicit_alcohol,,,,,LB99080,2020/ownership-interest-events.json,,licensee_entity,"DEL FRISCO'S OF BOSTON, LLC.",,4,,[],[],,,,,e2a8ea18d4ec11024f95de9a008e7dbad55e5535a85406d4606d3fbdb6681b57,"10. DEL FRISCO'S OF BOSTON, LLC.
      D/B/A: DEL FRISCO'S
         230 NORTHERN AVE.
         BOSTON, MA 02210
         License #: LB-99080
         Holder of a Common Victualler 7 Day All Alcoholic Beverages License has petitioned
      for a change of Officers/Directors. Lastly, has petitioned for a change in ownership
      interest.
         Attorney: Joseph H. Devlin
Granted","[""https://www.boston.gov/sites/default/files/file/2020/12/Board%27s%20Voting%20Agenda%2012.3.20.pdf""]",2020-2023,,,,,,,
BLB-2020-12-03-C017-ownership,BLB-2020-12-03,e2a8ea18d4ec11024f95de9a008e7dbad55e5535a85406d4606d3fbdb6681b57,https://www.boston.gov/sites/default/files/file/2020/12/Board%27s%20Voting%20Agenda%2012.3.20.pdf,LB99425,LB-99425,2020-12-03,2020-12-03,2020-12-03,4,4,11,ownership_interest,ownership_application_disposition,ownership_application_disposition,granted,Granted,True,True,False,"[""ownership_interest_change""]","888 BOYLSTON ST. BOSTON, MA 02199",,"[""The source repeats ownership-interest entries for the same two Del Frisco's licenses (items 10/12 and 11/13). Each source occurrence is retained; this is not a distinct transaction count.""]",,BLB-2020-12-03-C017,BLB-2020-12-03,,,granted,,,,False,DEL FRISCO'S DOUBLE EAGLE STEAKHOUSE,"DEL FRISCO'S OF BOSTON, LLC.",False,,,,11,"11. DEL FRISCO'S OF BOSTON, LLC.
      D/B/A: DEL FRISCO'S DOUBLE EAGLE STEAKHOUSE
         888 BOYLSTON ST.
         BOSTON, MA 02199
         License #: LB-99425
         Holder of a Common Victualler 7 Day All Alcoholic Beverages License has petitioned
      for a change in Ownership Interest and Change of LLC Manager.
         Attorney: Joseph H. Devlin
Granted",678d94bc63f0e08e59b324fb45dec4ee328463f9cce9f6d19dd0f96a5793483c,,LB-99425,LB-99425,,,explicit_alcohol,,,,,LB99425,2020/ownership-interest-events.json,,licensee_entity,"DEL FRISCO'S OF BOSTON, LLC.",,4,,[],[],,,,,e2a8ea18d4ec11024f95de9a008e7dbad55e5535a85406d4606d3fbdb6681b57,"11. DEL FRISCO'S OF BOSTON, LLC.
      D/B/A: DEL FRISCO'S DOUBLE EAGLE STEAKHOUSE
         888 BOYLSTON ST.
         BOSTON, MA 02199
         License #: LB-99425
         Holder of a Common Victualler 7 Day All Alcoholic Beverages License has petitioned
      for a change in Ownership Interest and Change of LLC Manager.
         Attorney: Joseph H. Devlin
Granted","[""https://www.boston.gov/sites/default/files/file/2020/12/Board%27s%20Voting%20Agenda%2012.3.20.pdf""]",2020-2023,,,,,,,
BLB-2020-12-03-C018-ownership,BLB-2020-12-03,e2a8ea18d4ec11024f95de9a008e7dbad55e5535a85406d4606d3fbdb6681b57,https://www.boston.gov/sites/default/files/file/2020/12/Board%27s%20Voting%20Agenda%2012.3.20.pdf,LB99080,LB-99080,2020-12-03,2020-12-03,2020-12-03,4,4,12,ownership_interest,ownership_application_disposition,ownership_application_disposition,granted,Granted,True,True,False,"[""ownership_interest_change""]","230 NORTHERN AVE. BOSTON, MA 02210",,"[""The source repeats ownership-interest entries for the same two Del Frisco's licenses (items 10/12 and 11/13). Each source occurrence is retained; this is not a distinct transaction count.""]",,BLB-2020-12-03-C018,BLB-2020-12-03,,,granted,,,,False,DEL FRISCO'S,"DEL FRISCO'S OF BOSTON, LLC.",False,,,,12,"12. DEL FRISCO'S OF BOSTON, LLC.
      D/B/A: DEL FRISCO'S
         230 NORTHERN AVE.
         BOSTON, MA 02210
         License #: LB-99080
         Holder of a Common Victualler 7 Day All Alcoholic Beverages License has petitioned
      for a change in Ownership Interest and Change of LLC Manager.
         Attorney: Andrew Upton
Granted",cdd3273a286263e952e719bd92229522d2e466f3969411d6d5ce65f36393af36,,LB-99080,LB-99080,,,explicit_alcohol,,,,,LB99080,2020/ownership-interest-events.json,,licensee_entity,"DEL FRISCO'S OF BOSTON, LLC.",,4,,[],[],,,,,e2a8ea18d4ec11024f95de9a008e7dbad55e5535a85406d4606d3fbdb6681b57,"12. DEL FRISCO'S OF BOSTON, LLC.
      D/B/A: DEL FRISCO'S
         230 NORTHERN AVE.
         BOSTON, MA 02210
         License #: LB-99080
         Holder of a Common Victualler 7 Day All Alcoholic Beverages License has petitioned
      for a change in Ownership Interest and Change of LLC Manager.
         Attorney: Andrew Upton
Granted","[""https://www.boston.gov/sites/default/files/file/2020/12/Board%27s%20Voting%20Agenda%2012.3.20.pdf""]",2020-2023,,,,,,,
BLB-2020-12-03-C019-ownership,BLB-2020-12-03,e2a8ea18d4ec11024f95de9a008e7dbad55e5535a85406d4606d3fbdb6681b57,https://www.boston.gov/sites/default/files/file/2020/12/Board%27s%20Voting%20Agenda%2012.3.20.pdf,LB99425,LB-99425,2020-12-03,2020-12-03,2020-12-03,4,4,13,ownership_interest,ownership_application_disposition,ownership_application_disposition,granted,Granted,True,True,False,"[""ownership_interest_change""]","888 BOYLSTON ST BOSTON, MA 02199",,"[""The source repeats ownership-interest entries for the same two Del Frisco's licenses (items 10/12 and 11/13). Each source occurrence is retained; this is not a distinct transaction count.""]",,BLB-2020-12-03-C019,BLB-2020-12-03,,,granted,,,,False,DEL FRISCO'S DOUBLE EAGLE STEAKHOUSE,"DEL FRISCO'S OF BOSTON, LLC.",False,,,,13,"13. DEL FRISCO'S OF BOSTON, LLC.
      D/B/A: DEL FRISCO'S DOUBLE EAGLE STEAKHOUSE
         888 BOYLSTON ST
         BOSTON, MA 02199
         License #: LB-99425
         Holder of a Common Victualler 7 Day All Alcoholic Beverages License has petitioned
      for a change in Ownership Interest and Change of LLC Manager.
         Attorney: Andrew Upton
Granted",0965421c8c6011b3bfac5157e69db07a908ffe93672d3326c981308efc0c443a,,LB-99425,LB-99425,,,explicit_alcohol,,,,,LB99425,2020/ownership-interest-events.json,,licensee_entity,"DEL FRISCO'S OF BOSTON, LLC.",,4,,[],[],,,,,e2a8ea18d4ec11024f95de9a008e7dbad55e5535a85406d4606d3fbdb6681b57,"13. DEL FRISCO'S OF BOSTON, LLC.
      D/B/A: DEL FRISCO'S DOUBLE EAGLE STEAKHOUSE
         888 BOYLSTON ST
         BOSTON, MA 02199
         License #: LB-99425
         Holder of a Common Victualler 7 Day All Alcoholic Beverages License has petitioned
      for a change in Ownership Interest and Change of LLC Manager.
         Attorney: Andrew Upton
Granted","[""https://www.boston.gov/sites/default/files/file/2020/12/Board%27s%20Voting%20Agenda%2012.3.20.pdf""]",2020-2023,,,,,,,
BLB-2020-12-03-C020-ownership,BLB-2020-12-03,e2a8ea18d4ec11024f95de9a008e7dbad55e5535a85406d4606d3fbdb6681b57,https://www.boston.gov/sites/default/files/file/2020/12/Board%27s%20Voting%20Agenda%2012.3.20.pdf,LB99131,LB-99131,2020-12-03,2020-12-03,2020-12-03,4,5,14,ownership_interest,ownership_application_disposition,ownership_application_disposition,granted,Granted,True,True,False,"[""stock_interest_change""]","85-87 MAIN ST. CHARLESTOWN, MA 02129",,[],,BLB-2020-12-03-C020,BLB-2020-12-03,,,granted,,,,False,SULLIVAN'S PUB,"SULLIVAN'S PUB OF CHARLESTOWN, INC.",False,,,,14,"14. SULLIVAN'S PUB OF CHARLESTOWN, INC.
       D/B/A: SULLIVAN'S PUB
          85-87 MAIN ST.
          CHARLESTOWN, MA 02129
          License #: LB-99131
          Holder of a Common Victualler 7 Day All Alcoholic Beverages License has petitioned
       for a change in Officer/Director/Stockholder. Secondly, has petitioned to change the
       Manager – From: John T. Sullivan Senior To: John T. Sullivan Junior. Lastly, has
       petitioned for a change of Stock Interest.
          Attorney: Michael H. Riley
Granted",a67cd517765562e725e8258baa7c1431730cfa48ace12b418dfc57fcde5e7668,,LB-99131,LB-99131,,,explicit_alcohol,,,,,LB99131,2020/ownership-interest-events.json,,licensee_entity,"SULLIVAN'S PUB OF CHARLESTOWN, INC.",,4,,[],[],,,,,e2a8ea18d4ec11024f95de9a008e7dbad55e5535a85406d4606d3fbdb6681b57,"14. SULLIVAN'S PUB OF CHARLESTOWN, INC.
       D/B/A: SULLIVAN'S PUB
          85-87 MAIN ST.
          CHARLESTOWN, MA 02129
          License #: LB-99131
          Holder of a Common Victualler 7 Day All Alcoholic Beverages License has petitioned
       for a change in Officer/Director/Stockholder. Secondly, has petitioned to change the
       Manager – From: John T. Sullivan Senior To: John T. Sullivan Junior. Lastly, has
       petitioned for a change of Stock Interest.
          Attorney: Michael H. Riley
Granted","[""https://www.boston.gov/sites/default/files/file/2020/12/Board%27s%20Voting%20Agenda%2012.3.20.pdf""]",2020-2023,,,,,,,
BLB-2020-12-23-C010-ownership,BLB-2020-12-23,17a0bffd6a97728098e90ee09bc79c8ed1e4b6b07ce411040065b7486c1d6455,https://www.boston.gov/sites/default/files/file/2020/12/Board%27s%20Voting%20Agenda%2012.23.20.pdf,LB99445,LB-99445,2020-12-23,2020-12-23,2020-12-23,3,3,10,ownership_interest,ownership_application_disposition,ownership_application_disposition,granted,GRANTED,True,True,False,"[""ownership_interest_change""]","2 SEAPORT LN BOSTON, MA 02210",,[],,BLB-2020-12-23-C010,BLB-2020-12-23,,,granted,,,,False,MORTON'S STEAKHOUSE,"MORTON'S OF CHICAGO/BOSTON SEAPORT, LLC.",False,,,,10,"10. MORTON'S OF CHICAGO/BOSTON SEAPORT, LLC.
      D/B/A: MORTON'S STEAKHOUSE
         2 SEAPORT LN
         BOSTON, MA 02210
         License #: LB-99445
         Holder of a Common Victualler 7 Day All Alcoholic Beverages License has petitioned
      for a change of ownership interest.
         Attorney: Joseph H. Devlin

GRANTED",dd38c2f2c5609efe2f91b6fe51d3f053b9aaa411fb86946858b7e3422df39607,,LB-99445,LB-99445,,,explicit_alcohol,,,,,LB99445,2020/ownership-interest-events.json,,licensee_entity,"MORTON'S OF CHICAGO/BOSTON SEAPORT, LLC.",,3,,[],[],,,,,17a0bffd6a97728098e90ee09bc79c8ed1e4b6b07ce411040065b7486c1d6455,"10. MORTON'S OF CHICAGO/BOSTON SEAPORT, LLC.
      D/B/A: MORTON'S STEAKHOUSE
         2 SEAPORT LN
         BOSTON, MA 02210
         License #: LB-99445
         Holder of a Common Victualler 7 Day All Alcoholic Beverages License has petitioned
      for a change of ownership interest.
         Attorney: Joseph H. Devlin

GRANTED","[""https://www.boston.gov/sites/default/files/file/2020/12/Board%27s%20Voting%20Agenda%2012.23.20.pdf""]",2020-2023,,,,,,,
BLB-2020-12-23-C012-ownership,BLB-2020-12-23,17a0bffd6a97728098e90ee09bc79c8ed1e4b6b07ce411040065b7486c1d6455,https://www.boston.gov/sites/default/files/file/2020/12/Board%27s%20Voting%20Agenda%2012.23.20.pdf,LB99488,LB-99488,2020-12-23,2020-12-23,2020-12-23,3,4,12,ownership_interest,ownership_application_disposition,ownership_application_disposition,granted,GRANTED,True,True,False,"[""ownership_interest_change""]","490 HARRISON AVE ROXBURY, MA 02118",,[],,BLB-2020-12-23-C012,BLB-2020-12-23,,,granted,,,,False,CINQUECENTO,"SOUTH END JOINT VENTURE III, LLC.",False,,,,12,"12. SOUTH END JOINT VENTURE III, LLC.
      D/B/A: CINQUECENTO
        490 HARRISON AVE
        ROXBURY, MA 02118
        License #: LB-99488
        Holder of a Restricted 7 Day All Alcoholic Beverages License has petitioned for a
      change of Officer/Director/LLC Manager, and a change in Ownership Interest. Lastly,
      has petitioned for a change in the DBA – From: Cinquecento To: Roma 500.
        Attorney: Alec Bonelli

GRANTED",c607f09f000b2e34694f7b3575356379ec2d7348e166393d7df2984b1c1ac49c,,LB-99488,LB-99488,,,explicit_alcohol,,,,,LB99488,2020/ownership-interest-events.json,,licensee_entity,"SOUTH END JOINT VENTURE III, LLC.",,3,,[],[],,,,,17a0bffd6a97728098e90ee09bc79c8ed1e4b6b07ce411040065b7486c1d6455,"12. SOUTH END JOINT VENTURE III, LLC.
      D/B/A: CINQUECENTO
        490 HARRISON AVE
        ROXBURY, MA 02118
        License #: LB-99488
        Holder of a Restricted 7 Day All Alcoholic Beverages License has petitioned for a
      change of Officer/Director/LLC Manager, and a change in Ownership Interest. Lastly,
      has petitioned for a change in the DBA – From: Cinquecento To: Roma 500.
        Attorney: Alec Bonelli

GRANTED","[""https://www.boston.gov/sites/default/files/file/2020/12/Board%27s%20Voting%20Agenda%2012.23.20.pdf""]",2020-2023,,,,,,,
BLB-2021-01-28-c010-ownership,BLB-2021-01-28,49f97a49dae4e6f1cf8d07fc685ee120f5627707b6486e398e903aa2471518ec,https://www.boston.gov/sites/default/files/file/2021/02/Board%27s%20Voting%20Agenda%201.28.21.pdf,LB101622,LB-101622,2021-01-28,2021-01-28,2021-01-28,3,3,4,ownership_interest,ownership_application_disposition,ownership_application_disposition,granted,GRANTED,True,True,False,"[""ownership_interest_change""]",,,"[""Board approval alone does not establish a completed equity transaction, current ownership/control, or private-equity sponsorship."", ""No shareholder/beneficial-owner names or ownership percentages are stated for this action; manager names are not substituted.""]",,BLB-2021-01-28-c010,BLB-2021-01-28,,,granted,,,,False,LENOX HOTEL,"THE LENOX HOTEL, L.L.C.",False,,,,4,"4. THE LENOX HOTEL, L.L.C.
D/B/A: LENOX HOTEL
   61-69 EXETER ST
   BOSTON, MA 02116
   License #: LB-101622
   Holder of an Innholder All Alcoholic Beverages License has petitioned to change the
manager of the licensed business – From: Jeffrey G. Saunders To: Gary L. Saunders.
Secondly, has petitioned for a change in Officer/Director. Lastly, has petitioned for a
change in Ownership Interest.
GRANTED",5f7691dd720208b25e435f49bee93ecac9bf5c7fbe1b2cd249cb1c9591167c47,,,LB101622,,,explicit_alcohol,,,,,LB101622,2021/ownership-interest-events.json,,,"THE LENOX HOTEL, L.L.C.",licensee_entity,3,"{""licensee"": ""THE LENOX HOTEL, L.L.C.""}",[],[],,,reviewed_against_full_candidate_and_source_context,,49f97a49dae4e6f1cf8d07fc685ee120f5627707b6486e398e903aa2471518ec,"4. THE LENOX HOTEL, L.L.C.
D/B/A: LENOX HOTEL
   61-69 EXETER ST
   BOSTON, MA 02116
   License #: LB-101622
   Holder of an Innholder All Alcoholic Beverages License has petitioned to change the
manager of the licensed business – From: Jeffrey G. Saunders To: Gary L. Saunders.
Secondly, has petitioned for a change in Officer/Director. Lastly, has petitioned for a
change in Ownership Interest.
GRANTED","[""https://www.boston.gov/sites/default/files/file/2021/02/Board%27s%20Voting%20Agenda%201.28.21.pdf""]",2020-2023,,,,,,,
BLB-2021-01-28-c012-ownership,BLB-2021-01-28,49f97a49dae4e6f1cf8d07fc685ee120f5627707b6486e398e903aa2471518ec,https://www.boston.gov/sites/default/files/file/2021/02/Board%27s%20Voting%20Agenda%201.28.21.pdf,LB409585,LB-409585,2021-01-28,2021-01-28,2021-01-28,3,3,6,ownership_interest,ownership_application_disposition,ownership_application_disposition,granted,GRANTED,True,True,False,"[""stock_interest_change""]",,,"[""Board approval alone does not establish a completed equity transaction, current ownership/control, or private-equity sponsorship."", ""No shareholder/beneficial-owner names or ownership percentages are stated for this action; manager names are not substituted.""]",,BLB-2021-01-28-c012,BLB-2021-01-28,,,granted,,,,False,The Pearl,"The Pearl, Seafood Grill and Raw Bar, Inc.",False,,,,6,"6. The Pearl, Seafood Grill and Raw Bar, Inc.
D/B/A: The Pearl
   20B DISTRICT AVE
   DORCHESTER, MA 02125
   License #: LB-409585
   Holder of a (South Bay Restricted) Common Victualler 7 Day All Alcoholic Beverages
License has petitioned for a Change in Stock Interest.
   Attorney: Stephen V. Miller
GRANTED",51a5fd1414e3e1f7f77c4b511b84b3ca3592380006d3c696bc382cd9380769a8,,,LB409585,,,explicit_alcohol,,,,,LB409585,2021/ownership-interest-events.json,,,"The Pearl, Seafood Grill and Raw Bar, Inc.",licensee_entity,3,"{""licensee"": ""The Pearl, Seafood Grill and Raw Bar, Inc.""}",[],[],,,reviewed_against_full_candidate_and_source_context,,49f97a49dae4e6f1cf8d07fc685ee120f5627707b6486e398e903aa2471518ec,"6. The Pearl, Seafood Grill and Raw Bar, Inc.
D/B/A: The Pearl
   20B DISTRICT AVE
   DORCHESTER, MA 02125
   License #: LB-409585
   Holder of a (South Bay Restricted) Common Victualler 7 Day All Alcoholic Beverages
License has petitioned for a Change in Stock Interest.
   Attorney: Stephen V. Miller
GRANTED","[""https://www.boston.gov/sites/default/files/file/2021/02/Board%27s%20Voting%20Agenda%201.28.21.pdf""]",2020-2023,,,,,,,
BLB-2021-02-04-c008-ownership,BLB-2021-02-04,f2c5775f180290a11fa4bbac4155c9e4e595e85cac06dbfa114e1283103348c6,https://www.boston.gov/sites/default/files/file/2021/02/Board%27s%20Voting%20Agenda%202.4.21.pdf,LB99575,LB-99575,2021-02-04,2021-02-04,2021-02-04,3,3,6,ownership_interest,ownership_application_disposition,ownership_application_disposition,granted,GRANTED,True,True,False,"[""ownership_interest_change"", ""stock_interest_change"", ""new_stockholders""]",,,"[""Board approval alone does not establish a completed equity transaction, current ownership/control, or private-equity sponsorship."", ""No shareholder/beneficial-owner names or ownership percentages are stated for this action; manager names are not substituted.""]",,BLB-2021-02-04-c008,BLB-2021-02-04,,,granted,,,,False,HOUSE OF SIAM,THAILAND INTERNATIONAL CORPORATION,False,,,,6,"6. THAILAND INTERNATIONAL CORPORATION
D/B/A: HOUSE OF SIAM
   542 COLUMBUS AVE
   ROXBURY, MA 02118
   License #: LB-99575
   Holder of a Common Victualler 7 Day All-Alcoholic Beverages License has petitioned
for a change of Officers/Directors and New Stockholders. Secondly, has petitioned for a
change of Stock/Ownership Interest. Lastly, has petitioned to change the manager of the
licensed business – From: James Rodgers To: Patchara Srisuk.
   Attorney: Khuong Nguyen
GRANTED",316b56daa7067a2b3e2d7b624e8ed3b129eadbbd715051bf3a7dfdb181d4c27c,,,LB99575,,,explicit_alcohol,,,,,LB99575,2021/ownership-interest-events.json,,,THAILAND INTERNATIONAL CORPORATION,licensee_entity,3,"{""licensee"": ""THAILAND INTERNATIONAL CORPORATION""}",[],[],,,reviewed_against_full_candidate_and_source_context,,f2c5775f180290a11fa4bbac4155c9e4e595e85cac06dbfa114e1283103348c6,"6. THAILAND INTERNATIONAL CORPORATION
D/B/A: HOUSE OF SIAM
   542 COLUMBUS AVE
   ROXBURY, MA 02118
   License #: LB-99575
   Holder of a Common Victualler 7 Day All-Alcoholic Beverages License has petitioned
for a change of Officers/Directors and New Stockholders. Secondly, has petitioned for a
change of Stock/Ownership Interest. Lastly, has petitioned to change the manager of the
licensed business – From: James Rodgers To: Patchara Srisuk.
   Attorney: Khuong Nguyen
GRANTED","[""https://www.boston.gov/sites/default/files/file/2021/02/Board%27s%20Voting%20Agenda%202.4.21.pdf""]",2020-2023,,,,,,,
BLB-2021-02-25-c015-ownership,BLB-2021-02-25,976218dee1acb19687b9d0e7752e7bb30b2616d22c70211b7954c1801d4f7950,https://www.boston.gov/sites/default/files/file/2021/03/Board%20Voting%20Agenda%202.25.21.pdf,LB101976,LB-101976,2021-02-25,2021-02-25,2021-02-25,5,5,8,ownership_interest,ownership_application_disposition,ownership_application_disposition,granted,GRANTED,True,True,False,"[""stock_interest_change""]",,,"[""Board approval alone does not establish a completed equity transaction, current ownership/control, or private-equity sponsorship."", ""No shareholder/beneficial-owner names or ownership percentages are stated for this action; manager names are not substituted.""]",,BLB-2021-02-25-c015,BLB-2021-02-25,,,granted,,,,False,RUGGIERO'S MARKET,"NEW JAMAICA PLAIN MARKET, INC.",False,,,,8,"8. NEW JAMAICA PLAIN MARKET, INC.
D/B/A: RUGGIERO'S MARKET
   3345 WASHINGTON ST
   JAMAICA PLAIN, MA 02130
   License #: LB-101976
   Holder of a Retail Package Store All Alcoholic Beverages License has petitioned for a
Change in Stock Interest. Attorney: John M. Mooradian

GRANTED",56b6d635343215f5839d70822f2999c0e599216293eba1f54a97ad957d8550f7,,,LB101976,,,explicit_alcohol,,,,,LB101976,2021/ownership-interest-events.json,,,"NEW JAMAICA PLAIN MARKET, INC.",licensee_entity,5,"{""licensee"": ""NEW JAMAICA PLAIN MARKET, INC.""}",[],[],,,reviewed_against_full_candidate_and_source_context,,976218dee1acb19687b9d0e7752e7bb30b2616d22c70211b7954c1801d4f7950,"8. NEW JAMAICA PLAIN MARKET, INC.
D/B/A: RUGGIERO'S MARKET
   3345 WASHINGTON ST
   JAMAICA PLAIN, MA 02130
   License #: LB-101976
   Holder of a Retail Package Store All Alcoholic Beverages License has petitioned for a
Change in Stock Interest. Attorney: John M. Mooradian

GRANTED","[""https://www.boston.gov/sites/default/files/file/2021/03/Board%20Voting%20Agenda%202.25.21.pdf""]",2020-2023,,,,,,,
BLB-2021-02-25-c016-ownership,BLB-2021-02-25,976218dee1acb19687b9d0e7752e7bb30b2616d22c70211b7954c1801d4f7950,https://www.boston.gov/sites/default/files/file/2021/03/Board%20Voting%20Agenda%202.25.21.pdf,LB101982,LB-101982,2021-02-25,2021-02-25,2021-02-25,5,5,9,ownership_interest,ownership_application_disposition,ownership_application_disposition,granted,GRANTED,True,True,False,"[""ownership_interest_change"", ""stock_interest_change""]",,,"[""Board approval alone does not establish a completed equity transaction, current ownership/control, or private-equity sponsorship."", ""No shareholder/beneficial-owner names or ownership percentages are stated for this action; manager names are not substituted.""]",,BLB-2021-02-25-c016,BLB-2021-02-25,,,granted,,,,False,NORTH STATION LIQUORS,"S&H NORTH STATION, INC.",False,,,,9,"9. S&H NORTH STATION, INC.
D/B/A: NORTH STATION LIQUORS
   103 CAUSEWAY ST
   BOSTON, MA 02114
   License #: LB-101982
   Holder of a Retail Package Store All Alcoholic Beverages License has petitioned for a
change of Officer/Director. Lastly, has petitioned for a transfer of Stock/Ownership
Interest.
   Attorney: John M. Mooradian

GRANTED",daadef22b19c94e28442acfbd36df07a03919656a16cf625e05382c09454c1b3,,,LB101982,,,explicit_alcohol,,,,,LB101982,2021/ownership-interest-events.json,,,"S&H NORTH STATION, INC.",licensee_entity,5,"{""licensee"": ""S&H NORTH STATION, INC.""}",[],[],,,reviewed_against_full_candidate_and_source_context,,976218dee1acb19687b9d0e7752e7bb30b2616d22c70211b7954c1801d4f7950,"9. S&H NORTH STATION, INC.
D/B/A: NORTH STATION LIQUORS
   103 CAUSEWAY ST
   BOSTON, MA 02114
   License #: LB-101982
   Holder of a Retail Package Store All Alcoholic Beverages License has petitioned for a
change of Officer/Director. Lastly, has petitioned for a transfer of Stock/Ownership
Interest.
   Attorney: John M. Mooradian

GRANTED","[""https://www.boston.gov/sites/default/files/file/2021/03/Board%20Voting%20Agenda%202.25.21.pdf""]",2020-2023,,,,,,,
BLB-2021-03-04-c010-ownership,BLB-2021-03-04,8f5a7869c160824a34d811c3261a4be2ccd1b994be0e526890bbccf19dde0fd6,https://www.boston.gov/sites/default/files/file/2021/03/Board%20Voting%20Agenda%203.4.21.pdf,LB99769,LB-99769,2021-03-04,2021-03-04,2021-03-04,3,3,8,ownership_interest,ownership_application_disposition,ownership_application_disposition,granted,GRANTED,True,True,False,"[""ownership_interest_change"", ""stock_interest_change""]",,,"[""Board approval alone does not establish a completed equity transaction, current ownership/control, or private-equity sponsorship."", ""No shareholder/beneficial-owner names or ownership percentages are stated for this action; manager names are not substituted.""]",,BLB-2021-03-04-c010,BLB-2021-03-04,,,granted,,,,False,PETIT ROBERT BISTRO,"PETIT ROBERT, INC.",False,,,,8,"8. PETIT ROBERT, INC.
   D/B/A: PETIT ROBERT BISTRO
   480 COLUMBUS AVE
   ROXBURY, MA 02118
   License #: LB-99769
   Holder of a Common Victualler 7-Day Wines and Malt Beverages w/ Liqueurs License
   has petitioned for a change in Officers/Directors of the corporation. Lastly, has petitioned
   for a change of Stock Ownership/Interest.
   Attorney: Andrew F. Upton
   GRANTED",5de4a37f7777c86073c16a2f53991da9f4c6b35c43da9c71d152104b3fd9fc22,,,LB99769,,,explicit_alcohol,,,,,LB99769,2021/ownership-interest-events.json,,,"PETIT ROBERT, INC.",licensee_entity,3,"{""licensee"": ""PETIT ROBERT, INC.""}",[],[],,,reviewed_against_full_candidate_and_source_context,,8f5a7869c160824a34d811c3261a4be2ccd1b994be0e526890bbccf19dde0fd6,"8. PETIT ROBERT, INC.
   D/B/A: PETIT ROBERT BISTRO
   480 COLUMBUS AVE
   ROXBURY, MA 02118
   License #: LB-99769
   Holder of a Common Victualler 7-Day Wines and Malt Beverages w/ Liqueurs License
   has petitioned for a change in Officers/Directors of the corporation. Lastly, has petitioned
   for a change of Stock Ownership/Interest.
   Attorney: Andrew F. Upton
   GRANTED","[""https://www.boston.gov/sites/default/files/file/2021/03/Board%20Voting%20Agenda%203.4.21.pdf""]",2020-2023,,,,,,,
BLB-2021-03-04-c011-ownership,BLB-2021-03-04,8f5a7869c160824a34d811c3261a4be2ccd1b994be0e526890bbccf19dde0fd6,https://www.boston.gov/sites/default/files/file/2021/03/Board%20Voting%20Agenda%203.4.21.pdf,LB99579,LB-99579,2021-03-04,2021-03-04,2021-03-04,3,3,9,ownership_interest,ownership_application_disposition,ownership_application_disposition,granted,GRANTED,True,True,False,"[""ownership_interest_change"", ""stock_interest_change""]",,,"[""Board approval alone does not establish a completed equity transaction, current ownership/control, or private-equity sponsorship."", ""No shareholder/beneficial-owner names or ownership percentages are stated for this action; manager names are not substituted.""]",,BLB-2021-03-04-c011,BLB-2021-03-04,,,granted,,,,False,HOUSE OF SIAM ON TREMONT,HOUSE OF SIAM INC.,False,,,,9,"9. HOUSE OF SIAM INC.
   D/B/A: HOUSE OF SIAM ON TREMONT
   592A - 592 TREMONT ST
   ROXBURY, MA 02118
   License #: LB-99579
   Holder of a Common Victualler 7 Day Wines and Malt Beverages License has petitioned
   for a change of Officers/Directors of the Corporation. Secondly, has petitioned for a
   change of Stock/Ownership Interest. Lastly, has petitioned to change the manager of the
   licensed business – From: James Rodgers To: Patchara Srisuk.
   Attorney: Khuong Nguyen
   GRANTED",00c53ca3c3109a622fe69257c7ee8f2afda257a99dbd31a63a864936f2e522e4,,,LB99579,,,explicit_alcohol,,,,,LB99579,2021/ownership-interest-events.json,,,HOUSE OF SIAM INC.,licensee_entity,3,"{""licensee"": ""HOUSE OF SIAM INC.""}",[],[],,,reviewed_against_full_candidate_and_source_context,,8f5a7869c160824a34d811c3261a4be2ccd1b994be0e526890bbccf19dde0fd6,"9. HOUSE OF SIAM INC.
   D/B/A: HOUSE OF SIAM ON TREMONT
   592A - 592 TREMONT ST
   ROXBURY, MA 02118
   License #: LB-99579
   Holder of a Common Victualler 7 Day Wines and Malt Beverages License has petitioned
   for a change of Officers/Directors of the Corporation. Secondly, has petitioned for a
   change of Stock/Ownership Interest. Lastly, has petitioned to change the manager of the
   licensed business – From: James Rodgers To: Patchara Srisuk.
   Attorney: Khuong Nguyen
   GRANTED","[""https://www.boston.gov/sites/default/files/file/2021/03/Board%20Voting%20Agenda%203.4.21.pdf""]",2020-2023,,,,,,,
BLB-2021-04-01-c020-ownership,BLB-2021-04-01,ae72f5790d5f45c77a4bb1b615c159e98fc344b9f8c0c7ed99c1408c8228c353,https://www.boston.gov/sites/default/files/file/2021/04/Board%20Voting%20Agenda%204.1.21.pdf,LB99057,LB-99057,2021-04-01,2021-04-01,2021-04-01,6,6,14,ownership_interest,ownership_application_disposition,ownership_application_disposition,granted,GRANTED,True,True,False,"[""stock_interest_change""]",,,"[""Board approval alone does not establish a completed equity transaction, current ownership/control, or private-equity sponsorship."", ""No shareholder/beneficial-owner names or ownership percentages are stated for this action; manager names are not substituted.""]",,BLB-2021-04-01-c020,BLB-2021-04-01,,,granted,,,,False,,JABC CORP.,False,,,,14,"14. JABC CORP.
D/B/A:
  658-660 E BROADWAY
  SOUTH BOSTON, MA 02127
  License #: LB-99057
  Holder of a Common Victualler 7 Day All Alcoholic Beverages License has petitioned for a
Change in Stock Interest.
  Attorney: Steffani Boudreau
GRANTED",671ed5cd5ac62d0f68b9a66609162f9a895ef875042a04c36ce124c31384d32a,,,LB99057,,,explicit_alcohol,,,,,LB99057,2021/ownership-interest-events.json,,,JABC CORP.,licensee_entity,6,"{""licensee"": ""JABC CORP.""}",[],[],,,reviewed_against_full_candidate_and_source_context,,ae72f5790d5f45c77a4bb1b615c159e98fc344b9f8c0c7ed99c1408c8228c353,"14. JABC CORP.
D/B/A:
  658-660 E BROADWAY
  SOUTH BOSTON, MA 02127
  License #: LB-99057
  Holder of a Common Victualler 7 Day All Alcoholic Beverages License has petitioned for a
Change in Stock Interest.
  Attorney: Steffani Boudreau
GRANTED","[""https://www.boston.gov/sites/default/files/file/2021/04/Board%20Voting%20Agenda%204.1.21.pdf""]",2020-2023,,,,,,,
BLB-2021-04-08-v1-c009-ownership,BLB-2021-04-08-v1,133830192dfae30ffbcd6c81c98275f63ec1bbe24e6995c177104f3f0863a5cf,https://www.boston.gov/sites/default/files/file/2021/04/Board%20Voting%20Agenda%204.8.21_0.pdf,LB138888,LB-138888,2021-04-08,2021-04-08,2021-04-08,2,3,8,ownership_interest,ownership_application_disposition,ownership_application_disposition,granted,GRANTED,True,True,False,"[""ownership_interest_change""]",,,"[""Board approval alone does not establish a completed equity transaction, current ownership/control, or private-equity sponsorship."", ""No shareholder/beneficial-owner names or ownership percentages are stated for this action; manager names are not substituted.""]",,BLB-2021-04-08-v1-c009,BLB-2021-04-08-v1,,,granted,,,,False,ROZA LYONS,JIMOTHY LLC,False,,,,8,"8. JIMOTHY LLC
D/B/A: ROZA LYONS

  709 E BROADWAY
  SOUTH BOSTON, MA 02127
  License #: LB-138888
  Holder of a Common Victualler 7 Day Wines & Malt Beverages w/ Liqueurs License
has petitioned for a change of
  Ownership Interest.
  Attorney: Kristen L. Scanlon
GRANTED",64f83a6974f1bc0246c1bad446f637928c7bf77a7fa69ac62e74865c8ee2786d,,,LB138888,,,explicit_alcohol,,,,,LB138888,2021/ownership-interest-events.json,,,JIMOTHY LLC,licensee_entity,2,"{""licensee"": ""JIMOTHY LLC""}",[],[],,,reviewed_against_full_candidate_and_source_context,,133830192dfae30ffbcd6c81c98275f63ec1bbe24e6995c177104f3f0863a5cf,"8. JIMOTHY LLC
D/B/A: ROZA LYONS

  709 E BROADWAY
  SOUTH BOSTON, MA 02127
  License #: LB-138888
  Holder of a Common Victualler 7 Day Wines & Malt Beverages w/ Liqueurs License
has petitioned for a change of
  Ownership Interest.
  Attorney: Kristen L. Scanlon
GRANTED","[""https://www.boston.gov/sites/default/files/file/2021/04/Board%20Voting%20Agenda%204.8.21_0.pdf"", ""https://www.boston.gov/sites/default/files/file/2021/04/Board%20Voting%20Agenda%204.8.21.pdf""]",2020-2023,,,,,,,
BLB-2021-04-08-v1-c010-ownership,BLB-2021-04-08-v1,133830192dfae30ffbcd6c81c98275f63ec1bbe24e6995c177104f3f0863a5cf,https://www.boston.gov/sites/default/files/file/2021/04/Board%20Voting%20Agenda%204.8.21_0.pdf,LB99636,LB-99636,2021-04-08,2021-04-08,2021-04-08,3,3,9,ownership_interest,ownership_application_disposition,ownership_application_disposition,granted,GRANTED,True,True,False,"[""ownership_interest_change"", ""stock_interest_change""]",,,"[""Board approval alone does not establish a completed equity transaction, current ownership/control, or private-equity sponsorship."", ""No shareholder/beneficial-owner names or ownership percentages are stated for this action; manager names are not substituted.""]",,BLB-2021-04-08-v1-c010,BLB-2021-04-08-v1,,,granted,,,,False,SOUTH BOSTON CANDLEPINS,"SOUTH BOSTON CANDLEPINS, INC.",False,,,,9,"9. SOUTH BOSTON CANDLEPINS, INC.
D/B/A: SOUTH BOSTON CANDLEPINS
   543 E BROADWAY
   SOUTH BOSTON, MA 02127
   License #: LB- 99636
   Holder of a Common Victualler 7 Day Wines & Malt Beverages License has petitioned
for a change of Officers/Directors of
   the Corporation. Secondly, has petitioned for a change of Stock Interest. Lastly, has
petitioned for a change in Ownership Interest.
GRANTED",79ef8c1c30e3042a89946aad6ba1e83763b8e6010dd93a7123b6499937c57b7e,,,LB99636,,,explicit_alcohol,,,,,LB99636,2021/ownership-interest-events.json,,,"SOUTH BOSTON CANDLEPINS, INC.",licensee_entity,3,"{""licensee"": ""SOUTH BOSTON CANDLEPINS, INC.""}",[],[],,,reviewed_against_full_candidate_and_source_context,,133830192dfae30ffbcd6c81c98275f63ec1bbe24e6995c177104f3f0863a5cf,"9. SOUTH BOSTON CANDLEPINS, INC.
D/B/A: SOUTH BOSTON CANDLEPINS
   543 E BROADWAY
   SOUTH BOSTON, MA 02127
   License #: LB- 99636
   Holder of a Common Victualler 7 Day Wines & Malt Beverages License has petitioned
for a change of Officers/Directors of
   the Corporation. Secondly, has petitioned for a change of Stock Interest. Lastly, has
petitioned for a change in Ownership Interest.
GRANTED","[""https://www.boston.gov/sites/default/files/file/2021/04/Board%20Voting%20Agenda%204.8.21_0.pdf"", ""https://www.boston.gov/sites/default/files/file/2021/04/Board%20Voting%20Agenda%204.8.21.pdf""]",2020-2023,,,,,,,
BLB-2021-04-08-v1-c011-ownership,BLB-2021-04-08-v1,133830192dfae30ffbcd6c81c98275f63ec1bbe24e6995c177104f3f0863a5cf,https://www.boston.gov/sites/default/files/file/2021/04/Board%20Voting%20Agenda%204.8.21_0.pdf,LB99537,LB-99537,2021-04-08,2021-04-08,2021-04-08,3,3,10,ownership_interest,ownership_application_disposition,ownership_application_disposition,granted,GRANTED,True,True,False,"[""stock_interest_change""]",,,"[""Board approval alone does not establish a completed equity transaction, current ownership/control, or private-equity sponsorship."", ""No shareholder/beneficial-owner names or ownership percentages are stated for this action; manager names are not substituted.""]",,BLB-2021-04-08-v1-c011,BLB-2021-04-08-v1,,,granted,,,,False,L STREET DINER & PIZZERIA,AOB CORP.,False,,,,10,"10. AOB CORP.
D/B/A: L STREET DINER & PIZZERIA
   108 L ST
   SOUTH BOSTON, MA 02127
   License #: LB-99537
   Holder of a Common Victualler 7 Day Wines & Malt Beverages License has petitioned
for a change of Officers/Directors of
   the Corporation. Secondly, has petitioned for a change of Stock Interest. Lastly, has
petitioned to change the manager of
   the licensed business – From: Arjan Hysenaj To: Hani Yousef.
   Attorney: Thomas T. Truax
GRANTED",bfdf08791c4d3adfdd4d0f9cd104f35077986adb529c9437191e53ad47e5c584,,,LB99537,,,explicit_alcohol,,,,,LB99537,2021/ownership-interest-events.json,,,AOB CORP.,licensee_entity,3,"{""licensee"": ""AOB CORP.""}",[],[],,,reviewed_against_full_candidate_and_source_context,,133830192dfae30ffbcd6c81c98275f63ec1bbe24e6995c177104f3f0863a5cf,"10. AOB CORP.
D/B/A: L STREET DINER & PIZZERIA
   108 L ST
   SOUTH BOSTON, MA 02127
   License #: LB-99537
   Holder of a Common Victualler 7 Day Wines & Malt Beverages License has petitioned
for a change of Officers/Directors of
   the Corporation. Secondly, has petitioned for a change of Stock Interest. Lastly, has
petitioned to change the manager of
   the licensed business – From: Arjan Hysenaj To: Hani Yousef.
   Attorney: Thomas T. Truax
GRANTED","[""https://www.boston.gov/sites/default/files/file/2021/04/Board%20Voting%20Agenda%204.8.21_0.pdf"", ""https://www.boston.gov/sites/default/files/file/2021/04/Board%20Voting%20Agenda%204.8.21.pdf""]",2020-2023,,,,,,,
BLB-2021-04-08-v1-c012-ownership,BLB-2021-04-08-v1,133830192dfae30ffbcd6c81c98275f63ec1bbe24e6995c177104f3f0863a5cf,https://www.boston.gov/sites/default/files/file/2021/04/Board%20Voting%20Agenda%204.8.21_0.pdf,LB99575,LB-99575,2021-04-08,2021-04-08,2021-04-08,3,3,11,ownership_interest,ownership_application_disposition,ownership_application_disposition,granted,GRANTED,True,True,False,"[""ownership_interest_change"", ""stock_interest_change""]",,,"[""Board approval alone does not establish a completed equity transaction, current ownership/control, or private-equity sponsorship."", ""No shareholder/beneficial-owner names or ownership percentages are stated for this action; manager names are not substituted.""]",,BLB-2021-04-08-v1-c012,BLB-2021-04-08-v1,,,granted,,,,False,HOUSE OF SIAM,THAILAND INTERNATIONAL CORPORATION,False,,,,11,"11. THAILAND INTERNATIONAL CORPORATION
D/B/A: HOUSE OF SIAM
   542 COLUMBUS AVE
   ROXBURY, MA 02118
   License #: LB-99575
   Holder of a Common Victualler 7 Day All Alcoholic Beverages License has petitioned
for a change of Officers/Directors of
   the Corporation. Secondly, has petitioned for a change of Stock/Ownership Interest.
Lastly, has petitioned to change the
   manager of the licensed business – From: James Rodgers To: Patchara Srisuk.
   Attorney: Khuong Nguyen
GRANTED",f37df4a3e6fb0371be299522ccfc962213676628997c7ed34652032fed242106,,,LB99575,,,explicit_alcohol,,,,,LB99575,2021/ownership-interest-events.json,,,THAILAND INTERNATIONAL CORPORATION,licensee_entity,3,"{""licensee"": ""THAILAND INTERNATIONAL CORPORATION""}",[],[],,,reviewed_against_full_candidate_and_source_context,,133830192dfae30ffbcd6c81c98275f63ec1bbe24e6995c177104f3f0863a5cf,"11. THAILAND INTERNATIONAL CORPORATION
D/B/A: HOUSE OF SIAM
   542 COLUMBUS AVE
   ROXBURY, MA 02118
   License #: LB-99575
   Holder of a Common Victualler 7 Day All Alcoholic Beverages License has petitioned
for a change of Officers/Directors of
   the Corporation. Secondly, has petitioned for a change of Stock/Ownership Interest.
Lastly, has petitioned to change the
   manager of the licensed business – From: James Rodgers To: Patchara Srisuk.
   Attorney: Khuong Nguyen
GRANTED","[""https://www.boston.gov/sites/default/files/file/2021/04/Board%20Voting%20Agenda%204.8.21_0.pdf"", ""https://www.boston.gov/sites/default/files/file/2021/04/Board%20Voting%20Agenda%204.8.21.pdf""]",2020-2023,,,,,,,
BLB-2021-05-27-c016-ownership,BLB-2021-05-27,077b65ad5cfec445fd4b236782f5069cd451c2e334eeb76b376c45d9cb6a8b37,https://www.boston.gov/sites/default/files/file/2021/06/Board%20Voting%20Agenda%205.27.21.pdf,LB99689,LB-99689,2021-05-27,2021-05-27,2021-05-27,4,4,6,ownership_interest,ownership_application_disposition,ownership_application_disposition,granted,GRANTED,True,True,False,"[""stock_interest_change""]",,,"[""Board approval alone does not establish a completed equity transaction, current ownership/control, or private-equity sponsorship."", ""No shareholder/beneficial-owner names or ownership percentages are stated for this action; manager names are not substituted.""]",,BLB-2021-05-27-c016,BLB-2021-05-27,,,granted,,,,False,HARPOON BREWERY,"MASS BAY BREWING COMPANY, INC.",False,,,,6,"6. MASS BAY BREWING COMPANY, INC.
    D/B/A: HARPOON BREWERY
       306 NORTHERN AVE
       BOSTON, MA 02210
       License #: LB-99689
       Holder of a Farmer Winery Pouring License has petitioned for a change of
    Officers/Directors. Lastly has petitioned for a change/transfer of stock interest.
   GRANTED",e284d352b0a33250afec09968d84739c2f0f787a09dd2ce66da7e61d4ba306bf,,,LB99689,,,explicit_alcohol,,,,,LB99689,2021/ownership-interest-events.json,,,"MASS BAY BREWING COMPANY, INC.",licensee_entity,4,"{""licensee"": ""MASS BAY BREWING COMPANY, INC.""}",[],[],,,reviewed_against_full_candidate_and_source_context,,077b65ad5cfec445fd4b236782f5069cd451c2e334eeb76b376c45d9cb6a8b37,"6. MASS BAY BREWING COMPANY, INC.
    D/B/A: HARPOON BREWERY
       306 NORTHERN AVE
       BOSTON, MA 02210
       License #: LB-99689
       Holder of a Farmer Winery Pouring License has petitioned for a change of
    Officers/Directors. Lastly has petitioned for a change/transfer of stock interest.
   GRANTED","[""https://www.boston.gov/sites/default/files/file/2021/06/Board%20Voting%20Agenda%205.27.21.pdf""]",2020-2023,,,,,,,
BLB-2021-05-27-c017-ownership,BLB-2021-05-27,077b65ad5cfec445fd4b236782f5069cd451c2e334eeb76b376c45d9cb6a8b37,https://www.boston.gov/sites/default/files/file/2021/06/Board%20Voting%20Agenda%205.27.21.pdf,LB99584,LB-99584,2021-05-27,2021-05-27,2021-05-27,4,4,7,ownership_interest,ownership_application_disposition,ownership_application_disposition,granted,GRANTED,True,True,False,"[""ownership_interest_change""]",,,"[""Board approval alone does not establish a completed equity transaction, current ownership/control, or private-equity sponsorship."", ""No shareholder/beneficial-owner names or ownership percentages are stated for this action; manager names are not substituted.""]",,BLB-2021-05-27-c017,BLB-2021-05-27,,,granted,,,,False,BLACK OWL,"BLACK OWL, LLC",False,,,,7,"7. BLACK OWL, LLC
    D/B/A: BLACK OWL
       1 SIXTH ST
       CHARLESTOWN, MA 02129
       License #: LB-99584
       Holder of a Common Victualler 7 Day Wines and Malt Beverages License has
    petitioned to change the classification of it's license to Wines Malt Beverages and
    Liqueurs pursuant to the authority contained in Chapter 481 of the Acts of 1994.
    Secondly, has petitioned to change the d/b/a of the licensed business – From: Black Owl
    To: Dovetail. Thirdly, has petitioned to change the Officers/Directors. Lastly has
    petitioned for a change of Officers/Directors and Ownership Interest.
       Attorney: Carolyn M. Conway
   GRANTED",1e1e1135876c20d24ffc6691208c99f60aa3973d0ae0623807ad4126d692ad04,,,LB99584,,,explicit_alcohol,,,,,LB99584,2021/ownership-interest-events.json,,,"BLACK OWL, LLC",licensee_entity,4,"{""licensee"": ""BLACK OWL, LLC""}",[],[],,,reviewed_against_full_candidate_and_source_context,,077b65ad5cfec445fd4b236782f5069cd451c2e334eeb76b376c45d9cb6a8b37,"7. BLACK OWL, LLC
    D/B/A: BLACK OWL
       1 SIXTH ST
       CHARLESTOWN, MA 02129
       License #: LB-99584
       Holder of a Common Victualler 7 Day Wines and Malt Beverages License has
    petitioned to change the classification of it's license to Wines Malt Beverages and
    Liqueurs pursuant to the authority contained in Chapter 481 of the Acts of 1994.
    Secondly, has petitioned to change the d/b/a of the licensed business – From: Black Owl
    To: Dovetail. Thirdly, has petitioned to change the Officers/Directors. Lastly has
    petitioned for a change of Officers/Directors and Ownership Interest.
       Attorney: Carolyn M. Conway
   GRANTED","[""https://www.boston.gov/sites/default/files/file/2021/06/Board%20Voting%20Agenda%205.27.21.pdf""]",2020-2023,,,,,,,
BLB-2021-05-27-c019-ownership,BLB-2021-05-27,077b65ad5cfec445fd4b236782f5069cd451c2e334eeb76b376c45d9cb6a8b37,https://www.boston.gov/sites/default/files/file/2021/06/Board%20Voting%20Agenda%205.27.21.pdf,LB101577,LB-101577,2021-05-27,2021-05-27,2021-05-27,4,5,9,ownership_interest,ownership_application_disposition,ownership_application_disposition,granted,GRANTED,True,True,False,"[""beneficial_interest_change""]",,,"[""Board approval alone does not establish a completed equity transaction, current ownership/control, or private-equity sponsorship."", ""No shareholder/beneficial-owner names or ownership percentages are stated for this action; manager names are not substituted.""]",,BLB-2021-05-27-c019,BLB-2021-05-27,,,granted,,,,False,WAGAMAMA,"WAGAMAMA BOSTON ONE, LLC",False,,,,9,"9. WAGAMAMA BOSTON ONE, LLC
    D/B/A: WAGAMAMA
       100 NORTHERN AVE
       BOSTON, MA 02210
       License #: LB-101577
       Holder of a General On Premises All Alcoholic Beverages License has petitioned to
    change the manager of the licensed business - From: Daniel Drugge To: John Michael
    Cormier, Jr. Secondly, has petitioned for a change of LLC Manager. Lastly, has

    petitioned for a change in Beneficial Interest.
      Attorney: Dennis Quilty
   GRANTED",028130a6a129261c70fab9a94c8f42f75aeb8a2064dfc87b324987d90a724a00,,,LB101577,,,explicit_alcohol,,,,,LB101577,2021/ownership-interest-events.json,,,"WAGAMAMA BOSTON ONE, LLC",licensee_entity,4,"{""licensee"": ""WAGAMAMA BOSTON ONE, LLC""}",[],[],,,reviewed_against_full_candidate_and_source_context,,077b65ad5cfec445fd4b236782f5069cd451c2e334eeb76b376c45d9cb6a8b37,"9. WAGAMAMA BOSTON ONE, LLC
    D/B/A: WAGAMAMA
       100 NORTHERN AVE
       BOSTON, MA 02210
       License #: LB-101577
       Holder of a General On Premises All Alcoholic Beverages License has petitioned to
    change the manager of the licensed business - From: Daniel Drugge To: John Michael
    Cormier, Jr. Secondly, has petitioned for a change of LLC Manager. Lastly, has

    petitioned for a change in Beneficial Interest.
      Attorney: Dennis Quilty
   GRANTED","[""https://www.boston.gov/sites/default/files/file/2021/06/Board%20Voting%20Agenda%205.27.21.pdf""]",2020-2023,,,,,,,
BLB-2021-05-27-c020-ownership,BLB-2021-05-27,077b65ad5cfec445fd4b236782f5069cd451c2e334eeb76b376c45d9cb6a8b37,https://www.boston.gov/sites/default/files/file/2021/06/Board%20Voting%20Agenda%205.27.21.pdf,LB99810,LB-99810,2021-05-27,2021-05-27,2021-05-27,5,5,10,ownership_interest,ownership_application_disposition,ownership_application_disposition,granted,GRANTED,True,True,False,"[""beneficial_interest_change""]",,,"[""Board approval alone does not establish a completed equity transaction, current ownership/control, or private-equity sponsorship."", ""No shareholder/beneficial-owner names or ownership percentages are stated for this action; manager names are not substituted.""]",,BLB-2021-05-27-c020,BLB-2021-05-27,,,granted,,,,False,WAGAMAMA,"WAGAMAMA BOSTON ONE, LLC",False,,,,10,"10. WAGAMAMA BOSTON ONE, LLC
    D/B/A: WAGAMAMA
      200-299 FANEUIL HALL MARKETPLACE
      BOSTON, MA 02109
      License #: LB-99810
      Holder of a Common Victualler 7 Day Wines and Malt Beverages w/ Liqueurs License
    has petitioned to change the
      manager of the licensed business - From: Adam Wilis To: Hector Tovar. Secondly, has
    petitioned for a change of LLC
      Manager. Lastly, has petitioned for a change of Beneficial Interest.
      Attorney: Dennis A.Quilty
   GRANTED",2bd397062db5064f0f3ce091b3384ec93aaa46d802c0ed245cc2739e085865fa,,,LB99810,,,explicit_alcohol,,,,,LB99810,2021/ownership-interest-events.json,,,"WAGAMAMA BOSTON ONE, LLC",licensee_entity,5,"{""licensee"": ""WAGAMAMA BOSTON ONE, LLC""}",[],[],,,reviewed_against_full_candidate_and_source_context,,077b65ad5cfec445fd4b236782f5069cd451c2e334eeb76b376c45d9cb6a8b37,"10. WAGAMAMA BOSTON ONE, LLC
    D/B/A: WAGAMAMA
      200-299 FANEUIL HALL MARKETPLACE
      BOSTON, MA 02109
      License #: LB-99810
      Holder of a Common Victualler 7 Day Wines and Malt Beverages w/ Liqueurs License
    has petitioned to change the
      manager of the licensed business - From: Adam Wilis To: Hector Tovar. Secondly, has
    petitioned for a change of LLC
      Manager. Lastly, has petitioned for a change of Beneficial Interest.
      Attorney: Dennis A.Quilty
   GRANTED","[""https://www.boston.gov/sites/default/files/file/2021/06/Board%20Voting%20Agenda%205.27.21.pdf""]",2020-2023,,,,,,,
BLB-2021-05-27-c021-ownership,BLB-2021-05-27,077b65ad5cfec445fd4b236782f5069cd451c2e334eeb76b376c45d9cb6a8b37,https://www.boston.gov/sites/default/files/file/2021/06/Board%20Voting%20Agenda%205.27.21.pdf,LB99809,LB-99809,2021-05-27,2021-05-27,2021-05-27,5,5,11,ownership_interest,ownership_application_disposition,ownership_application_disposition,granted,GRANTED,True,True,False,"[""beneficial_interest_change""]",,,"[""Board approval alone does not establish a completed equity transaction, current ownership/control, or private-equity sponsorship."", ""No shareholder/beneficial-owner names or ownership percentages are stated for this action; manager names are not substituted.""]",,BLB-2021-05-27-c021,BLB-2021-05-27,,,granted,,,,False,WAGAMAMA,"WAGAMAMA BOSTON ONE, LLC",False,,,,11,"11. WAGAMAMA BOSTON ONE, LLC
    D/B/A: WAGAMAMA
      800 BOYLSTON ST
      BOSTON, MA 02199
      License #: LB-99809
      Holder of a Common Victualler 7 Day Wines and Malt Beverages w/ Liqueurs License
    has petitioned for a change of LLC Manager. Lastly, has petitioned for a change of
    Beneficial Interest.
      Attorney: Dennis A. Quilty
   GRANTED",cf4273206385292ca64f5f09c96b77dfe86316c5771418f7d0a465ba0be4a341,,,LB99809,,,explicit_alcohol,,,,,LB99809,2021/ownership-interest-events.json,,,"WAGAMAMA BOSTON ONE, LLC",licensee_entity,5,"{""licensee"": ""WAGAMAMA BOSTON ONE, LLC""}",[],[],,,reviewed_against_full_candidate_and_source_context,,077b65ad5cfec445fd4b236782f5069cd451c2e334eeb76b376c45d9cb6a8b37,"11. WAGAMAMA BOSTON ONE, LLC
    D/B/A: WAGAMAMA
      800 BOYLSTON ST
      BOSTON, MA 02199
      License #: LB-99809
      Holder of a Common Victualler 7 Day Wines and Malt Beverages w/ Liqueurs License
    has petitioned for a change of LLC Manager. Lastly, has petitioned for a change of
    Beneficial Interest.
      Attorney: Dennis A. Quilty
   GRANTED","[""https://www.boston.gov/sites/default/files/file/2021/06/Board%20Voting%20Agenda%205.27.21.pdf""]",2020-2023,,,,,,,
BLB-2021-06-03-c007-ownership,BLB-2021-06-03,a57d78c4c56bdc20f9843de2c5b90e1ce364cc481bba4598ff340116671f2c4c,https://www.boston.gov/sites/default/files/file/2021/06/Board%20Voting%20Agenda%206.3.2021.pdf,LB99116,LB-99116,2021-06-03,2021-06-03,2021-06-03,2,3,7,ownership_interest,ownership_application_disposition,ownership_application_disposition,granted,GRANTED,True,True,False,"[""ownership_interest_change"", ""stock_interest_change"", ""new_stockholders""]",,,"[""Board approval alone does not establish a completed equity transaction, current ownership/control, or private-equity sponsorship."", ""No shareholder/beneficial-owner names or ownership percentages are stated for this action; manager names are not substituted.""]",,BLB-2021-06-03-c007,BLB-2021-06-03,,,granted,,,,False,MASA RESTAURANT,"Cusiniers, Inc.",False,,,,7,"7. Cusiniers, Inc.
      Doing business as: MASA RESTAURANT
         439 Tremont St., Boston, MA 02116
         License #: LB 99116
         Holder of a Common Victualler 7 Day All-Alcoholic Beverages License has petitioned
      for a change of Officers/Directors and
         New Stockholders. Secondly has petitioned for a change of Stock/Ownership Interest.
      Lastly has petitioned to change the
         Manager of the licensed business – From: Phillip Aviles To: Michael Aviles .
         Attorney: Mark A. Evlogiadis, Esq.

GRANTED",5f9646ba9b18cf1bb13bc78b0351e2d890b684021432b608aba7ff990cd31b27,,,LB99116,,,explicit_alcohol,,,,,LB99116,2021/ownership-interest-events.json,,,"Cusiniers, Inc.",licensee_entity,2,"{""licensee"": ""Cusiniers, Inc.""}",[],[],,,reviewed_against_full_candidate_and_source_context,,a57d78c4c56bdc20f9843de2c5b90e1ce364cc481bba4598ff340116671f2c4c,"7. Cusiniers, Inc.
      Doing business as: MASA RESTAURANT
         439 Tremont St., Boston, MA 02116
         License #: LB 99116
         Holder of a Common Victualler 7 Day All-Alcoholic Beverages License has petitioned
      for a change of Officers/Directors and
         New Stockholders. Secondly has petitioned for a change of Stock/Ownership Interest.
      Lastly has petitioned to change the
         Manager of the licensed business – From: Phillip Aviles To: Michael Aviles .
         Attorney: Mark A. Evlogiadis, Esq.

GRANTED","[""https://www.boston.gov/sites/default/files/file/2021/06/Board%20Voting%20Agenda%206.3.2021.pdf""]",2020-2023,,,,,,,
BLB-2021-06-24-c007-ownership,BLB-2021-06-24,2d32475c915b749e151decd4dc1d9c8e8c84eccb1b42b57826e24bb3ffb99383,https://www.boston.gov/sites/default/files/file/2021/06/Board%20Voting%20Agenda%206.24.21.pdf,LB202196,LB-202196,2021-06-24,2021-06-24,2021-06-24,2,2,7,ownership_interest,ownership_application_disposition,ownership_application_disposition,granted,GRANTED,True,True,False,"[""ownership_interest_change""]",,,"[""Board approval alone does not establish a completed equity transaction, current ownership/control, or private-equity sponsorship."", ""No shareholder/beneficial-owner names or ownership percentages are stated for this action; manager names are not substituted.""]",,BLB-2021-06-24-c007,BLB-2021-06-24,,,granted,,,,False,Renegades Pub,Bennington1004 LLC,False,,,,7,"7. Bennington1004 LLC
    Doing business as: Renegades Pub
    1004 Bennington St., Boston, MA 02128
    License #: LB-202196
    Holder of a Neighborhood Restricted Common Victualler 7 Day All Alcoholic Beverages
    License has petitioned for a change of Ownership Interest .
    Secondly, has petitioned to change the manager of the licensed business – From: Peter
    Ackerman To: Katie Daly.
    Attorney: Kristen Scanlon
   GRANTED",3bbec242afbb899a8639b4d78b8c4ec32c2d70c9eb3d14ad97685d100401f7a8,,,LB202196,,,explicit_alcohol,,,,,LB202196,2021/ownership-interest-events.json,,,Bennington1004 LLC,licensee_entity,2,"{""licensee"": ""Bennington1004 LLC""}",[],[],,,reviewed_against_full_candidate_and_source_context,,2d32475c915b749e151decd4dc1d9c8e8c84eccb1b42b57826e24bb3ffb99383,"7. Bennington1004 LLC
    Doing business as: Renegades Pub
    1004 Bennington St., Boston, MA 02128
    License #: LB-202196
    Holder of a Neighborhood Restricted Common Victualler 7 Day All Alcoholic Beverages
    License has petitioned for a change of Ownership Interest .
    Secondly, has petitioned to change the manager of the licensed business – From: Peter
    Ackerman To: Katie Daly.
    Attorney: Kristen Scanlon
   GRANTED","[""https://www.boston.gov/sites/default/files/file/2021/06/Board%20Voting%20Agenda%206.24.21.pdf""]",2020-2023,,,,,,,
BLB-2021-06-24-c009-ownership,BLB-2021-06-24,2d32475c915b749e151decd4dc1d9c8e8c84eccb1b42b57826e24bb3ffb99383,https://www.boston.gov/sites/default/files/file/2021/06/Board%20Voting%20Agenda%206.24.21.pdf,LB139452,LB-139452,2021-06-24,2021-06-24,2021-06-24,3,3,9,ownership_interest,ownership_application_disposition,ownership_application_disposition,granted,GRANTED,True,True,False,"[""stock_interest_change""]",,,"[""Board approval alone does not establish a completed equity transaction, current ownership/control, or private-equity sponsorship."", ""No shareholder/beneficial-owner names or ownership percentages are stated for this action; manager names are not substituted.""]",,BLB-2021-06-24-c009,BLB-2021-06-24,,,granted,,,,False,SRV RESTAURANT,"South End Partners, Inc.",False,,,,9,"9. South End Partners, Inc.
    Doing business as: SRV RESTAURANT
    569 - 575 Columbus Ave., Roxbury, MA 02118
    License #: LB-139452
    Holder of a (Restricted) Common Victualler 7 Day All-Alcoholic Beverages License has
    petitioned for Change of Stock Interest. Lastly, has petitioned for a change of
    Officers/Directors.
    Attorney: Marshall F. Newman
    GRANTED",27b21ef8bcb0b5134ac4d728f55d197cbaac7c4447d7f7fbccd78cf7c5f289a0,,,LB139452,,,explicit_alcohol,,,,,LB139452,2021/ownership-interest-events.json,,,"South End Partners, Inc.",licensee_entity,3,"{""licensee"": ""South End Partners, Inc.""}",[],[],,,reviewed_against_full_candidate_and_source_context,,2d32475c915b749e151decd4dc1d9c8e8c84eccb1b42b57826e24bb3ffb99383,"9. South End Partners, Inc.
    Doing business as: SRV RESTAURANT
    569 - 575 Columbus Ave., Roxbury, MA 02118
    License #: LB-139452
    Holder of a (Restricted) Common Victualler 7 Day All-Alcoholic Beverages License has
    petitioned for Change of Stock Interest. Lastly, has petitioned for a change of
    Officers/Directors.
    Attorney: Marshall F. Newman
    GRANTED","[""https://www.boston.gov/sites/default/files/file/2021/06/Board%20Voting%20Agenda%206.24.21.pdf""]",2020-2023,,,,,,,
BLB-2021-06-24-c023-ownership,BLB-2021-06-24,2d32475c915b749e151decd4dc1d9c8e8c84eccb1b42b57826e24bb3ffb99383,https://www.boston.gov/sites/default/files/file/2021/06/Board%20Voting%20Agenda%206.24.21.pdf,,,2021-06-24,2021-06-24,2021-06-24,6,6,1,ownership_interest,ownership_application_disposition,ownership_application_disposition,granted,GRANTED,True,True,False,"[""stock_interest_change""]",,,"[""Board approval alone does not establish a completed equity transaction, current ownership/control, or private-equity sponsorship."", ""No shareholder/beneficial-owner names or ownership percentages are stated for this action; manager names are not substituted.""]",,BLB-2021-06-24-c023,BLB-2021-06-24,,,granted,,,,False,"Courtyard Café,","Cafe Services, Inc.",False,,,,1,"1. Cafe Services, Inc. d/b/a Courtyard Café, 77 Warren Street, Brighton, MA
                02135 has petitioned to transfer the stock of the corporation.

                GRANTED",25a21f1ebe1fc51f2c31f3612c85ba5ed4d06e04d899f161d4841acd8c3fcaa3,,,,,,common_victualler_no_alcohol_stated,,,,,,2021/ownership-interest-events.json,,,"Cafe Services, Inc.",licensee_entity,6,"{""licensee"": ""Cafe Services, Inc.""}",[],[],,,reviewed_against_full_candidate_and_source_context,,2d32475c915b749e151decd4dc1d9c8e8c84eccb1b42b57826e24bb3ffb99383,"1. Cafe Services, Inc. d/b/a Courtyard Café, 77 Warren Street, Brighton, MA
                02135 has petitioned to transfer the stock of the corporation.

                GRANTED","[""https://www.boston.gov/sites/default/files/file/2021/06/Board%20Voting%20Agenda%206.24.21.pdf""]",2020-2023,,,,,,,
BLB-2021-07-01-c016-ownership,BLB-2021-07-01,defca947e89e320c7bd80858d24a5cf9c19cfa7bd30de18910ad80eea21abcfb,https://www.boston.gov/sites/default/files/file/2021/07/Board%20Voting%20Agenda%207.1.21.pdf,LB102000,LB-102000,2021-07-01,2021-07-01,2021-07-01,4,4,8,ownership_interest,ownership_application_disposition,ownership_application_disposition,granted,Granted,True,True,False,"[""ownership_interest_change""]",,,"[""Board approval alone does not establish a completed equity transaction, current ownership/control, or private-equity sponsorship."", ""No shareholder/beneficial-owner names or ownership percentages are stated for this action; manager names are not substituted.""]",,BLB-2021-07-01-c016,BLB-2021-07-01,,,granted,,,,False,THE URBAN GRAPE SOUTH END,"Urban Grape South End, LLC",False,,,,8,"8. Urban Grape South End, LLC
    Doing business as: THE URBAN GRAPE SOUTH END
    303 Columbus Ave., Boston, MA 02116
    License #: LB-102000
    Holder of a Retail Package Store All-Alcoholic Beverages License has petitioned for a
    change of Officer /Directors/LLC
    Managers. Lastly, has petitioned for a change of Ownership Interest.
    Attorney: John B. Shinn

   Granted",7406c1cb81f7ea8f55df08f12417df39829c9fcc4dd511d08d9f7cf84a338022,,,LB102000,,,explicit_alcohol,,,,,LB102000,2021/ownership-interest-events.json,,,"Urban Grape South End, LLC",licensee_entity,4,"{""licensee"": ""Urban Grape South End, LLC""}",[],[],,,reviewed_against_full_candidate_and_source_context,,defca947e89e320c7bd80858d24a5cf9c19cfa7bd30de18910ad80eea21abcfb,"8. Urban Grape South End, LLC
    Doing business as: THE URBAN GRAPE SOUTH END
    303 Columbus Ave., Boston, MA 02116
    License #: LB-102000
    Holder of a Retail Package Store All-Alcoholic Beverages License has petitioned for a
    change of Officer /Directors/LLC
    Managers. Lastly, has petitioned for a change of Ownership Interest.
    Attorney: John B. Shinn

   Granted","[""https://www.boston.gov/sites/default/files/file/2021/07/Board%20Voting%20Agenda%207.1.21.pdf""]",2020-2023,,,,,,,
BLB-2021-09-02-c010-ownership,BLB-2021-09-02,6ab44779bd4b1cb8ea4c6ee3010618855c201d59466798aa230d14c3d7696fe9,https://www.boston.gov/sites/default/files/file/2021/09/Voting%20Agenda%20%28Corrected%29%209-2-21_0.pdf,LB140277,LB-140277,2021-09-02,2021-09-02,2021-09-02,3,3,10,ownership_interest,ownership_application_disposition,ownership_application_disposition,granted,GRANTED,True,True,False,"[""ownership_interest_change"", ""stock_interest_change""]",,,"[""Board approval alone does not establish a completed equity transaction, current ownership/control, or private-equity sponsorship."", ""No shareholder/beneficial-owner names or ownership percentages are stated for this action; manager names are not substituted.""]",,BLB-2021-09-02-c010,BLB-2021-09-02,,,granted,,,,False,K AND EIGHTH MARKET,"South Boston Market, Inc.",False,,,,10,"10. South Boston Market, Inc.

 Doing business as: K AND EIGHTH MARKET
 362 K St., South Boston, MA 02127
 License #: LB-140277
 Holder of a Retail Package Store Wines and Malt Beverages License has petitioned to change the manager of the
licensed business - From: Arian Liton To: Mst Naher. Secondly, has petitioned for a change of Officer/Director. Lastly, has
petitioned for a change of Stock/Ownership Interest.
 Attorney: Nelson C. Chang


GRANTED",edcc0e30f7fdecc256172fcc7d32bade7ebc13f8c9b521699daa2f664179ebb3,,,LB140277,,,explicit_alcohol,,,,,LB140277,2021/ownership-interest-events.json,,,"South Boston Market, Inc.",licensee_entity,3,"{""licensee"": ""South Boston Market, Inc.""}",[],[],,,reviewed_against_full_candidate_and_source_context,,6ab44779bd4b1cb8ea4c6ee3010618855c201d59466798aa230d14c3d7696fe9,"10. South Boston Market, Inc.

 Doing business as: K AND EIGHTH MARKET
 362 K St., South Boston, MA 02127
 License #: LB-140277
 Holder of a Retail Package Store Wines and Malt Beverages License has petitioned to change the manager of the
licensed business - From: Arian Liton To: Mst Naher. Secondly, has petitioned for a change of Officer/Director. Lastly, has
petitioned for a change of Stock/Ownership Interest.
 Attorney: Nelson C. Chang


GRANTED","[""https://www.boston.gov/sites/default/files/file/2021/09/Voting%20Agenda%20%28Corrected%29%209-2-21_0.pdf""]",2020-2023,,,,,,,
BLB-2021-09-02-c011-ownership,BLB-2021-09-02,6ab44779bd4b1cb8ea4c6ee3010618855c201d59466798aa230d14c3d7696fe9,https://www.boston.gov/sites/default/files/file/2021/09/Voting%20Agenda%20%28Corrected%29%209-2-21_0.pdf,LB99168,LB-99168,2021-09-02,2021-09-02,2021-09-02,3,3,11,ownership_interest,ownership_application_disposition,ownership_application_disposition,granted,GRANTED,True,True,False,"[""stock_interest_change""]",,,"[""Board approval alone does not establish a completed equity transaction, current ownership/control, or private-equity sponsorship."", ""No shareholder/beneficial-owner names or ownership percentages are stated for this action; manager names are not substituted.""]",,BLB-2021-09-02-c011,BLB-2021-09-02,,,granted,,,,False,KOY,"Korean Fusion, Inc.",False,,,,11,"11. Korean Fusion, Inc.

Doing business as: KOY
16 - 18 North St., Boston, MA 02109
License #: LB-99168
Holder of a Common Victualler 7-Day All-Alcoholic Beverages License has petitioned for a change of Officers/Directors.
Lastly, has petitioned for a change in Stock Interest.
Attorney: Jon D. Aieta

GRANTED",3da5cb5126a573728915b65f3b16177efa95c41183d03be9eeaa7fbaad718d32,,,LB99168,,,explicit_alcohol,,,,,LB99168,2021/ownership-interest-events.json,,,"Korean Fusion, Inc.",licensee_entity,3,"{""licensee"": ""Korean Fusion, Inc.""}",[],[],,,reviewed_against_full_candidate_and_source_context,,6ab44779bd4b1cb8ea4c6ee3010618855c201d59466798aa230d14c3d7696fe9,"11. Korean Fusion, Inc.

Doing business as: KOY
16 - 18 North St., Boston, MA 02109
License #: LB-99168
Holder of a Common Victualler 7-Day All-Alcoholic Beverages License has petitioned for a change of Officers/Directors.
Lastly, has petitioned for a change in Stock Interest.
Attorney: Jon D. Aieta

GRANTED","[""https://www.boston.gov/sites/default/files/file/2021/09/Voting%20Agenda%20%28Corrected%29%209-2-21_0.pdf""]",2020-2023,,,,,,,
BLB-2021-09-30-c051-ownership,BLB-2021-09-30,a83435a43328c2fae9231e05e63f935f5f9032be40e1d406a8b96f2c30006776,https://www.boston.gov/sites/default/files/file/2021/09/Maria%27s%20Copy%20of%20Final%20Voting%20Agenda%209_30_21%20.pdf,,,2021-09-30,2021-09-30,2021-09-30,14,14,2,ownership_interest,ownership_application_disposition,ownership_application_disposition,granted,GRANTED,True,True,False,"[""owner_manager_change""]",,,"[""Board approval alone does not establish a completed equity transaction, current ownership/control, or private-equity sponsorship."", ""This item is in the Common Victualler changes section and does not state an alcohol license; no linkage to another alcohol record is assumed.""]",,BLB-2021-09-30-c051,BLB-2021-09-30,,,granted,,,,False,New Hong Kong Restaurant,"Huangs Restaurant, Inc.",False,,,,2,"2. Huangs Restaurant, Inc. d/b/a New Hong Kong Restaurant, 14 Tremont Street,
   Allston, MA 02325 has petitioned to change the owner/manager of the licensed business:
   From – Jianrong Huang To – Hong Chan.

GRANTED",21ed6ab3e61054e8654fd709df77389104bc84e4a1e9c8e269400f19a1fa847f,,,,,,common_victualler_no_alcohol_stated,,,,,,2021/ownership-interest-events.json,,,"Huangs Restaurant, Inc.",licensee_entity,14,"{""licensee"": ""Huangs Restaurant, Inc.""}","[{""name"": ""Hong Chan"", ""role_as_stated"": ""owner/manager""}]","[{""name"": ""Jianrong Huang"", ""role_as_stated"": ""owner/manager""}]",,,reviewed_against_full_candidate_and_source_context,,a83435a43328c2fae9231e05e63f935f5f9032be40e1d406a8b96f2c30006776,"2. Huangs Restaurant, Inc. d/b/a New Hong Kong Restaurant, 14 Tremont Street,
   Allston, MA 02325 has petitioned to change the owner/manager of the licensed business:
   From – Jianrong Huang To – Hong Chan.

GRANTED","[""https://www.boston.gov/sites/default/files/file/2021/09/Maria%27s%20Copy%20of%20Final%20Voting%20Agenda%209_30_21%20.pdf""]",2020-2023,,,,,,,
BLB-2021-09-30-c060-ownership,BLB-2021-09-30,a83435a43328c2fae9231e05e63f935f5f9032be40e1d406a8b96f2c30006776,https://www.boston.gov/sites/default/files/file/2021/09/Maria%27s%20Copy%20of%20Final%20Voting%20Agenda%209_30_21%20.pdf,,,2021-09-30,2021-09-30,2021-09-30,16,16,11,ownership_interest,ownership_application_disposition,ownership_application_disposition,granted,GRANTED,True,True,False,"[""shareholding_change""]",,,"[""Board approval alone does not establish a completed equity transaction, current ownership/control, or private-equity sponsorship."", ""The source calls this an officers change but explicitly lists before/after share figures. Shares are not relabeled percentages. The after figures total 99.5 as printed; completeness and the basis are not inferred."", ""Heather Claxton, William R. Newlin, Airmall Boston, Inc., and MASSport Authority also appear in the source, but only parties with stated shares are listed as shareholders; manager, sub-lessor and lessor are distinct roles."", ""This item is in the Common Victualler changes section and does not state an alcohol license; no linkage to another alcohol record is assumed.""]",,BLB-2021-09-30-c060,BLB-2021-09-30,,,granted,,,,False,N.E. Mkt,"Air Ventures, LLC",False,,,,11,"11. Air Ventures, LLC, d/b/a N.E. Mkt, Logan Airport, Term. B, East Boston, MA 02128. Has
    applied to change the officers. From - George H. Walker - President 51 Shares, Heather
    Claxton - Manager, William R. Newlin. To - AV Holdings 75. Shares, George H. Walker
    President 12.25 Shares, Black Dog, LLC/William R Newlin Exec. VP 12.25 Shares,
    Airmall Boston, Inc - Sub lessor, MASSport Authority - Lessor.

GRANTED",a6c51ed48c2bd694e3722d8420047cd0762a3ef5ad7879058a8bcc79874b9161,,,,,,common_victualler_no_alcohol_stated,,,,,,2021/ownership-interest-events.json,,,"Air Ventures, LLC",licensee_entity,16,"{""licensee"": ""Air Ventures, LLC""}","[{""name"": ""AV Holdings"", ""shares_as_stated"": ""75. Shares""}, {""name"": ""George H. Walker"", ""role_as_stated"": ""President"", ""shares_as_stated"": ""12.25 Shares""}, {""name"": ""Black Dog, LLC/William R Newlin"", ""role_as_stated"": ""Exec. VP"", ""shares_as_stated"": ""12.25 Shares""}]","[{""name"": ""George H. Walker"", ""role_as_stated"": ""President"", ""shares_as_stated"": ""51 Shares""}]",,,reviewed_against_full_candidate_and_source_context,,a83435a43328c2fae9231e05e63f935f5f9032be40e1d406a8b96f2c30006776,"11. Air Ventures, LLC, d/b/a N.E. Mkt, Logan Airport, Term. B, East Boston, MA 02128. Has
    applied to change the officers. From - George H. Walker - President 51 Shares, Heather
    Claxton - Manager, William R. Newlin. To - AV Holdings 75. Shares, George H. Walker
    President 12.25 Shares, Black Dog, LLC/William R Newlin Exec. VP 12.25 Shares,
    Airmall Boston, Inc - Sub lessor, MASSport Authority - Lessor.

GRANTED","[""https://www.boston.gov/sites/default/files/file/2021/09/Maria%27s%20Copy%20of%20Final%20Voting%20Agenda%209_30_21%20.pdf""]",2020-2023,,,,,,,
BLB-2021-10-07-c018-ownership,BLB-2021-10-07,98ee56e601793c3c8a85cd15cde14452b764fafe9dc78f51537458ad8f41e8ab,https://www.boston.gov/sites/default/files/file/2021/10/FINAL%20VOTING%20AGENDA%2010-7-2021.pdf,LB101965,LB-101965,2021-10-07,2021-10-07,2021-10-07,4,4,11,ownership_interest,ownership_application_disposition,ownership_application_disposition,granted,GRANTED,True,True,False,"[""ownership_interest_change"", ""stock_interest_change""]",,,"[""Board approval alone does not establish a completed equity transaction, current ownership/control, or private-equity sponsorship."", ""No shareholder/beneficial-owner names or ownership percentages are stated for this action; manager names are not substituted.""]",,BLB-2021-10-07-c018,BLB-2021-10-07,,,granted,,,,False,Rosa's Liquors,"Rosa's Liquors, Inc.",False,,,,11,"11. Rosa's Liquors, Inc.

        Doing business as: Rosa's Liquors
        1568 Dorchester Ave., Dorchester, MA 02122
        License #: LB 101965
        Holder of a Retail Package Store All Alcoholic Beverages License has petitioned for a change in
        Officers/Directors/LLC
        Manager of the corporation. Secondly has petitioned for a change in Stock Ownership/Interest.
        Attorney: Jennifer Allen

        GRANTED",a3998e57faa6ec3de87985c1004c653ec728a0d4fceceeecebf83096596ca053,,,LB101965,,,explicit_alcohol,,,,,LB101965,2021/ownership-interest-events.json,,,"Rosa's Liquors, Inc.",licensee_entity,4,"{""licensee"": ""Rosa's Liquors, Inc.""}",[],[],,,reviewed_against_full_candidate_and_source_context,,98ee56e601793c3c8a85cd15cde14452b764fafe9dc78f51537458ad8f41e8ab,"11. Rosa's Liquors, Inc.

        Doing business as: Rosa's Liquors
        1568 Dorchester Ave., Dorchester, MA 02122
        License #: LB 101965
        Holder of a Retail Package Store All Alcoholic Beverages License has petitioned for a change in
        Officers/Directors/LLC
        Manager of the corporation. Secondly has petitioned for a change in Stock Ownership/Interest.
        Attorney: Jennifer Allen

        GRANTED","[""https://www.boston.gov/sites/default/files/file/2021/10/FINAL%20VOTING%20AGENDA%2010-7-2021.pdf""]",2020-2023,,,,,,,
BLB-2021-10-28-c016-ownership,BLB-2021-10-28,238aa983d92dab83e35abc37c6ad2c5a502c5bbbf9023b7f3a90e36535e0d125,https://www.boston.gov/sites/default/files/file/2021/10/Voting%20agenda%2010-28-21.pdf,LB410009,LB-410009,2021-10-28,2021-10-28,2021-10-28,5,5,13,ownership_interest,ownership_application_disposition,ownership_application_disposition,granted,Granted,True,True,False,"[""ownership_interest_change""]",,,"[""Board approval alone does not establish a completed equity transaction, current ownership/control, or private-equity sponsorship."", ""No shareholder/beneficial-owner names or ownership percentages are stated for this action; manager names are not substituted.""]",,BLB-2021-10-28-c016,BLB-2021-10-28,,,granted,,,,False,Wahlburgers,"Ssp America Bos, LLC",False,,,,13,"13. Ssp America Bos, LLC

   Doing business as: Wahlburgers
   Logan Airport 300 Terminal C East Boston, MA 02128
   License #: LB 410009
   Holder of an (Airport) Common Victualler 7 Day All Alcoholic Beverages license has
   petitioned for change of Ownership Interest.

Granted",123a5eeac2ea5aba7a19290d7ebefda1e9d29e7591b456c9fa52a63aa27cc8e8,,,LB410009,,,explicit_alcohol,,,,,LB410009,2021/ownership-interest-events.json,,,"Ssp America Bos, LLC",licensee_entity,5,"{""licensee"": ""Ssp America Bos, LLC""}",[],[],,,reviewed_against_full_candidate_and_source_context,,238aa983d92dab83e35abc37c6ad2c5a502c5bbbf9023b7f3a90e36535e0d125,"13. Ssp America Bos, LLC

   Doing business as: Wahlburgers
   Logan Airport 300 Terminal C East Boston, MA 02128
   License #: LB 410009
   Holder of an (Airport) Common Victualler 7 Day All Alcoholic Beverages license has
   petitioned for change of Ownership Interest.

Granted","[""https://www.boston.gov/sites/default/files/file/2021/10/Voting%20agenda%2010-28-21.pdf""]",2020-2023,,,,,,,
BLB-2021-10-28-c017-ownership,BLB-2021-10-28,238aa983d92dab83e35abc37c6ad2c5a502c5bbbf9023b7f3a90e36535e0d125,https://www.boston.gov/sites/default/files/file/2021/10/Voting%20agenda%2010-28-21.pdf,LB379141,LB-379141,2021-10-28,2021-10-28,2021-10-28,6,6,14,ownership_interest,ownership_application_disposition,ownership_application_disposition,granted,Granted,True,True,False,"[""ownership_interest_change""]",,,"[""Board approval alone does not establish a completed equity transaction, current ownership/control, or private-equity sponsorship."", ""No shareholder/beneficial-owner names or ownership percentages are stated for this action; manager names are not substituted.""]",,BLB-2021-10-28-c017,BLB-2021-10-28,,,granted,,,,False,Shojo,"Ssp America Bos, LLC",False,,,,14,"14. Ssp America Bos, LLC

   Doing business as: Shojo
   300 Logan Airport Terminal C East Boston, MA 02128
   License #: LB 379141
   Holder of an (Airport) Common Victualler 7 Day All Alcoholic Beverages license has
   petitioned for change of Ownership Interest.

Granted",1b6ba6255890f11e8508bef9d32638fdcdef740ff38dab9abf53671363c11873,,,LB379141,,,explicit_alcohol,,,,,LB379141,2021/ownership-interest-events.json,,,"Ssp America Bos, LLC",licensee_entity,6,"{""licensee"": ""Ssp America Bos, LLC""}",[],[],,,reviewed_against_full_candidate_and_source_context,,238aa983d92dab83e35abc37c6ad2c5a502c5bbbf9023b7f3a90e36535e0d125,"14. Ssp America Bos, LLC

   Doing business as: Shojo
   300 Logan Airport Terminal C East Boston, MA 02128
   License #: LB 379141
   Holder of an (Airport) Common Victualler 7 Day All Alcoholic Beverages license has
   petitioned for change of Ownership Interest.

Granted","[""https://www.boston.gov/sites/default/files/file/2021/10/Voting%20agenda%2010-28-21.pdf""]",2020-2023,,,,,,,
BLB-2021-10-28-c018-ownership,BLB-2021-10-28,238aa983d92dab83e35abc37c6ad2c5a502c5bbbf9023b7f3a90e36535e0d125,https://www.boston.gov/sites/default/files/file/2021/10/Voting%20agenda%2010-28-21.pdf,LB390565,LB-390565,2021-10-28,2021-10-28,2021-10-28,6,6,15,ownership_interest,ownership_application_disposition,ownership_application_disposition,granted,Granted,True,True,False,"[""ownership_interest_change""]",,,"[""Board approval alone does not establish a completed equity transaction, current ownership/control, or private-equity sponsorship."", ""No shareholder/beneficial-owner names or ownership percentages are stated for this action; manager names are not substituted.""]",,BLB-2021-10-28-c018,BLB-2021-10-28,,,granted,,,,False,Temazcal,"Ssp America Bos, LLC",False,,,,15,"15. Ssp America Bos, LLC

   Doing business as: Temazcal
   300 Logan Airport Terminal B East Boston, MA 02128
   License #: LB 390565
   Holder of an (Airport) Common Victualler 7 Day All Alcoholic Beverages license has
   petitioned for change of Ownership Interest.

Granted",965552e137befe233b895a76247bb8e44dd655430cb057be71fd70497fd48617,,,LB390565,,,explicit_alcohol,,,,,LB390565,2021/ownership-interest-events.json,,,"Ssp America Bos, LLC",licensee_entity,6,"{""licensee"": ""Ssp America Bos, LLC""}",[],[],,,reviewed_against_full_candidate_and_source_context,,238aa983d92dab83e35abc37c6ad2c5a502c5bbbf9023b7f3a90e36535e0d125,"15. Ssp America Bos, LLC

   Doing business as: Temazcal
   300 Logan Airport Terminal B East Boston, MA 02128
   License #: LB 390565
   Holder of an (Airport) Common Victualler 7 Day All Alcoholic Beverages license has
   petitioned for change of Ownership Interest.

Granted","[""https://www.boston.gov/sites/default/files/file/2021/10/Voting%20agenda%2010-28-21.pdf""]",2020-2023,,,,,,,
BLB-2021-10-28-c033-ownership,BLB-2021-10-28,238aa983d92dab83e35abc37c6ad2c5a502c5bbbf9023b7f3a90e36535e0d125,https://www.boston.gov/sites/default/files/file/2021/10/Voting%20agenda%2010-28-21.pdf,,,2021-10-28,2021-10-28,2021-10-28,11,11,1,ownership_interest,ownership_application_disposition,ownership_application_disposition,granted,Granted,True,True,False,"[""owner_manager_change""]",,,"[""Board approval alone does not establish a completed equity transaction, current ownership/control, or private-equity sponsorship."", ""This item is in the Common Victualler changes section and does not state an alcohol license; no linkage to another alcohol record is assumed.""]",,BLB-2021-10-28-c033,BLB-2021-10-28,,,granted,,,,False,Stash’s Pizza,"Papantoniadis Pizza, Inc.",False,,,,1,"1. Papantoniadis Pizza, Inc. d/b/a Stash’s Pizza has petitioned to change the
   owner/manager From: Gregory Papantoniadis To: Stavros Papantoniadis.

  Granted",d88192711c83f19a58a799288ab91b1cfbd7bde87eef4ff334c738b0236e35b1,,,,,,common_victualler_no_alcohol_stated,,,,,,2021/ownership-interest-events.json,,,"Papantoniadis Pizza, Inc.",licensee_entity,11,"{""licensee"": ""Papantoniadis Pizza, Inc.""}","[{""name"": ""Stavros Papantoniadis"", ""role_as_stated"": ""owner/manager""}]","[{""name"": ""Gregory Papantoniadis"", ""role_as_stated"": ""owner/manager""}]",,,reviewed_against_full_candidate_and_source_context,,238aa983d92dab83e35abc37c6ad2c5a502c5bbbf9023b7f3a90e36535e0d125,"1. Papantoniadis Pizza, Inc. d/b/a Stash’s Pizza has petitioned to change the
   owner/manager From: Gregory Papantoniadis To: Stavros Papantoniadis.

  Granted","[""https://www.boston.gov/sites/default/files/file/2021/10/Voting%20agenda%2010-28-21.pdf""]",2020-2023,,,,,,,
BLB-2021-11-18-c010-ownership,BLB-2021-11-18,d6b83fa52f3ceed50d1f70cb70c784ec3eb055f5096f4312433651b4b6e37e68,https://www.boston.gov/sites/default/files/file/2021/11/Voting%20Agenda%2011-18-21.pdf,LB99094,LB-99094,2021-11-18,2021-11-18,2021-11-18,4,4,10,ownership_interest,ownership_application_disposition,ownership_application_disposition,granted,Granted,True,True,False,"[""stock_interest_change""]",,,"[""Board approval alone does not establish a completed equity transaction, current ownership/control, or private-equity sponsorship."", ""No shareholder/beneficial-owner names or ownership percentages are stated for this action; manager names are not substituted.""]",,BLB-2021-11-18-c010,BLB-2021-11-18,,,granted,,,,False,O’BRIENS,"Rhubarb, Inc.",False,,,,10,"10. Rhubarb, Inc.

   Doing business as: O’BRIENS
   3 Harvard Ave., Allston, MA 02134
   License #: LB‑99094
   Holder of a Common Victualler 7 Day All‑Alcoholic Beverages License has petitioned for a
   change of Officers/Directors and a change of Stock. Lastly, has petitioned to change the
   manager of the licensed business – From: Frank Strenk Jr. To: Timothy Philbin.
   Attorney: Carolyn M. Conway

Granted",a1eb4fe0dc6a39a2bb2282a76a61430bf2268ea834a690a1bea681f5642c580b,,,LB99094,,,explicit_alcohol,,,,,LB99094,2021/ownership-interest-events.json,,,"Rhubarb, Inc.",licensee_entity,4,"{""licensee"": ""Rhubarb, Inc.""}",[],[],,,reviewed_against_full_candidate_and_source_context,,d6b83fa52f3ceed50d1f70cb70c784ec3eb055f5096f4312433651b4b6e37e68,"10. Rhubarb, Inc.

   Doing business as: O’BRIENS
   3 Harvard Ave., Allston, MA 02134
   License #: LB‑99094
   Holder of a Common Victualler 7 Day All‑Alcoholic Beverages License has petitioned for a
   change of Officers/Directors and a change of Stock. Lastly, has petitioned to change the
   manager of the licensed business – From: Frank Strenk Jr. To: Timothy Philbin.
   Attorney: Carolyn M. Conway

Granted","[""https://www.boston.gov/sites/default/files/file/2021/11/Voting%20Agenda%2011-18-21.pdf""]",2020-2023,,,,,,,
BLB-2021-11-18-c011-ownership,BLB-2021-11-18,d6b83fa52f3ceed50d1f70cb70c784ec3eb055f5096f4312433651b4b6e37e68,https://www.boston.gov/sites/default/files/file/2021/11/Voting%20Agenda%2011-18-21.pdf,LB99120,LB-99120,2021-11-18,2021-11-18,2021-11-18,4,4,11,ownership_interest,ownership_application_disposition,ownership_application_disposition,granted,Granted,True,True,False,"[""ownership_interest_change""]",,,"[""Board approval alone does not establish a completed equity transaction, current ownership/control, or private-equity sponsorship."", ""No shareholder/beneficial-owner names or ownership percentages are stated for this action; manager names are not substituted.""]",,BLB-2021-11-18-c011,BLB-2021-11-18,,,granted,,,,False,HOUSE OF BLUES,"Lansdowne Boston Restaurant, LLC",False,,,,11,"11. Lansdowne Boston Restaurant, LLC

   Doing business as: HOUSE OF BLUES
   15 ‑ 41 Lansdowne Boston, MA 02215
   License #: LB‑99120
   Holder of a Common Victualler 7 Day All‑Alcoholic Beverages License has petitioned to
   change the manager of the licensed business‑ From P. Declan Mehigan To: Nick Byer.
   Lastly, has petitioned for a change of Ownership Interest.
   Attorney: Dennis Quilty, Esq.

Granted",65f300bf4fd875102905fc30adf393cde36b339adf66d9acdaf7f28ce04c463d,,,LB99120,,,explicit_alcohol,,,,,LB99120,2021/ownership-interest-events.json,,,"Lansdowne Boston Restaurant, LLC",licensee_entity,4,"{""licensee"": ""Lansdowne Boston Restaurant, LLC""}",[],[],,,reviewed_against_full_candidate_and_source_context,,d6b83fa52f3ceed50d1f70cb70c784ec3eb055f5096f4312433651b4b6e37e68,"11. Lansdowne Boston Restaurant, LLC

   Doing business as: HOUSE OF BLUES
   15 ‑ 41 Lansdowne Boston, MA 02215
   License #: LB‑99120
   Holder of a Common Victualler 7 Day All‑Alcoholic Beverages License has petitioned to
   change the manager of the licensed business‑ From P. Declan Mehigan To: Nick Byer.
   Lastly, has petitioned for a change of Ownership Interest.
   Attorney: Dennis Quilty, Esq.

Granted","[""https://www.boston.gov/sites/default/files/file/2021/11/Voting%20Agenda%2011-18-21.pdf""]",2020-2023,,,,,,,
BLB-2021-11-18-c012-ownership,BLB-2021-11-18,d6b83fa52f3ceed50d1f70cb70c784ec3eb055f5096f4312433651b4b6e37e68,https://www.boston.gov/sites/default/files/file/2021/11/Voting%20Agenda%2011-18-21.pdf,LB99648,LB-99648,2021-11-18,2021-11-18,2021-11-18,5,5,12,ownership_interest,ownership_application_disposition,ownership_application_disposition,granted,Granted,True,True,False,"[""ownership_interest_change""]",,,"[""Board approval alone does not establish a completed equity transaction, current ownership/control, or private-equity sponsorship."", ""No shareholder/beneficial-owner names or ownership percentages are stated for this action; manager names are not substituted.""]",,BLB-2021-11-18-c012,BLB-2021-11-18,,,granted,,,,False,PICCO,Malt LLC,False,,,,12,"12. Malt LLC

    Doing business as: PICCO
    530 Tremont St., Boston, MA 02116
    License #: LB‑99648
    Holder of a Common Victualler 7 Day Wines and Malt Beverages License has petitioned
    for a change of Ownership Interest.
    Attorney: Andrew F. Upton

Granted",b1ef9acff047e0603d52fc58f8349549d4f0d267416a1c7cccf6216f179d99b3,,,LB99648,,,explicit_alcohol,,,,,LB99648,2021/ownership-interest-events.json,,,Malt LLC,licensee_entity,5,"{""licensee"": ""Malt LLC""}",[],[],,,reviewed_against_full_candidate_and_source_context,,d6b83fa52f3ceed50d1f70cb70c784ec3eb055f5096f4312433651b4b6e37e68,"12. Malt LLC

    Doing business as: PICCO
    530 Tremont St., Boston, MA 02116
    License #: LB‑99648
    Holder of a Common Victualler 7 Day Wines and Malt Beverages License has petitioned
    for a change of Ownership Interest.
    Attorney: Andrew F. Upton

Granted","[""https://www.boston.gov/sites/default/files/file/2021/11/Voting%20Agenda%2011-18-21.pdf""]",2020-2023,,,,,,,
BLB-2021-11-18-c019-ownership,BLB-2021-11-18,d6b83fa52f3ceed50d1f70cb70c784ec3eb055f5096f4312433651b4b6e37e68,https://www.boston.gov/sites/default/files/file/2021/11/Voting%20Agenda%2011-18-21.pdf,LB99572,LB-99572,2021-11-18,2021-11-18,2021-11-18,8,8,19,ownership_interest,ownership_application_disposition,ownership_application_disposition,granted,Granted,True,True,False,"[""ownership_interest_change"", ""stock_interest_change""]",,,"[""Board approval alone does not establish a completed equity transaction, current ownership/control, or private-equity sponsorship."", ""No shareholder/beneficial-owner names or ownership percentages are stated for this action; manager names are not substituted.""]",,BLB-2021-11-18-c019,BLB-2021-11-18,,,granted,,,,False,THAI BASIL RESTAURANT,"Y&Y Enterprises, Inc.",False,,,,19,"19. Y&Y Enterprises, Inc.

    Doing business as: THAI BASIL RESTAURANT
    132 Newbury St., Boston, MA 02116
    License #: LB‑99572
    Holder of a Common Victualler 7 Day Wines and Malt Beverages License has petitioned for
    a change of Officers/Directors/LLC Managers, a change of Ownership & Stock Interest.
    Secondly, has petitioned to change the manager of the licensed business – From: Yee Yang
    To: Settha Daranuwat. Lastly, has petitioned to Pledge the License and Stock to Yee Yang.
    Attorney: Andrew F. Upton

Granted",754a927f48482b094d60aa5192b9a18fa95c530881b2ff9a04111d638d4989e0,,,LB99572,,,explicit_alcohol,,,,,LB99572,2021/ownership-interest-events.json,,,"Y&Y Enterprises, Inc.",licensee_entity,8,"{""licensee"": ""Y&Y Enterprises, Inc.""}",[],[],,,reviewed_against_full_candidate_and_source_context,,d6b83fa52f3ceed50d1f70cb70c784ec3eb055f5096f4312433651b4b6e37e68,"19. Y&Y Enterprises, Inc.

    Doing business as: THAI BASIL RESTAURANT
    132 Newbury St., Boston, MA 02116
    License #: LB‑99572
    Holder of a Common Victualler 7 Day Wines and Malt Beverages License has petitioned for
    a change of Officers/Directors/LLC Managers, a change of Ownership & Stock Interest.
    Secondly, has petitioned to change the manager of the licensed business – From: Yee Yang
    To: Settha Daranuwat. Lastly, has petitioned to Pledge the License and Stock to Yee Yang.
    Attorney: Andrew F. Upton

Granted","[""https://www.boston.gov/sites/default/files/file/2021/11/Voting%20Agenda%2011-18-21.pdf""]",2020-2023,,,,,,,
BLB-2021-11-18-c030-ownership,BLB-2021-11-18,d6b83fa52f3ceed50d1f70cb70c784ec3eb055f5096f4312433651b4b6e37e68,https://www.boston.gov/sites/default/files/file/2021/11/Voting%20Agenda%2011-18-21.pdf,,,2021-11-18,2021-11-18,2021-11-18,11,11,3,ownership_interest,ownership_application_disposition,ownership_application_disposition,granted,Granted,True,True,False,"[""shareholding_change""]",,,"[""Board approval alone does not establish a completed equity transaction, current ownership/control, or private-equity sponsorship."", ""The printed typo 'shared' is retained in the quoted first share figure; share units are not converted into percentages."", ""This item is in the Common Victualler changes section and does not state an alcohol license; no linkage to another alcohol record is assumed.""]",,BLB-2021-11-18-c030,BLB-2021-11-18,,,granted,,,,False,Flat Black Coffee Company,Flat Black Coffee Company Ltd.,False,,,,3,"3. Flat Black Coffee Company Ltd., d/b/a Flat Black Coffee Company, 1170 Washington Street,
Dorchester, MA 02124 has petitioned to remove officer Jeffrey G. Chatlos, and secondly, has
petitioned to change the shared From: David House - 49 shared, Jeffrey G. Chatlos - 24.5 shares
and Jennifer House - 24.5 shares To: David House - 51 shares and Jennifer House - 49 shares.

Granted",4bab57860ea8486892bd96adb7b79e8f3866868d4954d5d0de2141d9d1b24c1a,,,,,,common_victualler_no_alcohol_stated,,,,,,2021/ownership-interest-events.json,,,Flat Black Coffee Company Ltd.,licensee_entity,11,"{""licensee"": ""Flat Black Coffee Company Ltd.""}","[{""name"": ""David House"", ""shares_as_stated"": ""51 shares""}, {""name"": ""Jennifer House"", ""shares_as_stated"": ""49 shares""}]","[{""name"": ""David House"", ""shares_as_stated"": ""49 shared""}, {""name"": ""Jeffrey G. Chatlos"", ""shares_as_stated"": ""24.5 shares""}, {""name"": ""Jennifer House"", ""shares_as_stated"": ""24.5 shares""}]",,,reviewed_against_full_candidate_and_source_context,,d6b83fa52f3ceed50d1f70cb70c784ec3eb055f5096f4312433651b4b6e37e68,"3. Flat Black Coffee Company Ltd., d/b/a Flat Black Coffee Company, 1170 Washington Street,
Dorchester, MA 02124 has petitioned to remove officer Jeffrey G. Chatlos, and secondly, has
petitioned to change the shared From: David House - 49 shared, Jeffrey G. Chatlos - 24.5 shares
and Jennifer House - 24.5 shares To: David House - 51 shares and Jennifer House - 49 shares.

Granted","[""https://www.boston.gov/sites/default/files/file/2021/11/Voting%20Agenda%2011-18-21.pdf""]",2020-2023,,,,,,,
BLB-2021-11-18-c031-ownership,BLB-2021-11-18,d6b83fa52f3ceed50d1f70cb70c784ec3eb055f5096f4312433651b4b6e37e68,https://www.boston.gov/sites/default/files/file/2021/11/Voting%20Agenda%2011-18-21.pdf,,,2021-11-18,2021-11-18,2021-11-18,11,11,4,ownership_interest,ownership_application_disposition,ownership_application_disposition,granted,Granted,True,True,False,"[""owner_change""]",,,"[""Board approval alone does not establish a completed equity transaction, current ownership/control, or private-equity sponsorship."", ""Source spells the proposed manager 'Lucretia Preda' and proposed owner 'Luretia Preda'; the owner spelling is preserved rather than silently reconciled."", ""This item is in the Common Victualler changes section and does not state an alcohol license; no linkage to another alcohol record is assumed.""]",,BLB-2021-11-18-c031,BLB-2021-11-18,,,granted,,,,False,Caffe Lil Italy,Raluca Inc.,False,,,,4,"4. Raluca Inc., d/b/a Caffe Lil Italy, 178 Salem Street, Boston, MA 02113 has petitioned to
change the manager From: Cheryl Cervasio To: Lucretia Preda, and, secondly, has petitioned to
change the owner From: Carla Gomes To: Luretia Preda.

Granted",2e786c92b8d78395eb9ad12797aa44a79c0d98360fb3fc680083229e61d3c73c,,,,,,common_victualler_no_alcohol_stated,,,,,,2021/ownership-interest-events.json,,,Raluca Inc.,licensee_entity,11,"{""licensee"": ""Raluca Inc.""}","[{""name"": ""Luretia Preda"", ""role_as_stated"": ""owner""}]","[{""name"": ""Carla Gomes"", ""role_as_stated"": ""owner""}]",,,reviewed_against_full_candidate_and_source_context,,d6b83fa52f3ceed50d1f70cb70c784ec3eb055f5096f4312433651b4b6e37e68,"4. Raluca Inc., d/b/a Caffe Lil Italy, 178 Salem Street, Boston, MA 02113 has petitioned to
change the manager From: Cheryl Cervasio To: Lucretia Preda, and, secondly, has petitioned to
change the owner From: Carla Gomes To: Luretia Preda.

Granted","[""https://www.boston.gov/sites/default/files/file/2021/11/Voting%20Agenda%2011-18-21.pdf""]",2020-2023,,,,,,,
BLB-2021-11-18-c032-ownership,BLB-2021-11-18,d6b83fa52f3ceed50d1f70cb70c784ec3eb055f5096f4312433651b4b6e37e68,https://www.boston.gov/sites/default/files/file/2021/11/Voting%20Agenda%2011-18-21.pdf,,,2021-11-18,2021-11-18,2021-11-18,12,12,5,ownership_interest,ownership_application_disposition,ownership_application_disposition,granted,Granted,True,True,False,"[""owner_manager_change""]",,,"[""Board approval alone does not establish a completed equity transaction, current ownership/control, or private-equity sponsorship."", ""This item is in the Common Victualler changes section and does not state an alcohol license; no linkage to another alcohol record is assumed.""]",,BLB-2021-11-18-c032,BLB-2021-11-18,,,granted,,,,False,Stash’s,"Athenian Enterprises, Inc.",False,,,,5,"5. Athenian Enterprises, Inc. d/b/a Stash’s, 612 Blue Hill Avenue, Dorchester, MA 02121 has
petitioned to change the manager/owner From: Gregory Papantoniadis To: Stavros Papantoniadis

Granted",655161c3438b8a49448824a867dae67adc22dbd5dd535f00ef0b5a0fe615dc3c,,,,,,common_victualler_no_alcohol_stated,,,,,,2021/ownership-interest-events.json,,,"Athenian Enterprises, Inc.",licensee_entity,12,"{""licensee"": ""Athenian Enterprises, Inc.""}","[{""name"": ""Stavros Papantoniadis"", ""role_as_stated"": ""manager/owner""}]","[{""name"": ""Gregory Papantoniadis"", ""role_as_stated"": ""manager/owner""}]",,,reviewed_against_full_candidate_and_source_context,,d6b83fa52f3ceed50d1f70cb70c784ec3eb055f5096f4312433651b4b6e37e68,"5. Athenian Enterprises, Inc. d/b/a Stash’s, 612 Blue Hill Avenue, Dorchester, MA 02121 has
petitioned to change the manager/owner From: Gregory Papantoniadis To: Stavros Papantoniadis

Granted","[""https://www.boston.gov/sites/default/files/file/2021/11/Voting%20Agenda%2011-18-21.pdf""]",2020-2023,,,,,,,
BLB-2021-12-02-c017-ownership,BLB-2021-12-02,b65e9d88182f00b6d9963ddbff89fb8b7d3db9738d703bc1a5a4b091f880b1bd,https://www.boston.gov/sites/default/files/file/2021/12/BLB%20Voting%20Agenda%2012-2-21.pdf,LB99031,LB-99031,2021-12-02,2021-12-02,2021-12-02,6,6,17,ownership_interest,ownership_application_disposition,ownership_application_disposition,granted,Granted,True,True,False,"[""stock_interest_change""]",,,"[""Board approval alone does not establish a completed equity transaction, current ownership/control, or private-equity sponsorship."", ""No shareholder/beneficial-owner names or ownership percentages are stated for this action; manager names are not substituted.""]",,BLB-2021-12-02-c017,BLB-2021-12-02,,,granted,,,,False,INDUSTRY,"Davisarrowsmith, Inc.",False,,,,17,"17. Davisarrowsmith, Inc.

Doing business as: INDUSTRY
750 ‑ 754 Adams St., Dorchester, MA 02122
License #: LB‑99031
Holder of a Common Victualler 7‑Day All‑Alcoholic Beverages License has petitioned for a
change of Officers/Directors. Secondly, has petitioned for a change of Stock Interest. Lastly, has
petitioned to change the manager of the licensed business – From: Martin Davis To: David
Arrowsmith.
Attorney: Carolyn M Conway

Granted",536c2aa5af6abaff9afe72a91fec678b054883032f054244d166482c9589f79a,,,LB99031,,,explicit_alcohol,,,,,LB99031,2021/ownership-interest-events.json,,,"Davisarrowsmith, Inc.",licensee_entity,6,"{""licensee"": ""Davisarrowsmith, Inc.""}",[],[],,,reviewed_against_full_candidate_and_source_context,,b65e9d88182f00b6d9963ddbff89fb8b7d3db9738d703bc1a5a4b091f880b1bd,"17. Davisarrowsmith, Inc.

Doing business as: INDUSTRY
750 ‑ 754 Adams St., Dorchester, MA 02122
License #: LB‑99031
Holder of a Common Victualler 7‑Day All‑Alcoholic Beverages License has petitioned for a
change of Officers/Directors. Secondly, has petitioned for a change of Stock Interest. Lastly, has
petitioned to change the manager of the licensed business – From: Martin Davis To: David
Arrowsmith.
Attorney: Carolyn M Conway

Granted","[""https://www.boston.gov/sites/default/files/file/2021/12/BLB%20Voting%20Agenda%2012-2-21.pdf""]",2020-2023,,,,,,,
BLB-2021-12-02-c033-ownership,BLB-2021-12-02,b65e9d88182f00b6d9963ddbff89fb8b7d3db9738d703bc1a5a4b091f880b1bd,https://www.boston.gov/sites/default/files/file/2021/12/BLB%20Voting%20Agenda%2012-2-21.pdf,,,2021-12-02,2021-12-02,2021-12-02,11,11,2,ownership_interest,ownership_application_disposition,ownership_application_disposition,granted,Granted,True,True,False,"[""shareholding_change""]",,,"[""Board approval alone does not establish a completed equity transaction, current ownership/control, or private-equity sponsorship."", ""This item is in the Common Victualler changes section and does not state an alcohol license; no linkage to another alcohol record is assumed.""]",,BLB-2021-12-02-c033,BLB-2021-12-02,,,granted,,,,False,La Casa De Pandebono,"Rosas Group, LLC",False,,,,2,"2. Rosas Group, LLC, d/b/a La Casa De Pandebono, 271 Meridian Street, East Boston, MA
02128 has petitioned to remove officer Berta Rosas and Joan Gross, and, secondly, has petitioned
to change the shares From: Berta Rosas – 20 shares, Joan Gross – 39 shares and Manuel
Fernando Rosas 41shares To: Erin Rosas – 51 shares and Manuel Fernando Rosas – 49 shares.

Granted",55a9f87219a6dc66994e42da6e4dcb1036d5eeca074bce1382fef45fd918f4b3,,,,,,common_victualler_no_alcohol_stated,,,,,,2021/ownership-interest-events.json,,,"Rosas Group, LLC",licensee_entity,11,"{""licensee"": ""Rosas Group, LLC""}","[{""name"": ""Erin Rosas"", ""shares_as_stated"": ""51 shares""}, {""name"": ""Manuel Fernando Rosas"", ""shares_as_stated"": ""49 shares""}]","[{""name"": ""Berta Rosas"", ""shares_as_stated"": ""20 shares""}, {""name"": ""Joan Gross"", ""shares_as_stated"": ""39 shares""}, {""name"": ""Manuel Fernando Rosas"", ""shares_as_stated"": ""41shares""}]",,,reviewed_against_full_candidate_and_source_context,,b65e9d88182f00b6d9963ddbff89fb8b7d3db9738d703bc1a5a4b091f880b1bd,"2. Rosas Group, LLC, d/b/a La Casa De Pandebono, 271 Meridian Street, East Boston, MA
02128 has petitioned to remove officer Berta Rosas and Joan Gross, and, secondly, has petitioned
to change the shares From: Berta Rosas – 20 shares, Joan Gross – 39 shares and Manuel
Fernando Rosas 41shares To: Erin Rosas – 51 shares and Manuel Fernando Rosas – 49 shares.

Granted","[""https://www.boston.gov/sites/default/files/file/2021/12/BLB%20Voting%20Agenda%2012-2-21.pdf""]",2020-2023,,,,,,,
BLB-2021-12-02-c034-ownership,BLB-2021-12-02,b65e9d88182f00b6d9963ddbff89fb8b7d3db9738d703bc1a5a4b091f880b1bd,https://www.boston.gov/sites/default/files/file/2021/12/BLB%20Voting%20Agenda%2012-2-21.pdf,,,2021-12-02,2021-12-02,2021-12-02,11,11,3,ownership_interest,ownership_application_disposition,ownership_application_disposition,granted,Granted,True,True,False,"[""shareholding_change""]",,,"[""Board approval alone does not establish a completed equity transaction, current ownership/control, or private-equity sponsorship."", ""This item is in the Common Victualler changes section and does not state an alcohol license; no linkage to another alcohol record is assumed.""]",,BLB-2021-12-02-c034,BLB-2021-12-02,,,granted,,,,False,TeaMoji,"TeaMoji, LLC",False,,,,3,"3. TeaMoji, LLC d/b/a TeaMoji 3 North Beacon St, Allston, MA 02134. Has applied to change
the shares From - King Do 45 shares, Thu Huong Nguyen 45 shares & Wenting Ye 10 shares. To
- King Do 50 shares, Thu Huong Nguyen 50 shares & Wenting Ye 0 shares.

Granted",aedfd4567827b39deb57faecea0ae99b54e77f24595a8c4402e9c3261443f943,,,,,,common_victualler_no_alcohol_stated,,,,,,2021/ownership-interest-events.json,,,"TeaMoji, LLC",licensee_entity,11,"{""licensee"": ""TeaMoji, LLC""}","[{""name"": ""King Do"", ""shares_as_stated"": ""50 shares""}, {""name"": ""Thu Huong Nguyen"", ""shares_as_stated"": ""50 shares""}, {""name"": ""Wenting Ye"", ""shares_as_stated"": ""0 shares""}]","[{""name"": ""King Do"", ""shares_as_stated"": ""45 shares""}, {""name"": ""Thu Huong Nguyen"", ""shares_as_stated"": ""45 shares""}, {""name"": ""Wenting Ye"", ""shares_as_stated"": ""10 shares""}]",,,reviewed_against_full_candidate_and_source_context,,b65e9d88182f00b6d9963ddbff89fb8b7d3db9738d703bc1a5a4b091f880b1bd,"3. TeaMoji, LLC d/b/a TeaMoji 3 North Beacon St, Allston, MA 02134. Has applied to change
the shares From - King Do 45 shares, Thu Huong Nguyen 45 shares & Wenting Ye 10 shares. To
- King Do 50 shares, Thu Huong Nguyen 50 shares & Wenting Ye 0 shares.

Granted","[""https://www.boston.gov/sites/default/files/file/2021/12/BLB%20Voting%20Agenda%2012-2-21.pdf""]",2020-2023,,,,,,,
BLB-2021-12-16-c011-ownership,BLB-2021-12-16,c3136520ba8be78cf7c7c5fbacd3acfa798156915be8de45fd25d2e5dd9af755,https://www.boston.gov/sites/default/files/file/2021/12/Copy%20of%20Voting%20Agenda%20Dec%2016%202021.pdf,LB349943,LB-349943,2021-12-16,2021-12-16,2021-12-16,4,4,5,ownership_interest,ownership_application_disposition,ownership_application_disposition,granted,Granted,True,True,False,"[""corporate_structure_change""]",,,"[""Board approval alone does not establish a completed equity transaction, current ownership/control, or private-equity sponsorship."", ""No shareholder/beneficial-owner names or ownership percentages are stated for this action; manager names are not substituted."", ""Entity-form conversion is explicit; no change of beneficial control is inferred.""]",,BLB-2021-12-16-c011,BLB-2021-12-16,,,granted,Lunas Restaurant Corporation,Lunas Restaurant LLC,Corporate Structure of the licensed business – From: Lunas Restaurant LLC To: Lunas Restaurant Corporation.,True,Luna's Restaurant,"Luna's Restaurant, LLC",False,,,,5,"5. Luna's Restaurant, LLC

Doing business as: Luna's Restaurant
945 Saratoga St., East Boston, MA 02128
License #: LB‑349943
Holder of a Common Victualler 7 Day All‑Alcoholic (Neighborhood Restricted) Beverages
License has petitioned to change the Corporate Structure of the licensed business – From: Lunas
Restaurant LLC To: Lunas Restaurant Corporation.

Granted",89d8e23ade5797442b133e2cedbb6777a73b00114e1de435344e89ed1d7f7e5a,,,LB349943,,,explicit_alcohol,,,,,LB349943,2021/ownership-interest-events.json,,,"Luna's Restaurant, LLC",licensee_entity_form_conversion,4,"{""licensee"": ""Luna's Restaurant, LLC""}",[],[],,,reviewed_against_full_candidate_and_source_context,,c3136520ba8be78cf7c7c5fbacd3acfa798156915be8de45fd25d2e5dd9af755,"5. Luna's Restaurant, LLC

Doing business as: Luna's Restaurant
945 Saratoga St., East Boston, MA 02128
License #: LB‑349943
Holder of a Common Victualler 7 Day All‑Alcoholic (Neighborhood Restricted) Beverages
License has petitioned to change the Corporate Structure of the licensed business – From: Lunas
Restaurant LLC To: Lunas Restaurant Corporation.

Granted","[""https://www.boston.gov/sites/default/files/file/2021/12/Copy%20of%20Voting%20Agenda%20Dec%2016%202021.pdf""]",2020-2023,,,,,,,
BLB-2021-12-16-c016-ownership,BLB-2021-12-16,c3136520ba8be78cf7c7c5fbacd3acfa798156915be8de45fd25d2e5dd9af755,https://www.boston.gov/sites/default/files/file/2021/12/Copy%20of%20Voting%20Agenda%20Dec%2016%202021.pdf,LB99805,LB-99805,2021-12-16,2021-12-16,2021-12-16,6,6,10,ownership_interest,ownership_application_disposition,ownership_application_disposition,granted,Granted,True,True,False,"[""stock_interest_change""]",,,"[""Board approval alone does not establish a completed equity transaction, current ownership/control, or private-equity sponsorship."", ""No shareholder/beneficial-owner names or ownership percentages are stated for this action; manager names are not substituted.""]",,BLB-2021-12-16-c016,BLB-2021-12-16,,,granted,,,,False,KOREA GARDEN,Shin Ha Corporation,False,,,,10,"10. Shin Ha Corporation

Doing business as: KOREA GARDEN
122 Harvard Ave., Allston, MA 02134
License #: LB‑99805
Holder of a Common Victualler 7 Day Wines and Malt Beverages with Liqueurs License has
petitioned to change the corporate name of the licensed business – From: Shin Ha Corp. To: Shin
Ha Inc., Secondly has petitioned to change the d/b/a of the licensed business –From: Korea
Garden To: Korean Garden, Thirdly, has petitioned for a change of Officer/Directors and a
change of Stock Interest. Lastly, has petitioned to change the manager of the licensed business –
From: Thomas H Shin To: Chong Ha.

Granted",10d538baf8978329a02fab585280f0fdd5aa2e33fdb06dcd5ddf0f300bc1555a,,,LB99805,,,explicit_alcohol,,,,,LB99805,2021/ownership-interest-events.json,,,Shin Ha Corporation,licensee_entity,6,"{""licensee"": ""Shin Ha Corporation""}",[],[],,,reviewed_against_full_candidate_and_source_context,,c3136520ba8be78cf7c7c5fbacd3acfa798156915be8de45fd25d2e5dd9af755,"10. Shin Ha Corporation

Doing business as: KOREA GARDEN
122 Harvard Ave., Allston, MA 02134
License #: LB‑99805
Holder of a Common Victualler 7 Day Wines and Malt Beverages with Liqueurs License has
petitioned to change the corporate name of the licensed business – From: Shin Ha Corp. To: Shin
Ha Inc., Secondly has petitioned to change the d/b/a of the licensed business –From: Korea
Garden To: Korean Garden, Thirdly, has petitioned for a change of Officer/Directors and a
change of Stock Interest. Lastly, has petitioned to change the manager of the licensed business –
From: Thomas H Shin To: Chong Ha.

Granted","[""https://www.boston.gov/sites/default/files/file/2021/12/Copy%20of%20Voting%20Agenda%20Dec%2016%202021.pdf""]",2020-2023,,,,,,,
BLB-2021-12-16-c017-ownership,BLB-2021-12-16,c3136520ba8be78cf7c7c5fbacd3acfa798156915be8de45fd25d2e5dd9af755,https://www.boston.gov/sites/default/files/file/2021/12/Copy%20of%20Voting%20Agenda%20Dec%2016%202021.pdf,LB363642,LB-363642,2021-12-16,2021-12-16,2021-12-16,6,6,11,ownership_interest,ownership_application_disposition,ownership_application_disposition,granted,Granted,True,True,False,"[""ownership_interest_change""]",,,"[""Board approval alone does not establish a completed equity transaction, current ownership/control, or private-equity sponsorship."", ""No shareholder/beneficial-owner names or ownership percentages are stated for this action; manager names are not substituted.""]",,BLB-2021-12-16-c017,BLB-2021-12-16,,,granted,,,,False,LUCCA,"Air Ventures, LLC",False,,,,11,"11. Air Ventures, LLC

Doing business as: LUCCA
Logan Airport Terminal B East Boston, MA 02128
License #: LB‑363642
Holder of an (Airport) Common Victualler 7 Day All‑Alcoholic Beverages license has petitioned
for a change of Officers/Directors of the licensed business. Secondly, has petitioned for a change
of Ownership Interest. Lastly, has petitioned to change the manager of the licensed business –
From: Charles Garabedian To: Mark Levine.
Attorney: Andrew F. Upton

Granted",66ace9488276754062b33c4217f862627de0bc7373f3b2ea995ad780cc68cd04,,,LB363642,,,explicit_alcohol,,,,,LB363642,2021/ownership-interest-events.json,,,"Air Ventures, LLC",licensee_entity,6,"{""licensee"": ""Air Ventures, LLC""}",[],[],,,reviewed_against_full_candidate_and_source_context,,c3136520ba8be78cf7c7c5fbacd3acfa798156915be8de45fd25d2e5dd9af755,"11. Air Ventures, LLC

Doing business as: LUCCA
Logan Airport Terminal B East Boston, MA 02128
License #: LB‑363642
Holder of an (Airport) Common Victualler 7 Day All‑Alcoholic Beverages license has petitioned
for a change of Officers/Directors of the licensed business. Secondly, has petitioned for a change
of Ownership Interest. Lastly, has petitioned to change the manager of the licensed business –
From: Charles Garabedian To: Mark Levine.
Attorney: Andrew F. Upton

Granted","[""https://www.boston.gov/sites/default/files/file/2021/12/Copy%20of%20Voting%20Agenda%20Dec%2016%202021.pdf""]",2020-2023,,,,,,,
BLB-2021-12-16-c018-ownership,BLB-2021-12-16,c3136520ba8be78cf7c7c5fbacd3acfa798156915be8de45fd25d2e5dd9af755,https://www.boston.gov/sites/default/files/file/2021/12/Copy%20of%20Voting%20Agenda%20Dec%2016%202021.pdf,LB99469,LB-99469,2021-12-16,2021-12-16,2021-12-16,7,7,12,ownership_interest,ownership_application_disposition,ownership_application_disposition,granted,Granted,True,True,False,"[""ownership_interest_change""]",,,"[""Board approval alone does not establish a completed equity transaction, current ownership/control, or private-equity sponsorship."", ""No shareholder/beneficial-owner names or ownership percentages are stated for this action; manager names are not substituted.""]",,BLB-2021-12-16-c018,BLB-2021-12-16,,,granted,,,,False,VINEYARD GRILLE,"Air Ventures, LLC",False,,,,12,"12. Air Ventures, LLC

Doing business as: VINEYARD GRILLE
Logan Airport, Terminal E East Boston, MA 02128
License #: LB‑99469
Holder of an (Airport) Common Victualler 7 Day All‑Alcoholic Beverages license has petitioned
for a change of Officers/Directors of the licensed business. Secondly, has petitioned for a change
of Ownership Interest. Lastly, has petitioned to change the manager of the licensed business –
From: Charles Garabedian To: Mark Levine.
Attorney: Andrew Upton

Granted",4ec859c30ae74554533d74f1d3cd193b731f361f1edc24c2a6ded9a0a1cce8b0,,,LB99469,,,explicit_alcohol,,,,,LB99469,2021/ownership-interest-events.json,,,"Air Ventures, LLC",licensee_entity,7,"{""licensee"": ""Air Ventures, LLC""}",[],[],,,reviewed_against_full_candidate_and_source_context,,c3136520ba8be78cf7c7c5fbacd3acfa798156915be8de45fd25d2e5dd9af755,"12. Air Ventures, LLC

Doing business as: VINEYARD GRILLE
Logan Airport, Terminal E East Boston, MA 02128
License #: LB‑99469
Holder of an (Airport) Common Victualler 7 Day All‑Alcoholic Beverages license has petitioned
for a change of Officers/Directors of the licensed business. Secondly, has petitioned for a change
of Ownership Interest. Lastly, has petitioned to change the manager of the licensed business –
From: Charles Garabedian To: Mark Levine.
Attorney: Andrew Upton

Granted","[""https://www.boston.gov/sites/default/files/file/2021/12/Copy%20of%20Voting%20Agenda%20Dec%2016%202021.pdf""]",2020-2023,,,,,,,
BLB-2021-12-16-c019-ownership,BLB-2021-12-16,c3136520ba8be78cf7c7c5fbacd3acfa798156915be8de45fd25d2e5dd9af755,https://www.boston.gov/sites/default/files/file/2021/12/Copy%20of%20Voting%20Agenda%20Dec%2016%202021.pdf,LB398570,LB-398570,2021-12-16,2021-12-16,2021-12-16,7,7,13,ownership_interest,ownership_application_disposition,ownership_application_disposition,granted,Granted,True,True,False,"[""ownership_interest_change""]",,,"[""Board approval alone does not establish a completed equity transaction, current ownership/control, or private-equity sponsorship."", ""No shareholder/beneficial-owner names or ownership percentages are stated for this action; manager names are not substituted.""]",,BLB-2021-12-16-c019,BLB-2021-12-16,,,granted,,,,False,NOT YOUR AVERAGE JOE’S,"Air Ventures, LLC",False,,,,13,"13. Air Ventures, LLC

Doing business as: NOT YOUR AVERAGE JOE’S
Logan Airport Terminal B East Boston, MA 02128
License #: LB‑398570
Holder of an (Airport) Common Victualler 7 Day All‑Alcoholic Beverages license has petitioned
for a change of Officers/Directors of the licensed business. Secondly, has petitioned for a change
of Ownership Interest. Lastly, has petitioned to change the manager of the licensed business –
From: Charles Garabedian To: Mark Levine.
Attorney: Andrew F. Upton

Granted",1f59ec227080e8fa19461490ba93988dd847344e755a1461f50ea03130323e2a,,,LB398570,,,explicit_alcohol,,,,,LB398570,2021/ownership-interest-events.json,,,"Air Ventures, LLC",licensee_entity,7,"{""licensee"": ""Air Ventures, LLC""}",[],[],,,reviewed_against_full_candidate_and_source_context,,c3136520ba8be78cf7c7c5fbacd3acfa798156915be8de45fd25d2e5dd9af755,"13. Air Ventures, LLC

Doing business as: NOT YOUR AVERAGE JOE’S
Logan Airport Terminal B East Boston, MA 02128
License #: LB‑398570
Holder of an (Airport) Common Victualler 7 Day All‑Alcoholic Beverages license has petitioned
for a change of Officers/Directors of the licensed business. Secondly, has petitioned for a change
of Ownership Interest. Lastly, has petitioned to change the manager of the licensed business –
From: Charles Garabedian To: Mark Levine.
Attorney: Andrew F. Upton

Granted","[""https://www.boston.gov/sites/default/files/file/2021/12/Copy%20of%20Voting%20Agenda%20Dec%2016%202021.pdf""]",2020-2023,,,,,,,
BLB-2021-12-16-c038-ownership,BLB-2021-12-16,c3136520ba8be78cf7c7c5fbacd3acfa798156915be8de45fd25d2e5dd9af755,https://www.boston.gov/sites/default/files/file/2021/12/Copy%20of%20Voting%20Agenda%20Dec%2016%202021.pdf,,,2021-12-16,2021-12-16,2021-12-16,14,14,2,ownership_interest,ownership_application_disposition,ownership_application_disposition,granted,Granted,True,True,False,"[""owner_change""]",,,"[""Board approval alone does not establish a completed equity transaction, current ownership/control, or private-equity sponsorship."", ""The proposed manager is Tianzhi Pan. Only the explicitly named owner Dianjun Pan is placed in parties_after."", ""This item is in the Common Victualler changes section and does not state an alcohol license; no linkage to another alcohol record is assumed.""]",,BLB-2021-12-16-c038,BLB-2021-12-16,,,granted,,,,False,Wingit,"Genesis LTW, Inc.",False,,,,2,"2. Genesis LTW, Inc. d/b/a Wingit, 1153 Commonwealth Avenue, Allston, MA 02134 has
petitioned to change the owner From: Jinou Zhang To: Dianjun Pan, and secondly, has petitioned
to change the manager From: Jinou Zhang To: Tianzhi Pan as manager.

Granted",9ad7f1f8039494a7f3cc4316f1bb96c63e82654ee083cb1ca87810699a86da8f,,,,,,common_victualler_no_alcohol_stated,,,,,,2021/ownership-interest-events.json,,,"Genesis LTW, Inc.",licensee_entity,14,"{""licensee"": ""Genesis LTW, Inc.""}","[{""name"": ""Dianjun Pan"", ""role_as_stated"": ""owner""}]","[{""name"": ""Jinou Zhang"", ""role_as_stated"": ""owner""}]",,,reviewed_against_full_candidate_and_source_context,,c3136520ba8be78cf7c7c5fbacd3acfa798156915be8de45fd25d2e5dd9af755,"2. Genesis LTW, Inc. d/b/a Wingit, 1153 Commonwealth Avenue, Allston, MA 02134 has
petitioned to change the owner From: Jinou Zhang To: Dianjun Pan, and secondly, has petitioned
to change the manager From: Jinou Zhang To: Tianzhi Pan as manager.

Granted","[""https://www.boston.gov/sites/default/files/file/2021/12/Copy%20of%20Voting%20Agenda%20Dec%2016%202021.pdf""]",2020-2023,,,,,,,
BLB-2022-01-06-017-ownership,BLB-2022-01-06,b3c32365a321fdf58fa9be203e5e6834f75f0270ab2ba234dba6d5e587e9303e,https://www.boston.gov/sites/default/files/file/2022/01/Final%201-6-22%20Voting%20Agenda%20%281%29.pdf,LB99387,LB-99387,2022-01-06,2022-01-06,2022-01-06,6,6,7,ownership_interest,ownership_application_disposition,ownership_application_disposition,granted,Granted,True,True,False,"[""ownership_interest_change"", ""stock_interest_change""]",,True,"[""No prior or new equity holders or percentages are stated; officer/manager changes are not substituted for equity ownership.""]",,BLB-2022-01-06-017,BLB-2022-01-06,,,granted,,,,False,WAHLBURGERS,Wahlburgers Fenway LLC,False,False,"132 Brookline Ave., Boston, MA 02215",Wahlburgers Fenway LLC,7,"7. Wahlburgers Fenway LLC

Doing business as: WAHLBURGERS
132 Brookline Ave., Boston, MA 02215
License #: LB‑99387
Holder of a Common Victualler 7 Day All‑Alcoholic Beverages License has petitioned for a
change of Officers/Directors of the Corporation. Secondly, has petitioned for a change of
Ownership and Stock Interest.
Attorney: Marci Costa

Granted
______________________________________________________________________________",09c35533625591c1e9942d91f3046606e99d890b2b4e8fcf26b61692ac4c463f,alcohol_explicit,,LB99387,LB‑99387,"[""LB-99387""]",explicit_alcohol,Wahlburgers Fenway LLC,WAHLBURGERS,,[],LB99387,2022/ownership-interest-events.json,"[""ownership_interest_change"", ""stock_interest_change""]",,,,6,"{""licensee"": ""Wahlburgers Fenway LLC"", ""licensee_dba"": ""WAHLBURGERS"", ""from_address"": ""132 Brookline Ave., Boston, MA 02215"", ""transferor"": ""Wahlburgers Fenway LLC"", ""transferor_dba"": ""WAHLBURGERS"", ""transferee"": null, ""transferee_dba"": null, ""to_address"": null}",[],[],[],False,manually_reviewed,,b3c32365a321fdf58fa9be203e5e6834f75f0270ab2ba234dba6d5e587e9303e,"7. Wahlburgers Fenway LLC

Doing business as: WAHLBURGERS
132 Brookline Ave., Boston, MA 02215
License #: LB‑99387
Holder of a Common Victualler 7 Day All‑Alcoholic Beverages License has petitioned for a
change of Officers/Directors of the Corporation. Secondly, has petitioned for a change of
Ownership and Stock Interest.
Attorney: Marci Costa

Granted
______________________________________________________________________________","[""https://www.boston.gov/sites/default/files/file/2022/01/Final%201-6-22%20Voting%20Agenda%20%281%29.pdf""]",2020-2023,,,,,,Wahlburgers Fenway LLC,WAHLBURGERS
BLB-2022-01-06-018-ownership,BLB-2022-01-06,b3c32365a321fdf58fa9be203e5e6834f75f0270ab2ba234dba6d5e587e9303e,https://www.boston.gov/sites/default/files/file/2022/01/Final%201-6-22%20Voting%20Agenda%20%281%29.pdf,LB364807,LB-364807,2022-01-06,2022-01-06,2022-01-06,7,7,8,ownership_interest,ownership_application_disposition,ownership_application_disposition,granted,Granted,True,True,False,"[""ownership_interest_change"", ""stock_interest_change""]",,True,"[""No prior or new equity holders or percentages are stated; officer/manager changes are not substituted for equity ownership.""]",,BLB-2022-01-06-018,BLB-2022-01-06,,,granted,,,,False,WAHLBURGERS,"Wahlburgers South Bay Company, LLC",False,False,"9 District Av., Dorchester, MA 02125","Wahlburgers South Bay Company, LLC",8,"8. Wahlburgers South Bay Company, LLC

Doing business as: WAHLBURGERS
9 District Av., Dorchester, MA 02125
License #: LB‑364807
Holder of a (South Bay Restricted) Common Victualler 7 Day All‑Alcoholic Beverages License
has petitioned for a change of Officers/Directors of the Corporation. Secondly, has petitioned for
a change of Ownership and Stock Interest. Lastly has petitioned to change the manager of the
licensed business – From: John Rogan To: James Smith Jr.
Attorney: Marci Costa

Granted
______________________________________________________________________________",b26d3389970d6767f9ab404c4af1bb8d7310237b38d17ec25bdbdf666cc5f76a,alcohol_explicit,,LB364807,LB‑364807,"[""LB-364807""]",explicit_alcohol,"Wahlburgers South Bay Company, LLC",WAHLBURGERS,,[],LB364807,2022/ownership-interest-events.json,"[""ownership_interest_change"", ""stock_interest_change""]",,,,7,"{""licensee"": ""Wahlburgers South Bay Company, LLC"", ""licensee_dba"": ""WAHLBURGERS"", ""from_address"": ""9 District Av., Dorchester, MA 02125"", ""transferor"": ""Wahlburgers South Bay Company, LLC"", ""transferor_dba"": ""WAHLBURGERS"", ""transferee"": null, ""transferee_dba"": null, ""to_address"": null}",[],[],[],False,manually_reviewed,,b3c32365a321fdf58fa9be203e5e6834f75f0270ab2ba234dba6d5e587e9303e,"8. Wahlburgers South Bay Company, LLC

Doing business as: WAHLBURGERS
9 District Av., Dorchester, MA 02125
License #: LB‑364807
Holder of a (South Bay Restricted) Common Victualler 7 Day All‑Alcoholic Beverages License
has petitioned for a change of Officers/Directors of the Corporation. Secondly, has petitioned for
a change of Ownership and Stock Interest. Lastly has petitioned to change the manager of the
licensed business – From: John Rogan To: James Smith Jr.
Attorney: Marci Costa

Granted
______________________________________________________________________________","[""https://www.boston.gov/sites/default/files/file/2022/01/Final%201-6-22%20Voting%20Agenda%20%281%29.pdf""]",2020-2023,,,,,,"Wahlburgers South Bay Company, LLC",WAHLBURGERS
BLB-2022-02-03-016-ownership,BLB-2022-02-03,6820121d51dca08621bf80056e2f0c0257414522e7e8c0891eaaecc3aa9cb1d2,https://www.boston.gov/sites/default/files/file/2022/02/Voting%20Minutes%20Feb%203.docx.pdf,LB101977,LB-101977,2022-02-03,2022-02-03,2022-02-03,6,6,6,ownership_interest,ownership_application_disposition,ownership_application_disposition,granted,Granted,True,True,False,"[""stock_interest_change""]",,True,"[""No prior or new equity holders or percentages are stated; officer/manager changes are not substituted for equity ownership.""]",,BLB-2022-02-03-016,BLB-2022-02-03,,,granted,,,,False,Harborpoint Liquors,Keshav Jay Corp.,False,False,"45 William T Morrissey Blvd., Dorchester, MA 02125",Keshav Jay Corp.,6,"6. Keshav Jay Corp.

Doing business as: Harborpoint Liquors
45 William T Morrissey Blvd., Dorchester, MA 02125
License #: LB‑101977
Holder of a Retail Package Store All‑Alcoholic Beverages License has petitioned to change the
manager of the licensed business – From: Prashant Patel To: Jay Patel. Secondly, has petitioned
for a Change of Stock.
Attorney: Matthew S. Porter

Granted
______________________________________________________________________________",37de178cab645ed68a91e561dd0ce75fde9f84ace7f8fecfd6f460a65f8975d6,alcohol_explicit,,LB101977,LB‑101977,"[""LB-101977""]",explicit_alcohol,Keshav Jay Corp.,Harborpoint Liquors,,[],LB101977,2022/ownership-interest-events.json,"[""stock_interest_change""]",,,,6,"{""licensee"": ""Keshav Jay Corp."", ""licensee_dba"": ""Harborpoint Liquors"", ""from_address"": ""45 William T Morrissey Blvd., Dorchester, MA 02125"", ""transferor"": ""Keshav Jay Corp."", ""transferor_dba"": ""Harborpoint Liquors"", ""transferee"": null, ""transferee_dba"": null, ""to_address"": null}",[],[],[],False,manually_reviewed,,6820121d51dca08621bf80056e2f0c0257414522e7e8c0891eaaecc3aa9cb1d2,"6. Keshav Jay Corp.

Doing business as: Harborpoint Liquors
45 William T Morrissey Blvd., Dorchester, MA 02125
License #: LB‑101977
Holder of a Retail Package Store All‑Alcoholic Beverages License has petitioned to change the
manager of the licensed business – From: Prashant Patel To: Jay Patel. Secondly, has petitioned
for a Change of Stock.
Attorney: Matthew S. Porter

Granted
______________________________________________________________________________","[""https://www.boston.gov/sites/default/files/file/2022/02/Voting%20Minutes%20Feb%203.docx.pdf""]",2020-2023,,,,,,Keshav Jay Corp.,Harborpoint Liquors
BLB-2022-02-03-031-ownership,BLB-2022-02-03,6820121d51dca08621bf80056e2f0c0257414522e7e8c0891eaaecc3aa9cb1d2,https://www.boston.gov/sites/default/files/file/2022/02/Voting%20Minutes%20Feb%203.docx.pdf,,,2022-02-03,2022-02-03,2022-02-03,11,11,2,ownership_interest,ownership_application_disposition,ownership_application_disposition,granted,Granted,True,True,False,"[""share_change""]",,False,"[""Source states share counts, not ownership percentages. Common Victualler item does not state alcohol category or license ID.""]",,BLB-2022-02-03-031,BLB-2022-02-03,,,granted,,,,False,,"Fratello's Pizzeria and Shawarma, Inc.",False,False,"563 Washington St, Brighton, Ma 02135","Fratello's Pizzeria and Shawarma, Inc. 563 Washington St, Brighton, Ma 02135. Has applied",2,"2. Fratello's Pizzeria and Shawarma, Inc. 563 Washington St, Brighton, Ma 02135. Has applied
for a change of shares/officers. From - Aleksandr Yeghiyan (manager) 30 shares, Harutyun
Sahakyan (owner) 70 shares. To - Harutyun Sahakyan (owner/manager) 100 shares.

Granted

______________________________________________________________________________

ALL SPECIAL ONE DAY LICENSES HAVE BEEN GRANTED",896bf19b0c37a22f6c738917ff7029ecd07068b89ad29aefff585e7de482499a,common_victualler_non_alcohol_or_unspecified,,,,[],common_victualler_no_alcohol_stated,"Fratello's Pizzeria and Shawarma, Inc.",,,"[""Harutyun Sahakyan""]",,2022/ownership-interest-events.json,"[""share_change""]",,,,11,"{""licensee"": ""Fratello's Pizzeria and Shawarma, Inc."", ""licensee_dba"": null, ""from_address"": null, ""transferor"": ""Fratello's Pizzeria and Shawarma, Inc. 563 Washington St, Brighton, Ma 02135. Has applied"", ""transferor_dba"": null, ""transferee"": null, ""transferee_dba"": null, ""to_address"": null}","[{""name"": ""Harutyun Sahakyan"", ""shares"": 100}]","[{""name"": ""Aleksandr Yeghiyan"", ""shares"": 30}, {""name"": ""Harutyun Sahakyan"", ""shares"": 70}]","[""Aleksandr Yeghiyan"", ""Harutyun Sahakyan""]",False,manually_reviewed,,6820121d51dca08621bf80056e2f0c0257414522e7e8c0891eaaecc3aa9cb1d2,"2. Fratello's Pizzeria and Shawarma, Inc. 563 Washington St, Brighton, Ma 02135. Has applied
for a change of shares/officers. From - Aleksandr Yeghiyan (manager) 30 shares, Harutyun
Sahakyan (owner) 70 shares. To - Harutyun Sahakyan (owner/manager) 100 shares.

Granted

______________________________________________________________________________

ALL SPECIAL ONE DAY LICENSES HAVE BEEN GRANTED","[""https://www.boston.gov/sites/default/files/file/2022/02/Voting%20Minutes%20Feb%203.docx.pdf""]",2020-2023,,,,,,"Fratello's Pizzeria and Shawarma, Inc. 563 Washington St, Brighton, Ma 02135. Has applied",
BLB-2022-02-17-020-ownership,BLB-2022-02-17,63e8e5042a2c13bd5b5e5eb0a4ec227371ac49b4138445531e38faf46dce0872,https://www.boston.gov/sites/default/files/file/2022/02/Voting%20Minutes%20Feb.%2017%202022.docx.pdf,LB101846,LB-101846,2022-02-17,2022-02-17,2022-02-17,7,7,10,ownership_interest,ownership_application_disposition,ownership_application_disposition,granted,Granted,True,True,False,"[""ownership_interest_change"", ""stock_interest_change""]",,True,"[""No prior or new equity holders or percentages are stated; officer/manager changes are not substituted for equity ownership.""]",,BLB-2022-02-17-020,BLB-2022-02-17,,,granted,,,,False,Golden Goose Market,"Stephen T. DeAngelis, Inc.",False,False,"179 Commercial Street, Boston, MA 02109","Stephen T. DeAngelis, Inc.",10,"10. Stephen T. DeAngelis, Inc.
Doing business as: Golden Goose Market
179 Commercial Street, Boston, MA 02109
License #: LB-101846
Holder of a Retail Package Store All-Alcoholic Beverages License has petitioned for a change in
Officers/Directors/LLC Manager of the corporation. Secondly, has petitioned for a change in
Stock Ownership/Interest. Lastly, has petitioned to change the manager of the licensed business –
From: Stephen T. DeAngelis To: Jesse Powers.

Granted",6910b618400468aa2fceae8e2ed1da77d0828b4ebe28459d3cf57f4f7a4182a1,alcohol_explicit,,LB101846,LB-101846,"[""LB-101846""]",explicit_alcohol,"Stephen T. DeAngelis, Inc.",Golden Goose Market,,[],LB101846,2022/ownership-interest-events.json,"[""ownership_interest_change"", ""stock_interest_change""]",,,,7,"{""licensee"": ""Stephen T. DeAngelis, Inc."", ""licensee_dba"": ""Golden Goose Market"", ""from_address"": ""179 Commercial Street, Boston, MA 02109"", ""transferor"": ""Stephen T. DeAngelis, Inc."", ""transferor_dba"": ""Golden Goose Market"", ""transferee"": null, ""transferee_dba"": null, ""to_address"": null}",[],[],[],False,manually_reviewed,,63e8e5042a2c13bd5b5e5eb0a4ec227371ac49b4138445531e38faf46dce0872,"10. Stephen T. DeAngelis, Inc.
Doing business as: Golden Goose Market
179 Commercial Street, Boston, MA 02109
License #: LB-101846
Holder of a Retail Package Store All-Alcoholic Beverages License has petitioned for a change in
Officers/Directors/LLC Manager of the corporation. Secondly, has petitioned for a change in
Stock Ownership/Interest. Lastly, has petitioned to change the manager of the licensed business –
From: Stephen T. DeAngelis To: Jesse Powers.

Granted","[""https://www.boston.gov/sites/default/files/file/2022/02/Voting%20Minutes%20Feb.%2017%202022.docx.pdf""]",2020-2023,,,,,,"Stephen T. DeAngelis, Inc.",Golden Goose Market
BLB-2022-02-17-021-ownership,BLB-2022-02-17,63e8e5042a2c13bd5b5e5eb0a4ec227371ac49b4138445531e38faf46dce0872,https://www.boston.gov/sites/default/files/file/2022/02/Voting%20Minutes%20Feb.%2017%202022.docx.pdf,LB99296,LB-99296,2022-02-17,2022-02-17,2022-02-17,7,7,11,ownership_interest,ownership_application_disposition,ownership_application_disposition,granted,Granted,True,True,False,"[""ownership_interest_change"", ""stock_interest_change"", ""corporate_name_change""]",,True,"[""No prior or new equity holders or percentages are stated; officer/manager changes are not substituted for equity ownership.""]",,BLB-2022-02-17-021,BLB-2022-02-17,,,granted,Mul’s Pub Inc.,Amrhein’s Inc.,,False,Amrhein’s,Amrhein’s Incorporated,False,False,"80 W. Broadway, Boston, MA 02127",Amrhein’s Incorporated,11,"11. Amrhein’s Incorporated
Doing business as: Amrhein’s
80 W. Broadway, Boston, MA 02127
License #: LB-99296
Holder of a Common Victualler 7 Day All-Alcoholic Beverages License has petitioned to change
the Corporate Name of the licensed business – From: Amrhein’s Inc. To: Mul’s Pub Inc.
Secondly, has petitioned for a change in Officers/Directors/LLC Manager. Lastly, has petitioned
for a change in Stock and Ownership Interest.

Granted",cb4bacdb86d63b67858170c79ddc15d9158cf20da0c7aabc82852c9756f26e89,alcohol_explicit,,LB99296,LB-99296,"[""LB-99296""]",explicit_alcohol,Amrhein’s Incorporated,Amrhein’s,,[],LB99296,2022/ownership-interest-events.json,"[""ownership_interest_change"", ""stock_interest_change"", ""corporate_name_change""]",,,,7,"{""licensee"": ""Amrhein’s Incorporated"", ""licensee_dba"": ""Amrhein’s"", ""from_address"": ""80 W. Broadway, Boston, MA 02127"", ""transferor"": ""Amrhein’s Incorporated"", ""transferor_dba"": ""Amrhein’s"", ""transferee"": null, ""transferee_dba"": null, ""to_address"": null}",[],[],[],False,manually_reviewed,,63e8e5042a2c13bd5b5e5eb0a4ec227371ac49b4138445531e38faf46dce0872,"11. Amrhein’s Incorporated
Doing business as: Amrhein’s
80 W. Broadway, Boston, MA 02127
License #: LB-99296
Holder of a Common Victualler 7 Day All-Alcoholic Beverages License has petitioned to change
the Corporate Name of the licensed business – From: Amrhein’s Inc. To: Mul’s Pub Inc.
Secondly, has petitioned for a change in Officers/Directors/LLC Manager. Lastly, has petitioned
for a change in Stock and Ownership Interest.

Granted","[""https://www.boston.gov/sites/default/files/file/2022/02/Voting%20Minutes%20Feb.%2017%202022.docx.pdf""]",2020-2023,,,,,,Amrhein’s Incorporated,Amrhein’s
BLB-2022-02-17-022-ownership,BLB-2022-02-17,63e8e5042a2c13bd5b5e5eb0a4ec227371ac49b4138445531e38faf46dce0872,https://www.boston.gov/sites/default/files/file/2022/02/Voting%20Minutes%20Feb.%2017%202022.docx.pdf,LB101935,LB-101935,2022-02-17,2022-02-17,2022-02-17,8,8,12,ownership_interest,ownership_application_disposition,ownership_application_disposition,granted,Granted,True,True,False,"[""ownership_interest_change"", ""stock_interest_change""]",,True,"[""No prior or new equity holders or percentages are stated; officer/manager changes are not substituted for equity ownership.""]",,BLB-2022-02-17-022,BLB-2022-02-17,,,granted,,,,False,Dorrs Liquor Mart,"Hyde Park Liquors II, Inc.",False,False,"356 Washington Street, Brighton, MA 02135","Hyde Park Liquors II, Inc., D/B/A Dorrs Liquor Mart",12,"12. Hyde Park Liquors II, Inc., D/B/A Dorrs Liquor Mart
356 Washington Street, Brighton, MA 02135
License #: LB-101935
Holder of a Retail Package Store All-Alcoholic Beverages License has petitioned for a change
in Officers /Directors/LLC Manager of the corporation. Secondly has petitioned for a change in
Stock Ownership/Interest. Lastly, has petitioned to change the manager of the licensed business
– From: Kim M. Dervishian To: Kerri DiGregorio.

Granted",9a6e0da58430781dd2dc8498ad0c48b6d81e5642a246d1f05b2cf949f21005a2,alcohol_explicit,,LB101935,LB-101935,"[""LB-101935""]",explicit_alcohol,"Hyde Park Liquors II, Inc.",Dorrs Liquor Mart,,[],LB101935,2022/ownership-interest-events.json,"[""ownership_interest_change"", ""stock_interest_change""]",,,,8,"{""licensee"": ""Hyde Park Liquors II, Inc."", ""licensee_dba"": ""Dorrs Liquor Mart"", ""from_address"": ""356 Washington Street, Brighton, MA 02135"", ""transferor"": ""Hyde Park Liquors II, Inc., D/B/A Dorrs Liquor Mart"", ""transferor_dba"": null, ""transferee"": null, ""transferee_dba"": null, ""to_address"": null}",[],[],[],False,manually_reviewed,,63e8e5042a2c13bd5b5e5eb0a4ec227371ac49b4138445531e38faf46dce0872,"12. Hyde Park Liquors II, Inc., D/B/A Dorrs Liquor Mart
356 Washington Street, Brighton, MA 02135
License #: LB-101935
Holder of a Retail Package Store All-Alcoholic Beverages License has petitioned for a change
in Officers /Directors/LLC Manager of the corporation. Secondly has petitioned for a change in
Stock Ownership/Interest. Lastly, has petitioned to change the manager of the licensed business
– From: Kim M. Dervishian To: Kerri DiGregorio.

Granted","[""https://www.boston.gov/sites/default/files/file/2022/02/Voting%20Minutes%20Feb.%2017%202022.docx.pdf""]",2020-2023,,,,,,"Hyde Park Liquors II, Inc., D/B/A Dorrs Liquor Mart",
BLB-2022-02-17-023-ownership,BLB-2022-02-17,63e8e5042a2c13bd5b5e5eb0a4ec227371ac49b4138445531e38faf46dce0872,https://www.boston.gov/sites/default/files/file/2022/02/Voting%20Minutes%20Feb.%2017%202022.docx.pdf,LB99369,LB-99369,2022-02-17,2022-02-17,2022-02-17,8,8,13,ownership_interest,ownership_application_disposition,ownership_application_disposition,granted,Granted,True,True,False,"[""ownership_interest_change"", ""stock_interest_change""]",,True,"[""No prior or new equity holders or percentages are stated; officer/manager changes are not substituted for equity ownership.""]",,BLB-2022-02-17-023,BLB-2022-02-17,,,granted,,,,False,Yard House,"Yard House USA, Inc.",False,False,"126 Brookline Avenue, Boston, MA 02215","Yard House USA, Inc.",13,"13. Yard House USA, Inc.
Doing business as: Yard House
126 Brookline Avenue, Boston, MA 02215
License #: LB-99369
Holder of a Common Victualler 7 Day All-Alcoholic Beverages License has petitioned for a
change of Officers/Directors of the Corporation. Secondly has petitioned for a change of
Stock/Ownership Interest.
Attorney: Joseph H. Devlin

Granted",748e969f3980d6e266694d6b7359454ae3ec72665df7a115a2bd582ff33a52d9,alcohol_explicit,,LB99369,LB-99369,"[""LB-99369""]",explicit_alcohol,"Yard House USA, Inc.",Yard House,,[],LB99369,2022/ownership-interest-events.json,"[""ownership_interest_change"", ""stock_interest_change""]",,,,8,"{""licensee"": ""Yard House USA, Inc."", ""licensee_dba"": ""Yard House"", ""from_address"": ""126 Brookline Avenue, Boston, MA 02215"", ""transferor"": ""Yard House USA, Inc."", ""transferor_dba"": ""Yard House"", ""transferee"": null, ""transferee_dba"": null, ""to_address"": null}",[],[],[],False,manually_reviewed,,63e8e5042a2c13bd5b5e5eb0a4ec227371ac49b4138445531e38faf46dce0872,"13. Yard House USA, Inc.
Doing business as: Yard House
126 Brookline Avenue, Boston, MA 02215
License #: LB-99369
Holder of a Common Victualler 7 Day All-Alcoholic Beverages License has petitioned for a
change of Officers/Directors of the Corporation. Secondly has petitioned for a change of
Stock/Ownership Interest.
Attorney: Joseph H. Devlin

Granted","[""https://www.boston.gov/sites/default/files/file/2022/02/Voting%20Minutes%20Feb.%2017%202022.docx.pdf""]",2020-2023,,,,,,"Yard House USA, Inc.",Yard House
BLB-2022-03-03-018-ownership,BLB-2022-03-03,3960e526806302ec4504ab2471f7d439434304d735314e4a3eeb790198f57b39,https://www.boston.gov/sites/default/files/file/2022/03/Voting%20Minutes%203-3-22%20-%20Final.docx.pdf,LB99025,LB-99025,2022-03-03,2022-03-03,2022-03-03,7,7,12,ownership_interest,ownership_application_disposition,ownership_application_disposition,granted,Granted,True,True,False,"[""ownership_interest_change"", ""stock_interest_change""]",,True,"[""No prior or new equity holders or percentages are stated; officer/manager changes are not substituted for equity ownership.""]",,BLB-2022-03-03-018,BLB-2022-03-03,,,granted,,,,False,,"Sip Wine Bar and Kitchen, Inc.",False,False,"571 ‑ 581 Washington St., Boston, MA 02111","Sip Wine Bar and Kitchen, Inc.",12,"12. Sip Wine Bar and Kitchen, Inc.

571 ‑ 581 Washington St., Boston, MA 02111
License #: LB‑99025
Holder of a Common Victualler 7 Day All‑Alcoholic Beverages License has petitioned for a
change of Officers/Directors/LLC Manager. Secondly, has petitioned for a change of
Stock/Ownership Interest.

Granted
______________________________________________________________________________",e4c9b3a19bf064cf721bd21ea43e7510f34e15564b911fea91e2bbe5a977bca0,alcohol_explicit,,LB99025,LB‑99025,"[""LB-99025""]",explicit_alcohol,"Sip Wine Bar and Kitchen, Inc.",,,[],LB99025,2022/ownership-interest-events.json,"[""ownership_interest_change"", ""stock_interest_change""]",,,,7,"{""licensee"": ""Sip Wine Bar and Kitchen, Inc."", ""licensee_dba"": null, ""from_address"": ""571 ‑ 581 Washington St., Boston, MA 02111"", ""transferor"": ""Sip Wine Bar and Kitchen, Inc."", ""transferor_dba"": null, ""transferee"": null, ""transferee_dba"": null, ""to_address"": null}",[],[],[],False,manually_reviewed,,3960e526806302ec4504ab2471f7d439434304d735314e4a3eeb790198f57b39,"12. Sip Wine Bar and Kitchen, Inc.

571 ‑ 581 Washington St., Boston, MA 02111
License #: LB‑99025
Holder of a Common Victualler 7 Day All‑Alcoholic Beverages License has petitioned for a
change of Officers/Directors/LLC Manager. Secondly, has petitioned for a change of
Stock/Ownership Interest.

Granted
______________________________________________________________________________","[""https://www.boston.gov/sites/default/files/file/2022/03/Voting%20Minutes%203-3-22%20-%20Final.docx.pdf""]",2020-2023,,,,,,"Sip Wine Bar and Kitchen, Inc.",
BLB-2022-03-03-019-ownership,BLB-2022-03-03,3960e526806302ec4504ab2471f7d439434304d735314e4a3eeb790198f57b39,https://www.boston.gov/sites/default/files/file/2022/03/Voting%20Minutes%203-3-22%20-%20Final.docx.pdf,LB98967,LB-98967,2022-03-03,2022-03-03,2022-03-03,7,7,13,ownership_interest,ownership_application_disposition,ownership_application_disposition,granted,Granted,True,True,False,"[""ownership_interest_change"", ""stock_interest_change""]",,True,"[""No prior or new equity holders or percentages are stated; officer/manager changes are not substituted for equity ownership.""]",,BLB-2022-03-03-019,BLB-2022-03-03,,,granted,,,,False,Tavern at the End of the World,Cork & Tipp Tavern Inc.,False,False,"108 Cambridge St., Charlestown, MA 02129",Cork & Tipp Tavern Inc.,13,"13. Cork & Tipp Tavern Inc.

Doing business as: Tavern at the End of the World
108 Cambridge St., Charlestown, MA 02129
License #: LB‑98967
Holder of a Common Victualler 7 Day All‑Alcoholic Beverages License has petitioned for a
change of Officers/Directors/LLC Manager. Secondly, has petitioned for a change of
Stock/Ownership Interest.
Attorney: Andrew F. Upton

Granted
______________________________________________________________________________",3e17af5470233179fa49cef9752de569d1d515357c7b9370347927a39338bdab,alcohol_explicit,,LB98967,LB‑98967,"[""LB-98967""]",explicit_alcohol,Cork & Tipp Tavern Inc.,Tavern at the End of the World,,[],LB98967,2022/ownership-interest-events.json,"[""ownership_interest_change"", ""stock_interest_change""]",,,,7,"{""licensee"": ""Cork & Tipp Tavern Inc."", ""licensee_dba"": ""Tavern at the End of the World"", ""from_address"": ""108 Cambridge St., Charlestown, MA 02129"", ""transferor"": ""Cork & Tipp Tavern Inc."", ""transferor_dba"": ""Tavern at the End of the World"", ""transferee"": null, ""transferee_dba"": null, ""to_address"": null}",[],[],[],False,manually_reviewed,,3960e526806302ec4504ab2471f7d439434304d735314e4a3eeb790198f57b39,"13. Cork & Tipp Tavern Inc.

Doing business as: Tavern at the End of the World
108 Cambridge St., Charlestown, MA 02129
License #: LB‑98967
Holder of a Common Victualler 7 Day All‑Alcoholic Beverages License has petitioned for a
change of Officers/Directors/LLC Manager. Secondly, has petitioned for a change of
Stock/Ownership Interest.
Attorney: Andrew F. Upton

Granted
______________________________________________________________________________","[""https://www.boston.gov/sites/default/files/file/2022/03/Voting%20Minutes%203-3-22%20-%20Final.docx.pdf""]",2020-2023,,,,,,Cork & Tipp Tavern Inc.,Tavern at the End of the World
BLB-2022-03-24-021-ownership,BLB-2022-03-24,73e4b289780099189c5ac2bef216a2197eb43a3efca1f1655eb5ce3e13dfa0e6,https://www.boston.gov/sites/default/files/file/2022/03/Voting%20Minutes%203-24-22.docx.pdf,LB99397,LB-99397,2022-03-24,2022-03-24,2022-03-24,9,9,12,ownership_interest,ownership_application_disposition,ownership_application_disposition,granted,Granted,True,True,False,"[""stock_interest_change""]",,True,"[""No prior or new equity holders or percentages are stated; officer/manager changes are not substituted for equity ownership.""]",,BLB-2022-03-24-021,BLB-2022-03-24,,,granted,,,,False,Billy Tse Restaurant,"Cuisine De Asia, Inc.",False,False,"240 Commercial St., Boston, MA 02109","Cuisine De Asia, Inc.",12,"12. Cuisine De Asia, Inc.

Doing business as: Billy Tse Restaurant
240 Commercial St., Boston, MA 02109
License #: LB-99397
Holder of a Common Victualler 7 Day All-Alcoholic Beverages License has petitioned for a change
of Officers/Directors/LLC Managers. Secondly, has petitioned for a change of Stock Interest. Lastly,
has petitioned to change the manager of the licensed business – From: Nancy Chan To: Ricky Hai
Zou.
Attorney: Ka-yung Wong

Granted
________________________________________________________________________________________________",741cca242bbb6f4939e63f9cfd16399cb50fcc1c44b8f7f0c12c81ae301b892b,alcohol_explicit,,LB99397,LB-99397,"[""LB-99397""]",explicit_alcohol,"Cuisine De Asia, Inc.",Billy Tse Restaurant,,[],LB99397,2022/ownership-interest-events.json,"[""stock_interest_change""]",,,,9,"{""licensee"": ""Cuisine De Asia, Inc."", ""licensee_dba"": ""Billy Tse Restaurant"", ""from_address"": ""240 Commercial St., Boston, MA 02109"", ""transferor"": ""Cuisine De Asia, Inc."", ""transferor_dba"": ""Billy Tse Restaurant"", ""transferee"": null, ""transferee_dba"": null, ""to_address"": null}",[],[],[],False,manually_reviewed,,73e4b289780099189c5ac2bef216a2197eb43a3efca1f1655eb5ce3e13dfa0e6,"12. Cuisine De Asia, Inc.

Doing business as: Billy Tse Restaurant
240 Commercial St., Boston, MA 02109
License #: LB-99397
Holder of a Common Victualler 7 Day All-Alcoholic Beverages License has petitioned for a change
of Officers/Directors/LLC Managers. Secondly, has petitioned for a change of Stock Interest. Lastly,
has petitioned to change the manager of the licensed business – From: Nancy Chan To: Ricky Hai
Zou.
Attorney: Ka-yung Wong

Granted
________________________________________________________________________________________________","[""https://www.boston.gov/sites/default/files/file/2022/03/Voting%20Minutes%203-24-22.docx.pdf""]",2020-2023,,,,,,"Cuisine De Asia, Inc.",Billy Tse Restaurant
BLB-2022-03-24-028-ownership,BLB-2022-03-24,73e4b289780099189c5ac2bef216a2197eb43a3efca1f1655eb5ce3e13dfa0e6,https://www.boston.gov/sites/default/files/file/2022/03/Voting%20Minutes%203-24-22.docx.pdf,LB98924,LB-98924,2022-03-24,2022-03-24,2022-03-24,11,11,19,ownership_interest,ownership_application_disposition,ownership_application_disposition,granted,Granted,True,True,False,"[""ownership_interest_change""]",,True,"[""No prior or new equity holders or percentages are stated; officer/manager changes are not substituted for equity ownership.""]",,BLB-2022-03-24-028,BLB-2022-03-24,,,granted,,,,False,Red Hat Cafe,Can’t Stop Won’t Stop LLC,False,False,"9 Bowdoin St., Boston,, MA 02114",Can’t Stop Won’t Stop LLC,19,"19. Can’t Stop Won’t Stop LLC

Doing business as: Red Hat Cafe
9 Bowdoin St., Boston,, MA 02114
License #: LB-98924
Holder of a Common Victualler 7 Day All-Alcoholic Beverages License has petitioned for a change
of Officers/Directors/LLC Managers of the Corporation. Secondly, has petitioned for a change of
Ownership Interest. Lastly, has petitioned to change the d/b/a of the licensed business – From: The
Red Hat To: Teddy’s On the Hill. Attorney: Andrew Upton


Granted
________________________________________________________________________________________________",d6777ae79bc89139caf817bdc1b9b341b82f9edff676068f6995ceca1d958753,alcohol_explicit,,LB98924,LB-98924,"[""LB-98924""]",explicit_alcohol,Can’t Stop Won’t Stop LLC,Red Hat Cafe,,[],LB98924,2022/ownership-interest-events.json,"[""ownership_interest_change""]",,,,11,"{""licensee"": ""Can’t Stop Won’t Stop LLC"", ""licensee_dba"": ""Red Hat Cafe"", ""from_address"": ""9 Bowdoin St., Boston,, MA 02114"", ""transferor"": ""Can’t Stop Won’t Stop LLC"", ""transferor_dba"": ""Red Hat Cafe"", ""transferee"": null, ""transferee_dba"": null, ""to_address"": null}",[],[],[],False,manually_reviewed,,73e4b289780099189c5ac2bef216a2197eb43a3efca1f1655eb5ce3e13dfa0e6,"19. Can’t Stop Won’t Stop LLC

Doing business as: Red Hat Cafe
9 Bowdoin St., Boston,, MA 02114
License #: LB-98924
Holder of a Common Victualler 7 Day All-Alcoholic Beverages License has petitioned for a change
of Officers/Directors/LLC Managers of the Corporation. Secondly, has petitioned for a change of
Ownership Interest. Lastly, has petitioned to change the d/b/a of the licensed business – From: The
Red Hat To: Teddy’s On the Hill. Attorney: Andrew Upton


Granted
________________________________________________________________________________________________","[""https://www.boston.gov/sites/default/files/file/2022/03/Voting%20Minutes%203-24-22.docx.pdf""]",2020-2023,,,,,,Can’t Stop Won’t Stop LLC,Red Hat Cafe
BLB-2022-03-24-029-ownership,BLB-2022-03-24,73e4b289780099189c5ac2bef216a2197eb43a3efca1f1655eb5ce3e13dfa0e6,https://www.boston.gov/sites/default/files/file/2022/03/Voting%20Minutes%203-24-22.docx.pdf,LB101901,LB-101901,2022-03-24,2022-03-24,2022-03-24,11,11,20,ownership_interest,ownership_application_disposition,ownership_application_disposition,granted,Granted,True,True,False,"[""ownership_interest_change"", ""stock_interest_change""]",,True,"[""No prior or new equity holders or percentages are stated; officer/manager changes are not substituted for equity ownership.""]",,BLB-2022-03-24-029,BLB-2022-03-24,,,granted,,,,False,Blanchard’s,"Blanchard's West Roxbury, Inc.",False,False,"418 Lagrange St., West Roxbury, MA 02132","Blanchard's West Roxbury, Inc.",20,"20. Blanchard's West Roxbury, Inc.

Doing business as: Blanchard’s
418 Lagrange St., West Roxbury, MA 02132
License #: LB-101901
Holder of a Retail Package Store All-Alcoholic Beverages License has petitioned for a change in
Officers /Directors/LLC Manager of the corporation. Secondly, has petitioned for a change in Stock and
Ownership Interest. Attorney: Marci Costa


Granted
________________________________________________________________________________________________",e3cff9b5c298e9306c24e1ffebff96642a18bb2f1609e81772778a7fec105489,alcohol_explicit,,LB101901,LB-101901,"[""LB-101901""]",explicit_alcohol,"Blanchard's West Roxbury, Inc.",Blanchard’s,,[],LB101901,2022/ownership-interest-events.json,"[""ownership_interest_change"", ""stock_interest_change""]",,,,11,"{""licensee"": ""Blanchard's West Roxbury, Inc."", ""licensee_dba"": ""Blanchard’s"", ""from_address"": ""418 Lagrange St., West Roxbury, MA 02132"", ""transferor"": ""Blanchard's West Roxbury, Inc."", ""transferor_dba"": ""Blanchard’s"", ""transferee"": null, ""transferee_dba"": null, ""to_address"": null}",[],[],[],False,manually_reviewed,,73e4b289780099189c5ac2bef216a2197eb43a3efca1f1655eb5ce3e13dfa0e6,"20. Blanchard's West Roxbury, Inc.

Doing business as: Blanchard’s
418 Lagrange St., West Roxbury, MA 02132
License #: LB-101901
Holder of a Retail Package Store All-Alcoholic Beverages License has petitioned for a change in
Officers /Directors/LLC Manager of the corporation. Secondly, has petitioned for a change in Stock and
Ownership Interest. Attorney: Marci Costa


Granted
________________________________________________________________________________________________","[""https://www.boston.gov/sites/default/files/file/2022/03/Voting%20Minutes%203-24-22.docx.pdf""]",2020-2023,,,,,,"Blanchard's West Roxbury, Inc.",Blanchard’s
BLB-2022-03-24-030-ownership,BLB-2022-03-24,73e4b289780099189c5ac2bef216a2197eb43a3efca1f1655eb5ce3e13dfa0e6,https://www.boston.gov/sites/default/files/file/2022/03/Voting%20Minutes%203-24-22.docx.pdf,LB98968,LB-98968,2022-03-24,2022-03-24,2022-03-24,12,12,21,ownership_interest,ownership_application_disposition,ownership_application_disposition,granted,Granted,True,True,False,"[""stock_interest_change""]",,True,"[""No prior or new equity holders or percentages are stated; officer/manager changes are not substituted for equity ownership.""]",,BLB-2022-03-24-030,BLB-2022-03-24,,,granted,,,,False,Tip Tap Room,"Tip Tap Room, Inc.",False,False,"138 Cambridge St., Boston, MA 02114","Tip Tap Room, Inc.",21,"21. Tip Tap Room, Inc.

Doing business as: Tip Tap Room
138 Cambridge St., Boston, MA 02114
License #: LB-98968
Holder of a Common Victualler 7 Day All-Alcoholic Beverages License has petitioned for a change
of Officers/Directors/LLC Managers of the Corporation. Secondly, has petitioned for a change of
Stock Interest. Lastly has petitioned to change the manager of the licensed business – From: Gordon
F. Wilcox To: Brian Poe. Attorney: Peter D. Pasciucco


Granted
________________________________________________________________________________________________",c63966e188b341eb89d7f3230e03c993277ecd724e943edc8363e492419da0d1,alcohol_explicit,,LB98968,LB-98968,"[""LB-98968""]",explicit_alcohol,"Tip Tap Room, Inc.",Tip Tap Room,,[],LB98968,2022/ownership-interest-events.json,"[""stock_interest_change""]",,,,12,"{""licensee"": ""Tip Tap Room, Inc."", ""licensee_dba"": ""Tip Tap Room"", ""from_address"": ""138 Cambridge St., Boston, MA 02114"", ""transferor"": ""Tip Tap Room, Inc."", ""transferor_dba"": ""Tip Tap Room"", ""transferee"": null, ""transferee_dba"": null, ""to_address"": null}",[],[],[],False,manually_reviewed,,73e4b289780099189c5ac2bef216a2197eb43a3efca1f1655eb5ce3e13dfa0e6,"21. Tip Tap Room, Inc.

Doing business as: Tip Tap Room
138 Cambridge St., Boston, MA 02114
License #: LB-98968
Holder of a Common Victualler 7 Day All-Alcoholic Beverages License has petitioned for a change
of Officers/Directors/LLC Managers of the Corporation. Secondly, has petitioned for a change of
Stock Interest. Lastly has petitioned to change the manager of the licensed business – From: Gordon
F. Wilcox To: Brian Poe. Attorney: Peter D. Pasciucco


Granted
________________________________________________________________________________________________","[""https://www.boston.gov/sites/default/files/file/2022/03/Voting%20Minutes%203-24-22.docx.pdf""]",2020-2023,,,,,,"Tip Tap Room, Inc.",Tip Tap Room
BLB-2022-04-28-023-ownership,BLB-2022-04-28,fc94a75808b0260c7e8a3ad84489e0dc2a131128f7c7b512b6d2342ec2656c2f,https://www.boston.gov/sites/default/files/file/2022/04/Voting%20Minutes%204-28-22-2.docx.pdf,LB99410,LB-99410,2022-04-28,2022-04-28,2022-04-28,6,6,14,ownership_interest,ownership_application_disposition,ownership_application_disposition,granted,Granted,True,True,False,"[""ownership_interest_change""]",,True,"[""No prior or new equity holders or percentages are stated; officer/manager changes are not substituted for equity ownership.""]",,BLB-2022-04-28-023,BLB-2022-04-28,,,granted,,,,False,The Landing,Boston Harbor Cruises LLC,False,False,"6 Long Wh., Boston, MA 02110",Boston Harbor Cruises LLC,14,"14. Boston Harbor Cruises LLC
    Doing business as: The Landing
    6 Long Wh., Boston, MA 02110
    License #: LB‑99410
    Holder of a Common Victualler 7 Day All‑Alcoholic Beverages License has petitioned for a change
    of Officers/Directors/LLC Managers. Lastly, has petitioned for a change in Ownership Interest.
    Attorney: Marci Costa

    Granted",b615033b629ec2c37da26e0099a56aeef192f36a34798ddf19d2e9cdf22aecc0,alcohol_explicit,,LB99410,LB‑99410,"[""LB-99410""]",explicit_alcohol,Boston Harbor Cruises LLC,The Landing,,[],LB99410,2022/ownership-interest-events.json,"[""ownership_interest_change""]",,,,6,"{""licensee"": ""Boston Harbor Cruises LLC"", ""licensee_dba"": ""The Landing"", ""from_address"": ""6 Long Wh., Boston, MA 02110"", ""transferor"": ""Boston Harbor Cruises LLC"", ""transferor_dba"": ""The Landing"", ""transferee"": null, ""transferee_dba"": null, ""to_address"": null}",[],[],[],False,manually_reviewed,,fc94a75808b0260c7e8a3ad84489e0dc2a131128f7c7b512b6d2342ec2656c2f,"14. Boston Harbor Cruises LLC
    Doing business as: The Landing
    6 Long Wh., Boston, MA 02110
    License #: LB‑99410
    Holder of a Common Victualler 7 Day All‑Alcoholic Beverages License has petitioned for a change
    of Officers/Directors/LLC Managers. Lastly, has petitioned for a change in Ownership Interest.
    Attorney: Marci Costa

    Granted","[""https://www.boston.gov/sites/default/files/file/2022/04/Voting%20Minutes%204-28-22-2.docx.pdf""]",2020-2023,,,,,,Boston Harbor Cruises LLC,The Landing
BLB-2022-04-28-024-ownership,BLB-2022-04-28,fc94a75808b0260c7e8a3ad84489e0dc2a131128f7c7b512b6d2342ec2656c2f,https://www.boston.gov/sites/default/files/file/2022/04/Voting%20Minutes%204-28-22-2.docx.pdf,LB99397,LB-99397,2022-04-28,2022-04-28,2022-04-28,7,7,15,ownership_interest,ownership_application_disposition,ownership_application_disposition,granted,Granted,True,True,False,"[""stock_interest_change""]",,True,"[""No prior or new equity holders or percentages are stated; officer/manager changes are not substituted for equity ownership.""]",,BLB-2022-04-28-024,BLB-2022-04-28,,,granted,,,,False,Billy Tse Restaurant,"Cuisine De Asia, Inc.",False,False,"240 Commercial St., Boston, MA 02109","Cuisine De Asia, Inc.",15,"15. Cuisine De Asia, Inc.
    Doing business as: Billy Tse Restaurant
    240 Commercial St., Boston, MA 02109
    License #: LB‑99397
    Holder of a Common Victualler 7 Day All‑Alcoholic Beverages License has petitioned for a change
    of Officers/Directors/LLC Managers. Secondly, has petitioned for a change of Stock Interest. Lastly,
    has petitioned to change the manager of the licensed business – From: Nancy Chan
    To: Ricky Hai ZOU.
    Attorney: Ka‑Yung Wong

    Granted",db964649fa33f6834ed487208a5e9474856b512aca6d460ae4e1057f173a2b48,alcohol_explicit,,LB99397,LB‑99397,"[""LB-99397""]",explicit_alcohol,"Cuisine De Asia, Inc.",Billy Tse Restaurant,,[],LB99397,2022/ownership-interest-events.json,"[""stock_interest_change""]",,,,7,"{""licensee"": ""Cuisine De Asia, Inc."", ""licensee_dba"": ""Billy Tse Restaurant"", ""from_address"": ""240 Commercial St., Boston, MA 02109"", ""transferor"": ""Cuisine De Asia, Inc."", ""transferor_dba"": ""Billy Tse Restaurant"", ""transferee"": null, ""transferee_dba"": null, ""to_address"": null}",[],[],[],False,manually_reviewed,,fc94a75808b0260c7e8a3ad84489e0dc2a131128f7c7b512b6d2342ec2656c2f,"15. Cuisine De Asia, Inc.
    Doing business as: Billy Tse Restaurant
    240 Commercial St., Boston, MA 02109
    License #: LB‑99397
    Holder of a Common Victualler 7 Day All‑Alcoholic Beverages License has petitioned for a change
    of Officers/Directors/LLC Managers. Secondly, has petitioned for a change of Stock Interest. Lastly,
    has petitioned to change the manager of the licensed business – From: Nancy Chan
    To: Ricky Hai ZOU.
    Attorney: Ka‑Yung Wong

    Granted","[""https://www.boston.gov/sites/default/files/file/2022/04/Voting%20Minutes%204-28-22-2.docx.pdf""]",2020-2023,,,,,,"Cuisine De Asia, Inc.",Billy Tse Restaurant
BLB-2022-05-05-012-ownership,BLB-2022-05-05,67df0a34da20004940b4a64a92022349915c54a057ee8a1c3ec1aac78c827af2,https://www.boston.gov/sites/default/files/file/2022/05/Voting%20Minutes%205_5_22.docx.pdf,LB447986,LB-447986,2022-05-05,2022-05-05,2022-05-05,4,4,3,ownership_interest,ownership_application_disposition,ownership_application_disposition,granted,Granted,True,True,False,"[""stock_interest_change""]",,True,"[""No prior or new equity holders or percentages are stated; officer/manager changes are not substituted for equity ownership.""]",,BLB-2022-05-05-012,BLB-2022-05-05,,,granted,,,,False,Wild Duck,"86 Mass Ave Wild Duck, Inc.",False,False,"86 Massachusetts Ave., Boston, MA 02115","86 Mass Ave Wild Duck, Inc.",3,"3. 86 Mass Ave Wild Duck, Inc.

  Doing business as: Wild Duck
  86 Massachusetts Ave., Boston, MA 02115
  License #: LB‑447986
  Holder of a Retail Package Store All‑Alcoholic Beverages License has petitioned for a change in
  Officer/Director of the corporation. Secondly, has petitioned for a change in Stock Interest.
  Attorney: John M. Mooradian

  Granted",8f9d9bef5c4782e370be58e0c3bf7f85be4d1d950e52beacc9a2609912f78afd,alcohol_explicit,,LB447986,LB‑447986,"[""LB-447986""]",explicit_alcohol,"86 Mass Ave Wild Duck, Inc.",Wild Duck,,[],LB447986,2022/ownership-interest-events.json,"[""stock_interest_change""]",,,,4,"{""licensee"": ""86 Mass Ave Wild Duck, Inc."", ""licensee_dba"": ""Wild Duck"", ""from_address"": ""86 Massachusetts Ave., Boston, MA 02115"", ""transferor"": ""86 Mass Ave Wild Duck, Inc."", ""transferor_dba"": ""Wild Duck"", ""transferee"": null, ""transferee_dba"": null, ""to_address"": null}",[],[],[],False,manually_reviewed,,67df0a34da20004940b4a64a92022349915c54a057ee8a1c3ec1aac78c827af2,"3. 86 Mass Ave Wild Duck, Inc.

  Doing business as: Wild Duck
  86 Massachusetts Ave., Boston, MA 02115
  License #: LB‑447986
  Holder of a Retail Package Store All‑Alcoholic Beverages License has petitioned for a change in
  Officer/Director of the corporation. Secondly, has petitioned for a change in Stock Interest.
  Attorney: John M. Mooradian

  Granted","[""https://www.boston.gov/sites/default/files/file/2022/05/Voting%20Minutes%205_5_22.docx.pdf""]",2020-2023,,,,,,"86 Mass Ave Wild Duck, Inc.",Wild Duck
BLB-2022-05-05-017-ownership,BLB-2022-05-05,67df0a34da20004940b4a64a92022349915c54a057ee8a1c3ec1aac78c827af2,https://www.boston.gov/sites/default/files/file/2022/05/Voting%20Minutes%205_5_22.docx.pdf,LB99097,LB-99097,2022-05-05,2022-05-05,2022-05-05,6,6,8,ownership_interest,ownership_application_disposition,ownership_application_disposition,granted,Granted,True,True,False,"[""corporate_structure_change""]",,True,"[""Corporate-structure change from LLC to Incorporated is explicit. No change in ultimate equity ownership is inferred; a separate license-transfer application is also heard the same day."", ""No prior or new equity holders or percentages are stated; officer/manager changes are not substituted for equity ownership.""]",,BLB-2022-05-05-017,BLB-2022-05-05,,,granted,"Badoinkas, Incorporated","Badoinkas, LLC",,True,The Common Ground,"Badoinkas, LLC",False,False,"83 - 87 Harvard Ave., Allston, MA 02134","Badoinkas, LLC",8,"8. Badoinkas, LLC

  Doing business as: The Common Ground
  83 - 87 Harvard Ave., Allston, MA 02134
  License #: LB-99097
  Holder of a Common Victualler 7 Day All-Alcoholic Beverages License has petitioned to change
  the Corporate Structure of the licensed business - From: Badoinkas, LLC To: Badoinkas,
  Incorporated.
  Attorney: Laurel Bretta

  Granted

_________________________________________________________________________________",e30c0361e667a7f102f9f07b958173a6cda2ca35f1f31db722cf2a74e8c8ba05,alcohol_explicit,,LB99097,LB-99097,"[""LB-99097""]",explicit_alcohol,"Badoinkas, LLC",The Common Ground,,[],LB99097,2022/ownership-interest-events.json,"[""corporate_structure_change""]",,,,6,"{""licensee"": ""Badoinkas, LLC"", ""licensee_dba"": ""The Common Ground"", ""from_address"": ""83 - 87 Harvard Ave., Allston, MA 02134"", ""transferor"": ""Badoinkas, LLC"", ""transferor_dba"": ""The Common Ground"", ""transferee"": null, ""transferee_dba"": null, ""to_address"": null}",[],[],[],False,manually_reviewed,,67df0a34da20004940b4a64a92022349915c54a057ee8a1c3ec1aac78c827af2,"8. Badoinkas, LLC

  Doing business as: The Common Ground
  83 - 87 Harvard Ave., Allston, MA 02134
  License #: LB-99097
  Holder of a Common Victualler 7 Day All-Alcoholic Beverages License has petitioned to change
  the Corporate Structure of the licensed business - From: Badoinkas, LLC To: Badoinkas,
  Incorporated.
  Attorney: Laurel Bretta

  Granted

_________________________________________________________________________________","[""https://www.boston.gov/sites/default/files/file/2022/05/Voting%20Minutes%205_5_22.docx.pdf""]",2020-2023,,,,,,"Badoinkas, LLC",The Common Ground
BLB-2022-05-26-022-ownership,BLB-2022-05-26,2d5d5d1811bb4c6c95eabadfb94e74c53ddb49e9c3bb30c1af5fd216e4799fe6,https://www.boston.gov/sites/default/files/file/2022/06/Voting%20Minutes%205-26-22.docx.pdf,LB98943,LB-98943,2022-05-26,2022-05-26,2022-05-26,6,6,9,ownership_interest,ownership_application_disposition,ownership_application_disposition,granted,Granted,True,True,False,"[""stock_interest_change""]",,True,"[""No prior or new equity holders or percentages are stated; officer/manager changes are not substituted for equity ownership.""]",,BLB-2022-05-26-022,BLB-2022-05-26,,,granted,,,,False,The Parish Cafe,"The Parish Cafe, Inc.",False,False,"359 Boylston St., Boston, MA 02116","The Parish Cafe, Inc.",9,"9. The Parish Cafe, Inc.
Doing business as: The Parish Cafe
359 Boylston St., Boston, MA 02116
License #: LB-98943
Holder of a Common Victualler 7 Day All-Alcoholic Beverages License has petitioned for a change
of Officers /Directors. Secondly, has petitioned for a change of Stock Interest. Lastly, has petitioned
to change the manager of the licensed business – From: Jerry Ullman To: Brian Poe.
Attorney: Peter D. Pasciucco

Granted
________________________________________________________________________________",3674504df8d8c06ce55ded9520d2cfac10e8fc050407339679468524d1bcc430,alcohol_explicit,,LB98943,LB-98943,"[""LB-98943""]",explicit_alcohol,"The Parish Cafe, Inc.",The Parish Cafe,,[],LB98943,2022/ownership-interest-events.json,"[""stock_interest_change""]",,,,6,"{""licensee"": ""The Parish Cafe, Inc."", ""licensee_dba"": ""The Parish Cafe"", ""from_address"": ""359 Boylston St., Boston, MA 02116"", ""transferor"": ""The Parish Cafe, Inc."", ""transferor_dba"": ""The Parish Cafe"", ""transferee"": null, ""transferee_dba"": null, ""to_address"": null}",[],[],[],False,manually_reviewed,,2d5d5d1811bb4c6c95eabadfb94e74c53ddb49e9c3bb30c1af5fd216e4799fe6,"9. The Parish Cafe, Inc.
Doing business as: The Parish Cafe
359 Boylston St., Boston, MA 02116
License #: LB-98943
Holder of a Common Victualler 7 Day All-Alcoholic Beverages License has petitioned for a change
of Officers /Directors. Secondly, has petitioned for a change of Stock Interest. Lastly, has petitioned
to change the manager of the licensed business – From: Jerry Ullman To: Brian Poe.
Attorney: Peter D. Pasciucco

Granted
________________________________________________________________________________","[""https://www.boston.gov/sites/default/files/file/2022/06/Voting%20Minutes%205-26-22.docx.pdf""]",2020-2023,,,,,,"The Parish Cafe, Inc.",The Parish Cafe
BLB-2022-05-26-023-ownership,BLB-2022-05-26,2d5d5d1811bb4c6c95eabadfb94e74c53ddb49e9c3bb30c1af5fd216e4799fe6,https://www.boston.gov/sites/default/files/file/2022/06/Voting%20Minutes%205-26-22.docx.pdf,LB99081,LB-99081,2022-05-26,2022-05-26,2022-05-26,6,6,10,ownership_interest,ownership_application_disposition,ownership_application_disposition,granted,Granted with a d/b/a of JM Curley/Bogie’s Place/The Wig Shop Lounge,True,True,False,"[""ownership_interest_change"", ""stock_interest_change""]",,True,"[""No prior or new equity holders or percentages are stated; officer/manager changes are not substituted for equity ownership."", ""Decision changes proposed Wig Lounge DBA to Wig Shop Lounge.""]",,BLB-2022-05-26-023,BLB-2022-05-26,JM Curley/Bogie’s Place/The Wig Shop Lounge,JM Curley,granted,,,,False,JM Curley,"Da Crossing, LLC",False,False,"21 - 27 Temple Pl., Boston, MA 02111","Da Crossing, LLC",10,"10. Da Crossing, LLC
Doing business as: JM Curley
21 - 27 Temple Pl., Boston, MA 02111
License #: LB-99081
Holder of a Common Victualler 7 Day All-Alcoholic Beverages License has petitioned to amend the
description of the licensed business - From: A RESTAURANT LOCATED ON THE FIRST FLOOR
AND BASEMENT LEVEL WITH ONE MAIN ENTRANCE/EXIT AND ADDITIONAL SIDE
EXIT ON THE FIRST FLOOR WITH KITCHEN AND STORAGE IN THE BASEMENT AND
WITH A SEASONAL OUTDOOR PATIO LOCATED ON PUBLIC PROPERTY WITH SEATING
FOR 8 PATRONS BETWEEN THE HOURS OF 11:00 A.M. - MIDNIGHT. To: Plan I: A restaurant
on two floors, first floor consisting of two dining areas, one dining area with seating for 73 and a bar
with seating for 14, and dining area two with seating for 31, and restrooms. Basement with kitchen,
storage, and small dining room for 10 patrons, and seasonal outdoor patio located on public property
with seating for 8 patrons between the hours of 11 :00am and Midnight. Plan 2: A restaurant on two
floors, first floor consisting of one dining area with seating for 73 and a bar with seating for 14,
another dining area for private events, and restrooms. Basement with kitchen, storage, and small
dining room for 10 patrons, and seasonal outdoor patio located on public property with seating for 8
patrons between the hours of 11 :00am and Midnight. Secondly, has petitioned for a change of
Officer/Director/LLC Manager, a change in Ownership Interest, and change of Stock. Lastly, has
petitioned to change the d/b/a of the licensed business –From: JM Curley To: JM Curley/Bogie’s
Place/The Wig Lounge.
Attorney: Marci Costa

Granted with a d/b/a of JM Curley/Bogie’s Place/The Wig Shop Lounge
________________________________________________________________________________",632f4eae48d01a62ee205829198ab5402dd457a744de70f88eed34cda86aaaa6,alcohol_explicit,,LB99081,LB-99081,"[""LB-99081""]",explicit_alcohol,"Da Crossing, LLC",JM Curley,,[],LB99081,2022/ownership-interest-events.json,"[""ownership_interest_change"", ""stock_interest_change""]",,,,6,"{""licensee"": ""Da Crossing, LLC"", ""licensee_dba"": ""JM Curley"", ""from_address"": ""21 - 27 Temple Pl., Boston, MA 02111"", ""transferor"": ""Da Crossing, LLC"", ""transferor_dba"": ""JM Curley"", ""transferee"": null, ""transferee_dba"": null, ""to_address"": null}",[],[],[],False,manually_reviewed,,2d5d5d1811bb4c6c95eabadfb94e74c53ddb49e9c3bb30c1af5fd216e4799fe6,"10. Da Crossing, LLC
Doing business as: JM Curley
21 - 27 Temple Pl., Boston, MA 02111
License #: LB-99081
Holder of a Common Victualler 7 Day All-Alcoholic Beverages License has petitioned to amend the
description of the licensed business - From: A RESTAURANT LOCATED ON THE FIRST FLOOR
AND BASEMENT LEVEL WITH ONE MAIN ENTRANCE/EXIT AND ADDITIONAL SIDE
EXIT ON THE FIRST FLOOR WITH KITCHEN AND STORAGE IN THE BASEMENT AND
WITH A SEASONAL OUTDOOR PATIO LOCATED ON PUBLIC PROPERTY WITH SEATING
FOR 8 PATRONS BETWEEN THE HOURS OF 11:00 A.M. - MIDNIGHT. To: Plan I: A restaurant
on two floors, first floor consisting of two dining areas, one dining area with seating for 73 and a bar
with seating for 14, and dining area two with seating for 31, and restrooms. Basement with kitchen,
storage, and small dining room for 10 patrons, and seasonal outdoor patio located on public property
with seating for 8 patrons between the hours of 11 :00am and Midnight. Plan 2: A restaurant on two
floors, first floor consisting of one dining area with seating for 73 and a bar with seating for 14,
another dining area for private events, and restrooms. Basement with kitchen, storage, and small
dining room for 10 patrons, and seasonal outdoor patio located on public property with seating for 8
patrons between the hours of 11 :00am and Midnight. Secondly, has petitioned for a change of
Officer/Director/LLC Manager, a change in Ownership Interest, and change of Stock. Lastly, has
petitioned to change the d/b/a of the licensed business –From: JM Curley To: JM Curley/Bogie’s
Place/The Wig Lounge.
Attorney: Marci Costa

Granted with a d/b/a of JM Curley/Bogie’s Place/The Wig Shop Lounge
________________________________________________________________________________","[""https://www.boston.gov/sites/default/files/file/2022/06/Voting%20Minutes%205-26-22.docx.pdf""]",2020-2023,,,,,,"Da Crossing, LLC",JM Curley
BLB-2022-06-08-017-ownership,BLB-2022-06-08,3d895dfbe4207165aed9df5929f191496a7ea9ac016d7aec37f95c58de5c0078,https://www.boston.gov/sites/default/files/file/2022/06/Voting%20Minutes%206_8_22.docx%20%282%29.pdf,LB99270,LB-99270,2022-06-08,2022-06-08,2022-06-08,5,5,8,ownership_interest,ownership_application_disposition,ownership_application_disposition,granted,Granted,True,True,False,"[""ownership_interest_change"", ""stock_interest_change""]",,True,"[""No prior or new equity holders or percentages are stated; officer/manager changes are not substituted for equity ownership.""]",,BLB-2022-06-08-017,BLB-2022-06-08,,,granted,,,,False,PKL,"PKL Boston, LLC",False,False,"64 C St., South Boston,, MA 02127","PKL Boston, LLC",8,"8. PKL Boston, LLC

Doing business as: PKL
64 C St., South Boston,, MA 02127
License #: LB-99270
Holder of a Common Victualler 7 Day All-Alcoholic Beverages License has petitioned for a change
of Stock Interest. Secondly, has petitioned for a change in Ownership Interest.
Attorney: Nicholas J. Zozula

Granted
_________________________________________________________________________________",c803822ee3c70a6cd23e22af3421f773225ee07921d9522cc779dc9369558331,alcohol_explicit,,LB99270,LB-99270,"[""LB-99270""]",explicit_alcohol,"PKL Boston, LLC",PKL,,[],LB99270,2022/ownership-interest-events.json,"[""ownership_interest_change"", ""stock_interest_change""]",,,,5,"{""licensee"": ""PKL Boston, LLC"", ""licensee_dba"": ""PKL"", ""from_address"": ""64 C St., South Boston,, MA 02127"", ""transferor"": ""PKL Boston, LLC"", ""transferor_dba"": ""PKL"", ""transferee"": null, ""transferee_dba"": null, ""to_address"": null}",[],[],[],False,manually_reviewed,,3d895dfbe4207165aed9df5929f191496a7ea9ac016d7aec37f95c58de5c0078,"8. PKL Boston, LLC

Doing business as: PKL
64 C St., South Boston,, MA 02127
License #: LB-99270
Holder of a Common Victualler 7 Day All-Alcoholic Beverages License has petitioned for a change
of Stock Interest. Secondly, has petitioned for a change in Ownership Interest.
Attorney: Nicholas J. Zozula

Granted
_________________________________________________________________________________","[""https://www.boston.gov/sites/default/files/file/2022/06/Voting%20Minutes%206_8_22.docx%20%282%29.pdf""]",2020-2023,,,,,,"PKL Boston, LLC",PKL
BLB-2022-06-08-018-ownership,BLB-2022-06-08,3d895dfbe4207165aed9df5929f191496a7ea9ac016d7aec37f95c58de5c0078,https://www.boston.gov/sites/default/files/file/2022/06/Voting%20Minutes%206_8_22.docx%20%282%29.pdf,LB102017,LB-102017,2022-06-08,2022-06-08,2022-06-08,5,5,9,ownership_interest,ownership_application_disposition,ownership_application_disposition,granted,Granted,True,True,False,"[""ownership_interest_change""]",,True,"[""No prior or new equity holders or percentages are stated; officer/manager changes are not substituted for equity ownership.""]",,BLB-2022-06-08-018,BLB-2022-06-08,,,granted,,,,False,Get-N-Go,Jwalaji Corp.,False,False,"563 Columbus Ave., Roxbury, MA 02118",Jwalaji Corp.,9,"9. Jwalaji Corp.

Doing business as: Get-N-Go
563 Columbus Ave., Roxbury, MA 02118
License #: LB-102017
Holder of a Retail Package Wines and Malt Beverages License has petitioned for a change in
Officers /Directors of the corporation. Secondly has petitioned for a change in Ownership Interest.
Attorney: Andrew F. Upton

Granted
_________________________________________________________________________________",e596f0ab4f634924612dd6bad964feefa8b9257a1e884938698cf0d6f2fdc84c,alcohol_explicit,,LB102017,LB-102017,"[""LB-102017""]",explicit_alcohol,Jwalaji Corp.,Get-N-Go,,[],LB102017,2022/ownership-interest-events.json,"[""ownership_interest_change""]",,,,5,"{""licensee"": ""Jwalaji Corp."", ""licensee_dba"": ""Get-N-Go"", ""from_address"": ""563 Columbus Ave., Roxbury, MA 02118"", ""transferor"": ""Jwalaji Corp."", ""transferor_dba"": ""Get-N-Go"", ""transferee"": null, ""transferee_dba"": null, ""to_address"": null}",[],[],[],False,manually_reviewed,,3d895dfbe4207165aed9df5929f191496a7ea9ac016d7aec37f95c58de5c0078,"9. Jwalaji Corp.

Doing business as: Get-N-Go
563 Columbus Ave., Roxbury, MA 02118
License #: LB-102017
Holder of a Retail Package Wines and Malt Beverages License has petitioned for a change in
Officers /Directors of the corporation. Secondly has petitioned for a change in Ownership Interest.
Attorney: Andrew F. Upton

Granted
_________________________________________________________________________________","[""https://www.boston.gov/sites/default/files/file/2022/06/Voting%20Minutes%206_8_22.docx%20%282%29.pdf""]",2020-2023,,,,,,Jwalaji Corp.,Get-N-Go
BLB-2022-06-30-023-ownership,BLB-2022-06-30,6dc7d6527610766219024162660c5822db7dae38ef5ce3199397693afdb7b4db,https://www.boston.gov/sites/default/files/file/2022/06/6-30-22%20-%20Voting%20Minutes_0.pdf,LB101910,LB-101910,2022-06-30,2022-06-30,2022-06-30,7,7,12,ownership_interest,ownership_application_disposition,ownership_application_disposition,granted,Granted,True,True,False,"[""stock_interest_change""]",,True,"[""No prior or new equity holders or percentages are stated; officer/manager changes are not substituted for equity ownership.""]",,BLB-2022-06-30-023,BLB-2022-06-30,,,granted,,,,False,Fuentes Market and Liquor Store,"New Mission Hill Market, Inc.",False,False,"678 Parker St., Roxbury, MA 02120","New Mission Hill Market, Inc.",12,"12. New Mission Hill Market, Inc.

Doing business as: Fuentes Market and Liquor Store
678 Parker St., Roxbury, MA 02120
License #: LB 101910
Holder of a Retail Package Store All Alcoholic Beverages License has petitioned for a change of
Officers/Directors/LLC Managers of the Corporation. Secondly, has petitioned for a change of Stock
Interest. Lastly, has petitioned to change the manager of the licensed business – From: Priyankkumar
Patel To: Bhavya Patel.
Attorney: John Mooradian

Granted",2a1a2a1493508c155f3e41a92025fca653fe76d1699fc024a6a506be087375a2,alcohol_explicit,,LB101910,LB 101910,"[""LB-101910""]",explicit_alcohol,"New Mission Hill Market, Inc.",Fuentes Market and Liquor Store,,[],LB101910,2022/ownership-interest-events.json,"[""stock_interest_change""]",,,,7,"{""licensee"": ""New Mission Hill Market, Inc."", ""licensee_dba"": ""Fuentes Market and Liquor Store"", ""from_address"": ""678 Parker St., Roxbury, MA 02120"", ""transferor"": ""New Mission Hill Market, Inc."", ""transferor_dba"": ""Fuentes Market and Liquor Store"", ""transferee"": null, ""transferee_dba"": null, ""to_address"": null}",[],[],[],False,manually_reviewed,,6dc7d6527610766219024162660c5822db7dae38ef5ce3199397693afdb7b4db,"12. New Mission Hill Market, Inc.

Doing business as: Fuentes Market and Liquor Store
678 Parker St., Roxbury, MA 02120
License #: LB 101910
Holder of a Retail Package Store All Alcoholic Beverages License has petitioned for a change of
Officers/Directors/LLC Managers of the Corporation. Secondly, has petitioned for a change of Stock
Interest. Lastly, has petitioned to change the manager of the licensed business – From: Priyankkumar
Patel To: Bhavya Patel.
Attorney: John Mooradian

Granted","[""https://www.boston.gov/sites/default/files/file/2022/06/6-30-22%20-%20Voting%20Minutes_0.pdf""]",2020-2023,,,,,,"New Mission Hill Market, Inc.",Fuentes Market and Liquor Store
BLB-2022-06-30-024-ownership,BLB-2022-06-30,6dc7d6527610766219024162660c5822db7dae38ef5ce3199397693afdb7b4db,https://www.boston.gov/sites/default/files/file/2022/06/6-30-22%20-%20Voting%20Minutes_0.pdf,LB102044,LB-102044,2022-06-30,2022-06-30,2022-06-30,7,7,13,ownership_interest,ownership_application_disposition,ownership_application_disposition,granted,Granted,True,True,False,"[""ownership_interest_change""]",,True,"[""No prior or new equity holders or percentages are stated; officer/manager changes are not substituted for equity ownership.""]",,BLB-2022-06-30-024,BLB-2022-06-30,,,granted,,,,False,Foodie’s Urban Market,"Foodie's Urban Market, LLC",False,False,"1421 Washington St., Roxbury, MA 02118","Foodie's Urban Market, LLC",13,"13. Foodie's Urban Market, LLC

Doing business as: Foodie’s Urban Market
1421 Washington St., Roxbury, MA 02118
License #: LB 102044
Holder of a Retail Package Store Wines and Malt Beverages License has petitioned for a change of
Officers/Directors/LLC Managers of the Corporation. Secondly, has petitioned for a change of
Ownership Interest. Lastly, has petitioned to change the manager of the licensed business – From:
Victor J. Leon To: Victor G. Leon.
Attorney: Kristen Scanlon

Granted",5f0cc887badf02d8f84c66291d33364022bf5c127001d443d78c5edffff8c2a3,alcohol_explicit,,LB102044,LB 102044,"[""LB-102044""]",explicit_alcohol,"Foodie's Urban Market, LLC",Foodie’s Urban Market,,[],LB102044,2022/ownership-interest-events.json,"[""ownership_interest_change""]",,,,7,"{""licensee"": ""Foodie's Urban Market, LLC"", ""licensee_dba"": ""Foodie’s Urban Market"", ""from_address"": ""1421 Washington St., Roxbury, MA 02118"", ""transferor"": ""Foodie's Urban Market, LLC"", ""transferor_dba"": ""Foodie’s Urban Market"", ""transferee"": null, ""transferee_dba"": null, ""to_address"": null}",[],[],[],False,manually_reviewed,,6dc7d6527610766219024162660c5822db7dae38ef5ce3199397693afdb7b4db,"13. Foodie's Urban Market, LLC

Doing business as: Foodie’s Urban Market
1421 Washington St., Roxbury, MA 02118
License #: LB 102044
Holder of a Retail Package Store Wines and Malt Beverages License has petitioned for a change of
Officers/Directors/LLC Managers of the Corporation. Secondly, has petitioned for a change of
Ownership Interest. Lastly, has petitioned to change the manager of the licensed business – From:
Victor J. Leon To: Victor G. Leon.
Attorney: Kristen Scanlon

Granted","[""https://www.boston.gov/sites/default/files/file/2022/06/6-30-22%20-%20Voting%20Minutes_0.pdf""]",2020-2023,,,,,,"Foodie's Urban Market, LLC",Foodie’s Urban Market
BLB-2022-06-30-025-ownership,BLB-2022-06-30,6dc7d6527610766219024162660c5822db7dae38ef5ce3199397693afdb7b4db,https://www.boston.gov/sites/default/files/file/2022/06/6-30-22%20-%20Voting%20Minutes_0.pdf,LB101927,LB-101927,2022-06-30,2022-06-30,2022-06-30,7,7,14,ownership_interest,ownership_application_disposition,ownership_application_disposition,granted,Granted,True,True,False,"[""ownership_interest_change"", ""stock_interest_change""]",,True,"[""No prior or new equity holders or percentages are stated; officer/manager changes are not substituted for equity ownership.""]",,BLB-2022-06-30-025,BLB-2022-06-30,,,granted,,,,False,Gary’s Liquors,"S & S Package Store, Inc.",False,False,"655 659 Vfw Pkwy., Boston, MA 02467","S & S Package Store, Inc.",14,"14. S & S Package Store, Inc.

Doing business as: Gary’s Liquors
655 659 Vfw Pkwy., Boston, MA 02467
License #: LB 101927
Holder of a Retail Package All Alcoholic Beverages License has petitioned for a change of
Ownership and Stock Interest of the Corporation.
Attorney: Thomas P. Miller

Granted",84af36ceb819a40b056f8adb998704c47f0936a3420ba86220185465af6894b4,alcohol_explicit,,LB101927,LB 101927,"[""LB-101927""]",explicit_alcohol,"S & S Package Store, Inc.",Gary’s Liquors,,[],LB101927,2022/ownership-interest-events.json,"[""ownership_interest_change"", ""stock_interest_change""]",,,,7,"{""licensee"": ""S & S Package Store, Inc."", ""licensee_dba"": ""Gary’s Liquors"", ""from_address"": ""655 659 Vfw Pkwy., Boston, MA 02467"", ""transferor"": ""S & S Package Store, Inc."", ""transferor_dba"": ""Gary’s Liquors"", ""transferee"": null, ""transferee_dba"": null, ""to_address"": null}",[],[],[],False,manually_reviewed,,6dc7d6527610766219024162660c5822db7dae38ef5ce3199397693afdb7b4db,"14. S & S Package Store, Inc.

Doing business as: Gary’s Liquors
655 659 Vfw Pkwy., Boston, MA 02467
License #: LB 101927
Holder of a Retail Package All Alcoholic Beverages License has petitioned for a change of
Ownership and Stock Interest of the Corporation.
Attorney: Thomas P. Miller

Granted","[""https://www.boston.gov/sites/default/files/file/2022/06/6-30-22%20-%20Voting%20Minutes_0.pdf""]",2020-2023,,,,,,"S & S Package Store, Inc.",Gary’s Liquors
BLB-2022-06-30-026-ownership,BLB-2022-06-30,6dc7d6527610766219024162660c5822db7dae38ef5ce3199397693afdb7b4db,https://www.boston.gov/sites/default/files/file/2022/06/6-30-22%20-%20Voting%20Minutes_0.pdf,LB101976,LB-101976,2022-06-30,2022-06-30,2022-06-30,8,8,15,ownership_interest,ownership_application_disposition,ownership_application_disposition,granted,Granted,True,True,False,"[""stock_interest_change""]",,True,"[""No prior or new equity holders or percentages are stated; officer/manager changes are not substituted for equity ownership.""]",,BLB-2022-06-30-026,BLB-2022-06-30,,,granted,,,,False,Ruggiero’s Market,"New Jamaica Plain Market, Inc.",False,False,"3345 Washington St., Jamaica Plain, MA 02130","New Jamaica Plain Market, Inc.",15,"15. New Jamaica Plain Market, Inc.

Doing business as: Ruggiero’s Market
3345 Washington St., Jamaica Plain, MA 02130
License #: LB 101976
Holder of a Retail Package Store All Alcoholic Beverages License has petitioned for a Change in
Stock Interest.
Attorney: John M. Mooradian

Granted
_________________________________________________________________________________",ecd316097cbf0d5193fa7551e3b94421db050b486a1197b1cf9f7bddc1ec2602,alcohol_explicit,,LB101976,LB 101976,"[""LB-101976""]",explicit_alcohol,"New Jamaica Plain Market, Inc.",Ruggiero’s Market,,[],LB101976,2022/ownership-interest-events.json,"[""stock_interest_change""]",,,,8,"{""licensee"": ""New Jamaica Plain Market, Inc."", ""licensee_dba"": ""Ruggiero’s Market"", ""from_address"": ""3345 Washington St., Jamaica Plain, MA 02130"", ""transferor"": ""New Jamaica Plain Market, Inc."", ""transferor_dba"": ""Ruggiero’s Market"", ""transferee"": null, ""transferee_dba"": null, ""to_address"": null}",[],[],[],False,manually_reviewed,,6dc7d6527610766219024162660c5822db7dae38ef5ce3199397693afdb7b4db,"15. New Jamaica Plain Market, Inc.

Doing business as: Ruggiero’s Market
3345 Washington St., Jamaica Plain, MA 02130
License #: LB 101976
Holder of a Retail Package Store All Alcoholic Beverages License has petitioned for a Change in
Stock Interest.
Attorney: John M. Mooradian

Granted
_________________________________________________________________________________","[""https://www.boston.gov/sites/default/files/file/2022/06/6-30-22%20-%20Voting%20Minutes_0.pdf""]",2020-2023,,,,,,"New Jamaica Plain Market, Inc.",Ruggiero’s Market
BLB-2022-07-14-018-ownership,BLB-2022-07-14,b3e5522797db46a50d7ed250fd44299f36dc6c96d3b919fb6216fed822dffbe4,https://www.boston.gov/sites/default/files/file/2022/07/Voting%20Minutes%20-%207-14-22_2.pdf,LB398570,LB-398570,2022-07-14,2022-07-14,2022-07-14,5,5,8,ownership_interest,ownership_application_disposition,ownership_application_disposition,granted,Granted,True,True,False,"[""ownership_interest_change""]",,True,"[""No prior or new equity holders or percentages are stated; officer/manager changes are not substituted for equity ownership.""]",,BLB-2022-07-14-018,BLB-2022-07-14,,,granted,,,,False,Not Your Average Joe's,"Air Ventures, LLC",False,False,"Logan Airport Terminal B East Boston, MA 02128","Air Ventures, LLC",8,"8. Air Ventures, LLC
Doing business as: Not Your Average Joe's
Logan Airport Terminal B East Boston, MA 02128
License #: LB 398570
Holder of an (Airport) Common Victualler 7 Day All-Alcoholic Beverages License has petitioned
for a change of Officers/Directors/LLC Managers. Secondly, has petitioned for a change in
Ownership Interest.
Attorney: Andrew F. Upton

Granted",542d6d64847f7accbe308b9050d07e294b86a51b100826131d8a89ceaf14da49,alcohol_explicit,,LB398570,LB 398570,"[""LB-398570""]",explicit_alcohol,"Air Ventures, LLC",Not Your Average Joe's,,[],LB398570,2022/ownership-interest-events.json,"[""ownership_interest_change""]",,,,5,"{""licensee"": ""Air Ventures, LLC"", ""licensee_dba"": ""Not Your Average Joe's"", ""from_address"": ""Logan Airport Terminal B East Boston, MA 02128"", ""transferor"": ""Air Ventures, LLC"", ""transferor_dba"": ""Not Your Average Joe's"", ""transferee"": null, ""transferee_dba"": null, ""to_address"": null}",[],[],[],False,manually_reviewed,,b3e5522797db46a50d7ed250fd44299f36dc6c96d3b919fb6216fed822dffbe4,"8. Air Ventures, LLC
Doing business as: Not Your Average Joe's
Logan Airport Terminal B East Boston, MA 02128
License #: LB 398570
Holder of an (Airport) Common Victualler 7 Day All-Alcoholic Beverages License has petitioned
for a change of Officers/Directors/LLC Managers. Secondly, has petitioned for a change in
Ownership Interest.
Attorney: Andrew F. Upton

Granted","[""https://www.boston.gov/sites/default/files/file/2022/07/Voting%20Minutes%20-%207-14-22_2.pdf""]",2020-2023,,,,,,"Air Ventures, LLC",Not Your Average Joe's
BLB-2022-07-14-019-ownership,BLB-2022-07-14,b3e5522797db46a50d7ed250fd44299f36dc6c96d3b919fb6216fed822dffbe4,https://www.boston.gov/sites/default/files/file/2022/07/Voting%20Minutes%20-%207-14-22_2.pdf,LB363642,LB-363642,2022-07-14,2022-07-14,2022-07-14,6,6,9,ownership_interest,ownership_application_disposition,ownership_application_disposition,granted,Granted,True,True,False,"[""ownership_interest_change""]",,True,"[""No prior or new equity holders or percentages are stated; officer/manager changes are not substituted for equity ownership.""]",,BLB-2022-07-14-019,BLB-2022-07-14,,,granted,,,,False,Lucca,"Air Ventures, LLC",False,False,"Logan Airport Terminal B East Boston, MA 02128","Air Ventures, LLC",9,"9. Air Ventures, LLC
Doing business as: Lucca
Logan Airport Terminal B East Boston, MA 02128
License #: LB 363642
Holder of an (Airport) Common Victualler 7 Day All-Alcoholic Beverages License has petitioned
for a change of Officers/Directors/LLC Managers. Secondly, has petitioned for a change in
Ownership Interest.
Attorney: Andrew F. Upton

Granted",dd545be90d817ba989271182158d4a73521ed4004565a19cc1a11416ac32dc09,alcohol_explicit,,LB363642,LB 363642,"[""LB-363642""]",explicit_alcohol,"Air Ventures, LLC",Lucca,,[],LB363642,2022/ownership-interest-events.json,"[""ownership_interest_change""]",,,,6,"{""licensee"": ""Air Ventures, LLC"", ""licensee_dba"": ""Lucca"", ""from_address"": ""Logan Airport Terminal B East Boston, MA 02128"", ""transferor"": ""Air Ventures, LLC"", ""transferor_dba"": ""Lucca"", ""transferee"": null, ""transferee_dba"": null, ""to_address"": null}",[],[],[],False,manually_reviewed,,b3e5522797db46a50d7ed250fd44299f36dc6c96d3b919fb6216fed822dffbe4,"9. Air Ventures, LLC
Doing business as: Lucca
Logan Airport Terminal B East Boston, MA 02128
License #: LB 363642
Holder of an (Airport) Common Victualler 7 Day All-Alcoholic Beverages License has petitioned
for a change of Officers/Directors/LLC Managers. Secondly, has petitioned for a change in
Ownership Interest.
Attorney: Andrew F. Upton

Granted","[""https://www.boston.gov/sites/default/files/file/2022/07/Voting%20Minutes%20-%207-14-22_2.pdf""]",2020-2023,,,,,,"Air Ventures, LLC",Lucca
BLB-2022-07-14-020-ownership,BLB-2022-07-14,b3e5522797db46a50d7ed250fd44299f36dc6c96d3b919fb6216fed822dffbe4,https://www.boston.gov/sites/default/files/file/2022/07/Voting%20Minutes%20-%207-14-22_2.pdf,LB99469,LB-99469,2022-07-14,2022-07-14,2022-07-14,6,6,10,ownership_interest,ownership_application_disposition,ownership_application_disposition,granted,Granted,True,True,False,"[""ownership_interest_change""]",,True,"[""No prior or new equity holders or percentages are stated; officer/manager changes are not substituted for equity ownership.""]",,BLB-2022-07-14-020,BLB-2022-07-14,,,granted,,,,False,Vineyard Grille,"Air Ventures, LLC",False,False,"Logan Airport, Terminal E East Boston, MA 02128","Air Ventures, LLC",10,"10. Air Ventures, LLC
Doing business as: Vineyard Grille
Logan Airport, Terminal E East Boston, MA 02128
License #: LB 99469
Holder of an (Airport) Common Victualler 7 Day All-Alcoholic Beverages License has petitioned
for a change of Officers/Directors/LLC Managers. Secondly, has petitioned for a change in
Ownership Interest.
Attorney: Andrew F. Upton

Granted",93feafeaa0fca69cc9bc89027fb5e94bf7fa3b9fc1fb06d308900fe2153b785b,alcohol_explicit,,LB99469,LB 99469,"[""LB-99469""]",explicit_alcohol,"Air Ventures, LLC",Vineyard Grille,,[],LB99469,2022/ownership-interest-events.json,"[""ownership_interest_change""]",,,,6,"{""licensee"": ""Air Ventures, LLC"", ""licensee_dba"": ""Vineyard Grille"", ""from_address"": ""Logan Airport, Terminal E East Boston, MA 02128"", ""transferor"": ""Air Ventures, LLC"", ""transferor_dba"": ""Vineyard Grille"", ""transferee"": null, ""transferee_dba"": null, ""to_address"": null}",[],[],[],False,manually_reviewed,,b3e5522797db46a50d7ed250fd44299f36dc6c96d3b919fb6216fed822dffbe4,"10. Air Ventures, LLC
Doing business as: Vineyard Grille
Logan Airport, Terminal E East Boston, MA 02128
License #: LB 99469
Holder of an (Airport) Common Victualler 7 Day All-Alcoholic Beverages License has petitioned
for a change of Officers/Directors/LLC Managers. Secondly, has petitioned for a change in
Ownership Interest.
Attorney: Andrew F. Upton

Granted","[""https://www.boston.gov/sites/default/files/file/2022/07/Voting%20Minutes%20-%207-14-22_2.pdf""]",2020-2023,,,,,,"Air Ventures, LLC",Vineyard Grille
BLB-2022-07-14-021-ownership,BLB-2022-07-14,b3e5522797db46a50d7ed250fd44299f36dc6c96d3b919fb6216fed822dffbe4,https://www.boston.gov/sites/default/files/file/2022/07/Voting%20Minutes%20-%207-14-22_2.pdf,LB99538,LB-99538,2022-07-14,2022-07-14,2022-07-14,6,6,11,ownership_interest,ownership_application_disposition,ownership_application_disposition,granted,Granted,True,True,False,"[""ownership_interest_change"", ""stock_pledge""]",,True,"[""Pledge explicitly covers stock only; no license pledge inferred."", ""No prior or new equity holders or percentages are stated; officer/manager changes are not substituted for equity ownership.""]",,BLB-2022-07-14-021,BLB-2022-07-14,Tonino,Little Dipper,granted,,,,False,,"669 Centre, LLC",False,False,"669A Centre St., Jamaica Plain, MA 02130","669 Centre, LLC",11,"11. 669 Centre, LLC
669A Centre St., Jamaica Plain, MA 02130
License #: LB 99538
Holder of a Common Victualler 7 Day Wines and Malt Beverages with Liqueurs License has
petitioned for a change of Officers/Directors/LLC Managers. Secondly, has petitioned for a change
of Ownership Interest. Thirdly, has petitioned to change the DBA From: Little Dipper To: Tonino.
Lastly, has petitioned to Pledge the Stock To: David Doyle.
Attorney: Adam R. Barnosky

Granted",62f9c0102dfb162a51208ea4640bf393c81e803d614a4bede15550583fc3395f,alcohol_explicit,,LB99538,LB 99538,"[""LB-99538""]",explicit_alcohol,"669 Centre, LLC",,,[],LB99538,2022/ownership-interest-events.json,"[""ownership_interest_change"", ""stock_pledge""]",,,,6,"{""licensee"": ""669 Centre, LLC"", ""licensee_dba"": null, ""from_address"": ""669A Centre St., Jamaica Plain, MA 02130"", ""transferor"": ""669 Centre, LLC"", ""transferor_dba"": null, ""transferee"": null, ""transferee_dba"": null, ""to_address"": null}",[],[],[],False,manually_reviewed,,b3e5522797db46a50d7ed250fd44299f36dc6c96d3b919fb6216fed822dffbe4,"11. 669 Centre, LLC
669A Centre St., Jamaica Plain, MA 02130
License #: LB 99538
Holder of a Common Victualler 7 Day Wines and Malt Beverages with Liqueurs License has
petitioned for a change of Officers/Directors/LLC Managers. Secondly, has petitioned for a change
of Ownership Interest. Thirdly, has petitioned to change the DBA From: Little Dipper To: Tonino.
Lastly, has petitioned to Pledge the Stock To: David Doyle.
Attorney: Adam R. Barnosky

Granted","[""https://www.boston.gov/sites/default/files/file/2022/07/Voting%20Minutes%20-%207-14-22_2.pdf""]",2020-2023,,David Doyle,,,,"669 Centre, LLC",
BLB-2022-07-28-030-ownership,BLB-2022-07-28,aef6dc04627e2de3da1d84381ea6c06e3d6d5318a75219df5a52088f54df8fbd,https://www.boston.gov/sites/default/files/file/2022/07/Voting%20Minutes%207-28-22.pdf,LB101930,LB-101930,2022-07-28,2022-07-28,2022-07-28,10,10,20,ownership_interest,ownership_application_disposition,ownership_application_disposition,granted,Granted,True,True,False,"[""ownership_interest_change"", ""stock_interest_change""]",,True,"[""No prior or new equity holders or percentages are stated; officer/manager changes are not substituted for equity ownership.""]",,BLB-2022-07-28-030,BLB-2022-07-28,,,granted,,,,False,Simon’s Package Store,"Simon's Package Store, Inc.",False,False,"2169 Washington St., Roxbury, MA 02119","Simon's Package Store, Inc.",20,"20. Simon's Package Store, Inc.

Doing business as: Simon’s Package Store
2169 Washington St., Roxbury, MA 02119
License #: LB-101930
Holder of a Retail Package Store All-Alcoholic Beverages License has petitioned for a
change of Officers/Directors/LLC Manager of the Corporation. Secondly, has petitioned for
a change of Stock and Ownership Interest. Lastly, has petitioned to change the manager of
the licensed business – From: Paul J. Kim To: Carlos Castillo.

Granted",4e4c7a7f0bfb6ee356dfbacb2eccec6ae29657e40bd297374eaea97aca31d4e5,alcohol_explicit,,LB101930,LB-101930,"[""LB-101930""]",explicit_alcohol,"Simon's Package Store, Inc.",Simon’s Package Store,,[],LB101930,2022/ownership-interest-events.json,"[""ownership_interest_change"", ""stock_interest_change""]",,,,10,"{""licensee"": ""Simon's Package Store, Inc."", ""licensee_dba"": ""Simon’s Package Store"", ""from_address"": ""2169 Washington St., Roxbury, MA 02119"", ""transferor"": ""Simon's Package Store, Inc."", ""transferor_dba"": ""Simon’s Package Store"", ""transferee"": null, ""transferee_dba"": null, ""to_address"": null}",[],[],[],False,manually_reviewed,,aef6dc04627e2de3da1d84381ea6c06e3d6d5318a75219df5a52088f54df8fbd,"20. Simon's Package Store, Inc.

Doing business as: Simon’s Package Store
2169 Washington St., Roxbury, MA 02119
License #: LB-101930
Holder of a Retail Package Store All-Alcoholic Beverages License has petitioned for a
change of Officers/Directors/LLC Manager of the Corporation. Secondly, has petitioned for
a change of Stock and Ownership Interest. Lastly, has petitioned to change the manager of
the licensed business – From: Paul J. Kim To: Carlos Castillo.

Granted","[""https://www.boston.gov/sites/default/files/file/2022/07/Voting%20Minutes%207-28-22.pdf""]",2020-2023,,,,,,"Simon's Package Store, Inc.",Simon’s Package Store
BLB-2022-09-15-033-ownership,BLB-2022-09-15,55471b4be9a639360028daa29665f8ad193b525afeb6809583e4d484d73ca53d,https://www.boston.gov/sites/default/files/file/2022/09/Voting%20Minutes%209-15-22.docx.pdf,,,2022-09-15,2022-09-15,2022-09-15,10,10,2,ownership_interest,ownership_application_disposition,ownership_application_disposition,granted,Granted,True,True,False,"[""share_transfer""]",,False,"[""Source states 25 shares, not an ownership percentage; item lacks a license ID and does not state an alcohol category.""]",,BLB-2022-09-15-033,BLB-2022-09-15,,,granted,,,,False,Dunkin Donuts,"Omid’s Donuts, Inc.",False,False,"209-211 North Harvard Street, Allston, MA 02134","Omid’s Donuts, Inc. d/b/a Dunkin Donuts, 209-211 North Harvard Street, Allston, MA 02134",2,"2. Omid’s Donuts, Inc. d/b/a Dunkin Donuts, 209-211 North Harvard Street, Allston, MA 02134
   has petitioned to remove treasurer Hamid M. Omid and transfer 25 shares from Hamid M. Omid
   to Afshin B. Omid.

   Granted
_________________________________________________________________________________




All Special 1 Day All Alcohol Licenses have been granted",738e88a45800d91400e99acb9a70fbd179d035e1b5e1b6aa9ce8293c4eadbc10,common_victualler_non_alcohol_or_unspecified,,,,[],common_victualler_no_alcohol_stated,"Omid’s Donuts, Inc.",Dunkin Donuts,,"[""Afshin B. Omid""]",,2022/ownership-interest-events.json,"[""share_transfer""]",,,,10,"{""licensee"": ""Omid’s Donuts, Inc."", ""licensee_dba"": ""Dunkin Donuts"", ""share_transferor"": ""Hamid M. Omid"", ""share_transferee"": ""Afshin B. Omid""}","[{""name"": ""Afshin B. Omid"", ""shares_received"": 25}]","[{""name"": ""Hamid M. Omid"", ""shares_transferred"": 25}]","[""Hamid M. Omid""]",False,manually_reviewed,25,55471b4be9a639360028daa29665f8ad193b525afeb6809583e4d484d73ca53d,"2. Omid’s Donuts, Inc. d/b/a Dunkin Donuts, 209-211 North Harvard Street, Allston, MA 02134
   has petitioned to remove treasurer Hamid M. Omid and transfer 25 shares from Hamid M. Omid
   to Afshin B. Omid.

   Granted
_________________________________________________________________________________




All Special 1 Day All Alcohol Licenses have been granted","[""https://www.boston.gov/sites/default/files/file/2022/09/Voting%20Minutes%209-15-22.docx.pdf""]",2020-2023,,,,,,"Omid’s Donuts, Inc. d/b/a Dunkin Donuts, 209-211 North Harvard Street, Allston, MA 02134",
BLB-2022-10-26-015-ownership,BLB-2022-10-26,501737e2d2fffa33ac7cff756fe573e5b1877fe554fb129170671923e33edfcc,https://www.boston.gov/sites/default/files/file/2022/10/Voting%20Minutes%2010-26-22.pdf,LB99374,LB-99374,2022-10-26,2022-10-26,2022-10-26,5,5,8,ownership_interest,ownership_application_disposition,ownership_application_disposition,granted,Granted,True,True,False,"[""ownership_interest_change""]",,True,"[""No prior or new equity holders or percentages are stated; officer/manager changes are not substituted for equity ownership.""]",,BLB-2022-10-26-015,BLB-2022-10-26,,,granted,,,,False,,"1885 Centre Street, LLC",False,False,"1883 - 1889 Centre St., West Roxbury, MA 02132","1885 Centre Street, LLC",8,"8. 1885 Centre Street, LLC

1883 - 1889 Centre St., West Roxbury, MA 02132
License #: LB-99374
Holder of a Common Victualler 7 Day All-Alcoholic Beverages License has petitioned
for a change of Ownership Interest. Secondly, has petitioned to change the manager of
the licensed business – From: William J. Lombard To: Quintin Jordan Prell.
Attorney: Marshall F. Newman

Granted",acbd1f19890d776b130092659873063db0e6eae082e27d884e559640bfaf89b8,alcohol_explicit,,LB99374,LB-99374,"[""LB-99374""]",explicit_alcohol,"1885 Centre Street, LLC",,,[],LB99374,2022/ownership-interest-events.json,"[""ownership_interest_change""]",,,,5,"{""licensee"": ""1885 Centre Street, LLC"", ""licensee_dba"": null, ""from_address"": ""1883 - 1889 Centre St., West Roxbury, MA 02132"", ""transferor"": ""1885 Centre Street, LLC"", ""transferor_dba"": null, ""transferee"": null, ""transferee_dba"": null, ""to_address"": null}",[],[],[],False,manually_reviewed,,501737e2d2fffa33ac7cff756fe573e5b1877fe554fb129170671923e33edfcc,"8. 1885 Centre Street, LLC

1883 - 1889 Centre St., West Roxbury, MA 02132
License #: LB-99374
Holder of a Common Victualler 7 Day All-Alcoholic Beverages License has petitioned
for a change of Ownership Interest. Secondly, has petitioned to change the manager of
the licensed business – From: William J. Lombard To: Quintin Jordan Prell.
Attorney: Marshall F. Newman

Granted","[""https://www.boston.gov/sites/default/files/file/2022/10/Voting%20Minutes%2010-26-22.pdf""]",2020-2023,,,,,,"1885 Centre Street, LLC",
BLB-2022-10-26-017-ownership,BLB-2022-10-26,501737e2d2fffa33ac7cff756fe573e5b1877fe554fb129170671923e33edfcc,https://www.boston.gov/sites/default/files/file/2022/10/Voting%20Minutes%2010-26-22.pdf,LB414874,LB-414874,2022-10-26,2022-10-26,2022-10-26,6,6,10,ownership_interest,ownership_application_disposition,ownership_application_disposition,granted,Granted,True,True,False,"[""ownership_interest_change""]",,True,"[""No prior or new equity holders or percentages are stated; officer/manager changes are not substituted for equity ownership.""]",,BLB-2022-10-26-017,BLB-2022-10-26,,,granted,,,,False,Alta Strada,"Delaware North Boston Flight, LLC",False,False,"100 Terminal Rd., East Boston, MA 02128","Delaware North Boston Flight, LLC",10,"10. Delaware North Boston Flight, LLC

Doing business as: Alta Strada
100 Terminal Rd., East Boston, MA 02128
License #: LB-414874
Holder of an (Airport) Common Victualler 7 Day All- Alcoholic Beverages License has petitioned
for a change of Officers/Directors/LLC Managers. Secondly, has petitioned for a change in
Ownership Interest.

Granted",517f484e7d6ee1a1e5e66ed10910e2a2d3a72056efb868f13d862ff96f503762,alcohol_explicit,,LB414874,LB-414874,"[""LB-414874""]",explicit_alcohol,"Delaware North Boston Flight, LLC",Alta Strada,,[],LB414874,2022/ownership-interest-events.json,"[""ownership_interest_change""]",,,,6,"{""licensee"": ""Delaware North Boston Flight, LLC"", ""licensee_dba"": ""Alta Strada"", ""from_address"": ""100 Terminal Rd., East Boston, MA 02128"", ""transferor"": ""Delaware North Boston Flight, LLC"", ""transferor_dba"": ""Alta Strada"", ""transferee"": null, ""transferee_dba"": null, ""to_address"": null}",[],[],[],False,manually_reviewed,,501737e2d2fffa33ac7cff756fe573e5b1877fe554fb129170671923e33edfcc,"10. Delaware North Boston Flight, LLC

Doing business as: Alta Strada
100 Terminal Rd., East Boston, MA 02128
License #: LB-414874
Holder of an (Airport) Common Victualler 7 Day All- Alcoholic Beverages License has petitioned
for a change of Officers/Directors/LLC Managers. Secondly, has petitioned for a change in
Ownership Interest.

Granted","[""https://www.boston.gov/sites/default/files/file/2022/10/Voting%20Minutes%2010-26-22.pdf""]",2020-2023,,,,,,"Delaware North Boston Flight, LLC",Alta Strada
BLB-2022-10-26-018-ownership,BLB-2022-10-26,501737e2d2fffa33ac7cff756fe573e5b1877fe554fb129170671923e33edfcc,https://www.boston.gov/sites/default/files/file/2022/10/Voting%20Minutes%2010-26-22.pdf,LB414876,LB-414876,2022-10-26,2022-10-26,2022-10-26,7,7,11,ownership_interest,ownership_application_disposition,ownership_application_disposition,granted,Granted,True,True,False,"[""ownership_interest_change""]",,True,"[""No prior or new equity holders or percentages are stated; officer/manager changes are not substituted for equity ownership.""]",,BLB-2022-10-26-018,BLB-2022-10-26,,,granted,,,,False,B Good Burger,"Delaware North Boston Flight, LLC",False,False,"100 Terminal Rd., East Boston, MA 02128","Delaware North Boston Flight, LLC",11,"11. Delaware North Boston Flight, LLC

Doing business as: B Good Burger
100 Terminal Rd., East Boston, MA 02128
License #: LB-414876
Holder of an (Airport) Common Victualler 7 Day All-Alcoholic Beverages License has petitioned
for a change of Officers/Directors/LLC Managers. Secondly, has petitioned for a change in
Ownership Interest.

Granted",e0a3237de85ba4329fb4d2bbe291476cb08f999377280612dff44a4a3b01dfa2,alcohol_explicit,,LB414876,LB-414876,"[""LB-414876""]",explicit_alcohol,"Delaware North Boston Flight, LLC",B Good Burger,,[],LB414876,2022/ownership-interest-events.json,"[""ownership_interest_change""]",,,,7,"{""licensee"": ""Delaware North Boston Flight, LLC"", ""licensee_dba"": ""B Good Burger"", ""from_address"": ""100 Terminal Rd., East Boston, MA 02128"", ""transferor"": ""Delaware North Boston Flight, LLC"", ""transferor_dba"": ""B Good Burger"", ""transferee"": null, ""transferee_dba"": null, ""to_address"": null}",[],[],[],False,manually_reviewed,,501737e2d2fffa33ac7cff756fe573e5b1877fe554fb129170671923e33edfcc,"11. Delaware North Boston Flight, LLC

Doing business as: B Good Burger
100 Terminal Rd., East Boston, MA 02128
License #: LB-414876
Holder of an (Airport) Common Victualler 7 Day All-Alcoholic Beverages License has petitioned
for a change of Officers/Directors/LLC Managers. Secondly, has petitioned for a change in
Ownership Interest.

Granted","[""https://www.boston.gov/sites/default/files/file/2022/10/Voting%20Minutes%2010-26-22.pdf""]",2020-2023,,,,,,"Delaware North Boston Flight, LLC",B Good Burger
BLB-2022-10-26-019-ownership,BLB-2022-10-26,501737e2d2fffa33ac7cff756fe573e5b1877fe554fb129170671923e33edfcc,https://www.boston.gov/sites/default/files/file/2022/10/Voting%20Minutes%2010-26-22.pdf,LB408105,LB-408105,2022-10-26,2022-10-26,2022-10-26,7,7,12,ownership_interest,ownership_application_disposition,ownership_application_disposition,granted,Granted,True,True,False,"[""ownership_interest_change""]",,True,"[""No prior or new equity holders or percentages are stated; officer/manager changes are not substituted for equity ownership.""]",,BLB-2022-10-26-019,BLB-2022-10-26,,,granted,,,,False,Mija Cantina,"Delaware North Boston Flight, LLC",False,False,"Logan Airport Terminal C East Boston, MA 02128","Delaware North Boston Flight, LLC",12,"12. Delaware North Boston Flight, LLC

Doing business as: Mija Cantina
Logan Airport Terminal C East Boston, MA 02128
License #: LB-408105
Holder of an (Airport) Common Victualler 7 Day All-Alcoholic Beverages License has petitioned
for a change of Officers/Directors/LLC Managers. Secondly, has petitioned for a change in
Ownership Interest.

Granted",eb17345ed23b4029ccb8989ebed43bbd717f683297854ca1c0e9d4af32972811,alcohol_explicit,,LB408105,LB-408105,"[""LB-408105""]",explicit_alcohol,"Delaware North Boston Flight, LLC",Mija Cantina,,[],LB408105,2022/ownership-interest-events.json,"[""ownership_interest_change""]",,,,7,"{""licensee"": ""Delaware North Boston Flight, LLC"", ""licensee_dba"": ""Mija Cantina"", ""from_address"": ""Logan Airport Terminal C East Boston, MA 02128"", ""transferor"": ""Delaware North Boston Flight, LLC"", ""transferor_dba"": ""Mija Cantina"", ""transferee"": null, ""transferee_dba"": null, ""to_address"": null}",[],[],[],False,manually_reviewed,,501737e2d2fffa33ac7cff756fe573e5b1877fe554fb129170671923e33edfcc,"12. Delaware North Boston Flight, LLC

Doing business as: Mija Cantina
Logan Airport Terminal C East Boston, MA 02128
License #: LB-408105
Holder of an (Airport) Common Victualler 7 Day All-Alcoholic Beverages License has petitioned
for a change of Officers/Directors/LLC Managers. Secondly, has petitioned for a change in
Ownership Interest.

Granted","[""https://www.boston.gov/sites/default/files/file/2022/10/Voting%20Minutes%2010-26-22.pdf""]",2020-2023,,,,,,"Delaware North Boston Flight, LLC",Mija Cantina
BLB-2022-10-26-020-ownership,BLB-2022-10-26,501737e2d2fffa33ac7cff756fe573e5b1877fe554fb129170671923e33edfcc,https://www.boston.gov/sites/default/files/file/2022/10/Voting%20Minutes%2010-26-22.pdf,LB383161,LB-383161,2022-10-26,2022-10-26,2022-10-26,7,7,13,ownership_interest,ownership_application_disposition,ownership_application_disposition,granted,Granted,True,True,False,"[""ownership_interest_change""]",,True,"[""No prior or new equity holders or percentages are stated; officer/manager changes are not substituted for equity ownership.""]",,BLB-2022-10-26-020,BLB-2022-10-26,,,granted,,,,False,B Good Burger,"Delaware North Boston Flight, LLC",False,False,"200 Terminal Rd., East Boston, MA 02128","Delaware North Boston Flight, LLC",13,"13. Delaware North Boston Flight, LLC

Doing business as: B Good Burger
200 Terminal Rd., East Boston, MA 02128
License #: LB-383161
Holder of an (Airport) Common Victualler 7 Day Wines and Malt Beverages License has petitioned
for a change of Officers/Directors/LLC Managers. Secondly, has petitioned for a change in
Ownership Interest.

Granted",485a7bca4a86ef86d825e7448e52760542d585e7e243c37808be43fe71420f91,alcohol_explicit,,LB383161,LB-383161,"[""LB-383161""]",explicit_alcohol,"Delaware North Boston Flight, LLC",B Good Burger,,[],LB383161,2022/ownership-interest-events.json,"[""ownership_interest_change""]",,,,7,"{""licensee"": ""Delaware North Boston Flight, LLC"", ""licensee_dba"": ""B Good Burger"", ""from_address"": ""200 Terminal Rd., East Boston, MA 02128"", ""transferor"": ""Delaware North Boston Flight, LLC"", ""transferor_dba"": ""B Good Burger"", ""transferee"": null, ""transferee_dba"": null, ""to_address"": null}",[],[],[],False,manually_reviewed,,501737e2d2fffa33ac7cff756fe573e5b1877fe554fb129170671923e33edfcc,"13. Delaware North Boston Flight, LLC

Doing business as: B Good Burger
200 Terminal Rd., East Boston, MA 02128
License #: LB-383161
Holder of an (Airport) Common Victualler 7 Day Wines and Malt Beverages License has petitioned
for a change of Officers/Directors/LLC Managers. Secondly, has petitioned for a change in
Ownership Interest.

Granted","[""https://www.boston.gov/sites/default/files/file/2022/10/Voting%20Minutes%2010-26-22.pdf""]",2020-2023,,,,,,"Delaware North Boston Flight, LLC",B Good Burger
BLB-2022-10-26-021-ownership,BLB-2022-10-26,501737e2d2fffa33ac7cff756fe573e5b1877fe554fb129170671923e33edfcc,https://www.boston.gov/sites/default/files/file/2022/10/Voting%20Minutes%2010-26-22.pdf,LB382644,LB-382644,2022-10-26,2022-10-26,2022-10-26,7,7,14,ownership_interest,ownership_application_disposition,ownership_application_disposition,granted,Granted,True,True,False,"[""ownership_interest_change""]",,True,"[""No prior or new equity holders or percentages are stated; officer/manager changes are not substituted for equity ownership.""]",,BLB-2022-10-26-021,BLB-2022-10-26,,,granted,,,,False,Boston Bruins Bar,"Delaware North Boston Flight, LLC",False,False,"100 Terminal Rd., East Boston, MA 02128","Delaware North Boston Flight, LLC",14,"14. Delaware North Boston Flight, LLC

Doing business as: Boston Bruins Bar
100 Terminal Rd., East Boston, MA 02128
License #: LB-382644
Holder of an (Airport) Common Victualler 7 Day All-Alcoholic Beverages License has petitioned
for a change of Officers/Directors/LLC Managers. Secondly, has petitioned for a change in
Ownership Interest.

Granted",a0da09fb029e09530d75d873c8246b0dda1119a00f87118d6126ef6cba41a2a2,alcohol_explicit,,LB382644,LB-382644,"[""LB-382644""]",explicit_alcohol,"Delaware North Boston Flight, LLC",Boston Bruins Bar,,[],LB382644,2022/ownership-interest-events.json,"[""ownership_interest_change""]",,,,7,"{""licensee"": ""Delaware North Boston Flight, LLC"", ""licensee_dba"": ""Boston Bruins Bar"", ""from_address"": ""100 Terminal Rd., East Boston, MA 02128"", ""transferor"": ""Delaware North Boston Flight, LLC"", ""transferor_dba"": ""Boston Bruins Bar"", ""transferee"": null, ""transferee_dba"": null, ""to_address"": null}",[],[],[],False,manually_reviewed,,501737e2d2fffa33ac7cff756fe573e5b1877fe554fb129170671923e33edfcc,"14. Delaware North Boston Flight, LLC

Doing business as: Boston Bruins Bar
100 Terminal Rd., East Boston, MA 02128
License #: LB-382644
Holder of an (Airport) Common Victualler 7 Day All-Alcoholic Beverages License has petitioned
for a change of Officers/Directors/LLC Managers. Secondly, has petitioned for a change in
Ownership Interest.

Granted","[""https://www.boston.gov/sites/default/files/file/2022/10/Voting%20Minutes%2010-26-22.pdf""]",2020-2023,,,,,,"Delaware North Boston Flight, LLC",Boston Bruins Bar
BLB-2022-10-26-022-ownership,BLB-2022-10-26,501737e2d2fffa33ac7cff756fe573e5b1877fe554fb129170671923e33edfcc,https://www.boston.gov/sites/default/files/file/2022/10/Voting%20Minutes%2010-26-22.pdf,LB402436,LB-402436,2022-10-26,2022-10-26,2022-10-26,8,8,15,ownership_interest,ownership_application_disposition,ownership_application_disposition,granted,Granted,True,True,False,"[""ownership_interest_change""]",,True,"[""No prior or new equity holders or percentages are stated; officer/manager changes are not substituted for equity ownership.""]",,BLB-2022-10-26-022,BLB-2022-10-26,,,granted,,,,False,Monica's Mercato,"Delaware North Boston Flight, LLC",False,False,"Logan Airport, Terminal E East Boston, MA 02128","Delaware North Boston Flight, LLC",15,"15. Delaware North Boston Flight, LLC

Doing business as: Monica's Mercato
Logan Airport, Terminal E East Boston, MA 02128
License #: LB-402436
Holder of an (Airport) Common Victualler 7 Day All-Alcoholic Beverages License has petitioned
for a change of Officers/Directors/LLC Managers. Secondly, has petitioned for a change in
Ownership Interest.

Granted",21b060b799dfdc08b57d4cfdab123f26f2e101d5e3425845281d36244eac070f,alcohol_explicit,,LB402436,LB-402436,"[""LB-402436""]",explicit_alcohol,"Delaware North Boston Flight, LLC",Monica's Mercato,,[],LB402436,2022/ownership-interest-events.json,"[""ownership_interest_change""]",,,,8,"{""licensee"": ""Delaware North Boston Flight, LLC"", ""licensee_dba"": ""Monica's Mercato"", ""from_address"": ""Logan Airport, Terminal E East Boston, MA 02128"", ""transferor"": ""Delaware North Boston Flight, LLC"", ""transferor_dba"": ""Monica's Mercato"", ""transferee"": null, ""transferee_dba"": null, ""to_address"": null}",[],[],[],False,manually_reviewed,,501737e2d2fffa33ac7cff756fe573e5b1877fe554fb129170671923e33edfcc,"15. Delaware North Boston Flight, LLC

Doing business as: Monica's Mercato
Logan Airport, Terminal E East Boston, MA 02128
License #: LB-402436
Holder of an (Airport) Common Victualler 7 Day All-Alcoholic Beverages License has petitioned
for a change of Officers/Directors/LLC Managers. Secondly, has petitioned for a change in
Ownership Interest.

Granted","[""https://www.boston.gov/sites/default/files/file/2022/10/Voting%20Minutes%2010-26-22.pdf""]",2020-2023,,,,,,"Delaware North Boston Flight, LLC",Monica's Mercato
BLB-2022-10-26-023-ownership,BLB-2022-10-26,501737e2d2fffa33ac7cff756fe573e5b1877fe554fb129170671923e33edfcc,https://www.boston.gov/sites/default/files/file/2022/10/Voting%20Minutes%2010-26-22.pdf,LB373394,LB-373394,2022-10-26,2022-10-26,2022-10-26,8,8,16,ownership_interest,ownership_application_disposition,ownership_application_disposition,granted,Granted,True,True,False,"[""ownership_interest_change""]",,True,"[""No prior or new equity holders or percentages are stated; officer/manager changes are not substituted for equity ownership.""]",,BLB-2022-10-26-023,BLB-2022-10-26,,,granted,,,,False,Pei Wei/Wolfgang Puck Pizza,"Delaware North Boston Flight, LLC",False,False,"1 Harborside Dr., East Boston, MA 02128","Delaware North Boston Flight, LLC",16,"16. Delaware North Boston Flight, LLC

Doing business as: Pei Wei/Wolfgang Puck Pizza
1 Harborside Dr., East Boston, MA 02128
License #: LB-373394
Holder of an (Airport) Common Victualler 7 Day Wines and Malt Beverages License has petitioned
for a change of Officers/Directors/LLC Managers. Secondly, has petitioned for a change in
Ownership Interest.

Granted",ad7e7819f192f8fc322d3a79e806570dcb0823a35dddc4a8a859f9f002840699,alcohol_explicit,,LB373394,LB-373394,"[""LB-373394""]",explicit_alcohol,"Delaware North Boston Flight, LLC",Pei Wei/Wolfgang Puck Pizza,,[],LB373394,2022/ownership-interest-events.json,"[""ownership_interest_change""]",,,,8,"{""licensee"": ""Delaware North Boston Flight, LLC"", ""licensee_dba"": ""Pei Wei/Wolfgang Puck Pizza"", ""from_address"": ""1 Harborside Dr., East Boston, MA 02128"", ""transferor"": ""Delaware North Boston Flight, LLC"", ""transferor_dba"": ""Pei Wei/Wolfgang Puck Pizza"", ""transferee"": null, ""transferee_dba"": null, ""to_address"": null}",[],[],[],False,manually_reviewed,,501737e2d2fffa33ac7cff756fe573e5b1877fe554fb129170671923e33edfcc,"16. Delaware North Boston Flight, LLC

Doing business as: Pei Wei/Wolfgang Puck Pizza
1 Harborside Dr., East Boston, MA 02128
License #: LB-373394
Holder of an (Airport) Common Victualler 7 Day Wines and Malt Beverages License has petitioned
for a change of Officers/Directors/LLC Managers. Secondly, has petitioned for a change in
Ownership Interest.

Granted","[""https://www.boston.gov/sites/default/files/file/2022/10/Voting%20Minutes%2010-26-22.pdf""]",2020-2023,,,,,,"Delaware North Boston Flight, LLC",Pei Wei/Wolfgang Puck Pizza
BLB-2022-10-26-024-ownership,BLB-2022-10-26,501737e2d2fffa33ac7cff756fe573e5b1877fe554fb129170671923e33edfcc,https://www.boston.gov/sites/default/files/file/2022/10/Voting%20Minutes%2010-26-22.pdf,LB383184,LB-383184,2022-10-26,2022-10-26,2022-10-26,8,8,17,ownership_interest,ownership_application_disposition,ownership_application_disposition,granted,Granted,True,True,False,"[""ownership_interest_change""]",,True,"[""No prior or new equity holders or percentages are stated; officer/manager changes are not substituted for equity ownership.""]",,BLB-2022-10-26-024,BLB-2022-10-26,,,granted,,,,False,Tico Tacos,"Delaware North Boston Flight, LLC",False,False,"200 Terminal Rd., East Boston, MA 02128","Delaware North Boston Flight, LLC",17,"17. Delaware North Boston Flight, LLC

Doing business as: Tico Tacos
200 Terminal Rd., East Boston, MA 02128
License #: LB-383184
Holder of an (Airport) Common Victualler 7 Day All-Alcoholic Beverages License has petitioned
for a change of Officers/Directors/LLC Managers. Secondly, has petitioned for a change in
Ownership Interest.

Granted",bf90f125337bac334428bf8bf7d9462c16c1001594fd278875a218db1178bbc6,alcohol_explicit,,LB383184,LB-383184,"[""LB-383184""]",explicit_alcohol,"Delaware North Boston Flight, LLC",Tico Tacos,,[],LB383184,2022/ownership-interest-events.json,"[""ownership_interest_change""]",,,,8,"{""licensee"": ""Delaware North Boston Flight, LLC"", ""licensee_dba"": ""Tico Tacos"", ""from_address"": ""200 Terminal Rd., East Boston, MA 02128"", ""transferor"": ""Delaware North Boston Flight, LLC"", ""transferor_dba"": ""Tico Tacos"", ""transferee"": null, ""transferee_dba"": null, ""to_address"": null}",[],[],[],False,manually_reviewed,,501737e2d2fffa33ac7cff756fe573e5b1877fe554fb129170671923e33edfcc,"17. Delaware North Boston Flight, LLC

Doing business as: Tico Tacos
200 Terminal Rd., East Boston, MA 02128
License #: LB-383184
Holder of an (Airport) Common Victualler 7 Day All-Alcoholic Beverages License has petitioned
for a change of Officers/Directors/LLC Managers. Secondly, has petitioned for a change in
Ownership Interest.

Granted","[""https://www.boston.gov/sites/default/files/file/2022/10/Voting%20Minutes%2010-26-22.pdf""]",2020-2023,,,,,,"Delaware North Boston Flight, LLC",Tico Tacos
BLB-2022-10-26-044-ownership,BLB-2022-10-26,501737e2d2fffa33ac7cff756fe573e5b1877fe554fb129170671923e33edfcc,https://www.boston.gov/sites/default/files/file/2022/10/Voting%20Minutes%2010-26-22.pdf,,,2022-10-26,2022-10-26,2022-10-26,13,13,4,ownership_interest,ownership_application_disposition,ownership_application_disposition,granted,Granted,True,True,False,"[""share_change"", ""corporate_name_change""]",,False,"[""Source explicitly describes corporate-name and share changes; legal-form labels differ, but no formal entity conversion is inferred. Manuel and Marvel spellings are preserved as printed.""]",,BLB-2022-10-26-044,BLB-2022-10-26,,,granted,"GR Restaurant and Catering, Inc.","Rosas Group, LLC",,False,La Casa De Pan Debona,"Rosas Group, LLC",False,True,"271 Meridian Street, East Boston, MA 02128","Rosas Group, LLC d/b/a La Casa De Pan Debona, 271 Meridian Street,",4,"4. Rosas Group, LLC d/b/a La Casa De Pan Debona, 271 Meridian Street,
   East Boston, MA 02128 has petitioned to change the corporate name and secondly to change the
   officers, and shares From - Rosas Group, LLC Berta Rosas - 20%, Joan Gross - 39%, Manuel
   Fernando Rosas 41% To GR Restaurant and Catering, Inc. Erin Rosas - 51%, and Marvel
   Fernando Rosas - 49%.

    Granted
_________________________________________________________________________________",e6311b7af4c729dec4266a7e2b5795e4b675bf11c2286f9d854b81a92b068f40,common_victualler_non_alcohol_or_unspecified,,,,[],common_victualler_no_alcohol_stated,"Rosas Group, LLC",La Casa De Pan Debona,,"[""Erin Rosas"", ""Marvel Fernando Rosas""]",,2022/ownership-interest-events.json,"[""share_change"", ""corporate_name_change""]",,,,13,"{""licensee"": ""Rosas Group, LLC"", ""licensee_dba"": ""La Casa De Pan Debona"", ""from_address"": null, ""transferor"": ""Rosas Group, LLC d/b/a La Casa De Pan Debona, 271 Meridian Street,"", ""transferor_dba"": null, ""transferee"": null, ""transferee_dba"": null, ""to_address"": null}","[{""name"": ""Erin Rosas"", ""percentage"": 51}, {""name"": ""Marvel Fernando Rosas"", ""percentage"": 49}]","[{""name"": ""Berta Rosas"", ""percentage"": 20}, {""name"": ""Joan Gross"", ""percentage"": 39}, {""name"": ""Manuel Fernando Rosas"", ""percentage"": 41}]","[""Berta Rosas"", ""Joan Gross"", ""Manuel Fernando Rosas""]",False,manually_reviewed,,501737e2d2fffa33ac7cff756fe573e5b1877fe554fb129170671923e33edfcc,"4. Rosas Group, LLC d/b/a La Casa De Pan Debona, 271 Meridian Street,
   East Boston, MA 02128 has petitioned to change the corporate name and secondly to change the
   officers, and shares From - Rosas Group, LLC Berta Rosas - 20%, Joan Gross - 39%, Manuel
   Fernando Rosas 41% To GR Restaurant and Catering, Inc. Erin Rosas - 51%, and Marvel
   Fernando Rosas - 49%.

    Granted
_________________________________________________________________________________","[""https://www.boston.gov/sites/default/files/file/2022/10/Voting%20Minutes%2010-26-22.pdf""]",2020-2023,,,,,,"Rosas Group, LLC d/b/a La Casa De Pan Debona, 271 Meridian Street,",
BLB-2022-10-26-045-ownership,BLB-2022-10-26,501737e2d2fffa33ac7cff756fe573e5b1877fe554fb129170671923e33edfcc,https://www.boston.gov/sites/default/files/file/2022/10/Voting%20Minutes%2010-26-22.pdf,,,2022-10-26,2022-10-26,2022-10-26,13,13,5,ownership_interest,ownership_application_disposition,ownership_application_disposition,granted,Granted,True,True,False,"[""share_change""]",,False,"[""Source states share counts, not ownership percentages. Common Victualler item lacks alcohol category and license ID.""]",,BLB-2022-10-26-045,BLB-2022-10-26,,,granted,,,,False,Cafe Corner,"Chen’s Corner, Inc.",False,False,"62 Harrison Avenue, Boston, MA 02111","Chen’s Corner, Inc. d/b/a Cafe Corner, 62 Harrison Avenue, Boston, MA 02111 has petitioned to",5,"5. Chen’s Corner, Inc. d/b/a Cafe Corner, 62 Harrison Avenue, Boston, MA 02111 has petitioned to
   remove officer Wen Dong Chen, and, secondly, has petitioned to change shares of the
   corporation From: Wen Dong Chen, Pre/Treas/Director 50 shares and Limin Chen,
   Sec./Director 50 shares To: Limin Chen: 100 shares.

   Granted
_________________________________________________________________________________",0578e91cc1a92a55d2048b4f3cab0b3ca06a3aaf82d19ce7f80ec0d2ac0c177b,common_victualler_non_alcohol_or_unspecified,,,,[],common_victualler_no_alcohol_stated,"Chen’s Corner, Inc.",Cafe Corner,,"[""Limin Chen""]",,2022/ownership-interest-events.json,"[""share_change""]",,,,13,"{""licensee"": ""Chen’s Corner, Inc."", ""licensee_dba"": ""Cafe Corner"", ""from_address"": null, ""transferor"": ""Chen’s Corner, Inc. d/b/a Cafe Corner, 62 Harrison Avenue, Boston, MA 02111 has petitioned to"", ""transferor_dba"": null, ""transferee"": null, ""transferee_dba"": null, ""to_address"": null}","[{""name"": ""Limin Chen"", ""shares"": 100}]","[{""name"": ""Wen Dong Chen"", ""shares"": 50}, {""name"": ""Limin Chen"", ""shares"": 50}]","[""Wen Dong Chen"", ""Limin Chen""]",False,manually_reviewed,,501737e2d2fffa33ac7cff756fe573e5b1877fe554fb129170671923e33edfcc,"5. Chen’s Corner, Inc. d/b/a Cafe Corner, 62 Harrison Avenue, Boston, MA 02111 has petitioned to
   remove officer Wen Dong Chen, and, secondly, has petitioned to change shares of the
   corporation From: Wen Dong Chen, Pre/Treas/Director 50 shares and Limin Chen,
   Sec./Director 50 shares To: Limin Chen: 100 shares.

   Granted
_________________________________________________________________________________","[""https://www.boston.gov/sites/default/files/file/2022/10/Voting%20Minutes%2010-26-22.pdf""]",2020-2023,,,,,,"Chen’s Corner, Inc. d/b/a Cafe Corner, 62 Harrison Avenue, Boston, MA 02111 has petitioned to",
BLB-2022-11-17-023-ownership,BLB-2022-11-17,feb2c643f58e960f4a0f343742a10d4f948a9ab91e4ef5f36395919074386f20,https://www.boston.gov/sites/default/files/file/2022/11/BLB%20-%20Voting%20Minutes%2011-17-22_0.pdf,LB99575,LB-99575,2022-11-17,2022-11-17,2022-11-17,7,7,12,ownership_interest,ownership_application_disposition,ownership_application_disposition,granted,Granted,True,True,False,"[""stock_interest_change""]",,True,"[""No prior or new equity holders or percentages are stated; officer/manager changes are not substituted for equity ownership.""]",,BLB-2022-11-17-023,BLB-2022-11-17,,,granted,,,,False,House of Siam,Thailand International Corporation,False,False,"542 Columbus Ave., Roxbury, MA 02118",Thailand International Corporation,12,"12. Thailand International Corporation

Doing business as: House of Siam
542 Columbus Ave., Roxbury, MA 02118
License #: LB-99575
Holder of a Common Victualler 7 Day All-Alcoholic Beverages License has petitioned for a change
of Officers/Directors/LLC Managers. Secondly, has petitioned for a change of Stock Interest. Lastly
has petitioned to change the manager of the licensed business – From: Patchara Srisuk To: Kwanchat
Wongjantip.
Attorney: Khuong Nguyen

Granted",8d9bd2ec7e4bed9e34d4849781db5cad3fbfc71e873be46ff8e6c97070f5a2b3,alcohol_explicit,,LB99575,LB-99575,"[""LB-99575""]",explicit_alcohol,Thailand International Corporation,House of Siam,,[],LB99575,2022/ownership-interest-events.json,"[""stock_interest_change""]",,,,7,"{""licensee"": ""Thailand International Corporation"", ""licensee_dba"": ""House of Siam"", ""from_address"": ""542 Columbus Ave., Roxbury, MA 02118"", ""transferor"": ""Thailand International Corporation"", ""transferor_dba"": ""House of Siam"", ""transferee"": null, ""transferee_dba"": null, ""to_address"": null}",[],[],[],False,manually_reviewed,,feb2c643f58e960f4a0f343742a10d4f948a9ab91e4ef5f36395919074386f20,"12. Thailand International Corporation

Doing business as: House of Siam
542 Columbus Ave., Roxbury, MA 02118
License #: LB-99575
Holder of a Common Victualler 7 Day All-Alcoholic Beverages License has petitioned for a change
of Officers/Directors/LLC Managers. Secondly, has petitioned for a change of Stock Interest. Lastly
has petitioned to change the manager of the licensed business – From: Patchara Srisuk To: Kwanchat
Wongjantip.
Attorney: Khuong Nguyen

Granted","[""https://www.boston.gov/sites/default/files/file/2022/11/BLB%20-%20Voting%20Minutes%2011-17-22_0.pdf""]",2020-2023,,,,,,Thailand International Corporation,House of Siam
BLB-2022-11-17-024-ownership,BLB-2022-11-17,feb2c643f58e960f4a0f343742a10d4f948a9ab91e4ef5f36395919074386f20,https://www.boston.gov/sites/default/files/file/2022/11/BLB%20-%20Voting%20Minutes%2011-17-22_0.pdf,LB99638,LB-99638,2022-11-17,2022-11-17,2022-11-17,8,8,13,ownership_interest,ownership_application_disposition,ownership_application_disposition,granted,Granted,True,True,False,"[""ownership_interest_change""]",,True,"[""No prior or new equity holders or percentages are stated; officer/manager changes are not substituted for equity ownership.""]",,BLB-2022-11-17-024,BLB-2022-11-17,,,granted,,,,False,Hei La Moon,"88 Beach, LLC",False,False,"88 Beach St., Boston, MA 02111","88 Beach, LLC",13,"13. 88 Beach, LLC

Doing business as: Hei La Moon
88 Beach St., Boston, MA 02111
License #: LB-99638
Holder of a Common Victualler 7 Day Wines and Malt Beverages License has petitioned for a
change of Officer/Director/LLC Manager. Secondly, has petitioned for a change in Ownership
Interest. Lastly, has petitioned to change the manager of the licensed business From: Zhiheng Mu
To: Albert Leung.
Attorney: Ka Yung Wong

Granted",b027421bd8e2e787831aa016f3649d5707ae81f8831eb0f16be21a9a9cbfb29e,alcohol_explicit,,LB99638,LB-99638,"[""LB-99638""]",explicit_alcohol,"88 Beach, LLC",Hei La Moon,,[],LB99638,2022/ownership-interest-events.json,"[""ownership_interest_change""]",,,,8,"{""licensee"": ""88 Beach, LLC"", ""licensee_dba"": ""Hei La Moon"", ""from_address"": ""88 Beach St., Boston, MA 02111"", ""transferor"": ""88 Beach, LLC"", ""transferor_dba"": ""Hei La Moon"", ""transferee"": null, ""transferee_dba"": null, ""to_address"": null}",[],[],[],False,manually_reviewed,,feb2c643f58e960f4a0f343742a10d4f948a9ab91e4ef5f36395919074386f20,"13. 88 Beach, LLC

Doing business as: Hei La Moon
88 Beach St., Boston, MA 02111
License #: LB-99638
Holder of a Common Victualler 7 Day Wines and Malt Beverages License has petitioned for a
change of Officer/Director/LLC Manager. Secondly, has petitioned for a change in Ownership
Interest. Lastly, has petitioned to change the manager of the licensed business From: Zhiheng Mu
To: Albert Leung.
Attorney: Ka Yung Wong

Granted","[""https://www.boston.gov/sites/default/files/file/2022/11/BLB%20-%20Voting%20Minutes%2011-17-22_0.pdf""]",2020-2023,,,,,,"88 Beach, LLC",Hei La Moon
BLB-2022-11-17-033-ownership,BLB-2022-11-17,feb2c643f58e960f4a0f343742a10d4f948a9ab91e4ef5f36395919074386f20,https://www.boston.gov/sites/default/files/file/2022/11/BLB%20-%20Voting%20Minutes%2011-17-22_0.pdf,,,2022-11-17,2022-11-17,2022-11-17,10,10,1,ownership_interest,ownership_application_disposition,ownership_application_disposition,granted,Granted,True,True,False,"[""share_change""]",,False,[],,BLB-2022-11-17-033,BLB-2022-11-17,,,granted,,,,False,Bos’ Sichuan Taste,Bingo Catering LLC,False,True,"204 Harvard Avenue, Allston, MA 02134","Bingo Catering LLC d/b/a Bos' Sichuan Taste, 204 Harvard Avenue, Allston, MA 02134 has",1,"1. Bingo Catering LLC d/b/a Bos' Sichuan Taste, 204 Harvard Avenue, Allston, MA 02134 has
   petitioned to change officers and shares of LLC From: Guang Ping Ding 35%, Hao Shen 10%,
   LiLuo 20% and Xiang Zhou 35% To: Jiaying Chen 20%, Yingnan Liu 15%, Xiang Zhou 35%,
   Hao Shen 10% and Zihang Yu 20%.

   Granted
_________________________________________________________________________________",bccbf0b5edb9e5ceb5d72211c7a868a91c98b341af6f6c83af6db8358f073234,common_victualler_non_alcohol_or_unspecified,,,,[],common_victualler_no_alcohol_stated,Bingo Catering LLC,Bos’ Sichuan Taste,,"[""Jiaying Chen"", ""Yingnan Liu"", ""Xiang Zhou"", ""Hao Shen"", ""Zihang Yu""]",,2022/ownership-interest-events.json,"[""share_change""]",,,,10,"{""licensee"": ""Bingo Catering LLC"", ""licensee_dba"": ""Bos’ Sichuan Taste"", ""from_address"": null, ""transferor"": ""Bingo Catering LLC d/b/a Bos' Sichuan Taste, 204 Harvard Avenue, Allston, MA 02134 has"", ""transferor_dba"": null, ""transferee"": null, ""transferee_dba"": null, ""to_address"": null}","[{""name"": ""Jiaying Chen"", ""percentage"": 20}, {""name"": ""Yingnan Liu"", ""percentage"": 15}, {""name"": ""Xiang Zhou"", ""percentage"": 35}, {""name"": ""Hao Shen"", ""percentage"": 10}, {""name"": ""Zihang Yu"", ""percentage"": 20}]","[{""name"": ""Guang Ping Ding"", ""percentage"": 35}, {""name"": ""Hao Shen"", ""percentage"": 10}, {""name"": ""LiLuo"", ""percentage"": 20}, {""name"": ""Xiang Zhou"", ""percentage"": 35}]","[""Guang Ping Ding"", ""Hao Shen"", ""LiLuo"", ""Xiang Zhou""]",False,manually_reviewed,,feb2c643f58e960f4a0f343742a10d4f948a9ab91e4ef5f36395919074386f20,"1. Bingo Catering LLC d/b/a Bos' Sichuan Taste, 204 Harvard Avenue, Allston, MA 02134 has
   petitioned to change officers and shares of LLC From: Guang Ping Ding 35%, Hao Shen 10%,
   LiLuo 20% and Xiang Zhou 35% To: Jiaying Chen 20%, Yingnan Liu 15%, Xiang Zhou 35%,
   Hao Shen 10% and Zihang Yu 20%.

   Granted
_________________________________________________________________________________","[""https://www.boston.gov/sites/default/files/file/2022/11/BLB%20-%20Voting%20Minutes%2011-17-22_0.pdf""]",2020-2023,,,,,,"Bingo Catering LLC d/b/a Bos' Sichuan Taste, 204 Harvard Avenue, Allston, MA 02134 has",
BLB-2022-12-15-024-ownership,BLB-2022-12-15,6b7fff6a491a275ebc07530c4c9d84f8711d3135a8b8721803a700eec519012d,https://www.boston.gov/sites/default/files/file/2022/12/Voting%20Minutes%2012-15-22.docx_3.pdf,LB99118,LB-99118,2022-12-15,2022-12-15,2022-12-15,7,7,13,ownership_interest,ownership_application_disposition,ownership_application_disposition,granted,Granted,True,True,False,"[""stock_interest_change""]",,True,"[""No prior or new equity holders or percentages are stated; officer/manager changes are not substituted for equity ownership.""]",,BLB-2022-12-15-024,BLB-2022-12-15,,,granted,,,,False,The Glass Slipper,The 15 Lagrange Street Corporation,False,False,"22 Lagrange St., Boston, MA 02116",The 15 Lagrange Street Corporation,13,"13. The 15 Lagrange Street Corporation

Doing business as: The Glass Slipper
22 Lagrange St., Boston, MA 02116
License #: LB-99118
Holder of an Common Victualler 7 Day All-Alcoholic Beverages License has petitioned for a change
of Officers/Directors/LLC Managers. Secondly, has petitioned for a change of Stock. Lastly, has
petitioned to change the manager of the licensed business – From: Nicholas Romano To: Allen M.
Goldstein.
Attorney: Frederick W. Riley

Granted",8972966dd3433aebfafea5c828ac06656154231ba45fc40778f8384378e20999,alcohol_explicit,,LB99118,LB-99118,"[""LB-99118""]",explicit_alcohol,The 15 Lagrange Street Corporation,The Glass Slipper,,[],LB99118,2022/ownership-interest-events.json,"[""stock_interest_change""]",,,,7,"{""licensee"": ""The 15 Lagrange Street Corporation"", ""licensee_dba"": ""The Glass Slipper"", ""from_address"": ""22 Lagrange St., Boston, MA 02116"", ""transferor"": ""The 15 Lagrange Street Corporation"", ""transferor_dba"": ""The Glass Slipper"", ""transferee"": null, ""transferee_dba"": null, ""to_address"": null}",[],[],[],False,manually_reviewed,,6b7fff6a491a275ebc07530c4c9d84f8711d3135a8b8721803a700eec519012d,"13. The 15 Lagrange Street Corporation

Doing business as: The Glass Slipper
22 Lagrange St., Boston, MA 02116
License #: LB-99118
Holder of an Common Victualler 7 Day All-Alcoholic Beverages License has petitioned for a change
of Officers/Directors/LLC Managers. Secondly, has petitioned for a change of Stock. Lastly, has
petitioned to change the manager of the licensed business – From: Nicholas Romano To: Allen M.
Goldstein.
Attorney: Frederick W. Riley

Granted","[""https://www.boston.gov/sites/default/files/file/2022/12/Voting%20Minutes%2012-15-22.docx_3.pdf""]",2020-2023,,,,,,The 15 Lagrange Street Corporation,The Glass Slipper
BLB-2022-12-15-025-ownership,BLB-2022-12-15,6b7fff6a491a275ebc07530c4c9d84f8711d3135a8b8721803a700eec519012d,https://www.boston.gov/sites/default/files/file/2022/12/Voting%20Minutes%2012-15-22.docx_3.pdf,LB99085,LB-99085,2022-12-15,2022-12-15,2022-12-15,7,7,14,ownership_interest,ownership_application_disposition,ownership_application_disposition,granted,Granted,True,True,False,"[""stock_interest_change""]",,True,"[""No prior or new equity holders or percentages are stated; officer/manager changes are not substituted for equity ownership.""]",,BLB-2022-12-15-025,BLB-2022-12-15,,,granted,,,,False,Caffe Paradiso,"Caffe Paradiso, Inc.",False,False,"255 Hanover St., Boston, MA 02113","Caffe Paradiso, Inc.",14,"14. Caffe Paradiso, Inc.

Doing business as: Caffe Paradiso
255 Hanover St., Boston, MA 02113
License #: LB-99085
Holder of a Common Victualler 7 Day All-Alcoholic Beverages License has petitioned for a change
of Officers/Directors/LLC Managers. Secondly, has petitioned for a change of Stock. Lastly, has
petitioned to change the manager of the licensed business – From: Oai Ngo To: Adrian DeStefano
Federico.
Attorney: William G. Ferullo

Granted",e63454d1de061b850a1d6c9063d60c3bb3660fe1757348017ba95f0a7ecf4681,alcohol_explicit,,LB99085,LB-99085,"[""LB-99085""]",explicit_alcohol,"Caffe Paradiso, Inc.",Caffe Paradiso,,[],LB99085,2022/ownership-interest-events.json,"[""stock_interest_change""]",,,,7,"{""licensee"": ""Caffe Paradiso, Inc."", ""licensee_dba"": ""Caffe Paradiso"", ""from_address"": ""255 Hanover St., Boston, MA 02113"", ""transferor"": ""Caffe Paradiso, Inc."", ""transferor_dba"": ""Caffe Paradiso"", ""transferee"": null, ""transferee_dba"": null, ""to_address"": null}",[],[],[],False,manually_reviewed,,6b7fff6a491a275ebc07530c4c9d84f8711d3135a8b8721803a700eec519012d,"14. Caffe Paradiso, Inc.

Doing business as: Caffe Paradiso
255 Hanover St., Boston, MA 02113
License #: LB-99085
Holder of a Common Victualler 7 Day All-Alcoholic Beverages License has petitioned for a change
of Officers/Directors/LLC Managers. Secondly, has petitioned for a change of Stock. Lastly, has
petitioned to change the manager of the licensed business – From: Oai Ngo To: Adrian DeStefano
Federico.
Attorney: William G. Ferullo

Granted","[""https://www.boston.gov/sites/default/files/file/2022/12/Voting%20Minutes%2012-15-22.docx_3.pdf""]",2020-2023,,,,,,"Caffe Paradiso, Inc.",Caffe Paradiso
BLB-2022-12-15-030-ownership,BLB-2022-12-15,6b7fff6a491a275ebc07530c4c9d84f8711d3135a8b8721803a700eec519012d,https://www.boston.gov/sites/default/files/file/2022/12/Voting%20Minutes%2012-15-22.docx_3.pdf,LB102049,LB-102049,2022-12-15,2022-12-15,2022-12-15,9,9,19,ownership_interest,ownership_application_disposition,ownership_application_disposition,granted,Granted,True,True,False,"[""ownership_interest_change"", ""stock_interest_change""]",,True,"[""No prior or new equity holders or percentages are stated; officer/manager changes are not substituted for equity ownership.""]",,BLB-2022-12-15-030,BLB-2022-12-15,,,granted,,,,False,"J. Pace & Son, Waterfront","J. Pace & Son Uptown, Inc.",False,False,"1 Park Ln., Boston, MA 02210","J. Pace & Son Uptown, Inc.",19,"19. J. Pace & Son Uptown, Inc.

Doing business as: J. Pace & Son, Waterfront
1 Park Ln., Boston, MA 02210
License #: LB-102049
Holder of a Retail Package Store Wines and Malt Beverages License has petitioned for a change of
Officers/Directors/LLC Manager of the Corporation. Secondly, has petitioned for a change of
Stock/Ownership Interest.

Granted",878b69bd2b41eac2f8280d2879637e333541d7d3f7391ecb92ff19854b423288,alcohol_explicit,,LB102049,LB-102049,"[""LB-102049""]",explicit_alcohol,"J. Pace & Son Uptown, Inc.","J. Pace & Son, Waterfront",,[],LB102049,2022/ownership-interest-events.json,"[""ownership_interest_change"", ""stock_interest_change""]",,,,9,"{""licensee"": ""J. Pace & Son Uptown, Inc."", ""licensee_dba"": ""J. Pace & Son, Waterfront"", ""from_address"": ""1 Park Ln., Boston, MA 02210"", ""transferor"": ""J. Pace & Son Uptown, Inc."", ""transferor_dba"": ""J. Pace & Son, Waterfront"", ""transferee"": null, ""transferee_dba"": null, ""to_address"": null}",[],[],[],False,manually_reviewed,,6b7fff6a491a275ebc07530c4c9d84f8711d3135a8b8721803a700eec519012d,"19. J. Pace & Son Uptown, Inc.

Doing business as: J. Pace & Son, Waterfront
1 Park Ln., Boston, MA 02210
License #: LB-102049
Holder of a Retail Package Store Wines and Malt Beverages License has petitioned for a change of
Officers/Directors/LLC Manager of the Corporation. Secondly, has petitioned for a change of
Stock/Ownership Interest.

Granted","[""https://www.boston.gov/sites/default/files/file/2022/12/Voting%20Minutes%2012-15-22.docx_3.pdf""]",2020-2023,,,,,,"J. Pace & Son Uptown, Inc.","J. Pace & Son, Waterfront"
BLB-2022-12-15-031-ownership,BLB-2022-12-15,6b7fff6a491a275ebc07530c4c9d84f8711d3135a8b8721803a700eec519012d,https://www.boston.gov/sites/default/files/file/2022/12/Voting%20Minutes%2012-15-22.docx_3.pdf,LB101987,LB-101987,2022-12-15,2022-12-15,2022-12-15,10,10,20,ownership_interest,ownership_application_disposition,ownership_application_disposition,granted,Granted,True,True,False,"[""ownership_interest_change"", ""stock_interest_change""]",,True,"[""No prior or new equity holders or percentages are stated; officer/manager changes are not substituted for equity ownership.""]",,BLB-2022-12-15-031,BLB-2022-12-15,,,granted,,,,False,J. Pace & Son,"J. Pace & Son Central, Inc.",False,False,"75 Blossom Ct., Boston, MA 02109","J. Pace & Son Central, Inc.",20,"20. J. Pace & Son Central, Inc.

Doing business as: J. Pace & Son
75 Blossom Ct., Boston, MA 02109
License #: LB-101987
Holder of a Retail Package Store All-Alcoholic Beverages License has petitioned for a change of
Officers/Directors/LLC Manager of the Corporation. Secondly, has petitioned for a change of
Stock/Ownership Interest.

Granted",a3da1c8d8d96ce954d57e945172e59971033fa1191a7760c75c9d27f4e2024e6,alcohol_explicit,,LB101987,LB-101987,"[""LB-101987""]",explicit_alcohol,"J. Pace & Son Central, Inc.",J. Pace & Son,,[],LB101987,2022/ownership-interest-events.json,"[""ownership_interest_change"", ""stock_interest_change""]",,,,10,"{""licensee"": ""J. Pace & Son Central, Inc."", ""licensee_dba"": ""J. Pace & Son"", ""from_address"": ""75 Blossom Ct., Boston, MA 02109"", ""transferor"": ""J. Pace & Son Central, Inc."", ""transferor_dba"": ""J. Pace & Son"", ""transferee"": null, ""transferee_dba"": null, ""to_address"": null}",[],[],[],False,manually_reviewed,,6b7fff6a491a275ebc07530c4c9d84f8711d3135a8b8721803a700eec519012d,"20. J. Pace & Son Central, Inc.

Doing business as: J. Pace & Son
75 Blossom Ct., Boston, MA 02109
License #: LB-101987
Holder of a Retail Package Store All-Alcoholic Beverages License has petitioned for a change of
Officers/Directors/LLC Manager of the Corporation. Secondly, has petitioned for a change of
Stock/Ownership Interest.

Granted","[""https://www.boston.gov/sites/default/files/file/2022/12/Voting%20Minutes%2012-15-22.docx_3.pdf""]",2020-2023,,,,,,"J. Pace & Son Central, Inc.",J. Pace & Son
BLB-2022-12-15-032-ownership,BLB-2022-12-15,6b7fff6a491a275ebc07530c4c9d84f8711d3135a8b8721803a700eec519012d,https://www.boston.gov/sites/default/files/file/2022/12/Voting%20Minutes%2012-15-22.docx_3.pdf,LB99654,LB-99654,2022-12-15,2022-12-15,2022-12-15,10,10,21,ownership_interest,ownership_application_disposition,ownership_application_disposition,granted,Granted,True,True,False,"[""stock_interest_change""]",,True,"[""No prior or new equity holders or percentages are stated; officer/manager changes are not substituted for equity ownership.""]",,BLB-2022-12-15-032,BLB-2022-12-15,,,granted,,,,False,Station Bistro,Triple Eight Management Corp.,False,False,"20 Hudson St., Boston, MA 02111",Triple Eight Management Corp.,21,"21. Triple Eight Management Corp.

Doing business as: Station Bistro
20 Hudson St., Boston, MA 02111
License #: LB-99654
Holder of a Common Victualler 7 Day Wines and Malt Beverages License has petitioned for a
Change in Stock Interest.
Attorney: Ka Yung Wong

Granted",567cfe0b054d41541d4e952a38e14c1e48e84050e24d2bf8402548a5a029e51d,alcohol_explicit,,LB99654,LB-99654,"[""LB-99654""]",explicit_alcohol,Triple Eight Management Corp.,Station Bistro,,[],LB99654,2022/ownership-interest-events.json,"[""stock_interest_change""]",,,,10,"{""licensee"": ""Triple Eight Management Corp."", ""licensee_dba"": ""Station Bistro"", ""from_address"": ""20 Hudson St., Boston, MA 02111"", ""transferor"": ""Triple Eight Management Corp."", ""transferor_dba"": ""Station Bistro"", ""transferee"": null, ""transferee_dba"": null, ""to_address"": null}",[],[],[],False,manually_reviewed,,6b7fff6a491a275ebc07530c4c9d84f8711d3135a8b8721803a700eec519012d,"21. Triple Eight Management Corp.

Doing business as: Station Bistro
20 Hudson St., Boston, MA 02111
License #: LB-99654
Holder of a Common Victualler 7 Day Wines and Malt Beverages License has petitioned for a
Change in Stock Interest.
Attorney: Ka Yung Wong

Granted","[""https://www.boston.gov/sites/default/files/file/2022/12/Voting%20Minutes%2012-15-22.docx_3.pdf""]",2020-2023,,,,,,Triple Eight Management Corp.,Station Bistro
BLB-2023-01-25-018-ownership,BLB-2023-01-25,243e764988e98d6ec1dc39fe317746935420af2de0b0ad1c1285aba5d3e3ac67,https://www.boston.gov/sites/default/files/file/2023/01/Voting%20Minutes%201-25-23.docx%20Final%20Draft_5.pdf,LB99639,LB-99639,2023-01-25,2023-01-25,2023-01-25,5,5,7,ownership_interest,ownership_application_disposition,ownership_application_disposition,granted,Granted,True,True,False,"[""ownership_interest_change"", ""stock_interest_change""]",,,"[""No before/after equity holders or percentages are identified; manager/officer names are not inferred to be owners.""]",,BLB-2023-01-25-018,BLB-2023-01-25,,,granted,,,,False,BB.Q Chicken,"Allston BBQ, LLC",False,,"182 Harvard Ave., Boston, MA 02134","Allston BBQ, LLC",7,"7. Allston BBQ, LLC

Doing business as: BB.Q Chicken
182 Harvard Ave., Boston, MA 02134
License #: LB-99639
Holder of a Common Victualler 7 Day Wines and Malt Beverages with Liqueurs License has
petitioned for a change of Officer/Director/LLC Manager. Secondly, has petitioned for a change in
Ownership and Stock Interest.
Attorney: Chung H. Lee

Granted",8a64c4719ab2625d927372c7d02fa2a17d5cfdf9a6c4c4a84c7140ea63932517,,,LB99639,,"[""LB-99639""]",explicit_alcohol,"Allston BBQ, LLC",BB.Q Chicken,"Allston BBQ, LLC",,LB99639,2023/ownership-interest-events.json,,,"Allston BBQ, LLC",licensee,5,,[],[],,,,,243e764988e98d6ec1dc39fe317746935420af2de0b0ad1c1285aba5d3e3ac67,"7. Allston BBQ, LLC

Doing business as: BB.Q Chicken
182 Harvard Ave., Boston, MA 02134
License #: LB-99639
Holder of a Common Victualler 7 Day Wines and Malt Beverages with Liqueurs License has
petitioned for a change of Officer/Director/LLC Manager. Secondly, has petitioned for a change in
Ownership and Stock Interest.
Attorney: Chung H. Lee

Granted","[""https://www.boston.gov/sites/default/files/file/2023/01/Voting%20Minutes%201-25-23.docx%20Final%20Draft_5.pdf""]",2020-2023,,,,,,,
BLB-2023-01-25-019-ownership,BLB-2023-01-25,243e764988e98d6ec1dc39fe317746935420af2de0b0ad1c1285aba5d3e3ac67,https://www.boston.gov/sites/default/files/file/2023/01/Voting%20Minutes%201-25-23.docx%20Final%20Draft_5.pdf,LB99714,LB-99714,2023-01-25,2023-01-25,2023-01-25,6,6,8,ownership_interest,ownership_application_disposition,ownership_application_disposition,granted,Granted,True,True,False,"[""stock_interest_change""]",,,"[""No before/after equity holders or percentages are identified; manager/officer names are not inferred to be owners.""]",,BLB-2023-01-25-019,BLB-2023-01-25,,,granted,,,,False,La Summa,30 Fleet Street Corporation,False,,"30 Fleet St., Boston, MA 02113",30 Fleet Street Corporation,8,"8. 30 Fleet Street Corporation

Doing business as: La Summa
30 Fleet St., Boston, MA 02113
License #: LB-99714
Holder of a Common Victualler 7 Day Wines and Malt Beverages with Liqueurs License has
petitioned for a change of Officer/Director/LLC Manager. Secondly, has petitioned for a change in
Stock Interest. Lastly, has petitioned to change the manager of the licensed business - From: Barbara
Sullivan To: Sharon Sullivan.
Attorney: Adam C. Ponte

Granted",34d3e811e074f1b217e1488cdbb0c69c69d16dbfff87d3c06c0239bd2d854f27,,,LB99714,,"[""LB-99714""]",explicit_alcohol,30 Fleet Street Corporation,La Summa,30 Fleet Street Corporation,,LB99714,2023/ownership-interest-events.json,,,30 Fleet Street Corporation,licensee,6,,[],[],,,,,243e764988e98d6ec1dc39fe317746935420af2de0b0ad1c1285aba5d3e3ac67,"8. 30 Fleet Street Corporation

Doing business as: La Summa
30 Fleet St., Boston, MA 02113
License #: LB-99714
Holder of a Common Victualler 7 Day Wines and Malt Beverages with Liqueurs License has
petitioned for a change of Officer/Director/LLC Manager. Secondly, has petitioned for a change in
Stock Interest. Lastly, has petitioned to change the manager of the licensed business - From: Barbara
Sullivan To: Sharon Sullivan.
Attorney: Adam C. Ponte

Granted","[""https://www.boston.gov/sites/default/files/file/2023/01/Voting%20Minutes%201-25-23.docx%20Final%20Draft_5.pdf""]",2020-2023,,,,,,,
BLB-2023-01-25-031-ownership,BLB-2023-01-25,243e764988e98d6ec1dc39fe317746935420af2de0b0ad1c1285aba5d3e3ac67,https://www.boston.gov/sites/default/files/file/2023/01/Voting%20Minutes%201-25-23.docx%20Final%20Draft_5.pdf,,,2023-01-25,2023-01-25,2023-01-25,9,9,1,ownership_interest,ownership_application_disposition,ownership_application_disposition,granted,Granted,True,True,False,"[""stockholder_change""]",,,"[""Only stated ownership parties/quantities are retained; no assumption of a complete capitalization table or completed equity transfer."", ""License ID is absent from this non-hearing Common Victualler amendment item.""]",,BLB-2023-01-25-031,BLB-2023-01-25,,,granted,,,,False,Top Bread,"Bread Top, Inc.",False,,,"Bread Top, Inc. d/b/a Top Bread, 77 Harrison Avenue, Boston, MA 02111 has petitioned to",1,"1. Bread Top, Inc. d/b/a Top Bread, 77 Harrison Avenue, Boston, MA 02111 has petitioned to
   change the officers/shareholders. From: Wen Dong Chen President 50 shares & Limin Chen
   Secretary, Director 50 Shares. To: Limin Chen President 100 shares.

Granted
_________________________________________________________________________________",52c1ae3ad776313afafd979a8108eae35dc92f51f9eb4b71977ce6180f1413f9,,,,,[],common_victualler_no_alcohol_stated,"Bread Top, Inc. d/b/a Top Bread, 77 Harrison Avenue, Boston, MA 02111 has petitioned to",,"Bread Top, Inc. d/b/a Top Bread, 77 Harrison Avenue, Boston, MA 02111 has petitioned to",,,2023/ownership-interest-events.json,,,"Bread Top, Inc.",licensee,9,,"[{""name"": ""Limin Chen"", ""interest_percent"": null, ""interest_quantity"": 100, ""interest_unit"": ""shares"", ""role"": ""President"", ""source_quote"": ""1. Bread Top, Inc. d/b/a Top Bread, 77 Harrison Avenue, Boston, MA 02111 has petitioned to\n   change the officers/shareholders. From: Wen Dong Chen President 50 shares & Limin Chen\n   Secretary, Director 50 Shares. To: Limin Chen President 100 shares.\n\nGranted\n_________________________________________________________________________________""}]","[{""name"": ""Wen Dong Chen"", ""interest_percent"": null, ""interest_quantity"": 50, ""interest_unit"": ""shares"", ""role"": ""President"", ""source_quote"": ""1. Bread Top, Inc. d/b/a Top Bread, 77 Harrison Avenue, Boston, MA 02111 has petitioned to\n   change the officers/shareholders. From: Wen Dong Chen President 50 shares & Limin Chen\n   Secretary, Director 50 Shares. To: Limin Chen President 100 shares.\n\nGranted\n_________________________________________________________________________________""}, {""name"": ""Limin Chen"", ""interest_percent"": null, ""interest_quantity"": 50, ""interest_unit"": ""shares"", ""role"": ""Secretary, Director"", ""source_quote"": ""1. Bread Top, Inc. d/b/a Top Bread, 77 Harrison Avenue, Boston, MA 02111 has petitioned to\n   change the officers/shareholders. From: Wen Dong Chen President 50 shares & Limin Chen\n   Secretary, Director 50 Shares. To: Limin Chen President 100 shares.\n\nGranted\n_________________________________________________________________________________""}]",,,,,243e764988e98d6ec1dc39fe317746935420af2de0b0ad1c1285aba5d3e3ac67,"1. Bread Top, Inc. d/b/a Top Bread, 77 Harrison Avenue, Boston, MA 02111 has petitioned to
   change the officers/shareholders. From: Wen Dong Chen President 50 shares & Limin Chen
   Secretary, Director 50 Shares. To: Limin Chen President 100 shares.

Granted
_________________________________________________________________________________","[""https://www.boston.gov/sites/default/files/file/2023/01/Voting%20Minutes%201-25-23.docx%20Final%20Draft_5.pdf""]",2020-2023,,,,,,,
BLB-2023-03-08-018-ownership,BLB-2023-03-08,a6c6033a8cecbcf32fa05c78f92868f86c569c5bb9428d4d92afb2305fe3b34e,https://www.boston.gov/sites/default/files/file/2023/03/Voting%20Minutes%203-8-23.docx.pdf,LB99355,LB-99355,2023-03-08,2023-03-08,2023-03-08,5,5,7,ownership_interest,ownership_application_disposition,ownership_application_disposition,granted,Granted,True,True,False,"[""ownership_interest_change""]",,,"[""No before/after equity holders or percentages are identified; manager/officer names are not inferred to be owners.""]",,BLB-2023-03-08-018,BLB-2023-03-08,,,granted,,,,False,Eataly,"Eataly Boston, LLC",False,,"800 Boylston St., Boston, MA 02199","Eataly Boston, LLC",7,"7. Eataly Boston, LLC

Doing business as: Eataly
800 Boylston St., Boston, MA 02199
License #: LB‑99355
Holder of a Common Victualler 7 Day All‑Alcoholic Beverages License has petitioned for a change of
Officers/Directors/LLC Managers. Secondly, has petitioned for a change in Ownership Interest. Lastly,
has petitioned to change the manager of the licensed business – From: Gregg Guertin To: Christian
Mutino.
Attorney: Caroline A. O'Connell

Granted
_____________________________________________________________________________________",ed96a659bcaf47c19b5d9f2c7256af93e2a5a9a1ac9be07508f01d14afd8a52e,,,LB99355,,"[""LB-99355""]",explicit_alcohol,"Eataly Boston, LLC",Eataly,"Eataly Boston, LLC",,LB99355,2023/ownership-interest-events.json,,,"Eataly Boston, LLC",licensee,5,,[],[],,,,,a6c6033a8cecbcf32fa05c78f92868f86c569c5bb9428d4d92afb2305fe3b34e,"7. Eataly Boston, LLC

Doing business as: Eataly
800 Boylston St., Boston, MA 02199
License #: LB‑99355
Holder of a Common Victualler 7 Day All‑Alcoholic Beverages License has petitioned for a change of
Officers/Directors/LLC Managers. Secondly, has petitioned for a change in Ownership Interest. Lastly,
has petitioned to change the manager of the licensed business – From: Gregg Guertin To: Christian
Mutino.
Attorney: Caroline A. O'Connell

Granted
_____________________________________________________________________________________","[""https://www.boston.gov/sites/default/files/file/2023/03/Voting%20Minutes%203-8-23.docx.pdf""]",2020-2023,,,,,,,
BLB-2023-03-08-019-ownership,BLB-2023-03-08,a6c6033a8cecbcf32fa05c78f92868f86c569c5bb9428d4d92afb2305fe3b34e,https://www.boston.gov/sites/default/files/file/2023/03/Voting%20Minutes%203-8-23.docx.pdf,LB173813,LB-173813,2023-03-08,2023-03-08,2023-03-08,5,5,8,ownership_interest,ownership_application_disposition,ownership_application_disposition,granted,Granted,True,True,False,"[""ownership_interest_change""]",,,"[""No before/after equity holders or percentages are identified; manager/officer names are not inferred to be owners.""]",,BLB-2023-03-08-019,BLB-2023-03-08,,,granted,,,,False,Cantina,"Cantina, LLC",False,,"800 Boylston St., Boston, MA 02115","Cantina, LLC",8,"8. Cantina, LLC

Doing business as: Cantina
800 Boylston St., Boston, MA 02115
License #: LB‑173813
Holder of a Retail Package Store All‑Alcoholic Beverages License has petitioned for a change of
Officers/Directors/LLC Manager of the Corporation. Secondly, has petitioned for a change of Ownership
Interest.
Attorney: Caroline O'Connell

Granted
_____________________________________________________________________________________",33ab2c37326f85e6b35d9a39f4a0c8105e504bcf61349d5a65a9a5c8e0d47b8a,,,LB173813,,"[""LB-173813""]",explicit_alcohol,"Cantina, LLC",Cantina,"Cantina, LLC",,LB173813,2023/ownership-interest-events.json,,,"Cantina, LLC",licensee,5,,[],[],,,,,a6c6033a8cecbcf32fa05c78f92868f86c569c5bb9428d4d92afb2305fe3b34e,"8. Cantina, LLC

Doing business as: Cantina
800 Boylston St., Boston, MA 02115
License #: LB‑173813
Holder of a Retail Package Store All‑Alcoholic Beverages License has petitioned for a change of
Officers/Directors/LLC Manager of the Corporation. Secondly, has petitioned for a change of Ownership
Interest.
Attorney: Caroline O'Connell

Granted
_____________________________________________________________________________________","[""https://www.boston.gov/sites/default/files/file/2023/03/Voting%20Minutes%203-8-23.docx.pdf""]",2020-2023,,,,,,,
BLB-2023-03-08-020-ownership,BLB-2023-03-08,a6c6033a8cecbcf32fa05c78f92868f86c569c5bb9428d4d92afb2305fe3b34e,https://www.boston.gov/sites/default/files/file/2023/03/Voting%20Minutes%203-8-23.docx.pdf,LB99378,LB-99378,2023-03-08,2023-03-08,2023-03-08,6,6,9,ownership_interest,ownership_application_disposition,ownership_application_disposition,granted,Granted,True,True,False,"[""stock_interest_change""]",,,"[""No before/after equity holders or percentages are identified; manager/officer names are not inferred to be owners.""]",,BLB-2023-03-08-020,BLB-2023-03-08,,,granted,,,,False,California Pizza Kitchen,"California Pizza Kitchen, Inc.",False,,"800 Boylston St., Boston, MA 02199","California Pizza Kitchen, Inc.",9,"9. California Pizza Kitchen, Inc.

Doing business as: California Pizza Kitchen
800 Boylston St., Boston, MA 02199
License #: LB‑99378
Holder of a Common Victualler 7 Day All‑Alcoholic Beverages License has petitioned for a change of
Officers/Directors/LLC Managers. Secondly, has petitioned for a change in Stock Interest.

Granted
_____________________________________________________________________________________",81c0d4e84e9d0c0ad4094055b0408275d923969eab1bd581b51c307523ebadce,,,LB99378,,"[""LB-99378""]",explicit_alcohol,"California Pizza Kitchen, Inc.",California Pizza Kitchen,"California Pizza Kitchen, Inc.",,LB99378,2023/ownership-interest-events.json,,,"California Pizza Kitchen, Inc.",licensee,6,,[],[],,,,,a6c6033a8cecbcf32fa05c78f92868f86c569c5bb9428d4d92afb2305fe3b34e,"9. California Pizza Kitchen, Inc.

Doing business as: California Pizza Kitchen
800 Boylston St., Boston, MA 02199
License #: LB‑99378
Holder of a Common Victualler 7 Day All‑Alcoholic Beverages License has petitioned for a change of
Officers/Directors/LLC Managers. Secondly, has petitioned for a change in Stock Interest.

Granted
_____________________________________________________________________________________","[""https://www.boston.gov/sites/default/files/file/2023/03/Voting%20Minutes%203-8-23.docx.pdf""]",2020-2023,,,,,,,
BLB-2023-04-06-016-ownership,BLB-2023-04-06,2c1583771919e7e9a08d076252554a56d8d0fa983076a8465c0a19fbb26f84d0,https://www.boston.gov/sites/default/files/file/2023/04/4-6-23%20-%20Voting%20Minutes_2.pdf,LB99118,LB-99118,2023-04-06,2023-04-06,2023-04-06,5,5,7,ownership_interest,ownership_application_disposition,ownership_application_disposition,granted,Granted,True,True,False,"[""stock_interest_change""]",,,"[""No before/after equity holders or percentages are identified; manager/officer names are not inferred to be owners.""]",,BLB-2023-04-06-016,BLB-2023-04-06,,,granted,,,,False,The Glass Slipper,The 15 Lagrange Street Corporation,False,,"22 Lagrange St., Boston, MA 02116",The 15 Lagrange Street Corporation,7,"7.   The 15 Lagrange Street Corporation

     Doing business as: The Glass Slipper
     22 Lagrange St., Boston, MA 02116
     License #: LB-99118
     Holder of a Common Victualler 7 Day All-Alcoholic Beverages License has petitioned for a
     change of Officers/Directors/LLC Managers. Secondly, has petitioned for a change in Stock
     Interest. Lastly, has petitioned to change the manager of the licensed business – From:
     Nicolas Romano To: Allen M. Goldstein.

     Granted",223cf34232580deab26a8fc35f03355434e9f24577553dd751efa2108b5df646,,,LB99118,,"[""LB-99118""]",explicit_alcohol,The 15 Lagrange Street Corporation,The Glass Slipper,The 15 Lagrange Street Corporation,,LB99118,2023/ownership-interest-events.json,,,The 15 Lagrange Street Corporation,licensee,5,,[],[],,,,,2c1583771919e7e9a08d076252554a56d8d0fa983076a8465c0a19fbb26f84d0,"7.   The 15 Lagrange Street Corporation

     Doing business as: The Glass Slipper
     22 Lagrange St., Boston, MA 02116
     License #: LB-99118
     Holder of a Common Victualler 7 Day All-Alcoholic Beverages License has petitioned for a
     change of Officers/Directors/LLC Managers. Secondly, has petitioned for a change in Stock
     Interest. Lastly, has petitioned to change the manager of the licensed business – From:
     Nicolas Romano To: Allen M. Goldstein.

     Granted","[""https://www.boston.gov/sites/default/files/file/2023/04/4-6-23%20-%20Voting%20Minutes_2.pdf""]",2020-2023,,,,,,,
BLB-2023-04-06-017-ownership,BLB-2023-04-06,2c1583771919e7e9a08d076252554a56d8d0fa983076a8465c0a19fbb26f84d0,https://www.boston.gov/sites/default/files/file/2023/04/4-6-23%20-%20Voting%20Minutes_2.pdf,LB101623,LB-101623,2023-04-06,2023-04-06,2023-04-06,5,5,8,ownership_interest,ownership_application_disposition,ownership_application_disposition,granted,Granted,True,True,False,"[""ownership_interest_change""]",,,"[""No before/after equity holders or percentages are identified; manager/officer names are not inferred to be owners.""]",,BLB-2023-04-06-017,BLB-2023-04-06,,,granted,,,,False,Courtyard Boston South Bay Center,Hiren Boston LLC,False,,"33 W Howell St., Dorchester, MA 02125",Hiren Boston LLC,8,"8.   Hiren Boston LLC

     Doing business as: Courtyard Boston South Bay Center
     33 W Howell St., Dorchester, MA 02125
     License #: LB-101623
     Holder of an Innholder All-Alcoholic Beverages License has petitioned for a change in
     Ownership Interest.

     Granted",3ce709ecb2040733c79d5b1a686a3ad3b2a2f99a6779c6b119b3f14d297216f9,,,LB101623,,"[""LB-101623""]",explicit_alcohol,Hiren Boston LLC,Courtyard Boston South Bay Center,Hiren Boston LLC,,LB101623,2023/ownership-interest-events.json,,,Hiren Boston LLC,licensee,5,,[],[],,,,,2c1583771919e7e9a08d076252554a56d8d0fa983076a8465c0a19fbb26f84d0,"8.   Hiren Boston LLC

     Doing business as: Courtyard Boston South Bay Center
     33 W Howell St., Dorchester, MA 02125
     License #: LB-101623
     Holder of an Innholder All-Alcoholic Beverages License has petitioned for a change in
     Ownership Interest.

     Granted","[""https://www.boston.gov/sites/default/files/file/2023/04/4-6-23%20-%20Voting%20Minutes_2.pdf""]",2020-2023,,,,,,,
BLB-2023-04-27-018-ownership,BLB-2023-04-27,ed17476fff2bdb35dd8cf715f91520398e6767e8dfa02caf342afd693547129a,https://www.boston.gov/sites/default/files/file/2023/04/BLB%20Voting%20Minutes%20-%204-27-23.pdf,LB99181,LB-99181,2023-04-27,2023-04-27,2023-04-27,5,5,9,ownership_interest,ownership_application_disposition,ownership_application_disposition,granted,Granted,True,True,False,"[""ownership_interest_change""]",,,"[""No before/after equity holders or percentages are identified; manager/officer names are not inferred to be owners.""]",,BLB-2023-04-27-018,BLB-2023-04-27,,,granted,,,,False,Hyatt Centric Boston,"MHF Devonshire Operating V, LLC",False,,"54 Devonshire St., Boston, MA 02109","MHF Devonshire Operating V, LLC",9,"9. MHF Devonshire Operating V, LLC

Doing business as: Hyatt Centric Boston
54 Devonshire St., Boston, MA 02109
License #: LB-99181
Holder of a Common Victualler 7 Day All-Alcoholic Beverages License has petitioned for a change
in Ownership Interest. Secondly, has petitioned for the approval of a Management Agreement
between MHF Devonshire Operating Tenant V , LLC and Crocker Management LLC.
Attorney: Joseph H. Devlin

Granted",de7fed5008c3a5c450198e7a664d454724d626f3f5459b70b7032879842de9e7,,,LB99181,,"[""LB-99181""]",explicit_alcohol,"MHF Devonshire Operating V, LLC",Hyatt Centric Boston,"MHF Devonshire Operating V, LLC",,LB99181,2023/ownership-interest-events.json,,,"MHF Devonshire Operating V, LLC",licensee,5,,[],[],,,,,ed17476fff2bdb35dd8cf715f91520398e6767e8dfa02caf342afd693547129a,"9. MHF Devonshire Operating V, LLC

Doing business as: Hyatt Centric Boston
54 Devonshire St., Boston, MA 02109
License #: LB-99181
Holder of a Common Victualler 7 Day All-Alcoholic Beverages License has petitioned for a change
in Ownership Interest. Secondly, has petitioned for the approval of a Management Agreement
between MHF Devonshire Operating Tenant V , LLC and Crocker Management LLC.
Attorney: Joseph H. Devlin

Granted","[""https://www.boston.gov/sites/default/files/file/2023/04/BLB%20Voting%20Minutes%20-%204-27-23.pdf""]",2020-2023,,,,,,,
BLB-2023-04-27-031-ownership,BLB-2023-04-27,ed17476fff2bdb35dd8cf715f91520398e6767e8dfa02caf342afd693547129a,https://www.boston.gov/sites/default/files/file/2023/04/BLB%20Voting%20Minutes%20-%204-27-23.pdf,,,2023-04-27,2023-04-27,2023-04-27,8,8,1,ownership_interest,ownership_application_disposition,ownership_application_disposition,granted,Granted,True,True,False,"[""stockholder_change""]",,,"[""Only stated ownership parties/quantities are retained; no assumption of a complete capitalization table or completed equity transfer."", ""License ID is absent from this non-hearing Common Victualler amendment item.""]",,BLB-2023-04-27-031,BLB-2023-04-27,,,granted,,,,False,Sama X Edena,"SE Investment, LLC",False,,"50% shareholder. To - Ten One Tea House- d/b/a, Yuchen Yu 100% shareholder.","SE Investment, LLC d/b/a Sama X Edena , 279 Newbury St, Boston, MA 02116. Has",1,"1. SE Investment, LLC d/b/a Sama X Edena , 279 Newbury St, Boston, MA 02116. Has
      applied to change the d/b/a, manager and shares From - Sama X Edena-d/b/a, Rongchen Li
      50% shareholder. To - Ten One Tea House- d/b/a, Yuchen Yu 100% shareholder.

       Granted
_________________________________________________________________________________",e5b6b31ccc7b3b07f28ee85d421d9ebcb20a23e387ea0c063d276e9b1f7ca2c5,,,,,[],common_victualler_no_alcohol_stated,"SE Investment, LLC d/b/a Sama X Edena , 279 Newbury St, Boston, MA 02116. Has",,"SE Investment, LLC d/b/a Sama X Edena , 279 Newbury St, Boston, MA 02116. Has",,,2023/ownership-interest-events.json,,,"SE Investment, LLC",licensee,8,,"[{""name"": ""Yuchen Yu"", ""interest_percent"": 100, ""interest_quantity"": null, ""interest_unit"": null, ""role"": ""shareholder"", ""source_quote"": ""1. SE Investment, LLC d/b/a Sama X Edena , 279 Newbury St, Boston, MA 02116. Has\n      applied to change the d/b/a, manager and shares From - Sama X Edena-d/b/a, Rongchen Li\n      50% shareholder. To - Ten One Tea House- d/b/a, Yuchen Yu 100% shareholder.\n\n       Granted\n_________________________________________________________________________________""}]","[{""name"": ""Rongchen Li"", ""interest_percent"": 50, ""interest_quantity"": null, ""interest_unit"": null, ""role"": ""shareholder"", ""source_quote"": ""1. SE Investment, LLC d/b/a Sama X Edena , 279 Newbury St, Boston, MA 02116. Has\n      applied to change the d/b/a, manager and shares From - Sama X Edena-d/b/a, Rongchen Li\n      50% shareholder. To - Ten One Tea House- d/b/a, Yuchen Yu 100% shareholder.\n\n       Granted\n_________________________________________________________________________________""}]",,,,,ed17476fff2bdb35dd8cf715f91520398e6767e8dfa02caf342afd693547129a,"1. SE Investment, LLC d/b/a Sama X Edena , 279 Newbury St, Boston, MA 02116. Has
      applied to change the d/b/a, manager and shares From - Sama X Edena-d/b/a, Rongchen Li
      50% shareholder. To - Ten One Tea House- d/b/a, Yuchen Yu 100% shareholder.

       Granted
_________________________________________________________________________________","[""https://www.boston.gov/sites/default/files/file/2023/04/BLB%20Voting%20Minutes%20-%204-27-23.pdf""]",2020-2023,,,,,,,
BLB-2023-05-04-015-ownership,BLB-2023-05-04,0640397d942bbe65359081e76a06297cf797df07d0e58218b6c84c78a600bea8,https://www.boston.gov/sites/default/files/file/2023/05/Voting%20Minutes%205-4-23_0.pdf,LB99294,LB-99294,2023-05-04,2023-05-04,2023-05-04,5,5,6,ownership_interest,ownership_application_disposition,ownership_application_disposition,granted,Granted,True,True,False,"[""ownership_interest_change""]",,,"[""No before/after equity holders or percentages are identified; manager/officer names are not inferred to be owners.""]",,BLB-2023-05-04-015,BLB-2023-05-04,,,granted,,,,False,Centerfolds,"Oznemoc, Inc.",False,,"12 - 18 LaGrange Street, Boston, MA 02116","Oznemoc, Inc.",6,"6. Oznemoc, Inc.

  Doing business as: Centerfolds
  12 - 18 LaGrange Street, Boston, MA 02116
  License #: LB-99294
  Holder of a Common Victualler 7 Day All-Alcoholic Beverages License has petitioned for a
  change of Officers/Directors/LLC Managers. Secondly, has petitioned for a change in
  Ownership Interest.
  Attorney: John P. Connell

   Granted
_________________________________________________________________________________",258684dd2a30be40836379d19135b6374cf1199497962b07720e04c2e62ba8e3,,,LB99294,,"[""LB-99294""]",explicit_alcohol,"Oznemoc, Inc.",Centerfolds,"Oznemoc, Inc.",,LB99294,2023/ownership-interest-events.json,,,"Oznemoc, Inc.",licensee,5,,[],[],,,,,0640397d942bbe65359081e76a06297cf797df07d0e58218b6c84c78a600bea8,"6. Oznemoc, Inc.

  Doing business as: Centerfolds
  12 - 18 LaGrange Street, Boston, MA 02116
  License #: LB-99294
  Holder of a Common Victualler 7 Day All-Alcoholic Beverages License has petitioned for a
  change of Officers/Directors/LLC Managers. Secondly, has petitioned for a change in
  Ownership Interest.
  Attorney: John P. Connell

   Granted
_________________________________________________________________________________","[""https://www.boston.gov/sites/default/files/file/2023/05/Voting%20Minutes%205-4-23_0.pdf""]",2020-2023,,,,,,,
BLB-2023-05-25-023-ownership,BLB-2023-05-25,bc7e862bfb54badf0941388dfac57a26c33debb0990f61b40ac89b3d09c2b950,https://www.boston.gov/sites/default/files/file/2023/05/Voting%20Minutes%205-25-23.pdf,LB99621,LB-99621,2023-05-25,2023-05-25,2023-05-25,7,7,12,ownership_interest,ownership_application_disposition,ownership_application_disposition,granted,Granted,True,True,False,"[""stock_interest_change""]",,,"[""No before/after equity holders or percentages are identified; manager/officer names are not inferred to be owners.""]",,BLB-2023-05-25-023,BLB-2023-05-25,,,granted,,,,False,"Sweet Rice, JP","Sweet Rice JP, Inc.",False,,"695 - 697 Centre St., Jamaica Plain, MA 02130","Sweet Rice JP, Inc.",12,"12. Sweet Rice JP, Inc.

Doing business as: Sweet Rice, JP
695 - 697 Centre St., Jamaica Plain, MA 02130
License #: LB-99621
Holder of a Common Victualler 7 Day Wines and Malt Beverages License has petitioned to change
the manager of the licensed business – From: Pichai Chiratthanawanit To: Pradit Sakkara. Secondly,
has petitioned for a change of Officers/Directors. Lastly, has petitioned for a
Change in Stock Interest.
Attorney: John D. Leone

Granted
_________________________________________________________________________________",de3d257f9df85a0aca57c6f70d422cbd65adfa79bdc7bc73078bea8e33316524,,,LB99621,,"[""LB-99621""]",explicit_alcohol,"Sweet Rice JP, Inc.","Sweet Rice, JP","Sweet Rice JP, Inc.",,LB99621,2023/ownership-interest-events.json,,,"Sweet Rice JP, Inc.",licensee,7,,[],[],,,,,bc7e862bfb54badf0941388dfac57a26c33debb0990f61b40ac89b3d09c2b950,"12. Sweet Rice JP, Inc.

Doing business as: Sweet Rice, JP
695 - 697 Centre St., Jamaica Plain, MA 02130
License #: LB-99621
Holder of a Common Victualler 7 Day Wines and Malt Beverages License has petitioned to change
the manager of the licensed business – From: Pichai Chiratthanawanit To: Pradit Sakkara. Secondly,
has petitioned for a change of Officers/Directors. Lastly, has petitioned for a
Change in Stock Interest.
Attorney: John D. Leone

Granted
_________________________________________________________________________________","[""https://www.boston.gov/sites/default/files/file/2023/05/Voting%20Minutes%205-25-23.pdf""]",2020-2023,,,,,,,
BLB-2023-06-08-017-ownership,BLB-2023-06-08,c609b6e16e388248a38d6a785ef7e54b043ec351457aec3823143aa870fcf6ae,https://www.boston.gov/sites/default/files/file/2023/06/Voting%20Minutes%20-%206-8-23.pdf,LB99313,LB-99313,2023-06-08,2023-06-08,2023-06-08,5,5,7,ownership_interest,ownership_application_disposition,ownership_application_disposition,granted,Granted,True,True,False,"[""ownership_interest_change"", ""corporate_structure_change""]",,,"[""No before/after equity holders or percentages are identified; manager/officer names are not inferred to be owners.""]",,BLB-2023-06-08-017,BLB-2023-06-08,,,granted,Facility Concession Services LLC,Facility Concession Services Inc.,,True,Spectrum,"Facility Concession Services, Inc.",False,,"89 Guest St., Brighton, MA 02135","Facility Concession Services, Inc.",7,"7. Facility Concession Services, Inc.

Doing business as: Spectrum
89 Guest St., Brighton, MA 02135
License #: LB-99313
Holder of a General On Premise All-Alcoholic Beverages License has petitioned to change the
Corporate Structure of the licensed business – From: Facility Concession Services Inc. To: Facility
Concession Services LLC. Secondly, has petitioned for a change of Ownership Interest.
Attorney: Lisa M. Miller

Granted",d565179513e4364c4116a5eeb3aeb71b456996f50eaacb235a12ff2ab8c9ae83,,,LB99313,,"[""LB-99313""]",explicit_alcohol,"Facility Concession Services, Inc.",Spectrum,"Facility Concession Services, Inc.",,LB99313,2023/ownership-interest-events.json,,,"Facility Concession Services, Inc.",licensee,5,,[],[],,,,,c609b6e16e388248a38d6a785ef7e54b043ec351457aec3823143aa870fcf6ae,"7. Facility Concession Services, Inc.

Doing business as: Spectrum
89 Guest St., Brighton, MA 02135
License #: LB-99313
Holder of a General On Premise All-Alcoholic Beverages License has petitioned to change the
Corporate Structure of the licensed business – From: Facility Concession Services Inc. To: Facility
Concession Services LLC. Secondly, has petitioned for a change of Ownership Interest.
Attorney: Lisa M. Miller

Granted","[""https://www.boston.gov/sites/default/files/file/2023/06/Voting%20Minutes%20-%206-8-23.pdf""]",2020-2023,,,,,,,
BLB-2023-06-08-018-ownership,BLB-2023-06-08,c609b6e16e388248a38d6a785ef7e54b043ec351457aec3823143aa870fcf6ae,https://www.boston.gov/sites/default/files/file/2023/06/Voting%20Minutes%20-%206-8-23.pdf,LB99272,LB-99272,2023-06-08,2023-06-08,2023-06-08,5,5,8,ownership_interest,ownership_application_disposition,ownership_application_disposition,granted,Granted,True,True,False,"[""ownership_interest_change"", ""corporate_structure_change""]",,,"[""No before/after equity holders or percentages are identified; manager/officer names are not inferred to be owners.""]",,BLB-2023-06-08-018,BLB-2023-06-08,,,granted,Facility Concession Services LLC,Facility Concession Services Inc.,,True,Charles Playhouse,"Facility Concession Services, Inc.",False,,"74-78 Warrenton St., Boston, MA 02116","Facility Concession Services, Inc.",8,"8. Facility Concession Services, Inc.

Doing business as: Charles Playhouse
74-78 Warrenton St., Boston, MA 02116
License #: LB-99272
Holder of a Common Victualler 7 Day All-Alcoholic Beverages License has petitioned to change the
Corporate Structure of the licensed business – From: Facility Concession Services Inc. To: Facility
Concession Services LLC. Secondly, has petitioned for a change of Ownership Interest.
Attorney: Lisa M. Miller

Granted",87e9a4a5cc680a170778f7741b779d81769f39765e08b493815c378ea28b986f,,,LB99272,,"[""LB-99272""]",explicit_alcohol,"Facility Concession Services, Inc.",Charles Playhouse,"Facility Concession Services, Inc.",,LB99272,2023/ownership-interest-events.json,,,"Facility Concession Services, Inc.",licensee,5,,[],[],,,,,c609b6e16e388248a38d6a785ef7e54b043ec351457aec3823143aa870fcf6ae,"8. Facility Concession Services, Inc.

Doing business as: Charles Playhouse
74-78 Warrenton St., Boston, MA 02116
License #: LB-99272
Holder of a Common Victualler 7 Day All-Alcoholic Beverages License has petitioned to change the
Corporate Structure of the licensed business – From: Facility Concession Services Inc. To: Facility
Concession Services LLC. Secondly, has petitioned for a change of Ownership Interest.
Attorney: Lisa M. Miller

Granted","[""https://www.boston.gov/sites/default/files/file/2023/06/Voting%20Minutes%20-%206-8-23.pdf""]",2020-2023,,,,,,,
BLB-2023-08-17-032-ownership,BLB-2023-08-17,9721de924724aec13302e24c9ca97a364ed5614f0045d4aac702ab6a5eda93cf,https://www.boston.gov/sites/default/files/file/2023/08/8-17%20Voting%20Minutes%20.docx%20%282%29.pdf,LB101929,LB-101929,2023-08-17,2023-08-17,2023-08-17,9,9,22,ownership_interest,ownership_application_disposition,ownership_application_disposition,granted,Granted,True,True,False,"[""stock_interest_change""]",,,"[""No before/after equity holders or percentages are identified; manager/officer names are not inferred to be owners.""]",,BLB-2023-08-17-032,BLB-2023-08-17,,,granted,,,,False,,"Brother’s Super Liquors II, Inc.",False,,"368 Warren St., Roxbury, MA 02119","Brother’s Super Liquors II, Inc.",22,"22. Brother’s Super Liquors II, Inc.

368 Warren St., Roxbury, MA 02119
License #: LB-101929
Holder of a Retail All-Alcoholic Beverages license has petitioned to change the d/b/a of the licensed
business - To: Brother’s Wine & Spirits. Secondly, has petitioned for a change in
Officers/Directors/LLC Manager. Thirdly, has petitioned for a change in Stock Interest. Lastly, has
petitioned to change the manager of the licensed business –
From: German Fernandez To: Victor Fernandez.
Attorney: Jennifer Allen

Granted
__________________________________________________________________________________",6756ce53600b292283d78fc993d69cce2fc7afcc2e82b3f85491ea11adb782b8,,,LB101929,,"[""LB-101929""]",explicit_alcohol,"Brother’s Super Liquors II, Inc.",,"Brother’s Super Liquors II, Inc.",,LB101929,2023/ownership-interest-events.json,,,"Brother’s Super Liquors II, Inc.",licensee,9,,[],[],,,,,9721de924724aec13302e24c9ca97a364ed5614f0045d4aac702ab6a5eda93cf,"22. Brother’s Super Liquors II, Inc.

368 Warren St., Roxbury, MA 02119
License #: LB-101929
Holder of a Retail All-Alcoholic Beverages license has petitioned to change the d/b/a of the licensed
business - To: Brother’s Wine & Spirits. Secondly, has petitioned for a change in
Officers/Directors/LLC Manager. Thirdly, has petitioned for a change in Stock Interest. Lastly, has
petitioned to change the manager of the licensed business –
From: German Fernandez To: Victor Fernandez.
Attorney: Jennifer Allen

Granted
__________________________________________________________________________________","[""https://www.boston.gov/sites/default/files/file/2023/08/8-17%20Voting%20Minutes%20.docx%20%282%29.pdf""]",2020-2023,,,,,,,
BLB-2023-09-14-025-ownership,BLB-2023-09-14,d60d214e84d3a5227248c7303adf8fab47b1ed2570d537e52379642a62e2403c,https://www.boston.gov/sites/default/files/file/2023/09/Voting%20Minutes%209-14-23.docx%20%281%29_0.pdf,LB162574,LB-162574,2023-09-14,2023-09-14,2023-09-14,8,8,16,ownership_interest,ownership_application_disposition,ownership_application_disposition,granted,Granted,True,True,False,"[""stock_interest_change""]",,,"[""No before/after equity holders or percentages are identified; manager/officer names are not inferred to be owners.""]",,BLB-2023-09-14-025,BLB-2023-09-14,,,granted,,,,False,Monica’s Trattoria,"Monica’s Trattoria on Prince, Inc.",False,,"67 Prince St., Boston, MA 02113","Monica’s Trattoria on Prince, Inc.",16,"16. Monica’s Trattoria on Prince, Inc.

Doing business as: Monica’s Trattoria
67 Prince St., Boston, MA 02113
License #: LB-162574
Holder of a Common Victualler 7 Day All-Alcoholic Beverages License has petitioned for a change of
Officers/Directors/LLC Managers of the corporation. Secondly, has petitioned for a change of Stock
Interest. Lastly, has petitioned to change the conditions on the license - From: (1) all alcoholic
beverages to be served only in conjunction with meals, (2) no bar, (3) closing hour on Friday-Sunday is
Midnight and Monday-Thursday 11 :00PM To: Closing hour on Friday-Sunday is Midnight and
Monday-Thursday 11:00 PM.
Attorney: William G. Ferullo

Granted",4a4627e5c57df3ef2f39d34ad4bf6dc03c795b4e2551594ecf481d4513c7c2b9,,,LB162574,,"[""LB-162574""]",explicit_alcohol,"Monica’s Trattoria on Prince, Inc.",Monica’s Trattoria,"Monica’s Trattoria on Prince, Inc.",,LB162574,2023/ownership-interest-events.json,,,"Monica’s Trattoria on Prince, Inc.",licensee,8,,[],[],,,,,d60d214e84d3a5227248c7303adf8fab47b1ed2570d537e52379642a62e2403c,"16. Monica’s Trattoria on Prince, Inc.

Doing business as: Monica’s Trattoria
67 Prince St., Boston, MA 02113
License #: LB-162574
Holder of a Common Victualler 7 Day All-Alcoholic Beverages License has petitioned for a change of
Officers/Directors/LLC Managers of the corporation. Secondly, has petitioned for a change of Stock
Interest. Lastly, has petitioned to change the conditions on the license - From: (1) all alcoholic
beverages to be served only in conjunction with meals, (2) no bar, (3) closing hour on Friday-Sunday is
Midnight and Monday-Thursday 11 :00PM To: Closing hour on Friday-Sunday is Midnight and
Monday-Thursday 11:00 PM.
Attorney: William G. Ferullo

Granted","[""https://www.boston.gov/sites/default/files/file/2023/09/Voting%20Minutes%209-14-23.docx%20%281%29_0.pdf""]",2020-2023,,,,,,,
BLB-2023-09-14-047-ownership,BLB-2023-09-14,d60d214e84d3a5227248c7303adf8fab47b1ed2570d537e52379642a62e2403c,https://www.boston.gov/sites/default/files/file/2023/09/Voting%20Minutes%209-14-23.docx%20%281%29_0.pdf,LB100744,LB-100744,2023-09-14,2023-09-14,2023-09-14,15,15,1,ownership_interest,ownership_application_disposition,ownership_application_disposition,granted,Granted,True,True,False,"[""stockholder_change""]",,,"[""Only stated ownership parties/quantities are retained; no assumption of a complete capitalization table or completed equity transfer.""]",,BLB-2023-09-14-047,BLB-2023-09-14,,,granted,,,,False,Boston Doner,"Boston Roma, LLC",False,,"55 Causeway St., Boston, MA 02114","Boston Roma, LLC",1,"1. Boston Roma, LLC

        Doing business as: Boston Doner
        55 Causeway St., Boston, MA 02114
        License #: LB‑100744
        Holder of a Common Victualler License has petitioned to change the Manager of the licensed
        business From: Heidy Cicekci To: Ayhan Ayna. Secondly, has petitioned for a change of
        Stockholder. From: Erdal Cicekci 100 Shares. To: Ayhan Ayna 100 Shares.

        Granted",799d5299d5b61f5547163245c5d2dd5cf57e375399eee6ddd98e16d96ec0ee18,,,LB100744,,"[""LB-100744""]",common_victualler_no_alcohol_stated,"Boston Roma, LLC",Boston Doner,"Boston Roma, LLC",,LB100744,2023/ownership-interest-events.json,,,"Boston Roma, LLC",licensee,15,,"[{""name"": ""Ayhan Ayna"", ""interest_percent"": null, ""interest_quantity"": 100, ""interest_unit"": ""shares"", ""role"": null, ""source_quote"": ""1. Boston Roma, LLC\n\n        Doing business as: Boston Doner\n        55 Causeway St., Boston, MA 02114\n        License #: LB‑100744\n        Holder of a Common Victualler License has petitioned to change the Manager of the licensed\n        business From: Heidy Cicekci To: Ayhan Ayna. Secondly, has petitioned for a change of\n        Stockholder. From: Erdal Cicekci 100 Shares. To: Ayhan Ayna 100 Shares.\n\n        Granted""}]","[{""name"": ""Erdal Cicekci"", ""interest_percent"": null, ""interest_quantity"": 100, ""interest_unit"": ""shares"", ""role"": null, ""source_quote"": ""1. Boston Roma, LLC\n\n        Doing business as: Boston Doner\n        55 Causeway St., Boston, MA 02114\n        License #: LB‑100744\n        Holder of a Common Victualler License has petitioned to change the Manager of the licensed\n        business From: Heidy Cicekci To: Ayhan Ayna. Secondly, has petitioned for a change of\n        Stockholder. From: Erdal Cicekci 100 Shares. To: Ayhan Ayna 100 Shares.\n\n        Granted""}]",,,,,d60d214e84d3a5227248c7303adf8fab47b1ed2570d537e52379642a62e2403c,"1. Boston Roma, LLC

        Doing business as: Boston Doner
        55 Causeway St., Boston, MA 02114
        License #: LB‑100744
        Holder of a Common Victualler License has petitioned to change the Manager of the licensed
        business From: Heidy Cicekci To: Ayhan Ayna. Secondly, has petitioned for a change of
        Stockholder. From: Erdal Cicekci 100 Shares. To: Ayhan Ayna 100 Shares.

        Granted","[""https://www.boston.gov/sites/default/files/file/2023/09/Voting%20Minutes%209-14-23.docx%20%281%29_0.pdf""]",2020-2023,,,,,,,
BLB-2023-09-28-024-ownership,BLB-2023-09-28,543c8533c409abf79326bdeab052e1ba495d6321b454751f0f2bddcf499c0f5b,https://www.boston.gov/sites/default/files/file/2023/09/Voting%20Minutes%209-28-23%20-%20Final%20Draft.pdf,LB101909,LB-101909,2023-09-28,2023-09-28,2023-09-28,7,7,14,ownership_interest,ownership_application_disposition,ownership_application_disposition,granted,Granted,True,True,False,"[""stock_interest_change""]",,,"[""No before/after equity holders or percentages are identified; manager/officer names are not inferred to be owners.""]",,BLB-2023-09-28-024,BLB-2023-09-28,,,granted,,,,False,Rotary Liquors,Mahabli Corporation,False,,"295 Old Colony Ave, South Boston, MA 02127",Mahabli Corporation,14,"14. Mahabli Corporation

Doing business as: Rotary Liquors
295 Old Colony Ave, South Boston, MA 02127
License #: LB-101909
Holder of a Retail Package All-Alcoholic Beverages License has petitioned for a change in Officer
/Director/LLC Manager of the Corporation. Secondly, has petitioned for a change in Stock Interest.
Attorney: Matthew S. Porter

Granted",bb808d8a14a9cf449b8aa276fb12fb36fbdf457b5282ca7ac482f921bb63d5aa,,,LB101909,,"[""LB-101909""]",explicit_alcohol,Mahabli Corporation,Rotary Liquors,Mahabli Corporation,,LB101909,2023/ownership-interest-events.json,,,Mahabli Corporation,licensee,7,,[],[],,,,,543c8533c409abf79326bdeab052e1ba495d6321b454751f0f2bddcf499c0f5b,"14. Mahabli Corporation

Doing business as: Rotary Liquors
295 Old Colony Ave, South Boston, MA 02127
License #: LB-101909
Holder of a Retail Package All-Alcoholic Beverages License has petitioned for a change in Officer
/Director/LLC Manager of the Corporation. Secondly, has petitioned for a change in Stock Interest.
Attorney: Matthew S. Porter

Granted","[""https://www.boston.gov/sites/default/files/file/2023/09/Voting%20Minutes%209-28-23%20-%20Final%20Draft.pdf""]",2020-2023,,,,,,,
BLB-2023-09-28-041-ownership,BLB-2023-09-28,543c8533c409abf79326bdeab052e1ba495d6321b454751f0f2bddcf499c0f5b,https://www.boston.gov/sites/default/files/file/2023/09/Voting%20Minutes%209-28-23%20-%20Final%20Draft.pdf,LB100025,LB-100025,2023-09-28,2023-09-28,2023-09-28,12,12,6,ownership_interest,ownership_application_disposition,ownership_application_disposition,granted,Granted,True,True,False,"[""ownership_interest_change"", ""stock_transfer""]",,,"[""Only stated ownership parties/quantities are retained; no assumption of a complete capitalization table or completed equity transfer.""]",,BLB-2023-09-28-041,BLB-2023-09-28,,,granted,,,,False,Dunkin Donuts,Omega Foods,False,,"715 Boylston St., Boston, MA 02116",Omega Foods,6,"6. Omega Foods

   Doing business as: Dunkin Donuts
   715 Boylston St., Boston, MA 02116
   License #: LB-100025
   Holder of a Common Victualler License has petitioned to Change of Officers/Directors/LLC
   Managers, Change of Ownership Interest (LLC Members/LLP Partners/Trustees), and to
   Transfer the Stock Interest From:George Alepedis (deceased 5/13/2021), President 100%
   shareholder To: Efharis Alepedis, President 100% shareholder.

   Granted",40138ae08e726e4265db5e5f9c1ff72a1b8d639b70c62e3984f7c452aef8b1af,,,LB100025,,"[""LB-100025""]",common_victualler_no_alcohol_stated,Omega Foods,Dunkin Donuts,Omega Foods,,LB100025,2023/ownership-interest-events.json,,,Omega Foods,licensee,12,,"[{""name"": ""Efharis Alepedis"", ""interest_percent"": 100, ""interest_quantity"": null, ""interest_unit"": null, ""role"": ""President"", ""source_quote"": ""6. Omega Foods\n\n   Doing business as: Dunkin Donuts\n   715 Boylston St., Boston, MA 02116\n   License #: LB-100025\n   Holder of a Common Victualler License has petitioned to Change of Officers/Directors/LLC\n   Managers, Change of Ownership Interest (LLC Members/LLP Partners/Trustees), and to\n   Transfer the Stock Interest From:George Alepedis (deceased 5/13/2021), President 100%\n   shareholder To: Efharis Alepedis, President 100% shareholder.\n\n   Granted""}]","[{""name"": ""George Alepedis"", ""interest_percent"": 100, ""interest_quantity"": null, ""interest_unit"": null, ""role"": ""President"", ""source_quote"": ""6. Omega Foods\n\n   Doing business as: Dunkin Donuts\n   715 Boylston St., Boston, MA 02116\n   License #: LB-100025\n   Holder of a Common Victualler License has petitioned to Change of Officers/Directors/LLC\n   Managers, Change of Ownership Interest (LLC Members/LLP Partners/Trustees), and to\n   Transfer the Stock Interest From:George Alepedis (deceased 5/13/2021), President 100%\n   shareholder To: Efharis Alepedis, President 100% shareholder.\n\n   Granted""}]",,,,,543c8533c409abf79326bdeab052e1ba495d6321b454751f0f2bddcf499c0f5b,"6. Omega Foods

   Doing business as: Dunkin Donuts
   715 Boylston St., Boston, MA 02116
   License #: LB-100025
   Holder of a Common Victualler License has petitioned to Change of Officers/Directors/LLC
   Managers, Change of Ownership Interest (LLC Members/LLP Partners/Trustees), and to
   Transfer the Stock Interest From:George Alepedis (deceased 5/13/2021), President 100%
   shareholder To: Efharis Alepedis, President 100% shareholder.

   Granted","[""https://www.boston.gov/sites/default/files/file/2023/09/Voting%20Minutes%209-28-23%20-%20Final%20Draft.pdf""]",2020-2023,,,,,,,
BLB-2023-09-28-042-ownership,BLB-2023-09-28,543c8533c409abf79326bdeab052e1ba495d6321b454751f0f2bddcf499c0f5b,https://www.boston.gov/sites/default/files/file/2023/09/Voting%20Minutes%209-28-23%20-%20Final%20Draft.pdf,LB98941,LB-98941,2023-09-28,2023-09-28,2023-09-28,12,12,7,ownership_interest,ownership_application_disposition,ownership_application_disposition,granted,Granted,True,True,False,"[""ownership_interest_change"", ""stock_transfer""]",,,"[""Only stated ownership parties/quantities are retained; no assumption of a complete capitalization table or completed equity transfer.""]",,BLB-2023-09-28-042,BLB-2023-09-28,,,granted,,,,False,New Saigon Restaurant,New Saigon Restaurant,False,,"985 Bennington St., East Boston, MA 02128",New Saigon Restaurant,7,"7. New Saigon Restaurant

   Doing business as: New Saigon Restaurant
   985 Bennington St., East Boston, MA 02128
   License #: LB-98941
   Holder of a Common Victualler License has petitioned to Change of Ownership Interest (LLC
   Members/LLP Partners/Trustees), and to Transfer the Stock Interest From: Van Che 50% and
   Trinh Nguyen 50% To: Trinh Nguyen 100% Shareholder. Secondly, has petitioned to change
   the Manager of the licensed business From: Van Che To: Trinh Nguyen.

   Granted",0c2a73316594053dd9b22d66b4b2cf397de2b2c2bf49d64f579c151df2e901ae,,,LB98941,,"[""LB-98941""]",common_victualler_no_alcohol_stated,New Saigon Restaurant,New Saigon Restaurant,New Saigon Restaurant,,LB98941,2023/ownership-interest-events.json,,,New Saigon Restaurant,licensee,12,,"[{""name"": ""Trinh Nguyen"", ""interest_percent"": 100, ""interest_quantity"": null, ""interest_unit"": null, ""role"": ""Shareholder"", ""source_quote"": ""7. New Saigon Restaurant\n\n   Doing business as: New Saigon Restaurant\n   985 Bennington St., East Boston, MA 02128\n   License #: LB-98941\n   Holder of a Common Victualler License has petitioned to Change of Ownership Interest (LLC\n   Members/LLP Partners/Trustees), and to Transfer the Stock Interest From: Van Che 50% and\n   Trinh Nguyen 50% To: Trinh Nguyen 100% Shareholder. Secondly, has petitioned to change\n   the Manager of the licensed business From: Van Che To: Trinh Nguyen.\n\n   Granted""}]","[{""name"": ""Van Che"", ""interest_percent"": 50, ""interest_quantity"": null, ""interest_unit"": null, ""role"": null, ""source_quote"": ""7. New Saigon Restaurant\n\n   Doing business as: New Saigon Restaurant\n   985 Bennington St., East Boston, MA 02128\n   License #: LB-98941\n   Holder of a Common Victualler License has petitioned to Change of Ownership Interest (LLC\n   Members/LLP Partners/Trustees), and to Transfer the Stock Interest From: Van Che 50% and\n   Trinh Nguyen 50% To: Trinh Nguyen 100% Shareholder. Secondly, has petitioned to change\n   the Manager of the licensed business From: Van Che To: Trinh Nguyen.\n\n   Granted""}, {""name"": ""Trinh Nguyen"", ""interest_percent"": 50, ""interest_quantity"": null, ""interest_unit"": null, ""role"": null, ""source_quote"": ""7. New Saigon Restaurant\n\n   Doing business as: New Saigon Restaurant\n   985 Bennington St., East Boston, MA 02128\n   License #: LB-98941\n   Holder of a Common Victualler License has petitioned to Change of Ownership Interest (LLC\n   Members/LLP Partners/Trustees), and to Transfer the Stock Interest From: Van Che 50% and\n   Trinh Nguyen 50% To: Trinh Nguyen 100% Shareholder. Secondly, has petitioned to change\n   the Manager of the licensed business From: Van Che To: Trinh Nguyen.\n\n   Granted""}]",,,,,543c8533c409abf79326bdeab052e1ba495d6321b454751f0f2bddcf499c0f5b,"7. New Saigon Restaurant

   Doing business as: New Saigon Restaurant
   985 Bennington St., East Boston, MA 02128
   License #: LB-98941
   Holder of a Common Victualler License has petitioned to Change of Ownership Interest (LLC
   Members/LLP Partners/Trustees), and to Transfer the Stock Interest From: Van Che 50% and
   Trinh Nguyen 50% To: Trinh Nguyen 100% Shareholder. Secondly, has petitioned to change
   the Manager of the licensed business From: Van Che To: Trinh Nguyen.

   Granted","[""https://www.boston.gov/sites/default/files/file/2023/09/Voting%20Minutes%209-28-23%20-%20Final%20Draft.pdf""]",2020-2023,,,,,,,
BLB-2023-09-28-043-ownership,BLB-2023-09-28,543c8533c409abf79326bdeab052e1ba495d6321b454751f0f2bddcf499c0f5b,https://www.boston.gov/sites/default/files/file/2023/09/Voting%20Minutes%209-28-23%20-%20Final%20Draft.pdf,LB98714,LB-98714,2023-09-28,2023-09-28,2023-09-28,12,12,8,ownership_interest,ownership_application_disposition,ownership_application_disposition,granted,Granted,True,True,False,"[""ownership_interest_change""]",,,"[""Only stated ownership parties/quantities are retained; no assumption of a complete capitalization table or completed equity transfer.""]",,BLB-2023-09-28-043,BLB-2023-09-28,,,granted,,,,False,,20th Century Bowling Lane,False,,"1231 Hyde Park Ave., Hyde Park, MA 02136",20th Century Bowling Lane,8,"8. 20th Century Bowling Lane

   1231 Hyde Park Ave., Hyde Park, MA 02136
   License #: LB-98714
   Holder of a Common Victualler License has petitioned to Change of Ownership Interest (LLC
   Members/LLP Partners/Trustees) From: Ronald Covitz To:Jay Covitz.

   Granted",920ec4e1b317b7cccf80b7ae6e9f59569c7b915f8d6fb552df5e4295615cbdbc,,,LB98714,,"[""LB-98714""]",common_victualler_no_alcohol_stated,20th Century Bowling Lane,,20th Century Bowling Lane,,LB98714,2023/ownership-interest-events.json,,,20th Century Bowling Lane,licensee,12,,"[{""name"": ""Jay Covitz"", ""interest_percent"": null, ""interest_quantity"": null, ""interest_unit"": null, ""role"": null, ""source_quote"": ""8. 20th Century Bowling Lane\n\n   1231 Hyde Park Ave., Hyde Park, MA 02136\n   License #: LB-98714\n   Holder of a Common Victualler License has petitioned to Change of Ownership Interest (LLC\n   Members/LLP Partners/Trustees) From: Ronald Covitz To:Jay Covitz.\n\n   Granted""}]","[{""name"": ""Ronald Covitz"", ""interest_percent"": null, ""interest_quantity"": null, ""interest_unit"": null, ""role"": null, ""source_quote"": ""8. 20th Century Bowling Lane\n\n   1231 Hyde Park Ave., Hyde Park, MA 02136\n   License #: LB-98714\n   Holder of a Common Victualler License has petitioned to Change of Ownership Interest (LLC\n   Members/LLP Partners/Trustees) From: Ronald Covitz To:Jay Covitz.\n\n   Granted""}]",,,,,543c8533c409abf79326bdeab052e1ba495d6321b454751f0f2bddcf499c0f5b,"8. 20th Century Bowling Lane

   1231 Hyde Park Ave., Hyde Park, MA 02136
   License #: LB-98714
   Holder of a Common Victualler License has petitioned to Change of Ownership Interest (LLC
   Members/LLP Partners/Trustees) From: Ronald Covitz To:Jay Covitz.

   Granted","[""https://www.boston.gov/sites/default/files/file/2023/09/Voting%20Minutes%209-28-23%20-%20Final%20Draft.pdf""]",2020-2023,,,,,,,
BLB-2023-10-26-022-ownership,BLB-2023-10-26,a7882d9dcb3cacb3d1eb6350e43d1161e61d22cdaa35ed68611095c34c531292,https://www.boston.gov/sites/default/files/file/2023/10/Voting%20Minutes%2010-26-23.pdf,LB99193,LB-99193,2023-10-26,2023-10-26,2023-10-26,7,7,15,ownership_interest,ownership_application_disposition,ownership_application_disposition,granted,Granted,True,True,False,"[""ownership_interest_change""]",,,"[""No before/after equity holders or percentages are identified; manager/officer names are not inferred to be owners.""]",,BLB-2023-10-26-022,BLB-2023-10-26,,,granted,,,,False,West End Johnnie’s,Johnnie’s on the Side LLC,False,,"138 Portland St, Boston, MA 02114",Johnnie’s on the Side LLC,15,"15. Johnnie’s on the Side LLC

Doing business as: West End Johnnie’s
138 Portland St, Boston, MA 02114
License #: LB-99193
Holder of a Common Victualler 7 Day All-Alcoholic Beverages License has petitioned for a change of
Ownership Interest.
Attorney: Carolyn M. Conway

Granted",11eee6be92e6d79cbff953c57fd64f95e7786fb840d1786a51e48531d85c49c5,,,LB99193,,"[""LB-99193""]",explicit_alcohol,Johnnie’s on the Side LLC,West End Johnnie’s,Johnnie’s on the Side LLC,,LB99193,2023/ownership-interest-events.json,,,Johnnie’s on the Side LLC,licensee,7,,[],[],,,,,a7882d9dcb3cacb3d1eb6350e43d1161e61d22cdaa35ed68611095c34c531292,"15. Johnnie’s on the Side LLC

Doing business as: West End Johnnie’s
138 Portland St, Boston, MA 02114
License #: LB-99193
Holder of a Common Victualler 7 Day All-Alcoholic Beverages License has petitioned for a change of
Ownership Interest.
Attorney: Carolyn M. Conway

Granted","[""https://www.boston.gov/sites/default/files/file/2023/10/Voting%20Minutes%2010-26-23.pdf""]",2020-2023,,,,,,,
BLB-2023-11-16-049-ownership,BLB-2023-11-16,431b7ed63a204253572fcfa155ea5fb77e864a48415b4ba52d647b0cbfe85bce,https://www.boston.gov/sites/default/files/file/2023/11/Master%20Voting%20Minutes%2011-16-23.pdf,LB148628,LB-148628,2023-11-16,2023-11-16,2023-11-16,16,16,8,ownership_interest,ownership_application_disposition,ownership_application_disposition,granted,Granted,True,True,False,"[""ownership_interest_change"", ""corporate_name_change""]",,,"[""Only stated ownership parties/quantities are retained; no assumption of a complete capitalization table or completed equity transfer."", ""Source describes a corporate name change between differently styled entities; it does not explicitly identify the legal conversion mechanism.""]",,BLB-2023-11-16-049,BLB-2023-11-16,,,granted,"Anna's Taqueria, LLC",Kaizen Corp,,False,Anna's Taqueria,Kaizen Corp.,False,,"360 Longwood Ave., Boston, MA 02215",Kaizen Corp.,8,"8. Kaizen Corp.

Doing business as: Anna's Taqueria
360 Longwood Ave., Boston, MA 02215
License #: LB‑148628
Holder of a Common Victualler License has petitioned to change the Ownership and Manager of
the licensed business ‑From: Elizabeth Kamio To: Anthony Ackil. Secondly, Has petitioned to
change the Corporate Name From: Kaizen Corp To: Anna's Taqueria, LLC.

Granted",36b31d038d3fe6493a0408ea33e2f4c3c5bd54888593b8123cd5f3cfca6e2d6d,,,LB148628,,"[""LB-148628""]",common_victualler_no_alcohol_stated,Kaizen Corp.,Anna's Taqueria,Kaizen Corp.,,LB148628,2023/ownership-interest-events.json,,,Kaizen Corp.,licensee,16,,"[{""name"": ""Anthony Ackil"", ""interest_percent"": null, ""interest_quantity"": null, ""interest_unit"": null, ""role"": null, ""source_quote"": ""8. Kaizen Corp.\n\nDoing business as: Anna's Taqueria\n360 Longwood Ave., Boston, MA 02215\nLicense #: LB‑148628\nHolder of a Common Victualler License has petitioned to change the Ownership and Manager of\nthe licensed business ‑From: Elizabeth Kamio To: Anthony Ackil. Secondly, Has petitioned to\nchange the Corporate Name From: Kaizen Corp To: Anna's Taqueria, LLC.\n\nGranted""}]","[{""name"": ""Elizabeth Kamio"", ""interest_percent"": null, ""interest_quantity"": null, ""interest_unit"": null, ""role"": null, ""source_quote"": ""8. Kaizen Corp.\n\nDoing business as: Anna's Taqueria\n360 Longwood Ave., Boston, MA 02215\nLicense #: LB‑148628\nHolder of a Common Victualler License has petitioned to change the Ownership and Manager of\nthe licensed business ‑From: Elizabeth Kamio To: Anthony Ackil. Secondly, Has petitioned to\nchange the Corporate Name From: Kaizen Corp To: Anna's Taqueria, LLC.\n\nGranted""}]",,,,,431b7ed63a204253572fcfa155ea5fb77e864a48415b4ba52d647b0cbfe85bce,"8. Kaizen Corp.

Doing business as: Anna's Taqueria
360 Longwood Ave., Boston, MA 02215
License #: LB‑148628
Holder of a Common Victualler License has petitioned to change the Ownership and Manager of
the licensed business ‑From: Elizabeth Kamio To: Anthony Ackil. Secondly, Has petitioned to
change the Corporate Name From: Kaizen Corp To: Anna's Taqueria, LLC.

Granted","[""https://www.boston.gov/sites/default/files/file/2023/11/Master%20Voting%20Minutes%2011-16-23.pdf""]",2020-2023,,,,,,,
BLB-2023-11-16-050-ownership,BLB-2023-11-16,431b7ed63a204253572fcfa155ea5fb77e864a48415b4ba52d647b0cbfe85bce,https://www.boston.gov/sites/default/files/file/2023/11/Master%20Voting%20Minutes%2011-16-23.pdf,LB349439,LB-349439,2023-11-16,2023-11-16,2023-11-16,17,17,9,ownership_interest,ownership_application_disposition,ownership_application_disposition,granted,Granted,True,True,False,"[""ownership_interest_change"", ""corporate_name_change""]",,,"[""Only stated ownership parties/quantities are retained; no assumption of a complete capitalization table or completed equity transfer."", ""Source describes a corporate name change between differently styled entities; it does not explicitly identify the legal conversion mechanism.""]",,BLB-2023-11-16-050,BLB-2023-11-16,,,granted,"Anna's Taqueria, LLC",Kaizen Corp VIII,,False,Anna's Taqueria,Kaizen Corp. VIII,False,,"800 Boylston St., Boston, MA 02199",Kaizen Corp. VIII,9,"9. Kaizen Corp. VIII

Doing business as: Anna's Taqueria
800 Boylston St., Boston, MA 02199
License #: LB‑349439
Holder of a Common Victualler License has petitioned to change the Ownership and Manager of
the licensed business ‑ From: Elizabeth Kamio To: Anthony Ackil. Secondly, has petitioned to
change the Corporate Name From: Kaizen Corp VIII To: Anna's Taqueria, LLC.

Granted",140d711773889c4464c477e171bccb4c5deb167146d160cbadb630504ac4ff92,,,LB349439,,"[""LB-349439""]",common_victualler_no_alcohol_stated,Kaizen Corp. VIII,Anna's Taqueria,Kaizen Corp. VIII,,LB349439,2023/ownership-interest-events.json,,,Kaizen Corp. VIII,licensee,17,,"[{""name"": ""Anthony Ackil"", ""interest_percent"": null, ""interest_quantity"": null, ""interest_unit"": null, ""role"": null, ""source_quote"": ""9. Kaizen Corp. VIII\n\nDoing business as: Anna's Taqueria\n800 Boylston St., Boston, MA 02199\nLicense #: LB‑349439\nHolder of a Common Victualler License has petitioned to change the Ownership and Manager of\nthe licensed business ‑ From: Elizabeth Kamio To: Anthony Ackil. Secondly, has petitioned to\nchange the Corporate Name From: Kaizen Corp VIII To: Anna's Taqueria, LLC.\n\nGranted""}]","[{""name"": ""Elizabeth Kamio"", ""interest_percent"": null, ""interest_quantity"": null, ""interest_unit"": null, ""role"": null, ""source_quote"": ""9. Kaizen Corp. VIII\n\nDoing business as: Anna's Taqueria\n800 Boylston St., Boston, MA 02199\nLicense #: LB‑349439\nHolder of a Common Victualler License has petitioned to change the Ownership and Manager of\nthe licensed business ‑ From: Elizabeth Kamio To: Anthony Ackil. Secondly, has petitioned to\nchange the Corporate Name From: Kaizen Corp VIII To: Anna's Taqueria, LLC.\n\nGranted""}]",,,,,431b7ed63a204253572fcfa155ea5fb77e864a48415b4ba52d647b0cbfe85bce,"9. Kaizen Corp. VIII

Doing business as: Anna's Taqueria
800 Boylston St., Boston, MA 02199
License #: LB‑349439
Holder of a Common Victualler License has petitioned to change the Ownership and Manager of
the licensed business ‑ From: Elizabeth Kamio To: Anthony Ackil. Secondly, has petitioned to
change the Corporate Name From: Kaizen Corp VIII To: Anna's Taqueria, LLC.

Granted","[""https://www.boston.gov/sites/default/files/file/2023/11/Master%20Voting%20Minutes%2011-16-23.pdf""]",2020-2023,,,,,,,
BLB-2023-11-16-051-ownership,BLB-2023-11-16,431b7ed63a204253572fcfa155ea5fb77e864a48415b4ba52d647b0cbfe85bce,https://www.boston.gov/sites/default/files/file/2023/11/Master%20Voting%20Minutes%2011-16-23.pdf,LB404401,LB-404401,2023-11-16,2023-11-16,2023-11-16,17,17,10,ownership_interest,ownership_application_disposition,ownership_application_disposition,granted,Granted,True,True,False,"[""ownership_interest_change""]",,,"[""Only stated ownership parties/quantities are retained; no assumption of a complete capitalization table or completed equity transfer."", ""Source spells the before party Jessica Cheip and after party Jessica Chiep; both spellings are preserved without resolving identity.""]",,BLB-2023-11-16-051,BLB-2023-11-16,,,granted,,,,False,Love art Poke,"Poke by Love Art North End, LLC",False,,"103 Beverly St., Boston, MA 02114","Poke by Love Art North End, LLC",10,"10. Poke by Love Art North End, LLC

Doing business as: Love art Poke
103 Beverly St., Boston, MA 02114
License #: LB‑404401
Holder of a Common Victualler License has petitioned to change the Ownership Interest of the
licensed business: From: Jessica Cheip 37.5%, NGN Partners 25%, Ronald Liu 37.5% To: Jessica
Chiep 51% Ronald Liu 49%.

Granted",3222d03e7b428595c47fc121a7599c3f2aeaae67f79d59a89d8e88dfbfd44fb9,,,LB404401,,"[""LB-404401""]",common_victualler_no_alcohol_stated,"Poke by Love Art North End, LLC",Love art Poke,"Poke by Love Art North End, LLC",,LB404401,2023/ownership-interest-events.json,,,"Poke by Love Art North End, LLC",licensee,17,,"[{""name"": ""Jessica Chiep"", ""interest_percent"": 51, ""interest_quantity"": null, ""interest_unit"": null, ""role"": null, ""source_quote"": ""10. Poke by Love Art North End, LLC\n\nDoing business as: Love art Poke\n103 Beverly St., Boston, MA 02114\nLicense #: LB‑404401\nHolder of a Common Victualler License has petitioned to change the Ownership Interest of the\nlicensed business: From: Jessica Cheip 37.5%, NGN Partners 25%, Ronald Liu 37.5% To: Jessica\nChiep 51% Ronald Liu 49%.\n\nGranted""}, {""name"": ""Ronald Liu"", ""interest_percent"": 49, ""interest_quantity"": null, ""interest_unit"": null, ""role"": null, ""source_quote"": ""10. Poke by Love Art North End, LLC\n\nDoing business as: Love art Poke\n103 Beverly St., Boston, MA 02114\nLicense #: LB‑404401\nHolder of a Common Victualler License has petitioned to change the Ownership Interest of the\nlicensed business: From: Jessica Cheip 37.5%, NGN Partners 25%, Ronald Liu 37.5% To: Jessica\nChiep 51% Ronald Liu 49%.\n\nGranted""}]","[{""name"": ""Jessica Cheip"", ""interest_percent"": 37.5, ""interest_quantity"": null, ""interest_unit"": null, ""role"": null, ""source_quote"": ""10. Poke by Love Art North End, LLC\n\nDoing business as: Love art Poke\n103 Beverly St., Boston, MA 02114\nLicense #: LB‑404401\nHolder of a Common Victualler License has petitioned to change the Ownership Interest of the\nlicensed business: From: Jessica Cheip 37.5%, NGN Partners 25%, Ronald Liu 37.5% To: Jessica\nChiep 51% Ronald Liu 49%.\n\nGranted""}, {""name"": ""NGN Partners"", ""interest_percent"": 25, ""interest_quantity"": null, ""interest_unit"": null, ""role"": null, ""source_quote"": ""10. Poke by Love Art North End, LLC\n\nDoing business as: Love art Poke\n103 Beverly St., Boston, MA 02114\nLicense #: LB‑404401\nHolder of a Common Victualler License has petitioned to change the Ownership Interest of the\nlicensed business: From: Jessica Cheip 37.5%, NGN Partners 25%, Ronald Liu 37.5% To: Jessica\nChiep 51% Ronald Liu 49%.\n\nGranted""}, {""name"": ""Ronald Liu"", ""interest_percent"": 37.5, ""interest_quantity"": null, ""interest_unit"": null, ""role"": null, ""source_quote"": ""10. Poke by Love Art North End, LLC\n\nDoing business as: Love art Poke\n103 Beverly St., Boston, MA 02114\nLicense #: LB‑404401\nHolder of a Common Victualler License has petitioned to change the Ownership Interest of the\nlicensed business: From: Jessica Cheip 37.5%, NGN Partners 25%, Ronald Liu 37.5% To: Jessica\nChiep 51% Ronald Liu 49%.\n\nGranted""}]",,,,,431b7ed63a204253572fcfa155ea5fb77e864a48415b4ba52d647b0cbfe85bce,"10. Poke by Love Art North End, LLC

Doing business as: Love art Poke
103 Beverly St., Boston, MA 02114
License #: LB‑404401
Holder of a Common Victualler License has petitioned to change the Ownership Interest of the
licensed business: From: Jessica Cheip 37.5%, NGN Partners 25%, Ronald Liu 37.5% To: Jessica
Chiep 51% Ronald Liu 49%.

Granted","[""https://www.boston.gov/sites/default/files/file/2023/11/Master%20Voting%20Minutes%2011-16-23.pdf""]",2020-2023,,,,,,,
BLB-2023-11-16-052-ownership,BLB-2023-11-16,431b7ed63a204253572fcfa155ea5fb77e864a48415b4ba52d647b0cbfe85bce,https://www.boston.gov/sites/default/files/file/2023/11/Master%20Voting%20Minutes%2011-16-23.pdf,LB128579,LB-128579,2023-11-16,2023-11-16,2023-11-16,17,17,11,ownership_interest,ownership_application_disposition,ownership_application_disposition,granted,Granted,True,True,False,"[""ownership_interest_change""]",,,"[""Only stated ownership parties/quantities are retained; no assumption of a complete capitalization table or completed equity transfer.""]",,BLB-2023-11-16-052,BLB-2023-11-16,,,granted,,,,False,Dragon Bowl Restaurant,"Dragon Bowl, LLC",False,,"400 Brookline Ave., Boston, MA 02115","Dragon Bowl, LLC",11,"11. Dragon Bowl, LLC

Doing business as: Dragon Bowl Restaurant
400 Brookline Ave., Boston, MA 02115
License #: LB‑128579
Holder of a Common Victualler License has petitioned to change the Ownership Interest of the
licensed business ‑ From: John Chang 33.3%, Ken Shing Lai 33.3% , Ronald Wong 33.3% To:
John Chang 100%.

Granted",4075c8bb5518cbe94e55ab9b74df542d637aaa01d074b52efcf7b1422d516cfa,,,LB128579,,"[""LB-128579""]",common_victualler_no_alcohol_stated,"Dragon Bowl, LLC",Dragon Bowl Restaurant,"Dragon Bowl, LLC",,LB128579,2023/ownership-interest-events.json,,,"Dragon Bowl, LLC",licensee,17,,"[{""name"": ""John Chang"", ""interest_percent"": 100, ""interest_quantity"": null, ""interest_unit"": null, ""role"": null, ""source_quote"": ""11. Dragon Bowl, LLC\n\nDoing business as: Dragon Bowl Restaurant\n400 Brookline Ave., Boston, MA 02115\nLicense #: LB‑128579\nHolder of a Common Victualler License has petitioned to change the Ownership Interest of the\nlicensed business ‑ From: John Chang 33.3%, Ken Shing Lai 33.3% , Ronald Wong 33.3% To:\nJohn Chang 100%.\n\nGranted""}]","[{""name"": ""John Chang"", ""interest_percent"": 33.3, ""interest_quantity"": null, ""interest_unit"": null, ""role"": null, ""source_quote"": ""11. Dragon Bowl, LLC\n\nDoing business as: Dragon Bowl Restaurant\n400 Brookline Ave., Boston, MA 02115\nLicense #: LB‑128579\nHolder of a Common Victualler License has petitioned to change the Ownership Interest of the\nlicensed business ‑ From: John Chang 33.3%, Ken Shing Lai 33.3% , Ronald Wong 33.3% To:\nJohn Chang 100%.\n\nGranted""}, {""name"": ""Ken Shing Lai"", ""interest_percent"": 33.3, ""interest_quantity"": null, ""interest_unit"": null, ""role"": null, ""source_quote"": ""11. Dragon Bowl, LLC\n\nDoing business as: Dragon Bowl Restaurant\n400 Brookline Ave., Boston, MA 02115\nLicense #: LB‑128579\nHolder of a Common Victualler License has petitioned to change the Ownership Interest of the\nlicensed business ‑ From: John Chang 33.3%, Ken Shing Lai 33.3% , Ronald Wong 33.3% To:\nJohn Chang 100%.\n\nGranted""}, {""name"": ""Ronald Wong"", ""interest_percent"": 33.3, ""interest_quantity"": null, ""interest_unit"": null, ""role"": null, ""source_quote"": ""11. Dragon Bowl, LLC\n\nDoing business as: Dragon Bowl Restaurant\n400 Brookline Ave., Boston, MA 02115\nLicense #: LB‑128579\nHolder of a Common Victualler License has petitioned to change the Ownership Interest of the\nlicensed business ‑ From: John Chang 33.3%, Ken Shing Lai 33.3% , Ronald Wong 33.3% To:\nJohn Chang 100%.\n\nGranted""}]",,,,,431b7ed63a204253572fcfa155ea5fb77e864a48415b4ba52d647b0cbfe85bce,"11. Dragon Bowl, LLC

Doing business as: Dragon Bowl Restaurant
400 Brookline Ave., Boston, MA 02115
License #: LB‑128579
Holder of a Common Victualler License has petitioned to change the Ownership Interest of the
licensed business ‑ From: John Chang 33.3%, Ken Shing Lai 33.3% , Ronald Wong 33.3% To:
John Chang 100%.

Granted","[""https://www.boston.gov/sites/default/files/file/2023/11/Master%20Voting%20Minutes%2011-16-23.pdf""]",2020-2023,,,,,,,
BLB-2023-11-16-053-ownership,BLB-2023-11-16,431b7ed63a204253572fcfa155ea5fb77e864a48415b4ba52d647b0cbfe85bce,https://www.boston.gov/sites/default/files/file/2023/11/Master%20Voting%20Minutes%2011-16-23.pdf,LB101186,LB-101186,2023-11-16,2023-11-16,2023-11-16,17,17,12,ownership_interest,ownership_application_disposition,ownership_application_disposition,granted,Granted,True,True,False,"[""ownership_interest_change""]",,,"[""Only stated ownership parties/quantities are retained; no assumption of a complete capitalization table or completed equity transfer."", ""Source spells before-party names Erin Rossas and Manuel Fernado Rosas, and after-party name Manuel Fernando Rosas; preserved as printed.""]",,BLB-2023-11-16-053,BLB-2023-11-16,,,granted,,,,False,Bono Restaurant & Catering,"GR Restaurant and Catering, Inc.",False,,"271 Meridian St., East Boston, MA 02128","GR Restaurant and Catering, Inc.",12,"12. GR Restaurant and Catering, Inc.

Doing business as: Bono Restaurant & Catering
271 Meridian St., East Boston, MA 02128
License #: LB‑101186
Holder of a Common Victualler License has petitioned to change the Ownership Interest of the
licensed business ‑ From Erin Rossas 51%, Manuel Fernado Rosas 49% To: Manuel Fernando
Rosas 100%.

Granted",7dffd97c9e03a93dc8def10e8111ffeccf8c9e9e1597f2980763e44e61427394,,,LB101186,,"[""LB-101186""]",common_victualler_no_alcohol_stated,"GR Restaurant and Catering, Inc.",Bono Restaurant & Catering,"GR Restaurant and Catering, Inc.",,LB101186,2023/ownership-interest-events.json,,,"GR Restaurant and Catering, Inc.",licensee,17,,"[{""name"": ""Manuel Fernando Rosas"", ""interest_percent"": 100, ""interest_quantity"": null, ""interest_unit"": null, ""role"": null, ""source_quote"": ""12. GR Restaurant and Catering, Inc.\n\nDoing business as: Bono Restaurant & Catering\n271 Meridian St., East Boston, MA 02128\nLicense #: LB‑101186\nHolder of a Common Victualler License has petitioned to change the Ownership Interest of the\nlicensed business ‑ From Erin Rossas 51%, Manuel Fernado Rosas 49% To: Manuel Fernando\nRosas 100%.\n\nGranted""}]","[{""name"": ""Erin Rossas"", ""interest_percent"": 51, ""interest_quantity"": null, ""interest_unit"": null, ""role"": null, ""source_quote"": ""12. GR Restaurant and Catering, Inc.\n\nDoing business as: Bono Restaurant & Catering\n271 Meridian St., East Boston, MA 02128\nLicense #: LB‑101186\nHolder of a Common Victualler License has petitioned to change the Ownership Interest of the\nlicensed business ‑ From Erin Rossas 51%, Manuel Fernado Rosas 49% To: Manuel Fernando\nRosas 100%.\n\nGranted""}, {""name"": ""Manuel Fernado Rosas"", ""interest_percent"": 49, ""interest_quantity"": null, ""interest_unit"": null, ""role"": null, ""source_quote"": ""12. GR Restaurant and Catering, Inc.\n\nDoing business as: Bono Restaurant & Catering\n271 Meridian St., East Boston, MA 02128\nLicense #: LB‑101186\nHolder of a Common Victualler License has petitioned to change the Ownership Interest of the\nlicensed business ‑ From Erin Rossas 51%, Manuel Fernado Rosas 49% To: Manuel Fernando\nRosas 100%.\n\nGranted""}]",,,,,431b7ed63a204253572fcfa155ea5fb77e864a48415b4ba52d647b0cbfe85bce,"12. GR Restaurant and Catering, Inc.

Doing business as: Bono Restaurant & Catering
271 Meridian St., East Boston, MA 02128
License #: LB‑101186
Holder of a Common Victualler License has petitioned to change the Ownership Interest of the
licensed business ‑ From Erin Rossas 51%, Manuel Fernado Rosas 49% To: Manuel Fernando
Rosas 100%.

Granted","[""https://www.boston.gov/sites/default/files/file/2023/11/Master%20Voting%20Minutes%2011-16-23.pdf""]",2020-2023,,,,,,,
BLB-2023-12-14-025-ownership,BLB-2023-12-14,3957e6adf44fcc75530c037acb1aaa50d86dcf8bc110508b14e5fbda6bb050fd,https://www.boston.gov/sites/default/files/file/2023/12/VOTING%20MINUTES%2012-14-23.docx_0.pdf,LB98998,LB-98998,2023-12-14,2023-12-14,2023-12-14,7,7,15,ownership_interest,ownership_application_disposition,ownership_application_disposition,granted,Granted,True,True,False,"[""stock_interest_change""]",,,"[""No before/after equity holders or percentages are identified; manager/officer names are not inferred to be owners.""]",,BLB-2023-12-14-025,BLB-2023-12-14,,,granted,,,,False,Clerys,"A.T.G., Inc.",False,,"331-335 Columbus Ave, Boston, MA 02116","A.T.G., Inc.",15,"15. A.T.G., Inc.

Doing business as: Clerys
331-335 Columbus Ave, Boston, MA 02116
License #: LB-98998
Holder of a Common Victualler 7 Day All-Alcoholic Beverages License has petitioned for a change of
Officers/Directors. Secondly, has petitioned for a change of Stock Interest.
Attorney: Lesley Delaney Hawkins

Granted",20fe9be59a64c62325c9b06bd0ab0dee7ba0232cf655cb37735e652b4abb119e,,,LB98998,,"[""LB-98998""]",explicit_alcohol,"A.T.G., Inc.",Clerys,"A.T.G., Inc.",,LB98998,2023/ownership-interest-events.json,,,"A.T.G., Inc.",licensee,7,,[],[],,,,,3957e6adf44fcc75530c037acb1aaa50d86dcf8bc110508b14e5fbda6bb050fd,"15. A.T.G., Inc.

Doing business as: Clerys
331-335 Columbus Ave, Boston, MA 02116
License #: LB-98998
Holder of a Common Victualler 7 Day All-Alcoholic Beverages License has petitioned for a change of
Officers/Directors. Secondly, has petitioned for a change of Stock Interest.
Attorney: Lesley Delaney Hawkins

Granted","[""https://www.boston.gov/sites/default/files/file/2023/12/VOTING%20MINUTES%2012-14-23.docx_0.pdf""]",2020-2023,,,,,,,
BLB-2023-12-14-026-ownership,BLB-2023-12-14,3957e6adf44fcc75530c037acb1aaa50d86dcf8bc110508b14e5fbda6bb050fd,https://www.boston.gov/sites/default/files/file/2023/12/VOTING%20MINUTES%2012-14-23.docx_0.pdf,LB98921,LB-98921,2023-12-14,2023-12-14,2023-12-14,7,7,16,ownership_interest,ownership_application_disposition,ownership_application_disposition,granted,Granted,True,True,False,"[""stock_interest_change""]",,,"[""No before/after equity holders or percentages are identified; manager/officer names are not inferred to be owners.""]",,BLB-2023-12-14-026,BLB-2023-12-14,,,granted,,,,False,21st Amendment,"21st, Inc.",False,,"150 Bowdoin St, Boston, MA 02108","21st, Inc.",16,"16. 21st, Inc.

Doing business as: 21st Amendment
150 Bowdoin St, Boston, MA 02108
License #: LB-98921
Holder of a Common Victualler 7 Day All-Alcoholic Beverages License has petitioned for a change of
Officers/Directors. Secondly, has petitioned for a change of Stock Interest.
Attorney: Lesley Delaney Hawkins

Granted",0fe0d950c5044797f3f267cef6ec76c3cccdb8e19de7b592a4cecc974a946f36,,,LB98921,,"[""LB-98921""]",explicit_alcohol,"21st, Inc.",21st Amendment,"21st, Inc.",,LB98921,2023/ownership-interest-events.json,,,"21st, Inc.",licensee,7,,[],[],,,,,3957e6adf44fcc75530c037acb1aaa50d86dcf8bc110508b14e5fbda6bb050fd,"16. 21st, Inc.

Doing business as: 21st Amendment
150 Bowdoin St, Boston, MA 02108
License #: LB-98921
Holder of a Common Victualler 7 Day All-Alcoholic Beverages License has petitioned for a change of
Officers/Directors. Secondly, has petitioned for a change of Stock Interest.
Attorney: Lesley Delaney Hawkins

Granted","[""https://www.boston.gov/sites/default/files/file/2023/12/VOTING%20MINUTES%2012-14-23.docx_0.pdf""]",2020-2023,,,,,,,
BLB-2023-12-14-029-ownership,BLB-2023-12-14,3957e6adf44fcc75530c037acb1aaa50d86dcf8bc110508b14e5fbda6bb050fd,https://www.boston.gov/sites/default/files/file/2023/12/VOTING%20MINUTES%2012-14-23.docx_0.pdf,LB99225,LB-99225,2023-12-14,2023-12-14,2023-12-14,8,8,19,ownership_interest,ownership_application_disposition,ownership_application_disposition,granted,Granted,True,True,False,"[""stock_interest_change""]",,,"[""No before/after equity holders or percentages are identified; manager/officer names are not inferred to be owners.""]",,BLB-2023-12-14-029,BLB-2023-12-14,,,granted,,,,False,Black Rose,"The Black Rose, Inc.",False,,"160 State St, Boston, MA 02109","The Black Rose, Inc.",19,"19. The Black Rose, Inc.

Doing business as: Black Rose
160 State St, Boston, MA 02109
License #: LB-99225
Holder of a Common Victualler 7 Day All-Alcoholic Beverages License has petitioned to amend the
description of the licensed business - From: In one room and kitchen on first floor; cellar for stock and
one room and a kitchen on the second floor. Capacity breakdown: 1st fl - 74 seated, 119 standing; 2nd fl
- 81 seated; 139 standing. To: On one floor of mixed use building (+/- 2,700SF). Main entrance/exit
located on State Street. Bar and table seating for 67 patrons; standing for 128 patrons. Secondly, has
petitioned to change the manager of the licensed business – From: Sheldon Cohen To: Michael Glynn.
Also, has petitioned for a change of Officers/Directors/LLC Managers and a change of Stock Interest.
Additionally, has petitioned to remove the following condition from the license: Open at 11:00 AM on
Sundays for the service of food only. Lastly, licensee seeks to serve alcoholic beverages in conjunction
with brunch beginning at 10:00 AM on Sundays.
Attorney: Lesley Delaney Hawkins

Granted",1f1f01d0155924e43f82c615127c29de9d1b982a0391b74b2663f5753d106c16,,,LB99225,,"[""LB-99225""]",explicit_alcohol,"The Black Rose, Inc.",Black Rose,"The Black Rose, Inc.",,LB99225,2023/ownership-interest-events.json,,,"The Black Rose, Inc.",licensee,8,,[],[],,,,,3957e6adf44fcc75530c037acb1aaa50d86dcf8bc110508b14e5fbda6bb050fd,"19. The Black Rose, Inc.

Doing business as: Black Rose
160 State St, Boston, MA 02109
License #: LB-99225
Holder of a Common Victualler 7 Day All-Alcoholic Beverages License has petitioned to amend the
description of the licensed business - From: In one room and kitchen on first floor; cellar for stock and
one room and a kitchen on the second floor. Capacity breakdown: 1st fl - 74 seated, 119 standing; 2nd fl
- 81 seated; 139 standing. To: On one floor of mixed use building (+/- 2,700SF). Main entrance/exit
located on State Street. Bar and table seating for 67 patrons; standing for 128 patrons. Secondly, has
petitioned to change the manager of the licensed business – From: Sheldon Cohen To: Michael Glynn.
Also, has petitioned for a change of Officers/Directors/LLC Managers and a change of Stock Interest.
Additionally, has petitioned to remove the following condition from the license: Open at 11:00 AM on
Sundays for the service of food only. Lastly, licensee seeks to serve alcoholic beverages in conjunction
with brunch beginning at 10:00 AM on Sundays.
Attorney: Lesley Delaney Hawkins

Granted","[""https://www.boston.gov/sites/default/files/file/2023/12/VOTING%20MINUTES%2012-14-23.docx_0.pdf""]",2020-2023,,,,,,,
BLB-2023-12-14-062-ownership,BLB-2023-12-14,3957e6adf44fcc75530c037acb1aaa50d86dcf8bc110508b14e5fbda6bb050fd,https://www.boston.gov/sites/default/files/file/2023/12/VOTING%20MINUTES%2012-14-23.docx_0.pdf,LB100143,LB-100143,2023-12-14,2023-12-14,2023-12-14,20,20,7,ownership_interest,ownership_application_disposition,ownership_application_disposition,granted,Granted,True,True,False,"[""ownership_interest_change""]",,,"[""Only stated ownership parties/quantities are retained; no assumption of a complete capitalization table or completed equity transfer.""]",,BLB-2023-12-14-062,BLB-2023-12-14,,,granted,,,,False,Dacoopas Pizza,East Boston Pizza Inc.,False,,"474 Saratoga St., East Boston, MA 02128",East Boston Pizza Inc.,7,"7. East Boston Pizza Inc.

Doing business as: Dacoopas Pizza
474 Saratoga St., East Boston, MA 02128
 License #: LB‑100143
Holder of a Common Victualler License has petitioned to change the ownership of the licensed business
From: Vasillios Stefanopoulos DBA Dacoopas Pizza To : East Boston Pizza Inc. DBA Dacoopas Pizza.
Kevin Castillo, Manager of Record.

Granted",131b1b5e44fc323ce5a63875fe729aa1cd934e9cad9646cec0175fa53e8fe1d8,,,LB100143,,"[""LB-100143""]",common_victualler_no_alcohol_stated,East Boston Pizza Inc.,Dacoopas Pizza,East Boston Pizza Inc.,,LB100143,2023/ownership-interest-events.json,,,East Boston Pizza Inc.,licensee,20,,"[{""name"": ""East Boston Pizza Inc."", ""interest_percent"": null, ""interest_quantity"": null, ""interest_unit"": null, ""role"": null, ""source_quote"": ""7. East Boston Pizza Inc.\n\nDoing business as: Dacoopas Pizza\n474 Saratoga St., East Boston, MA 02128\n License #: LB‑100143\nHolder of a Common Victualler License has petitioned to change the ownership of the licensed business\nFrom: Vasillios Stefanopoulos DBA Dacoopas Pizza To : East Boston Pizza Inc. DBA Dacoopas Pizza.\nKevin Castillo, Manager of Record.\n\nGranted""}]","[{""name"": ""Vasillios Stefanopoulos"", ""interest_percent"": null, ""interest_quantity"": null, ""interest_unit"": null, ""role"": null, ""source_quote"": ""7. East Boston Pizza Inc.\n\nDoing business as: Dacoopas Pizza\n474 Saratoga St., East Boston, MA 02128\n License #: LB‑100143\nHolder of a Common Victualler License has petitioned to change the ownership of the licensed business\nFrom: Vasillios Stefanopoulos DBA Dacoopas Pizza To : East Boston Pizza Inc. DBA Dacoopas Pizza.\nKevin Castillo, Manager of Record.\n\nGranted""}]",,,,,3957e6adf44fcc75530c037acb1aaa50d86dcf8bc110508b14e5fbda6bb050fd,"7. East Boston Pizza Inc.

Doing business as: Dacoopas Pizza
474 Saratoga St., East Boston, MA 02128
 License #: LB‑100143
Holder of a Common Victualler License has petitioned to change the ownership of the licensed business
From: Vasillios Stefanopoulos DBA Dacoopas Pizza To : East Boston Pizza Inc. DBA Dacoopas Pizza.
Kevin Castillo, Manager of Record.

Granted","[""https://www.boston.gov/sites/default/files/file/2023/12/VOTING%20MINUTES%2012-14-23.docx_0.pdf""]",2020-2023,,,,,,,
