candidate_id,source_id,source_url,source_sha256,archive_date,page_start,page_end,item_number,item_text,date,document_vote_date,license_number,license_num,normalized_license_num,outcome,disposition,outcome_text,board_granted_application,decision_bearing,completed_sale_verified,ambiguity_notes,review_status,event_id,event_type,action_subtype,transferor,transferor_dba,transferee,transferee_dba,from_address,to_address,pledge_recipient,parties,licensee,licensee_dba,collateral_as_stated
BLB-2021-01-28-c022,BLB-2021-01-28,https://www.boston.gov/sites/default/files/file/2021/02/Board%27s%20Voting%20Agenda%201.28.21.pdf,49f97a49dae4e6f1cf8d07fc685ee120f5627707b6486e398e903aa2471518ec,2021-01-28,5,5,16,"16. KITTY O'SHEA'S, INC.
D/B/A: FLANN O'BRIEN'S
   1619 TREMONT ST
   ROXBURY, MA 02120
   License #: LB-99248
   Holder of a Common Victualler 7 Day All-Alcoholic Beverages License has petitioned
to transfer the license from the above – To: MH Liquor LLC. d/b/a Flann O’Brien’s (at
the same location). Adam Sarbaugh, Manager. 1:00 A.M. Closing Hour.
   Attorney: Nicholas J. Zozula
TO BE RE-NOTICED",2021-01-28,2021-01-28,LB-99248,LB99248,LB99248,to_be_re_noticed,to_be_re_noticed,TO BE RE-NOTICED,False,True,False,[],reviewed_against_full_candidate_and_source_context,BLB-2021-01-28-c022-transfer,license_transfer,transfer_application_disposition,"KITTY O'SHEA'S, INC.",FLANN O'BRIEN'S,MH Liquor LLC.,Flann O’Brien’s,"1619 TREMONT ST ROXBURY, MA 02120","1619 TREMONT ST ROXBURY, MA 02120",,"{""transferor"": ""KITTY O'SHEA'S, INC."", ""transferee"": ""MH Liquor LLC.""}",,,
BLB-2021-01-28-c023,BLB-2021-01-28,https://www.boston.gov/sites/default/files/file/2021/02/Board%27s%20Voting%20Agenda%201.28.21.pdf,49f97a49dae4e6f1cf8d07fc685ee120f5627707b6486e398e903aa2471518ec,2021-01-28,5,6,17,"17. UNO RESTAURANTS, LLC
D/B/A: Uno Pizzeria & Grill
  1 BROOKLINE AVE
  BOSTON, MA 02215
  License #: LB-98905
  Holder of a Common Victualler 7 Day All Alcoholic Beverages License has petitioned

       to transfer the license and the location from the above – To: Rockwood Music Hall
       Boston, LLC. D/B/A Rockwood Music Hall 88 Van Ness Street, Boston, MA 02215.
       This is a music venue that has both a ground floor and mezzanine floor with both seating
       and standing options available. The seated option has a total occupancy of 95 persons
       with 43 total seats. The standing option has a total occupancy of 120 persons with 27
       total seats. The venue has a total square footage of 1,847 square feet. Closing hour 2:00
       AM. Andrew Kaplan, Manager. Secondly has petitioned to change the License
       Type-From: Common Victualler 7 Day All Alcoholic Beverages License –To: General
       On Premise All Alcoholic Beverages License. Lastly has petitioned to Pledge the License
       to Boylston West, LLC.
          Attorney: Nicholas Zozula
       GRANTED",2021-01-28,2021-01-28,LB-98905,LB98905,LB98905,granted,granted,GRANTED,True,True,False,[],reviewed_against_full_candidate_and_source_context,BLB-2021-01-28-c023-transfer,license_transfer,transfer_application_disposition,"UNO RESTAURANTS, LLC",Uno Pizzeria & Grill,"Rockwood Music Hall Boston, LLC.",Rockwood Music Hall,"1 BROOKLINE AVE BOSTON, MA 02215","88 Van Ness Street, Boston, MA 02215",,"{""transferor"": ""UNO RESTAURANTS, LLC"", ""transferee"": ""Rockwood Music Hall Boston, LLC.""}",,,
BLB-2021-01-28-c023,BLB-2021-01-28,https://www.boston.gov/sites/default/files/file/2021/02/Board%27s%20Voting%20Agenda%201.28.21.pdf,49f97a49dae4e6f1cf8d07fc685ee120f5627707b6486e398e903aa2471518ec,2021-01-28,5,6,17,"17. UNO RESTAURANTS, LLC
D/B/A: Uno Pizzeria & Grill
  1 BROOKLINE AVE
  BOSTON, MA 02215
  License #: LB-98905
  Holder of a Common Victualler 7 Day All Alcoholic Beverages License has petitioned

       to transfer the license and the location from the above – To: Rockwood Music Hall
       Boston, LLC. D/B/A Rockwood Music Hall 88 Van Ness Street, Boston, MA 02215.
       This is a music venue that has both a ground floor and mezzanine floor with both seating
       and standing options available. The seated option has a total occupancy of 95 persons
       with 43 total seats. The standing option has a total occupancy of 120 persons with 27
       total seats. The venue has a total square footage of 1,847 square feet. Closing hour 2:00
       AM. Andrew Kaplan, Manager. Secondly has petitioned to change the License
       Type-From: Common Victualler 7 Day All Alcoholic Beverages License –To: General
       On Premise All Alcoholic Beverages License. Lastly has petitioned to Pledge the License
       to Boylston West, LLC.
          Attorney: Nicholas Zozula
       GRANTED",2021-01-28,2021-01-28,LB-98905,LB98905,LB98905,granted,granted,GRANTED,True,True,False,[],reviewed_against_full_candidate_and_source_context,BLB-2021-01-28-c023-pledge,license_pledge,pledge_application_disposition,,,,,"1 BROOKLINE AVE BOSTON, MA 02215",,"Boylston West, LLC","{""licensee"": ""Rockwood Music Hall Boston, LLC."", ""pledge_recipient"": ""Boylston West, LLC""}","Rockwood Music Hall Boston, LLC.",Rockwood Music Hall,"[""license""]"
BLB-2021-02-04-c007,BLB-2021-02-04,https://www.boston.gov/sites/default/files/file/2021/02/Board%27s%20Voting%20Agenda%202.4.21.pdf,f2c5775f180290a11fa4bbac4155c9e4e595e85cac06dbfa114e1283103348c6,2021-02-04,2,3,5,"5. ALGONQUIN CLUB OF BOSTON
      D/B/A: ALGONQUIN CLUB
         217 COMMONWEALTH AVE
         BOSTON, MA 02116
         License #: LB-98780
         Holder of a Club All-Alcoholic Beverages License has petitioned to change the d/b/a
      of the licensed business-From: Algonquin Club To: The ‘Quin House. Secondly, has

petitioned to change the manager of the licensed business–From: Norman B. Hall To:
Sumeet Jhingan. Lastly, has petitioned to Pledge the License To: Needham Bank.
  Attorney: Patricia A. Malone
GRANTED",2021-02-04,2021-02-04,LB-98780,LB98780,LB98780,granted,granted,GRANTED,True,True,False,[],reviewed_against_full_candidate_and_source_context,BLB-2021-02-04-c007-pledge,license_pledge,pledge_application_disposition,,,,,"217 COMMONWEALTH AVE BOSTON, MA 02116",,Needham Bank,"{""licensee"": ""ALGONQUIN CLUB OF BOSTON"", ""pledge_recipient"": ""Needham Bank""}",ALGONQUIN CLUB OF BOSTON,ALGONQUIN CLUB,"[""license""]"
BLB-2021-02-04-c009,BLB-2021-02-04,https://www.boston.gov/sites/default/files/file/2021/02/Board%27s%20Voting%20Agenda%202.4.21.pdf,f2c5775f180290a11fa4bbac4155c9e4e595e85cac06dbfa114e1283103348c6,2021-02-04,3,3,7,"7. 79 PARK PLAZA, LLC
D/B/A: THE OYSTER CLUB
   91 PARK PZ
   BOSTON, MA 02116
   License #: LB-99383
   Holder of a Common Victualler 7 Day All-Alcoholic Beverages License has petitioned
to transfer the license from the above - To: TDC Heritage Holdings LLC. (at the same
location). Closing hour 2:00 AM. David P. Morency, Manager.
GRANTED",2021-02-04,2021-02-04,LB-99383,LB99383,LB99383,granted,granted,GRANTED,True,True,False,[],reviewed_against_full_candidate_and_source_context,BLB-2021-02-04-c009-transfer,license_transfer,transfer_application_disposition,"79 PARK PLAZA, LLC",THE OYSTER CLUB,TDC Heritage Holdings LLC.,,"91 PARK PZ BOSTON, MA 02116","91 PARK PZ BOSTON, MA 02116",,"{""transferor"": ""79 PARK PLAZA, LLC"", ""transferee"": ""TDC Heritage Holdings LLC.""}",,,
BLB-2021-02-04-c010,BLB-2021-02-04,https://www.boston.gov/sites/default/files/file/2021/02/Board%27s%20Voting%20Agenda%202.4.21.pdf,f2c5775f180290a11fa4bbac4155c9e4e595e85cac06dbfa114e1283103348c6,2021-02-04,3,3,8,"8. UNO RESTAURANTS, LLC
D/B/A: UNO CHICAGO GRILL
   731 BOYLSTON ST
   BOSTON, MA 02116
   License #: LB-98944
   Holder of a Common Victualler 7 Day All-Alcoholic Beverages License has petitioned
to transfer the license and the location from the above – To: Kojam, LLC. 276 278
Newbury Street, Boston, MA 02116. In 4 rooms on first floor consisting of 4 dining areas
and bar with seating for 103, containing approximately 3,285 SF. In 2 rooms on lower
level consisting of wine bar with seating for 25, kitchen and restrooms containing
approximately 2,603 SF. 2 season outdoor patios (March November) on private property,
each seating for 20. Kenneth Oringer, Manager. Closing hour 1:00 AM.
   Attorney: Jon D. Aieta
GRANTED",2021-02-04,2021-02-04,LB-98944,LB98944,LB98944,granted,granted,GRANTED,True,True,False,[],reviewed_against_full_candidate_and_source_context,BLB-2021-02-04-c010-transfer,license_transfer,transfer_application_disposition,"UNO RESTAURANTS, LLC",UNO CHICAGO GRILL,"Kojam, LLC",,"731 BOYLSTON ST BOSTON, MA 02116","276 278 Newbury Street, Boston, MA 02116",,"{""transferor"": ""UNO RESTAURANTS, LLC"", ""transferee"": ""Kojam, LLC""}",,,
BLB-2021-02-04-c011,BLB-2021-02-04,https://www.boston.gov/sites/default/files/file/2021/02/Board%27s%20Voting%20Agenda%202.4.21.pdf,f2c5775f180290a11fa4bbac4155c9e4e595e85cac06dbfa114e1283103348c6,2021-02-04,3,4,9,"9. 25 CHARLES ON THE HILL LLC
D/B/A:
   25 29 CHARLES ST
   BOSTON, MA 02114
   License #: LB-101659
   Holder of an Innholder All-Alcoholic Beverages License has petitioned to transfer the
license from the above – To: Minot Hospitality Group LLC. d/b/a Minot Hospitality
Group (same location). Michael Giammanco, Manager. 2:00 AM Closing Hour. Lastly,

       has petitioned to Pledge the License to 25 Charles Street Property Company, LLC.
         Attorney: Dennis A. Quilty
       CONTINUED TO FEBRUARY 24, 2021",2021-02-04,2021-02-04,LB-101659,LB101659,LB101659,continued,continued,"CONTINUED TO FEBRUARY 24, 2021",False,True,False,[],reviewed_against_full_candidate_and_source_context,BLB-2021-02-04-c011-transfer,license_transfer,transfer_application_disposition,25 CHARLES ON THE HILL LLC,,Minot Hospitality Group LLC.,Minot Hospitality Group,"25 29 CHARLES ST BOSTON, MA 02114","25 29 CHARLES ST BOSTON, MA 02114",,"{""transferor"": ""25 CHARLES ON THE HILL LLC"", ""transferee"": ""Minot Hospitality Group LLC.""}",,,
BLB-2021-02-04-c011,BLB-2021-02-04,https://www.boston.gov/sites/default/files/file/2021/02/Board%27s%20Voting%20Agenda%202.4.21.pdf,f2c5775f180290a11fa4bbac4155c9e4e595e85cac06dbfa114e1283103348c6,2021-02-04,3,4,9,"9. 25 CHARLES ON THE HILL LLC
D/B/A:
   25 29 CHARLES ST
   BOSTON, MA 02114
   License #: LB-101659
   Holder of an Innholder All-Alcoholic Beverages License has petitioned to transfer the
license from the above – To: Minot Hospitality Group LLC. d/b/a Minot Hospitality
Group (same location). Michael Giammanco, Manager. 2:00 AM Closing Hour. Lastly,

       has petitioned to Pledge the License to 25 Charles Street Property Company, LLC.
         Attorney: Dennis A. Quilty
       CONTINUED TO FEBRUARY 24, 2021",2021-02-04,2021-02-04,LB-101659,LB101659,LB101659,continued,continued,"CONTINUED TO FEBRUARY 24, 2021",False,True,False,[],reviewed_against_full_candidate_and_source_context,BLB-2021-02-04-c011-pledge,license_pledge,pledge_application_disposition,,,,,"25 29 CHARLES ST BOSTON, MA 02114",,"25 Charles Street Property Company, LLC","{""licensee"": ""Minot Hospitality Group LLC."", ""pledge_recipient"": ""25 Charles Street Property Company, LLC""}",Minot Hospitality Group LLC.,Minot Hospitality Group,"[""license""]"
BLB-2021-02-04-c012,BLB-2021-02-04,https://www.boston.gov/sites/default/files/file/2021/02/Board%27s%20Voting%20Agenda%202.4.21.pdf,f2c5775f180290a11fa4bbac4155c9e4e595e85cac06dbfa114e1283103348c6,2021-02-04,4,4,10,"10. BB KITCHEN, INC.
       D/B/A: ZUMA'S TEX MEX GRILL
          353A FANEUIL HALL MARKETPLACE
          BOSTON, MA 02109
          License #: LB-98930
          Holder of a Common Victualler 7 Day All- Alcoholic Beverages License has
       petitioned to transfer the license and the location from the above – To: Nando 393
       Hanover, Inc. d/b/a Nando’s Trattoria 391 395 Hanover Street Boston, MA 02113. In one
       large room on first floor with seating areas and bar (seating capacity of 42), kitchen and
       restrooms in rear, basement for storage and food preparation. Total square footage 2,000
       SF. There is one entrance and two exits. Closing hour 1:00 AM Friday- Saturday, 12:00
       AM Sunday-Thursday. Palmira Giangregorio Firicano, Manager.
       GRANTED",2021-02-04,2021-02-04,LB-98930,LB98930,LB98930,granted,granted,GRANTED,True,True,False,[],reviewed_against_full_candidate_and_source_context,BLB-2021-02-04-c012-transfer,license_transfer,transfer_application_disposition,"BB KITCHEN, INC.",ZUMA'S TEX MEX GRILL,"Nando 393 Hanover, Inc.",Nando’s Trattoria,"353A FANEUIL HALL MARKETPLACE BOSTON, MA 02109","391 395 Hanover Street Boston, MA 02113",,"{""transferor"": ""BB KITCHEN, INC."", ""transferee"": ""Nando 393 Hanover, Inc.""}",,,
BLB-2021-02-25-c017,BLB-2021-02-25,https://www.boston.gov/sites/default/files/file/2021/03/Board%20Voting%20Agenda%202.25.21.pdf,976218dee1acb19687b9d0e7752e7bb30b2616d22c70211b7954c1801d4f7950,2021-02-25,5,5,10,"10. KITTY O'SHEA'S, INC.
D/B/A: FLANN O'BRIEN'S
   1619 TREMONT ST
   ROXBURY, MA 02120
   License #: LB-99248
   Holder of a Common Victualler 7 Day All Alcoholic Beverages License has petitioned
to transfer the license from the above – To: MH Liquor LLC. d/b/a Flann O’Brien’s
(same location). Adam Sarbaugh, Manager. 1:00 A.M. Closing Hour.
   Attorney: Nicholas J. Zozula

GRANTED",2021-02-25,2021-02-25,LB-99248,LB99248,LB99248,granted,granted,GRANTED,True,True,False,[],reviewed_against_full_candidate_and_source_context,BLB-2021-02-25-c017-transfer,license_transfer,transfer_application_disposition,"KITTY O'SHEA'S, INC.",FLANN O'BRIEN'S,MH Liquor LLC.,Flann O’Brien’s,"1619 TREMONT ST ROXBURY, MA 02120","1619 TREMONT ST ROXBURY, MA 02120",,"{""transferor"": ""KITTY O'SHEA'S, INC."", ""transferee"": ""MH Liquor LLC.""}",,,
BLB-2021-02-25-c018,BLB-2021-02-25,https://www.boston.gov/sites/default/files/file/2021/03/Board%20Voting%20Agenda%202.25.21.pdf,976218dee1acb19687b9d0e7752e7bb30b2616d22c70211b7954c1801d4f7950,2021-02-25,5,5,11,"11. Wilson De Oliveira Silva
D/B/A: Silva's Brazilian Market
   168 BELGRADE AVE
   ROSLINDALE, MA 02131
   License #: LB-130749
   Holder of a Retail Package Store Malt and Wines License has petitioned to transfer the
license from the above – To: Boston Dominican, Inc. d/b/a Punta Cana Beer & Wine
Market (same location). Lorenzo Mercado, Manager. Closing hour 11:00 PM.
   Attorney: John P. Connell

GRANTED",2021-02-25,2021-02-25,LB-130749,LB130749,LB130749,granted,granted,GRANTED,True,True,False,[],reviewed_against_full_candidate_and_source_context,BLB-2021-02-25-c018-transfer,license_transfer,transfer_application_disposition,Wilson De Oliveira Silva,Silva's Brazilian Market,"Boston Dominican, Inc.",Punta Cana Beer & Wine Market,"168 BELGRADE AVE ROSLINDALE, MA 02131","168 BELGRADE AVE ROSLINDALE, MA 02131",,"{""transferor"": ""Wilson De Oliveira Silva"", ""transferee"": ""Boston Dominican, Inc.""}",,,
BLB-2021-02-25-c019,BLB-2021-02-25,https://www.boston.gov/sites/default/files/file/2021/03/Board%20Voting%20Agenda%202.25.21.pdf,976218dee1acb19687b9d0e7752e7bb30b2616d22c70211b7954c1801d4f7950,2021-02-25,6,6,12,"12. BFAM, INC.
D/B/A: LA LA ROKH
   97 MOUNT VERNON ST
   BOSTON, MA 02108
   License #: LB-99439
   Holder of a Common Victualler 7 Day All Alcoholic Beverages License has petitioned
to transfer the license from the above – To: 1928 Beacon Hill LLC d/b/a 1928 Beacon
Hill (same location). Kristin Jenkins, Manager. Closing hour 11:00 PM. Lastly, has
petitioned to pledge the license to BFAM, Inc.

GRANTED",2021-02-25,2021-02-25,LB-99439,LB99439,LB99439,granted,granted,GRANTED,True,True,False,[],reviewed_against_full_candidate_and_source_context,BLB-2021-02-25-c019-transfer,license_transfer,transfer_application_disposition,"BFAM, INC.",LA LA ROKH,1928 Beacon Hill LLC,1928 Beacon Hill,"97 MOUNT VERNON ST BOSTON, MA 02108","97 MOUNT VERNON ST BOSTON, MA 02108",,"{""transferor"": ""BFAM, INC."", ""transferee"": ""1928 Beacon Hill LLC""}",,,
BLB-2021-02-25-c019,BLB-2021-02-25,https://www.boston.gov/sites/default/files/file/2021/03/Board%20Voting%20Agenda%202.25.21.pdf,976218dee1acb19687b9d0e7752e7bb30b2616d22c70211b7954c1801d4f7950,2021-02-25,6,6,12,"12. BFAM, INC.
D/B/A: LA LA ROKH
   97 MOUNT VERNON ST
   BOSTON, MA 02108
   License #: LB-99439
   Holder of a Common Victualler 7 Day All Alcoholic Beverages License has petitioned
to transfer the license from the above – To: 1928 Beacon Hill LLC d/b/a 1928 Beacon
Hill (same location). Kristin Jenkins, Manager. Closing hour 11:00 PM. Lastly, has
petitioned to pledge the license to BFAM, Inc.

GRANTED",2021-02-25,2021-02-25,LB-99439,LB99439,LB99439,granted,granted,GRANTED,True,True,False,[],reviewed_against_full_candidate_and_source_context,BLB-2021-02-25-c019-pledge,license_pledge,pledge_application_disposition,,,,,"97 MOUNT VERNON ST BOSTON, MA 02108",,"BFAM, Inc","{""licensee"": ""1928 Beacon Hill LLC"", ""pledge_recipient"": ""BFAM, Inc""}",1928 Beacon Hill LLC,1928 Beacon Hill,"[""license""]"
BLB-2021-02-25-c020,BLB-2021-02-25,https://www.boston.gov/sites/default/files/file/2021/03/Board%20Voting%20Agenda%202.25.21.pdf,976218dee1acb19687b9d0e7752e7bb30b2616d22c70211b7954c1801d4f7950,2021-02-25,6,6,13,"13. EGLESTON LIQUORS, INC.
D/B/A: M & M LIQUORS
   3086 WASHINGTON ST
   ROXBURY, MA 02119
   License #: LB-101932
   Holder of a Retail Package Store All Alcoholic Beverages License has petitioned to
transfer the license from the above - To: Castillo Egleston Liquors, LLC. ( same
location). Carlos Castillo, Manager. Closing hour at 11:00 PM.
   Attorney: Shabnam Masasarmi

DEFERRED PENDING COMMUNITY PROCESS",2021-02-25,2021-02-25,LB-101932,LB101932,LB101932,deferred,deferred,DEFERRED PENDING COMMUNITY PROCESS,False,True,False,[],reviewed_against_full_candidate_and_source_context,BLB-2021-02-25-c020-transfer,license_transfer,transfer_application_disposition,"EGLESTON LIQUORS, INC.",M & M LIQUORS,"Castillo Egleston Liquors, LLC.",,"3086 WASHINGTON ST ROXBURY, MA 02119","3086 WASHINGTON ST ROXBURY, MA 02119",,"{""transferor"": ""EGLESTON LIQUORS, INC."", ""transferee"": ""Castillo Egleston Liquors, LLC.""}",,,
BLB-2021-02-25-c021,BLB-2021-02-25,https://www.boston.gov/sites/default/files/file/2021/03/Board%20Voting%20Agenda%202.25.21.pdf,976218dee1acb19687b9d0e7752e7bb30b2616d22c70211b7954c1801d4f7950,2021-02-25,6,6,14,"14. MAX BRENNER BOYLSTON, INC.
D/B/A: MAX BRENNER, CHOCOLATE BY THE BALD MAN
   745 BOYLSTON ST
   BOSTON, MA 02116
   License #: LB-99102
   Holder of a Common Victualler 7 Day All Alcoholic Beverages License has petitioned
to transfer the license from the above – To: Upland Restaurant, LLC (same location).
Bernard K. Chiu, Manager. 11:00 PM closing hour.
   Attorney: Dennis A. Quilty

GRANTED",2021-02-25,2021-02-25,LB-99102,LB99102,LB99102,granted,granted,GRANTED,True,True,False,[],reviewed_against_full_candidate_and_source_context,BLB-2021-02-25-c021-transfer,license_transfer,transfer_application_disposition,"MAX BRENNER BOYLSTON, INC.","MAX BRENNER, CHOCOLATE BY THE BALD MAN","Upland Restaurant, LLC",,"745 BOYLSTON ST BOSTON, MA 02116","745 BOYLSTON ST BOSTON, MA 02116",,"{""transferor"": ""MAX BRENNER BOYLSTON, INC."", ""transferee"": ""Upland Restaurant, LLC""}",,,
BLB-2021-02-25-c022,BLB-2021-02-25,https://www.boston.gov/sites/default/files/file/2021/03/Board%20Voting%20Agenda%202.25.21.pdf,976218dee1acb19687b9d0e7752e7bb30b2616d22c70211b7954c1801d4f7950,2021-02-25,6,6,15,"15. HSB, LLC.
D/B/A: ISLAND CREEK OYSTER BAR
   498 COMMONWEALTH AVE
   BOSTON, MA 02215
   License #: LB-99019
   Holder of a Common Victualler 7 Day All Alcoholic Beverages License has petitioned
to transfer the license from the above – To: UMNVAG Kenmore, LLC. (same location).
Michael Jammen, Manager. Closing hour 2:00 AM.
   Attorney: Dennis A. Quilty
GRANTED",2021-02-25,2021-02-25,LB-99019,LB99019,LB99019,granted,granted,GRANTED,True,True,False,[],reviewed_against_full_candidate_and_source_context,BLB-2021-02-25-c022-transfer,license_transfer,transfer_application_disposition,"HSB, LLC.",ISLAND CREEK OYSTER BAR,"UMNVAG Kenmore, LLC.",,"498 COMMONWEALTH AVE BOSTON, MA 02215","498 COMMONWEALTH AVE BOSTON, MA 02215",,"{""transferor"": ""HSB, LLC."", ""transferee"": ""UMNVAG Kenmore, LLC.""}",,,
BLB-2021-02-25-c023,BLB-2021-02-25,https://www.boston.gov/sites/default/files/file/2021/03/Board%20Voting%20Agenda%202.25.21.pdf,976218dee1acb19687b9d0e7752e7bb30b2616d22c70211b7954c1801d4f7950,2021-02-25,7,7,16,"16. ESHL, LLC.
D/B/A: EASTERN STANDARD
   528 COMMONWEALTH AVE
   BOSTON, MA 02115
   License #: LB-99215
   Holder of a Common Victualler 7 Day All Alcoholic Beverages License has petitioned
to transfer the license from the above – To: UMNVAG Kenmore, LLC. (same location).
Michael Jammen, Manager. Closing hour 2:00 AM.
   Attorney: Dennis A. Quilty

GRANTED",2021-02-25,2021-02-25,LB-99215,LB99215,LB99215,granted,granted,GRANTED,True,True,False,[],reviewed_against_full_candidate_and_source_context,BLB-2021-02-25-c023-transfer,license_transfer,transfer_application_disposition,"ESHL, LLC.",EASTERN STANDARD,"UMNVAG Kenmore, LLC.",,"528 COMMONWEALTH AVE BOSTON, MA 02115","528 COMMONWEALTH AVE BOSTON, MA 02115",,"{""transferor"": ""ESHL, LLC."", ""transferee"": ""UMNVAG Kenmore, LLC.""}",,,
BLB-2021-02-25-c024,BLB-2021-02-25,https://www.boston.gov/sites/default/files/file/2021/03/Board%20Voting%20Agenda%202.25.21.pdf,976218dee1acb19687b9d0e7752e7bb30b2616d22c70211b7954c1801d4f7950,2021-02-25,7,7,17,"17. 25 CHARLES ON THE HILL LLC
D/B/A:
   25-29 CHARLES STREET
   BOSTON, MA 02114
   License #: LB-101659
   Holder of an Innholder All Alcoholic Beverages License has petitioned to transfer the
license from the above – To: Minot Hospitality Group LLC. d/b/a Minot Hospitality
Group (same location). Michael Giammanco, Manager.1:00 AM Closing Hour. Lastly,
has petitioned to Pledge the License to 25 Charles Street Property Company, LLC.
   Attorney: Dennis A. Quilty

GRANTED",2021-02-25,2021-02-25,LB-101659,LB101659,LB101659,granted,granted,GRANTED,True,True,False,[],reviewed_against_full_candidate_and_source_context,BLB-2021-02-25-c024-transfer,license_transfer,transfer_application_disposition,25 CHARLES ON THE HILL LLC,,Minot Hospitality Group LLC.,Minot Hospitality Group,"25-29 CHARLES STREET BOSTON, MA 02114","25-29 CHARLES STREET BOSTON, MA 02114",,"{""transferor"": ""25 CHARLES ON THE HILL LLC"", ""transferee"": ""Minot Hospitality Group LLC.""}",,,
BLB-2021-02-25-c024,BLB-2021-02-25,https://www.boston.gov/sites/default/files/file/2021/03/Board%20Voting%20Agenda%202.25.21.pdf,976218dee1acb19687b9d0e7752e7bb30b2616d22c70211b7954c1801d4f7950,2021-02-25,7,7,17,"17. 25 CHARLES ON THE HILL LLC
D/B/A:
   25-29 CHARLES STREET
   BOSTON, MA 02114
   License #: LB-101659
   Holder of an Innholder All Alcoholic Beverages License has petitioned to transfer the
license from the above – To: Minot Hospitality Group LLC. d/b/a Minot Hospitality
Group (same location). Michael Giammanco, Manager.1:00 AM Closing Hour. Lastly,
has petitioned to Pledge the License to 25 Charles Street Property Company, LLC.
   Attorney: Dennis A. Quilty

GRANTED",2021-02-25,2021-02-25,LB-101659,LB101659,LB101659,granted,granted,GRANTED,True,True,False,[],reviewed_against_full_candidate_and_source_context,BLB-2021-02-25-c024-pledge,license_pledge,pledge_application_disposition,,,,,"25-29 CHARLES STREET BOSTON, MA 02114",,"25 Charles Street Property Company, LLC","{""licensee"": ""Minot Hospitality Group LLC."", ""pledge_recipient"": ""25 Charles Street Property Company, LLC""}",Minot Hospitality Group LLC.,Minot Hospitality Group,"[""license""]"
BLB-2021-02-25-c025,BLB-2021-02-25,https://www.boston.gov/sites/default/files/file/2021/03/Board%20Voting%20Agenda%202.25.21.pdf,976218dee1acb19687b9d0e7752e7bb30b2616d22c70211b7954c1801d4f7950,2021-02-25,7,7,18,"18. BREW MOON COLORADO, INC.
D/B/A: ROCK BOTTOM RESTAURANT & BREWERY
   115 STUART ST
   BOSTON, MA 02116
   License #: LB-98961
   Holder of a Common Victualler 7 Day All Alcoholic Beverages License has petitioned
to transfer the license from the above – To: Rock Bottom Group LLC. d/b/a Rock Bottom
Restaurant & Brewery (same location). Closing hour 2:00 AM. Mark Levine, Manager.
   Attorney: Joseph H. Devlin

GRANTED",2021-02-25,2021-02-25,LB-98961,LB98961,LB98961,granted,granted,GRANTED,True,True,False,[],reviewed_against_full_candidate_and_source_context,BLB-2021-02-25-c025-transfer,license_transfer,transfer_application_disposition,"BREW MOON COLORADO, INC.",ROCK BOTTOM RESTAURANT & BREWERY,Rock Bottom Group LLC.,Rock Bottom Restaurant & Brewery,"115 STUART ST BOSTON, MA 02116","115 STUART ST BOSTON, MA 02116",,"{""transferor"": ""BREW MOON COLORADO, INC."", ""transferee"": ""Rock Bottom Group LLC.""}",,,
BLB-2021-03-04-c012,BLB-2021-03-04,https://www.boston.gov/sites/default/files/file/2021/03/Board%20Voting%20Agenda%203.4.21.pdf,8f5a7869c160824a34d811c3261a4be2ccd1b994be0e526890bbccf19dde0fd6,2021-03-04,3,3,10,"10. DELLODI, Inc.
    D/B/A: The Wild Duck Wine & Spirits
    660 WASHINGTON ST
    BOSTON, MA 02111
    License #: LB-139450
    Holder of a Retail Package Store All-Alcoholic Beverages License has petitioned to
    transfer the license from the above - To: Wildduck 660 Washington St Inc. (same
    location). Smitesh Patel, Manager. Closing hour at 11:00 PM. Lastly, has petitioned to
    pledge the license and inventory to Rockland Trust Company .
    Attorney: John Mooradian
    GRANTED - CONDITION: NO NIPS NO SINGLES",2021-03-04,2021-03-04,LB-139450,LB139450,LB139450,granted,granted,GRANTED - CONDITION: NO NIPS NO SINGLES,True,True,False,[],reviewed_against_full_candidate_and_source_context,BLB-2021-03-04-c012-transfer,license_transfer,transfer_application_disposition,"DELLODI, Inc.",The Wild Duck Wine & Spirits,Wildduck 660 Washington St Inc.,,"660 WASHINGTON ST BOSTON, MA 02111","660 WASHINGTON ST BOSTON, MA 02111",,"{""transferor"": ""DELLODI, Inc."", ""transferee"": ""Wildduck 660 Washington St Inc.""}",,,
BLB-2021-03-04-c012,BLB-2021-03-04,https://www.boston.gov/sites/default/files/file/2021/03/Board%20Voting%20Agenda%203.4.21.pdf,8f5a7869c160824a34d811c3261a4be2ccd1b994be0e526890bbccf19dde0fd6,2021-03-04,3,3,10,"10. DELLODI, Inc.
    D/B/A: The Wild Duck Wine & Spirits
    660 WASHINGTON ST
    BOSTON, MA 02111
    License #: LB-139450
    Holder of a Retail Package Store All-Alcoholic Beverages License has petitioned to
    transfer the license from the above - To: Wildduck 660 Washington St Inc. (same
    location). Smitesh Patel, Manager. Closing hour at 11:00 PM. Lastly, has petitioned to
    pledge the license and inventory to Rockland Trust Company .
    Attorney: John Mooradian
    GRANTED - CONDITION: NO NIPS NO SINGLES",2021-03-04,2021-03-04,LB-139450,LB139450,LB139450,granted,granted,GRANTED - CONDITION: NO NIPS NO SINGLES,True,True,False,[],reviewed_against_full_candidate_and_source_context,BLB-2021-03-04-c012-pledge,license_pledge,pledge_application_disposition,,,,,"660 WASHINGTON ST BOSTON, MA 02111",,Rockland Trust Company,"{""licensee"": ""Wildduck 660 Washington St Inc."", ""pledge_recipient"": ""Rockland Trust Company""}",Wildduck 660 Washington St Inc.,,"[""license"", ""inventory""]"
BLB-2021-03-04-c013,BLB-2021-03-04,https://www.boston.gov/sites/default/files/file/2021/03/Board%20Voting%20Agenda%203.4.21.pdf,8f5a7869c160824a34d811c3261a4be2ccd1b994be0e526890bbccf19dde0fd6,2021-03-04,4,4,11,"11. DIDELLO, INC.
       D/B/A: THE WILD DUCK
       94 - 96 SALEM ST
       BOSTON, MA 02113
       License #: LB-101961
       Holder of a Retail Package Store All Alcoholic Beverages License has petitioned to
       transfer the license from the above - To: Wildduck 96 Salem St Inc. (same location).
       Jaimini Patel, Manager. Closing hour at 11:00 PM. Lastly, has petitioned to pledge the
       license and inventory to Rockland Trust Company.
       Attorney: John Mooradian
       DEFER PENDING COMPLETION OF COMMUNITY PROCESS",2021-03-04,2021-03-04,LB-101961,LB101961,LB101961,deferred,deferred,DEFER PENDING COMPLETION OF COMMUNITY PROCESS,False,True,False,[],reviewed_against_full_candidate_and_source_context,BLB-2021-03-04-c013-transfer,license_transfer,transfer_application_disposition,"DIDELLO, INC.",THE WILD DUCK,Wildduck 96 Salem St Inc.,,"94 - 96 SALEM ST BOSTON, MA 02113","94 - 96 SALEM ST BOSTON, MA 02113",,"{""transferor"": ""DIDELLO, INC."", ""transferee"": ""Wildduck 96 Salem St Inc.""}",,,
BLB-2021-03-04-c013,BLB-2021-03-04,https://www.boston.gov/sites/default/files/file/2021/03/Board%20Voting%20Agenda%203.4.21.pdf,8f5a7869c160824a34d811c3261a4be2ccd1b994be0e526890bbccf19dde0fd6,2021-03-04,4,4,11,"11. DIDELLO, INC.
       D/B/A: THE WILD DUCK
       94 - 96 SALEM ST
       BOSTON, MA 02113
       License #: LB-101961
       Holder of a Retail Package Store All Alcoholic Beverages License has petitioned to
       transfer the license from the above - To: Wildduck 96 Salem St Inc. (same location).
       Jaimini Patel, Manager. Closing hour at 11:00 PM. Lastly, has petitioned to pledge the
       license and inventory to Rockland Trust Company.
       Attorney: John Mooradian
       DEFER PENDING COMPLETION OF COMMUNITY PROCESS",2021-03-04,2021-03-04,LB-101961,LB101961,LB101961,deferred,deferred,DEFER PENDING COMPLETION OF COMMUNITY PROCESS,False,True,False,[],reviewed_against_full_candidate_and_source_context,BLB-2021-03-04-c013-pledge,license_pledge,pledge_application_disposition,,,,,"94 - 96 SALEM ST BOSTON, MA 02113",,Rockland Trust Company,"{""licensee"": ""Wildduck 96 Salem St Inc."", ""pledge_recipient"": ""Rockland Trust Company""}",Wildduck 96 Salem St Inc.,,"[""license"", ""inventory""]"
BLB-2021-03-04-c014,BLB-2021-03-04,https://www.boston.gov/sites/default/files/file/2021/03/Board%20Voting%20Agenda%203.4.21.pdf,8f5a7869c160824a34d811c3261a4be2ccd1b994be0e526890bbccf19dde0fd6,2021-03-04,4,4,12,"12. NILKANTH VARNI, LLC
       D/B/A: RUSTY'S LIQUORS
       700 AMERICAN LEGION HWY
       ROSLINDALE, MA 02131
       License #: LB-101844
       Holder of a Retail Package Store All-Alcoholic Beverages License has petitioned to
       transfer the license from the above - To: Kirtan LLC. D/BA/ Rusty’s Liquors (at the same
       location). Disha K. Patel, Manager. Closing hour at 11:00 PM. Lastly, has petitioned to
       pledge the license and inventory to Rockland Trust Company .
       Attorney: Thomas T. Truax
       DEFER PENDING COMPLETION OF COMMUNITY PROCESS",2021-03-04,2021-03-04,LB-101844,LB101844,LB101844,deferred,deferred,DEFER PENDING COMPLETION OF COMMUNITY PROCESS,False,True,False,[],reviewed_against_full_candidate_and_source_context,BLB-2021-03-04-c014-transfer,license_transfer,transfer_application_disposition,"NILKANTH VARNI, LLC",RUSTY'S LIQUORS,Kirtan LLC.,Rusty’s Liquors,"700 AMERICAN LEGION HWY ROSLINDALE, MA 02131","700 AMERICAN LEGION HWY ROSLINDALE, MA 02131",,"{""transferor"": ""NILKANTH VARNI, LLC"", ""transferee"": ""Kirtan LLC.""}",,,
BLB-2021-03-04-c014,BLB-2021-03-04,https://www.boston.gov/sites/default/files/file/2021/03/Board%20Voting%20Agenda%203.4.21.pdf,8f5a7869c160824a34d811c3261a4be2ccd1b994be0e526890bbccf19dde0fd6,2021-03-04,4,4,12,"12. NILKANTH VARNI, LLC
       D/B/A: RUSTY'S LIQUORS
       700 AMERICAN LEGION HWY
       ROSLINDALE, MA 02131
       License #: LB-101844
       Holder of a Retail Package Store All-Alcoholic Beverages License has petitioned to
       transfer the license from the above - To: Kirtan LLC. D/BA/ Rusty’s Liquors (at the same
       location). Disha K. Patel, Manager. Closing hour at 11:00 PM. Lastly, has petitioned to
       pledge the license and inventory to Rockland Trust Company .
       Attorney: Thomas T. Truax
       DEFER PENDING COMPLETION OF COMMUNITY PROCESS",2021-03-04,2021-03-04,LB-101844,LB101844,LB101844,deferred,deferred,DEFER PENDING COMPLETION OF COMMUNITY PROCESS,False,True,False,[],reviewed_against_full_candidate_and_source_context,BLB-2021-03-04-c014-pledge,license_pledge,pledge_application_disposition,,,,,"700 AMERICAN LEGION HWY ROSLINDALE, MA 02131",,Rockland Trust Company,"{""licensee"": ""Kirtan LLC."", ""pledge_recipient"": ""Rockland Trust Company""}",Kirtan LLC.,Rusty’s Liquors,"[""license"", ""inventory""]"
BLB-2021-04-01-c021,BLB-2021-04-01,https://www.boston.gov/sites/default/files/file/2021/04/Board%20Voting%20Agenda%204.1.21.pdf,ae72f5790d5f45c77a4bb1b615c159e98fc344b9f8c0c7ed99c1408c8228c353,2021-04-01,6,7,15,"15. BOSTON BARRELS, INC.
D/B/A: COMMONWEALTH AVE WINES & SPIRITS

   1229 COMMONWEALTH AVE
   ALLSTON, MA 02134
   License #: LB-101992
   Holder of a Retail Package Store All Alcoholic Beverages License has petitioned to transfer
the license from the above- To: 1227 Commonwealth, Inc. DBA Wild Duck (same location).
Niral Patel, Manager. 11:00 PM Closing Hour.
   Attorney: Carolyn M Conway
GRANTED - NO NIPS; NO SINGLES",2021-04-01,2021-04-01,LB-101992,LB101992,LB101992,granted,granted,GRANTED - NO NIPS; NO SINGLES,True,True,False,[],reviewed_against_full_candidate_and_source_context,BLB-2021-04-01-c021-transfer,license_transfer,transfer_application_disposition,"BOSTON BARRELS, INC.",COMMONWEALTH AVE WINES & SPIRITS,"1227 Commonwealth, Inc.",Wild Duck,"1229 COMMONWEALTH AVE ALLSTON, MA 02134","1229 COMMONWEALTH AVE ALLSTON, MA 02134",,"{""transferor"": ""BOSTON BARRELS, INC."", ""transferee"": ""1227 Commonwealth, Inc.""}",,,
BLB-2021-04-01-c022,BLB-2021-04-01,https://www.boston.gov/sites/default/files/file/2021/04/Board%20Voting%20Agenda%204.1.21.pdf,ae72f5790d5f45c77a4bb1b615c159e98fc344b9f8c0c7ed99c1408c8228c353,2021-04-01,7,7,16,"16. Verc Enterprises, LLC
D/B/A: Verc Allston Gulf
   198 WESTERN AVE
   ALLSTON, MA 02134
   License #: LB-423824
   Holder of a Retail Package Store Wines and Malt Beverages License has petitioned to transfer
the license from the above - To: Nouria Energy Retail, Inc. DBA Nouria 198 Western Avenue
(same location). John Pszeniczny, Manager. Closing hour at 11:00 PM.
   Attorney: Louis A. Cassis
GRANTED",2021-04-01,2021-04-01,LB-423824,LB423824,LB423824,granted,granted,GRANTED,True,True,False,[],reviewed_against_full_candidate_and_source_context,BLB-2021-04-01-c022-transfer,license_transfer,transfer_application_disposition,"Verc Enterprises, LLC",Verc Allston Gulf,"Nouria Energy Retail, Inc.",Nouria 198 Western Avenue,"198 WESTERN AVE ALLSTON, MA 02134","198 WESTERN AVE ALLSTON, MA 02134",,"{""transferor"": ""Verc Enterprises, LLC"", ""transferee"": ""Nouria Energy Retail, Inc.""}",,,
BLB-2021-04-01-c044,BLB-2021-04-01,https://www.boston.gov/sites/default/files/file/2021/04/Board%20Voting%20Agenda%204.1.21.pdf,ae72f5790d5f45c77a4bb1b615c159e98fc344b9f8c0c7ed99c1408c8228c353,2021-04-01,12,12,2,"2. EGLESTON LIQUORS, INC. D/B/A: M & M LIQUORS 3086 WASHINGTON ST
ROXBURY, MA 02119 License #: LB-101932 Holder of a Retail Package Store All Alcoholic
Beverages License has petitioned to transfer the license from the above - To: Castillo Egleston
Liquors, LLC. ( same location). Carlos Castillo, Manager. Closing hour at 11:00 PM. Attorney:
Shabnam Masasarmi
GRANTED",2021-04-01,2021-04-01,LB-101932,LB101932,LB101932,granted,granted,GRANTED,True,True,False,[],reviewed_against_full_candidate_and_source_context,BLB-2021-04-01-c044-transfer,license_transfer,transfer_application_disposition,"EGLESTON LIQUORS, INC.",M & M LIQUORS,"Castillo Egleston Liquors, LLC.",,"3086 WASHINGTON ST ROXBURY, MA 02119","3086 WASHINGTON ST ROXBURY, MA 02119",,"{""transferor"": ""EGLESTON LIQUORS, INC."", ""transferee"": ""Castillo Egleston Liquors, LLC.""}",,,
BLB-2021-04-01-c047,BLB-2021-04-01,https://www.boston.gov/sites/default/files/file/2021/04/Board%20Voting%20Agenda%204.1.21.pdf,ae72f5790d5f45c77a4bb1b615c159e98fc344b9f8c0c7ed99c1408c8228c353,2021-04-01,13,13,5,"5. DIDELLO, INC. D/B/A: THE WILD DUCK 94 - 96 SALEM ST BOSTON, MA 02113
License #: LB-101961 Holder of a Retail Package Store All Alcoholic Beverages License has
petitioned to transfer the license from the above - To: Wildduck 96 Salem St Inc. (same location).
Jaimini Patel, Manager. Closing hour at 11:00 PM. Lastly, has petitioned to pledge the license
and inventory to Rockland Trust Company. Attorney: John Mooradian
GRANTED",2021-04-01,2021-04-01,LB-101961,LB101961,LB101961,granted,granted,GRANTED,True,True,False,[],reviewed_against_full_candidate_and_source_context,BLB-2021-04-01-c047-transfer,license_transfer,transfer_application_disposition,"DIDELLO, INC.",THE WILD DUCK,Wildduck 96 Salem St Inc.,,"94 - 96 SALEM ST BOSTON, MA 02113","94 - 96 SALEM ST BOSTON, MA 02113",,"{""transferor"": ""DIDELLO, INC."", ""transferee"": ""Wildduck 96 Salem St Inc.""}",,,
BLB-2021-04-01-c047,BLB-2021-04-01,https://www.boston.gov/sites/default/files/file/2021/04/Board%20Voting%20Agenda%204.1.21.pdf,ae72f5790d5f45c77a4bb1b615c159e98fc344b9f8c0c7ed99c1408c8228c353,2021-04-01,13,13,5,"5. DIDELLO, INC. D/B/A: THE WILD DUCK 94 - 96 SALEM ST BOSTON, MA 02113
License #: LB-101961 Holder of a Retail Package Store All Alcoholic Beverages License has
petitioned to transfer the license from the above - To: Wildduck 96 Salem St Inc. (same location).
Jaimini Patel, Manager. Closing hour at 11:00 PM. Lastly, has petitioned to pledge the license
and inventory to Rockland Trust Company. Attorney: John Mooradian
GRANTED",2021-04-01,2021-04-01,LB-101961,LB101961,LB101961,granted,granted,GRANTED,True,True,False,[],reviewed_against_full_candidate_and_source_context,BLB-2021-04-01-c047-pledge,license_pledge,pledge_application_disposition,,,,,"94 - 96 SALEM ST BOSTON, MA 02113",,Rockland Trust Company,"{""licensee"": ""Wildduck 96 Salem St Inc."", ""pledge_recipient"": ""Rockland Trust Company""}",Wildduck 96 Salem St Inc.,,"[""license"", ""inventory""]"
BLB-2021-04-01-c048,BLB-2021-04-01,https://www.boston.gov/sites/default/files/file/2021/04/Board%20Voting%20Agenda%204.1.21.pdf,ae72f5790d5f45c77a4bb1b615c159e98fc344b9f8c0c7ed99c1408c8228c353,2021-04-01,13,13,6,"6. NILKANTH VARNI, LLC D/B/A: RUSTY'S LIQUORS 700 AMERICAN LEGION HWY
ROSLINDALE, MA 02131 License #: LB-101844 Holder of a Retail Package Store
All-Alcoholic Beverages License has petitioned to transfer the license from the above - To:
Kirtan LLC. D/BA/ Rusty’s Liquors (at the same location). Disha K. Patel, Manager. Closing
hour at 11:00 PM. Lastly, has petitioned to pledge the license and inventory to Rockland Trust
Company . Attorney: Thomas T. Truax
GRANTED - CONDITION: NO NIPS; NO SINGLES",2021-04-01,2021-04-01,LB-101844,LB101844,LB101844,granted,granted,GRANTED - CONDITION: NO NIPS; NO SINGLES,True,True,False,[],reviewed_against_full_candidate_and_source_context,BLB-2021-04-01-c048-transfer,license_transfer,transfer_application_disposition,"NILKANTH VARNI, LLC",RUSTY'S LIQUORS,Kirtan LLC.,Rusty’s Liquors,"700 AMERICAN LEGION HWY ROSLINDALE, MA 02131","700 AMERICAN LEGION HWY ROSLINDALE, MA 02131",,"{""transferor"": ""NILKANTH VARNI, LLC"", ""transferee"": ""Kirtan LLC.""}",,,
BLB-2021-04-01-c048,BLB-2021-04-01,https://www.boston.gov/sites/default/files/file/2021/04/Board%20Voting%20Agenda%204.1.21.pdf,ae72f5790d5f45c77a4bb1b615c159e98fc344b9f8c0c7ed99c1408c8228c353,2021-04-01,13,13,6,"6. NILKANTH VARNI, LLC D/B/A: RUSTY'S LIQUORS 700 AMERICAN LEGION HWY
ROSLINDALE, MA 02131 License #: LB-101844 Holder of a Retail Package Store
All-Alcoholic Beverages License has petitioned to transfer the license from the above - To:
Kirtan LLC. D/BA/ Rusty’s Liquors (at the same location). Disha K. Patel, Manager. Closing
hour at 11:00 PM. Lastly, has petitioned to pledge the license and inventory to Rockland Trust
Company . Attorney: Thomas T. Truax
GRANTED - CONDITION: NO NIPS; NO SINGLES",2021-04-01,2021-04-01,LB-101844,LB101844,LB101844,granted,granted,GRANTED - CONDITION: NO NIPS; NO SINGLES,True,True,False,[],reviewed_against_full_candidate_and_source_context,BLB-2021-04-01-c048-pledge,license_pledge,pledge_application_disposition,,,,,"700 AMERICAN LEGION HWY ROSLINDALE, MA 02131",,Rockland Trust Company,"{""licensee"": ""Kirtan LLC."", ""pledge_recipient"": ""Rockland Trust Company""}",Kirtan LLC.,Rusty’s Liquors,"[""license"", ""inventory""]"
BLB-2021-04-08-v1-c013,BLB-2021-04-08-v1,https://www.boston.gov/sites/default/files/file/2021/04/Board%20Voting%20Agenda%204.8.21_0.pdf,133830192dfae30ffbcd6c81c98275f63ec1bbe24e6995c177104f3f0863a5cf,2021-04-08,3,4,12,"12. 1318, INC.
D/B/A: BEST LITTLE RESTAURANT
  13 HUDSON ST
  BOSTON, MA 02111

        License #: LB-99533
        Holder of a Common Victualler 7 Day Wines and Malt Beverages & Liqueurs License
      has petitioned to transfer the license from the
        above – To: New Wings Kitchen Inc. DBA Wings Kitchen (at the same location).
      Xiuling Situ, Manager. 1:00 A.M. Closing
        Hour.
      GRANTED",2021-04-08,2021-04-08,LB-99533,LB99533,LB99533,granted,granted,GRANTED,True,True,False,[],reviewed_against_full_candidate_and_source_context,BLB-2021-04-08-v1-c013-transfer,license_transfer,transfer_application_disposition,"1318, INC.",BEST LITTLE RESTAURANT,New Wings Kitchen Inc.,Wings Kitchen,"13 HUDSON ST BOSTON, MA 02111","13 HUDSON ST BOSTON, MA 02111",,"{""transferor"": ""1318, INC."", ""transferee"": ""New Wings Kitchen Inc.""}",,,
BLB-2021-04-29-c012,BLB-2021-04-29,https://www.boston.gov/sites/default/files/file/2021/05/Board%20Voting%20Agenda%204.29.21.pdf,fa7a6a403495206e3dd0946c8a5cc8da05d88bab6688926cb36c1bbc6cf59f2f,2021-04-29,4,4,5,"5. CHANG XIN GLOBAL CREATIONS CO
D/B/A: BOOTLEG SPECIAL
   400 TREMONT ST
   BOSTON, MA 02116
   License #: LB-167065
   Holder of a Common Victualler 7 Day Wines and Malt Beverages with Liqueurs
License has petitioned to transfer the license and the location from the above – To: Tora
Ramen, Inc. d/b/a Tora Ramen 99 Harrison Ave. Boston MA, 02111. The premises
consist of a ground floor with full kitchen, dining area (seating capacity 16), and two
accessible restrooms, with a loft area for storage and office use. Total square footage is
645 sqft. Hours of operations are Sunday-Thursday 11:00 AM to Midnight, Friday and
Saturday 11:00 AM to 1:00 AM. Patrick Zhong, Manager.
   Attorney: Adam Chu
Granted",2021-04-29,2021-04-29,LB-167065,LB167065,LB167065,granted,granted,Granted,True,True,False,[],reviewed_against_full_candidate_and_source_context,BLB-2021-04-29-c012-transfer,license_transfer,transfer_application_disposition,CHANG XIN GLOBAL CREATIONS CO,BOOTLEG SPECIAL,"Tora Ramen, Inc.",Tora Ramen,"400 TREMONT ST BOSTON, MA 02116","99 Harrison Ave. Boston MA, 02111",,"{""transferor"": ""CHANG XIN GLOBAL CREATIONS CO"", ""transferee"": ""Tora Ramen, Inc.""}",,,
BLB-2021-04-29-c013,BLB-2021-04-29,https://www.boston.gov/sites/default/files/file/2021/05/Board%20Voting%20Agenda%204.29.21.pdf,fa7a6a403495206e3dd0946c8a5cc8da05d88bab6688926cb36c1bbc6cf59f2f,2021-04-29,4,4,7,"7. IN VINO VERITAS BISTRO LLC
D/B/A: LES ZYGOMATES CAFE
   129 SOUTH ST
   BOSTON, MA 02111
   License #: LB-99221
   Holder of a Common Victualler 7 Day All Alcoholic Beverages License has petitioned
to transfer the license and the location from the above – To: Chang Xin Global Creations
Co. d/b/a Bootleg Special 400 Tremont Street Boston MA, 02116. The premises consist
of a 3,540 sf ground floor and 957 sf mezzanine. The ground floor has a fully equipped
commercial kitchen, dining room, bar and three restrooms, two of which are accessible.
Seating capacity, 100. The mezzanine is nonpublic and used for dry storage, utility
systems, and an administrative office. The restaurant has one front entrance and two
exits. Operational hours: Sun-Wed 4PM to 11PM, Thurs and Fri 4PM to 2AM, Sat 10AM
to 2AM, Sun 10AM to 11PM. Stephen Chan, Manager. Lastly, has petitioned to pledge
the license to In Vino Veritas Bistro, LLC.
   Attorney: Adam Chu
Granted",2021-04-29,2021-04-29,LB-99221,LB99221,LB99221,granted,granted,Granted,True,True,False,[],reviewed_against_full_candidate_and_source_context,BLB-2021-04-29-c013-transfer,license_transfer,transfer_application_disposition,IN VINO VERITAS BISTRO LLC,LES ZYGOMATES CAFE,Chang Xin Global Creations Co.,Bootleg Special,"129 SOUTH ST BOSTON, MA 02111","400 Tremont Street Boston MA, 02116",,"{""transferor"": ""IN VINO VERITAS BISTRO LLC"", ""transferee"": ""Chang Xin Global Creations Co.""}",,,
BLB-2021-04-29-c013,BLB-2021-04-29,https://www.boston.gov/sites/default/files/file/2021/05/Board%20Voting%20Agenda%204.29.21.pdf,fa7a6a403495206e3dd0946c8a5cc8da05d88bab6688926cb36c1bbc6cf59f2f,2021-04-29,4,4,7,"7. IN VINO VERITAS BISTRO LLC
D/B/A: LES ZYGOMATES CAFE
   129 SOUTH ST
   BOSTON, MA 02111
   License #: LB-99221
   Holder of a Common Victualler 7 Day All Alcoholic Beverages License has petitioned
to transfer the license and the location from the above – To: Chang Xin Global Creations
Co. d/b/a Bootleg Special 400 Tremont Street Boston MA, 02116. The premises consist
of a 3,540 sf ground floor and 957 sf mezzanine. The ground floor has a fully equipped
commercial kitchen, dining room, bar and three restrooms, two of which are accessible.
Seating capacity, 100. The mezzanine is nonpublic and used for dry storage, utility
systems, and an administrative office. The restaurant has one front entrance and two
exits. Operational hours: Sun-Wed 4PM to 11PM, Thurs and Fri 4PM to 2AM, Sat 10AM
to 2AM, Sun 10AM to 11PM. Stephen Chan, Manager. Lastly, has petitioned to pledge
the license to In Vino Veritas Bistro, LLC.
   Attorney: Adam Chu
Granted",2021-04-29,2021-04-29,LB-99221,LB99221,LB99221,granted,granted,Granted,True,True,False,[],reviewed_against_full_candidate_and_source_context,BLB-2021-04-29-c013-pledge,license_pledge,pledge_application_disposition,,,,,"129 SOUTH ST BOSTON, MA 02111",,"In Vino Veritas Bistro, LLC","{""licensee"": ""Chang Xin Global Creations Co."", ""pledge_recipient"": ""In Vino Veritas Bistro, LLC""}",Chang Xin Global Creations Co.,Bootleg Special,"[""license""]"
BLB-2021-04-29-c014,BLB-2021-04-29,https://www.boston.gov/sites/default/files/file/2021/05/Board%20Voting%20Agenda%204.29.21.pdf,fa7a6a403495206e3dd0946c8a5cc8da05d88bab6688926cb36c1bbc6cf59f2f,2021-04-29,4,4,8,"8. KENTUCKY BEVERAGE CO., INC
D/B/A: CLARENDON WINE CO.
   563 BOYLSTON ST
   BOSTON, MA 02215
   License #: LB-101862
   Holder of a Retail Package Store All Alcoholic Beverages License has petitioned to
transfer the license from the above – To: 563 Boylston Inc. D/B/A Whiskey & Wine Back
Bay (at the same location). Krupa Patel, Manager. 11:00 PM Closing Hour.
   Attorney: William A. Kelley
Granted - no nips",2021-04-29,2021-04-29,LB-101862,LB101862,LB101862,granted,granted,Granted - no nips,True,True,False,[],reviewed_against_full_candidate_and_source_context,BLB-2021-04-29-c014-transfer,license_transfer,transfer_application_disposition,"KENTUCKY BEVERAGE CO., INC",CLARENDON WINE CO.,563 Boylston Inc.,Whiskey & Wine Back Bay,"563 BOYLSTON ST BOSTON, MA 02215","563 BOYLSTON ST BOSTON, MA 02215",,"{""transferor"": ""KENTUCKY BEVERAGE CO., INC"", ""transferee"": ""563 Boylston Inc.""}",,,
BLB-2021-04-29-c015,BLB-2021-04-29,https://www.boston.gov/sites/default/files/file/2021/05/Board%20Voting%20Agenda%204.29.21.pdf,fa7a6a403495206e3dd0946c8a5cc8da05d88bab6688926cb36c1bbc6cf59f2f,2021-04-29,4,5,9,"9. Legal Sea Food, LLC
D/B/A:
   LOGAN AIRPORT, TERMINAL B
   EAST BOSTON, MA 02128
   License #: LB-106825
   Holder of an (Airport) Common Victualler 7 Day All Alcoholic Beverages License has

petitioned to transfer the license from the above To: LSF Logan Airport, LLC d/b/a Legal
Sea Foods (at the same location). Leonardo F. Leite, Manager. Closing hour 2:00 AM.
Secondly, has petitioned to Pledge the License to Northern Bank & Trust Company.
  Attorney: Patricia L. Farnsworth


Granted",2021-04-29,2021-04-29,LB-106825,LB106825,LB106825,granted,granted,Granted,True,True,False,[],reviewed_against_full_candidate_and_source_context,BLB-2021-04-29-c015-transfer,license_transfer,transfer_application_disposition,"Legal Sea Food, LLC",,"LSF Logan Airport, LLC",Legal Sea Foods,"LOGAN AIRPORT, TERMINAL B EAST BOSTON, MA 02128","LOGAN AIRPORT, TERMINAL B EAST BOSTON, MA 02128",,"{""transferor"": ""Legal Sea Food, LLC"", ""transferee"": ""LSF Logan Airport, LLC""}",,,
BLB-2021-04-29-c015,BLB-2021-04-29,https://www.boston.gov/sites/default/files/file/2021/05/Board%20Voting%20Agenda%204.29.21.pdf,fa7a6a403495206e3dd0946c8a5cc8da05d88bab6688926cb36c1bbc6cf59f2f,2021-04-29,4,5,9,"9. Legal Sea Food, LLC
D/B/A:
   LOGAN AIRPORT, TERMINAL B
   EAST BOSTON, MA 02128
   License #: LB-106825
   Holder of an (Airport) Common Victualler 7 Day All Alcoholic Beverages License has

petitioned to transfer the license from the above To: LSF Logan Airport, LLC d/b/a Legal
Sea Foods (at the same location). Leonardo F. Leite, Manager. Closing hour 2:00 AM.
Secondly, has petitioned to Pledge the License to Northern Bank & Trust Company.
  Attorney: Patricia L. Farnsworth


Granted",2021-04-29,2021-04-29,LB-106825,LB106825,LB106825,granted,granted,Granted,True,True,False,[],reviewed_against_full_candidate_and_source_context,BLB-2021-04-29-c015-pledge,license_pledge,pledge_application_disposition,,,,,"LOGAN AIRPORT, TERMINAL B EAST BOSTON, MA 02128",,Northern Bank & Trust Company,"{""licensee"": ""LSF Logan Airport, LLC"", ""pledge_recipient"": ""Northern Bank & Trust Company""}","LSF Logan Airport, LLC",Legal Sea Foods,"[""license""]"
BLB-2021-04-29-c016,BLB-2021-04-29,https://www.boston.gov/sites/default/files/file/2021/05/Board%20Voting%20Agenda%204.29.21.pdf,fa7a6a403495206e3dd0946c8a5cc8da05d88bab6688926cb36c1bbc6cf59f2f,2021-04-29,5,5,10,"10. Legal Sea Foods LLC
D/B/A: LEGAL TEST KITCHEN
  LOGAN AIRPORT F 2 TERMINAL A
  EAST BOSTON, MA 02128
  License #: LB-123506
  Holder of an (Airport) Common Victualler 7 Day All Alcoholic Beverages License has
petitioned to transfer the license from the above - To: LSF Logan Airport, LLC d/b/a
Legal Test Kitchen (at the same location). Leonardo F. Leite, Manager. Closing hour
2:00 AM. Secondly, has petitioned to Pledge the License to Northern Bank & Trust
Company.
  Attorney: Patricia L. Farnsworth
Granted",2021-04-29,2021-04-29,LB-123506,LB123506,LB123506,granted,granted,Granted,True,True,False,[],reviewed_against_full_candidate_and_source_context,BLB-2021-04-29-c016-transfer,license_transfer,transfer_application_disposition,Legal Sea Foods LLC,LEGAL TEST KITCHEN,"LSF Logan Airport, LLC",Legal Test Kitchen,"LOGAN AIRPORT F 2 TERMINAL A EAST BOSTON, MA 02128","LOGAN AIRPORT F 2 TERMINAL A EAST BOSTON, MA 02128",,"{""transferor"": ""Legal Sea Foods LLC"", ""transferee"": ""LSF Logan Airport, LLC""}",,,
BLB-2021-04-29-c016,BLB-2021-04-29,https://www.boston.gov/sites/default/files/file/2021/05/Board%20Voting%20Agenda%204.29.21.pdf,fa7a6a403495206e3dd0946c8a5cc8da05d88bab6688926cb36c1bbc6cf59f2f,2021-04-29,5,5,10,"10. Legal Sea Foods LLC
D/B/A: LEGAL TEST KITCHEN
  LOGAN AIRPORT F 2 TERMINAL A
  EAST BOSTON, MA 02128
  License #: LB-123506
  Holder of an (Airport) Common Victualler 7 Day All Alcoholic Beverages License has
petitioned to transfer the license from the above - To: LSF Logan Airport, LLC d/b/a
Legal Test Kitchen (at the same location). Leonardo F. Leite, Manager. Closing hour
2:00 AM. Secondly, has petitioned to Pledge the License to Northern Bank & Trust
Company.
  Attorney: Patricia L. Farnsworth
Granted",2021-04-29,2021-04-29,LB-123506,LB123506,LB123506,granted,granted,Granted,True,True,False,[],reviewed_against_full_candidate_and_source_context,BLB-2021-04-29-c016-pledge,license_pledge,pledge_application_disposition,,,,,"LOGAN AIRPORT F 2 TERMINAL A EAST BOSTON, MA 02128",,Northern Bank & Trust Company,"{""licensee"": ""LSF Logan Airport, LLC"", ""pledge_recipient"": ""Northern Bank & Trust Company""}","LSF Logan Airport, LLC",Legal Test Kitchen,"[""license""]"
BLB-2021-04-29-c017,BLB-2021-04-29,https://www.boston.gov/sites/default/files/file/2021/05/Board%20Voting%20Agenda%204.29.21.pdf,fa7a6a403495206e3dd0946c8a5cc8da05d88bab6688926cb36c1bbc6cf59f2f,2021-04-29,5,5,11,"11. Legal Sea Foods, LLC
D/B/A: Legal Sea Foods
  LOGAN AIRPORT, TERMINAL E
  EAST BOSTON, MA 02128
  License #: LB-318030
  Holder of an (Airport) Common Victualler 7 Day All Alcoholic Beverages License has
petitioned to transfer the license from the above - To: LSF Logan Airport, LLC d/b/a
Legal Sea Food (at the same location). Leonardo F. Leite, Manager. Closing hour 2:00
AM. Secondly, has petitioned to Pledge the License to Northern Bank & Trust Company.
  Attorney: Patricia L. Farnsworth
Granted",2021-04-29,2021-04-29,LB-318030,LB318030,LB318030,granted,granted,Granted,True,True,False,[],reviewed_against_full_candidate_and_source_context,BLB-2021-04-29-c017-transfer,license_transfer,transfer_application_disposition,"Legal Sea Foods, LLC",Legal Sea Foods,"LSF Logan Airport, LLC",Legal Sea Food,"LOGAN AIRPORT, TERMINAL E EAST BOSTON, MA 02128","LOGAN AIRPORT, TERMINAL E EAST BOSTON, MA 02128",,"{""transferor"": ""Legal Sea Foods, LLC"", ""transferee"": ""LSF Logan Airport, LLC""}",,,
BLB-2021-04-29-c017,BLB-2021-04-29,https://www.boston.gov/sites/default/files/file/2021/05/Board%20Voting%20Agenda%204.29.21.pdf,fa7a6a403495206e3dd0946c8a5cc8da05d88bab6688926cb36c1bbc6cf59f2f,2021-04-29,5,5,11,"11. Legal Sea Foods, LLC
D/B/A: Legal Sea Foods
  LOGAN AIRPORT, TERMINAL E
  EAST BOSTON, MA 02128
  License #: LB-318030
  Holder of an (Airport) Common Victualler 7 Day All Alcoholic Beverages License has
petitioned to transfer the license from the above - To: LSF Logan Airport, LLC d/b/a
Legal Sea Food (at the same location). Leonardo F. Leite, Manager. Closing hour 2:00
AM. Secondly, has petitioned to Pledge the License to Northern Bank & Trust Company.
  Attorney: Patricia L. Farnsworth
Granted",2021-04-29,2021-04-29,LB-318030,LB318030,LB318030,granted,granted,Granted,True,True,False,[],reviewed_against_full_candidate_and_source_context,BLB-2021-04-29-c017-pledge,license_pledge,pledge_application_disposition,,,,,"LOGAN AIRPORT, TERMINAL E EAST BOSTON, MA 02128",,Northern Bank & Trust Company,"{""licensee"": ""LSF Logan Airport, LLC"", ""pledge_recipient"": ""Northern Bank & Trust Company""}","LSF Logan Airport, LLC",Legal Sea Food,"[""license""]"
BLB-2021-04-29-c018,BLB-2021-04-29,https://www.boston.gov/sites/default/files/file/2021/05/Board%20Voting%20Agenda%204.29.21.pdf,fa7a6a403495206e3dd0946c8a5cc8da05d88bab6688926cb36c1bbc6cf59f2f,2021-04-29,5,5,12,"12. LEGAL SEA FOODS, LLC
D/B/A: LEGAL SEA FOODS
        LOGAN AIRPORT, TERMINAL C
  EAST BOSTON, MA 02128
  License #: LB-98873
  Holder of an (Airport) Common Victualler 7 Day All Alcoholic Beverages License has
petitioned to transfer the license from the above - To: LSF Logan Airport, LLC d/b/a
Legal Sea Foods (at the same location). Leonardo F. Leite, Manager. Closing hour 2:00
AM. Secondly, has petitioned to Pledge the License to Northern Bank & Trust Company.
  Attorney: Patricia L. Farnsworth
 Granted",2021-04-29,2021-04-29,LB-98873,LB98873,LB98873,granted,granted,Granted,True,True,False,[],reviewed_against_full_candidate_and_source_context,BLB-2021-04-29-c018-transfer,license_transfer,transfer_application_disposition,"LEGAL SEA FOODS, LLC",LEGAL SEA FOODS,"LSF Logan Airport, LLC",Legal Sea Foods,"LOGAN AIRPORT, TERMINAL C EAST BOSTON, MA 02128","LOGAN AIRPORT, TERMINAL C EAST BOSTON, MA 02128",,"{""transferor"": ""LEGAL SEA FOODS, LLC"", ""transferee"": ""LSF Logan Airport, LLC""}",,,
BLB-2021-04-29-c018,BLB-2021-04-29,https://www.boston.gov/sites/default/files/file/2021/05/Board%20Voting%20Agenda%204.29.21.pdf,fa7a6a403495206e3dd0946c8a5cc8da05d88bab6688926cb36c1bbc6cf59f2f,2021-04-29,5,5,12,"12. LEGAL SEA FOODS, LLC
D/B/A: LEGAL SEA FOODS
        LOGAN AIRPORT, TERMINAL C
  EAST BOSTON, MA 02128
  License #: LB-98873
  Holder of an (Airport) Common Victualler 7 Day All Alcoholic Beverages License has
petitioned to transfer the license from the above - To: LSF Logan Airport, LLC d/b/a
Legal Sea Foods (at the same location). Leonardo F. Leite, Manager. Closing hour 2:00
AM. Secondly, has petitioned to Pledge the License to Northern Bank & Trust Company.
  Attorney: Patricia L. Farnsworth
 Granted",2021-04-29,2021-04-29,LB-98873,LB98873,LB98873,granted,granted,Granted,True,True,False,[],reviewed_against_full_candidate_and_source_context,BLB-2021-04-29-c018-pledge,license_pledge,pledge_application_disposition,,,,,"LOGAN AIRPORT, TERMINAL C EAST BOSTON, MA 02128",,Northern Bank & Trust Company,"{""licensee"": ""LSF Logan Airport, LLC"", ""pledge_recipient"": ""Northern Bank & Trust Company""}","LSF Logan Airport, LLC",Legal Sea Foods,"[""license""]"
BLB-2021-04-29-c019,BLB-2021-04-29,https://www.boston.gov/sites/default/files/file/2021/05/Board%20Voting%20Agenda%204.29.21.pdf,fa7a6a403495206e3dd0946c8a5cc8da05d88bab6688926cb36c1bbc6cf59f2f,2021-04-29,5,6,13,"13. LEGAL SEA FOODS, LLC
D/B/A: LEGAL SEA FOODS
      LOGAN AIRPORT, TERMINAL B
  EAST BOSTON, MA 02128
  License #: LB-126408

  Holder of an (Airport) Common Victualler 7 Day All Alcoholic Beverages License has
petitioned to transfer the license from the above - To: LSF Logan Airport, LLC d/b/a
Legal Sea Foods (at the same location). Leonardo F. Leite, Manager. Closing hour 2:00
AM. Secondly, has petitioned to Pledge the License to Northern Bank & Trust Company.
  Attorney: Patricia L. Farnsworth
Granted",2021-04-29,2021-04-29,LB-126408,LB126408,LB126408,granted,granted,Granted,True,True,False,[],reviewed_against_full_candidate_and_source_context,BLB-2021-04-29-c019-transfer,license_transfer,transfer_application_disposition,"LEGAL SEA FOODS, LLC",LEGAL SEA FOODS,"LSF Logan Airport, LLC",Legal Sea Foods,"LOGAN AIRPORT, TERMINAL B EAST BOSTON, MA 02128","LOGAN AIRPORT, TERMINAL B EAST BOSTON, MA 02128",,"{""transferor"": ""LEGAL SEA FOODS, LLC"", ""transferee"": ""LSF Logan Airport, LLC""}",,,
BLB-2021-04-29-c019,BLB-2021-04-29,https://www.boston.gov/sites/default/files/file/2021/05/Board%20Voting%20Agenda%204.29.21.pdf,fa7a6a403495206e3dd0946c8a5cc8da05d88bab6688926cb36c1bbc6cf59f2f,2021-04-29,5,6,13,"13. LEGAL SEA FOODS, LLC
D/B/A: LEGAL SEA FOODS
      LOGAN AIRPORT, TERMINAL B
  EAST BOSTON, MA 02128
  License #: LB-126408

  Holder of an (Airport) Common Victualler 7 Day All Alcoholic Beverages License has
petitioned to transfer the license from the above - To: LSF Logan Airport, LLC d/b/a
Legal Sea Foods (at the same location). Leonardo F. Leite, Manager. Closing hour 2:00
AM. Secondly, has petitioned to Pledge the License to Northern Bank & Trust Company.
  Attorney: Patricia L. Farnsworth
Granted",2021-04-29,2021-04-29,LB-126408,LB126408,LB126408,granted,granted,Granted,True,True,False,[],reviewed_against_full_candidate_and_source_context,BLB-2021-04-29-c019-pledge,license_pledge,pledge_application_disposition,,,,,"LOGAN AIRPORT, TERMINAL B EAST BOSTON, MA 02128",,Northern Bank & Trust Company,"{""licensee"": ""LSF Logan Airport, LLC"", ""pledge_recipient"": ""Northern Bank & Trust Company""}","LSF Logan Airport, LLC",Legal Sea Foods,"[""license""]"
BLB-2021-04-29-c020,BLB-2021-04-29,https://www.boston.gov/sites/default/files/file/2021/05/Board%20Voting%20Agenda%204.29.21.pdf,fa7a6a403495206e3dd0946c8a5cc8da05d88bab6688926cb36c1bbc6cf59f2f,2021-04-29,6,6,14,"14. LEGAL SEA FOODS, LLC
D/B/A: LEGAL HARBORSIDE
   270 NORTHERN AVE
   BOSTON, MA 02210
   License #: LB-99184
   Holder of a Common Victualler 7 Day All Alcoholic Beverages License has petitioned
to transfer the license from the above -To: LSF Harborside, LLC d/b/a Legal Sea Foods
(at the same location). Joanna K. ShalekBriski, Manager. Closing hour 2:00 AM.
Secondly, has petitioned to Pledge the License to Northern Bank & Trust Company.
   Attorney: Patricia L. Farnsworth
Granted",2021-04-29,2021-04-29,LB-99184,LB99184,LB99184,granted,granted,Granted,True,True,False,[],reviewed_against_full_candidate_and_source_context,BLB-2021-04-29-c020-transfer,license_transfer,transfer_application_disposition,"LEGAL SEA FOODS, LLC",LEGAL HARBORSIDE,"LSF Harborside, LLC",Legal Sea Foods,"270 NORTHERN AVE BOSTON, MA 02210","270 NORTHERN AVE BOSTON, MA 02210",,"{""transferor"": ""LEGAL SEA FOODS, LLC"", ""transferee"": ""LSF Harborside, LLC""}",,,
BLB-2021-04-29-c020,BLB-2021-04-29,https://www.boston.gov/sites/default/files/file/2021/05/Board%20Voting%20Agenda%204.29.21.pdf,fa7a6a403495206e3dd0946c8a5cc8da05d88bab6688926cb36c1bbc6cf59f2f,2021-04-29,6,6,14,"14. LEGAL SEA FOODS, LLC
D/B/A: LEGAL HARBORSIDE
   270 NORTHERN AVE
   BOSTON, MA 02210
   License #: LB-99184
   Holder of a Common Victualler 7 Day All Alcoholic Beverages License has petitioned
to transfer the license from the above -To: LSF Harborside, LLC d/b/a Legal Sea Foods
(at the same location). Joanna K. ShalekBriski, Manager. Closing hour 2:00 AM.
Secondly, has petitioned to Pledge the License to Northern Bank & Trust Company.
   Attorney: Patricia L. Farnsworth
Granted",2021-04-29,2021-04-29,LB-99184,LB99184,LB99184,granted,granted,Granted,True,True,False,[],reviewed_against_full_candidate_and_source_context,BLB-2021-04-29-c020-pledge,license_pledge,pledge_application_disposition,,,,,"270 NORTHERN AVE BOSTON, MA 02210",,Northern Bank & Trust Company,"{""licensee"": ""LSF Harborside, LLC"", ""pledge_recipient"": ""Northern Bank & Trust Company""}","LSF Harborside, LLC",Legal Sea Foods,"[""license""]"
BLB-2021-04-29-c021,BLB-2021-04-29,https://www.boston.gov/sites/default/files/file/2021/05/Board%20Voting%20Agenda%204.29.21.pdf,fa7a6a403495206e3dd0946c8a5cc8da05d88bab6688926cb36c1bbc6cf59f2f,2021-04-29,6,6,15,"15. LEGAL SEA FOODS, LLC
D/B/A: LEGAL SEA FOODS
   100 HUNTINGTON AVE
   BOSTON, MA 02116
   License #: LB-99091
   Holder of a Common Victualler 7 Day All Alcoholic Beverages License has petitioned
to transfer the license from the above - To: LSF Copley Square, LLC d/b/a Legal Sea
Foods (at the same location). Sean P. Donnelly, Manager. Closing hour 2:00 AM.
Secondly, has petitioned to Pledge the License to Northern Bank & Trust Company.
   Attorney: Patricia L. Farnsworth
Granted",2021-04-29,2021-04-29,LB-99091,LB99091,LB99091,granted,granted,Granted,True,True,False,[],reviewed_against_full_candidate_and_source_context,BLB-2021-04-29-c021-transfer,license_transfer,transfer_application_disposition,"LEGAL SEA FOODS, LLC",LEGAL SEA FOODS,"LSF Copley Square, LLC",Legal Sea Foods,"100 HUNTINGTON AVE BOSTON, MA 02116","100 HUNTINGTON AVE BOSTON, MA 02116",,"{""transferor"": ""LEGAL SEA FOODS, LLC"", ""transferee"": ""LSF Copley Square, LLC""}",,,
BLB-2021-04-29-c021,BLB-2021-04-29,https://www.boston.gov/sites/default/files/file/2021/05/Board%20Voting%20Agenda%204.29.21.pdf,fa7a6a403495206e3dd0946c8a5cc8da05d88bab6688926cb36c1bbc6cf59f2f,2021-04-29,6,6,15,"15. LEGAL SEA FOODS, LLC
D/B/A: LEGAL SEA FOODS
   100 HUNTINGTON AVE
   BOSTON, MA 02116
   License #: LB-99091
   Holder of a Common Victualler 7 Day All Alcoholic Beverages License has petitioned
to transfer the license from the above - To: LSF Copley Square, LLC d/b/a Legal Sea
Foods (at the same location). Sean P. Donnelly, Manager. Closing hour 2:00 AM.
Secondly, has petitioned to Pledge the License to Northern Bank & Trust Company.
   Attorney: Patricia L. Farnsworth
Granted",2021-04-29,2021-04-29,LB-99091,LB99091,LB99091,granted,granted,Granted,True,True,False,[],reviewed_against_full_candidate_and_source_context,BLB-2021-04-29-c021-pledge,license_pledge,pledge_application_disposition,,,,,"100 HUNTINGTON AVE BOSTON, MA 02116",,Northern Bank & Trust Company,"{""licensee"": ""LSF Copley Square, LLC"", ""pledge_recipient"": ""Northern Bank & Trust Company""}","LSF Copley Square, LLC",Legal Sea Foods,"[""license""]"
BLB-2021-04-29-c022,BLB-2021-04-29,https://www.boston.gov/sites/default/files/file/2021/05/Board%20Voting%20Agenda%204.29.21.pdf,fa7a6a403495206e3dd0946c8a5cc8da05d88bab6688926cb36c1bbc6cf59f2f,2021-04-29,6,6,16,"16. LEGAL SEA FOODS, LLC
D/B/A: LEGAL SEA FOODS
   255 STATE ST
   BOSTON, MA 02109
   License #: LB-98916
   Holder of a Common Victualler 7 Day All Alcoholic Beverages License has petitioned
to transfer the license from the above - To: LSF Long Wharf, LLC d/b/a Legal Sea Foods
(at the same location). Thomas Lowry, Manager. Closing hour 2:00 AM. Secondly, has
petitioned to Pledge the License to Northern Bank & Trust Company.
   Attorney: Patricia L. Farnsworth
Granted",2021-04-29,2021-04-29,LB-98916,LB98916,LB98916,granted,granted,Granted,True,True,False,[],reviewed_against_full_candidate_and_source_context,BLB-2021-04-29-c022-transfer,license_transfer,transfer_application_disposition,"LEGAL SEA FOODS, LLC",LEGAL SEA FOODS,"LSF Long Wharf, LLC",Legal Sea Foods,"255 STATE ST BOSTON, MA 02109","255 STATE ST BOSTON, MA 02109",,"{""transferor"": ""LEGAL SEA FOODS, LLC"", ""transferee"": ""LSF Long Wharf, LLC""}",,,
BLB-2021-04-29-c022,BLB-2021-04-29,https://www.boston.gov/sites/default/files/file/2021/05/Board%20Voting%20Agenda%204.29.21.pdf,fa7a6a403495206e3dd0946c8a5cc8da05d88bab6688926cb36c1bbc6cf59f2f,2021-04-29,6,6,16,"16. LEGAL SEA FOODS, LLC
D/B/A: LEGAL SEA FOODS
   255 STATE ST
   BOSTON, MA 02109
   License #: LB-98916
   Holder of a Common Victualler 7 Day All Alcoholic Beverages License has petitioned
to transfer the license from the above - To: LSF Long Wharf, LLC d/b/a Legal Sea Foods
(at the same location). Thomas Lowry, Manager. Closing hour 2:00 AM. Secondly, has
petitioned to Pledge the License to Northern Bank & Trust Company.
   Attorney: Patricia L. Farnsworth
Granted",2021-04-29,2021-04-29,LB-98916,LB98916,LB98916,granted,granted,Granted,True,True,False,[],reviewed_against_full_candidate_and_source_context,BLB-2021-04-29-c022-pledge,license_pledge,pledge_application_disposition,,,,,"255 STATE ST BOSTON, MA 02109",,Northern Bank & Trust Company,"{""licensee"": ""LSF Long Wharf, LLC"", ""pledge_recipient"": ""Northern Bank & Trust Company""}","LSF Long Wharf, LLC",Legal Sea Foods,"[""license""]"
BLB-2021-04-29-c023,BLB-2021-04-29,https://www.boston.gov/sites/default/files/file/2021/05/Board%20Voting%20Agenda%204.29.21.pdf,fa7a6a403495206e3dd0946c8a5cc8da05d88bab6688926cb36c1bbc6cf59f2f,2021-04-29,6,7,17,"17. LEGAL SEA FOODS, LLC
D/B/A: LEGAL CROSSING or LX
   558 WASHINGTON ST
   BOSTON, MA 02111
   License #: LB-98915
   Holder of a Common Victualler 7 Day All Alcoholic Beverages License has petitioned
to transfer the license from the above - To: LSF Legal Crossing, LLC d/b/a Legal

Crossing or LX (at the same location). Maura Cavanaugh Daniel, Manager. Closing hour
2:00 AM. Secondly, has petitioned to Pledge the License to Northern Bank & Trust
Company.
  Attorney: Patricia L. Farnsworth
Granted",2021-04-29,2021-04-29,LB-98915,LB98915,LB98915,granted,granted,Granted,True,True,False,[],reviewed_against_full_candidate_and_source_context,BLB-2021-04-29-c023-transfer,license_transfer,transfer_application_disposition,"LEGAL SEA FOODS, LLC",LEGAL CROSSING or LX,"LSF Legal Crossing, LLC",Legal Crossing or LX,"558 WASHINGTON ST BOSTON, MA 02111","558 WASHINGTON ST BOSTON, MA 02111",,"{""transferor"": ""LEGAL SEA FOODS, LLC"", ""transferee"": ""LSF Legal Crossing, LLC""}",,,
BLB-2021-04-29-c023,BLB-2021-04-29,https://www.boston.gov/sites/default/files/file/2021/05/Board%20Voting%20Agenda%204.29.21.pdf,fa7a6a403495206e3dd0946c8a5cc8da05d88bab6688926cb36c1bbc6cf59f2f,2021-04-29,6,7,17,"17. LEGAL SEA FOODS, LLC
D/B/A: LEGAL CROSSING or LX
   558 WASHINGTON ST
   BOSTON, MA 02111
   License #: LB-98915
   Holder of a Common Victualler 7 Day All Alcoholic Beverages License has petitioned
to transfer the license from the above - To: LSF Legal Crossing, LLC d/b/a Legal

Crossing or LX (at the same location). Maura Cavanaugh Daniel, Manager. Closing hour
2:00 AM. Secondly, has petitioned to Pledge the License to Northern Bank & Trust
Company.
  Attorney: Patricia L. Farnsworth
Granted",2021-04-29,2021-04-29,LB-98915,LB98915,LB98915,granted,granted,Granted,True,True,False,[],reviewed_against_full_candidate_and_source_context,BLB-2021-04-29-c023-pledge,license_pledge,pledge_application_disposition,,,,,"558 WASHINGTON ST BOSTON, MA 02111",,Northern Bank & Trust Company,"{""licensee"": ""LSF Legal Crossing, LLC"", ""pledge_recipient"": ""Northern Bank & Trust Company""}","LSF Legal Crossing, LLC",Legal Crossing or LX,"[""license""]"
BLB-2021-04-29-c024,BLB-2021-04-29,https://www.boston.gov/sites/default/files/file/2021/05/Board%20Voting%20Agenda%204.29.21.pdf,fa7a6a403495206e3dd0946c8a5cc8da05d88bab6688926cb36c1bbc6cf59f2f,2021-04-29,7,7,18,"18. BKW PARTNERS, INC.
D/B/A: CONOR LARKIN'S
   329 HUNTINGTON AVE
   BOSTON, MA 02115
   License #: LB-99766
   Holder of a Common Victualler 7 Day Wines and Malt Beverages with Liqueurs
License has petitioned to transfer the license and the location from the above – To:
Teetotal, LLC d/b/a Beacon Hill Books & Cafe 71 Charles Street Boston, MA, 02114.
The premises consist of one large room on ground floor comprised of café space with
dining area and banquet seating (30), service counter and kitchen located in rear (3,822
sf), and annual outdoor patio located on private property at rear of the building with
seating for approximately 15 patrons. Indoor and outdoor closing hour 10:00 PM. Melissa
Fetter, Manager.
   Attorney: Dennis A. Quilty
Granted",2021-04-29,2021-04-29,LB-99766,LB99766,LB99766,granted,granted,Granted,True,True,False,[],reviewed_against_full_candidate_and_source_context,BLB-2021-04-29-c024-transfer,license_transfer,transfer_application_disposition,"BKW PARTNERS, INC.",CONOR LARKIN'S,"Teetotal, LLC",Beacon Hill Books & Cafe,"329 HUNTINGTON AVE BOSTON, MA 02115","71 Charles Street Boston, MA, 02114",,"{""transferor"": ""BKW PARTNERS, INC."", ""transferee"": ""Teetotal, LLC""}",,,
BLB-2021-04-29-c025,BLB-2021-04-29,https://www.boston.gov/sites/default/files/file/2021/05/Board%20Voting%20Agenda%204.29.21.pdf,fa7a6a403495206e3dd0946c8a5cc8da05d88bab6688926cb36c1bbc6cf59f2f,2021-04-29,7,7,19,"19. KERASOTES SHOWPLACE THEATRES,LLC
D/B/A: SHOWPLACE ICON
   0 BLOCK C SEAPORT SQ (60 Seaport Blvd)
   BOSTON, MA 02210
   License #: LB-98958
   Holder of a Common Victualler 7 Day All Alcoholic Beverages License has petitioned
to transfer the license from the above - To: Theater License Holding LLC (at the same
location). Richard A. Marks, Manager. Closing hour 2:00 AM.
   Attorney: Dennis A. Quilty
Granted",2021-04-29,2021-04-29,LB-98958,LB98958,LB98958,granted,granted,Granted,True,True,False,[],reviewed_against_full_candidate_and_source_context,BLB-2021-04-29-c025-transfer,license_transfer,transfer_application_disposition,"KERASOTES SHOWPLACE THEATRES,LLC",SHOWPLACE ICON,Theater License Holding LLC,,"0 BLOCK C SEAPORT SQ (60 Seaport Blvd) BOSTON, MA 02210","0 BLOCK C SEAPORT SQ (60 Seaport Blvd) BOSTON, MA 02210",,"{""transferor"": ""KERASOTES SHOWPLACE THEATRES,LLC"", ""transferee"": ""Theater License Holding LLC""}",,,
BLB-2021-04-29-c026,BLB-2021-04-29,https://www.boston.gov/sites/default/files/file/2021/05/Board%20Voting%20Agenda%204.29.21.pdf,fa7a6a403495206e3dd0946c8a5cc8da05d88bab6688926cb36c1bbc6cf59f2f,2021-04-29,7,7,20,"20. PAINTED HOUSE LLC
D/B/A: WONDER BAR
   178 188 HARVARD AVE
   ALLSTON, MA 02134
   License #: LB-99093
   Holder of a Common Victualler 7 Day All Alcoholic Beverages License has petitioned
to transfer the license from the above - To: 186 Harvard Ave Bar LLC d/b/a HAN (at the
same location). Henry Wong, Manager. Closing hour 2:00 AM.
   Attorney: Dennis A. Quilty
Granted",2021-04-29,2021-04-29,LB-99093,LB99093,LB99093,granted,granted,Granted,True,True,False,[],reviewed_against_full_candidate_and_source_context,BLB-2021-04-29-c026-transfer,license_transfer,transfer_application_disposition,PAINTED HOUSE LLC,WONDER BAR,186 Harvard Ave Bar LLC,HAN,"178 188 HARVARD AVE ALLSTON, MA 02134","178 188 HARVARD AVE ALLSTON, MA 02134",,"{""transferor"": ""PAINTED HOUSE LLC"", ""transferee"": ""186 Harvard Ave Bar LLC""}",,,
BLB-2021-04-29-c027,BLB-2021-04-29,https://www.boston.gov/sites/default/files/file/2021/05/Board%20Voting%20Agenda%204.29.21.pdf,fa7a6a403495206e3dd0946c8a5cc8da05d88bab6688926cb36c1bbc6cf59f2f,2021-04-29,7,8,21,"21. BOSTON CULINARY GROUP, INC.
D/B/A: CENTERPLATE
  290 NORTHERN AVE
  BOSTON, MA 02210
  License #: LB-99522
  Holder of a Common Victualler 7 Day Wines and Malt Beverages with Liqueurs

      License has petitioned to transfer the license and the location from the above – To: The
      Balance Patch 1031, Inc. d/b/a Balance Patch; 1031 Commonwealth Avenue Boston,
      MA, 02215. The premises consist of one large room on ground floor with video game
      stations, dining and café area with kitchen and bar, storage and office space, restrooms in
      hear; separate event space and three private gaming rooms. Total sf 6,357 with a seating
      capacity of 112. Closing hour 2:00 AM. Peter Lind, Manager.
         Attorney: Dennis A. Quilty
      Granted",2021-04-29,2021-04-29,LB-99522,LB99522,LB99522,granted,granted,Granted,True,True,False,[],reviewed_against_full_candidate_and_source_context,BLB-2021-04-29-c027-transfer,license_transfer,transfer_application_disposition,"BOSTON CULINARY GROUP, INC.",CENTERPLATE,"The Balance Patch 1031, Inc.",Balance Patch,"290 NORTHERN AVE BOSTON, MA 02210","1031 Commonwealth Avenue Boston, MA, 02215",,"{""transferor"": ""BOSTON CULINARY GROUP, INC."", ""transferee"": ""The Balance Patch 1031, Inc.""}",,,
BLB-2021-05-06-c006,BLB-2021-05-06,https://www.boston.gov/sites/default/files/file/2021/05/Board%27s%20Voting%20Agenda%205.6.21_0.pdf,42745310e43ed14a61babd15ed8043d2e6a037eac8565c9c8b44a15c2de5b9b2,2021-05-06,2,2,5,"5. CALLEJAS, INC.
          D/B/A: LA HACIENDA
         144 150 MERIDIAN ST
         EAST BOSTON, MA 02128
         License #: LB-98894
         Holder of a Common Victualler 7 Day All Alcoholic Beverages License has petitioned
      to transfer the license from the above- To: AM Callejas LLC d/b/a La Hacienda
      Restaurant & Bar (at the same location). Aldo A Callejas, Manager. 2:00 AM Closing
      Hour.
         Attorney: John S. Day
Granted",2021-05-06,2021-05-06,LB-98894,LB98894,LB98894,granted,granted,Granted,True,True,False,[],reviewed_against_full_candidate_and_source_context,BLB-2021-05-06-c006-transfer,license_transfer,transfer_application_disposition,"CALLEJAS, INC.",LA HACIENDA,AM Callejas LLC,La Hacienda Restaurant & Bar,"144 150 MERIDIAN ST EAST BOSTON, MA 02128","144 150 MERIDIAN ST EAST BOSTON, MA 02128",,"{""transferor"": ""CALLEJAS, INC."", ""transferee"": ""AM Callejas LLC""}",,,
BLB-2021-05-06-c007,BLB-2021-05-06,https://www.boston.gov/sites/default/files/file/2021/05/Board%27s%20Voting%20Agenda%205.6.21_0.pdf,42745310e43ed14a61babd15ed8043d2e6a037eac8565c9c8b44a15c2de5b9b2,2021-05-06,2,2,6,"6. Pivo Ne Vino LLC
         D/B/A: Fenway Beer Shop
         98 VAN NESS ST
         BOSTON, MA 02215
         License #: LB-145840
         Holder of a Retail Package Store All Alcoholic Beverages License has petitioned to
      transfer the license from the above - To: Fenway Beer & Wine Corporation d/b/a Fenway
      Beer Shop (at the same location). Kevinn Leng, Manager. Closing hour at 11:00 PM.
      Lastly, has petitioned to pledge the license, inventory, and stock to Newburyport Bank.
         Attorney: Nelson C. Chang
Deferred",2021-05-06,2021-05-06,LB-145840,LB145840,LB145840,deferred,deferred,Deferred,False,True,False,[],reviewed_against_full_candidate_and_source_context,BLB-2021-05-06-c007-transfer,license_transfer,transfer_application_disposition,Pivo Ne Vino LLC,Fenway Beer Shop,Fenway Beer & Wine Corporation,Fenway Beer Shop,"98 VAN NESS ST BOSTON, MA 02215","98 VAN NESS ST BOSTON, MA 02215",,"{""transferor"": ""Pivo Ne Vino LLC"", ""transferee"": ""Fenway Beer & Wine Corporation""}",,,
BLB-2021-05-06-c007,BLB-2021-05-06,https://www.boston.gov/sites/default/files/file/2021/05/Board%27s%20Voting%20Agenda%205.6.21_0.pdf,42745310e43ed14a61babd15ed8043d2e6a037eac8565c9c8b44a15c2de5b9b2,2021-05-06,2,2,6,"6. Pivo Ne Vino LLC
         D/B/A: Fenway Beer Shop
         98 VAN NESS ST
         BOSTON, MA 02215
         License #: LB-145840
         Holder of a Retail Package Store All Alcoholic Beverages License has petitioned to
      transfer the license from the above - To: Fenway Beer & Wine Corporation d/b/a Fenway
      Beer Shop (at the same location). Kevinn Leng, Manager. Closing hour at 11:00 PM.
      Lastly, has petitioned to pledge the license, inventory, and stock to Newburyport Bank.
         Attorney: Nelson C. Chang
Deferred",2021-05-06,2021-05-06,LB-145840,LB145840,LB145840,deferred,deferred,Deferred,False,True,False,[],reviewed_against_full_candidate_and_source_context,BLB-2021-05-06-c007-pledge,license_pledge,pledge_application_disposition,,,,,"98 VAN NESS ST BOSTON, MA 02215",,Newburyport Bank,"{""licensee"": ""Fenway Beer & Wine Corporation"", ""pledge_recipient"": ""Newburyport Bank""}",Fenway Beer & Wine Corporation,Fenway Beer Shop,"[""license"", ""stock"", ""inventory""]"
BLB-2021-05-27-c022,BLB-2021-05-27,https://www.boston.gov/sites/default/files/file/2021/06/Board%20Voting%20Agenda%205.27.21.pdf,077b65ad5cfec445fd4b236782f5069cd451c2e334eeb76b376c45d9cb6a8b37,2021-05-27,5,5,12,"12. GEORGE BEST, INC.
    D/B/A: LIR
       903-905 BOYLSTON ST
       BOSTON, MA 02115
       License #: LB-98926
       Holder of a Common Victualler 7 Day All Alcoholic Beverages License has petitioned
    to transfer the license and the location from the above – To: Powder Dry, Inc. d/b/a
    Leader Bank Pavilion, 290 Northern Avenue Boston, MA 02210. The entire premises
    known as the Leader Bank Pavilion performance space, including seating area (5,493
    capacity), concessions areas, concourse, and private function space. Joseph Dunne,
    Manager.
       Attorney: DENNIS A. QUILTY
    GRANTED",2021-05-27,2021-05-27,LB-98926,LB98926,LB98926,granted,granted,GRANTED,True,True,False,[],reviewed_against_full_candidate_and_source_context,BLB-2021-05-27-c022-transfer,license_transfer,transfer_application_disposition,"GEORGE BEST, INC.",LIR,"Powder Dry, Inc.",Leader Bank Pavilion,"903-905 BOYLSTON ST BOSTON, MA 02115","290 Northern Avenue Boston, MA 02210",,"{""transferor"": ""GEORGE BEST, INC."", ""transferee"": ""Powder Dry, Inc.""}",,,
BLB-2021-05-27-c024,BLB-2021-05-27,https://www.boston.gov/sites/default/files/file/2021/06/Board%20Voting%20Agenda%205.27.21.pdf,077b65ad5cfec445fd4b236782f5069cd451c2e334eeb76b376c45d9cb6a8b37,2021-05-27,6,6,14,"14. CANTONA, INC.
    D/B/A: GLOBE
       384 BOYLSTON ST
       BOSTON, MA 02116
       License #: LB-98932
       Holder of a Common Victualler 7 Day All Alcoholic Beverages License has petitioned
    to transfer the license and the location from the above – To: Omni Boston Seaport
    Entertainment, LLC. d/b/a Omni Boston Hotel at the Seaport, 450 Summer Street
    Boston, MA 02210. The entirety of the Omni Boston Hotel at the Seaport, consisting of
    811,371 total square feet of space on 22 floors, including 1,054 guest rooms; meeting and
    event space; spa; retail and fitness areas; terrace and pool bar; full service restaurants, to
    go market, sporting club, brasserie and boulangerie with dining areas and bars located on
    the ground floor, as well as lobby and lobby bar on the ground floor. Michael Charles
    Jorgensen, Manager. Secondly, has petitioned to change the License Type – From:
    Common Victualler 7 Day All Alcoholic Beverages License To: Innholder All Alcoholic
    Beverages License. Lastly, has petitioned for approval of Management Services
    Agreement between Omni Boston Seaport Entertainment LLC and COJE LLC., and
    Omni Hotels Management.
       Attorney: Dennis A. Quilty
GRANTED",2021-05-27,2021-05-27,LB-98932,LB98932,LB98932,granted,granted,GRANTED,True,True,False,[],reviewed_against_full_candidate_and_source_context,BLB-2021-05-27-c024-transfer,license_transfer,transfer_application_disposition,"CANTONA, INC.",GLOBE,"Omni Boston Seaport Entertainment, LLC.",Omni Boston Hotel at the Seaport,"384 BOYLSTON ST BOSTON, MA 02116","450 Summer Street Boston, MA 02210",,"{""transferor"": ""CANTONA, INC."", ""transferee"": ""Omni Boston Seaport Entertainment, LLC.""}",,,
BLB-2021-06-03-c008,BLB-2021-06-03,https://www.boston.gov/sites/default/files/file/2021/06/Board%20Voting%20Agenda%206.3.2021.pdf,a57d78c4c56bdc20f9843de2c5b90e1ce364cc481bba4598ff340116671f2c4c,2021-06-03,3,3,8,"8. Little Steve's Pizza, Inc
      Doing business as: LITTLE STEVIE'S PIZZA
         1114 Boylston St., Boston, MA 02215
         License #: LB 99512
         Holder of a Common Victualler 7 Day Wines and Malt Beverages License has
      petitioned to transfer the license from the
         above – To: Food House, Inc. (at the same location). So Lim Ting, Manager. 12:00
      A.M. closing hour.
         Attorney: Carolyn M Conway

RESCHEDULED",2021-06-03,2021-06-03,LB-99512,LB99512,LB99512,rescheduled,rescheduled,RESCHEDULED,False,True,False,[],reviewed_against_full_candidate_and_source_context,BLB-2021-06-03-c008-transfer,license_transfer,transfer_application_disposition,"Little Steve's Pizza, Inc",LITTLE STEVIE'S PIZZA,"Food House, Inc.",,"1114 Boylston St., Boston, MA 02215","1114 Boylston St., Boston, MA 02215",,"{""transferor"": ""Little Steve's Pizza, Inc"", ""transferee"": ""Food House, Inc.""}",,,
BLB-2021-06-03-c009,BLB-2021-06-03,https://www.boston.gov/sites/default/files/file/2021/06/Board%20Voting%20Agenda%206.3.2021.pdf,a57d78c4c56bdc20f9843de2c5b90e1ce364cc481bba4598ff340116671f2c4c,2021-06-03,3,3,9,"9. Retail Beverages Partners South Bay, Inc.
      Doing business as: Liquor Aisle
         1100 Massachusetts Ave., Dorchester, MA 02125
         License #: LB 353145
         Holder of a Retail Package Store All-Alcoholic Beverages License has petitioned to
      transfer the license and location from
         the above – To: GB LL Holdings MA, LLC d/b/a goPuff 371 Dorchester Avenue
      Boston, MA 02127. The premises consist of
         a 7,704 square foot retail package store on first floor with storage, office and restroom.
      Ryan J. Grady, Manager. 11:00PM
         closing hour.
         Attorney: Joseph H. Devlin

CONTINUED",2021-06-03,2021-06-03,LB-353145,LB353145,LB353145,continued,continued,CONTINUED,False,True,False,[],reviewed_against_full_candidate_and_source_context,BLB-2021-06-03-c009-transfer,license_transfer,transfer_application_disposition,"Retail Beverages Partners South Bay, Inc.",Liquor Aisle,"GB LL Holdings MA, LLC",goPuff,"1100 Massachusetts Ave., Dorchester, MA 02125","371 Dorchester Avenue Boston, MA 02127",,"{""transferor"": ""Retail Beverages Partners South Bay, Inc."", ""transferee"": ""GB LL Holdings MA, LLC""}",,,
BLB-2021-06-24-c010,BLB-2021-06-24,https://www.boston.gov/sites/default/files/file/2021/06/Board%20Voting%20Agenda%206.24.21.pdf,2d32475c915b749e151decd4dc1d9c8e8c84eccb1b42b57826e24bb3ffb99383,2021-06-24,3,3,10,"10. Little Steve's Pizza, Inc
    Doing business as: LITTLE STEVIE'S PIZZA
    1114 Boylston St., Boston, MA 02215
    License #: LB-99512
    Holder of a Common Victualler 7 Day Wines and Malt Beverages License has petitioned
    to transfer the license and location from the above – To: Food House, Inc. d/b/a
    Friendship BBQ Allston 103 Brighton Avenue Boston, MA 02134. The premises consist
    of approx. 2000 square feet one room on first floor, dining consisting of 63 seats, no bar,
    kitchen and bathrooms in rear; basement for storage. So Lim Ting, Manager. 12:00 AM
    Closing Hour.
    Attorney: Carolyn M Conway
   GRANTED",2021-06-24,2021-06-24,LB-99512,LB99512,LB99512,granted,granted,GRANTED,True,True,False,[],reviewed_against_full_candidate_and_source_context,BLB-2021-06-24-c010-transfer,license_transfer,transfer_application_disposition,"Little Steve's Pizza, Inc",LITTLE STEVIE'S PIZZA,"Food House, Inc.",Friendship BBQ Allston,"1114 Boylston St., Boston, MA 02215","103 Brighton Avenue Boston, MA 02134",,"{""transferor"": ""Little Steve's Pizza, Inc"", ""transferee"": ""Food House, Inc.""}",,,
BLB-2021-06-24-c011,BLB-2021-06-24,https://www.boston.gov/sites/default/files/file/2021/06/Board%20Voting%20Agenda%206.24.21.pdf,2d32475c915b749e151decd4dc1d9c8e8c84eccb1b42b57826e24bb3ffb99383,2021-06-24,3,3,11,"11. Retail Beverages Partners - South Bay, Inc.
    Doing business as: Liquor Aisle
    1100 Massachusetts Ave., Dorchester, MA 02125
    License #: LB-353145
    Holder of a Retail Package Store All-Alcoholic Beverages License has petitioned to
    transfer the license and location from the above – To: GB LL Holdings MA, LLC d/b/a
    goPuff 371 Dorchester Avenue Boston, MA 02127. The premises consist of a 7,704
    square foot retail package store on first floor with storage, office and restroom. Ryan J.
    Grady, Manager. 11:00PM closing hour.
    Attorney: Joseph H. Devlin
    DEFER TO ALLOW FOR FURTHER COMMUNITY PROCESS",2021-06-24,2021-06-24,LB-353145,LB353145,LB353145,deferred,deferred,DEFER TO ALLOW FOR FURTHER COMMUNITY PROCESS,False,True,False,[],reviewed_against_full_candidate_and_source_context,BLB-2021-06-24-c011-transfer,license_transfer,transfer_application_disposition,"Retail Beverages Partners - South Bay, Inc.",Liquor Aisle,"GB LL Holdings MA, LLC",goPuff,"1100 Massachusetts Ave., Dorchester, MA 02125","371 Dorchester Avenue Boston, MA 02127",,"{""transferor"": ""Retail Beverages Partners - South Bay, Inc."", ""transferee"": ""GB LL Holdings MA, LLC""}",,,
BLB-2021-06-24-c012,BLB-2021-06-24,https://www.boston.gov/sites/default/files/file/2021/06/Board%20Voting%20Agenda%206.24.21.pdf,2d32475c915b749e151decd4dc1d9c8e8c84eccb1b42b57826e24bb3ffb99383,2021-06-24,3,4,12,"12. Boston Pubs, LLC
    Doing business as: THE GINGER MAN
    148 State St., Boston, MA 02109
    License #: LB-98913
    Holder of a Common Victualler 7 Day All-Alcoholic Beverages License has petitioned to
    transfer the license and the location from the above – To: BarVolpe, LLC d/b/a Bar Volpe
    170 West Broadway, Boston, MA 02127. The premises consist of a one level with booths
    and dining tables along the South wall and a central bar area with combined seating
    capacity of 142. There will be no outdoor seating. Total Square footage of the space is
    approx. 5,200 sqft. Karen Akunowicz, Manager. 2:00 AM Closing Hour.

    Attorney: Nicholas J. Zozula
    CONTINUED TO JUNE 30, 2021",2021-06-24,2021-06-24,LB-98913,LB98913,LB98913,continued,continued,"CONTINUED TO JUNE 30, 2021",False,True,False,[],reviewed_against_full_candidate_and_source_context,BLB-2021-06-24-c012-transfer,license_transfer,transfer_application_disposition,"Boston Pubs, LLC",THE GINGER MAN,"BarVolpe, LLC",Bar Volpe,"148 State St., Boston, MA 02109","170 West Broadway, Boston, MA 02127",,"{""transferor"": ""Boston Pubs, LLC"", ""transferee"": ""BarVolpe, LLC""}",,,
BLB-2021-06-24-c013,BLB-2021-06-24,https://www.boston.gov/sites/default/files/file/2021/06/Board%20Voting%20Agenda%206.24.21.pdf,2d32475c915b749e151decd4dc1d9c8e8c84eccb1b42b57826e24bb3ffb99383,2021-06-24,4,4,13,"13. Laposta Pizza LLC
    Doing business as: Da LaPosta
    12 Farnsworth St., Boston, MA 02210
    License #: LB-99159
    Holder of a Common Victualler 7 Day All-Alcoholic Beverages License has petitioned to
    transfer the license and the location from the above – To: Haymarket Parcel 9 Investor,
    LLC d/b/a Canopy by Hilton Boston Downtown 99 Blackstone Street Boston, MA
    02109. In whole of said building. Six(6) floor hotel (+/- 145,000 square feet) including
    212 quest rooms, reception area, lobby, offices and meeting room on ground floor, but
    specifically excluding +/- 10,169 square feet of retail space, +/- 1,615 square feet of
    Haymarket Pushcart Association space and +/- 1,776 square feet of Shared Trash Space,
    all on ground floor as shown on plan. Hotel café/lounge with bar area on 2nd floor
    (+/-3,970 square feet) with seating for 137. Year –round outdoor rooftop terrace on 2nd
    floor with seating for 75. Daily hours of operation from 8AM to 2AM. Richard A.
    Galvin, Manager. Lastly, has petitioned to change the License Type - From: Common
    Victualler 7 Day All-Alcoholic Beverages License To: Innholder All-Alcoholic
    Beverages License.
    Attorney: Jon D. Aieta
   GRANTED",2021-06-24,2021-06-24,LB-99159,LB99159,LB99159,granted,granted,GRANTED,True,True,False,[],reviewed_against_full_candidate_and_source_context,BLB-2021-06-24-c013-transfer,license_transfer,transfer_application_disposition,Laposta Pizza LLC,Da LaPosta,"Haymarket Parcel 9 Investor, LLC",Canopy by Hilton Boston Downtown,"12 Farnsworth St., Boston, MA 02210","99 Blackstone Street Boston, MA 02109",,"{""transferor"": ""Laposta Pizza LLC"", ""transferee"": ""Haymarket Parcel 9 Investor, LLC""}",,,
BLB-2021-06-24-c014,BLB-2021-06-24,https://www.boston.gov/sites/default/files/file/2021/06/Board%20Voting%20Agenda%206.24.21.pdf,2d32475c915b749e151decd4dc1d9c8e8c84eccb1b42b57826e24bb3ffb99383,2021-06-24,4,4,14,"14. T and T Icuisine, Inc.
    Doing business as: SAIGON SEAFOOD RESTAURANT
    268 - 270 Adams St., Dorchester, 02122
    License #: LB-99640
    Holder of a Common Victualler 7 Day Wines and Malt Beverages License has petitioned
    to transfer the license and location from the above – To: Menya Jiro Seaport Inc. d/b/a
    Menya Jiro 50 Northern Ave. Boston MA 02210. Premises at 50 Northern Ave., Fan Pier
    Parcel A Boston consists of a 2,279 square foot portion of the parcel which as one floor,
    two entrances and exits with an approved occupancy of 85. Linda Thi Tong, Manager.
    10:00 PM Closing Hour.
    Attorney: Andrew Upton
    GRANTED",2021-06-24,2021-06-24,LB-99640,LB99640,LB99640,granted,granted,GRANTED,True,True,False,[],reviewed_against_full_candidate_and_source_context,BLB-2021-06-24-c014-transfer,license_transfer,transfer_application_disposition,"T and T Icuisine, Inc.",SAIGON SEAFOOD RESTAURANT,Menya Jiro Seaport Inc.,Menya Jiro,"268 - 270 Adams St., Dorchester, 02122",50 Northern Ave. Boston MA 02210,,"{""transferor"": ""T and T Icuisine, Inc."", ""transferee"": ""Menya Jiro Seaport Inc.""}",,,
BLB-2021-06-24-c015,BLB-2021-06-24,https://www.boston.gov/sites/default/files/file/2021/06/Board%20Voting%20Agenda%206.24.21.pdf,2d32475c915b749e151decd4dc1d9c8e8c84eccb1b42b57826e24bb3ffb99383,2021-06-24,4,4,15,"15. Social 132, LLC
    Doing business as: SPORTS GRILLE BOSTON
    132 - 134 Canal St., Boston, MA 02114
    License #: LB-99008
    Holder of a Common Victualler 7 Day All-Alcoholic Beverages License has petitioned to
    transfer the license and the location from the above – To: T and T ICUISINE, Inc. d/b/a
    Saigon Seafood Restaurant 270 Adams Street Dorchester, MA 02122. The premises
    consist of a one story building approx. 2,400 square feet. There is one floor of dining, a
    closed kitchen, storage rooms, and two entrances and two exits. Approved occupancy of
    70. Truc To Thanh Huynh, Manager. 12:00AM Closing Hour.
    Attorney: Andrew Upton
    GRANTED",2021-06-24,2021-06-24,LB-99008,LB99008,LB99008,granted,granted,GRANTED,True,True,False,[],reviewed_against_full_candidate_and_source_context,BLB-2021-06-24-c015-transfer,license_transfer,transfer_application_disposition,"Social 132, LLC",SPORTS GRILLE BOSTON,"T and T ICUISINE, Inc.",Saigon Seafood Restaurant,"132 - 134 Canal St., Boston, MA 02114","270 Adams Street Dorchester, MA 02122",,"{""transferor"": ""Social 132, LLC"", ""transferee"": ""T and T ICUISINE, Inc.""}",,,
BLB-2021-06-24-c034,BLB-2021-06-24,https://www.boston.gov/sites/default/files/file/2021/06/Board%20Voting%20Agenda%206.24.21.pdf,2d32475c915b749e151decd4dc1d9c8e8c84eccb1b42b57826e24bb3ffb99383,2021-06-24,8,8,1,"1. ST ORIENTAL CORPORATION D/B/A: NEW JUMBO SEAFOOD RESTAURANT 5 -
      9 HUDSON ST BOSTON, MA 02111 License #: LB-99592 Holder of a Common
      Victualler 7 Day Wines and Malt Beverages License has petitioned to transfer the license
      from the above – To: Panda Hot Pot Chinatown, Inc. D/B/A Wei Shu Wu Hot Pot (at the
      same location). Feng Chen, Manager. 3:00 A.M. Closing Hour. Attorney: PETER LIM

      GRANTED",2021-06-24,2021-06-24,LB-99592,LB99592,LB99592,granted,granted,GRANTED,True,True,False,[],reviewed_against_full_candidate_and_source_context,BLB-2021-06-24-c034-transfer,license_transfer,transfer_application_disposition,ST ORIENTAL CORPORATION,NEW JUMBO SEAFOOD RESTAURANT,"Panda Hot Pot Chinatown, Inc.",Wei Shu Wu Hot Pot,"5 - 9 HUDSON ST BOSTON, MA 02111","5 - 9 HUDSON ST BOSTON, MA 02111",,"{""transferor"": ""ST ORIENTAL CORPORATION"", ""transferee"": ""Panda Hot Pot Chinatown, Inc.""}",,,
BLB-2021-06-24-c035,BLB-2021-06-24,https://www.boston.gov/sites/default/files/file/2021/06/Board%20Voting%20Agenda%206.24.21.pdf,2d32475c915b749e151decd4dc1d9c8e8c84eccb1b42b57826e24bb3ffb99383,2021-06-24,8,8,2,"2. Pivo Ne Vino LLC D/B/A: Fenway Beer Shop 98 VAN NESS ST BOSTON, MA 02215
      License #: LB-145840 Holder of a Retail Package Store All Alcoholic Beverages License
      has petitioned to transfer the license from the above - To: Fenway Beer & Wine
      Corporation d/b/a Fenway Beer Shop (at the same location). Kevin Leng, Manager.
      Closing hour at 11:00 PM. Lastly, has petitioned to pledge the license, inventory, and
      stock to Newburyport Bank. Attorney: Nelson C. Chang

      GRANTED - CONDITION OF NO NIPS; NO SINGLES",2021-06-24,2021-06-24,LB-145840,LB145840,LB145840,granted,granted,GRANTED - CONDITION OF NO NIPS; NO SINGLES,True,True,False,[],reviewed_against_full_candidate_and_source_context,BLB-2021-06-24-c035-transfer,license_transfer,transfer_application_disposition,Pivo Ne Vino LLC,Fenway Beer Shop,Fenway Beer & Wine Corporation,Fenway Beer Shop,"98 VAN NESS ST BOSTON, MA 02215","98 VAN NESS ST BOSTON, MA 02215",,"{""transferor"": ""Pivo Ne Vino LLC"", ""transferee"": ""Fenway Beer & Wine Corporation""}",,,
BLB-2021-06-24-c035,BLB-2021-06-24,https://www.boston.gov/sites/default/files/file/2021/06/Board%20Voting%20Agenda%206.24.21.pdf,2d32475c915b749e151decd4dc1d9c8e8c84eccb1b42b57826e24bb3ffb99383,2021-06-24,8,8,2,"2. Pivo Ne Vino LLC D/B/A: Fenway Beer Shop 98 VAN NESS ST BOSTON, MA 02215
      License #: LB-145840 Holder of a Retail Package Store All Alcoholic Beverages License
      has petitioned to transfer the license from the above - To: Fenway Beer & Wine
      Corporation d/b/a Fenway Beer Shop (at the same location). Kevin Leng, Manager.
      Closing hour at 11:00 PM. Lastly, has petitioned to pledge the license, inventory, and
      stock to Newburyport Bank. Attorney: Nelson C. Chang

      GRANTED - CONDITION OF NO NIPS; NO SINGLES",2021-06-24,2021-06-24,LB-145840,LB145840,LB145840,granted,granted,GRANTED - CONDITION OF NO NIPS; NO SINGLES,True,True,False,[],reviewed_against_full_candidate_and_source_context,BLB-2021-06-24-c035-pledge,license_pledge,pledge_application_disposition,,,,,"98 VAN NESS ST BOSTON, MA 02215",,Newburyport Bank,"{""licensee"": ""Fenway Beer & Wine Corporation"", ""pledge_recipient"": ""Newburyport Bank""}",Fenway Beer & Wine Corporation,Fenway Beer Shop,"[""license"", ""stock"", ""inventory""]"
BLB-2021-07-01-c015,BLB-2021-07-01,https://www.boston.gov/sites/default/files/file/2021/07/Board%20Voting%20Agenda%207.1.21.pdf,defca947e89e320c7bd80858d24a5cf9c19cfa7bd30de18910ad80eea21abcfb,2021-07-01,4,4,7,"7. Tremont Street Liquor Group, Inc.
    Doing business as: WINE EMPORIUM
    607 Tremont St., Roxbury, MA 02118
    License #: LB-101924
    Holder of a Retail Package Store All-Alcoholic Beverages License has petitioned to
    pledge the License/Stock/Inventory to
    East Cambridge Savings Bank.
    Attorney: Nelson C. Chang

   Granted",2021-07-01,2021-07-01,LB-101924,LB101924,LB101924,granted,granted,Granted,True,True,False,[],reviewed_against_full_candidate_and_source_context,BLB-2021-07-01-c015-pledge,license_pledge,pledge_application_disposition,,,,,"607 Tremont St., Roxbury, MA 02118",,East Cambridge Savings Bank,"{""licensee"": ""Tremont Street Liquor Group, Inc."", ""pledge_recipient"": ""East Cambridge Savings Bank""}","Tremont Street Liquor Group, Inc.",WINE EMPORIUM,"[""license"", ""stock"", ""inventory""]"
BLB-2021-07-01-c019,BLB-2021-07-01,https://www.boston.gov/sites/default/files/file/2021/07/Board%20Voting%20Agenda%207.1.21.pdf,defca947e89e320c7bd80858d24a5cf9c19cfa7bd30de18910ad80eea21abcfb,2021-07-01,5,5,11,"11. Svre, LLC
    Doing business as: Beacon St. Locale
    495 Beacon St., Boston, MA 02115
    License #: LB-98904
    Holder of a Common Victualler 7 Day All-Alcoholic Beverages License has petitioned to
    transfer the license and the location from the above – To: Yard House USA, Inc. d/b/a
    Yard House, 110 Huntington Avenue Boston, MA 02116. The premises consist of the
    former location space known as “Champions” at the Boston Marriott Hotel Copley, on
    the second floor, containing approx. 12,535 sq. ft. ; and 297 sq. ft. in basement of hotel.
    Seating capacity 289. Stephen Arakelian, Manager.
    2:00 AM Closing Hour.
    Attorney: Joseph H. Devlin

   Granted",2021-07-01,2021-07-01,LB-98904,LB98904,LB98904,granted,granted,Granted,True,True,False,[],reviewed_against_full_candidate_and_source_context,BLB-2021-07-01-c019-transfer,license_transfer,transfer_application_disposition,"Svre, LLC",Beacon St. Locale,"Yard House USA, Inc.",Yard House,"495 Beacon St., Boston, MA 02115","110 Huntington Avenue Boston, MA 02116",,"{""transferor"": ""Svre, LLC"", ""transferee"": ""Yard House USA, Inc.""}",,,
BLB-2021-07-01-c021,BLB-2021-07-01,https://www.boston.gov/sites/default/files/file/2021/07/Board%20Voting%20Agenda%207.1.21.pdf,defca947e89e320c7bd80858d24a5cf9c19cfa7bd30de18910ad80eea21abcfb,2021-07-01,5,6,13,"13. BOSTON PUBS, LLC
    Doing Business As: THE GINGER MAN
    148 STATE ST
    BOSTON, MA 02109

    License #: LB-98913
    Holder of a Common Victualler 7 Day All-Alcoholic Beverages License has petitioned to
    transfer the license and the location from the above – To: BarVolpe, LLC d/b/a Bar Volpe
    170 West Broadway, Boston, MA 02127. The premises consist of a one level with booths
    and dining tables along the South wall and a central bar area with combined seating
    capacity of 142. There will be no outdoor seating. Total Square footage of the space is
    approx. 5,200 sqft. Karen Akunowicz, Manager. 2:00 AM Closing Hour.
    Attorney: Nicholas J. Zozula

   Granted",2021-07-01,2021-07-01,LB-98913,LB98913,LB98913,granted,granted,Granted,True,True,False,[],reviewed_against_full_candidate_and_source_context,BLB-2021-07-01-c021-transfer,license_transfer,transfer_application_disposition,"BOSTON PUBS, LLC",THE GINGER MAN,"BarVolpe, LLC",Bar Volpe,"148 STATE ST BOSTON, MA 02109","170 West Broadway, Boston, MA 02127",,"{""transferor"": ""BOSTON PUBS, LLC"", ""transferee"": ""BarVolpe, LLC""}",,,
BLB-2021-07-01-c023,BLB-2021-07-01,https://www.boston.gov/sites/default/files/file/2021/07/Board%20Voting%20Agenda%207.1.21.pdf,defca947e89e320c7bd80858d24a5cf9c19cfa7bd30de18910ad80eea21abcfb,2021-07-01,6,6,15,"15. Ko Catering and Pies, LLC
    Doing business as: KO CATERING AND PIES
    256 Marginal St., East Boston, MA 02128
    License #: LB-99671
    Holder of a Common Victualler 7 Day Wines and Malt Beverages License has petitioned
    to transfer the license from the above – To: Gogle Mogle LLC d/b/a SeaBiscuit (at the
    same location). Andrew Platt, Manager. 11:00PM Closing Hour.
    Attorney: Joseph Hanley

   Granted",2021-07-01,2021-07-01,LB-99671,LB99671,LB99671,granted,granted,Granted,True,True,False,[],reviewed_against_full_candidate_and_source_context,BLB-2021-07-01-c023-transfer,license_transfer,transfer_application_disposition,"Ko Catering and Pies, LLC",KO CATERING AND PIES,Gogle Mogle LLC,SeaBiscuit,"256 Marginal St., East Boston, MA 02128","256 Marginal St., East Boston, MA 02128",,"{""transferor"": ""Ko Catering and Pies, LLC"", ""transferee"": ""Gogle Mogle LLC""}",,,
BLB-2021-07-29-c031,BLB-2021-07-29,https://www.boston.gov/sites/default/files/file/2021/08/Board%20Voting%20Agenda%207.29.21.pdf,24bae092aef1e8c6ed329d661ded082460e594b5d88ad480908a668063565ad3,2021-07-29,8,8,16,"16. Babbo Enoteca Fp, LLC
    Doing business as: BABBO PIZZERIA E ENOTECA
    11 Fan Pier Blvd., Boston, MA 02210
    License #: LB-99292
    Holder of a Common Victualler 7 Day All-Alcoholic Beverages License has petitioned to
    transfer the license from the above - To: 11 Fan Pier Restaurant, LLC d/b/a Serafina (at
    the same location). Seth Greenberg, Manager. 2:00 AM Closing Hour.
    Attorney: William G. Ferullo
   Granted",2021-07-29,2021-07-29,LB-99292,LB99292,LB99292,granted,granted,Granted,True,True,False,[],reviewed_against_full_candidate_and_source_context,BLB-2021-07-29-c031-transfer,license_transfer,transfer_application_disposition,"Babbo Enoteca Fp, LLC",BABBO PIZZERIA E ENOTECA,"11 Fan Pier Restaurant, LLC",Serafina,"11 Fan Pier Blvd., Boston, MA 02210","11 Fan Pier Blvd., Boston, MA 02210",,"{""transferor"": ""Babbo Enoteca Fp, LLC"", ""transferee"": ""11 Fan Pier Restaurant, LLC""}",,,
BLB-2021-07-29-c032,BLB-2021-07-29,https://www.boston.gov/sites/default/files/file/2021/08/Board%20Voting%20Agenda%207.29.21.pdf,24bae092aef1e8c6ed329d661ded082460e594b5d88ad480908a668063565ad3,2021-07-29,8,8,17,"17. Sullivan's Pub Of Charlestown, Inc.
    Doing business as: SULLIVAN'S PUB
    85 - 87 Main St., Charlestown, MA 02129
    License #: LB-99131
    Holder of a Common Victualler 7 Day All-Alcoholic Beverages License has petitioned to
    transfer the license from the above - To: Eighty Five Main Street LLC d/b/a Sullivan’s
    Public House (at the same location). Michael K. Lantagne, Manager. 1:00 AM Closing
    Hour.
    Attorney: Michael W. Ford
   Granted",2021-07-29,2021-07-29,LB-99131,LB99131,LB99131,granted,granted,Granted,True,True,False,[],reviewed_against_full_candidate_and_source_context,BLB-2021-07-29-c032-transfer,license_transfer,transfer_application_disposition,"Sullivan's Pub Of Charlestown, Inc.",SULLIVAN'S PUB,Eighty Five Main Street LLC,Sullivan’s Public House,"85 - 87 Main St., Charlestown, MA 02129","85 - 87 Main St., Charlestown, MA 02129",,"{""transferor"": ""Sullivan's Pub Of Charlestown, Inc."", ""transferee"": ""Eighty Five Main Street LLC""}",,,
BLB-2021-07-29-c033,BLB-2021-07-29,https://www.boston.gov/sites/default/files/file/2021/08/Board%20Voting%20Agenda%207.29.21.pdf,24bae092aef1e8c6ed329d661ded082460e594b5d88ad480908a668063565ad3,2021-07-29,8,8,18,"18. Canal Street Realty LLC
    166 Canal St., Boston, MA 02114
    License #: LB-98972
    Holder of a Common Victualler 7 Day All-Alcoholic Beverages License has petitioned to
    transfer the license from the above - To: Boston Garden Fours LLC d/b/a Scores (at the
    same location). Fred Starikov, Manager. 2:00 AM Closing Hour.
    Attorney: Michael W. Ford
   Granted",2021-07-29,2021-07-29,LB-98972,LB98972,LB98972,granted,granted,Granted,True,True,False,[],reviewed_against_full_candidate_and_source_context,BLB-2021-07-29-c033-transfer,license_transfer,transfer_application_disposition,Canal Street Realty LLC,,Boston Garden Fours LLC,Scores,"166 Canal St., Boston, MA 02114","166 Canal St., Boston, MA 02114",,"{""transferor"": ""Canal Street Realty LLC"", ""transferee"": ""Boston Garden Fours LLC""}",,,
BLB-2021-07-29-c034,BLB-2021-07-29,https://www.boston.gov/sites/default/files/file/2021/08/Board%20Voting%20Agenda%207.29.21.pdf,24bae092aef1e8c6ed329d661ded082460e594b5d88ad480908a668063565ad3,2021-07-29,8,9,19,"19. St Oriental Corporation
    Doing business as: NEW JUMBO SEAFOOD RESTAURANT
    5 - 9 Hudson St., Boston, MA 02111
    License #: LB-99592
    Holder of a Common Victualler 7 Day Wines and Malt Beverages License has petitioned
    to transfer the license and location from the above – To: Panda Hot Pot Chinatown, Inc.
    D/B/A Wei Shu Wu Hot Pot 19-19A, 21 and 23 Hudson Street Boston MA 02111. The
    premise consists of 3425 Sq. Ft. on the first floor with a dining room (seating capacity of

100) and kitchen. Feng Chen, Manager. 3:00 A.M. Closing Hour.
Attorney: Peter Lim
Granted - 2:00am closing; all alcohol sales cease at 1:00am",2021-07-29,2021-07-29,LB-99592,LB99592,LB99592,granted,granted,Granted - 2:00am closing; all alcohol sales cease at 1:00am,True,True,False,[],reviewed_against_full_candidate_and_source_context,BLB-2021-07-29-c034-transfer,license_transfer,transfer_application_disposition,St Oriental Corporation,NEW JUMBO SEAFOOD RESTAURANT,"Panda Hot Pot Chinatown, Inc.",Wei Shu Wu Hot Pot,"5 - 9 Hudson St., Boston, MA 02111","19-19A, 21 and 23 Hudson Street Boston MA 02111",,"{""transferor"": ""St Oriental Corporation"", ""transferee"": ""Panda Hot Pot Chinatown, Inc.""}",,,
BLB-2021-07-29-c035,BLB-2021-07-29,https://www.boston.gov/sites/default/files/file/2021/08/Board%20Voting%20Agenda%207.29.21.pdf,24bae092aef1e8c6ed329d661ded082460e594b5d88ad480908a668063565ad3,2021-07-29,9,9,20,"20. Trinh Enterprises, Inc.
Doing business as: OLD COLONY WINE & SPIRITS
259 Dorchester St., South Boston, MA 02127
License #: LB-101971
Holder of a Retail Package Store All-Alcoholic Beverages License has petitioned to
transfer the license from the above - To: Sobo Wine Inc. dba Sobo Wine & Spirits (at the
same location). Arian Liton, Manager. Closing hour at 11:00 PM. Lastly, has petitioned to
pledge the license, inventory, and stock to East Cambridge Savings Bank.
Attorney: Nelson C. Chang
Granted",2021-07-29,2021-07-29,LB-101971,LB101971,LB101971,granted,granted,Granted,True,True,False,[],reviewed_against_full_candidate_and_source_context,BLB-2021-07-29-c035-transfer,license_transfer,transfer_application_disposition,"Trinh Enterprises, Inc.",OLD COLONY WINE & SPIRITS,Sobo Wine Inc.,Sobo Wine & Spirits,"259 Dorchester St., South Boston, MA 02127","259 Dorchester St., South Boston, MA 02127",,"{""transferor"": ""Trinh Enterprises, Inc."", ""transferee"": ""Sobo Wine Inc.""}",,,
BLB-2021-07-29-c035,BLB-2021-07-29,https://www.boston.gov/sites/default/files/file/2021/08/Board%20Voting%20Agenda%207.29.21.pdf,24bae092aef1e8c6ed329d661ded082460e594b5d88ad480908a668063565ad3,2021-07-29,9,9,20,"20. Trinh Enterprises, Inc.
Doing business as: OLD COLONY WINE & SPIRITS
259 Dorchester St., South Boston, MA 02127
License #: LB-101971
Holder of a Retail Package Store All-Alcoholic Beverages License has petitioned to
transfer the license from the above - To: Sobo Wine Inc. dba Sobo Wine & Spirits (at the
same location). Arian Liton, Manager. Closing hour at 11:00 PM. Lastly, has petitioned to
pledge the license, inventory, and stock to East Cambridge Savings Bank.
Attorney: Nelson C. Chang
Granted",2021-07-29,2021-07-29,LB-101971,LB101971,LB101971,granted,granted,Granted,True,True,False,[],reviewed_against_full_candidate_and_source_context,BLB-2021-07-29-c035-pledge,license_pledge,pledge_application_disposition,,,,,"259 Dorchester St., South Boston, MA 02127",,East Cambridge Savings Bank,"{""licensee"": ""Sobo Wine Inc."", ""pledge_recipient"": ""East Cambridge Savings Bank""}",Sobo Wine Inc.,Sobo Wine & Spirits,"[""license"", ""stock"", ""inventory""]"
BLB-2021-07-29-c036,BLB-2021-07-29,https://www.boston.gov/sites/default/files/file/2021/08/Board%20Voting%20Agenda%207.29.21.pdf,24bae092aef1e8c6ed329d661ded082460e594b5d88ad480908a668063565ad3,2021-07-29,9,9,21,"21. Snp Restaurant Group, LLC
Doing business as: RED HAT CAFÉ
9 Bowdoin St., Boston, MA 02114
License #: LB-98924
Holder of a Common Victualler 7 Day All Alcoholic Beverages License has petitioned to
transfer the license from the above - To: Can’t Stop Won’t Stop d/b/a Red Hat Cafe (at
the same location). Jason Nicholson, Manager. 2:00 AM Closing Hour. Secondly, has
petitioned to Pledge the License to SNP Restaurant Group Inc.
Attorney: Andrew F. Upton
Granted",2021-07-29,2021-07-29,LB-98924,LB98924,LB98924,granted,granted,Granted,True,True,False,[],reviewed_against_full_candidate_and_source_context,BLB-2021-07-29-c036-transfer,license_transfer,transfer_application_disposition,"Snp Restaurant Group, LLC",RED HAT CAFÉ,Can’t Stop Won’t Stop,Red Hat Cafe,"9 Bowdoin St., Boston, MA 02114","9 Bowdoin St., Boston, MA 02114",,"{""transferor"": ""Snp Restaurant Group, LLC"", ""transferee"": ""Can’t Stop Won’t Stop""}",,,
BLB-2021-07-29-c036,BLB-2021-07-29,https://www.boston.gov/sites/default/files/file/2021/08/Board%20Voting%20Agenda%207.29.21.pdf,24bae092aef1e8c6ed329d661ded082460e594b5d88ad480908a668063565ad3,2021-07-29,9,9,21,"21. Snp Restaurant Group, LLC
Doing business as: RED HAT CAFÉ
9 Bowdoin St., Boston, MA 02114
License #: LB-98924
Holder of a Common Victualler 7 Day All Alcoholic Beverages License has petitioned to
transfer the license from the above - To: Can’t Stop Won’t Stop d/b/a Red Hat Cafe (at
the same location). Jason Nicholson, Manager. 2:00 AM Closing Hour. Secondly, has
petitioned to Pledge the License to SNP Restaurant Group Inc.
Attorney: Andrew F. Upton
Granted",2021-07-29,2021-07-29,LB-98924,LB98924,LB98924,granted,granted,Granted,True,True,False,[],reviewed_against_full_candidate_and_source_context,BLB-2021-07-29-c036-pledge,license_pledge,pledge_application_disposition,,,,,"9 Bowdoin St., Boston, MA 02114",,SNP Restaurant Group Inc,"{""licensee"": ""Can’t Stop Won’t Stop"", ""pledge_recipient"": ""SNP Restaurant Group Inc""}",Can’t Stop Won’t Stop,Red Hat Cafe,"[""license""]"
BLB-2021-07-29-c037,BLB-2021-07-29,https://www.boston.gov/sites/default/files/file/2021/08/Board%20Voting%20Agenda%207.29.21.pdf,24bae092aef1e8c6ed329d661ded082460e594b5d88ad480908a668063565ad3,2021-07-29,9,9,22,"22. Le, Inc.
Doing business as: LE'S
137 Brighton Ave., Allston, MA 02134
License #: LB-99556
Holder of a Common Victualler 7 Day Wines and Malt Beverages License has petitioned
to transfer the license from the above – To: DYL HOT POT Allston LLC d/b/a
DALONGYI HOT POT (at the same location). Ping Hong Chen, Manager. 2:00 AM
Closing Hour. Secondly, has petitioned to Pledge the Stock and Inventory to LE, Inc.
Attorney: Chase Liu
Granted",2021-07-29,2021-07-29,LB-99556,LB99556,LB99556,granted,granted,Granted,True,True,False,[],reviewed_against_full_candidate_and_source_context,BLB-2021-07-29-c037-transfer,license_transfer,transfer_application_disposition,"Le, Inc.",LE'S,DYL HOT POT Allston LLC,DALONGYI HOT POT,"137 Brighton Ave., Allston, MA 02134","137 Brighton Ave., Allston, MA 02134",,"{""transferor"": ""Le, Inc."", ""transferee"": ""DYL HOT POT Allston LLC""}",,,
BLB-2021-07-29-c066,BLB-2021-07-29,https://www.boston.gov/sites/default/files/file/2021/08/Board%20Voting%20Agenda%207.29.21.pdf,24bae092aef1e8c6ed329d661ded082460e594b5d88ad480908a668063565ad3,2021-07-29,14,14,1,"1. The Board deferred the following to allow for completion of the community process:
      Retail Beverages Partners - South Bay, Inc. Doing business as: Liquor Aisle 1100
      Massachusetts Ave., Dorchester, MA 02125 License #: LB-353145 Holder of a Retail
      Package Store All-Alcoholic Beverages License has petitioned to transfer the license and
      location from the above – To: GB LL Holdings MA, LLC d/b/a goPuff 371 Dorchester
      Avenue Boston, MA 02127. The premises consist of a 7,704 square foot retail package
      store on first floor with storage, office and restroom. Ryan J. Grady, Manager. 11:00PM
      closing hour. Attorney: Joseph H. Devlin
Deferred",2021-07-29,2021-07-29,LB-353145,LB353145,LB353145,deferred,deferred,Deferred,False,True,False,[],reviewed_against_full_candidate_and_source_context,BLB-2021-07-29-c066-transfer,license_transfer,transfer_application_disposition,"Retail Beverages Partners - South Bay, Inc.",Liquor Aisle,"GB LL Holdings MA, LLC",goPuff,"1100 Massachusetts Ave., Dorchester, MA 02125","371 Dorchester Avenue Boston, MA 02127",,"{""transferor"": ""Retail Beverages Partners - South Bay, Inc."", ""transferee"": ""GB LL Holdings MA, LLC""}",,,
BLB-2021-08-09-c019,BLB-2021-08-09,https://www.boston.gov/sites/default/files/file/2021/08/Board%20Voting%20Agenda%20%208.9.21.docx.pdf,020dae75b3ff84c30e39b95b2faf5042ae52cda53179af043dafcd6a01ba4294,2021-08-09,5,5,10,"10. Dasang Corporation
    Doing business as: Seaport Wines and Spirits
    411 D St., Boston, MA 02210
    License #: LB-142550
    Holder of a Retail Package Store All-Alcoholic Beverages License has petitioned to
    transfer the license from the above - To: Shree Hanuman Corporation d/b/a Seaport
    Wines & Spirits (at the same location). Israel Francisco Rolon Nieves, Manager. Closing
    hour at 11:00 PM. Lastly, has petitioned to pledge the license and inventory to Rockland
    Trust Company .
    Attorney: John M. Mooradian
   Granted - no nips, no singles",2021-08-09,2021-08-09,LB-142550,LB142550,LB142550,granted,granted,"Granted - no nips, no singles",True,True,False,[],reviewed_against_full_candidate_and_source_context,BLB-2021-08-09-c019-transfer,license_transfer,transfer_application_disposition,Dasang Corporation,Seaport Wines and Spirits,Shree Hanuman Corporation,Seaport Wines & Spirits,"411 D St., Boston, MA 02210","411 D St., Boston, MA 02210",,"{""transferor"": ""Dasang Corporation"", ""transferee"": ""Shree Hanuman Corporation""}",,,
BLB-2021-08-09-c019,BLB-2021-08-09,https://www.boston.gov/sites/default/files/file/2021/08/Board%20Voting%20Agenda%20%208.9.21.docx.pdf,020dae75b3ff84c30e39b95b2faf5042ae52cda53179af043dafcd6a01ba4294,2021-08-09,5,5,10,"10. Dasang Corporation
    Doing business as: Seaport Wines and Spirits
    411 D St., Boston, MA 02210
    License #: LB-142550
    Holder of a Retail Package Store All-Alcoholic Beverages License has petitioned to
    transfer the license from the above - To: Shree Hanuman Corporation d/b/a Seaport
    Wines & Spirits (at the same location). Israel Francisco Rolon Nieves, Manager. Closing
    hour at 11:00 PM. Lastly, has petitioned to pledge the license and inventory to Rockland
    Trust Company .
    Attorney: John M. Mooradian
   Granted - no nips, no singles",2021-08-09,2021-08-09,LB-142550,LB142550,LB142550,granted,granted,"Granted - no nips, no singles",True,True,False,[],reviewed_against_full_candidate_and_source_context,BLB-2021-08-09-c019-pledge,license_pledge,pledge_application_disposition,,,,,"411 D St., Boston, MA 02210",,Rockland Trust Company,"{""licensee"": ""Shree Hanuman Corporation"", ""pledge_recipient"": ""Rockland Trust Company""}",Shree Hanuman Corporation,Seaport Wines & Spirits,"[""license"", ""inventory""]"
BLB-2021-08-09-c020,BLB-2021-08-09,https://www.boston.gov/sites/default/files/file/2021/08/Board%20Voting%20Agenda%20%208.9.21.docx.pdf,020dae75b3ff84c30e39b95b2faf5042ae52cda53179af043dafcd6a01ba4294,2021-08-09,5,5,11,"11. Tendol Corporation
    Doing business as: Portside Market
    50 Lewis St., East Boston, MA 02128
    License #: LB-353657
    Holder of a Retail Package Store All-Alcoholic Beverages License has petitioned to
    transfer the license from the above - To: Gurudev Corporation d/b/a Portside Market (at
    the same location). Rupalben Patel, Manager. Closing hour at 11:00 PM. Lastly, has
    petitioned to pledge the license and inventory to Rockland Trust Company .
    Attorney: John M. Mooradian
   Granted - no nips, no singles",2021-08-09,2021-08-09,LB-353657,LB353657,LB353657,granted,granted,"Granted - no nips, no singles",True,True,False,[],reviewed_against_full_candidate_and_source_context,BLB-2021-08-09-c020-transfer,license_transfer,transfer_application_disposition,Tendol Corporation,Portside Market,Gurudev Corporation,Portside Market,"50 Lewis St., East Boston, MA 02128","50 Lewis St., East Boston, MA 02128",,"{""transferor"": ""Tendol Corporation"", ""transferee"": ""Gurudev Corporation""}",,,
BLB-2021-08-09-c020,BLB-2021-08-09,https://www.boston.gov/sites/default/files/file/2021/08/Board%20Voting%20Agenda%20%208.9.21.docx.pdf,020dae75b3ff84c30e39b95b2faf5042ae52cda53179af043dafcd6a01ba4294,2021-08-09,5,5,11,"11. Tendol Corporation
    Doing business as: Portside Market
    50 Lewis St., East Boston, MA 02128
    License #: LB-353657
    Holder of a Retail Package Store All-Alcoholic Beverages License has petitioned to
    transfer the license from the above - To: Gurudev Corporation d/b/a Portside Market (at
    the same location). Rupalben Patel, Manager. Closing hour at 11:00 PM. Lastly, has
    petitioned to pledge the license and inventory to Rockland Trust Company .
    Attorney: John M. Mooradian
   Granted - no nips, no singles",2021-08-09,2021-08-09,LB-353657,LB353657,LB353657,granted,granted,"Granted - no nips, no singles",True,True,False,[],reviewed_against_full_candidate_and_source_context,BLB-2021-08-09-c020-pledge,license_pledge,pledge_application_disposition,,,,,"50 Lewis St., East Boston, MA 02128",,Rockland Trust Company,"{""licensee"": ""Gurudev Corporation"", ""pledge_recipient"": ""Rockland Trust Company""}",Gurudev Corporation,Portside Market,"[""license"", ""inventory""]"
BLB-2021-08-26-c012,BLB-2021-08-26,https://www.boston.gov/sites/default/files/file/2021/09/Voting%20Agenda%208-26-21%20%281%29%20Revised%20%282%29%20%282%29.pdf,414aa47107f40ace44605bd5b6e80f004cbda0e4db629076bc64683f478695dd,2021-08-26,3,3,6,"6. Slesar Bros. Brewing Company, Inc.

Doing business as: Boston Beer Works
61 Brookline Ave., Boston, MA 02215
License #: LB-99217
Holder of a Common Victualler 7 Day All-Alcoholic Beverages License has petitioned to transfer the license
from the above - To: Vesper, LLC d/b/a Vesper Bar (at the same location). Panos Demeter, Manager. 1:00
AM Closing Hour. Attorney: Nicholas Zozula
Granted",2021-08-26,2021-08-26,LB-99217,LB99217,LB99217,granted,granted,Granted,True,True,False,[],reviewed_against_full_candidate_and_source_context,BLB-2021-08-26-c012-transfer,license_transfer,transfer_application_disposition,"Slesar Bros. Brewing Company, Inc.",Boston Beer Works,"Vesper, LLC",Vesper Bar,"61 Brookline Ave., Boston, MA 02215","61 Brookline Ave., Boston, MA 02215",,"{""transferor"": ""Slesar Bros. Brewing Company, Inc."", ""transferee"": ""Vesper, LLC""}",,,
BLB-2021-08-26-c013,BLB-2021-08-26,https://www.boston.gov/sites/default/files/file/2021/09/Voting%20Agenda%208-26-21%20%281%29%20Revised%20%282%29%20%282%29.pdf,414aa47107f40ace44605bd5b6e80f004cbda0e4db629076bc64683f478695dd,2021-08-26,4,4,7,"7. Slesar Bros. Brewing Company

Doing business as: BEER WORKS
112 Canal St., Boston, MA 02114
License #: LB-99068
Holder of a Common Victualler 7 Day All-Alcoholic Beverages License has petitioned to transfer the license
from the above - To: 110 Canal License Owner LLC (at the same location). Secondly, has petitioned to amend
the description of the licensed business –From: Approx 16,000 SF Brew Pub with full service restaurant and
micro-brewery on the 1st and 2nd floors including an outdoor patio with 2 entrances, 2 exits, 2 emergency exits,
located at 110 Canal St Boston MA 02114. To: Approx. 7,335SF on one floor consisting of dining room
(seating capacity 206), office, storage, kitchen and restrooms. Martin Zieff, Manager. 2:00 AM Closing Hour.
Attorney: Marci Costa
Granted",2021-08-26,2021-08-26,LB-99068,LB99068,LB99068,granted,granted,Granted,True,True,False,[],reviewed_against_full_candidate_and_source_context,BLB-2021-08-26-c013-transfer,license_transfer,transfer_application_disposition,Slesar Bros. Brewing Company,BEER WORKS,110 Canal License Owner LLC,,"112 Canal St., Boston, MA 02114","112 Canal St., Boston, MA 02114",,"{""transferor"": ""Slesar Bros. Brewing Company"", ""transferee"": ""110 Canal License Owner LLC""}",,,
BLB-2021-08-26-c014,BLB-2021-08-26,https://www.boston.gov/sites/default/files/file/2021/09/Voting%20Agenda%208-26-21%20%281%29%20Revised%20%282%29%20%282%29.pdf,414aa47107f40ace44605bd5b6e80f004cbda0e4db629076bc64683f478695dd,2021-08-26,4,4,8,"8. Montgomery, Inc.

Doing business as: GREAT SCOTT
1222 Commonwealth Ave., Allston, MA 02134
License #: LB-99010
Holder of a Common Victualler 7 Day All-Alcoholic Beverages License has petitioned to transfer the license
and the location from the above – To: BMS After Dark, Inc. d/b/a 3380 Bar & Grille 3380 Washington Street
Jamaica Plain, MA 02310. The premises consist of a restaurant entrance through 1st floor lobby; 2nd floor
consisting of 6,473SF with bar seating of 32 seats, bar area table seating of 68 seats, restaurant dining of 110
seats w/bathrooms and kitchen; 3rd floor consisting of year round 1,601 SF indoor roof deck with 14 bar seats
and 32 table seats and 890 SF seasonal outdoor roof deck with 46 seats and , in addition, 3 function rooms
respectively as follows: (1) 838 SF with indoor seating capacity of 56 persons and 385 SF seasonal outdoor roof
seating/standees of 25 persons, (3) 675SF with indoor seating capacity of 45 persona and 285 SF seasonal
outdoor roof seating/standees of 26 persons; the three indoor function spaces can be combined into 1 or 2
function rooms. Outdoor roof deck shall close at midnight and shall be seasonal from April-November.
Closing hour 2:00AM.
Harry Conforti, Manager.
Attorney: Carolyn M Conway
Granted",2021-08-26,2021-08-26,LB-99010,LB99010,LB99010,granted,granted,Granted,True,True,False,[],reviewed_against_full_candidate_and_source_context,BLB-2021-08-26-c014-transfer,license_transfer,transfer_application_disposition,"Montgomery, Inc.",GREAT SCOTT,"BMS After Dark, Inc.",3380 Bar & Grille,"1222 Commonwealth Ave., Allston, MA 02134","3380 Washington Street Jamaica Plain, MA 02310",,"{""transferor"": ""Montgomery, Inc."", ""transferee"": ""BMS After Dark, Inc.""}",,,
BLB-2021-09-02-c003,BLB-2021-09-02,https://www.boston.gov/sites/default/files/file/2021/09/Voting%20Agenda%20%28Corrected%29%209-2-21_0.pdf,6ab44779bd4b1cb8ea4c6ee3010618855c201d59466798aa230d14c3d7696fe9,2021-09-02,1,1,3,"3. Le, Inc.

 Doing business as: LE'S
 137 Brighton Ave., Allston, MA 02134
 License #: LB-99556
 Holder of a Common Victualler 7 Day Wines and Malt Beverages License had recently petitioned to transfer the license
from the above – To: DYL HOT POT Allston LLC d/b/a DALONGYI HOT POT (at the same location) Ping Hong Chen,
Manager. 2:00 AM Closing Hour. Secondly, had petitioned to Pledge the Stock and Inventory to LE, Inc., Now
(additionally) petitions to Pledge the License to LE, Inc.
 Attorney: Chase Liu

WITHDRAWN",2021-09-02,2021-09-02,LB-99556,LB99556,LB99556,withdrawn,withdrawn,WITHDRAWN,False,True,False,"[""The prior transfer and stock/inventory pledge are historical context; only the additional license-pledge petition receives the withdrawn disposition here.""]",reviewed_against_full_candidate_and_source_context,BLB-2021-09-02-c003-pledge,license_pledge,pledge_application_disposition,,,,,"137 Brighton Ave., Allston, MA 02134",,"LE, Inc","{""licensee"": ""Le, Inc."", ""pledge_recipient"": ""LE, Inc""}","Le, Inc.",LE'S,"[""license""]"
BLB-2021-09-02-c012,BLB-2021-09-02,https://www.boston.gov/sites/default/files/file/2021/09/Voting%20Agenda%20%28Corrected%29%209-2-21_0.pdf,6ab44779bd4b1cb8ea4c6ee3010618855c201d59466798aa230d14c3d7696fe9,2021-09-02,3,3,12,"12. Franco, LLC

 Doing business as: PELLINO'S RISTORANTE
 2A Prince St., Boston, MA 02113
 License #: LB-99725
 Holder of a Common Victualler 7 Day Wines and Malt Beverages with Liqueurs License has petitioned to transfer the
license from the above – To: Isabella Restaurant, Inc. d/b/a Isabella (at the same location). Cristobal Fe Paz, Manager.
1:00 AM Closing Hour.
 Attorney: Carolyn M. Conway

DEFERRED - Pending Community Process",2021-09-02,2021-09-02,LB-99725,LB99725,LB99725,deferred,deferred,DEFERRED - Pending Community Process,False,True,False,[],reviewed_against_full_candidate_and_source_context,BLB-2021-09-02-c012-transfer,license_transfer,transfer_application_disposition,"Franco, LLC",PELLINO'S RISTORANTE,"Isabella Restaurant, Inc.",Isabella,"2A Prince St., Boston, MA 02113","2A Prince St., Boston, MA 02113",,"{""transferor"": ""Franco, LLC"", ""transferee"": ""Isabella Restaurant, Inc.""}",,,
BLB-2021-09-02-c013,BLB-2021-09-02,https://www.boston.gov/sites/default/files/file/2021/09/Voting%20Agenda%20%28Corrected%29%209-2-21_0.pdf,6ab44779bd4b1cb8ea4c6ee3010618855c201d59466798aa230d14c3d7696fe9,2021-09-02,4,4,13,"13. Big Bad Dog, LLC

 Doing business as: Domenic's
 54 Salem St., Boston, MA 02113
 License #: LB-99709
 Holder of a Common Victualler 7 Day Wines and Malt Beverages with Liqueurs License has petitioned to transfer the
license from the above – To: Witchcraft LLC d/b/a Witchcraft on Salem (at the same location). Marybeth Bisson.1:00 AM
Closing Hour.
 Attorney: Marci Costa


DEFERRED - Pending Community Process",2021-09-02,2021-09-02,LB-99709,LB99709,LB99709,deferred,deferred,DEFERRED - Pending Community Process,False,True,False,[],reviewed_against_full_candidate_and_source_context,BLB-2021-09-02-c013-transfer,license_transfer,transfer_application_disposition,"Big Bad Dog, LLC",Domenic's,Witchcraft LLC,Witchcraft on Salem,"54 Salem St., Boston, MA 02113","54 Salem St., Boston, MA 02113",,"{""transferor"": ""Big Bad Dog, LLC"", ""transferee"": ""Witchcraft LLC""}",,,
BLB-2021-09-02-c014,BLB-2021-09-02,https://www.boston.gov/sites/default/files/file/2021/09/Voting%20Agenda%20%28Corrected%29%209-2-21_0.pdf,6ab44779bd4b1cb8ea4c6ee3010618855c201d59466798aa230d14c3d7696fe9,2021-09-02,4,4,14,"14. Mitsos, LLC

Doing business as: KRASI
48 Gloucester St., Boston, MA 02115
License #: LB-99587
Holder of a Common Victualler 7 Day Wines and Malt Beverages License has petitioned to transfer the license and the
location from the above – To: C.G.K. on Newbury, LLC d/b/a Crazy Good Kitchen; 266-268 Newbury Street Boston MA
02116. The premises consist of a commercial restaurant located in the two subterranean floors of 266-268 Newbury
Street Boston; containing approx. 2,319SF with 2 rooms, a bar, 2 restrooms, basement storage and 2 outdoor patios
containing approx. 700SF on the first floor. The patios are on private property and will contain 10 tables all with a closing
hour of 10PM.
Selma m. Desouza, Manager.
Attorney: Louis A. Cassis


GRANTED",2021-09-02,2021-09-02,LB-99587,LB99587,LB99587,granted,granted,GRANTED,True,True,False,[],reviewed_against_full_candidate_and_source_context,BLB-2021-09-02-c014-transfer,license_transfer,transfer_application_disposition,"Mitsos, LLC",KRASI,"C.G.K. on Newbury, LLC",Crazy Good Kitchen,"48 Gloucester St., Boston, MA 02115",266-268 Newbury Street Boston MA 02116,,"{""transferor"": ""Mitsos, LLC"", ""transferee"": ""C.G.K. on Newbury, LLC""}",,,
BLB-2021-09-02-c015,BLB-2021-09-02,https://www.boston.gov/sites/default/files/file/2021/09/Voting%20Agenda%20%28Corrected%29%209-2-21_0.pdf,6ab44779bd4b1cb8ea4c6ee3010618855c201d59466798aa230d14c3d7696fe9,2021-09-02,4,4,15,"15. Lincoln Bar & Grill, Inc.

 Doing business as: Lincoln Bar & Grill, Inc.
 8 Lincoln St., Brighton, MA 02135
 License #: LB-99123
 Holder of a Common Victualler 7 Day All-Alcoholic Beverages License has petitioned to transfer the license and the
location from the above – To: Mitsos, LLC. d/b/a Krasi and Hecate; 48 Gloucester St Boston, MA 02115. The premises
consist of 1,521SF, total seating capacity 82. In one room on first floor with dining room and bar, restrooms in the rear,
one room with a bar and lounge in the basement with a restroom and separate entrance. 1:00 AM Closing Hour. Demetri
Tsolakis, Manager.
Attorney: Patricia Lang Farnsworth

GRANTED",2021-09-02,2021-09-02,LB-99123,LB99123,LB99123,granted,granted,GRANTED,True,True,False,[],reviewed_against_full_candidate_and_source_context,BLB-2021-09-02-c015-transfer,license_transfer,transfer_application_disposition,"Lincoln Bar & Grill, Inc.","Lincoln Bar & Grill, Inc.","Mitsos, LLC.",Krasi and Hecate,"8 Lincoln St., Brighton, MA 02135","48 Gloucester St Boston, MA 02115",,"{""transferor"": ""Lincoln Bar & Grill, Inc."", ""transferee"": ""Mitsos, LLC.""}",,,
BLB-2021-09-30-c024,BLB-2021-09-30,https://www.boston.gov/sites/default/files/file/2021/09/Maria%27s%20Copy%20of%20Final%20Voting%20Agenda%209_30_21%20.pdf,a83435a43328c2fae9231e05e63f935f5f9032be40e1d406a8b96f2c30006776,2021-09-30,7,7,15,"15   ALGONQUIN CLUB HEXAGON, LLC
     D/B/A: The 'Quin House
     217 COMMONWEALTH AVE
     BOSTON, MA 02116

     License #: LB 98780
     Holder of a Club All Alcoholic Beverages License has petitioned to Pledge the License to
     Needham Bank.
     Attorney: Patricia A. Malone

     GRANTED",2021-09-30,2021-09-30,LB-98780,LB98780,LB98780,granted,granted,GRANTED,True,True,False,[],reviewed_against_full_candidate_and_source_context,BLB-2021-09-30-c024-pledge,license_pledge,pledge_application_disposition,,,,,"217 COMMONWEALTH AVE BOSTON, MA 02116",,Needham Bank,"{""licensee"": ""ALGONQUIN CLUB HEXAGON, LLC"", ""pledge_recipient"": ""Needham Bank""}","ALGONQUIN CLUB HEXAGON, LLC",The 'Quin House,"[""license""]"
BLB-2021-09-30-c028,BLB-2021-09-30,https://www.boston.gov/sites/default/files/file/2021/09/Maria%27s%20Copy%20of%20Final%20Voting%20Agenda%209_30_21%20.pdf,a83435a43328c2fae9231e05e63f935f5f9032be40e1d406a8b96f2c30006776,2021-09-30,8,8,19,"19 LSFW, LLC
    D/B/A: LEGAL SEA FOODS
    26 PARK PLZ
    BOSTON, MA 02116

     License #: LB 98999
     Holder of a Common Victualler 7 Day All Alcoholic Beverages License has petitioned to
     transfer the license and the location from the above – To: Boston Hospitality Partners LLC
     d/b/a The Club 115 Federal Street Floor 35 Boston, MA, 02110. The premises consist of
     Approximately 12,255 square feet on Floor 35 consisting of kitchen (+/ 1,150 SF), entry(+/
     245 SF), bar (+/ 685 SF), dining area (+/750 SF), lounge (+/ 800 SF), private dining
     lounge (+/ 475 SF), private dining area (+/ 395 SF), game room (+/ 1,485 SF), screening
     room (+/ 820 SF) and annual outdoor terrace #1 (+/ 4,350 ) and annual outdoor terrace #2
     (+/ 1,100 SF) with aggregate seating for 243. Hours of operation from 8 AM to 2 AM. John
     Luciano, Manager. Lastly, has petitioned to change the type of the license from S12
     Restaurant All Alcoholic Beverages License To S12 Club All Alcoholic Beverages License.
     Attorney: Jon D. Aieta

      GRANTED",2021-09-30,2021-09-30,LB-98999,LB98999,LB98999,granted,granted,GRANTED,True,True,False,[],reviewed_against_full_candidate_and_source_context,BLB-2021-09-30-c028-transfer,license_transfer,transfer_application_disposition,"LSFW, LLC",LEGAL SEA FOODS,Boston Hospitality Partners LLC,The Club,"26 PARK PLZ BOSTON, MA 02116","115 Federal Street Floor 35 Boston, MA, 02110",,"{""transferor"": ""LSFW, LLC"", ""transferee"": ""Boston Hospitality Partners LLC""}",,,
BLB-2021-09-30-c029,BLB-2021-09-30,https://www.boston.gov/sites/default/files/file/2021/09/Maria%27s%20Copy%20of%20Final%20Voting%20Agenda%209_30_21%20.pdf,a83435a43328c2fae9231e05e63f935f5f9032be40e1d406a8b96f2c30006776,2021-09-30,9,9,20,"20   LSFW, LLC
     D/B/A: LEGAL OYSTERIA
     10 CITY SQ
     CHARLESTOWN, MA 02129

     License #: LB 99316
     Holder of a Common Victualler 7 Day All Alcoholic Beverages License has petitioned to
     transfer the license and the location from the above – To: Boston Hospitality Partners LLC
     d/b/a The Connector and the Collective 115 Federal Street, Boston, MA 02110. Premise
     consist of One (1) main entrance on Federal Street, one (1) main entrance on Devonshire
     Street and four (4) exits. Approximately 27,089 square feet on four (4) floors. 9,300
     square feet on ground floor consisting of event/ banquet space(+/ 9,300 SF) with seating
     for 348. 5,685 square feet on mezzanine consisting of kitchen (+/ 1,085 SF), bar ( +/
     1,039 SF), lounge ( +/ 817 SF),         north dining area ( +/ 960 SF), south dining area (
     +/ 1,784 SF) with aggregate seating for 204. 1,492 square feet on second floor consisting
     of meeting room west(+/ 660 SF) and meeting room east(+/ 832 SF) with aggregate
     seating for 129. 10,612 square feet on third floor consisting of kitchen (+/ 567 SF),
     entry(+/ 510 SF), bar/dining area (+/ 1,930 SF), lounge(+/ 1,475 SF), co­work area(+/
     3,635 SF), game room(+/ 680 SF), sports simulator room(+/ 440 SF) and meeting room
     (+/ 1,375 SF) with aggregate seating for 269. Hours of operation from 8 AM to 2 AM.
     John Luciano, Manager.
     Attorney: Jon D. Aieta

     GRANTED",2021-09-30,2021-09-30,LB-99316,LB99316,LB99316,granted,granted,GRANTED,True,True,False,[],reviewed_against_full_candidate_and_source_context,BLB-2021-09-30-c029-transfer,license_transfer,transfer_application_disposition,"LSFW, LLC",LEGAL OYSTERIA,Boston Hospitality Partners LLC,The Connector and the Collective,"10 CITY SQ CHARLESTOWN, MA 02129","115 Federal Street, Boston, MA 02110",,"{""transferor"": ""LSFW, LLC"", ""transferee"": ""Boston Hospitality Partners LLC""}",,,
BLB-2021-09-30-c030,BLB-2021-09-30,https://www.boston.gov/sites/default/files/file/2021/09/Maria%27s%20Copy%20of%20Final%20Voting%20Agenda%209_30_21%20.pdf,a83435a43328c2fae9231e05e63f935f5f9032be40e1d406a8b96f2c30006776,2021-09-30,9,9,21,"21   TOUCHTONE ENTERPRISES, LLC
     D/B/A: TOUCHIE'S SHAMROCK PUB
     501 E EIGHTH ST
     SOUTH BOSTON, MA 02127

     License #: LB 99059
     Holder of a Common Victualler 7 Day All Alcoholic Beverages License has petitioned to
     transfer the license from the above To: Shamrock Boston, LLC d/b/a Shamrock Pub (at
     the same location). Aengus O’Leary, Manager. 1:00 AM Closing Hour.
     Attorney: Charles R. Tevnan

     GRANTED",2021-09-30,2021-09-30,LB-99059,LB99059,LB99059,granted,granted,GRANTED,True,True,False,[],reviewed_against_full_candidate_and_source_context,BLB-2021-09-30-c030-transfer,license_transfer,transfer_application_disposition,"TOUCHTONE ENTERPRISES, LLC",TOUCHIE'S SHAMROCK PUB,"Shamrock Boston, LLC",Shamrock Pub,"501 E EIGHTH ST SOUTH BOSTON, MA 02127","501 E EIGHTH ST SOUTH BOSTON, MA 02127",,"{""transferor"": ""TOUCHTONE ENTERPRISES, LLC"", ""transferee"": ""Shamrock Boston, LLC""}",,,
BLB-2021-09-30-c031,BLB-2021-09-30,https://www.boston.gov/sites/default/files/file/2021/09/Maria%27s%20Copy%20of%20Final%20Voting%20Agenda%209_30_21%20.pdf,a83435a43328c2fae9231e05e63f935f5f9032be40e1d406a8b96f2c30006776,2021-09-30,9,10,22,"22   OATH 1350 BOYLSTON LLC
     D/B/A: OATH PIZZA
     1348 BOYLSTON ST
     BOSTON, MA 02215

     License #: LB 99719

   Holder of a Common Victualler 7 Day Wines and Malt Beverages with Liqueurs License
   has petitioned to transfer the license and the location from the above – To: Street Prince
   LLC; 48 Temple Place, Boston, MA, 02114. The premises consist of 3,293 sq. ft. of retail
   space; One dining room on street level and one dining room, one kitchen and two
   restrooms on lower floor. Closing hour 2:00AM. Athip Komwises, Manager.
   Attorney: Andrew F. Upton

    GRANTED PENDING TRANSFER OF EXISTING LICENSE AND COMPLETION OF
    COMMUNITY PROCESS.",2021-09-30,2021-09-30,LB-99719,LB99719,LB99719,granted,granted,GRANTED PENDING TRANSFER OF EXISTING LICENSE AND COMPLETION OF COMMUNITY PROCESS.,True,True,False,[],reviewed_against_full_candidate_and_source_context,BLB-2021-09-30-c031-transfer,license_transfer,transfer_application_disposition,OATH 1350 BOYLSTON LLC,OATH PIZZA,Street Prince LLC,,"1348 BOYLSTON ST BOSTON, MA 02215","48 Temple Place, Boston, MA, 02114",,"{""transferor"": ""OATH 1350 BOYLSTON LLC"", ""transferee"": ""Street Prince LLC""}",,,
BLB-2021-09-30-c032,BLB-2021-09-30,https://www.boston.gov/sites/default/files/file/2021/09/Maria%27s%20Copy%20of%20Final%20Voting%20Agenda%209_30_21%20.pdf,a83435a43328c2fae9231e05e63f935f5f9032be40e1d406a8b96f2c30006776,2021-09-30,10,10,23,"23 MITSOS, LLC
   D/B/A: KRASI
   48 GLOUCESTER ST
   BOSTON, MA 02115

   License #: LB 99587
   Holder of a Common Victualler 7 Day Wines and Malt Beverages License has petitioned
   to transfer the license and the location from the above – To: C.G.K. on Newbury, LLC
   d/b/a Crazy Good Kitchen; 266 268 Newbury Street Boston MA 02116. The premises
   consist of a commercial restaurant located in the two subterranean floors of 266 268
   Newbury Street Boston; containing approx. 2,319SF with 2 rooms, a bar, 2 restrooms,
   basement storage and 2 outdoor patios containing approx. 700SF on the first floor. The
   patios are on private property and will contain 10 tables all with a closing hour of 10PM.
   Selma M. Desouza, Manager. Lastly has petitioned to change the classification of its
   license To Wines, Malt Beverages and Liqueurs pursuant to the authority contained in
   Chapter 481 of the Acts of 1994.
   Attorney: Louis A. Cassis

   GRANTED",2021-09-30,2021-09-30,LB-99587,LB99587,LB99587,granted,granted,GRANTED,True,True,False,[],reviewed_against_full_candidate_and_source_context,BLB-2021-09-30-c032-transfer,license_transfer,transfer_application_disposition,"MITSOS, LLC",KRASI,"C.G.K. on Newbury, LLC",Crazy Good Kitchen,"48 GLOUCESTER ST BOSTON, MA 02115",266 268 Newbury Street Boston MA 02116,,"{""transferor"": ""MITSOS, LLC"", ""transferee"": ""C.G.K. on Newbury, LLC""}",,,
BLB-2021-09-30-c092,BLB-2021-09-30,https://www.boston.gov/sites/default/files/file/2021/09/Maria%27s%20Copy%20of%20Final%20Voting%20Agenda%209_30_21%20.pdf,a83435a43328c2fae9231e05e63f935f5f9032be40e1d406a8b96f2c30006776,2021-09-30,19,19,2,"2.      Franco LLC
        The Board deferred its vote regarding the application by Franco, LLC d/b/a Pellino’s
        Ristorante, 2A Prince Street Boston 02113. Holder of a Common Victualler 7 Day Wines
        and Malt Beverages with Liqueurs License has petitioned to transfer the license from the
        above – To: Isabella Restaurant, Inc. d/b/a Isabella (at the same location). Cristobal Fe
        Paz, Manager. 1:00 AM Closing Hour. This matter was deferred to allow for completion
        of the community process which has occurred.
       GRANTED",2021-09-30,2021-09-30,,,,granted,granted,GRANTED,True,True,False,"[""No license number is stated in this item. No identifier is imputed from another meeting.""]",reviewed_against_full_candidate_and_source_context,BLB-2021-09-30-c092-transfer,license_transfer,transfer_application_disposition,"Franco, LLC",Pellino’s Ristorante,"Isabella Restaurant, Inc.",Isabella,2A Prince Street Boston 02113,2A Prince Street Boston 02113,,"{""transferor"": ""Franco, LLC"", ""transferee"": ""Isabella Restaurant, Inc.""}",,,
BLB-2021-09-30-c093,BLB-2021-09-30,https://www.boston.gov/sites/default/files/file/2021/09/Maria%27s%20Copy%20of%20Final%20Voting%20Agenda%209_30_21%20.pdf,a83435a43328c2fae9231e05e63f935f5f9032be40e1d406a8b96f2c30006776,2021-09-30,20,20,3,"3.  Big Bad Dog LLC
    The Board deferred its vote regarding the application by Big Bad Dog LLC d/b/a
    Domenic’s, 54 Salem Street Boston, MA 02113. Holder of a Common Victualler 7 Day
    Wines and Malt Beverages with Liqueurs License has petitioned to transfer the license
    from the above – To: ‘Witchcraft LLC d/b/a Witchcraft on Salem (at the same location).
    Marybeth Bisson. 1:00 AM Closing. This matter was deferred to allow for completion of
    the community process which has occurred.
GRANTED - Transfer

     Since above petition to transfer was filed and presented to the BLB, the applicant has
     requested to change the DBA From: ‘Witchcraft on Salem To: New England Witchcraft
     Company upon approval of the Board.

GRANTED - Change of DBA",2021-09-30,2021-09-30,,,,granted,granted,"GRANTED - Transfer Since above petition to transfer was filed and presented to the BLB, the applicant has requested to change the DBA From: ‘Witchcraft on Salem To: New England Witchcraft Company upon approval of the Board. GRANTED - Change of DBA",True,True,False,"[""The item separately grants transfer and a DBA amendment from Witchcraft on Salem to New England Witchcraft Company; the final granted DBA is retained."", ""No license number is stated in this item. No identifier is imputed from another meeting.""]",reviewed_against_full_candidate_and_source_context,BLB-2021-09-30-c093-transfer,license_transfer,transfer_application_disposition,Big Bad Dog LLC,Domenic’s,Witchcraft LLC,New England Witchcraft Company,"54 Salem Street Boston, MA 02113","54 Salem Street Boston, MA 02113",,"{""transferor"": ""Big Bad Dog LLC"", ""transferee"": ""Witchcraft LLC""}",,,
BLB-2021-10-07-c019,BLB-2021-10-07,https://www.boston.gov/sites/default/files/file/2021/10/FINAL%20VOTING%20AGENDA%2010-7-2021.pdf,98ee56e601793c3c8a85cd15cde14452b764fafe9dc78f51537458ad8f41e8ab,2021-10-07,5,5,12,"12. Rr, Inc.

         Doing business as: ""BEST LIQUORS""
         1088 Dorchester Ave., Dorchester, MA 02125
         License #: LB 101964
         Holder of a Retail Package Store All Alcoholic Beverages License has petitioned to transfer the license
         from the above To: Happy Liquors, Inc.d/b/a Fernandez Wine & Spirits (at the same location).
         Jose M. Fernandez, Manager.
         Closing hour 11:00 PM.
         Attorney: Jennifer Allen

         DEFERRED FOR COMPLETION OF THE COMMUNITY PROCESS",2021-10-07,2021-10-07,LB-101964,LB101964,LB101964,deferred,deferred,DEFERRED FOR COMPLETION OF THE COMMUNITY PROCESS,False,True,False,[],reviewed_against_full_candidate_and_source_context,BLB-2021-10-07-c019-transfer,license_transfer,transfer_application_disposition,"Rr, Inc.","""BEST LIQUORS""","Happy Liquors, Inc.",Fernandez Wine & Spirits,"1088 Dorchester Ave., Dorchester, MA 02125","1088 Dorchester Ave., Dorchester, MA 02125",,"{""transferor"": ""Rr, Inc."", ""transferee"": ""Happy Liquors, Inc.""}",,,
BLB-2021-10-07-c020,BLB-2021-10-07,https://www.boston.gov/sites/default/files/file/2021/10/FINAL%20VOTING%20AGENDA%2010-7-2021.pdf,98ee56e601793c3c8a85cd15cde14452b764fafe9dc78f51537458ad8f41e8ab,2021-10-07,5,5,13,"13. Mabrothers, LLC

         Doing business as: THE MARLIAVE
         10-11 Bosworth St., Boston, MA 02108
         License #: LB 99338
         Holder of a Common Victualler 7 Day All Alcoholic Beverages License has petitioned to transfer
         the license and the location from the above – To: 903 Boylston Street LLC located at
         903 905 Boylston Street, Boston, MA
         02115. Premise consists of Kitchen, Bar and Lounge Area on First Floor; Function Room, Bar and Lounge
         Area on Second Floor; Bar, Lounge Area and Storage in Basement; Office space on Third Floor.
         Exit to Alley in Rear.
         Capacity breakdown: 1st fl, 117; 2nd fl 102; basement 136.
         Steven R. Brooks, Manager. Closing hour 2AM.
         Attorney: Jon D. Aieta


         DEFERRED FOR COMPLETION OF THE COMMUNITY PROCESS",2021-10-07,2021-10-07,LB-99338,LB99338,LB99338,deferred,deferred,DEFERRED FOR COMPLETION OF THE COMMUNITY PROCESS,False,True,False,[],reviewed_against_full_candidate_and_source_context,BLB-2021-10-07-c020-transfer,license_transfer,transfer_application_disposition,"Mabrothers, LLC",THE MARLIAVE,903 Boylston Street LLC,,"10-11 Bosworth St., Boston, MA 02108","903 905 Boylston Street, Boston, MA 02115",,"{""transferor"": ""Mabrothers, LLC"", ""transferee"": ""903 Boylston Street LLC""}",,,
BLB-2021-10-07-c021,BLB-2021-10-07,https://www.boston.gov/sites/default/files/file/2021/10/FINAL%20VOTING%20AGENDA%2010-7-2021.pdf,98ee56e601793c3c8a85cd15cde14452b764fafe9dc78f51537458ad8f41e8ab,2021-10-07,5,5,14,"14. J.T.J. Corporation

         Doing business as: DAISY BUCHANAN'S
         240A Newbury St., Boston, MA 02116
         License #: LB 98899
         Holder of a Common Victualler 7 Day All Alcoholic Beverages License has petitioned to transfer the
         license and the location from the above – To: Stuland, LLC d/b/a Jacob Wirth 31 37 Stuart Street,
         Boston, MA 02116. Premise consist of 9,092 Square feet, In one room on round floor with bar,
         dining area (seating capacity of 158) and restrooms; kitchen in basement, along with storage and office
         space. Julius Sokol, Manager. Closing hour 2AM.
         Attorney: Michael W. Ford

         DEFERRED FOR COMPLETION OF THE COMMUNITY PROCESS",2021-10-07,2021-10-07,LB-98899,LB98899,LB98899,deferred,deferred,DEFERRED FOR COMPLETION OF THE COMMUNITY PROCESS,False,True,False,[],reviewed_against_full_candidate_and_source_context,BLB-2021-10-07-c021-transfer,license_transfer,transfer_application_disposition,J.T.J. Corporation,DAISY BUCHANAN'S,"Stuland, LLC",Jacob Wirth,"240A Newbury St., Boston, MA 02116","31 37 Stuart Street, Boston, MA 02116",,"{""transferor"": ""J.T.J. Corporation"", ""transferee"": ""Stuland, LLC""}",,,
BLB-2021-10-07-c022,BLB-2021-10-07,https://www.boston.gov/sites/default/files/file/2021/10/FINAL%20VOTING%20AGENDA%2010-7-2021.pdf,98ee56e601793c3c8a85cd15cde14452b764fafe9dc78f51537458ad8f41e8ab,2021-10-07,6,6,15,"15. Silhouette Lounge, Inc.

         Doing business as: SILHOUETTE LOUNGE
         200 Brighton Ave., Allston, MA 02134
         License #: LB 98956
         Holder of a Common Victualler 7 Day All Alcoholic Beverages License has petitioned to transfer the license
         from the above To: Allston Silhouette Lounge, LLC. d/b/a Silhouette Lounge (at the same location).
         Fred Starikov, Manager. Closing hour 1:00 AM. Lastly, has petitioned to Pledge the License to
         Attorney: Michael W. Ford

       GRANTED",2021-10-07,2021-10-07,LB-98956,LB98956,LB98956,granted,granted,GRANTED,True,True,False,"[""The source ends the pledge clause with \""to\"" and supplies no pledge recipient; the attorney is not treated as the recipient.""]",reviewed_against_full_candidate_and_source_context,BLB-2021-10-07-c022-transfer,license_transfer,transfer_application_disposition,"Silhouette Lounge, Inc.",SILHOUETTE LOUNGE,"Allston Silhouette Lounge, LLC.",Silhouette Lounge,"200 Brighton Ave., Allston, MA 02134","200 Brighton Ave., Allston, MA 02134",,"{""transferor"": ""Silhouette Lounge, Inc."", ""transferee"": ""Allston Silhouette Lounge, LLC.""}",,,
BLB-2021-10-07-c022,BLB-2021-10-07,https://www.boston.gov/sites/default/files/file/2021/10/FINAL%20VOTING%20AGENDA%2010-7-2021.pdf,98ee56e601793c3c8a85cd15cde14452b764fafe9dc78f51537458ad8f41e8ab,2021-10-07,6,6,15,"15. Silhouette Lounge, Inc.

         Doing business as: SILHOUETTE LOUNGE
         200 Brighton Ave., Allston, MA 02134
         License #: LB 98956
         Holder of a Common Victualler 7 Day All Alcoholic Beverages License has petitioned to transfer the license
         from the above To: Allston Silhouette Lounge, LLC. d/b/a Silhouette Lounge (at the same location).
         Fred Starikov, Manager. Closing hour 1:00 AM. Lastly, has petitioned to Pledge the License to
         Attorney: Michael W. Ford

       GRANTED",2021-10-07,2021-10-07,LB-98956,LB98956,LB98956,granted,granted,GRANTED,True,True,False,"[""The source ends the pledge clause with \""to\"" and supplies no pledge recipient; the attorney is not treated as the recipient.""]",reviewed_against_full_candidate_and_source_context,BLB-2021-10-07-c022-pledge,license_pledge,pledge_application_disposition,,,,,"200 Brighton Ave., Allston, MA 02134",,,"{""licensee"": ""Allston Silhouette Lounge, LLC."", ""pledge_recipient"": null}","Allston Silhouette Lounge, LLC.",Silhouette Lounge,"[""license""]"
BLB-2021-10-28-c047,BLB-2021-10-28,https://www.boston.gov/sites/default/files/file/2021/10/Voting%20agenda%2010-28-21.pdf,238aa983d92dab83e35abc37c6ad2c5a502c5bbbf9023b7f3a90e36535e0d125,2021-10-28,13,13,4,"4. The Board deferred the following to allow for completion of the community process,
   which has since occurred: RR, Inc.d/b/a Best Liquors, located at
   1088 Dorchester Avenue, Dorchester, MA 02125 License #: LB-101964. Holder of a
   Retail Package Store All-Alcoholic Beverages License has petitioned to transfer the
   license from the above - To:Happy Liquors, Inc. d/b/a Fernandez Wine & Spirits (at
   the same location). Jose M. Fernandez, Manager. Closing hour at 11:00 PM.
   Attorney: Jennifer Allen.

Granted",2021-10-28,2021-10-28,LB-101964,LB101964,LB101964,granted,granted,Granted,True,True,False,[],reviewed_against_full_candidate_and_source_context,BLB-2021-10-28-c047-transfer,license_transfer,transfer_application_disposition,"RR, Inc.",Best Liquors,"Happy Liquors, Inc.",Fernandez Wine & Spirits,"1088 Dorchester Avenue, Dorchester, MA 02125","1088 Dorchester Avenue, Dorchester, MA 02125",,"{""transferor"": ""RR, Inc."", ""transferee"": ""Happy Liquors, Inc.""}",,,
BLB-2021-11-04-c008,BLB-2021-11-04,https://www.boston.gov/sites/default/files/file/2021/11/Voting%20Agenda%2011.4.2021.pdf,3535cd7c45706c06891711e1efd219d6a3c9b4705f1eb4753ddcbab79818f5fa,2021-11-04,3,3,8,"8. Z-Love, LLC

Doing business as: TELEGRAPH HILL
289 Dorchester St., South Boston, MA 02127
License #: LB-99453
Holder of a Common Victualler 7 Day All-Alcoholic Beverages License has petitioned
to transfer the license from the above
To: Telegraph Hill Tavern LLC dba Telegraph Hill Kitchen and Bar (at the same
location). Stephen Whalen, Manager. 1:00 AM Closing Hour. Attorney: Michael W.
Ford

Deferred pending completion of the community process",2021-11-04,2021-11-04,LB-99453,LB99453,LB99453,deferred,deferred,Deferred pending completion of the community process,False,True,False,[],reviewed_against_full_candidate_and_source_context,BLB-2021-11-04-c008-transfer,license_transfer,transfer_application_disposition,"Z-Love, LLC",TELEGRAPH HILL,Telegraph Hill Tavern LLC,Telegraph Hill Kitchen and Bar,"289 Dorchester St., South Boston, MA 02127","289 Dorchester St., South Boston, MA 02127",,"{""transferor"": ""Z-Love, LLC"", ""transferee"": ""Telegraph Hill Tavern LLC""}",,,
BLB-2021-11-04-c009,BLB-2021-11-04,https://www.boston.gov/sites/default/files/file/2021/11/Voting%20Agenda%2011.4.2021.pdf,3535cd7c45706c06891711e1efd219d6a3c9b4705f1eb4753ddcbab79818f5fa,2021-11-04,4,4,9,"9. Bitton, LLC

Doing business as: Cafeteria
279A Newbury St., Boston, MA 02115
License #: LB-99108
Holder of a Common Victualler 7 Day All-Alcoholic Beverages License has petitioned to transfer
the license from the above - To: Hereford Investment Group LLC (at the same location). George
Aboujaoude, Manager. 1:00 AM Closing Hour. Secondly, has petitioned to amend the
description of the licensed business - From: Rear entrances for stock; two rooms, bar and
kitchen on the first floor; cellar for stock with outdoor patio.( Management services agreement
between Bitton, LLC as licensee and Cafeteria, Boston, LLC doing business as ""CAFETERIA
BOSTON'' approved by BLB and ABCC.) Capacity breakdown:
basement - 41; 1st fl - 40; outside seasonal patio – 50 To: On two floors (approx. 4000 SF),
upper level consisting of bar and dining area (capacity 55), and lower level consisting of storage
kitchen, bar and dining area (capacity 48) with seasonal outdoor patio (approx. 1000SF) on
private property (capacity 91). Patio is seasonal March-November with closing hour of 10PM.
Lastly, has petitioned to Pledge the License to Bitton, LLC.
Attorney: Marci Costa

Deferred pending completion of the community process",2021-11-04,2021-11-04,LB-99108,LB99108,LB99108,deferred,deferred,Deferred pending completion of the community process,False,True,False,[],reviewed_against_full_candidate_and_source_context,BLB-2021-11-04-c009-transfer,license_transfer,transfer_application_disposition,"Bitton, LLC",Cafeteria,Hereford Investment Group LLC,,"279A Newbury St., Boston, MA 02115","279A Newbury St., Boston, MA 02115",,"{""transferor"": ""Bitton, LLC"", ""transferee"": ""Hereford Investment Group LLC""}",,,
BLB-2021-11-04-c009,BLB-2021-11-04,https://www.boston.gov/sites/default/files/file/2021/11/Voting%20Agenda%2011.4.2021.pdf,3535cd7c45706c06891711e1efd219d6a3c9b4705f1eb4753ddcbab79818f5fa,2021-11-04,4,4,9,"9. Bitton, LLC

Doing business as: Cafeteria
279A Newbury St., Boston, MA 02115
License #: LB-99108
Holder of a Common Victualler 7 Day All-Alcoholic Beverages License has petitioned to transfer
the license from the above - To: Hereford Investment Group LLC (at the same location). George
Aboujaoude, Manager. 1:00 AM Closing Hour. Secondly, has petitioned to amend the
description of the licensed business - From: Rear entrances for stock; two rooms, bar and
kitchen on the first floor; cellar for stock with outdoor patio.( Management services agreement
between Bitton, LLC as licensee and Cafeteria, Boston, LLC doing business as ""CAFETERIA
BOSTON'' approved by BLB and ABCC.) Capacity breakdown:
basement - 41; 1st fl - 40; outside seasonal patio – 50 To: On two floors (approx. 4000 SF),
upper level consisting of bar and dining area (capacity 55), and lower level consisting of storage
kitchen, bar and dining area (capacity 48) with seasonal outdoor patio (approx. 1000SF) on
private property (capacity 91). Patio is seasonal March-November with closing hour of 10PM.
Lastly, has petitioned to Pledge the License to Bitton, LLC.
Attorney: Marci Costa

Deferred pending completion of the community process",2021-11-04,2021-11-04,LB-99108,LB99108,LB99108,deferred,deferred,Deferred pending completion of the community process,False,True,False,[],reviewed_against_full_candidate_and_source_context,BLB-2021-11-04-c009-pledge,license_pledge,pledge_application_disposition,,,,,"279A Newbury St., Boston, MA 02115",,"Bitton, LLC","{""licensee"": ""Hereford Investment Group LLC"", ""pledge_recipient"": ""Bitton, LLC""}",Hereford Investment Group LLC,,"[""license""]"
BLB-2021-11-04-c010,BLB-2021-11-04,https://www.boston.gov/sites/default/files/file/2021/11/Voting%20Agenda%2011.4.2021.pdf,3535cd7c45706c06891711e1efd219d6a3c9b4705f1eb4753ddcbab79818f5fa,2021-11-04,4,4,10,"10. VJP, LLC

Doing business as: The Wine Cave
71 - 75 Canal St., Boston, MA 02114
License #: LB-101871
Holder of Retail Package Store All-Alcohol License has petitioned to transfer the license and
the location from the above - To: JHMP, Inc. d/b/a V&D Variety Store located at 1895-1897
River Street, Hyde Park MA 02136. Mukesh Patel, Manager. 11:00 PM Closing Hour. Lastly,
has petitioned to pledge the license to VJP, LLC. Attorney: Marci Costa

Deferred pending completion of the community process",2021-11-04,2021-11-04,LB-101871,LB101871,LB101871,deferred,deferred,Deferred pending completion of the community process,False,True,False,[],reviewed_against_full_candidate_and_source_context,BLB-2021-11-04-c010-transfer,license_transfer,transfer_application_disposition,"VJP, LLC",The Wine Cave,"JHMP, Inc.",V&D Variety Store,"71 - 75 Canal St., Boston, MA 02114","1895-1897 River Street, Hyde Park MA 02136",,"{""transferor"": ""VJP, LLC"", ""transferee"": ""JHMP, Inc.""}",,,
BLB-2021-11-04-c010,BLB-2021-11-04,https://www.boston.gov/sites/default/files/file/2021/11/Voting%20Agenda%2011.4.2021.pdf,3535cd7c45706c06891711e1efd219d6a3c9b4705f1eb4753ddcbab79818f5fa,2021-11-04,4,4,10,"10. VJP, LLC

Doing business as: The Wine Cave
71 - 75 Canal St., Boston, MA 02114
License #: LB-101871
Holder of Retail Package Store All-Alcohol License has petitioned to transfer the license and
the location from the above - To: JHMP, Inc. d/b/a V&D Variety Store located at 1895-1897
River Street, Hyde Park MA 02136. Mukesh Patel, Manager. 11:00 PM Closing Hour. Lastly,
has petitioned to pledge the license to VJP, LLC. Attorney: Marci Costa

Deferred pending completion of the community process",2021-11-04,2021-11-04,LB-101871,LB101871,LB101871,deferred,deferred,Deferred pending completion of the community process,False,True,False,[],reviewed_against_full_candidate_and_source_context,BLB-2021-11-04-c010-pledge,license_pledge,pledge_application_disposition,,,,,"71 - 75 Canal St., Boston, MA 02114",,"VJP, LLC","{""licensee"": ""JHMP, Inc."", ""pledge_recipient"": ""VJP, LLC""}","JHMP, Inc.",V&D Variety Store,"[""license""]"
BLB-2021-11-04-c011,BLB-2021-11-04,https://www.boston.gov/sites/default/files/file/2021/11/Voting%20Agenda%2011.4.2021.pdf,3535cd7c45706c06891711e1efd219d6a3c9b4705f1eb4753ddcbab79818f5fa,2021-11-04,5,5,11,"11. OS Prime, LLC

Doing business as: Fleming’s Prime Steakhouse & Wine Bar
201 Stuart St., Boston, MA 02116
License #: LB-99270
Holder of a Common Victualler 7 Day All-Alcoholic Beverages License has petitioned to transfer
the license and the location from the above – To: PKL Boston, LLC d/b/a PKL Boston located at
64 C Street (aka 55 Old Colony Avenue), Boston, MA 02127. Premise consists of – Four large
rooms with 21,200SF on Main Level for guests. One Lower Basement level for storage. One
Main entrance with six exits including main entrance. Capacity breakdown: 420 occupants with
272 seating, 148 standing. Brian Weller, Manager. Hours Monday-Thursday: 11 AM-12AM;
Friday-Saturday: 11AM-2AM; Sunday: 11AM-11PM. Lastly, has petitioned to pledge the license
to SB Gateway II LLC. Attorney: Nicholas J. Zozula

Rescheduled",2021-11-04,2021-11-04,LB-99270,LB99270,LB99270,rescheduled,rescheduled,Rescheduled,False,True,False,[],reviewed_against_full_candidate_and_source_context,BLB-2021-11-04-c011-transfer,license_transfer,transfer_application_disposition,"OS Prime, LLC",Fleming’s Prime Steakhouse & Wine Bar,"PKL Boston, LLC",PKL Boston,"201 Stuart St., Boston, MA 02116","64 C Street (aka 55 Old Colony Avenue), Boston, MA 02127",,"{""transferor"": ""OS Prime, LLC"", ""transferee"": ""PKL Boston, LLC""}",,,
BLB-2021-11-04-c011,BLB-2021-11-04,https://www.boston.gov/sites/default/files/file/2021/11/Voting%20Agenda%2011.4.2021.pdf,3535cd7c45706c06891711e1efd219d6a3c9b4705f1eb4753ddcbab79818f5fa,2021-11-04,5,5,11,"11. OS Prime, LLC

Doing business as: Fleming’s Prime Steakhouse & Wine Bar
201 Stuart St., Boston, MA 02116
License #: LB-99270
Holder of a Common Victualler 7 Day All-Alcoholic Beverages License has petitioned to transfer
the license and the location from the above – To: PKL Boston, LLC d/b/a PKL Boston located at
64 C Street (aka 55 Old Colony Avenue), Boston, MA 02127. Premise consists of – Four large
rooms with 21,200SF on Main Level for guests. One Lower Basement level for storage. One
Main entrance with six exits including main entrance. Capacity breakdown: 420 occupants with
272 seating, 148 standing. Brian Weller, Manager. Hours Monday-Thursday: 11 AM-12AM;
Friday-Saturday: 11AM-2AM; Sunday: 11AM-11PM. Lastly, has petitioned to pledge the license
to SB Gateway II LLC. Attorney: Nicholas J. Zozula

Rescheduled",2021-11-04,2021-11-04,LB-99270,LB99270,LB99270,rescheduled,rescheduled,Rescheduled,False,True,False,[],reviewed_against_full_candidate_and_source_context,BLB-2021-11-04-c011-pledge,license_pledge,pledge_application_disposition,,,,,"201 Stuart St., Boston, MA 02116",,SB Gateway II LLC,"{""licensee"": ""PKL Boston, LLC"", ""pledge_recipient"": ""SB Gateway II LLC""}","PKL Boston, LLC",PKL Boston,"[""license""]"
BLB-2021-11-04-c019,BLB-2021-11-04,https://www.boston.gov/sites/default/files/file/2021/11/Voting%20Agenda%2011.4.2021.pdf,3535cd7c45706c06891711e1efd219d6a3c9b4705f1eb4753ddcbab79818f5fa,2021-11-04,7,7,2,"2. The Board deferred the following to allow for completion of the community process, which has
   since occurred: Mabrothers, LLC d/b/a The Marliave, located at 10-11 Bosworth Street, Boston,
   MA 02108 License # LB-99338. Holder of a Common Victualler 7 Day All Alcoholic Beverages
   License has petitioned to transfer the license and the location from the above -- To: 903
   Boylston Street LLC located at 903-905 Boylston Street, Boston, MA 02115. Manager: Steven
   R. Brooks. Closing hour at 2:00 AM. Attorney: Jon D. Aieta

   Granted
   Condition: any subsequent management agreement or transfer at the same location
   requires a community process at the discretion of the Board",2021-11-04,2021-11-04,LB-99338,LB99338,LB99338,granted,granted,Granted Condition: any subsequent management agreement or transfer at the same location requires a community process at the discretion of the Board,True,True,False,[],reviewed_against_full_candidate_and_source_context,BLB-2021-11-04-c019-transfer,license_transfer,transfer_application_disposition,"Mabrothers, LLC",The Marliave,903 Boylston Street LLC,,"10-11 Bosworth Street, Boston, MA 02108","903-905 Boylston Street, Boston, MA 02115",,"{""transferor"": ""Mabrothers, LLC"", ""transferee"": ""903 Boylston Street LLC""}",,,
BLB-2021-11-18-c013,BLB-2021-11-18,https://www.boston.gov/sites/default/files/file/2021/11/Voting%20Agenda%2011-18-21.pdf,d6b83fa52f3ceed50d1f70cb70c784ec3eb055f5096f4312433651b4b6e37e68,2021-11-18,5,5,13,"13. Rosticeria Cancun 2, LLC

   Doing business as: ROSTICERIA CANCUN 2
   145 Meridian St., East Boston, MA 02128
   License #: LB‑99662
   Holder of a Common Victualler 7 Day Wines & Malt Beverages License has petitioned to
   transfer the license from the above – To: Etnias Restaurant, Inc. d/b/a Etnias Restaurant (at
   the same location). Manager: Luz Elida Arango. Closing hour 1:00 AM. Lastly, has
   petitioned to pledge the license to Tarek Aki Hassan.
   Attorney: David R. Jackowitz

Granted",2021-11-18,2021-11-18,LB-99662,LB99662,LB99662,granted,granted,Granted,True,True,False,[],reviewed_against_full_candidate_and_source_context,BLB-2021-11-18-c013-transfer,license_transfer,transfer_application_disposition,"Rosticeria Cancun 2, LLC",ROSTICERIA CANCUN 2,"Etnias Restaurant, Inc.",Etnias Restaurant,"145 Meridian St., East Boston, MA 02128","145 Meridian St., East Boston, MA 02128",,"{""transferor"": ""Rosticeria Cancun 2, LLC"", ""transferee"": ""Etnias Restaurant, Inc.""}",,,
BLB-2021-11-18-c013,BLB-2021-11-18,https://www.boston.gov/sites/default/files/file/2021/11/Voting%20Agenda%2011-18-21.pdf,d6b83fa52f3ceed50d1f70cb70c784ec3eb055f5096f4312433651b4b6e37e68,2021-11-18,5,5,13,"13. Rosticeria Cancun 2, LLC

   Doing business as: ROSTICERIA CANCUN 2
   145 Meridian St., East Boston, MA 02128
   License #: LB‑99662
   Holder of a Common Victualler 7 Day Wines & Malt Beverages License has petitioned to
   transfer the license from the above – To: Etnias Restaurant, Inc. d/b/a Etnias Restaurant (at
   the same location). Manager: Luz Elida Arango. Closing hour 1:00 AM. Lastly, has
   petitioned to pledge the license to Tarek Aki Hassan.
   Attorney: David R. Jackowitz

Granted",2021-11-18,2021-11-18,LB-99662,LB99662,LB99662,granted,granted,Granted,True,True,False,[],reviewed_against_full_candidate_and_source_context,BLB-2021-11-18-c013-pledge,license_pledge,pledge_application_disposition,,,,,"145 Meridian St., East Boston, MA 02128",,Tarek Aki Hassan,"{""licensee"": ""Etnias Restaurant, Inc."", ""pledge_recipient"": ""Tarek Aki Hassan""}","Etnias Restaurant, Inc.",Etnias Restaurant,"[""license""]"
BLB-2021-11-18-c014,BLB-2021-11-18,https://www.boston.gov/sites/default/files/file/2021/11/Voting%20Agenda%2011-18-21.pdf,d6b83fa52f3ceed50d1f70cb70c784ec3eb055f5096f4312433651b4b6e37e68,2021-11-18,6,6,14,"14. Os Prime, LLC

    Doing business as: FLEMING’S PRIME STEAKHOUSE & WINE BAR
    201 Stuart St., Boston, MA 02116
    License #: LB‑99270
    Holder of a Common Victualler 7 Day All‑Alcoholic Beverages License has petitioned to
    transfer the license and the location from the above – To: PKL Boston, LLC d/b/a PKL
    located at 64 C Street (aka 10‑50 Old Colony Avenue), Boston, MA 02127. Premise
    consists of – Four large rooms with 21,200SF on Main Level for guests. One Lower
    Basement level for storage. One Main entrance with six exits including main entrance.
    Capacity breakdown: 420 occupants with 272 seating, 148 standing. Brian Weller, Manager.
\   Hours Monday‑Thursday: 11 AM‑12AM; Friday‑Saturday: 11AM‑2AM;
    Sunday: 11AM‑11PM.
    Lastly, has petitioned to pledge the license to SB Gateway II LLC.
    Attorney: Nicholas J. Zozula

Granted",2021-11-18,2021-11-18,LB-99270,LB99270,LB99270,granted,granted,Granted,True,True,False,[],reviewed_against_full_candidate_and_source_context,BLB-2021-11-18-c014-transfer,license_transfer,transfer_application_disposition,"Os Prime, LLC",FLEMING’S PRIME STEAKHOUSE & WINE BAR,"PKL Boston, LLC",PKL,"201 Stuart St., Boston, MA 02116","64 C Street (aka 10‑50 Old Colony Avenue), Boston, MA 02127",,"{""transferor"": ""Os Prime, LLC"", ""transferee"": ""PKL Boston, LLC""}",,,
BLB-2021-11-18-c014,BLB-2021-11-18,https://www.boston.gov/sites/default/files/file/2021/11/Voting%20Agenda%2011-18-21.pdf,d6b83fa52f3ceed50d1f70cb70c784ec3eb055f5096f4312433651b4b6e37e68,2021-11-18,6,6,14,"14. Os Prime, LLC

    Doing business as: FLEMING’S PRIME STEAKHOUSE & WINE BAR
    201 Stuart St., Boston, MA 02116
    License #: LB‑99270
    Holder of a Common Victualler 7 Day All‑Alcoholic Beverages License has petitioned to
    transfer the license and the location from the above – To: PKL Boston, LLC d/b/a PKL
    located at 64 C Street (aka 10‑50 Old Colony Avenue), Boston, MA 02127. Premise
    consists of – Four large rooms with 21,200SF on Main Level for guests. One Lower
    Basement level for storage. One Main entrance with six exits including main entrance.
    Capacity breakdown: 420 occupants with 272 seating, 148 standing. Brian Weller, Manager.
\   Hours Monday‑Thursday: 11 AM‑12AM; Friday‑Saturday: 11AM‑2AM;
    Sunday: 11AM‑11PM.
    Lastly, has petitioned to pledge the license to SB Gateway II LLC.
    Attorney: Nicholas J. Zozula

Granted",2021-11-18,2021-11-18,LB-99270,LB99270,LB99270,granted,granted,Granted,True,True,False,[],reviewed_against_full_candidate_and_source_context,BLB-2021-11-18-c014-pledge,license_pledge,pledge_application_disposition,,,,,"201 Stuart St., Boston, MA 02116",,SB Gateway II LLC,"{""licensee"": ""PKL Boston, LLC"", ""pledge_recipient"": ""SB Gateway II LLC""}","PKL Boston, LLC",PKL,"[""license""]"
BLB-2021-11-18-c015,BLB-2021-11-18,https://www.boston.gov/sites/default/files/file/2021/11/Voting%20Agenda%2011-18-21.pdf,d6b83fa52f3ceed50d1f70cb70c784ec3eb055f5096f4312433651b4b6e37e68,2021-11-18,6,6,15,"15. E.P.E. Corporation

    Doing business as: HALFTIME
    115 Causeway St., Boston, MA 02114
    License #: LB‑99514
    Holder of a Common Victualler 7 Day Wines and Malt Beverages License has petitioned to
    transfer the license from the above – To: Venture 66 LLC d/b/a Halftime Pizza (at the same
    location). Justino Pasquale, Manager. 1:00 AM Closing Hour.

Granted",2021-11-18,2021-11-18,LB-99514,LB99514,LB99514,granted,granted,Granted,True,True,False,[],reviewed_against_full_candidate_and_source_context,BLB-2021-11-18-c015-transfer,license_transfer,transfer_application_disposition,E.P.E. Corporation,HALFTIME,Venture 66 LLC,Halftime Pizza,"115 Causeway St., Boston, MA 02114","115 Causeway St., Boston, MA 02114",,"{""transferor"": ""E.P.E. Corporation"", ""transferee"": ""Venture 66 LLC""}",,,
BLB-2021-11-18-c016,BLB-2021-11-18,https://www.boston.gov/sites/default/files/file/2021/11/Voting%20Agenda%2011-18-21.pdf,d6b83fa52f3ceed50d1f70cb70c784ec3eb055f5096f4312433651b4b6e37e68,2021-11-18,7,7,16,"16. Lucca Holdings, Inc.

    Doing business as: LUCCA BACK BAY
    116 Huntington Ave., Boston, MA 02116
    License #: LB‑99332
    Holder of a Common Victualler 7 Day All‑Alcoholic Beverages License has petitioned to
    transfer the license from the above‑To: 116 Huntington License, LLC (at the same location).
    Michael Loughlin, Manager. Closing hour 2:00AM.
    Attorney: Dennis A. Quilty

Granted
Condition: any subsequent management agreement or transfer at the same location
requires a community process at the discretion of the Board",2021-11-18,2021-11-18,LB-99332,LB99332,LB99332,granted,granted,Granted Condition: any subsequent management agreement or transfer at the same location requires a community process at the discretion of the Board,True,True,False,[],reviewed_against_full_candidate_and_source_context,BLB-2021-11-18-c016-transfer,license_transfer,transfer_application_disposition,"Lucca Holdings, Inc.",LUCCA BACK BAY,"116 Huntington License, LLC",,"116 Huntington Ave., Boston, MA 02116","116 Huntington Ave., Boston, MA 02116",,"{""transferor"": ""Lucca Holdings, Inc."", ""transferee"": ""116 Huntington License, LLC""}",,,
BLB-2021-11-18-c017,BLB-2021-11-18,https://www.boston.gov/sites/default/files/file/2021/11/Voting%20Agenda%2011-18-21.pdf,d6b83fa52f3ceed50d1f70cb70c784ec3eb055f5096f4312433651b4b6e37e68,2021-11-18,7,7,17,"17. Pho and I, Inc.

    Doing business as: PHO AND I
    267 Huntington Ave., Boston, MA 02115
    License #: LB‑99577
    Holder of a Common Victualler 7 Day Wines and Malt Beverages License has petitioned to
    transfer the license and the location from the above – To: JSM 636 Group, Inc. d/b/a bb.q
    Chicken located at 636 Beacon Street, Boston, MA 02215. The premises consist of one
    level, long rectangular shaped unit with kitchen, storage, and dining area with 40 seats on
    the same level, plus the exclusive right to use annually a privately owned patio (part of the
    leased premises) for outdoor seating with 20 seats. Operating hours Monday through
    Sunday: 11am‑10pm with all patrons out by 10:30pm. Dong Zheng, Manager
    Attorney: Wei Jia

Granted",2021-11-18,2021-11-18,LB-99577,LB99577,LB99577,granted,granted,Granted,True,True,False,[],reviewed_against_full_candidate_and_source_context,BLB-2021-11-18-c017-transfer,license_transfer,transfer_application_disposition,"Pho and I, Inc.",PHO AND I,"JSM 636 Group, Inc.",bb.q Chicken,"267 Huntington Ave., Boston, MA 02115","636 Beacon Street, Boston, MA 02215",,"{""transferor"": ""Pho and I, Inc."", ""transferee"": ""JSM 636 Group, Inc.""}",,,
BLB-2021-11-18-c018,BLB-2021-11-18,https://www.boston.gov/sites/default/files/file/2021/11/Voting%20Agenda%2011-18-21.pdf,d6b83fa52f3ceed50d1f70cb70c784ec3eb055f5096f4312433651b4b6e37e68,2021-11-18,8,8,18,"18. J & K Blasi, Inc.

    Doing business as: BLASI CAFE
    762 Adams St., Dorchester, MA 02122
    License #: LB‑99755
    Holder of a Common Victualler 7 Day Wines and Malt Beverages with Liqueurs License has
    petitioned to transfer the license from the above – To: M&K Restaurant Group, LLC. d/b/a
    Blasi Cafe (at the same location). Kenneth Blasi, Manager. Midnight Closing Hour.
    Lastly, has petitioned to Pledge the License to Coastal Heritage Bank.
    Attorney: John P. Connell

Granted",2021-11-18,2021-11-18,LB-99755,LB99755,LB99755,granted,granted,Granted,True,True,False,[],reviewed_against_full_candidate_and_source_context,BLB-2021-11-18-c018-transfer,license_transfer,transfer_application_disposition,"J & K Blasi, Inc.",BLASI CAFE,"M&K Restaurant Group, LLC.",Blasi Cafe,"762 Adams St., Dorchester, MA 02122","762 Adams St., Dorchester, MA 02122",,"{""transferor"": ""J & K Blasi, Inc."", ""transferee"": ""M&K Restaurant Group, LLC.""}",,,
BLB-2021-11-18-c018,BLB-2021-11-18,https://www.boston.gov/sites/default/files/file/2021/11/Voting%20Agenda%2011-18-21.pdf,d6b83fa52f3ceed50d1f70cb70c784ec3eb055f5096f4312433651b4b6e37e68,2021-11-18,8,8,18,"18. J & K Blasi, Inc.

    Doing business as: BLASI CAFE
    762 Adams St., Dorchester, MA 02122
    License #: LB‑99755
    Holder of a Common Victualler 7 Day Wines and Malt Beverages with Liqueurs License has
    petitioned to transfer the license from the above – To: M&K Restaurant Group, LLC. d/b/a
    Blasi Cafe (at the same location). Kenneth Blasi, Manager. Midnight Closing Hour.
    Lastly, has petitioned to Pledge the License to Coastal Heritage Bank.
    Attorney: John P. Connell

Granted",2021-11-18,2021-11-18,LB-99755,LB99755,LB99755,granted,granted,Granted,True,True,False,[],reviewed_against_full_candidate_and_source_context,BLB-2021-11-18-c018-pledge,license_pledge,pledge_application_disposition,,,,,"762 Adams St., Dorchester, MA 02122",,Coastal Heritage Bank,"{""licensee"": ""M&K Restaurant Group, LLC."", ""pledge_recipient"": ""Coastal Heritage Bank""}","M&K Restaurant Group, LLC.",Blasi Cafe,"[""license""]"
BLB-2021-11-18-c019,BLB-2021-11-18,https://www.boston.gov/sites/default/files/file/2021/11/Voting%20Agenda%2011-18-21.pdf,d6b83fa52f3ceed50d1f70cb70c784ec3eb055f5096f4312433651b4b6e37e68,2021-11-18,8,8,19,"19. Y&Y Enterprises, Inc.

    Doing business as: THAI BASIL RESTAURANT
    132 Newbury St., Boston, MA 02116
    License #: LB‑99572
    Holder of a Common Victualler 7 Day Wines and Malt Beverages License has petitioned for
    a change of Officers/Directors/LLC Managers, a change of Ownership & Stock Interest.
    Secondly, has petitioned to change the manager of the licensed business – From: Yee Yang
    To: Settha Daranuwat. Lastly, has petitioned to Pledge the License and Stock to Yee Yang.
    Attorney: Andrew F. Upton

Granted",2021-11-18,2021-11-18,LB-99572,LB99572,LB99572,granted,granted,Granted,True,True,False,[],reviewed_against_full_candidate_and_source_context,BLB-2021-11-18-c019-pledge,license_pledge,pledge_application_disposition,,,,,"132 Newbury St., Boston, MA 02116",,Yee Yang,"{""licensee"": ""Y&Y Enterprises, Inc."", ""pledge_recipient"": ""Yee Yang""}","Y&Y Enterprises, Inc.",THAI BASIL RESTAURANT,"[""license"", ""stock""]"
BLB-2021-11-18-c020,BLB-2021-11-18,https://www.boston.gov/sites/default/files/file/2021/11/Voting%20Agenda%2011-18-21.pdf,d6b83fa52f3ceed50d1f70cb70c784ec3eb055f5096f4312433651b4b6e37e68,2021-11-18,8,8,20,"20. The Wine Bar, LLC

   Doing business as: 49 SOCIAL
   49 Temple Pl., Boston, MA 02111
   License #: LB‑99190
   Holder of a Common Victualler 7 Day All‑Alcoholic Beverages License has petitioned to
   transfer the license from the above – To: K&K Restaurant Group Inc. d/b/a Estella (at the
   same location). Manager: Helder Brandao. Closing hour 2:00 AM.
   Attorney: Adam R. Barnosky

Deferred pending completion of the community process",2021-11-18,2021-11-18,LB-99190,LB99190,LB99190,deferred,deferred,Deferred pending completion of the community process,False,True,False,[],reviewed_against_full_candidate_and_source_context,BLB-2021-11-18-c020-transfer,license_transfer,transfer_application_disposition,"The Wine Bar, LLC",49 SOCIAL,K&K Restaurant Group Inc.,Estella,"49 Temple Pl., Boston, MA 02111","49 Temple Pl., Boston, MA 02111",,"{""transferor"": ""The Wine Bar, LLC"", ""transferee"": ""K&K Restaurant Group Inc.""}",,,
BLB-2021-11-18-c021,BLB-2021-11-18,https://www.boston.gov/sites/default/files/file/2021/11/Voting%20Agenda%2011-18-21.pdf,d6b83fa52f3ceed50d1f70cb70c784ec3eb055f5096f4312433651b4b6e37e68,2021-11-18,9,9,21,"21. Jake, Inc.

   Doing business as: MCGREEVY’S THIRD BASE
   911 Boylston St., Boston, MA 02115
   License #: LB‑99198
   Holder of a Common Victualler 7 Day All‑Alcoholic Beverages License has petitioned to
   transfer the license from the above ‑ To: BostonInFour, LLC d/b/a McGreevy’s (at the same
   location). Jennifer Smas, Manager. Closing hour 2:00AM. Lastly, has petitioned to Pledge
   the License to Jake, Inc.
   Attorney: Andrew F. Upton

Granted",2021-11-18,2021-11-18,LB-99198,LB99198,LB99198,granted,granted,Granted,True,True,False,[],reviewed_against_full_candidate_and_source_context,BLB-2021-11-18-c021-transfer,license_transfer,transfer_application_disposition,"Jake, Inc.",MCGREEVY’S THIRD BASE,"BostonInFour, LLC",McGreevy’s,"911 Boylston St., Boston, MA 02115","911 Boylston St., Boston, MA 02115",,"{""transferor"": ""Jake, Inc."", ""transferee"": ""BostonInFour, LLC""}",,,
BLB-2021-11-18-c021,BLB-2021-11-18,https://www.boston.gov/sites/default/files/file/2021/11/Voting%20Agenda%2011-18-21.pdf,d6b83fa52f3ceed50d1f70cb70c784ec3eb055f5096f4312433651b4b6e37e68,2021-11-18,9,9,21,"21. Jake, Inc.

   Doing business as: MCGREEVY’S THIRD BASE
   911 Boylston St., Boston, MA 02115
   License #: LB‑99198
   Holder of a Common Victualler 7 Day All‑Alcoholic Beverages License has petitioned to
   transfer the license from the above ‑ To: BostonInFour, LLC d/b/a McGreevy’s (at the same
   location). Jennifer Smas, Manager. Closing hour 2:00AM. Lastly, has petitioned to Pledge
   the License to Jake, Inc.
   Attorney: Andrew F. Upton

Granted",2021-11-18,2021-11-18,LB-99198,LB99198,LB99198,granted,granted,Granted,True,True,False,[],reviewed_against_full_candidate_and_source_context,BLB-2021-11-18-c021-pledge,license_pledge,pledge_application_disposition,,,,,"911 Boylston St., Boston, MA 02115",,"Jake, Inc","{""licensee"": ""BostonInFour, LLC"", ""pledge_recipient"": ""Jake, Inc""}","BostonInFour, LLC",McGreevy’s,"[""license""]"
BLB-2021-11-18-c036,BLB-2021-11-18,https://www.boston.gov/sites/default/files/file/2021/11/Voting%20Agenda%2011-18-21.pdf,d6b83fa52f3ceed50d1f70cb70c784ec3eb055f5096f4312433651b4b6e37e68,2021-11-18,13,13,3,"3.      The Board deferred the following to allow for completion of the community process,
which has occurred: J.T.J. Corporation d/b/a Daisy Buchanan’s, located at 240A Newbury Street,
Boston, MA 02116 License # LB-98899. Holder of a Common Victualler 7 Day All Alcoholic
Beverages License has petitioned to transfer the license and location from the above - To:
Stuland, LLC d/b/a Jacob Wirth, located at 31-37 Stuart Street, Boston, MA 02116. Manager:
Julius Sokol. Closing hour: 2AM. Attorney: Michael W. Ford

Granted",2021-11-18,2021-11-18,LB-98899,LB98899,LB98899,granted,granted,Granted,True,True,False,[],reviewed_against_full_candidate_and_source_context,BLB-2021-11-18-c036-transfer,license_transfer,transfer_application_disposition,J.T.J. Corporation,Daisy Buchanan’s,"Stuland, LLC",Jacob Wirth,"240A Newbury Street, Boston, MA 02116","31-37 Stuart Street, Boston, MA 02116",,"{""transferor"": ""J.T.J. Corporation"", ""transferee"": ""Stuland, LLC""}",,,
BLB-2021-12-02-c010,BLB-2021-12-02,https://www.boston.gov/sites/default/files/file/2021/12/BLB%20Voting%20Agenda%2012-2-21.pdf,b65e9d88182f00b6d9963ddbff89fb8b7d3db9738d703bc1a5a4b091f880b1bd,2021-12-02,4,4,10,"10. Mitsos, LLC

Doing business as: KRASI
48 Gloucester St., Boston, MA 02115
License #: LB‑99587
Holder of a Common Victualler 7 Day Wines and Malt Beverages License has petitioned to
transfer the license and the location from the above – To: Crazy Good Kitchen, LLC; 266‑268
Newbury Street Boston MA 02116. The premises consist of a commercial restaurant located in
the two subterranean floors of 266‑268 Newbury Street Boston; containing approx. 2,319SF with
2 rooms, a bar, 2 restrooms, basement storage and 2 outdoor patios containing approx. 700SF on
the first floor. The patios are on private property and will contain 10 tables all with a closing
hour of 10PM. Selma m. Desouza, Manager. Lastly has petitioned to change the classification of
its license ‑To Wines, Malt Beverages and Liqueurs pursuant to the authority contained in
Chapter 481 of the Acts of 1994.
Attorney: Louis A. Cassis

Granted",2021-12-02,2021-12-02,LB-99587,LB99587,LB99587,granted,granted,Granted,True,True,False,[],reviewed_against_full_candidate_and_source_context,BLB-2021-12-02-c010-transfer,license_transfer,transfer_application_disposition,"Mitsos, LLC",KRASI,"Crazy Good Kitchen, LLC",,"48 Gloucester St., Boston, MA 02115",266‑268 Newbury Street Boston MA 02116,,"{""transferor"": ""Mitsos, LLC"", ""transferee"": ""Crazy Good Kitchen, LLC""}",,,
BLB-2021-12-02-c018,BLB-2021-12-02,https://www.boston.gov/sites/default/files/file/2021/12/BLB%20Voting%20Agenda%2012-2-21.pdf,b65e9d88182f00b6d9963ddbff89fb8b7d3db9738d703bc1a5a4b091f880b1bd,2021-12-02,7,7,18,"18. Finn Investments, LLC

200 High St., Boston, MA 02110
License #: LB‑99401
Holder of a Common Victualler 7 Day All‑Alcoholic Beverages License has petitioned to
transfer the license from the above ‑ To: High Street LL, LLC (at the same location). Mark
Wilcox Smith, Manager. 2:00 AM Closing Hour.
Attorney: Dennis A. Quilty

Granted",2021-12-02,2021-12-02,LB-99401,LB99401,LB99401,granted,granted,Granted,True,True,False,[],reviewed_against_full_candidate_and_source_context,BLB-2021-12-02-c018-transfer,license_transfer,transfer_application_disposition,"Finn Investments, LLC",,"High Street LL, LLC",,"200 High St., Boston, MA 02110","200 High St., Boston, MA 02110",,"{""transferor"": ""Finn Investments, LLC"", ""transferee"": ""High Street LL, LLC""}",,,
BLB-2021-12-02-c019,BLB-2021-12-02,https://www.boston.gov/sites/default/files/file/2021/12/BLB%20Voting%20Agenda%2012-2-21.pdf,b65e9d88182f00b6d9963ddbff89fb8b7d3db9738d703bc1a5a4b091f880b1bd,2021-12-02,7,7,19,"19. Crt Food & Beverage, Inc.

Doing business as: WHISKEY'S STEAKHOUSE & SALOON
885 Boylston St., Boston, MA 02116
License #: LB‑98949
Holder of a Common Victualler 7 Day All‑Alcoholic Beverages License has petitioned to
transfer the license and the location from the above – To: Mecha Noodle Bar Boston, LLC d/b/a
Mecha Noodle Bar located at 44 Thomson Place, Boston, MA 02210. Premise consist of – 2,674
total square feet: On ground floor, in one main room with dining area, bar seating and mezzanine
level seating, main entrance/exit on Thomson Place, additional exit in rear. Kitchen and storage
in rear. Closing hour 12:30 AM. Charith N. Jayasekera, Manager.
Attorney: Kristen L. Scanlon

Deferred pending completion of the community process",2021-12-02,2021-12-02,LB-98949,LB98949,LB98949,deferred,deferred,Deferred pending completion of the community process,False,True,False,[],reviewed_against_full_candidate_and_source_context,BLB-2021-12-02-c019-transfer,license_transfer,transfer_application_disposition,"Crt Food & Beverage, Inc.",WHISKEY'S STEAKHOUSE & SALOON,"Mecha Noodle Bar Boston, LLC",Mecha Noodle Bar,"885 Boylston St., Boston, MA 02116","44 Thomson Place, Boston, MA 02210",,"{""transferor"": ""Crt Food & Beverage, Inc."", ""transferee"": ""Mecha Noodle Bar Boston, LLC""}",,,
BLB-2021-12-02-c020,BLB-2021-12-02,https://www.boston.gov/sites/default/files/file/2021/12/BLB%20Voting%20Agenda%2012-2-21.pdf,b65e9d88182f00b6d9963ddbff89fb8b7d3db9738d703bc1a5a4b091f880b1bd,2021-12-02,7,7,20,"20. Auditorium Cafe, Inc.

Doing business as: THE POUR HOUSE
909 Boylston St., Boston, MA 02115
License #: LB‑98952
Holder of a Common Victualler 7 Day All‑Alcoholic Beverages License has petitioned to
transfer the license from the above ‑ To: 907 Boylston Street LLC d/b/a The Pour House (at the
same location). Charles G. Hitchcock III, Manager. 2:00 AM Closing Hour. Lastly, has
petitioned for an approval of a management agreement between 907 Boylston Street LLC and C
and R Hospitality Managers, LLC.
Attorney: Jon D. Aieta

Deferred pending completion of the community process",2021-12-02,2021-12-02,LB-98952,LB98952,LB98952,deferred,deferred,Deferred pending completion of the community process,False,True,False,[],reviewed_against_full_candidate_and_source_context,BLB-2021-12-02-c020-transfer,license_transfer,transfer_application_disposition,"Auditorium Cafe, Inc.",THE POUR HOUSE,907 Boylston Street LLC,The Pour House,"909 Boylston St., Boston, MA 02115","909 Boylston St., Boston, MA 02115",,"{""transferor"": ""Auditorium Cafe, Inc."", ""transferee"": ""907 Boylston Street LLC""}",,,
BLB-2021-12-02-c021,BLB-2021-12-02,https://www.boston.gov/sites/default/files/file/2021/12/BLB%20Voting%20Agenda%2012-2-21.pdf,b65e9d88182f00b6d9963ddbff89fb8b7d3db9738d703bc1a5a4b091f880b1bd,2021-12-02,8,8,21,"21. Bl Restaurant Operations, LLC

Doing business as: BAR LOUIE TAVERN AND GRILL
121 Brookline Ave., Boston, MA 02215
License #: LB‑98909
Holder of a Common Victualler 7 Day All-Alcoholic Beverages License has petitioned to
transfer the license from the above - To: BAM Hospitality LLC d/b/a Fenway Marriott Residence
Inn (at the same location). Corey Hayes, Manager. 2:00 AM Closing Hour.
Attorney: Daniel C. Johnston

Granted",2021-12-02,2021-12-02,LB-98909,LB98909,LB98909,granted,granted,Granted,True,True,False,[],reviewed_against_full_candidate_and_source_context,BLB-2021-12-02-c021-transfer,license_transfer,transfer_application_disposition,"Bl Restaurant Operations, LLC",BAR LOUIE TAVERN AND GRILL,BAM Hospitality LLC,Fenway Marriott Residence Inn,"121 Brookline Ave., Boston, MA 02215","121 Brookline Ave., Boston, MA 02215",,"{""transferor"": ""Bl Restaurant Operations, LLC"", ""transferee"": ""BAM Hospitality LLC""}",,,
BLB-2021-12-02-c036,BLB-2021-12-02,https://www.boston.gov/sites/default/files/file/2021/12/BLB%20Voting%20Agenda%2012-2-21.pdf,b65e9d88182f00b6d9963ddbff89fb8b7d3db9738d703bc1a5a4b091f880b1bd,2021-12-02,11,11,1,"1.      The Board deferred the following to allow for completion of the community process,
which has occurred: Bitton LLC d/b/a Cafeteria, located at 279A Newbury St., Boston, MA
02115 License #: LB-99108. Holder of a Common Victualler 7 Day All-Alcoholic Beverages
License has petitioned to transfer the license from the above - To: Hereford Investment Group
LLC (at the same location). George Aboujaoude, Manager. 1:00 AM Closing Hour. Secondly,
has petitioned to amend the description of the licensed business - From: Rear entrances for stock;
two rooms, bar and kitchen on the first floor; cellar for stock with outdoor patio.( Management
services agreement between Bitton, LLC as licensee and Cafeteria, Boston, LLC doing business
as ""CAFETERIA BOSTON'' approved by BLB and ABCC.) Capacity breakdown: basement -
41; 1st fl - 40; outside seasonal patio – 50 To: On two floors (approx. 4000 SF), upper level
consisting of bar and dining area (capacity 55), and lower level consisting of storage kitchen, bar
and dining area (capacity 48) with seasonal outdoor patio (approx. 1000SF) on private property
(capacity 91). Patio is seasonal March-November with closing hour of 10PM. Lastly, has
petitioned to Pledge the License to Bitton, LLC. Attorney: Marci Costa

Granted",2021-12-02,2021-12-02,LB-99108,LB99108,LB99108,granted,granted,Granted,True,True,False,[],reviewed_against_full_candidate_and_source_context,BLB-2021-12-02-c036-transfer,license_transfer,transfer_application_disposition,Bitton LLC,Cafeteria,Hereford Investment Group LLC,,"279A Newbury St., Boston, MA 02115","279A Newbury St., Boston, MA 02115",,"{""transferor"": ""Bitton LLC"", ""transferee"": ""Hereford Investment Group LLC""}",,,
BLB-2021-12-02-c036,BLB-2021-12-02,https://www.boston.gov/sites/default/files/file/2021/12/BLB%20Voting%20Agenda%2012-2-21.pdf,b65e9d88182f00b6d9963ddbff89fb8b7d3db9738d703bc1a5a4b091f880b1bd,2021-12-02,11,11,1,"1.      The Board deferred the following to allow for completion of the community process,
which has occurred: Bitton LLC d/b/a Cafeteria, located at 279A Newbury St., Boston, MA
02115 License #: LB-99108. Holder of a Common Victualler 7 Day All-Alcoholic Beverages
License has petitioned to transfer the license from the above - To: Hereford Investment Group
LLC (at the same location). George Aboujaoude, Manager. 1:00 AM Closing Hour. Secondly,
has petitioned to amend the description of the licensed business - From: Rear entrances for stock;
two rooms, bar and kitchen on the first floor; cellar for stock with outdoor patio.( Management
services agreement between Bitton, LLC as licensee and Cafeteria, Boston, LLC doing business
as ""CAFETERIA BOSTON'' approved by BLB and ABCC.) Capacity breakdown: basement -
41; 1st fl - 40; outside seasonal patio – 50 To: On two floors (approx. 4000 SF), upper level
consisting of bar and dining area (capacity 55), and lower level consisting of storage kitchen, bar
and dining area (capacity 48) with seasonal outdoor patio (approx. 1000SF) on private property
(capacity 91). Patio is seasonal March-November with closing hour of 10PM. Lastly, has
petitioned to Pledge the License to Bitton, LLC. Attorney: Marci Costa

Granted",2021-12-02,2021-12-02,LB-99108,LB99108,LB99108,granted,granted,Granted,True,True,False,[],reviewed_against_full_candidate_and_source_context,BLB-2021-12-02-c036-pledge,license_pledge,pledge_application_disposition,,,,,"279A Newbury St., Boston, MA 02115",,"Bitton, LLC","{""licensee"": ""Hereford Investment Group LLC"", ""pledge_recipient"": ""Bitton, LLC""}",Hereford Investment Group LLC,,"[""license""]"
BLB-2021-12-02-c037,BLB-2021-12-02,https://www.boston.gov/sites/default/files/file/2021/12/BLB%20Voting%20Agenda%2012-2-21.pdf,b65e9d88182f00b6d9963ddbff89fb8b7d3db9738d703bc1a5a4b091f880b1bd,2021-12-02,12,12,2,"2.     The Board deferred the following to allow for completion of the community process,
which has occurred: Z-Love, LLC d/b/a Telegraph Hill, located at 289 Dorchester St., South
Boston, MA 02127 License #: LB-99453. Holder of a Common Victualler 7 Day All-Alcoholic
Beverages License has petitioned to transfer the license from the above To: Telegraph Hill
Tavern LLC dba Telegraph Hill Kitchen and Bar (at the same location). Stephen Whalen,
Manager. 1:00 AM Closing Hour. Attorney: Michael W. Ford

Granted",2021-12-02,2021-12-02,LB-99453,LB99453,LB99453,granted,granted,Granted,True,True,False,[],reviewed_against_full_candidate_and_source_context,BLB-2021-12-02-c037-transfer,license_transfer,transfer_application_disposition,"Z-Love, LLC",Telegraph Hill,Telegraph Hill Tavern LLC,Telegraph Hill Kitchen and Bar,"289 Dorchester St., South Boston, MA 02127","289 Dorchester St., South Boston, MA 02127",,"{""transferor"": ""Z-Love, LLC"", ""transferee"": ""Telegraph Hill Tavern LLC""}",,,
BLB-2021-12-02-c038,BLB-2021-12-02,https://www.boston.gov/sites/default/files/file/2021/12/BLB%20Voting%20Agenda%2012-2-21.pdf,b65e9d88182f00b6d9963ddbff89fb8b7d3db9738d703bc1a5a4b091f880b1bd,2021-12-02,12,12,3,"3.      The Board deferred the following to allow for completion of the community process,
which has occurred: VJP, LLC d/b/a The Wine Cave 71 - 75 Canal St., Boston, MA 02114
License #: LB-101871. Holder of Retail Package Store All-Alcohol License has petitioned to
transfer the license and the location from the above - To: JHMP, Inc. d/b/a V&D Variety Store
located at 1895-1897 River Street, Hyde Park MA 02136. Mukesh Patel, Manager. 11:00 PM
Closing Hour. Lastly, has petitioned to pledge the license to VJP, LLC. Attorney: Marci Costa

Rejected without prejudice",2021-12-02,2021-12-02,LB-101871,LB101871,LB101871,rejected,rejected,Rejected without prejudice,False,True,False,[],reviewed_against_full_candidate_and_source_context,BLB-2021-12-02-c038-transfer,license_transfer,transfer_application_disposition,"VJP, LLC",The Wine Cave,"JHMP, Inc.",V&D Variety Store,"71 - 75 Canal St., Boston, MA 02114","1895-1897 River Street, Hyde Park MA 02136",,"{""transferor"": ""VJP, LLC"", ""transferee"": ""JHMP, Inc.""}",,,
BLB-2021-12-02-c038,BLB-2021-12-02,https://www.boston.gov/sites/default/files/file/2021/12/BLB%20Voting%20Agenda%2012-2-21.pdf,b65e9d88182f00b6d9963ddbff89fb8b7d3db9738d703bc1a5a4b091f880b1bd,2021-12-02,12,12,3,"3.      The Board deferred the following to allow for completion of the community process,
which has occurred: VJP, LLC d/b/a The Wine Cave 71 - 75 Canal St., Boston, MA 02114
License #: LB-101871. Holder of Retail Package Store All-Alcohol License has petitioned to
transfer the license and the location from the above - To: JHMP, Inc. d/b/a V&D Variety Store
located at 1895-1897 River Street, Hyde Park MA 02136. Mukesh Patel, Manager. 11:00 PM
Closing Hour. Lastly, has petitioned to pledge the license to VJP, LLC. Attorney: Marci Costa

Rejected without prejudice",2021-12-02,2021-12-02,LB-101871,LB101871,LB101871,rejected,rejected,Rejected without prejudice,False,True,False,[],reviewed_against_full_candidate_and_source_context,BLB-2021-12-02-c038-pledge,license_pledge,pledge_application_disposition,,,,,"71 - 75 Canal St., Boston, MA 02114",,"VJP, LLC","{""licensee"": ""JHMP, Inc."", ""pledge_recipient"": ""VJP, LLC""}","JHMP, Inc.",V&D Variety Store,"[""license""]"
BLB-2021-12-16-c021,BLB-2021-12-16,https://www.boston.gov/sites/default/files/file/2021/12/Copy%20of%20Voting%20Agenda%20Dec%2016%202021.pdf,c3136520ba8be78cf7c7c5fbacd3acfa798156915be8de45fd25d2e5dd9af755,2021-12-16,9,9,15,"15. Traffic Restaurant, LLC

Doing business as: STELLA
1525 Washington St., Roxbury, MA 02118
License #: LB‑99223
Holder of a Common Victualler 7 Day All‑Alcoholic Beverages License has petitioned to
transfer the license and the location from the above – To: GRNA RK of MA LLC d/b/a
Ramsay’s Kitchen located at 776 Boylston Street, Boston, MA 02199. Altered Premise consists
of full‑service restaurant of approximately 7,196SF located within the street level of the
Mandarin Oriental Hotel. Main dining room, 2 private dining rooms, kitchen and bar. Main
entrance/exit located on Boylston St with additional entrance/exit from the hotel lobby. Hector
Javier Tovar, Manager. Closing hour 12AM.
Attorney: Eugene Richard

Granted",2021-12-16,2021-12-16,LB-99223,LB99223,LB99223,granted,granted,Granted,True,True,False,[],reviewed_against_full_candidate_and_source_context,BLB-2021-12-16-c021-transfer,license_transfer,transfer_application_disposition,"Traffic Restaurant, LLC",STELLA,GRNA RK of MA LLC,Ramsay’s Kitchen,"1525 Washington St., Roxbury, MA 02118","776 Boylston Street, Boston, MA 02199",,"{""transferor"": ""Traffic Restaurant, LLC"", ""transferee"": ""GRNA RK of MA LLC""}",,,
BLB-2021-12-16-c025,BLB-2021-12-16,https://www.boston.gov/sites/default/files/file/2021/12/Copy%20of%20Voting%20Agenda%20Dec%2016%202021.pdf,c3136520ba8be78cf7c7c5fbacd3acfa798156915be8de45fd25d2e5dd9af755,2021-12-16,11,11,19,"19. Sweet Rice, Inc.

Doing business as: SWEET RICE
187 Main St., Charlestown, MA 02129
License #: LB‑99597
Holder of a 7 Day Common Victualler Wines and Malt Beverages License has petitioned to
transfer the licensed business from the above ‑ To: Sweet Rice Thai Sushi, Inc. (at the same
location). Teradate Suntornut, Manager. 10:00 PM Closing Hour.

Granted",2021-12-16,2021-12-16,LB-99597,LB99597,LB99597,granted,granted,Granted,True,True,False,"[""Source says 'transfer the licensed business' in an alcohol-license holder petition.""]",reviewed_against_full_candidate_and_source_context,BLB-2021-12-16-c025-transfer,license_transfer,transfer_application_disposition,"Sweet Rice, Inc.",SWEET RICE,"Sweet Rice Thai Sushi, Inc.",,"187 Main St., Charlestown, MA 02129","187 Main St., Charlestown, MA 02129",,"{""transferor"": ""Sweet Rice, Inc."", ""transferee"": ""Sweet Rice Thai Sushi, Inc.""}",,,
BLB-2021-12-16-c026,BLB-2021-12-16,https://www.boston.gov/sites/default/files/file/2021/12/Copy%20of%20Voting%20Agenda%20Dec%2016%202021.pdf,c3136520ba8be78cf7c7c5fbacd3acfa798156915be8de45fd25d2e5dd9af755,2021-12-16,11,11,20,"20. Donna Temple, LLC

Doing business as: STODDARD'S FINE FOOD AND ALE
48 ‑ 50 Temple Pl., Boston, MA 02111
License #: LB‑98906
Holder of a Common Victualler 7 Day All‑Alcoholic Beverages License has petitioned to
transfer the license and the location from the above – To: ReelHouse Oyster Bar Seaport LLC
d/b/a ReelHouse Oyster Bar located at 10 Waterside Drive Boston, MA 02210. Premise
consisting of +/‑ 1,857 SF: On ground floor in one main room with bar area, bar dining area, and
chef bar. Kitchen, storage, and restrooms located to left of bar and dining areas. Main entrance
located on end of pier with one additional entrance/exit to right of bar and dining area and one
additional entrance/exit located at rear off bar and dining area. Three annual outdoor patios
consisting of +/‑ 1,058 SF located on private property (same hours) . Additionally, Applicant
seeks to remove existing conditions on prior Licensee. Thomas Baird Ferguson, Manager.
Closing hour 1AM.
Attorney: William Burke

Continued to January 5, 2022 Transactional Hearing",2021-12-16,2021-12-16,LB-98906,LB98906,LB98906,continued,continued,"Continued to January 5, 2022 Transactional Hearing",False,True,False,[],reviewed_against_full_candidate_and_source_context,BLB-2021-12-16-c026-transfer,license_transfer,transfer_application_disposition,"Donna Temple, LLC",STODDARD'S FINE FOOD AND ALE,ReelHouse Oyster Bar Seaport LLC,ReelHouse Oyster Bar,"48 ‑ 50 Temple Pl., Boston, MA 02111","10 Waterside Drive Boston, MA 02210",,"{""transferor"": ""Donna Temple, LLC"", ""transferee"": ""ReelHouse Oyster Bar Seaport LLC""}",,,
BLB-2021-12-16-c040,BLB-2021-12-16,https://www.boston.gov/sites/default/files/file/2021/12/Copy%20of%20Voting%20Agenda%20Dec%2016%202021.pdf,c3136520ba8be78cf7c7c5fbacd3acfa798156915be8de45fd25d2e5dd9af755,2021-12-16,15,15,2,"2.     The Board deferred the following to allow for completion of the community process,
which has occurred: Auditorium Cafe, Inc. d/b/a The Pour House, located at 909 Boylston St.,
Boston, MA 02115 License #: LB‑98952 Holder of a Common Victualler 7 Day All‑Alcoholic
Beverages License has petitioned to transfer the license from the above ‑ To: 907 Boylston Street
LLC d/b/a The Pour House (at the same location). Charles G. Hitchcock III, Manager. 2:00 AM
Closing Hour. Lastly, has petitioned for an approval of a management agreement between 907
Boylston Street LLC and C and R Hospitality Managers, LLC. Attorney: Jon D. Aieta

Granted",2021-12-16,2021-12-16,LB-98952,LB98952,LB98952,granted,granted,Granted,True,True,False,[],reviewed_against_full_candidate_and_source_context,BLB-2021-12-16-c040-transfer,license_transfer,transfer_application_disposition,"Auditorium Cafe, Inc.",The Pour House,907 Boylston Street LLC,The Pour House,"909 Boylston St., Boston, MA 02115","909 Boylston St., Boston, MA 02115",,"{""transferor"": ""Auditorium Cafe, Inc."", ""transferee"": ""907 Boylston Street LLC""}",,,
