dedup_key_sha256,component,administration_period,program_class,action_date,award_id,parent_award_id,instrument_type,modification_number,is_modification,recipient_legal_name,recipient_uei,recipient_cage,action_obligation,cumulative_award_obligation,potential_or_ceiling_value,period_start,current_end,potential_end,awarding_office,funding_office,extent_competed,offers_received,solicitation_procedures,solicitation_identifier,psc_code,psc_description,naics_code,naics_description,action_description,award_description,source_url
c1572c94c575fe7e66f022ed318c9920a8844af74c00e916140a45964c6cf556,ICE,pre_Trump_I,ICE detention services,2015-01-07,HSCEDM15J00004,HSCEDM12D00001,Delivery Order,P00002,yes,"THE GEO GROUP, INC.",JMLKZZ1NL2Z6,3JMR1,7639594.00,50880520.83,50880520.83,2014-10-23,2015-11-30,2016-04-14,DETENTION COMPLIANCE AND REMOVALS,,Full And Open Competition,,Negotiated Proposal/Quote,,S206,Guard Services,561210,Facilities Support Services,REFERENCE SOUTH TEXAS DETENTION COMPLEX CONTRACT HSCEDM-12-D-00001 WITH THE GEO GROUP. OPTION YEAR 3 IGF::OT::IGF,REFERENCE SOUTH TEXAS DETENTION COMPLEX CONTRACT HSCEDM-12-D-00001 WITH THE GEO GROUP. OPTION YEAR 3,https://www.usaspending.gov/award/CONT_AWD_HSCEDM15J00004_7012_HSCEDM12D00001_7012
76f765589bc4013682ec0f045e40dbc854fdfcee416d9bbbed5b673422d97c23,ICE,pre_Trump_I,ICE detention services,2015-01-15,HSCEDM14J00031,HSCEDM11D00003,Delivery Order,P00004,yes,"THE GEO GROUP, INC.",JMLKZZ1NL2Z6,3JMR1,3958925.60,22904058.24,22904058.24,2014-09-16,2015-09-15,2016-04-14,DETENTION COMPLIANCE AND REMOVALS,,Full And Open Competition,,Negotiated Proposal/Quote,,S206,Guard Services,561210,Facilities Support Services,"IGF::CT::IGF CRITICAL FUNCTION. DETENTION MANAGMENT, MEDICAL SERVICES, TRANSPORTATION SERVICES, FOOD SERVICES FOR DHS/ICE AUROROA, CO AT GEO GROUP COCA FACILITY.","CRITICAL FUNCTION. DETENTION MANAGMENT, MEDICAL SERVICES, TRANSPORTATION SERVICES, FOOD SERVICES FOR DHS/ICE AUROROA, CO AT GEO GROUP COCA FACILITY.",https://www.usaspending.gov/award/CONT_AWD_HSCEDM14J00031_7012_HSCEDM11D00003_7012
6827be6e40d7da44cbdce3672e13a9f34c66fdc7b3d48c60a5a683f8a73a770c,ICE,pre_Trump_I,ICE detention services,2015-01-16,HSCEDM15P00017,,Purchase Order,P00001,yes,"CORNELL COMPANIES, INC.",TLDCDE29G781,3MTH6,7951.65,18099.47,18099.47,2014-12-31,2015-03-31,2016-04-08,DETENTION MANAGEMENT LAGUNA,,Not Competed,1,Sole Source,,S206,Guard Services,561210,Facilities Support Services,USE FACILITIES DUE TO POSSIBLE BAD WEATHER AND SHUTDOWN OF OFFICES IF ICE DOES HIT THE  WEST TEXAS AREA AND DFW AREA. IGF::OT::IGF,"IGF::CT::IGF
USE FACILITIES DUE TO POSSIBLE BAD WEATHER AND SHUTDOWN OF OFFICES IF ICE DOES HIT THE WEST TEXAS AREA AND DFW AREA.
",https://www.usaspending.gov/award/CONT_AWD_HSCEDM15P00017_7012_-NONE-_-NONE-
b01d32745e7fda8288d6cc79283a5a5feb3da50609b0931cce44006cf23c012a,ICE,pre_Trump_I,ICE detention services,2015-01-22,HSCEDM14F00002,HSODT6C0002,Delivery Order,P00002,yes,"THE GEO GROUP, INC.",JMLKZZ1NL2Z6,3JMR1,35.64,10727.64,10727.64,2014-01-01,2014-12-31,2014-12-31,DETENTION MANAGEMENT LAGUNA,,Full And Open Competition,3,Negotiated Proposal/Quote,,S206,Guard Services,561612,Security Guards and Patrol Services ,"IGF::OT::IGF DETAINEE HOUSING, SAN DIEGO, CA","DETAINEE HOUSING, SAN DIEGO, CA",https://www.usaspending.gov/award/CONT_AWD_HSCEDM14F00002_7012_HSODT6C0002_7012
4a9aec685c5230330ee1d265dd6f11b9491bed9a5a8c49539c5191b12c773bed,ICE,pre_Trump_I,ICE detention services,2015-01-23,HSCEDM15P00017,,Purchase Order,P00002,yes,"CORNELL COMPANIES, INC.",TLDCDE29G781,3MTH6,1135.95,18099.47,18099.47,2014-12-31,2015-03-31,2016-04-08,DETENTION MANAGEMENT LAGUNA,,Not Competed,1,Sole Source,,S206,Guard Services,561210,Facilities Support Services,USE FACILITIES DUE TO POSSIBLE BAD WEATHER AND SHUTDOWN OF OFFICES IF ICE DOES HIT THE  WEST TEXAS AREA AND DFW AREA. IGF::OT::IGF,"IGF::CT::IGF
USE FACILITIES DUE TO POSSIBLE BAD WEATHER AND SHUTDOWN OF OFFICES IF ICE DOES HIT THE WEST TEXAS AREA AND DFW AREA.
",https://www.usaspending.gov/award/CONT_AWD_HSCEDM15P00017_7012_-NONE-_-NONE-
bc3b88bf3d97ee8dac94e941a56850ad40e09e39f08551ea3d18223d5a8d1791,ICE,pre_Trump_I,ICE detention services,2015-01-27,HSCEDM14J00008,HSCEDM12D00001,Delivery Order,P00012,yes,"THE GEO GROUP, INC.",JMLKZZ1NL2Z6,3JMR1,0.00,46037066.14,46037066.14,2013-12-01,2014-11-30,2016-01-13,DETENTION MANAGEMENT LAGUNA,,Full And Open Competition,1,Negotiated Proposal/Quote,,S206,Guard Services,561210,Facilities Support Services,GEO GROUP CONTRACT HSCEDM-12-D-00001 FOR SOUTH TEXAS DETENTION COMPLEX.  TASK ORDER HSCEDM-14-J-00008 IGF::OT::IGF,GEO GROUP CONTRACT HSCEDM-12-D-00001 FOR SOUTH TEXAS DETENTION COMPLEX. TASK ORDER HSCEDM-14-J-00008,https://www.usaspending.gov/award/CONT_AWD_HSCEDM14J00008_7012_HSCEDM12D00001_7012
e4400d0bb1b94f1d0148b558ab37bad00d6bfd118b0a3d6ec95020746057e83b,ICE,pre_Trump_I,ICE ISAP/electronic monitoring,2015-01-29,HSCEDM14J00033,HSCEDM14D00004,Delivery Order,P00003,yes,B.I. INCORPORATED,PKK6L9KLMYR5,3CUH9,0.00,35933182.44,35933182.44,2014-09-08,2015-09-07,2015-10-21,DETENTION COMPLIANCE AND REMOVALS,,Full And Open Competition,,Negotiated Proposal/Quote,,R408,Program Management/Support Services,561210,Facilities Support Services,TO FUND THE ISAP III CONTRACT UNDER BASE YEAR FOR CONTRACT HSCEDM-14-D-00004.  BASE PERIOD OF PERFORMANCE IS 09/08/2014 TO 09/07/2015.  IN SUPPORT OF THE ATD PROGRAM. ''IGF::CT::IGF'',TO FUND THE ISAP III CONTRACT UNDER BASE YEAR FOR CONTRACT HSCEDM-14-D-00004. BASE PERIOD OF PERFORMANCE IS 09/08/2014 TO 09/07/2015. IN SUPPORT OF THE ATD PROGRAM. '''',https://www.usaspending.gov/award/CONT_AWD_HSCEDM14J00033_7012_HSCEDM14D00004_7012
8de19fd0757cb89bd091174712b4cc0302dd9b38ac8943d65e95b679b593c349,ICE,pre_Trump_I,ICE detention services,2015-01-29,HSCEDM15J00003,HSCEDM10D00001,Delivery Order,P00001,yes,"THE GEO GROUP, INC.",JMLKZZ1NL2Z6,3JMR1,-22071951.80,23915075.97,23915075.97,2014-10-23,2015-09-27,2015-09-27,DETENTION MANAGEMENT - LAGUNA OFFICE,,Full And Open Competition,1,Negotiated Proposal/Quote,HSCEDM09R00003,S206,Guard Services,561210,Facilities Support Services,"IGF::CT::IGF - CRITICAL FUNCTIONS. DETENTION, TRANSPORTATION AND FOOD SERVICES","IGF::CT::IGF - CRITICAL FUNCTIONS. DETENTION, TRANSPORTATION AND FOOD SERVICES",https://www.usaspending.gov/award/CONT_AWD_HSCEDM15J00003_7012_HSCEDM10D00001_7012
5ae920d6c5e8130acaa3e52fa7ce0a614102b03d16246838f4dfb3234471f32c,ICE,pre_Trump_I,ICE detention services,2015-01-30,HSCEDM15P00017,,Purchase Order,P00003,yes,"CORNELL COMPANIES, INC.",TLDCDE29G781,3MTH6,833.27,18099.47,18099.47,2014-12-31,2015-03-31,2016-04-08,DETENTION MANAGEMENT LAGUNA,,Not Competed,1,Sole Source,,S206,Guard Services,561210,Facilities Support Services,USE FACILITIES DUE TO POSSIBLE BAD WEATHER AND SHUTDOWN OF OFFICES IF ICE DOES HIT THE  WEST TEXAS AREA AND DFW AREA. IGF::OT::IGF,"IGF::CT::IGF
USE FACILITIES DUE TO POSSIBLE BAD WEATHER AND SHUTDOWN OF OFFICES IF ICE DOES HIT THE WEST TEXAS AREA AND DFW AREA.
",https://www.usaspending.gov/award/CONT_AWD_HSCEDM15P00017_7012_-NONE-_-NONE-
9d44c3a32c9fafb2f7491fc67416eb63b2c756e99306102f57cccbd9dec6a0c7,ICE,pre_Trump_I,ICE detention services,2015-02-03,HSCEDM15J00004,HSCEDM12D00001,Delivery Order,P00003,yes,"THE GEO GROUP, INC.",JMLKZZ1NL2Z6,3JMR1,121582.99,50880520.83,50880520.83,2014-10-23,2015-11-30,2016-04-14,DETENTION COMPLIANCE AND REMOVALS,,Full And Open Competition,,Negotiated Proposal/Quote,,S206,Guard Services,561210,Facilities Support Services,REFERENCE SOUTH TEXAS DETENTION COMPLEX CONTRACT HSCEDM-12-D-00001 WITH THE GEO GROUP. OPTION YEAR 3 IGF::OT::IGF,REFERENCE SOUTH TEXAS DETENTION COMPLEX CONTRACT HSCEDM-12-D-00001 WITH THE GEO GROUP. OPTION YEAR 3,https://www.usaspending.gov/award/CONT_AWD_HSCEDM15J00004_7012_HSCEDM12D00001_7012
e8ddc0125d7d932567e98710f5e67a3849cce0c961327664fe19963e15854b10,ICE,pre_Trump_I,ICE detention services,2015-02-05,HSCEDM13J00036,HSCEDM11D00003,Delivery Order,P00009,yes,"THE GEO GROUP, INC.",JMLKZZ1NL2Z6,3JMR1,-73516.39,22991033.24,22991033.24,2013-09-16,2014-09-15,2014-09-15,DETENTION MANAGEMENT - LAGUNA OFFICE,,Full And Open Competition,1,Negotiated Proposal/Quote,HSCEDM11R00002,S206,Guard Services,561210,Facilities Support Services,"IGF::CT::IGF CRITICAL FUNCTION. DETENTION MANAGMENT, MEDICAL SERVICES, TRANSPORTATION SERVICES, FOOD SERVICES FOR DHS/ICE AUROROA, CO AT GEO GROUP COCA FACILITY.","IGF::CT::IGF CRITICAL FUNCTION. DETENTION MANAGMENT, MEDICAL SERVICES, TRANSPORTATION SERVICES, FOOD SERVICES FOR DHS/ICE AUROROA, CO AT GEO GROUP COCA FACILITY.",https://www.usaspending.gov/award/CONT_AWD_HSCEDM13J00036_7012_HSCEDM11D00003_7012
6025c7d56a1b85f2506b9a2d26c73f74b3e786862086e627002df42f0e6e60ba,ICE,pre_Trump_I,ICE detention services,2015-02-06,HSCEDM14J00010,HSCEDM14A00001,BPA Call,P00010,yes,"THE GEO GROUP, INC.",JMLKZZ1NL2Z6,3JMR1,934815.51,6148071.25,7699346.78,2014-01-01,2015-03-31,2015-07-10,DETENTION MANAGEMENT LAGUNA,,Competed Under Simplified Acquisition Procedures,1,Simplified Acquisition,,S206,Guard Services,922140,Correctional Institutions ,IGF::CT::IGF FUNDING FOR RIO GRANDE FACILITY WITH GEO GROUP UNDER DOJ NUMBER ODT-7-C-0003.,"IGF::CT::IGF
FUNDING FOR RIO GRANDE FACILITY WITH GEO GROUP UNDER DOJ NUMBER ODT-7-C-0003.",https://www.usaspending.gov/award/CONT_AWD_HSCEDM14J00010_7012_HSCEDM14A00001_7012
f29ecc8b4960ec8ca14912919f1c4315aee1e7cf44abf2a3aa5820ed3c0de717,ICE,pre_Trump_I,ICE detention services,2015-02-12,HSCEDM13J00004,HSCEDM12D00001,Delivery Order,P00017,yes,"THE GEO GROUP, INC.",JMLKZZ1NL2Z6,3JMR1,35606.82,45677434.96,45677434.96,2012-11-26,2013-11-30,2015-08-15,DETENTION MANAGEMENT LAGUNA,,Full And Open Competition,1,Negotiated Proposal/Quote,,S206,Guard Services,561210,Facilities Support Services,"""OTHER FUNCTION"" - IGF::OT::IGF SOUTH TEXAS DETENTION COMPLEX CONTRACT HSCEDM-12-D-00001 WITH THE GEO GROUP. FUNDING FOR SEPTEMBER ON  TASK ORDER HSCEDM-13-J-00004.",SOUTH TEXAS DETENTION COMPLEX CONTRACT HSCEDM-12-D-00001 WITH THE GEO GROUP. TASK ORDER HSCEDM-13-J-00004.,https://www.usaspending.gov/award/CONT_AWD_HSCEDM13J00004_7012_HSCEDM12D00001_7012
fb97d711044b0b50b46688e66790f30f03309e178323753a8c052af6a7639873,ICE,pre_Trump_I,ICE ISAP/electronic monitoring,2015-02-25,HSCEDM14J00033,HSCEDM14D00004,Delivery Order,P00004,yes,B.I. INCORPORATED,PKK6L9KLMYR5,3CUH9,1825190.42,35933182.44,35933182.44,2014-09-08,2015-09-07,2015-10-21,DETENTION COMPLIANCE AND REMOVALS,,Full And Open Competition,,Negotiated Proposal/Quote,,R408,Program Management/Support Services,561210,Facilities Support Services,TO FUND THE ISAP III CONTRACT UNDER BASE YEAR FOR CONTRACT HSCEDM-14-D-00004.  BASE PERIOD OF PERFORMANCE IS 09/08/2014 TO 09/07/2015.  IN SUPPORT OF THE ATD PROGRAM. ''IGF::CT::IGF'',TO FUND THE ISAP III CONTRACT UNDER BASE YEAR FOR CONTRACT HSCEDM-14-D-00004. BASE PERIOD OF PERFORMANCE IS 09/08/2014 TO 09/07/2015. IN SUPPORT OF THE ATD PROGRAM. '''',https://www.usaspending.gov/award/CONT_AWD_HSCEDM14J00033_7012_HSCEDM14D00004_7012
9c353739b2606f5e97d385839de83ce04fd392f8ca2809d6ffb8dafe6cc9ae53,ICE,pre_Trump_I,ICE detention services,2015-02-25,HSCEDM15P00017,,Purchase Order,P00004,yes,"CORNELL COMPANIES, INC.",TLDCDE29G781,3MTH6,1893.25,18099.47,18099.47,2014-12-31,2015-03-31,2016-04-08,DETENTION MANAGEMENT LAGUNA,,Not Competed,1,Sole Source,,S206,Guard Services,561210,Facilities Support Services,IGF::OT::IGF  USE FACILITIES DUE TO POSSIBLE BAD WEATHER AND SHUTDOWN OF OFFICES IF ICE DOES HIT THE  WEST TEXAS AREA AND DFW AREA.,"IGF::CT::IGF
USE FACILITIES DUE TO POSSIBLE BAD WEATHER AND SHUTDOWN OF OFFICES IF ICE DOES HIT THE WEST TEXAS AREA AND DFW AREA.
",https://www.usaspending.gov/award/CONT_AWD_HSCEDM15P00017_7012_-NONE-_-NONE-
a86d1e88df43247a76551f31030a16ad6c6a6110e98a2a5717f62c4d75f52c3a,ICE,pre_Trump_I,ICE detention services,2015-02-27,HSCEDM15P00017,,Purchase Order,P00005,yes,"CORNELL COMPANIES, INC.",TLDCDE29G781,3MTH6,4316.61,18099.47,18099.47,2014-12-31,2015-03-31,2016-04-08,DETENTION MANAGEMENT LAGUNA,,Not Competed,1,Sole Source,,S206,Guard Services,561210,Facilities Support Services,IGF::OT::IGF  USE FACILITIES DUE TO POSSIBLE BAD WEATHER AND SHUTDOWN OF OFFICES IF ICE DOES HIT THE  WEST TEXAS AREA AND DFW AREA.,"IGF::CT::IGF
USE FACILITIES DUE TO POSSIBLE BAD WEATHER AND SHUTDOWN OF OFFICES IF ICE DOES HIT THE WEST TEXAS AREA AND DFW AREA.
",https://www.usaspending.gov/award/CONT_AWD_HSCEDM15P00017_7012_-NONE-_-NONE-
cc857d1de1098e9d39df68b158dc894fcc46fe6bcf2b76eb8cbbec5e91ef1c60,ICE,pre_Trump_I,ICE detention services,2015-03-10,HSCEDM15P00017,,Purchase Order,P00006,yes,"CORNELL COMPANIES, INC.",TLDCDE29G781,3MTH6,2271.90,18099.47,18099.47,2014-12-31,2015-03-31,2016-04-08,DETENTION MANAGEMENT LAGUNA,,Not Competed,1,Sole Source,,S206,Guard Services,561210,Facilities Support Services,IGF::OT::IGF  USE FACILITIES DUE TO POSSIBLE BAD WEATHER AND SHUTDOWN OF OFFICES IF ICE DOES HIT THE  WEST TEXAS AREA AND DFW AREA.,"IGF::CT::IGF
USE FACILITIES DUE TO POSSIBLE BAD WEATHER AND SHUTDOWN OF OFFICES IF ICE DOES HIT THE WEST TEXAS AREA AND DFW AREA.
",https://www.usaspending.gov/award/CONT_AWD_HSCEDM15P00017_7012_-NONE-_-NONE-
82b9d24f949d846dd6a447c6710120e94bcd3e369c7b6a95694fe6a35dff4e6a,ICE,pre_Trump_I,ICE ISAP/electronic monitoring,2015-03-11,HSCEDM14J00033,HSCEDM14D00004,Delivery Order,P00005,yes,B.I. INCORPORATED,PKK6L9KLMYR5,3CUH9,2201081.41,35933182.44,35933182.44,2014-09-08,2015-09-07,2015-10-21,DETENTION COMPLIANCE AND REMOVALS,,Full And Open Competition,,Negotiated Proposal/Quote,,R408,Program Management/Support Services,561210,Facilities Support Services,''IGF::CT::IGF''   TO FUND THE ISAP III CONTRACT UNDER BASE YEAR FOR CONTRACT HSCEDM-14-D-00004.  BASE PERIOD OF PERFORMANCE IS 09/08/2014 TO 09/07/2015.  IN SUPPORT OF THE ATD PROGRAM.,TO FUND THE ISAP III CONTRACT UNDER BASE YEAR FOR CONTRACT HSCEDM-14-D-00004. BASE PERIOD OF PERFORMANCE IS 09/08/2014 TO 09/07/2015. IN SUPPORT OF THE ATD PROGRAM. '''',https://www.usaspending.gov/award/CONT_AWD_HSCEDM14J00033_7012_HSCEDM14D00004_7012
240b33d3fbd3fdfc57a743b6059da9bee0634706f16cd611c7a2be6aec243e5e,ICE,pre_Trump_I,ICE detention services,2015-03-12,HSCEDM15J00003,HSCEDM10D00001,Delivery Order,P00002,yes,"THE GEO GROUP, INC.",JMLKZZ1NL2Z6,3JMR1,0.00,23915075.97,23915075.97,2014-10-23,2015-09-27,2015-09-27,DETENTION MANAGEMENT - LAGUNA OFFICE,,Full And Open Competition,1,Negotiated Proposal/Quote,HSCEDM09R00003,S206,Guard Services,561210,Facilities Support Services,"IGF::CT::IGF - CRITICAL FUNCTIONS.  DETENTION, TRANSPORTATION AND FOOD SERVICES","IGF::CT::IGF - CRITICAL FUNCTIONS. DETENTION, TRANSPORTATION AND FOOD SERVICES",https://www.usaspending.gov/award/CONT_AWD_HSCEDM15J00003_7012_HSCEDM10D00001_7012
a8d30c4a04f87bb0b7ef732084426d86fd2b39b09e55b2cac281501f788ef1d7,ICE,pre_Trump_I,ICE detention services,2015-03-13,HSCEDM14J00031,HSCEDM11D00003,Delivery Order,P00005,yes,"THE GEO GROUP, INC.",JMLKZZ1NL2Z6,3JMR1,0.00,22904058.24,22904058.24,2014-09-16,2015-09-15,2016-04-14,DETENTION COMPLIANCE AND REMOVALS,,Full And Open Competition,,Negotiated Proposal/Quote,,S206,Guard Services,561210,Facilities Support Services,"IGF::CT::IGF CRITICAL FUNCTION. DETENTION MANAGMENT, MEDICAL SERVICES, TRANSPORTATION SERVICES, FOOD SERVICES FOR DHS/ICE AUROROA, CO AT GEO GROUP COCA FACILITY.","CRITICAL FUNCTION. DETENTION MANAGMENT, MEDICAL SERVICES, TRANSPORTATION SERVICES, FOOD SERVICES FOR DHS/ICE AUROROA, CO AT GEO GROUP COCA FACILITY.",https://www.usaspending.gov/award/CONT_AWD_HSCEDM14J00031_7012_HSCEDM11D00003_7012
5375ac7991a9c7751e39765a3bc78a3225cf1d625b4de769b8edcefc6b138122,ICE,pre_Trump_I,ICE detention services,2015-03-17,HSCEDM14J00031,HSCEDM11D00003,Delivery Order,P00006,yes,"THE GEO GROUP, INC.",JMLKZZ1NL2Z6,3JMR1,1949204.41,22904058.24,22904058.24,2014-09-16,2015-09-15,2016-04-14,DETENTION COMPLIANCE AND REMOVALS,,Full And Open Competition,,Negotiated Proposal/Quote,,S206,Guard Services,561210,Facilities Support Services,"IGF::CT::IGF CRITICAL FUNCTION. DETENTION MANAGMENT, MEDICAL SERVICES, TRANSPORTATION SERVICES, FOOD SERVICES FOR DHS/ICE AUROROA, CO AT GEO GROUP COCA FACILITY.","CRITICAL FUNCTION. DETENTION MANAGMENT, MEDICAL SERVICES, TRANSPORTATION SERVICES, FOOD SERVICES FOR DHS/ICE AUROROA, CO AT GEO GROUP COCA FACILITY.",https://www.usaspending.gov/award/CONT_AWD_HSCEDM14J00031_7012_HSCEDM11D00003_7012
11d65c4aba94194cc661094d9d3d410ad1b6a326c3d30815812da6fac86a8e39,ICE,pre_Trump_I,ICE detention services,2015-03-20,HSCEDM14J00010,HSCEDM14A00001,BPA Call,P00011,yes,"THE GEO GROUP, INC.",JMLKZZ1NL2Z6,3JMR1,230175.00,6148071.25,7699346.78,2014-01-01,2015-03-31,2015-07-10,DETENTION MANAGEMENT LAGUNA,,Competed Under Simplified Acquisition Procedures,1,Simplified Acquisition,,S206,Guard Services,922140,Correctional Institutions ,"IGF::CT::IGF FUNDING FOR RIO GRANDE FACILITY WITH GEO GROUP UNDER DOJ NUMBER ODT-7-C-0003. THROUGH MARCH 31, 2015","IGF::CT::IGF
FUNDING FOR RIO GRANDE FACILITY WITH GEO GROUP UNDER DOJ NUMBER ODT-7-C-0003.",https://www.usaspending.gov/award/CONT_AWD_HSCEDM14J00010_7012_HSCEDM14A00001_7012
2d23468b516a63a4ceddd074724be69bb974187c296d36d378b0fca4c1539b7e,ICE,pre_Trump_I,ICE other/unresolved,2015-03-30,HSCEDM15F00009,HSCEDM09D00006,Delivery Order,P00001,yes,"THE GEO GROUP, INC.",JMLKZZ1NL2Z6,3JMR1,2093003.92,12032163.70,12032163.70,2014-12-29,2015-06-30,2015-10-02,DETENTION COMPLIANCE AND REMOVALS,,Full And Open Competition,,Negotiated Proposal/Quote,,S206,Guard Services,561621,Security Systems Services (except Locksmiths) ,IGF::CT::IGF FUNDING FOR TASK ORDER TO SERVE AS BRIDGE CONTRACT.,"IGF::CT::IGF

FUNDING FOR TASK ORDER TO SERVE AS BRIDGE CONTRACT. CURRENT T/O IS HSCEDM-13-F-00019 UNDER CONTRACT HSCEDM-09-D-00006. T/O POP: 01/01/15 TO 3/31/15. FUNDED POP: 01/01/15 TO 3/31/15.",https://www.usaspending.gov/award/CONT_AWD_HSCEDM15F00009_7012_HSCEDM09D00006_7012
126c89fda7c607fa0e695f0b84baa02052ace25879944117010e16b6fa79ecac,ICE,pre_Trump_I,ICE detention services,2015-03-30,HSCEDM15J00003,HSCEDM10D00001,Delivery Order,P00003,yes,"THE GEO GROUP, INC.",JMLKZZ1NL2Z6,3JMR1,-17293903.46,23915075.97,23915075.97,2014-10-23,2015-09-27,2015-09-27,DETENTION MANAGEMENT - LAGUNA OFFICE,,Full And Open Competition,1,Negotiated Proposal/Quote,HSCEDM09R00003,S206,Guard Services,561210,Facilities Support Services,"IGF::CT::IGF - CRITICAL FUNCTION. DETENTION, TRANSPORTATION AND FOOD SERVICES","IGF::CT::IGF - CRITICAL FUNCTIONS. DETENTION, TRANSPORTATION AND FOOD SERVICES",https://www.usaspending.gov/award/CONT_AWD_HSCEDM15J00003_7012_HSCEDM10D00001_7012
50a238879efb3f72c868e4abc4fe650e07590ef0efe047c1c343fea4d848b27b,ICE,pre_Trump_I,ICE detention services,2015-03-30,HSCEDM15J00017,HSCEDM14A00001,BPA Call,0,no,"THE GEO GROUP, INC.",JMLKZZ1NL2Z6,3JMR1,324996.14,4619592.71,4619592.71,2015-03-30,2016-03-31,2016-07-16,DETENTION MANAGEMENT LAGUNA,,Competed Under Simplified Acquisition Procedures,1,Simplified Acquisition,,S206,Guard Services,922140,Correctional Institutions ,IGF::CT::IGF RIO GRANDE FACILITY WITH GEO GROUP UNDER DOJ NUMBER ODT-7-C-0003. (FY15 TASK ORDER),"IGF::CT::IGF
RIO GRANDE FACILITY WITH GEO GROUP UNDER DOJ NUMBER ODT-7-C-0003. (FY15 TASK ORDER)",https://www.usaspending.gov/award/CONT_AWD_HSCEDM15J00017_7012_HSCEDM14A00001_7012
0a56a4c26c4dce4e056b2b9c1bd77d156dd66d486122410b261150674fb8c314,ICE,pre_Trump_I,ICE detention services,2015-04-02,HSCEDM15J00004,HSCEDM12D00001,Delivery Order,P00004,yes,"THE GEO GROUP, INC.",JMLKZZ1NL2Z6,3JMR1,3978458.50,50880520.83,50880520.83,2014-10-23,2015-11-30,2016-04-14,DETENTION COMPLIANCE AND REMOVALS,,Full And Open Competition,,Negotiated Proposal/Quote,,S206,Guard Services,561210,Facilities Support Services,REFERENCE SOUTH TEXAS DETENTION COMPLEX CONTRACT HSCEDM-12-D-00001 WITH THE GEO GROUP. OPTION YEAR 3 IGF::OT::IGF,REFERENCE SOUTH TEXAS DETENTION COMPLEX CONTRACT HSCEDM-12-D-00001 WITH THE GEO GROUP. OPTION YEAR 3,https://www.usaspending.gov/award/CONT_AWD_HSCEDM15J00004_7012_HSCEDM12D00001_7012
016d83516478f82804358f1a73fe15bf70891fad48772c06e5662a04e07d9121,ICE,pre_Trump_I,ICE ISAP/electronic monitoring,2015-04-10,HSCEDM14J00033,HSCEDM14D00004,Delivery Order,P00006,yes,B.I. INCORPORATED,PKK6L9KLMYR5,3CUH9,5500000.00,35933182.44,35933182.44,2014-09-08,2015-09-07,2015-10-21,DETENTION COMPLIANCE AND REMOVALS,,Full And Open Competition,,Negotiated Proposal/Quote,,R408,Program Management/Support Services,561210,Facilities Support Services,''IGF::CT::IGF'' INTENSIVE SUPERVISION APPEARANCE PROGRAM III FOR ATD. BASE PERIOD OF PERFORMANCE,TO FUND THE ISAP III CONTRACT UNDER BASE YEAR FOR CONTRACT HSCEDM-14-D-00004. BASE PERIOD OF PERFORMANCE IS 09/08/2014 TO 09/07/2015. IN SUPPORT OF THE ATD PROGRAM. '''',https://www.usaspending.gov/award/CONT_AWD_HSCEDM14J00033_7012_HSCEDM14D00004_7012
dbeef48caf82512bab89c7545324ba9a02a8fce6b03f3a6b256f2f2f6d89aef3,ICE,pre_Trump_I,ICE detention services,2015-04-15,HSCEDM15J00017,HSCEDM14A00001,BPA Call,P00001,yes,"THE GEO GROUP, INC.",JMLKZZ1NL2Z6,3JMR1,1741846.43,4619592.71,4619592.71,2015-03-30,2016-03-31,2016-07-16,DETENTION MANAGEMENT LAGUNA,,Competed Under Simplified Acquisition Procedures,1,Simplified Acquisition,,S206,Guard Services,922140,Correctional Institutions ,IGF::CT::IGF RIO GRANDE FACILITY WITH GEO GROUP UNDER DOJ NUMBER ODT-7-C-0003. (FY15 TASK ORDER),"IGF::CT::IGF
RIO GRANDE FACILITY WITH GEO GROUP UNDER DOJ NUMBER ODT-7-C-0003. (FY15 TASK ORDER)",https://www.usaspending.gov/award/CONT_AWD_HSCEDM15J00017_7012_HSCEDM14A00001_7012
4ee613d309466700bcbf88c53dda4fbe13f994e5f795eb0b7822d2f711d9cb3c,ICE,pre_Trump_I,ICE detention services,2015-04-17,HSCEDM14J00031,HSCEDM11D00003,Delivery Order,P00007,yes,"THE GEO GROUP, INC.",JMLKZZ1NL2Z6,3JMR1,9418440.55,22904058.24,22904058.24,2014-09-16,2015-09-15,2016-04-14,DETENTION COMPLIANCE AND REMOVALS,,Full And Open Competition,,Negotiated Proposal/Quote,,S206,Guard Services,561210,Facilities Support Services,"IGF::CT::IGF. DETENTION MANAGEMENT, MEDICAL SERVICES, TRANSPORTATION SERVICES, FOOD SERVICES FOR DHS/ICE AURORA, CO GEO GROUP COCA FACILITY.","CRITICAL FUNCTION. DETENTION MANAGMENT, MEDICAL SERVICES, TRANSPORTATION SERVICES, FOOD SERVICES FOR DHS/ICE AUROROA, CO AT GEO GROUP COCA FACILITY.",https://www.usaspending.gov/award/CONT_AWD_HSCEDM14J00031_7012_HSCEDM11D00003_7012
6cc67568e1025e5c1ff8ffb9c6263f0fa7e9f580296380f909034959df67db29,ICE,pre_Trump_I,ICE detention services,2015-04-21,HSCEDM15J00004,HSCEDM12D00001,Delivery Order,P00005,yes,"THE GEO GROUP, INC.",JMLKZZ1NL2Z6,3JMR1,19373422.40,50880520.83,50880520.83,2014-10-23,2015-11-30,2016-04-14,DETENTION COMPLIANCE AND REMOVALS,,Full And Open Competition,,Negotiated Proposal/Quote,,S206,Guard Services,561210,Facilities Support Services,REFERENCE SOUTH TEXAS DETENTION COMPLEX CONTRACT HSCEDM-12-D-00001 WITH THE GEO GROUP. OPTION YEAR 3 IGF::OT::IGF,REFERENCE SOUTH TEXAS DETENTION COMPLEX CONTRACT HSCEDM-12-D-00001 WITH THE GEO GROUP. OPTION YEAR 3,https://www.usaspending.gov/award/CONT_AWD_HSCEDM15J00004_7012_HSCEDM12D00001_7012
c17dee7fc5d80ba5d1518d89a5b2dc5a8cd5d4fb20ff7b989083b504f0780c6f,ICE,pre_Trump_I,ICE other/unresolved,2015-04-23,HSCEDM15F00009,HSCEDM09D00006,Delivery Order,P00002,yes,"THE GEO GROUP, INC.",JMLKZZ1NL2Z6,3JMR1,4046365.50,12032163.70,12032163.70,2014-12-29,2015-06-30,2015-10-02,DETENTION COMPLIANCE AND REMOVALS,,Full And Open Competition,,Negotiated Proposal/Quote,,S206,Guard Services,561621,Security Systems Services (except Locksmiths) ,IGF::CT::IGF FUNDING FOR TASK ORDER TO SERVE AS BRIDGE CONTRACT.,"IGF::CT::IGF

FUNDING FOR TASK ORDER TO SERVE AS BRIDGE CONTRACT. CURRENT T/O IS HSCEDM-13-F-00019 UNDER CONTRACT HSCEDM-09-D-00006. T/O POP: 01/01/15 TO 3/31/15. FUNDED POP: 01/01/15 TO 3/31/15.",https://www.usaspending.gov/award/CONT_AWD_HSCEDM15F00009_7012_HSCEDM09D00006_7012
87650d205228d499ed554bba97abbc8e4641eaadb7656dac4dd8631de521d269,ICE,pre_Trump_I,ICE detention services,2015-04-23,HSCEDM15J00003,HSCEDM10D00001,Delivery Order,P00004,yes,"THE GEO GROUP, INC.",JMLKZZ1NL2Z6,3JMR1,20588167.48,23915075.97,23915075.97,2014-10-23,2015-09-27,2015-09-27,DETENTION MANAGEMENT - LAGUNA OFFICE,,Full And Open Competition,1,Negotiated Proposal/Quote,HSCEDM09R00003,S206,Guard Services,561210,Facilities Support Services,"IGF::CT::IGF DETENTION, TRANSPORTATION AND FOOD SERVICES","IGF::CT::IGF - CRITICAL FUNCTIONS. DETENTION, TRANSPORTATION AND FOOD SERVICES",https://www.usaspending.gov/award/CONT_AWD_HSCEDM15J00003_7012_HSCEDM10D00001_7012
79a3b27ade6eeaafa9eefe904e029f9433775d270936856c80fc4f59c3489342,ICE,pre_Trump_I,ICE ISAP/electronic monitoring,2015-05-12,HSCEDM14J00033,HSCEDM14D00004,Delivery Order,P00007,yes,B.I. INCORPORATED,PKK6L9KLMYR5,3CUH9,12599106.37,35933182.44,35933182.44,2014-09-08,2015-09-07,2015-10-21,DETENTION COMPLIANCE AND REMOVALS,,Full And Open Competition,,Negotiated Proposal/Quote,,R408,Program Management/Support Services,561210,Facilities Support Services,''IGF::CT::IGF'' INTENSIVE SUPERVISION APPEARANCE PROGRAM III FOR ATD. BASE PERIOD OF PERFORMANCE,TO FUND THE ISAP III CONTRACT UNDER BASE YEAR FOR CONTRACT HSCEDM-14-D-00004. BASE PERIOD OF PERFORMANCE IS 09/08/2014 TO 09/07/2015. IN SUPPORT OF THE ATD PROGRAM. '''',https://www.usaspending.gov/award/CONT_AWD_HSCEDM14J00033_7012_HSCEDM14D00004_7012
3f11a1c425cec28b4016e29f648a5a69fcec3f594edd27ce3c03a79fb925b8dd,ICE,pre_Trump_I,ICE other/unresolved,2015-05-27,HSCEDM13F00019,HSCEDM09D00006,Delivery Order,P00022,yes,"THE GEO GROUP, INC.",JMLKZZ1NL2Z6,3JMR1,-126930.74,44711694.51,44711694.51,2013-03-01,2014-12-31,2015-06-26,DETENTION MANAGEMENT LAGUNA,,Full And Open Competition,1,Negotiated Proposal/Quote,,S206,Guard Services,561621,Security Systems Services (except Locksmiths) ,IGF::CT::IGF FUNDING FOR BROWARD TRANSITIONAL CENTER,"FUNDING FOR NEW TASK ORDER TO EXERCISE OPTION YEAR 4 OF CONTRACT HSCEDM-09-D-00006. T/O POP 3/01/2013 TO 02/28/2014. FUNDING POP 3/1/2013 TO 3/31/2013.

IGF::CT::IGF",https://www.usaspending.gov/award/CONT_AWD_HSCEDM13F00019_7012_HSCEDM09D00006_7012
87ec8d6e08b5733dfaeb2965a0e982b22de3ace7d5dcb1b6aa6db5ab451d7cff,ICE,pre_Trump_I,ICE detention services,2015-05-28,HSCEDM14J00001,HSCEDM10D00001,Delivery Order,P00010,yes,"THE GEO GROUP, INC.",JMLKZZ1NL2Z6,3JMR1,-1012248.60,55931489.71,55931489.71,2013-10-24,2014-10-23,2014-10-23,DETENTION MANAGEMENT - LAGUNA OFFICE,,Full And Open Competition,1,Negotiated Proposal/Quote,,S206,Guard Services,561210,Facilities Support Services,"IGF::CT::IGF - CRITICAL FUNCTIONS. DETENTION, TRANSPORTATION AND FOOD SERVICES","IGF::CT::IGF - CRITICAL FUNCTIONS. DETENTION, TRANSPORTATION AND FOOD SERVICES",https://www.usaspending.gov/award/CONT_AWD_HSCEDM14J00001_7012_HSCEDM10D00001_7012
223fc203f7a0868e58bd88932b3c53187ad37282082f737cead4759e03d245cc,ICE,pre_Trump_I,ICE detention services,2015-05-28,HSCEDM15J00003,HSCEDM10D00001,Delivery Order,P00005,yes,"THE GEO GROUP, INC.",JMLKZZ1NL2Z6,3JMR1,9572516.38,23915075.97,23915075.97,2014-10-23,2015-09-27,2015-09-27,DETENTION MANAGEMENT - LAGUNA OFFICE,,Full And Open Competition,1,Negotiated Proposal/Quote,HSCEDM09R00003,S206,Guard Services,561210,Facilities Support Services,"IGF::CT::IGF DETENTION, TRANSPORTATION AND FOOD SERVICES","IGF::CT::IGF - CRITICAL FUNCTIONS. DETENTION, TRANSPORTATION AND FOOD SERVICES",https://www.usaspending.gov/award/CONT_AWD_HSCEDM15J00003_7012_HSCEDM10D00001_7012
56ed671a352fc220d77439a1324e0d7892b862970fcaf12049928f57f4b47aef,ICE,pre_Trump_I,ICE detention services,2015-06-10,HSCEDM14J00010,HSCEDM14A00001,BPA Call,P00012,yes,"THE GEO GROUP, INC.",JMLKZZ1NL2Z6,3JMR1,-335483.78,6148071.25,7699346.78,2014-01-01,2015-03-31,2015-07-10,DETENTION MANAGEMENT LAGUNA,,Competed Under Simplified Acquisition Procedures,1,Simplified Acquisition,,S206,Guard Services,922140,Correctional Institutions ,IGF::CT::IGF RIO GRANDE FACILITY DOJ NUMBER ODT-7-C-0003.,"IGF::CT::IGF
FUNDING FOR RIO GRANDE FACILITY WITH GEO GROUP UNDER DOJ NUMBER ODT-7-C-0003.",https://www.usaspending.gov/award/CONT_AWD_HSCEDM14J00010_7012_HSCEDM14A00001_7012
56a6cd465e3333962592e4afac418020fdc43d1bda2cf04f59d46d3f4119fd7f,CBP,pre_Trump_I,CBP detention/jail space,2015-06-23,HSBP1012C00101,,DEFINITIVE CONTRACT,P00006,yes,"THE GEO GROUP, INC.",JMLKZZ1NL2Z6,3JMR1,0.00,646781.94,737205.00,2012-09-14,2016-03-13,2021-03-13,BORDER ENFORCEMENT CONTRACTING DIVISION,US BORDER PATROL,NOT COMPETED,1,ONLY ONE SOURCE,,R418,SUPPORT- PROFESSIONAL: LEGAL,922140,CORRECTIONAL INSTITUTIONS,IGF::OT::IGF MOD TO CHANGE NAME/NOVATION,DETENTION SPACE FOR ALIEN SUBJECTS IN BORDER PATROL CUSTODY,https://www.usaspending.gov/award/CONT_AWD_HSBP1012C00101_7014_-NONE-_-NONE-
19fb3f62a05f809f06fb329452104c843e9ac8901d394295c7517bc9b3406a21,ICE,pre_Trump_I,ICE detention services,2015-06-23,HSCEDM14J00031,HSCEDM11D00003,Delivery Order,P00008,yes,"THE GEO GROUP, INC.",JMLKZZ1NL2Z6,3JMR1,366047.13,22904058.24,22904058.24,2014-09-16,2015-09-15,2016-04-14,DETENTION COMPLIANCE AND REMOVALS,,Full And Open Competition,,Negotiated Proposal/Quote,,S206,Guard Services,561210,Facilities Support Services,"IGF::CT::IGF. DETENTION MANAGEMENT, MEDICAL, TRANSPORTATION, FOOD SERVICES FOR DHS/ICE AURORA, CO GEO GROUP COCA FACILITY.","CRITICAL FUNCTION. DETENTION MANAGMENT, MEDICAL SERVICES, TRANSPORTATION SERVICES, FOOD SERVICES FOR DHS/ICE AUROROA, CO AT GEO GROUP COCA FACILITY.",https://www.usaspending.gov/award/CONT_AWD_HSCEDM14J00031_7012_HSCEDM11D00003_7012
c2edbf5b591529bb9d8122349b1c2e31144ca923022df2ac3b4b469492e0676d,ICE,pre_Trump_I,ICE detention services,2015-06-25,HSCEDM15J00003,HSCEDM10D00001,Delivery Order,P00006,yes,"THE GEO GROUP, INC.",JMLKZZ1NL2Z6,3JMR1,8861129.38,23915075.97,23915075.97,2014-10-23,2015-09-27,2015-09-27,DETENTION MANAGEMENT - LAGUNA OFFICE,,Full And Open Competition,1,Negotiated Proposal/Quote,HSCEDM09R00003,S206,Guard Services,561210,Facilities Support Services,"IGF::CT::IGF DETENTION, TRANSPORTATION AND FOOD SERVICES","IGF::CT::IGF - CRITICAL FUNCTIONS. DETENTION, TRANSPORTATION AND FOOD SERVICES",https://www.usaspending.gov/award/CONT_AWD_HSCEDM15J00003_7012_HSCEDM10D00001_7012
6f4f824ac867489e296ca6392da9e686fb072b453d2e686f364eb265185990ac,ICE,pre_Trump_I,ICE detention services,2015-06-30,HSCEDM15J00024,HSCEDM15D00006,Delivery Order,0,no,"THE GEO GROUP, INC.",JMLKZZ1NL2Z6,3JMR1,23821480.07,29419117.96,29419117.96,2015-07-01,2016-06-30,2016-09-23,DETENTION COMPLIANCE AND REMOVALS,,Full And Open Competition,,Negotiated Proposal/Quote,,S206,Guard Services,561210,Facilities Support Services,IGF::CL::IGF DETENTION SERVICES AT BROWARD TRANSITIONAL CENTER,DETENTION SERVICES AT BROWARD TRANSITIONAL CENTER,https://www.usaspending.gov/award/CONT_AWD_HSCEDM15J00024_7012_HSCEDM15D00006_7012
77327bd56dd8af5c5ed08a5b8557be6858a26477ca077ada4189be36112947e6,ICE,pre_Trump_I,ICE detention services,2015-07-15,HSCEDM15J00004,HSCEDM12D00001,Delivery Order,P00006,yes,"THE GEO GROUP, INC.",JMLKZZ1NL2Z6,3JMR1,7698456.94,50880520.83,50880520.83,2014-10-23,2015-11-30,2016-04-14,DETENTION COMPLIANCE AND REMOVALS,,Full And Open Competition,,Negotiated Proposal/Quote,,S206,Guard Services,561210,Facilities Support Services,REFERENCE SOUTH TEXAS DETENTION COMPLEX CONTRACT HSCEDM-12-D-00001 WITH THE GEO GROUP. OPTION YEAR 3 IGF::OT::IGF,REFERENCE SOUTH TEXAS DETENTION COMPLEX CONTRACT HSCEDM-12-D-00001 WITH THE GEO GROUP. OPTION YEAR 3,https://www.usaspending.gov/award/CONT_AWD_HSCEDM15J00004_7012_HSCEDM12D00001_7012
d0e222cb2a623b4801d75fcefe40cbcc027f415be11aff8bac81a30add5f2b4a,ICE,pre_Trump_I,ICE detention services,2015-07-16,HSCEDM13J00004,HSCEDM12D00001,Delivery Order,P00018,yes,"THE GEO GROUP, INC.",JMLKZZ1NL2Z6,3JMR1,-8036.75,45677434.96,45677434.96,2012-11-26,2013-11-30,2015-08-15,DETENTION MANAGEMENT LAGUNA,,Full And Open Competition,1,Negotiated Proposal/Quote,,S206,Guard Services,561210,Facilities Support Services,"""OTHER FUNCTION"" - IGF::OT::IGF SOUTH TEXAS DETENTION COMPLEX CONTRACT HSCEDM-12-D-00001",SOUTH TEXAS DETENTION COMPLEX CONTRACT HSCEDM-12-D-00001 WITH THE GEO GROUP. TASK ORDER HSCEDM-13-J-00004.,https://www.usaspending.gov/award/CONT_AWD_HSCEDM13J00004_7012_HSCEDM12D00001_7012
7c01b99ad83ad26176728d458ea32948ab884d4b18b3e622454388407dcbf968,ICE,pre_Trump_I,ICE detention services,2015-07-16,HSCEDM15J00017,HSCEDM14A00001,BPA Call,P00002,yes,"THE GEO GROUP, INC.",JMLKZZ1NL2Z6,3JMR1,1219119.90,4619592.71,4619592.71,2015-03-30,2016-03-31,2016-07-16,DETENTION MANAGEMENT LAGUNA,,Competed Under Simplified Acquisition Procedures,1,Simplified Acquisition,,S206,Guard Services,922140,Correctional Institutions ,IGF::CT::IGF RIO GRANDE DETENTION FACILITY DOJ NUMBER ODT-7-C-0003.,"IGF::CT::IGF
RIO GRANDE FACILITY WITH GEO GROUP UNDER DOJ NUMBER ODT-7-C-0003. (FY15 TASK ORDER)",https://www.usaspending.gov/award/CONT_AWD_HSCEDM15J00017_7012_HSCEDM14A00001_7012
228da3fc328cdc8dbc39b5fe4732429f39902f32e8492992231f637b0af958c9,ICE,pre_Trump_I,ICE ISAP/electronic monitoring,2015-07-21,HSCEDM14J00033,HSCEDM14D00004,Delivery Order,P00008,yes,B.I. INCORPORATED,PKK6L9KLMYR5,3CUH9,-0.02,35933182.44,35933182.44,2014-09-08,2015-09-07,2015-10-21,DETENTION COMPLIANCE AND REMOVALS,,Full And Open Competition,,Negotiated Proposal/Quote,,R408,Program Management/Support Services,561210,Facilities Support Services,IGF::CT::IGF INTENSIVE SUPERVISION APPEARANCE PROGRAM III FOR ATD.,TO FUND THE ISAP III CONTRACT UNDER BASE YEAR FOR CONTRACT HSCEDM-14-D-00004. BASE PERIOD OF PERFORMANCE IS 09/08/2014 TO 09/07/2015. IN SUPPORT OF THE ATD PROGRAM. '''',https://www.usaspending.gov/award/CONT_AWD_HSCEDM14J00033_7012_HSCEDM14D00004_7012
5ae53a58024bfdc0113731a2f66631789c60932c96521fdd37773cf0f819da64,ICE,pre_Trump_I,ICE detention services,2015-07-23,HSCEDM15J00024,HSCEDM15D00006,Delivery Order,P00001,yes,"THE GEO GROUP, INC.",JMLKZZ1NL2Z6,3JMR1,4028533.58,29419117.96,29419117.96,2015-07-01,2016-06-30,2016-09-23,DETENTION COMPLIANCE AND REMOVALS,,Full And Open Competition,,Negotiated Proposal/Quote,,S206,Guard Services,561210,Facilities Support Services,IGF::CL::IGF DETENTION SERVICES AT BROWARD TRANSITIONAL CENTER,DETENTION SERVICES AT BROWARD TRANSITIONAL CENTER,https://www.usaspending.gov/award/CONT_AWD_HSCEDM15J00024_7012_HSCEDM15D00006_7012
1ff834fd2af874ce792fbb993c8f6dea0d5913e73ddb7661ee923babe92072a3,ICE,pre_Trump_I,ICE detention services,2015-07-29,HSCEDM15J00003,HSCEDM10D00001,Delivery Order,P00007,yes,"THE GEO GROUP, INC.",JMLKZZ1NL2Z6,3JMR1,10366992.90,23915075.97,23915075.97,2014-10-23,2015-09-27,2015-09-27,DETENTION MANAGEMENT - LAGUNA OFFICE,,Full And Open Competition,1,Negotiated Proposal/Quote,HSCEDM09R00003,S206,Guard Services,561210,Facilities Support Services,"IGF::CT::IGF DETENTION, TRANSPORTATION AND FOOD SERVICES","IGF::CT::IGF - CRITICAL FUNCTIONS. DETENTION, TRANSPORTATION AND FOOD SERVICES",https://www.usaspending.gov/award/CONT_AWD_HSCEDM15J00003_7012_HSCEDM10D00001_7012
2fe8f763d648febf0e6c9d8e4fd45b1e5908000de93400e24904e84ac0fa9e11,ICE,pre_Trump_I,ICE detention services,2015-07-30,HSCEDM14J00031,HSCEDM11D00003,Delivery Order,P00009,yes,"THE GEO GROUP, INC.",JMLKZZ1NL2Z6,3JMR1,1002896.78,22904058.24,22904058.24,2014-09-16,2015-09-15,2016-04-14,DETENTION COMPLIANCE AND REMOVALS,,Full And Open Competition,,Negotiated Proposal/Quote,,S206,Guard Services,561210,Facilities Support Services,"IGF::CT::IGF. DETENTION MANAGEMENT, MEDICAL, TRANSPORTATION, FOOD SERVICES FOR DHS/ICE AURORA, CO GEO GROUP COCA FACILITY.","CRITICAL FUNCTION. DETENTION MANAGMENT, MEDICAL SERVICES, TRANSPORTATION SERVICES, FOOD SERVICES FOR DHS/ICE AUROROA, CO AT GEO GROUP COCA FACILITY.",https://www.usaspending.gov/award/CONT_AWD_HSCEDM14J00031_7012_HSCEDM11D00003_7012
10babe5942efd98657d54c2267a2d186892264857959a53db976564aec6e4cd8,CBP,pre_Trump_I,CBP detention/jail space,2015-08-11,HSBP1012C00101,,DEFINITIVE CONTRACT,P00007,yes,"THE GEO GROUP, INC.",JMLKZZ1NL2Z6,3JMR1,62700.00,646781.94,737205.00,2012-09-14,2016-03-13,2021-03-13,BORDER ENFORCEMENT CONTRACTING DIVISION,US BORDER PATROL,NOT COMPETED,1,ONLY ONE SOURCE,,R418,SUPPORT- PROFESSIONAL: LEGAL,922140,CORRECTIONAL INSTITUTIONS,IGF::OT::IGF ADD JAIL SPACE FUNDS,DETENTION SPACE FOR ALIEN SUBJECTS IN BORDER PATROL CUSTODY,https://www.usaspending.gov/award/CONT_AWD_HSBP1012C00101_7014_-NONE-_-NONE-
0e57aef1ae22660f7d0640aae2854c192b4b945efb1fb791cc664a068ae2aca2,ICE,pre_Trump_I,ICE detention services,2015-08-11,HSCEDM15J00024,HSCEDM15D00006,Delivery Order,P00002,yes,"THE GEO GROUP, INC.",JMLKZZ1NL2Z6,3JMR1,307032.00,29419117.96,29419117.96,2015-07-01,2016-06-30,2016-09-23,DETENTION COMPLIANCE AND REMOVALS,,Full And Open Competition,,Negotiated Proposal/Quote,,S206,Guard Services,561210,Facilities Support Services,IGF::CL::IGF DETENTION SERVICES AT BROWARD TRANSITIONAL CENTER,DETENTION SERVICES AT BROWARD TRANSITIONAL CENTER,https://www.usaspending.gov/award/CONT_AWD_HSCEDM15J00024_7012_HSCEDM15D00006_7012
19e0f7b2b06976049d94c21ff2669fcf97df44e8c9afdbcff7de7a11180ac80e,ICE,pre_Trump_I,ICE detention services,2015-08-20,HSCEDM15J00029,HSCEDM11D00003,Delivery Order,0,no,"THE GEO GROUP, INC.",JMLKZZ1NL2Z6,3JMR1,3138663.66,24315423.37,24315423.37,2015-08-20,2016-09-15,2017-01-20,DETENTION MANAGEMENT LAGUNA,,Full And Open Competition,1,Negotiated Proposal/Quote,,S206,Guard Services,561210,Facilities Support Services,"IGF::CT::IGF CRITICAL FUNCTION. DETENTION MANAGEMENT, MEDICAL SERVICES, TRANSPORTATION SERVICES, FOOD SERVICES FOR DHS/ICE AURORA, CO AT GEO GROUP COCA FACILITY.","IGF::CT::IGF CRITICAL FUNCTION. DETENTION MANAGEMENT, MEDICAL SERVICES, TRANSPORTATION SERVICES, FOOD SERVICES FOR DHS/ICE AURORA, CO AT GEO GROUP COCA FACILITY.",https://www.usaspending.gov/award/CONT_AWD_HSCEDM15J00029_7012_HSCEDM11D00003_7012
1d415ae667f8566459965ecaec4ab6d7b08be33804bc2acbc10f5ac5a9e7f92c,ICE,pre_Trump_I,ICE ISAP/electronic monitoring,2015-08-21,HSCECR13J00026,HSCECR09D00002,Delivery Order,P00007,yes,B.I. INCORPORATED,PKK6L9KLMYR5,3CUH9,-1252086.25,21323560.42,21323560.42,2013-09-20,2014-11-05,2015-09-20,DETENTION COMPLIANCE AND REMOVALS,,Full And Open Competition,3,Negotiated Proposal/Quote,,R408,Program Management/Support Services,561210,Facilities Support Services,ISAP II CONTRACT FOR ALTERNATIVES TO DETENTION PROGRAM OFFICE IGF::OT::IGF,"ISAP II CONTRACT HSCECR-09-D-0002
TASK ORDER HSCECR-13-J-0026
POP: 09/21/2013 - 09/20/2014 
",https://www.usaspending.gov/award/CONT_AWD_HSCECR13J00026_7012_HSCECR09D00002_7012
62535cf0aaa16677ddb2acd28b224cd88583b9fbab737dfd0bfbd0d02f4dc0fb,ICE,pre_Trump_I,ICE other/unresolved,2015-08-21,HSCEDM15F00009,HSCEDM09D00006,Delivery Order,P00003,yes,"THE GEO GROUP, INC.",JMLKZZ1NL2Z6,3JMR1,69701.82,12032163.70,12032163.70,2014-12-29,2015-06-30,2015-10-02,DETENTION COMPLIANCE AND REMOVALS,,Full And Open Competition,,Negotiated Proposal/Quote,,S206,Guard Services,561621,Security Systems Services (except Locksmiths) ,IGF::CT::IGF FUNDING FOR TASK ORDER TO SERVE AS BRIDGE CONTRACT.,"IGF::CT::IGF

FUNDING FOR TASK ORDER TO SERVE AS BRIDGE CONTRACT. CURRENT T/O IS HSCEDM-13-F-00019 UNDER CONTRACT HSCEDM-09-D-00006. T/O POP: 01/01/15 TO 3/31/15. FUNDED POP: 01/01/15 TO 3/31/15.",https://www.usaspending.gov/award/CONT_AWD_HSCEDM15F00009_7012_HSCEDM09D00006_7012
5f89e8d39e3bbfe109e12b9dc360a434c5694d28c141de8d97fdd25a40d6ad92,ICE,pre_Trump_I,ICE ISAP/electronic monitoring,2015-08-25,HSCEDM14J00033,HSCEDM14D00004,Delivery Order,P00009,yes,B.I. INCORPORATED,PKK6L9KLMYR5,3CUH9,-2299950.27,35933182.44,35933182.44,2014-09-08,2015-09-07,2015-10-21,DETENTION COMPLIANCE AND REMOVALS,,Full And Open Competition,,Negotiated Proposal/Quote,,R408,Program Management/Support Services,561210,Facilities Support Services,IGF::CT::IGF INTENSIVE SUPERVISION APPEARANCE PROGRAM III FOR ATD.,TO FUND THE ISAP III CONTRACT UNDER BASE YEAR FOR CONTRACT HSCEDM-14-D-00004. BASE PERIOD OF PERFORMANCE IS 09/08/2014 TO 09/07/2015. IN SUPPORT OF THE ATD PROGRAM. '''',https://www.usaspending.gov/award/CONT_AWD_HSCEDM14J00033_7012_HSCEDM14D00004_7012
4d098540d3d7a8112b98eeeb4c1ed0740cce69bf24d349e5ca3fe303b449e9fa,ICE,pre_Trump_I,ICE detention services,2015-08-27,HSCEDM15J00003,HSCEDM10D00001,Delivery Order,P00008,yes,"THE GEO GROUP, INC.",JMLKZZ1NL2Z6,3JMR1,3421134.90,23915075.97,23915075.97,2014-10-23,2015-09-27,2015-09-27,DETENTION MANAGEMENT - LAGUNA OFFICE,,Full And Open Competition,1,Negotiated Proposal/Quote,HSCEDM09R00003,S206,Guard Services,561210,Facilities Support Services,"IGF::CT::IGF DETENTION, TRANSPORTATION AND FOOD SERVICES","IGF::CT::IGF - CRITICAL FUNCTIONS. DETENTION, TRANSPORTATION AND FOOD SERVICES",https://www.usaspending.gov/award/CONT_AWD_HSCEDM15J00003_7012_HSCEDM10D00001_7012
37602096f951c6ba5405693ed826deda8be167d6b3b2905d7b5358426e19a795,ICE,pre_Trump_I,ICE ISAP/electronic monitoring,2015-08-27,HSCEDM15J00032,HSCEDM14D00004,Delivery Order,0,no,B.I. INCORPORATED,PKK6L9KLMYR5,3CUH9,6399999.94,75915605.21,75915605.21,2015-08-27,2016-08-31,2016-12-03,DETENTION COMPLIANCE AND REMOVALS,,Full And Open Competition,4,Negotiated Proposal/Quote,,R408,Program Management/Support Services,561210,Facilities Support Services,IGF::CT::IGF ISAP III CONTRACT OPTION YEAR 1 FOR THE ALTERNATIVES TO DETENTION UNIT,IGF::CT::IGF ISAP III CONTRACT OPTION YEAR 1 FOR THE ALTERNATIVES TO DETENTION UNIT,https://www.usaspending.gov/award/CONT_AWD_HSCEDM15J00032_7012_HSCEDM14D00004_7012
3ebafa3ddbfafc100913e119adf91e0ef5cc3048148101d434e82da3809096b9,ICE,pre_Trump_I,ICE detention services,2015-09-02,HSCEDM15F00009,HSCEDM09D00006,Delivery Order,P00004,yes,"THE GEO GROUP, INC.",JMLKZZ1NL2Z6,3JMR1,-216407.19,12032163.70,12032163.70,2014-12-29,2015-06-30,2015-10-02,DETENTION COMPLIANCE AND REMOVALS,,Full And Open Competition,,Negotiated Proposal/Quote,,S206,Guard Services,561621,Security Systems Services (except Locksmiths) ,IGF::CT::IGF DETENTION SERVICES AT BROWARD TRANSITIONAL SERVICES,"IGF::CT::IGF

FUNDING FOR TASK ORDER TO SERVE AS BRIDGE CONTRACT. CURRENT T/O IS HSCEDM-13-F-00019 UNDER CONTRACT HSCEDM-09-D-00006. T/O POP: 01/01/15 TO 3/31/15. FUNDED POP: 01/01/15 TO 3/31/15.",https://www.usaspending.gov/award/CONT_AWD_HSCEDM15F00009_7012_HSCEDM09D00006_7012
6bbe10b7e2ca42e0b14424de2b6bd54620a29de44af9aed6616ffaf43048c4b6,CBP,pre_Trump_I,CBP detention/jail space,2015-09-03,HSBP1012C00101,,DEFINITIVE CONTRACT,P00008,yes,"THE GEO GROUP, INC.",JMLKZZ1NL2Z6,3JMR1,129000.00,646781.94,737205.00,2012-09-14,2016-03-13,2021-03-13,BORDER ENFORCEMENT CONTRACTING DIVISION,US BORDER PATROL,NOT COMPETED,1,ONLY ONE SOURCE,,R418,SUPPORT- PROFESSIONAL: LEGAL,922140,CORRECTIONAL INSTITUTIONS,IGF::OT::IGF EXTEND DETENTION SERVICES,DETENTION SPACE FOR ALIEN SUBJECTS IN BORDER PATROL CUSTODY,https://www.usaspending.gov/award/CONT_AWD_HSBP1012C00101_7014_-NONE-_-NONE-
e0b6cbb961516f8dee15ab98d02e99af40fb1096201358052da8b60ee6c77cda,ICE,pre_Trump_I,ICE detention services,2015-09-04,HSCEDM15J00036,HSCEDM11D00003,Delivery Order,0,no,"THE GEO GROUP, INC.",JMLKZZ1NL2Z6,3JMR1,160453.25,171744.31,171744.31,2015-09-04,2019-02-28,2019-02-28,DETENTION MANAGEMENT LAGUNA,,Full And Open Competition,,Negotiated Proposal/Quote,,S206,Guard Services,561210,Facilities Support Services,"IGF::CT::IGF CRITICAL FUNCTION. DETENTION MANAGEMENT, MEDICAL SERVICES, TRANSPORTATION SERVICES, FOOD SERVICES FOR DHS/ICE AURORA, CO AT GEO GROUP COCA FACILITY.","IGF::CT::IGF CRITICAL FUNCTION. DETENTION MANAGEMENT, MEDICAL SERVICES, TRANSPORTATION SERVICES, FOOD SERVICES FOR DHS/ICE AURORA, CO AT GEO GROUP COCA FACILITY.",https://www.usaspending.gov/award/CONT_AWD_HSCEDM15J00036_7012_HSCEDM11D00003_7012
31a75fb2f08d61f9230f03331070bfad558eaceeb6217024803e93bfe0aaf625,ICE,pre_Trump_I,ICE detention services,2015-09-15,HSCEDM15J00024,HSCEDM15D00006,Delivery Order,P00003,yes,"THE GEO GROUP, INC.",JMLKZZ1NL2Z6,3JMR1,44660.00,29419117.96,29419117.96,2015-07-01,2016-06-30,2016-09-23,DETENTION COMPLIANCE AND REMOVALS,,Full And Open Competition,,Negotiated Proposal/Quote,,S206,Guard Services,561210,Facilities Support Services,IGF::CL::IGF DETENTION SERVICES AT BROWARD TRANSITIONAL CENTER,DETENTION SERVICES AT BROWARD TRANSITIONAL CENTER,https://www.usaspending.gov/award/CONT_AWD_HSCEDM15J00024_7012_HSCEDM15D00006_7012
524e067d6116904371790bc83e7c340c186c729ddfb65a7945eb69a77dc383bf,CBP,pre_Trump_I,CBP detainee hygiene services,2015-09-17,HSBP1015P00762,,PURCHASE ORDER,0,no,"THE GEO GROUP, INC.",JMLKZZ1NL2Z6,3JMR1,20000.00,2711.07,52711.07,2015-09-17,2020-09-16,2020-09-16,BORDER ENFORCEMENT CONTRACTING DIVISION,OFFICE OF FIELD OPERATIONS,NOT COMPETED,1,ONLY ONE SOURCE,HSBP1015Q0195,G099,SOCIAL- OTHER,922140,CORRECTIONAL INSTITUTIONS,IGF::OT::IGF HYGIENE SERVICES FOR DETAINEES,IGF::OT::IGF HYGIENE SERVICES FOR DETAINEES,https://www.usaspending.gov/award/CONT_AWD_HSBP1015P00762_7014_-NONE-_-NONE-
228a1ada24cc458b084226f9c6e4716264bff32924d725d8f85fa3948bad69af,ICE,pre_Trump_I,ICE family case management,2015-09-17,HSCEDM15J00039,HSCEDM15D00008,Delivery Order,0,no,"GEO CARE SERVICES, LLC",G6XJKMJUNB91,7D4M5,1222000.00,1869653.14,1869653.14,2015-09-21,2016-09-20,2016-09-20,DETENTION COMPLIANCE AND REMOVALS,,Full And Open Competition,,Negotiated Proposal/Quote,HSCEDM15R00008,G099,Other Social Services,624190,Other Individual and Family Services ,IGF::CT::IGF TASK ORDER FOR FAMILY CASE MANAGEMENT SERVICES [DC],IGF::CT::IGF TASK ORDER FOR FAMILY CASE MANAGEMENT SERVICES [DC],https://www.usaspending.gov/award/CONT_AWD_HSCEDM15J00039_7012_HSCEDM15D00008_7012
d0871c9d733f1944561b9a20de24dbf271c07fe3755968de63642d0129785145,ICE,pre_Trump_I,ICE family case management,2015-09-17,HSCEDM15J00040,HSCEDM15D00010,Delivery Order,0,no,"GEO CARE SERVICES, LLC",G6XJKMJUNB91,7D4M5,1195000.00,1704890.26,1704890.26,2015-09-21,2016-09-20,2016-09-20,DETENTION COMPLIANCE AND REMOVALS,,Full And Open Competition,,Negotiated Proposal/Quote,HSCEDM15R00009,G099,Other Social Services,624190,Other Individual and Family Services ,IGF::CT::IGF TASK ORDER FOR FAMILY CASE MANAGEMENT SERVICES [LA],IGF::CT::IGF TASK ORDER FOR FAMILY CASE MANAGEMENT SERVICES [LA],https://www.usaspending.gov/award/CONT_AWD_HSCEDM15J00040_7012_HSCEDM15D00010_7012
d405c7ab805679613e2989608d2ba275346942b1b01bece354b0e22e8832b298,ICE,pre_Trump_I,ICE family case management,2015-09-17,HSCEDM15J00041,HSCEDM15D00011,Delivery Order,0,no,"GEO CARE SERVICES, LLC",G6XJKMJUNB91,7D4M5,1354500.00,1955753.46,1955753.46,2015-09-21,2016-09-20,2016-09-20,DETENTION COMPLIANCE AND REMOVALS,,Full And Open Competition,,Negotiated Proposal/Quote,HSCEDM15R00010,G099,Other Social Services,624190,Other Individual and Family Services ,IGF::CT::IGF TASK ORDER FOR FAMILY CASE MANAGEMENT SERVICES [NY],TASK ORDER FOR FAMILY CASE MANAGEMENT SERVICES [NY],https://www.usaspending.gov/award/CONT_AWD_HSCEDM15J00041_7012_HSCEDM15D00011_7012
6ccd77480bececb9c94150eaf95cc9fb6124a71527c7fb5114ba0dbd9570a8b0,ICE,pre_Trump_I,ICE family case management,2015-09-17,HSCEDM15J00042,HSCEDM15D00012,Delivery Order,0,no,"GEO CARE SERVICES, LLC",G6XJKMJUNB91,7D4M5,1092600.00,1638800.59,1638800.59,2015-09-21,2016-09-20,2016-09-20,DETENTION COMPLIANCE AND REMOVALS,,Full And Open Competition,,Negotiated Proposal/Quote,HSCEDM15R00011,G099,Other Social Services,624190,Other Individual and Family Services ,IGF::CT::IGF TASK ORDER FOR FAMILY CASE MANAGEMENT SERVICES [MIA],IGF::CT::IGF TASK ORDER FOR FAMILY CASE MANAGEMENT SERVICES [MIA],https://www.usaspending.gov/award/CONT_AWD_HSCEDM15J00042_7012_HSCEDM15D00012_7012
4995b4104746ff812ef24c5fd1c475cd2039665d906be1cf7307e7d9792d6c7f,ICE,pre_Trump_I,ICE family case management,2015-09-17,HSCEDM15J00043,HSCEDM15D00013,Delivery Order,0,no,"GEO CARE SERVICES, LLC",G6XJKMJUNB91,7D4M5,1261750.00,1719893.33,1719893.33,2015-09-21,2016-09-20,2016-09-28,DETENTION COMPLIANCE AND REMOVALS,,Full And Open Competition,,Negotiated Proposal/Quote,HSCEDM15R00012,G099,Other Social Services,624190,Other Individual and Family Services ,IGF::CT::IGF TASK ORDER FOR FAMILY CASE MANAGEMENT SERVICES [CHI],IGF::CT::IGF TASK ORDER FOR FAMILY CASE MANAGEMENT SERVICES [CHI],https://www.usaspending.gov/award/CONT_AWD_HSCEDM15J00043_7012_HSCEDM15D00013_7012
017f643cc1ec85093e8a3cad6b6c8c61ce56359970ae82925191c9b6d03a34a9,ICE,pre_Trump_I,ICE detention services,2015-09-18,HSCEDM15J00036,HSCEDM11D00003,Delivery Order,P00001,yes,"THE GEO GROUP, INC.",JMLKZZ1NL2Z6,3JMR1,74625.75,171744.31,171744.31,2015-09-04,2019-02-28,2019-02-28,DETENTION MANAGEMENT LAGUNA,,Full And Open Competition,,Negotiated Proposal/Quote,,S206,Guard Services,561210,Facilities Support Services,"IGF::CT::IGF CRITICAL FUNCTION. DETENTION MANAGEMENT, MEDICAL SERVICES, TRANSPORTATION SERVICES, FOOD SERVICES FOR DHS/ICE AURORA, CO AT GEO GROUP COCA FACILITY.","IGF::CT::IGF CRITICAL FUNCTION. DETENTION MANAGEMENT, MEDICAL SERVICES, TRANSPORTATION SERVICES, FOOD SERVICES FOR DHS/ICE AURORA, CO AT GEO GROUP COCA FACILITY.",https://www.usaspending.gov/award/CONT_AWD_HSCEDM15J00036_7012_HSCEDM11D00003_7012
a1a76b4014a836bc88e558b3723d6346ad73c8f4368417dec82fc1b4f50e4c16,ICE,pre_Trump_I,ICE ISAP/electronic monitoring,2015-09-21,HSCEDM14J00033,HSCEDM14D00004,Delivery Order,P00010,yes,B.I. INCORPORATED,PKK6L9KLMYR5,3CUH9,20032.71,35933182.44,35933182.44,2014-09-08,2015-09-07,2015-10-21,DETENTION COMPLIANCE AND REMOVALS,,Full And Open Competition,,Negotiated Proposal/Quote,,R408,Program Management/Support Services,561210,Facilities Support Services,IGF::CT::IGF INTENSIVE SUPERVISION APPEARANCE PROGRAM III FOR ATD.,TO FUND THE ISAP III CONTRACT UNDER BASE YEAR FOR CONTRACT HSCEDM-14-D-00004. BASE PERIOD OF PERFORMANCE IS 09/08/2014 TO 09/07/2015. IN SUPPORT OF THE ATD PROGRAM. '''',https://www.usaspending.gov/award/CONT_AWD_HSCEDM14J00033_7012_HSCEDM14D00004_7012
b7c32cbcf09904c47c0507d222f0ebb1eaec6c422a773b9d47be2d432b5746a2,ICE,pre_Trump_I,ICE ISAP/electronic monitoring,2015-09-21,HSCEDM15J00032,HSCEDM14D00004,Delivery Order,P00001,yes,B.I. INCORPORATED,PKK6L9KLMYR5,3CUH9,13000000.00,75915605.21,75915605.21,2015-08-27,2016-08-31,2016-12-03,DETENTION COMPLIANCE AND REMOVALS,,Full And Open Competition,4,Negotiated Proposal/Quote,,R408,Program Management/Support Services,561210,Facilities Support Services,IGF::CT::IGF ISAP III CONTRACT OPTION YEAR 1 FOR THE ALTERNATIVES TO DETENTION UNIT,IGF::CT::IGF ISAP III CONTRACT OPTION YEAR 1 FOR THE ALTERNATIVES TO DETENTION UNIT,https://www.usaspending.gov/award/CONT_AWD_HSCEDM15J00032_7012_HSCEDM14D00004_7012
4e1952ee01f808669a51da6ff48d91889411f8f925f06e87e6f6425ca2768554,ICE,pre_Trump_I,ICE detention services,2015-09-24,HSCEDM15J00004,HSCEDM12D00001,Delivery Order,P00007,yes,"THE GEO GROUP, INC.",JMLKZZ1NL2Z6,3JMR1,3069735.49,50880520.83,50880520.83,2014-10-23,2015-11-30,2016-04-14,DETENTION COMPLIANCE AND REMOVALS,,Full And Open Competition,,Negotiated Proposal/Quote,,S206,Guard Services,561210,Facilities Support Services,REFERENCE SOUTH TEXAS DETENTION COMPLEX CONTRACT HSCEDM-12-D-00001 WITH THE GEO GROUP. OPTION YEAR 3 IGF::OT::IGF,REFERENCE SOUTH TEXAS DETENTION COMPLEX CONTRACT HSCEDM-12-D-00001 WITH THE GEO GROUP. OPTION YEAR 3,https://www.usaspending.gov/award/CONT_AWD_HSCEDM15J00004_7012_HSCEDM12D00001_7012
03c09152204be11acea7d91bc72b4dd8da11bbe3a98db3c5c1fdbb608cee023c,ICE,pre_Trump_I,ICE detention services,2015-09-24,HSCEDM15J00038,HSCEDM15D00015,Delivery Order,0,no,"THE GEO GROUP, INC.",JMLKZZ1NL2Z6,3JMR1,11474016.16,59949555.10,59949555.10,2015-09-28,2016-09-27,2016-09-27,DETENTION MANAGEMENT LAGUNA,,Full And Open Competition,1,Negotiated Proposal/Quote,,S206,Guard Services,561210,Facilities Support Services,"IGF::CT::IGF DETENTION, TRANSPORTATION AND FOOD SERVICES","IGF::CT::IGF DETENTION, TRANSPORTATION AND FOOD SERVICES",https://www.usaspending.gov/award/CONT_AWD_HSCEDM15J00038_7012_HSCEDM15D00015_7012
4d61228a5c4aa1a8fa33600420b774d145d9ac4af18ef5588faeec35f026153a,ICE,pre_Trump_I,ICE detention services,2015-09-25,HSCEDM15J00004,HSCEDM12D00001,Delivery Order,P00008,yes,"THE GEO GROUP, INC.",JMLKZZ1NL2Z6,3JMR1,3636820.00,50880520.83,50880520.83,2014-10-23,2015-11-30,2016-04-14,DETENTION COMPLIANCE AND REMOVALS,,Full And Open Competition,,Negotiated Proposal/Quote,,S206,Guard Services,561210,Facilities Support Services,REFERENCE SOUTH TEXAS DETENTION COMPLEX CONTRACT HSCEDM-12-D-00001 WITH THE GEO GROUP. OPTION YEAR 3 IGF::OT::IGF,REFERENCE SOUTH TEXAS DETENTION COMPLEX CONTRACT HSCEDM-12-D-00001 WITH THE GEO GROUP. OPTION YEAR 3,https://www.usaspending.gov/award/CONT_AWD_HSCEDM15J00004_7012_HSCEDM12D00001_7012
c538d4c956d69882a2330d5e288e85fd9504ec1b350c87e6622278ce2102b31f,ICE,pre_Trump_I,ICE ISAP/electronic monitoring,2015-09-25,HSCEDM15J00032,HSCEDM14D00004,Delivery Order,P00002,yes,B.I. INCORPORATED,PKK6L9KLMYR5,3CUH9,2800000.00,75915605.21,75915605.21,2015-08-27,2016-08-31,2016-12-03,DETENTION COMPLIANCE AND REMOVALS,,Full And Open Competition,4,Negotiated Proposal/Quote,,R408,Program Management/Support Services,561210,Facilities Support Services,IGF::CT::IGF ISAP III CONTRACT OPTION YEAR 1 FOR THE ALTERNATIVES TO DETENTION UNIT,IGF::CT::IGF ISAP III CONTRACT OPTION YEAR 1 FOR THE ALTERNATIVES TO DETENTION UNIT,https://www.usaspending.gov/award/CONT_AWD_HSCEDM15J00032_7012_HSCEDM14D00004_7012
a535c3cc44b8034ab9c87e926cb3aebe67abe5cf101017bb035d06077303117c,ICE,pre_Trump_I,ICE detention services,2015-09-29,HSCEDM15J00024,HSCEDM15D00006,Delivery Order,P00004,yes,"THE GEO GROUP, INC.",JMLKZZ1NL2Z6,3JMR1,77941.50,29419117.96,29419117.96,2015-07-01,2016-06-30,2016-09-23,DETENTION COMPLIANCE AND REMOVALS,,Full And Open Competition,,Negotiated Proposal/Quote,,S206,Guard Services,561210,Facilities Support Services,IGF::CL::IGF DETENTION SERVICES AT BROWARD TRANSITIONAL CENTER,DETENTION SERVICES AT BROWARD TRANSITIONAL CENTER,https://www.usaspending.gov/award/CONT_AWD_HSCEDM15J00024_7012_HSCEDM15D00006_7012
3e02cc40a6fcc91ff41d8336baf3a298a45597f3b27559c56e0e0701be5aa2ed,ICE,pre_Trump_I,ICE ISAP/electronic monitoring,2015-09-30,HSCEDM15J00032,HSCEDM14D00004,Delivery Order,P00003,yes,B.I. INCORPORATED,PKK6L9KLMYR5,3CUH9,868208.00,75915605.21,75915605.21,2015-08-27,2016-08-31,2016-12-03,DETENTION COMPLIANCE AND REMOVALS,,Full And Open Competition,4,Negotiated Proposal/Quote,,R408,Program Management/Support Services,561210,Facilities Support Services,IGF::CT::IGF ISAP III CONTRACT OPTION YEAR 1 FOR THE ALTERNATIVES TO DETENTION UNIT,IGF::CT::IGF ISAP III CONTRACT OPTION YEAR 1 FOR THE ALTERNATIVES TO DETENTION UNIT,https://www.usaspending.gov/award/CONT_AWD_HSCEDM15J00032_7012_HSCEDM14D00004_7012
9983798c8254cb2aae49b5eb1b2f494bc6cd96918d9975d5a2389390e2c641c1,ICE,pre_Trump_I,ICE ISAP/electronic monitoring,2015-09-30,HSCEDM15J00032,HSCEDM14D00004,Delivery Order,P00004,yes,B.I. INCORPORATED,PKK6L9KLMYR5,3CUH9,214508.00,75915605.21,75915605.21,2015-08-27,2016-08-31,2016-12-03,DETENTION COMPLIANCE AND REMOVALS,,Full And Open Competition,4,Negotiated Proposal/Quote,,R408,Program Management/Support Services,561210,Facilities Support Services,IGF::CT::IGF ISAP III CONTRACT OPTION YEAR 1 FOR THE ALTERNATIVES TO DETENTION UNIT,IGF::CT::IGF ISAP III CONTRACT OPTION YEAR 1 FOR THE ALTERNATIVES TO DETENTION UNIT,https://www.usaspending.gov/award/CONT_AWD_HSCEDM15J00032_7012_HSCEDM14D00004_7012
8fe87a0db4ce61336cce1fc0a156f2b771fa51a59ecfa026ffb6957be7b79bcc,ICE,pre_Trump_I,ICE ISAP/electronic monitoring,2015-09-30,HSCEDM15J00032,HSCEDM14D00004,Delivery Order,P00005,yes,B.I. INCORPORATED,PKK6L9KLMYR5,3CUH9,109999.80,75915605.21,75915605.21,2015-08-27,2016-08-31,2016-12-03,DETENTION COMPLIANCE AND REMOVALS,,Full And Open Competition,4,Negotiated Proposal/Quote,,R408,Program Management/Support Services,561210,Facilities Support Services,IGF::CT::IGF ISAP III CONTRACT OPTION YEAR 1 FOR THE ALTERNATIVES TO DETENTION UNIT,IGF::CT::IGF ISAP III CONTRACT OPTION YEAR 1 FOR THE ALTERNATIVES TO DETENTION UNIT,https://www.usaspending.gov/award/CONT_AWD_HSCEDM15J00032_7012_HSCEDM14D00004_7012
203e5fe87358854a97a19ec3949e3977e0e70d6be6681969ca576bbdeb039e5f,ICE,pre_Trump_I,ICE ISAP/electronic monitoring,2015-10-15,HSCECR11J00001,HSCECR09D00002,Delivery Order,P00015,yes,B.I. INCORPORATED,PKK6L9KLMYR5,3CUH9,23324.40,41773632.33,41773632.33,2010-11-01,2011-11-05,2015-11-14,DETENTION COMPLIANCE AND REMOVALS,,Full And Open Competition,3,Negotiated Proposal/Quote,HSCECR09R00004,R408,Program Management/Support Services,561210,Facilities Support Services,OPTION YEAR 1 TASK ORDER AWARD ISAP II (BASE CONTRACT# HSCECR-09-D-00002),"OPTION YEAR 1 TASK ORDER AWARD
ISAP II (BASE CONTRACT# HSCECR-09-D-00002)",https://www.usaspending.gov/award/CONT_AWD_HSCECR11J00001_7012_HSCECR09D00002_7012
b2c16f55d5db9e53f48a272d88c6092d7a75716fed49cc5a58ce3f75b48ea31f,ICE,pre_Trump_I,ICE ISAP/electronic monitoring,2015-10-15,HSCECR12J00001,HSCECR09D00002,Delivery Order,P00011,yes,B.I. INCORPORATED,PKK6L9KLMYR5,3CUH9,1587.12,40201510.99,77846324.68,2011-11-06,2012-11-05,2015-11-14,DETENTION COMPLIANCE AND REMOVALS,,Full And Open Competition,3,Negotiated Proposal/Quote,HSCECR09R00004,R408,Program Management/Support Services,561210,Facilities Support Services,ISAP II CONTRACT (HSCECR-09-D-00002) OPTION YEAR 2 TASK ORDER (HSCECR-12-J-00001),"ISAP II CONTRACT (HSCECR-09-D-00002)
OPTION YEAR 2 TASK ORDER (HSCECR-12-J-00001)",https://www.usaspending.gov/award/CONT_AWD_HSCECR12J00001_7012_HSCECR09D00002_7012
fe354deecb4274030774004791332ce23cd983f263e8a233dd5be6ea041a76a2,ICE,pre_Trump_I,ICE detention services,2015-10-21,HSCEDM15J00038,HSCEDM15D00015,Delivery Order,P00001,yes,"THE GEO GROUP, INC.",JMLKZZ1NL2Z6,3JMR1,5311117.45,59949555.10,59949555.10,2015-09-28,2016-09-27,2016-09-27,DETENTION MANAGEMENT LAGUNA,,Full And Open Competition,1,Negotiated Proposal/Quote,,S206,Guard Services,561210,Facilities Support Services,"IGF::CT::IGF DETENTION, TRANSPORTATION AND FOOD SERVICES","IGF::CT::IGF DETENTION, TRANSPORTATION AND FOOD SERVICES",https://www.usaspending.gov/award/CONT_AWD_HSCEDM15J00038_7012_HSCEDM15D00015_7012
188245e37247c02a41a9434c4289fd2cdda3a119b521f44b3b2a190cf946db7a,ICE,pre_Trump_I,ICE detention services,2015-10-21,HSCEDM16F00001,HSODT6C0002,Delivery Order,0,no,"THE GEO GROUP, INC.",JMLKZZ1NL2Z6,3JMR1,10692.00,14238.18,14238.18,2015-10-21,2016-12-31,2016-12-31,DETENTION MANAGEMENT LAGUNA,,Full And Open Competition,3,Negotiated Proposal/Quote,,S206,Guard Services,561612,Security Guards and Patrol Services ,"IGF::CL::IGF DETENTION SERVICES AT THE WESTERN REGION DETENTION FACILITY IN SAN DIEGO, CA","
DETENTION SERVICES AT THE WESTERN REGION DETENTION FACILITY IN SAN DIEGO, CA",https://www.usaspending.gov/award/CONT_AWD_HSCEDM16F00001_7012_HSODT6C0002_7012
f4c8ba44c3a4fa73051819db487866b7eb19590396b1689ac9e98b1d96af86c1,ICE,pre_Trump_I,ICE detention services,2015-10-28,HSCEDM15J00004,HSCEDM12D00001,Delivery Order,P00009,yes,"THE GEO GROUP, INC.",JMLKZZ1NL2Z6,3JMR1,1744450.49,50880520.83,50880520.83,2014-10-23,2015-11-30,2016-04-14,DETENTION COMPLIANCE AND REMOVALS,,Full And Open Competition,,Negotiated Proposal/Quote,,S206,Guard Services,561210,Facilities Support Services,REFERENCE SOUTH TEXAS DETENTION COMPLEX CONTRACT HSCEDM-12-D-00001 WITH THE GEO GROUP. OPTION YEAR 3 IGF::OT::IGF,REFERENCE SOUTH TEXAS DETENTION COMPLEX CONTRACT HSCEDM-12-D-00001 WITH THE GEO GROUP. OPTION YEAR 3,https://www.usaspending.gov/award/CONT_AWD_HSCEDM15J00004_7012_HSCEDM12D00001_7012
8056ccd6b6d5e9f75ae1edc7e2b10e2f4480ca0794b8a962f11fbb5dd3fadaa8,ICE,pre_Trump_I,ICE ISAP/electronic monitoring,2015-10-29,HSCECR09J00040,HSCECR09D00002,Delivery Order,P00014,yes,B.I. INCORPORATED,PKK6L9KLMYR5,3CUH9,7884.17,33817879.73,33817879.73,2009-07-20,2010-11-05,2015-11-28,DETENTION COMPLIANCE AND REMOVALS,,Full And Open Competition,1,Negotiated Proposal/Quote,HSCECR09R00004,R408,Program Management/Support Services,561210,Facilities Support Services,ISAP II,ISAP II - ANNUAL TASK ORDER - BASE YEAR SERVICES (07/20/2009 - 07/19/2010) - CONTRACT HSCECR-09-D-00002,https://www.usaspending.gov/award/CONT_AWD_HSCECR09J00040_7012_HSCECR09D00002_7012
2cb404c802f643d0b0c479b6a55e03dcfeecb6fc0f3544341d4da0bd5ad925b4,ICE,pre_Trump_I,ICE family case management,2015-10-30,HSCEDM15J00039,HSCEDM15D00008,Delivery Order,P00001,yes,"GEO CARE SERVICES, LLC",G6XJKMJUNB91,7D4M5,-59750.00,1869653.14,1869653.14,2015-09-21,2016-09-20,2016-09-20,DETENTION COMPLIANCE AND REMOVALS,,Full And Open Competition,,Negotiated Proposal/Quote,HSCEDM15R00008,G099,Other Social Services,624190,Other Individual and Family Services ,IGF::CT::IGF TASK ORDER FOR FAMILY CASE MANAGEMENT SERVICES [DC],IGF::CT::IGF TASK ORDER FOR FAMILY CASE MANAGEMENT SERVICES [DC],https://www.usaspending.gov/award/CONT_AWD_HSCEDM15J00039_7012_HSCEDM15D00008_7012
40265eeb7321688dd74ec17387edb6dc1700bdb347e2d9a5902ebf8caa3cf485,ICE,pre_Trump_I,ICE family case management,2015-10-30,HSCEDM15J00040,HSCEDM15D00010,Delivery Order,P00001,yes,"GEO CARE SERVICES, LLC",G6XJKMJUNB91,7D4M5,-58400.00,1704890.26,1704890.26,2015-09-21,2016-09-20,2016-09-20,DETENTION COMPLIANCE AND REMOVALS,,Full And Open Competition,,Negotiated Proposal/Quote,HSCEDM15R00009,G099,Other Social Services,624190,Other Individual and Family Services ,IGF::CT::IGF TASK ORDER FOR FAMILY CASE MANAGEMENT SERVICES [LA],IGF::CT::IGF TASK ORDER FOR FAMILY CASE MANAGEMENT SERVICES [LA],https://www.usaspending.gov/award/CONT_AWD_HSCEDM15J00040_7012_HSCEDM15D00010_7012
599e86899fb07dfcad028d0211258c400cf6c06150836ff8bb32bed759bba636,ICE,pre_Trump_I,ICE family case management,2015-10-30,HSCEDM15J00041,HSCEDM15D00011,Delivery Order,P00001,yes,"GEO CARE SERVICES, LLC",G6XJKMJUNB91,7D4M5,-66375.00,1955753.46,1955753.46,2015-09-21,2016-09-20,2016-09-20,DETENTION COMPLIANCE AND REMOVALS,,Full And Open Competition,,Negotiated Proposal/Quote,HSCEDM15R00010,G099,Other Social Services,624190,Other Individual and Family Services ,IGF::CT::IGF TASK ORDER FOR FAMILY CASE MANAGEMENT SERVICES [NY],TASK ORDER FOR FAMILY CASE MANAGEMENT SERVICES [NY],https://www.usaspending.gov/award/CONT_AWD_HSCEDM15J00041_7012_HSCEDM15D00011_7012
a2a0a6d1e5e60ec7e2ef94e0a95b074934002b68e8fcd00d2484f625b10bf6c1,ICE,pre_Trump_I,ICE family case management,2015-10-30,HSCEDM15J00042,HSCEDM15D00012,Delivery Order,P00001,yes,"GEO CARE SERVICES, LLC",G6XJKMJUNB91,7D4M5,-53280.00,1638800.59,1638800.59,2015-09-21,2016-09-20,2016-09-20,DETENTION COMPLIANCE AND REMOVALS,,Full And Open Competition,,Negotiated Proposal/Quote,HSCEDM15R00011,G099,Other Social Services,624190,Other Individual and Family Services ,IGF::CT::IGF TASK ORDER FOR FAMILY CASE MANAGEMENT SERVICES [MIA],IGF::CT::IGF TASK ORDER FOR FAMILY CASE MANAGEMENT SERVICES [MIA],https://www.usaspending.gov/award/CONT_AWD_HSCEDM15J00042_7012_HSCEDM15D00012_7012
7acd6f9a3501c215cb3d7fcc521d23daa2d11f1d1dea1fdd933846de2249874a,ICE,pre_Trump_I,ICE family case management,2015-10-30,HSCEDM15J00043,HSCEDM15D00013,Delivery Order,P00001,yes,"GEO CARE SERVICES, LLC",G6XJKMJUNB91,7D4M5,-61737.50,1719893.33,1719893.33,2015-09-21,2016-09-20,2016-09-28,DETENTION COMPLIANCE AND REMOVALS,,Full And Open Competition,,Negotiated Proposal/Quote,HSCEDM15R00012,G099,Other Social Services,624190,Other Individual and Family Services ,IGF::CT::IGF TASK ORDER FOR FAMILY CASE MANAGEMENT SERVICES [CHI],IGF::CT::IGF TASK ORDER FOR FAMILY CASE MANAGEMENT SERVICES [CHI],https://www.usaspending.gov/award/CONT_AWD_HSCEDM15J00043_7012_HSCEDM15D00013_7012
ef77c00e7db52cf4df155a7d45d8298756ebd3d55197e795c03ba9b736e6ae2c,ICE,pre_Trump_I,ICE detention services,2015-11-05,HSCEDM15J00038,HSCEDM15D00015,Delivery Order,P00002,yes,"THE GEO GROUP, INC.",JMLKZZ1NL2Z6,3JMR1,0.00,59949555.10,59949555.10,2015-09-28,2016-09-27,2016-09-27,DETENTION MANAGEMENT LAGUNA,,Full And Open Competition,1,Negotiated Proposal/Quote,,S206,Guard Services,561210,Facilities Support Services,"IGF::CT::IGF DETENTION, TRANSPORTATION AND FOOD SERVICES","IGF::CT::IGF DETENTION, TRANSPORTATION AND FOOD SERVICES",https://www.usaspending.gov/award/CONT_AWD_HSCEDM15J00038_7012_HSCEDM15D00015_7012
0cdbb9a5b29adb1fb9f3f2caebeb0ae25624383496f9711b918d58467352dd02,ICE,pre_Trump_I,ICE detention services,2015-11-10,HSCEDM15J00017,HSCEDM14A00001,BPA Call,P00003,yes,"THE GEO GROUP, INC.",JMLKZZ1NL2Z6,3JMR1,715824.00,4619592.71,4619592.71,2015-03-30,2016-03-31,2016-07-16,DETENTION MANAGEMENT LAGUNA,,Competed Under Simplified Acquisition Procedures,1,Simplified Acquisition,,S206,Guard Services,922140,Correctional Institutions ,IGF::CT::IGF DETENTION AND DETENTION RELATED SERVICES.,"IGF::CT::IGF
RIO GRANDE FACILITY WITH GEO GROUP UNDER DOJ NUMBER ODT-7-C-0003. (FY15 TASK ORDER)",https://www.usaspending.gov/award/CONT_AWD_HSCEDM15J00017_7012_HSCEDM14A00001_7012
0513c78df17735acda1d4912fe739be13fb76d678ba9875a18da1727d12a5b60,ICE,pre_Trump_I,ICE ISAP/electronic monitoring,2015-11-19,HSCEDM15J00032,HSCEDM14D00004,Delivery Order,P00006,yes,B.I. INCORPORATED,PKK6L9KLMYR5,3CUH9,476007.00,75915605.21,75915605.21,2015-08-27,2016-08-31,2016-12-03,DETENTION COMPLIANCE AND REMOVALS,,Full And Open Competition,4,Negotiated Proposal/Quote,,R408,Program Management/Support Services,561210,Facilities Support Services,IGF::CT::IGF ISAP III CONTRACT OPTION YEAR 1 FOR THE ALTERNATIVES TO DETENTION UNIT,IGF::CT::IGF ISAP III CONTRACT OPTION YEAR 1 FOR THE ALTERNATIVES TO DETENTION UNIT,https://www.usaspending.gov/award/CONT_AWD_HSCEDM15J00032_7012_HSCEDM14D00004_7012
bbf350062fff2e7ce7a89ab153209c35fd690e74d55d3d984be456551755d703,ICE,pre_Trump_I,ICE ISAP/electronic monitoring,2015-11-24,HSCECR11J00001,HSCECR09D00002,Delivery Order,P00016,yes,B.I. INCORPORATED,PKK6L9KLMYR5,3CUH9,0.00,41773632.33,41773632.33,2010-11-01,2011-11-05,2015-11-14,DETENTION COMPLIANCE AND REMOVALS,,Full And Open Competition,3,Negotiated Proposal/Quote,HSCECR09R00004,R408,Program Management/Support Services,561210,Facilities Support Services,OPTION YEAR 1 TASK ORDER AWARD ISAP II (BASE CONTRACT# HSCECR-09-D-00002),"OPTION YEAR 1 TASK ORDER AWARD
ISAP II (BASE CONTRACT# HSCECR-09-D-00002)",https://www.usaspending.gov/award/CONT_AWD_HSCECR11J00001_7012_HSCECR09D00002_7012
8b13aec315e31a78df6244249401cbd2254f5ff07fd9feb179eba9e6e77e4b29,ICE,pre_Trump_I,ICE ISAP/electronic monitoring,2015-11-24,HSCECR12J00001,HSCECR09D00002,Delivery Order,P00012,yes,B.I. INCORPORATED,PKK6L9KLMYR5,3CUH9,0.00,40201510.99,77846324.68,2011-11-06,2012-11-05,2015-11-14,DETENTION COMPLIANCE AND REMOVALS,,Full And Open Competition,3,Negotiated Proposal/Quote,HSCECR09R00004,R408,Program Management/Support Services,561210,Facilities Support Services,ISAP II CONTRACT (HSCECR-09-D-00002) OPTION YEAR 2 TASK ORDER (HSCECR-12-J-00001),"ISAP II CONTRACT (HSCECR-09-D-00002)
OPTION YEAR 2 TASK ORDER (HSCECR-12-J-00001)",https://www.usaspending.gov/award/CONT_AWD_HSCECR12J00001_7012_HSCECR09D00002_7012
5b44375db545a64fafc714d4de218c7a5f4bd76cbd5db7ecbe3000dfb3b49f94,ICE,pre_Trump_I,ICE detention services,2015-11-24,HSCEDM15J00029,HSCEDM11D00003,Delivery Order,P00001,yes,"THE GEO GROUP, INC.",JMLKZZ1NL2Z6,3JMR1,4046424.14,24315423.37,24315423.37,2015-08-20,2016-09-15,2017-01-20,DETENTION MANAGEMENT LAGUNA,,Full And Open Competition,1,Negotiated Proposal/Quote,,S206,Guard Services,561210,Facilities Support Services,IGF::CT::IGF DETENTION SERVICES,"IGF::CT::IGF CRITICAL FUNCTION. DETENTION MANAGEMENT, MEDICAL SERVICES, TRANSPORTATION SERVICES, FOOD SERVICES FOR DHS/ICE AURORA, CO AT GEO GROUP COCA FACILITY.",https://www.usaspending.gov/award/CONT_AWD_HSCEDM15J00029_7012_HSCEDM11D00003_7012
89771ba0f417b3febb154d1af1eacc7e5bcce37eb661ea40f747a814c41a0eb1,ICE,pre_Trump_I,ICE detention services,2015-11-24,HSCEDM16J00004,HSCEDM12D00001,Delivery Order,0,no,"THE GEO GROUP, INC.",JMLKZZ1NL2Z6,3JMR1,4319134.06,52665942.04,52665942.04,2015-11-24,2016-11-30,2017-06-14,DETENTION COMPLIANCE AND REMOVALS,,Full And Open Competition,1,Negotiated Proposal/Quote,,S206,Guard Services,561210,Facilities Support Services,DETENTION AND DETENTION RELATED SERVICE. IGF::OT::IGF.,DETENTION AND DETENTION RELATED SERVICE. .,https://www.usaspending.gov/award/CONT_AWD_HSCEDM16J00004_7012_HSCEDM12D00001_7012
f5ba63ea7c2dbe4357355d19dccfdc7ef3e3096f67862f1812a727554797f9fb,ICE,pre_Trump_I,ICE detention services,2015-12-14,HSCEDM14J00008,HSCEDM12D00001,Delivery Order,P00013,yes,"THE GEO GROUP, INC.",JMLKZZ1NL2Z6,3JMR1,-10395.17,46037066.14,46037066.14,2013-12-01,2014-11-30,2016-01-13,DETENTION MANAGEMENT LAGUNA,,Full And Open Competition,1,Negotiated Proposal/Quote,,S206,Guard Services,561210,Facilities Support Services,GEO GROUP CONTRACT HSCEDM-12-D-00001 FOR SOUTH TEXAS DETENTION COMPLEX.  TASK ORDER HSCEDM-14-J-00008 IGF::OT::IGF,GEO GROUP CONTRACT HSCEDM-12-D-00001 FOR SOUTH TEXAS DETENTION COMPLEX. TASK ORDER HSCEDM-14-J-00008,https://www.usaspending.gov/award/CONT_AWD_HSCEDM14J00008_7012_HSCEDM12D00001_7012
ca378f4f99e615ab67e1be38fdb8487260668b89f713c313e3afe1f2c9dec847,ICE,pre_Trump_I,ICE detention services,2015-12-23,HSCEDM15J00017,HSCEDM14A00001,BPA Call,P00004,yes,"THE GEO GROUP, INC.",JMLKZZ1NL2Z6,3JMR1,290585.00,4619592.71,4619592.71,2015-03-30,2016-03-31,2016-07-16,DETENTION MANAGEMENT LAGUNA,,Competed Under Simplified Acquisition Procedures,1,Simplified Acquisition,,S206,Guard Services,922140,Correctional Institutions ,IGF::CT::IGF DETENTION AND DETENTION RELATED SERVICES.,"IGF::CT::IGF
RIO GRANDE FACILITY WITH GEO GROUP UNDER DOJ NUMBER ODT-7-C-0003. (FY15 TASK ORDER)",https://www.usaspending.gov/award/CONT_AWD_HSCEDM15J00017_7012_HSCEDM14A00001_7012
ba30fb1300f58cd79b30630bf64053273d2aa385ec9720876b2aeb9137412da4,ICE,pre_Trump_I,ICE detention services,2015-12-24,HSCEDM16J00004,HSCEDM12D00001,Delivery Order,P00001,yes,"THE GEO GROUP, INC.",JMLKZZ1NL2Z6,3JMR1,4752205.55,52665942.04,52665942.04,2015-11-24,2016-11-30,2017-06-14,DETENTION COMPLIANCE AND REMOVALS,,Full And Open Competition,1,Negotiated Proposal/Quote,,S206,Guard Services,561210,Facilities Support Services,DETENTION SERVICE. IGF::OT::IGF.,DETENTION AND DETENTION RELATED SERVICE. .,https://www.usaspending.gov/award/CONT_AWD_HSCEDM16J00004_7012_HSCEDM12D00001_7012
ab0343e47034730fd0868ffdae57503c1a1e416379b0cac6d208981f9a93ef06,ICE,pre_Trump_I,ICE detention services,2016-01-05,HSCEDM15J00038,HSCEDM15D00015,Delivery Order,P00003,yes,"THE GEO GROUP, INC.",JMLKZZ1NL2Z6,3JMR1,4844029.75,59949555.10,59949555.10,2015-09-28,2016-09-27,2016-09-27,DETENTION MANAGEMENT LAGUNA,,Full And Open Competition,1,Negotiated Proposal/Quote,,S206,Guard Services,561210,Facilities Support Services,"IGF::CT::IGF DETENTION, TRANSPORTATION AND FOOD SERVICES","IGF::CT::IGF DETENTION, TRANSPORTATION AND FOOD SERVICES",https://www.usaspending.gov/award/CONT_AWD_HSCEDM15J00038_7012_HSCEDM15D00015_7012
04babc2e4bbae37ff979277a8db9151d8f4d2e61d5b30044d4e62074b4968f28,ICE,pre_Trump_I,ICE family case management,2016-01-12,HSCEDM15J00039,HSCEDM15D00008,Delivery Order,P00002,yes,"GEO CARE SERVICES, LLC",G6XJKMJUNB91,7D4M5,0.00,1869653.14,1869653.14,2015-09-21,2016-09-20,2016-09-20,DETENTION COMPLIANCE AND REMOVALS,,Full And Open Competition,,Negotiated Proposal/Quote,HSCEDM15R00008,G099,Other Social Services,624190,Other Individual and Family Services ,IGF::CT::IGF TASK ORDER FOR FAMILY CASE MANAGEMENT SERVICES [DC],IGF::CT::IGF TASK ORDER FOR FAMILY CASE MANAGEMENT SERVICES [DC],https://www.usaspending.gov/award/CONT_AWD_HSCEDM15J00039_7012_HSCEDM15D00008_7012
52fc9178825e52d09f49ee6c73099706e549d187e646970e25815da9909b02c9,ICE,pre_Trump_I,ICE family case management,2016-01-12,HSCEDM15J00040,HSCEDM15D00010,Delivery Order,P00002,yes,"GEO CARE SERVICES, LLC",G6XJKMJUNB91,7D4M5,0.00,1704890.26,1704890.26,2015-09-21,2016-09-20,2016-09-20,DETENTION COMPLIANCE AND REMOVALS,,Full And Open Competition,,Negotiated Proposal/Quote,HSCEDM15R00009,G099,Other Social Services,624190,Other Individual and Family Services ,IGF::CT::IGF TASK ORDER FOR FAMILY CASE MANAGEMENT SERVICES [LA],IGF::CT::IGF TASK ORDER FOR FAMILY CASE MANAGEMENT SERVICES [LA],https://www.usaspending.gov/award/CONT_AWD_HSCEDM15J00040_7012_HSCEDM15D00010_7012
635566c2e551bea0239620af288931ec188559a048679d80ab05d9c6e3128f1d,ICE,pre_Trump_I,ICE family case management,2016-01-12,HSCEDM15J00041,HSCEDM15D00011,Delivery Order,P00002,yes,"GEO CARE SERVICES, LLC",G6XJKMJUNB91,7D4M5,0.00,1955753.46,1955753.46,2015-09-21,2016-09-20,2016-09-20,DETENTION COMPLIANCE AND REMOVALS,,Full And Open Competition,,Negotiated Proposal/Quote,HSCEDM15R00010,G099,Other Social Services,624190,Other Individual and Family Services ,IGF::CT::IGF TASK ORDER FOR FAMILY CASE MANAGEMENT SERVICES [NY],TASK ORDER FOR FAMILY CASE MANAGEMENT SERVICES [NY],https://www.usaspending.gov/award/CONT_AWD_HSCEDM15J00041_7012_HSCEDM15D00011_7012
ec7cea44c1d4c1ead4a607d157c8913fa811753f81f97914d3184aaae6ce710b,ICE,pre_Trump_I,ICE family case management,2016-01-12,HSCEDM15J00042,HSCEDM15D00012,Delivery Order,P00002,yes,"GEO CARE SERVICES, LLC",G6XJKMJUNB91,7D4M5,0.00,1638800.59,1638800.59,2015-09-21,2016-09-20,2016-09-20,DETENTION COMPLIANCE AND REMOVALS,,Full And Open Competition,,Negotiated Proposal/Quote,HSCEDM15R00011,G099,Other Social Services,624190,Other Individual and Family Services ,IGF::CT::IGF TASK ORDER FOR FAMILY CASE MANAGEMENT SERVICES [MIA],IGF::CT::IGF TASK ORDER FOR FAMILY CASE MANAGEMENT SERVICES [MIA],https://www.usaspending.gov/award/CONT_AWD_HSCEDM15J00042_7012_HSCEDM15D00012_7012
2a551b56308c176fb7b154df8f35e3653f94151ebba580115dcac84260197254,ICE,pre_Trump_I,ICE family case management,2016-01-12,HSCEDM15J00043,HSCEDM15D00013,Delivery Order,P00002,yes,"GEO CARE SERVICES, LLC",G6XJKMJUNB91,7D4M5,0.00,1719893.33,1719893.33,2015-09-21,2016-09-20,2016-09-28,DETENTION COMPLIANCE AND REMOVALS,,Full And Open Competition,,Negotiated Proposal/Quote,HSCEDM15R00012,G099,Other Social Services,624190,Other Individual and Family Services ,IGF::CT::IGF TASK ORDER FOR FAMILY CASE MANAGEMENT SERVICES [CHI],IGF::CT::IGF TASK ORDER FOR FAMILY CASE MANAGEMENT SERVICES [CHI],https://www.usaspending.gov/award/CONT_AWD_HSCEDM15J00043_7012_HSCEDM15D00013_7012
f96b6312fd5cc7fc58b8c921f8103e2ab54a88bd937b23cad2474050bdf45b36,ICE,pre_Trump_I,ICE detention services,2016-01-13,HSCEDM16P00015,,Purchase Order,0,no,"CORNELL COMPANIES, INC.",TLDCDE29G781,3MTH6,4644.00,0.00,0.00,2016-01-08,2017-01-27,2017-01-27,DETENTION COMPLIANCE AND REMOVALS,,Not Competed,1,Sole Source,,S206,Guard Services,561210,Facilities Support Services,IGF::OT::IGF DETENTION SERVICES,DETENTION SERVICES,https://www.usaspending.gov/award/CONT_AWD_HSCEDM16P00015_7012_-NONE-_-NONE-
d167a9bf6f58e20dd6f91111dad5f9d6be5cee8e69506af0f0fa8d5274aad855,ICE,pre_Trump_I,ICE detention services,2016-01-14,HSCEDM16J00004,HSCEDM12D00001,Delivery Order,P00002,yes,"THE GEO GROUP, INC.",JMLKZZ1NL2Z6,3JMR1,8407212.79,52665942.04,52665942.04,2015-11-24,2016-11-30,2017-06-14,DETENTION COMPLIANCE AND REMOVALS,,Full And Open Competition,1,Negotiated Proposal/Quote,,S206,Guard Services,561210,Facilities Support Services,DETENTION SERVICE. IGF::OT::IGF.,DETENTION AND DETENTION RELATED SERVICE. .,https://www.usaspending.gov/award/CONT_AWD_HSCEDM16J00004_7012_HSCEDM12D00001_7012
9d270d9695bddc0371c00f48bdc5f9a65d605e30ca9d2f280bcf1951d9e810d4,ICE,pre_Trump_I,ICE detention services,2016-01-22,HSCEDM15J00029,HSCEDM11D00003,Delivery Order,P00002,yes,"THE GEO GROUP, INC.",JMLKZZ1NL2Z6,3JMR1,2136349.74,24315423.37,24315423.37,2015-08-20,2016-09-15,2017-01-20,DETENTION MANAGEMENT LAGUNA,,Full And Open Competition,1,Negotiated Proposal/Quote,,S206,Guard Services,561210,Facilities Support Services,IGF::CT::IGF DETENTION SERVICES,"IGF::CT::IGF CRITICAL FUNCTION. DETENTION MANAGEMENT, MEDICAL SERVICES, TRANSPORTATION SERVICES, FOOD SERVICES FOR DHS/ICE AURORA, CO AT GEO GROUP COCA FACILITY.",https://www.usaspending.gov/award/CONT_AWD_HSCEDM15J00029_7012_HSCEDM11D00003_7012
687f190f30ad87f0f0f54d03c45e16c53f40d7bf4ea88e161af3c4511ba17c30,CBP,pre_Trump_I,CBP detention/jail space,2016-01-27,HSBP1016J00076,HSBP1012A00025,BPA CALL,0,no,"THE GEO GROUP, INC.",JMLKZZ1NL2Z6,3JMR1,7602.00,12427.00,12427.00,2015-10-01,2016-11-29,2016-11-29,BORDER ENFORCEMENT CONTRACTING DIVISION,OFFICE OF FIELD OPERATIONS,COMPETED UNDER SAP,1,SIMPLIFIED ACQUISITION,,R418,SUPPORT- PROFESSIONAL: LEGAL,561210,FACILITIES SUPPORT SERVICES,IGF::CT::IGF,IGF::CT::IGF,https://www.usaspending.gov/award/CONT_AWD_HSBP1016J00076_7014_HSBP1012A00025_7014
eda2ef27140f85c204aaec64a3f90fd295b32528134474393f5f1121e27d8eed,ICE,pre_Trump_I,ICE detention services,2016-01-27,HSCEDM15J00003,HSCEDM10D00001,Delivery Order,P00009,yes,"THE GEO GROUP, INC.",JMLKZZ1NL2Z6,3JMR1,-775970.44,23915075.97,23915075.97,2014-10-23,2015-09-27,2015-09-27,DETENTION MANAGEMENT - LAGUNA OFFICE,,Full And Open Competition,1,Negotiated Proposal/Quote,HSCEDM09R00003,S206,Guard Services,561210,Facilities Support Services,"IGF::CT::IGF DETENTION, TRANSPORTATION AND FOOD SERVICES","IGF::CT::IGF - CRITICAL FUNCTIONS. DETENTION, TRANSPORTATION AND FOOD SERVICES",https://www.usaspending.gov/award/CONT_AWD_HSCEDM15J00003_7012_HSCEDM10D00001_7012
cd8e179c3689ee221c8b968b212add2de24ee628190a63a6fcb5293803e3a4f9,ICE,pre_Trump_I,ICE detention services,2016-01-28,HSCEDM15J00029,HSCEDM11D00003,Delivery Order,P00003,yes,"THE GEO GROUP, INC.",JMLKZZ1NL2Z6,3JMR1,2004145.48,24315423.37,24315423.37,2015-08-20,2016-09-15,2017-01-20,DETENTION MANAGEMENT LAGUNA,,Full And Open Competition,1,Negotiated Proposal/Quote,,S206,Guard Services,561210,Facilities Support Services,IGF::CT::IGF DETENTION SERVICES,"IGF::CT::IGF CRITICAL FUNCTION. DETENTION MANAGEMENT, MEDICAL SERVICES, TRANSPORTATION SERVICES, FOOD SERVICES FOR DHS/ICE AURORA, CO AT GEO GROUP COCA FACILITY.",https://www.usaspending.gov/award/CONT_AWD_HSCEDM15J00029_7012_HSCEDM11D00003_7012
9fabd0e018416a8b634e478b03a236699538eaefaac76831a4aa82bfd6fdee0d,ICE,pre_Trump_I,ICE detention services,2016-01-28,HSCEDM15J00038,HSCEDM15D00015,Delivery Order,P00004,yes,"THE GEO GROUP, INC.",JMLKZZ1NL2Z6,3JMR1,4318613.87,59949555.10,59949555.10,2015-09-28,2016-09-27,2016-09-27,DETENTION MANAGEMENT LAGUNA,,Full And Open Competition,1,Negotiated Proposal/Quote,,S206,Guard Services,561210,Facilities Support Services,"IGF::CT::IGF DETENTION, TRANSPORTATION AND FOOD SERVICES","IGF::CT::IGF DETENTION, TRANSPORTATION AND FOOD SERVICES",https://www.usaspending.gov/award/CONT_AWD_HSCEDM15J00038_7012_HSCEDM15D00015_7012
74ed6b05ed5190d058e5defe71381b994a50c3f5db03ee294096d0cefac87939,ICE,pre_Trump_I,ICE detention services,2016-02-02,HSCEDM15J00017,HSCEDM14A00001,BPA Call,P00005,yes,"THE GEO GROUP, INC.",JMLKZZ1NL2Z6,3JMR1,337148.83,4619592.71,4619592.71,2015-03-30,2016-03-31,2016-07-16,DETENTION MANAGEMENT LAGUNA,,Competed Under Simplified Acquisition Procedures,1,Simplified Acquisition,,S206,Guard Services,922140,Correctional Institutions ,IGF::CT::IGF DETENTION AND DETENTION RELATED SERVICES.,"IGF::CT::IGF
RIO GRANDE FACILITY WITH GEO GROUP UNDER DOJ NUMBER ODT-7-C-0003. (FY15 TASK ORDER)",https://www.usaspending.gov/award/CONT_AWD_HSCEDM15J00017_7012_HSCEDM14A00001_7012
d55daa2b576bcc57fb9dbf59b1380ab0e5e153a9ce837c31e3f35dfc3d2a519e,ICE,pre_Trump_I,ICE detention services,2016-02-02,HSCEDM15J00024,HSCEDM15D00006,Delivery Order,P00005,yes,"THE GEO GROUP, INC.",JMLKZZ1NL2Z6,3JMR1,921096.00,29419117.96,29419117.96,2015-07-01,2016-06-30,2016-09-23,DETENTION COMPLIANCE AND REMOVALS,,Full And Open Competition,,Negotiated Proposal/Quote,,S206,Guard Services,561210,Facilities Support Services,IGF::CL::IGF DETENTION SERVICES AT BROWARD TRANSITIONAL CENTER,DETENTION SERVICES AT BROWARD TRANSITIONAL CENTER,https://www.usaspending.gov/award/CONT_AWD_HSCEDM15J00024_7012_HSCEDM15D00006_7012
76a48f076c11ac68dcc7c462d4412390da6afaf5d9c502eedb32319e50d6d542,ICE,pre_Trump_I,ICE ISAP/electronic monitoring,2016-02-08,HSCECR14J00001,HSCECR09D00002,Delivery Order,P00005,yes,B.I. INCORPORATED,PKK6L9KLMYR5,3CUH9,-2321695.29,29040817.10,29040817.10,2014-01-09,2014-11-05,2016-03-09,DETENTION COMPLIANCE AND REMOVALS,,Full And Open Competition,3,Negotiated Proposal/Quote,HSCECR09R00004,R408,Program Management/Support Services,561210,Facilities Support Services,IGF::OT::IGF ISAP II CONTRACT HSCECR-09-D-0002 TASK ORDER HSCECR-14-J-00001,"ISAP II CONTRACT HSCECR-09-D-0002
TASK ORDER HSCECR-14-J-00001
",https://www.usaspending.gov/award/CONT_AWD_HSCECR14J00001_7012_HSCECR09D00002_7012
877846aebd02b647f20ef5f077340daba23793c9a1acff2b296abf4811a5faf3,ICE,pre_Trump_I,ICE detention services,2016-02-10,HSCEDM15J00029,HSCEDM11D00003,Delivery Order,P00004,yes,"THE GEO GROUP, INC.",JMLKZZ1NL2Z6,3JMR1,71725.41,24315423.37,24315423.37,2015-08-20,2016-09-15,2017-01-20,DETENTION MANAGEMENT LAGUNA,,Full And Open Competition,1,Negotiated Proposal/Quote,,S206,Guard Services,561210,Facilities Support Services,IGF::CT::IGF DETENTION SERVICES,"IGF::CT::IGF CRITICAL FUNCTION. DETENTION MANAGEMENT, MEDICAL SERVICES, TRANSPORTATION SERVICES, FOOD SERVICES FOR DHS/ICE AURORA, CO AT GEO GROUP COCA FACILITY.",https://www.usaspending.gov/award/CONT_AWD_HSCEDM15J00029_7012_HSCEDM11D00003_7012
6a32837f321529dea6492d0704184dae0d5bbbe26b931761915e8f9631b1f891,ICE,pre_Trump_I,ICE detention services,2016-02-10,HSCEDM15J00029,HSCEDM11D00003,Delivery Order,P00005,yes,"THE GEO GROUP, INC.",JMLKZZ1NL2Z6,3JMR1,0.00,24315423.37,24315423.37,2015-08-20,2016-09-15,2017-01-20,DETENTION MANAGEMENT LAGUNA,,Full And Open Competition,1,Negotiated Proposal/Quote,,S206,Guard Services,561210,Facilities Support Services,IGF::CT::IGF DETENTION SERVICES,"IGF::CT::IGF CRITICAL FUNCTION. DETENTION MANAGEMENT, MEDICAL SERVICES, TRANSPORTATION SERVICES, FOOD SERVICES FOR DHS/ICE AURORA, CO AT GEO GROUP COCA FACILITY.",https://www.usaspending.gov/award/CONT_AWD_HSCEDM15J00029_7012_HSCEDM11D00003_7012
60d73db50209888196c6e57a8346d110e70ef34747e6ce3ac5b0947fbd325a33,ICE,pre_Trump_I,ICE family case management,2016-02-12,HSCEDM15J00039,HSCEDM15D00008,Delivery Order,P00003,yes,"GEO CARE SERVICES, LLC",G6XJKMJUNB91,7D4M5,558041.07,1869653.14,1869653.14,2015-09-21,2016-09-20,2016-09-20,DETENTION COMPLIANCE AND REMOVALS,,Full And Open Competition,,Negotiated Proposal/Quote,HSCEDM15R00008,G099,Other Social Services,624190,Other Individual and Family Services ,IGF::CT::IGF TASK ORDER FOR FAMILY CASE MANAGEMENT SERVICES [DC],IGF::CT::IGF TASK ORDER FOR FAMILY CASE MANAGEMENT SERVICES [DC],https://www.usaspending.gov/award/CONT_AWD_HSCEDM15J00039_7012_HSCEDM15D00008_7012
6f84a33b4cfab14726e0491de1fe5bebeea1c11772ba067a9cea36f9536e6ca2,ICE,pre_Trump_I,ICE family case management,2016-02-12,HSCEDM15J00040,HSCEDM15D00010,Delivery Order,P00003,yes,"GEO CARE SERVICES, LLC",G6XJKMJUNB91,7D4M5,470684.96,1704890.26,1704890.26,2015-09-21,2016-09-20,2016-09-20,DETENTION COMPLIANCE AND REMOVALS,,Full And Open Competition,,Negotiated Proposal/Quote,HSCEDM15R00009,G099,Other Social Services,624190,Other Individual and Family Services ,IGF::CT::IGF TASK ORDER FOR FAMILY CASE MANAGEMENT SERVICES [LA],IGF::CT::IGF TASK ORDER FOR FAMILY CASE MANAGEMENT SERVICES [LA],https://www.usaspending.gov/award/CONT_AWD_HSCEDM15J00040_7012_HSCEDM15D00010_7012
633bc987913fc991b7c395ac2d3b0ed596348ca485a4c5ac4bb307d4d05cd73e,ICE,pre_Trump_I,ICE family case management,2016-02-12,HSCEDM15J00041,HSCEDM15D00011,Delivery Order,P00003,yes,"GEO CARE SERVICES, LLC",G6XJKMJUNB91,7D4M5,520302.84,1955753.46,1955753.46,2015-09-21,2016-09-20,2016-09-20,DETENTION COMPLIANCE AND REMOVALS,,Full And Open Competition,,Negotiated Proposal/Quote,HSCEDM15R00010,G099,Other Social Services,624190,Other Individual and Family Services ,IGF::CT::IGF TASK ORDER FOR FAMILY CASE MANAGEMENT SERVICES [NY],TASK ORDER FOR FAMILY CASE MANAGEMENT SERVICES [NY],https://www.usaspending.gov/award/CONT_AWD_HSCEDM15J00041_7012_HSCEDM15D00011_7012
66eff0925e754cb023ec7947da1b0f7be9b8719a5996353a8b2d21169fc0f294,ICE,pre_Trump_I,ICE family case management,2016-02-12,HSCEDM15J00042,HSCEDM15D00012,Delivery Order,P00003,yes,"GEO CARE SERVICES, LLC",G6XJKMJUNB91,7D4M5,495224.08,1638800.59,1638800.59,2015-09-21,2016-09-20,2016-09-20,DETENTION COMPLIANCE AND REMOVALS,,Full And Open Competition,,Negotiated Proposal/Quote,HSCEDM15R00011,G099,Other Social Services,624190,Other Individual and Family Services ,IGF::CT::IGF TASK ORDER FOR FAMILY CASE MANAGEMENT SERVICES [MIA],IGF::CT::IGF TASK ORDER FOR FAMILY CASE MANAGEMENT SERVICES [MIA],https://www.usaspending.gov/award/CONT_AWD_HSCEDM15J00042_7012_HSCEDM15D00012_7012
dd5bab8b598f99d232c1929d7bd3288de2b9b56aad678a3410582a6b034d3166,ICE,pre_Trump_I,ICE family case management,2016-02-12,HSCEDM15J00043,HSCEDM15D00013,Delivery Order,P00003,yes,"GEO CARE SERVICES, LLC",G6XJKMJUNB91,7D4M5,484048.54,1719893.33,1719893.33,2015-09-21,2016-09-20,2016-09-28,DETENTION COMPLIANCE AND REMOVALS,,Full And Open Competition,,Negotiated Proposal/Quote,HSCEDM15R00012,G099,Other Social Services,624190,Other Individual and Family Services ,IGF::CT::IGF TASK ORDER FOR FAMILY CASE MANAGEMENT SERVICES [CHI],IGF::CT::IGF TASK ORDER FOR FAMILY CASE MANAGEMENT SERVICES [CHI],https://www.usaspending.gov/award/CONT_AWD_HSCEDM15J00043_7012_HSCEDM15D00013_7012
8dab6b48c328e0df43a1dcb06d5d70ea3bec3bbb209c3e193aadfb9d3eca6e55,ICE,pre_Trump_I,ICE ISAP/electronic monitoring,2016-02-23,HSCEDM15J00032,HSCEDM14D00004,Delivery Order,P00007,yes,B.I. INCORPORATED,PKK6L9KLMYR5,3CUH9,16400000.00,75915605.21,75915605.21,2015-08-27,2016-08-31,2016-12-03,DETENTION COMPLIANCE AND REMOVALS,,Full And Open Competition,4,Negotiated Proposal/Quote,,R408,Program Management/Support Services,561210,Facilities Support Services,IGF::CT::IGF ISAP III CONTRACT OPTION YEAR 1 FOR THE ALTERNATIVES TO DETENTION UNIT,IGF::CT::IGF ISAP III CONTRACT OPTION YEAR 1 FOR THE ALTERNATIVES TO DETENTION UNIT,https://www.usaspending.gov/award/CONT_AWD_HSCEDM15J00032_7012_HSCEDM14D00004_7012
cffac564cae6465ec3334191f0dd15c1c0396484bb1aea66c6de15dce8c85867,ICE,pre_Trump_I,ICE detention services,2016-02-26,HSCEDM15J00029,HSCEDM11D00003,Delivery Order,P00006,yes,"THE GEO GROUP, INC.",JMLKZZ1NL2Z6,3JMR1,4120834.44,24315423.37,24315423.37,2015-08-20,2016-09-15,2017-01-20,DETENTION MANAGEMENT LAGUNA,,Full And Open Competition,1,Negotiated Proposal/Quote,,S206,Guard Services,561210,Facilities Support Services,IGF::CT::IGF DETENTION SERVICES,"IGF::CT::IGF CRITICAL FUNCTION. DETENTION MANAGEMENT, MEDICAL SERVICES, TRANSPORTATION SERVICES, FOOD SERVICES FOR DHS/ICE AURORA, CO AT GEO GROUP COCA FACILITY.",https://www.usaspending.gov/award/CONT_AWD_HSCEDM15J00029_7012_HSCEDM11D00003_7012
141567fa2b022d1c8dc4881304bafdef1e0e6eb1adca29b28a4063a02fa53fdc,ICE,pre_Trump_I,ICE detention services,2016-02-29,HSCEDM15J00024,HSCEDM15D00006,Delivery Order,P00006,yes,"THE GEO GROUP, INC.",JMLKZZ1NL2Z6,3JMR1,307032.00,29419117.96,29419117.96,2015-07-01,2016-06-30,2016-09-23,DETENTION COMPLIANCE AND REMOVALS,,Full And Open Competition,,Negotiated Proposal/Quote,,S206,Guard Services,561210,Facilities Support Services,IGF::CL::IGF DETENTION SERVICES AT BROWARD TRANSITIONAL CENTER,DETENTION SERVICES AT BROWARD TRANSITIONAL CENTER,https://www.usaspending.gov/award/CONT_AWD_HSCEDM15J00024_7012_HSCEDM15D00006_7012
16156ce3b5dbfdc425bc2776ff8ab5cbaa4569abc4c6374ef0016bf753eafed1,ICE,pre_Trump_I,ICE detention services,2016-03-02,HSCEDM16J00004,HSCEDM12D00001,Delivery Order,P00003,yes,"THE GEO GROUP, INC.",JMLKZZ1NL2Z6,3JMR1,4333312.57,52665942.04,52665942.04,2015-11-24,2016-11-30,2017-06-14,DETENTION COMPLIANCE AND REMOVALS,,Full And Open Competition,1,Negotiated Proposal/Quote,,S206,Guard Services,561210,Facilities Support Services,DETENTION SERVICE. IGF::OT::IGF.,DETENTION AND DETENTION RELATED SERVICE. .,https://www.usaspending.gov/award/CONT_AWD_HSCEDM16J00004_7012_HSCEDM12D00001_7012
f6852a968dbe5b57d7fc49d581311ef4596c48a0741a36484bd0f53652ab4c47,ICE,pre_Trump_I,ICE detention services,2016-03-08,HSCEDM15J00017,HSCEDM14A00001,BPA Call,P00006,yes,"THE GEO GROUP, INC.",JMLKZZ1NL2Z6,3JMR1,427732.42,4619592.71,4619592.71,2015-03-30,2016-03-31,2016-07-16,DETENTION MANAGEMENT LAGUNA,,Competed Under Simplified Acquisition Procedures,1,Simplified Acquisition,,S206,Guard Services,922140,Correctional Institutions ,IGF::CT::IGF DETENTION AND DETENTION RELATED SERVICES.,"IGF::CT::IGF
RIO GRANDE FACILITY WITH GEO GROUP UNDER DOJ NUMBER ODT-7-C-0003. (FY15 TASK ORDER)",https://www.usaspending.gov/award/CONT_AWD_HSCEDM15J00017_7012_HSCEDM14A00001_7012
bca3f86f65712e44bcd4e5a0dadea67f9cf7cabc83f0185a19ea63f13341b9e2,ICE,pre_Trump_I,ICE detention services,2016-03-08,HSCEDM16J00004,HSCEDM12D00001,Delivery Order,P00004,yes,"THE GEO GROUP, INC.",JMLKZZ1NL2Z6,3JMR1,0.00,52665942.04,52665942.04,2015-11-24,2016-11-30,2017-06-14,DETENTION COMPLIANCE AND REMOVALS,,Full And Open Competition,1,Negotiated Proposal/Quote,,S206,Guard Services,561210,Facilities Support Services,DETENTION SERVICE. IGF::OT::IGF.,DETENTION AND DETENTION RELATED SERVICE. .,https://www.usaspending.gov/award/CONT_AWD_HSCEDM16J00004_7012_HSCEDM12D00001_7012
ba6e05a908a2b74c43a6c8b5b6f46eddcc361a996020a8e1f469b3a4887e6faf,ICE,pre_Trump_I,ICE detention services,2016-03-09,HSCEDM15P00017,,Purchase Order,P00007,yes,"CORNELL COMPANIES, INC.",TLDCDE29G781,3MTH6,-10829.39,18099.47,18099.47,2014-12-31,2015-03-31,2016-04-08,DETENTION MANAGEMENT LAGUNA,,Not Competed,1,Sole Source,,S206,Guard Services,561210,Facilities Support Services,IGF::OT::IGF  USE FACILITIES DUE TO POSSIBLE BAD WEATHER AND SHUTDOWN OF OFFICES IF ICE DOES HIT THE  WEST TEXAS AREA AND DFW AREA.,"IGF::CT::IGF
USE FACILITIES DUE TO POSSIBLE BAD WEATHER AND SHUTDOWN OF OFFICES IF ICE DOES HIT THE WEST TEXAS AREA AND DFW AREA.
",https://www.usaspending.gov/award/CONT_AWD_HSCEDM15P00017_7012_-NONE-_-NONE-
ab1a0e545ebce7e618da00a671d22590282635d509ed407dacb61b82265f11c8,ICE,pre_Trump_I,ICE detention services,2016-03-11,HSCEDM15J00029,HSCEDM11D00003,Delivery Order,P00007,yes,"THE GEO GROUP, INC.",JMLKZZ1NL2Z6,3JMR1,12596.50,24315423.37,24315423.37,2015-08-20,2016-09-15,2017-01-20,DETENTION MANAGEMENT LAGUNA,,Full And Open Competition,1,Negotiated Proposal/Quote,,S206,Guard Services,561210,Facilities Support Services,IGF::CT::IGF  DETENTION SERVICES,"IGF::CT::IGF CRITICAL FUNCTION. DETENTION MANAGEMENT, MEDICAL SERVICES, TRANSPORTATION SERVICES, FOOD SERVICES FOR DHS/ICE AURORA, CO AT GEO GROUP COCA FACILITY.",https://www.usaspending.gov/award/CONT_AWD_HSCEDM15J00029_7012_HSCEDM11D00003_7012
8216e6d5eb3329b17f657924e954c198c354b4b2a75464f908f1896df5a72bf7,ICE,pre_Trump_I,ICE detention services,2016-03-15,HSCEDM14J00031,HSCEDM11D00003,Delivery Order,P00010,yes,"THE GEO GROUP, INC.",JMLKZZ1NL2Z6,3JMR1,-313380.94,22904058.24,22904058.24,2014-09-16,2015-09-15,2016-04-14,DETENTION COMPLIANCE AND REMOVALS,,Full And Open Competition,,Negotiated Proposal/Quote,,S206,Guard Services,561210,Facilities Support Services,"IGF::CT::IGF. DETENTION MANAGEMENT, MEDICAL, TRANSPORTATION, FOOD SERVICES FOR DHS/ICE AURORA, CO GEO GROUP COCA FACILITY.","CRITICAL FUNCTION. DETENTION MANAGMENT, MEDICAL SERVICES, TRANSPORTATION SERVICES, FOOD SERVICES FOR DHS/ICE AUROROA, CO AT GEO GROUP COCA FACILITY.",https://www.usaspending.gov/award/CONT_AWD_HSCEDM14J00031_7012_HSCEDM11D00003_7012
0cac9b8dbc838466d97e80919fd92f5b02f2967bc5404e7888eb2cbb6ac7cfc2,ICE,pre_Trump_I,ICE detention services,2016-03-15,HSCEDM15J00004,HSCEDM12D00001,Delivery Order,P00010,yes,"THE GEO GROUP, INC.",JMLKZZ1NL2Z6,3JMR1,-330443.48,50880520.83,50880520.83,2014-10-23,2015-11-30,2016-04-14,DETENTION COMPLIANCE AND REMOVALS,,Full And Open Competition,,Negotiated Proposal/Quote,,S206,Guard Services,561210,Facilities Support Services,REFERENCE SOUTH TEXAS DETENTION COMPLEX CONTRACT HSCEDM-12-D-00001 WITH THE GEO GROUP. OPTION YEAR 3 IGF::OT::IGF,REFERENCE SOUTH TEXAS DETENTION COMPLEX CONTRACT HSCEDM-12-D-00001 WITH THE GEO GROUP. OPTION YEAR 3,https://www.usaspending.gov/award/CONT_AWD_HSCEDM15J00004_7012_HSCEDM12D00001_7012
d7e99e8130ed5a87793c30ecc640eb268e89a4286ab745ecb0e39cdfa4ada5e6,ICE,pre_Trump_I,ICE detention services,2016-03-22,HSCEDM15J00017,HSCEDM14A00001,BPA Call,P00007,yes,"THE GEO GROUP, INC.",JMLKZZ1NL2Z6,3JMR1,0.00,4619592.71,4619592.71,2015-03-30,2016-03-31,2016-07-16,DETENTION MANAGEMENT LAGUNA,,Competed Under Simplified Acquisition Procedures,1,Simplified Acquisition,,S206,Guard Services,922140,Correctional Institutions ,IGF::CT::IGF DETENTION AND DETENTION RELATED SERVICES.,"IGF::CT::IGF
RIO GRANDE FACILITY WITH GEO GROUP UNDER DOJ NUMBER ODT-7-C-0003. (FY15 TASK ORDER)",https://www.usaspending.gov/award/CONT_AWD_HSCEDM15J00017_7012_HSCEDM14A00001_7012
ce3a331dd9e7b74fd98f544bf0650e4cb0421b6dfaab111e8921ecccacd16a75,ICE,pre_Trump_I,ICE family case management,2016-03-25,HSCEDM15J00039,HSCEDM15D00008,Delivery Order,P00004,yes,"GEO CARE SERVICES, LLC",G6XJKMJUNB91,7D4M5,49953.42,1869653.14,1869653.14,2015-09-21,2016-09-20,2016-09-20,DETENTION COMPLIANCE AND REMOVALS,,Full And Open Competition,,Negotiated Proposal/Quote,HSCEDM15R00008,G099,Other Social Services,624190,Other Individual and Family Services ,IGF::CT::IGF TASK ORDER FOR FAMILY CASE MANAGEMENT SERVICES [DC],IGF::CT::IGF TASK ORDER FOR FAMILY CASE MANAGEMENT SERVICES [DC],https://www.usaspending.gov/award/CONT_AWD_HSCEDM15J00039_7012_HSCEDM15D00008_7012
7ec3197e61c4725270f60091de2e2af9ca1f33ab7ccdab022b89d42fafe92352,ICE,pre_Trump_I,ICE family case management,2016-03-25,HSCEDM15J00040,HSCEDM15D00010,Delivery Order,P00004,yes,"GEO CARE SERVICES, LLC",G6XJKMJUNB91,7D4M5,48196.77,1704890.26,1704890.26,2015-09-21,2016-09-20,2016-09-20,DETENTION COMPLIANCE AND REMOVALS,,Full And Open Competition,,Negotiated Proposal/Quote,HSCEDM15R00009,G099,Other Social Services,624190,Other Individual and Family Services ,IGF::CT::IGF TASK ORDER FOR FAMILY CASE MANAGEMENT SERVICES [LA],IGF::CT::IGF TASK ORDER FOR FAMILY CASE MANAGEMENT SERVICES [LA],https://www.usaspending.gov/award/CONT_AWD_HSCEDM15J00040_7012_HSCEDM15D00010_7012
b12cfe226412c6f28f1f9af368cae37c62659be4e13305df957d1082d239aff6,ICE,pre_Trump_I,ICE detention services,2016-03-28,HSCEDM15J00038,HSCEDM15D00015,Delivery Order,P00005,yes,"THE GEO GROUP, INC.",JMLKZZ1NL2Z6,3JMR1,10135787.16,59949555.10,59949555.10,2015-09-28,2016-09-27,2016-09-27,DETENTION MANAGEMENT LAGUNA,,Full And Open Competition,1,Negotiated Proposal/Quote,,S206,Guard Services,561210,Facilities Support Services,"IGF::CT::IGF DETENTION, TRANSPORTATION AND FOOD SERVICES","IGF::CT::IGF DETENTION, TRANSPORTATION AND FOOD SERVICES",https://www.usaspending.gov/award/CONT_AWD_HSCEDM15J00038_7012_HSCEDM15D00015_7012
33aec8e415be1aa1f0a7a669e5548c2ff568abfc71203b00e8b65656703145a7,CBP,pre_Trump_I,CBP detention/jail space,2016-03-31,HSBP9861659693,,DEFINITIVE CONTRACT,0,no,"THE GEO GROUP, INC.",JMLKZZ1NL2Z6,3JMR1,16401.28,16401.28,16401.28,2016-04-01,2016-04-30,2016-04-30,BORDER ENFORCEMENT CONTRACTING DIVISION,OFFICE OF BORDER PATROL,NOT COMPETED,1,ONLY ONE SOURCE,,R418,SUPPORT- PROFESSIONAL: LEGAL,922140,CORRECTIONAL INSTITUTIONS,IGF::OT::IGF PCARD FOR TEMP JAIL SPACE PENDING NEW CONTRACT,IGF::OT::IGF PCARD FOR TEMP JAIL SPACE PENDING NEW CONTRACT,https://www.usaspending.gov/award/CONT_AWD_HSBP9861659693_7014_-NONE-_-NONE-
b1e83a59548f6a8d8595d2411546c38268bf3b738d81ea82218abc143887f867,ICE,pre_Trump_I,ICE detention services,2016-04-01,HSCEDM16J00017,HSCEDM14A00001,BPA Call,0,no,"THE GEO GROUP, INC.",JMLKZZ1NL2Z6,3JMR1,521190.78,5244682.16,5244682.16,2016-04-01,2017-03-31,2017-06-08,DETENTION COMPLIANCE AND REMOVALS,,Competed Under Simplified Acquisition Procedures,1,Simplified Acquisition,,S206,Guard Services,922140,Correctional Institutions ,IGF::CT::IGF RIO GRANDE DETENTION CENTER,IGF::CT::IGF RIO GRANDE DETENTION CENTER,https://www.usaspending.gov/award/CONT_AWD_HSCEDM16J00017_7012_HSCEDM14A00001_7012
b5630abc2ad5fe21a825dd6986250ca82b43f03d2b79a53adb98efcd3e010863,ICE,pre_Trump_I,ICE family case management,2016-04-05,HSCEDM15J00041,HSCEDM15D00011,Delivery Order,P00004,yes,"GEO CARE SERVICES, LLC",G6XJKMJUNB91,7D4M5,70419.12,1955753.46,1955753.46,2015-09-21,2016-09-20,2016-09-20,DETENTION COMPLIANCE AND REMOVALS,,Full And Open Competition,,Negotiated Proposal/Quote,HSCEDM15R00010,G099,Other Social Services,624190,Other Individual and Family Services ,IGF::CT::IGF TASK ORDER FOR FAMILY CASE MANAGEMENT SERVICES [NY],TASK ORDER FOR FAMILY CASE MANAGEMENT SERVICES [NY],https://www.usaspending.gov/award/CONT_AWD_HSCEDM15J00041_7012_HSCEDM15D00011_7012
8ae7a6e1e13b2e1773051a069f4c029186db1d352501cf186a38c2fe5d323cea,ICE,pre_Trump_I,ICE family case management,2016-04-05,HSCEDM15J00042,HSCEDM15D00012,Delivery Order,P00004,yes,"GEO CARE SERVICES, LLC",G6XJKMJUNB91,7D4M5,55884.57,1638800.59,1638800.59,2015-09-21,2016-09-20,2016-09-20,DETENTION COMPLIANCE AND REMOVALS,,Full And Open Competition,,Negotiated Proposal/Quote,HSCEDM15R00011,G099,Other Social Services,624190,Other Individual and Family Services ,IGF::CT::IGF TASK ORDER FOR FAMILY CASE MANAGEMENT SERVICES [MIA],IGF::CT::IGF TASK ORDER FOR FAMILY CASE MANAGEMENT SERVICES [MIA],https://www.usaspending.gov/award/CONT_AWD_HSCEDM15J00042_7012_HSCEDM15D00012_7012
b6b8761e63c6d287cbb00dce04a6c8c291f63474525e2292f6142679501f06d4,ICE,pre_Trump_I,ICE family case management,2016-04-06,HSCEDM15J00043,HSCEDM15D00013,Delivery Order,P00004,yes,"GEO CARE SERVICES, LLC",G6XJKMJUNB91,7D4M5,56610.15,1719893.33,1719893.33,2015-09-21,2016-09-20,2016-09-28,DETENTION COMPLIANCE AND REMOVALS,,Full And Open Competition,,Negotiated Proposal/Quote,HSCEDM15R00012,G099,Other Social Services,624190,Other Individual and Family Services ,IGF::CT::IGF TASK ORDER FOR FAMILY CASE MANAGEMENT SERVICES [CHI],IGF::CT::IGF TASK ORDER FOR FAMILY CASE MANAGEMENT SERVICES [CHI],https://www.usaspending.gov/award/CONT_AWD_HSCEDM15J00043_7012_HSCEDM15D00013_7012
dd51a9db3da2f3cf0281a845b3971888f2fd66083c3621711caa20a766b07fc2,ICE,pre_Trump_I,ICE detention services,2016-04-13,HSCEDM15J00024,HSCEDM15D00006,Delivery Order,P00007,yes,"THE GEO GROUP, INC.",JMLKZZ1NL2Z6,3JMR1,620775.60,29419117.96,29419117.96,2015-07-01,2016-06-30,2016-09-23,DETENTION COMPLIANCE AND REMOVALS,,Full And Open Competition,,Negotiated Proposal/Quote,,S206,Guard Services,561210,Facilities Support Services,IGF::CL::IGF DETENTION SERVICES AT BROWARD TRANSITIONAL CENTER,DETENTION SERVICES AT BROWARD TRANSITIONAL CENTER,https://www.usaspending.gov/award/CONT_AWD_HSCEDM15J00024_7012_HSCEDM15D00006_7012
aa473a1804f94b59d0bb2012c872029473017ec8312cea1c5ad3aae537a4b1b0,ICE,pre_Trump_I,ICE ISAP/electronic monitoring,2016-04-15,HSCEDM15J00032,HSCEDM14D00004,Delivery Order,P00008,yes,B.I. INCORPORATED,PKK6L9KLMYR5,3CUH9,6168793.50,75915605.21,75915605.21,2015-08-27,2016-08-31,2016-12-03,DETENTION COMPLIANCE AND REMOVALS,,Full And Open Competition,4,Negotiated Proposal/Quote,,R408,Program Management/Support Services,561210,Facilities Support Services,IGF::CT::IGF ISAP III CONTRACT OPTION YEAR 1 FOR THE ALTERNATIVES TO DETENTION UNIT,IGF::CT::IGF ISAP III CONTRACT OPTION YEAR 1 FOR THE ALTERNATIVES TO DETENTION UNIT,https://www.usaspending.gov/award/CONT_AWD_HSCEDM15J00032_7012_HSCEDM14D00004_7012
cc60498dd353bdd9ed5691ded92a2c1237e72a4ecf10a5dacb609ef8a341296f,ICE,pre_Trump_I,ICE detention services,2016-04-20,HSCEDM15J00038,HSCEDM15D00015,Delivery Order,P00006,yes,"THE GEO GROUP, INC.",JMLKZZ1NL2Z6,3JMR1,14971908.26,59949555.10,59949555.10,2015-09-28,2016-09-27,2016-09-27,DETENTION MANAGEMENT LAGUNA,,Full And Open Competition,1,Negotiated Proposal/Quote,,S206,Guard Services,561210,Facilities Support Services,"IGF::CT::IGF DETENTION, TRANSPORTATION AND FOOD SERVICES","IGF::CT::IGF DETENTION, TRANSPORTATION AND FOOD SERVICES",https://www.usaspending.gov/award/CONT_AWD_HSCEDM15J00038_7012_HSCEDM15D00015_7012
bf761b8feb82fd26f726e5245dc6d71d0eb264bbf1c7dfcdb98fd04158b001f3,ICE,pre_Trump_I,ICE detention services,2016-04-21,HSCEDM16J00004,HSCEDM12D00001,Delivery Order,P00005,yes,"THE GEO GROUP, INC.",JMLKZZ1NL2Z6,3JMR1,13080716.31,52665942.04,52665942.04,2015-11-24,2016-11-30,2017-06-14,DETENTION COMPLIANCE AND REMOVALS,,Full And Open Competition,1,Negotiated Proposal/Quote,,S206,Guard Services,561210,Facilities Support Services,DETENTION SERVICE. IGF::OT::IGF.,DETENTION AND DETENTION RELATED SERVICE. .,https://www.usaspending.gov/award/CONT_AWD_HSCEDM16J00004_7012_HSCEDM12D00001_7012
c2b34a61c09a64c74c8305973c7d0506e6f56e0fb6c3c8ca637d49007fcc2784,ICE,pre_Trump_I,ICE detention services,2016-04-22,HSCEDM16J00017,HSCEDM14A00001,BPA Call,P00001,yes,"THE GEO GROUP, INC.",JMLKZZ1NL2Z6,3JMR1,1497880.40,5244682.16,5244682.16,2016-04-01,2017-03-31,2017-06-08,DETENTION COMPLIANCE AND REMOVALS,,Competed Under Simplified Acquisition Procedures,1,Simplified Acquisition,,S206,Guard Services,922140,Correctional Institutions ,IGF::CT::IGF RIO GRANDE DETENTION CENTER,IGF::CT::IGF RIO GRANDE DETENTION CENTER,https://www.usaspending.gov/award/CONT_AWD_HSCEDM16J00017_7012_HSCEDM14A00001_7012
cad7b62334319f66439cc11983f59f15b1988513701083fcdd401887a542d899,ICE,pre_Trump_I,ICE ISAP/electronic monitoring,2016-04-28,HSCEDM15J00032,HSCEDM14D00004,Delivery Order,P00009,yes,B.I. INCORPORATED,PKK6L9KLMYR5,3CUH9,8742381.99,75915605.21,75915605.21,2015-08-27,2016-08-31,2016-12-03,DETENTION COMPLIANCE AND REMOVALS,,Full And Open Competition,4,Negotiated Proposal/Quote,,R408,Program Management/Support Services,561210,Facilities Support Services,IGF::CT::IGF ISAP III CONTRACT OPTION YEAR 1 FOR THE ALTERNATIVES TO DETENTION UNIT,IGF::CT::IGF ISAP III CONTRACT OPTION YEAR 1 FOR THE ALTERNATIVES TO DETENTION UNIT,https://www.usaspending.gov/award/CONT_AWD_HSCEDM15J00032_7012_HSCEDM14D00004_7012
66c9dba4661be1c2b73d43abfe54ae097afb5134018cca7f9d43d5fa04aab180,CBP,pre_Trump_I,CBP detention/jail space,2016-04-29,HSBP1016P00277,,PURCHASE ORDER,0,no,"THE GEO GROUP, INC.",JMLKZZ1NL2Z6,3JMR1,207498.18,833449.72,845956.19,2016-05-01,2020-04-30,2020-04-30,BORDER ENFORCEMENT CONTRACTING DIVISION,US BORDER PATROL,NOT COMPETED UNDER SAP,1,SIMPLIFIED ACQUISITION,HSBP1016Q0062,X1FF,LEASE/RENTAL OF PENAL FACILITIES,922140,CORRECTIONAL INSTITUTIONS,IGF::OT::IGF - DETENTION SPACE,IGF::OT::IGF - DETENTION SPACE,https://www.usaspending.gov/award/CONT_AWD_HSBP1016P00277_7014_-NONE-_-NONE-
db741065dceab39276fd4fb5930266546a155db149d48745a3a6de49923b79c9,ICE,pre_Trump_I,ICE detention services,2016-04-29,HSCEDM15J00029,HSCEDM11D00003,Delivery Order,P00008,yes,"THE GEO GROUP, INC.",JMLKZZ1NL2Z6,3JMR1,7678602.66,24315423.37,24315423.37,2015-08-20,2016-09-15,2017-01-20,DETENTION MANAGEMENT LAGUNA,,Full And Open Competition,1,Negotiated Proposal/Quote,,S206,Guard Services,561210,Facilities Support Services,IGF::CT::IGF  DETENTION SERVICES,"IGF::CT::IGF CRITICAL FUNCTION. DETENTION MANAGEMENT, MEDICAL SERVICES, TRANSPORTATION SERVICES, FOOD SERVICES FOR DHS/ICE AURORA, CO AT GEO GROUP COCA FACILITY.",https://www.usaspending.gov/award/CONT_AWD_HSCEDM15J00029_7012_HSCEDM11D00003_7012
a816f1396abfbeeeaf709c9b610126ef81aec2432b295d74d367518f82669566,ICE,pre_Trump_I,ICE detention services,2016-05-03,HSCEDM16J00004,HSCEDM12D00001,Delivery Order,P00006,yes,"THE GEO GROUP, INC.",JMLKZZ1NL2Z6,3JMR1,25148.78,52665942.04,52665942.04,2015-11-24,2016-11-30,2017-06-14,DETENTION COMPLIANCE AND REMOVALS,,Full And Open Competition,1,Negotiated Proposal/Quote,,S206,Guard Services,561210,Facilities Support Services,DETENTION SERVICE. IGF::OT::IGF.,DETENTION AND DETENTION RELATED SERVICE. .,https://www.usaspending.gov/award/CONT_AWD_HSCEDM16J00004_7012_HSCEDM12D00001_7012
fa1c327033c60803ef1f9081b816ba8deab6904196942ff638da313ef9b01973,ICE,pre_Trump_I,ICE detention services,2016-05-03,HSCEDM16J00019,HSCEDM15D00006,Delivery Order,0,no,"THE GEO GROUP, INC.",JMLKZZ1NL2Z6,3JMR1,2499950.73,31040733.60,31040733.60,2016-07-01,2017-06-30,2017-10-14,DETENTION COMPLIANCE AND REMOVALS,,Full And Open Competition,,Negotiated Proposal/Quote,,S206,Guard Services,561210,Facilities Support Services,IGF::CT::IGF DETENTION SERVICES AT BROWARD TRANSITIONAL CENTER,IGF::CT::IGF DETENTION SERVICES AT BROWARD TRANSITIONAL CENTER,https://www.usaspending.gov/award/CONT_AWD_HSCEDM16J00019_7012_HSCEDM15D00006_7012
3c2b40c983c5158f352ce675f4a74c746adc657ebadeea01aaa54efa1a6e3bb9,ICE,pre_Trump_I,ICE detention services,2016-05-05,HSCEDM16J00004,HSCEDM12D00001,Delivery Order,P00007,yes,"THE GEO GROUP, INC.",JMLKZZ1NL2Z6,3JMR1,85661.88,52665942.04,52665942.04,2015-11-24,2016-11-30,2017-06-14,DETENTION COMPLIANCE AND REMOVALS,,Full And Open Competition,1,Negotiated Proposal/Quote,,S206,Guard Services,561210,Facilities Support Services,DETENTION SERVICE. IGF::OT::IGF.,DETENTION AND DETENTION RELATED SERVICE. .,https://www.usaspending.gov/award/CONT_AWD_HSCEDM16J00004_7012_HSCEDM12D00001_7012
c4f14357ef0dd03a7f876788ffbcf2dc042447a1418cd5efa9d2b9e729782d11,ICE,pre_Trump_I,ICE detention services,2016-06-01,HSCEDM15J00029,HSCEDM11D00003,Delivery Order,P00009,yes,"THE GEO GROUP, INC.",JMLKZZ1NL2Z6,3JMR1,0.00,24315423.37,24315423.37,2015-08-20,2016-09-15,2017-01-20,DETENTION MANAGEMENT LAGUNA,,Full And Open Competition,1,Negotiated Proposal/Quote,,S206,Guard Services,561210,Facilities Support Services,IGF::CT::IGF  DETENTION SERVICES,"IGF::CT::IGF CRITICAL FUNCTION. DETENTION MANAGEMENT, MEDICAL SERVICES, TRANSPORTATION SERVICES, FOOD SERVICES FOR DHS/ICE AURORA, CO AT GEO GROUP COCA FACILITY.",https://www.usaspending.gov/award/CONT_AWD_HSCEDM15J00029_7012_HSCEDM11D00003_7012
8879a471d5abb2cdc194e909ba1c6fe1ede8e6efd1dc6fa18bc68c9150aa530b,ICE,pre_Trump_I,ICE family case management,2016-06-11,HSCEDM15J00039,HSCEDM15D00008,Delivery Order,P00005,yes,"GEO CARE SERVICES, LLC",G6XJKMJUNB91,7D4M5,95436.02,1869653.14,1869653.14,2015-09-21,2016-09-20,2016-09-20,DETENTION COMPLIANCE AND REMOVALS,,Full And Open Competition,,Negotiated Proposal/Quote,HSCEDM15R00008,G099,Other Social Services,624190,Other Individual and Family Services ,IGF::CT::IGF TASK ORDER FOR FAMILY CASE MANAGEMENT SERVICES [DC],IGF::CT::IGF TASK ORDER FOR FAMILY CASE MANAGEMENT SERVICES [DC],https://www.usaspending.gov/award/CONT_AWD_HSCEDM15J00039_7012_HSCEDM15D00008_7012
e949ccc2b95b6531f01960326ad04444860312c87fae7355eba15a1c3abb3bef,ICE,pre_Trump_I,ICE family case management,2016-06-11,HSCEDM15J00040,HSCEDM15D00010,Delivery Order,P00005,yes,"GEO CARE SERVICES, LLC",G6XJKMJUNB91,7D4M5,94282.42,1704890.26,1704890.26,2015-09-21,2016-09-20,2016-09-20,DETENTION COMPLIANCE AND REMOVALS,,Full And Open Competition,,Negotiated Proposal/Quote,HSCEDM15R00009,G099,Other Social Services,624190,Other Individual and Family Services ,IGF::CT::IGF TASK ORDER FOR FAMILY CASE MANAGEMENT SERVICES [LA],IGF::CT::IGF TASK ORDER FOR FAMILY CASE MANAGEMENT SERVICES [LA],https://www.usaspending.gov/award/CONT_AWD_HSCEDM15J00040_7012_HSCEDM15D00010_7012
b718d467f8111996e147ecef6a49a062da3d85c950ba839b96a9c1cbb7835af9,ICE,pre_Trump_I,ICE family case management,2016-06-11,HSCEDM15J00041,HSCEDM15D00011,Delivery Order,P00005,yes,"GEO CARE SERVICES, LLC",G6XJKMJUNB91,7D4M5,119430.24,1955753.46,1955753.46,2015-09-21,2016-09-20,2016-09-20,DETENTION COMPLIANCE AND REMOVALS,,Full And Open Competition,,Negotiated Proposal/Quote,HSCEDM15R00010,G099,Other Social Services,624190,Other Individual and Family Services ,IGF::CT::IGF TASK ORDER FOR FAMILY CASE MANAGEMENT SERVICES [NY],TASK ORDER FOR FAMILY CASE MANAGEMENT SERVICES [NY],https://www.usaspending.gov/award/CONT_AWD_HSCEDM15J00041_7012_HSCEDM15D00011_7012
04051e9cd3c90177151353b8610ebdd03c13787ac72ec1e4dcec682af1b7cd6e,ICE,pre_Trump_I,ICE family case management,2016-06-11,HSCEDM15J00042,HSCEDM15D00012,Delivery Order,P00005,yes,"GEO CARE SERVICES, LLC",G6XJKMJUNB91,7D4M5,110114.06,1638800.59,1638800.59,2015-09-21,2016-09-20,2016-09-20,DETENTION COMPLIANCE AND REMOVALS,,Full And Open Competition,,Negotiated Proposal/Quote,HSCEDM15R00011,G099,Other Social Services,624190,Other Individual and Family Services ,IGF::CT::IGF TASK ORDER FOR FAMILY CASE MANAGEMENT SERVICES [MIA],IGF::CT::IGF TASK ORDER FOR FAMILY CASE MANAGEMENT SERVICES [MIA],https://www.usaspending.gov/award/CONT_AWD_HSCEDM15J00042_7012_HSCEDM15D00012_7012
aac8f90bf8d303dd23ae7b2755b72dab54ff7b5ed2dc66f2b48ef9696a888cd5,ICE,pre_Trump_I,ICE family case management,2016-06-11,HSCEDM15J00043,HSCEDM15D00013,Delivery Order,P00005,yes,"GEO CARE SERVICES, LLC",G6XJKMJUNB91,7D4M5,104517.06,1719893.33,1719893.33,2015-09-21,2016-09-20,2016-09-28,DETENTION COMPLIANCE AND REMOVALS,,Full And Open Competition,,Negotiated Proposal/Quote,HSCEDM15R00012,G099,Other Social Services,624190,Other Individual and Family Services ,IGF::CT::IGF TASK ORDER FOR FAMILY CASE MANAGEMENT SERVICES [CHI],IGF::CT::IGF TASK ORDER FOR FAMILY CASE MANAGEMENT SERVICES [CHI],https://www.usaspending.gov/award/CONT_AWD_HSCEDM15J00043_7012_HSCEDM15D00013_7012
1a1dcf63532656c62ae7f5ccfa4ed57f1a1cb6644da1db8f7c86f993a855b0f4,ICE,pre_Trump_I,ICE detention services,2016-06-16,HSCEDM15J00017,HSCEDM14A00001,BPA Call,P00008,yes,"THE GEO GROUP, INC.",JMLKZZ1NL2Z6,3JMR1,-437660.01,4619592.71,4619592.71,2015-03-30,2016-03-31,2016-07-16,DETENTION MANAGEMENT LAGUNA,,Competed Under Simplified Acquisition Procedures,1,Simplified Acquisition,,S206,Guard Services,922140,Correctional Institutions ,IGF::CT::IGF DETENTION AND DETENTION RELATED SERVICES.,"IGF::CT::IGF
RIO GRANDE FACILITY WITH GEO GROUP UNDER DOJ NUMBER ODT-7-C-0003. (FY15 TASK ORDER)",https://www.usaspending.gov/award/CONT_AWD_HSCEDM15J00017_7012_HSCEDM14A00001_7012
4156734d65d5eee419031ebda6ffa636c87acd241f226bef4ecd70fe99d1d459,ICE,pre_Trump_I,ICE detention services,2016-06-20,HSCEDM15J00029,HSCEDM11D00003,Delivery Order,P00010,yes,"THE GEO GROUP, INC.",JMLKZZ1NL2Z6,3JMR1,0.00,24315423.37,24315423.37,2015-08-20,2016-09-15,2017-01-20,DETENTION MANAGEMENT LAGUNA,,Full And Open Competition,1,Negotiated Proposal/Quote,,S206,Guard Services,561210,Facilities Support Services,IGF::CT::IGF  DETENTION SERVICES,"IGF::CT::IGF CRITICAL FUNCTION. DETENTION MANAGEMENT, MEDICAL SERVICES, TRANSPORTATION SERVICES, FOOD SERVICES FOR DHS/ICE AURORA, CO AT GEO GROUP COCA FACILITY.",https://www.usaspending.gov/award/CONT_AWD_HSCEDM15J00029_7012_HSCEDM11D00003_7012
294ac8c0250edf8e1f7d3ed350d0f7521e2b6d77731e2d2320b4e943d8de90cb,ICE,pre_Trump_I,ICE ISAP/electronic monitoring,2016-06-29,HSCEDM15J00032,HSCEDM14D00004,Delivery Order,P00010,yes,B.I. INCORPORATED,PKK6L9KLMYR5,3CUH9,35000.00,75915605.21,75915605.21,2015-08-27,2016-08-31,2016-12-03,DETENTION COMPLIANCE AND REMOVALS,,Full And Open Competition,4,Negotiated Proposal/Quote,,R408,Program Management/Support Services,561210,Facilities Support Services,IGF::CT::IGF ISAP III CONTRACT OPTION YEAR 1 FOR THE ALTERNATIVES TO DETENTION UNIT,IGF::CT::IGF ISAP III CONTRACT OPTION YEAR 1 FOR THE ALTERNATIVES TO DETENTION UNIT,https://www.usaspending.gov/award/CONT_AWD_HSCEDM15J00032_7012_HSCEDM14D00004_7012
7c0621a45bbae3affa261d498bd3d223871646eaca97182f3802f2bf86cb3234,ICE,pre_Trump_I,ICE detention services,2016-07-13,HSCEDM15J00029,HSCEDM11D00003,Delivery Order,P00011,yes,"THE GEO GROUP, INC.",JMLKZZ1NL2Z6,3JMR1,1453186.27,24315423.37,24315423.37,2015-08-20,2016-09-15,2017-01-20,DETENTION MANAGEMENT LAGUNA,,Full And Open Competition,1,Negotiated Proposal/Quote,,S206,Guard Services,561210,Facilities Support Services,IGF::CT::IGF  DETENTION SERVICES,"IGF::CT::IGF CRITICAL FUNCTION. DETENTION MANAGEMENT, MEDICAL SERVICES, TRANSPORTATION SERVICES, FOOD SERVICES FOR DHS/ICE AURORA, CO AT GEO GROUP COCA FACILITY.",https://www.usaspending.gov/award/CONT_AWD_HSCEDM15J00029_7012_HSCEDM11D00003_7012
06aa02bafce04c1e045f315d6889cb98eae8962e8f996bd00327153ee7ef0714,ICE,pre_Trump_I,ICE detention services,2016-07-13,HSCEDM15J00038,HSCEDM15D00015,Delivery Order,P00007,yes,"THE GEO GROUP, INC.",JMLKZZ1NL2Z6,3JMR1,4890792.72,59949555.10,59949555.10,2015-09-28,2016-09-27,2016-09-27,DETENTION MANAGEMENT LAGUNA,,Full And Open Competition,1,Negotiated Proposal/Quote,,S206,Guard Services,561210,Facilities Support Services,"IGF::CT::IGF DETENTION, TRANSPORTATION AND FOOD SERVICES","IGF::CT::IGF DETENTION, TRANSPORTATION AND FOOD SERVICES",https://www.usaspending.gov/award/CONT_AWD_HSCEDM15J00038_7012_HSCEDM15D00015_7012
15d44e574b7a82a5f4f4673cf88587a365974400fd8e41204d0e32d92e2de309,ICE,pre_Trump_I,ICE ISAP/electronic monitoring,2016-07-22,HSCEDM15J00032,HSCEDM14D00004,Delivery Order,P00011,yes,B.I. INCORPORATED,PKK6L9KLMYR5,3CUH9,17702714.01,75915605.21,75915605.21,2015-08-27,2016-08-31,2016-12-03,DETENTION COMPLIANCE AND REMOVALS,,Full And Open Competition,4,Negotiated Proposal/Quote,,R408,Program Management/Support Services,561210,Facilities Support Services,IGF::CT::IGF ISAP III CONTRACT OPTION YEAR 1 FOR THE ALTERNATIVES TO DETENTION UNIT,IGF::CT::IGF ISAP III CONTRACT OPTION YEAR 1 FOR THE ALTERNATIVES TO DETENTION UNIT,https://www.usaspending.gov/award/CONT_AWD_HSCEDM15J00032_7012_HSCEDM14D00004_7012
a3d62b6ee3c4c092d5faa128b32ea0b697c77e5c5e290a878b418d6a6e3367d5,ICE,pre_Trump_I,ICE family case management,2016-07-28,HSCEDM15J00039,HSCEDM15D00008,Delivery Order,P00006,yes,"GEO CARE SERVICES, LLC",G6XJKMJUNB91,7D4M5,54337.40,1869653.14,1869653.14,2015-09-21,2016-09-20,2016-09-20,DETENTION COMPLIANCE AND REMOVALS,,Full And Open Competition,,Negotiated Proposal/Quote,HSCEDM15R00008,G099,Other Social Services,624190,Other Individual and Family Services ,IGF::CT::IGF TASK ORDER FOR FAMILY CASE MANAGEMENT SERVICES [DC],IGF::CT::IGF TASK ORDER FOR FAMILY CASE MANAGEMENT SERVICES [DC],https://www.usaspending.gov/award/CONT_AWD_HSCEDM15J00039_7012_HSCEDM15D00008_7012
35de5836e215d10e6f6284a1e98485f16d5f7f9b207913275dd80eee6313661c,ICE,pre_Trump_I,ICE family case management,2016-07-28,HSCEDM15J00040,HSCEDM15D00010,Delivery Order,P00006,yes,"GEO CARE SERVICES, LLC",G6XJKMJUNB91,7D4M5,53821.48,1704890.26,1704890.26,2015-09-21,2016-09-20,2016-09-20,DETENTION COMPLIANCE AND REMOVALS,,Full And Open Competition,,Negotiated Proposal/Quote,HSCEDM15R00009,G099,Other Social Services,624190,Other Individual and Family Services ,IGF::CT::IGF TASK ORDER FOR FAMILY CASE MANAGEMENT SERVICES [LA],IGF::CT::IGF TASK ORDER FOR FAMILY CASE MANAGEMENT SERVICES [LA],https://www.usaspending.gov/award/CONT_AWD_HSCEDM15J00040_7012_HSCEDM15D00010_7012
a6efe82b04d55754b7a802174e0b474064ea697e97d31d10a6e60c8914eccc4e,ICE,pre_Trump_I,ICE family case management,2016-07-28,HSCEDM15J00041,HSCEDM15D00011,Delivery Order,P00006,yes,"GEO CARE SERVICES, LLC",G6XJKMJUNB91,7D4M5,59208.02,1955753.46,1955753.46,2015-09-21,2016-09-20,2016-09-20,DETENTION COMPLIANCE AND REMOVALS,,Full And Open Competition,,Negotiated Proposal/Quote,HSCEDM15R00010,G099,Other Social Services,624190,Other Individual and Family Services ,IGF::CT::IGF TASK ORDER FOR FAMILY CASE MANAGEMENT SERVICES [NY],TASK ORDER FOR FAMILY CASE MANAGEMENT SERVICES [NY],https://www.usaspending.gov/award/CONT_AWD_HSCEDM15J00041_7012_HSCEDM15D00011_7012
7edb7d71ce6d604187a19a6f8256c303f9b6288eb11029d6a09db907e2729e01,ICE,pre_Trump_I,ICE family case management,2016-07-28,HSCEDM15J00042,HSCEDM15D00012,Delivery Order,P00006,yes,"GEO CARE SERVICES, LLC",G6XJKMJUNB91,7D4M5,56699.17,1638800.59,1638800.59,2015-09-21,2016-09-20,2016-09-20,DETENTION COMPLIANCE AND REMOVALS,,Full And Open Competition,,Negotiated Proposal/Quote,HSCEDM15R00011,G099,Other Social Services,624190,Other Individual and Family Services ,IGF::CT::IGF TASK ORDER FOR FAMILY CASE MANAGEMENT SERVICES [MIA],IGF::CT::IGF TASK ORDER FOR FAMILY CASE MANAGEMENT SERVICES [MIA],https://www.usaspending.gov/award/CONT_AWD_HSCEDM15J00042_7012_HSCEDM15D00012_7012
d881cf9b367d0079e0644eba74a66e9cf27e1eee18e93e9548a664ad97623b88,ICE,pre_Trump_I,ICE family case management,2016-07-28,HSCEDM15J00043,HSCEDM15D00013,Delivery Order,P00006,yes,"GEO CARE SERVICES, LLC",G6XJKMJUNB91,7D4M5,52356.11,1719893.33,1719893.33,2015-09-21,2016-09-20,2016-09-28,DETENTION COMPLIANCE AND REMOVALS,,Full And Open Competition,,Negotiated Proposal/Quote,HSCEDM15R00012,G099,Other Social Services,624190,Other Individual and Family Services ,IGF::CT::IGF TASK ORDER FOR FAMILY CASE MANAGEMENT SERVICES [CHI],IGF::CT::IGF TASK ORDER FOR FAMILY CASE MANAGEMENT SERVICES [CHI],https://www.usaspending.gov/award/CONT_AWD_HSCEDM15J00043_7012_HSCEDM15D00013_7012
092c620209cd83ec3b88bb2587a2b261fdb9b16744ba7242127ef31f6b8ce350,CBP,pre_Trump_I,CBP detention/jail space,2016-08-03,HSBP1016J00076,HSBP1012A00025,BPA CALL,P00001,yes,"THE GEO GROUP, INC.",JMLKZZ1NL2Z6,3JMR1,1400.00,12427.00,12427.00,2015-10-01,2016-11-29,2016-11-29,BORDER ENFORCEMENT CONTRACTING DIVISION,OFFICE OF FIELD OPERATIONS,COMPETED UNDER SAP,1,SIMPLIFIED ACQUISITION,,R418,SUPPORT- PROFESSIONAL: LEGAL,561210,FACILITIES SUPPORT SERVICES,IGF::CT::IGF ADDITIONAL FUNDING,IGF::CT::IGF,https://www.usaspending.gov/award/CONT_AWD_HSBP1016J00076_7014_HSBP1012A00025_7014
60d986b7c53b190c73cecb76bf9e0dfe8229d0e95dadc43127544f0fa6acfa44,ICE,pre_Trump_I,ICE detention services,2016-08-08,HSCEDM16J00004,HSCEDM12D00001,Delivery Order,P00008,yes,"THE GEO GROUP, INC.",JMLKZZ1NL2Z6,3JMR1,3967894.65,52665942.04,52665942.04,2015-11-24,2016-11-30,2017-06-14,DETENTION COMPLIANCE AND REMOVALS,,Full And Open Competition,1,Negotiated Proposal/Quote,,S206,Guard Services,561210,Facilities Support Services,DETENTION SERVICE. IGF::OT::IGF.,DETENTION AND DETENTION RELATED SERVICE. .,https://www.usaspending.gov/award/CONT_AWD_HSCEDM16J00004_7012_HSCEDM12D00001_7012
90b7d84f9c40e7ae6f850ddce33b14dd6146df21f433db7da9233f1f92630fac,ICE,pre_Trump_I,ICE ISAP/electronic monitoring,2016-08-10,HSCEDM15J00032,HSCEDM14D00004,Delivery Order,P00012,yes,B.I. INCORPORATED,PKK6L9KLMYR5,3CUH9,0.00,75915605.21,75915605.21,2015-08-27,2016-08-31,2016-12-03,DETENTION COMPLIANCE AND REMOVALS,,Full And Open Competition,4,Negotiated Proposal/Quote,,R408,Program Management/Support Services,561210,Facilities Support Services,IGF::CT::IGF ISAP III CONTRACT OPTION YEAR 1 FOR THE ALTERNATIVES TO DETENTION UNIT,IGF::CT::IGF ISAP III CONTRACT OPTION YEAR 1 FOR THE ALTERNATIVES TO DETENTION UNIT,https://www.usaspending.gov/award/CONT_AWD_HSCEDM15J00032_7012_HSCEDM14D00004_7012
e091a2d180ccaba1b2f68b3f13efc7bb90a31bf41c33afde5c580cbd3dea50e9,ICE,pre_Trump_I,ICE detention services,2016-08-16,HSCEDM16J00017,HSCEDM14A00001,BPA Call,P00002,yes,"THE GEO GROUP, INC.",JMLKZZ1NL2Z6,3JMR1,875408.00,5244682.16,5244682.16,2016-04-01,2017-03-31,2017-06-08,DETENTION COMPLIANCE AND REMOVALS,,Competed Under Simplified Acquisition Procedures,1,Simplified Acquisition,,S206,Guard Services,922140,Correctional Institutions ,IGF::CT::IGF RIO GRANDE DETENTION CENTER,IGF::CT::IGF RIO GRANDE DETENTION CENTER,https://www.usaspending.gov/award/CONT_AWD_HSCEDM16J00017_7012_HSCEDM14A00001_7012
e30047ce9b5c8df29b050b3c42885c79abb1f8c9d5d2e9ff7576fc76d97ebf9c,ICE,pre_Trump_I,ICE detention services,2016-08-16,HSCEDM16J00019,HSCEDM15D00006,Delivery Order,P00001,yes,"THE GEO GROUP, INC.",JMLKZZ1NL2Z6,3JMR1,3481520.80,31040733.60,31040733.60,2016-07-01,2017-06-30,2017-10-14,DETENTION COMPLIANCE AND REMOVALS,,Full And Open Competition,,Negotiated Proposal/Quote,,S206,Guard Services,561210,Facilities Support Services,IGF::CT::IGF DETENTION SERVICES AT BROWARD TRANSITIONAL CENTER,IGF::CT::IGF DETENTION SERVICES AT BROWARD TRANSITIONAL CENTER,https://www.usaspending.gov/award/CONT_AWD_HSCEDM16J00019_7012_HSCEDM15D00006_7012
3d69948b541c65dd6fa115c9d8c2c937777d294fa8fafae98f8e3dafe2f1f690,ICE,pre_Trump_I,ICE detention services,2016-08-23,HSCEDM16J00019,HSCEDM15D00006,Delivery Order,P00002,yes,"THE GEO GROUP, INC.",JMLKZZ1NL2Z6,3JMR1,0.00,31040733.60,31040733.60,2016-07-01,2017-06-30,2017-10-14,DETENTION COMPLIANCE AND REMOVALS,,Full And Open Competition,,Negotiated Proposal/Quote,,S206,Guard Services,561210,Facilities Support Services,IGF::CT::IGF DETENTION SERVICES AT BROWARD TRANSITIONAL CENTER,IGF::CT::IGF DETENTION SERVICES AT BROWARD TRANSITIONAL CENTER,https://www.usaspending.gov/award/CONT_AWD_HSCEDM16J00019_7012_HSCEDM15D00006_7012
b90aa9cacff8f84a6c954e2db1c7e6f30b17a7487fb766a3103649bba22dcb8e,ICE,pre_Trump_I,ICE detention services,2016-08-24,HSCEDM15J00024,HSCEDM15D00006,Delivery Order,P00008,yes,"THE GEO GROUP, INC.",JMLKZZ1NL2Z6,3JMR1,-709432.79,29419117.96,29419117.96,2015-07-01,2016-06-30,2016-09-23,DETENTION COMPLIANCE AND REMOVALS,,Full And Open Competition,,Negotiated Proposal/Quote,,S206,Guard Services,561210,Facilities Support Services,IGF::CL::IGF DETENTION MANAGEMENT SERVICES,DETENTION SERVICES AT BROWARD TRANSITIONAL CENTER,https://www.usaspending.gov/award/CONT_AWD_HSCEDM15J00024_7012_HSCEDM15D00006_7012
40e0e8e510ecf84fa495b39cc00a5c05cf40b5e4c6186c241462c55141371def,ICE,pre_Trump_I,ICE ISAP/electronic monitoring,2016-08-24,HSCEDM15J00032,HSCEDM14D00004,Delivery Order,P00013,yes,B.I. INCORPORATED,PKK6L9KLMYR5,3CUH9,0.00,75915605.21,75915605.21,2015-08-27,2016-08-31,2016-12-03,DETENTION COMPLIANCE AND REMOVALS,,Full And Open Competition,4,Negotiated Proposal/Quote,,R408,Program Management/Support Services,561210,Facilities Support Services,IGF::CT::IGF ISAP III CONTRACT OPTION YEAR 1 FOR THE ALTERNATIVES TO DETENTION UNIT,IGF::CT::IGF ISAP III CONTRACT OPTION YEAR 1 FOR THE ALTERNATIVES TO DETENTION UNIT,https://www.usaspending.gov/award/CONT_AWD_HSCEDM15J00032_7012_HSCEDM14D00004_7012
a2ab6a1ee2babd817cba409071873e613f4c944997b39bc70ee262b2e5fa90c3,ICE,pre_Trump_I,ICE detention services,2016-08-26,HSCEDM15J00038,HSCEDM15D00015,Delivery Order,P00008,yes,"THE GEO GROUP, INC.",JMLKZZ1NL2Z6,3JMR1,4501680.33,59949555.10,59949555.10,2015-09-28,2016-09-27,2016-09-27,DETENTION MANAGEMENT LAGUNA,,Full And Open Competition,1,Negotiated Proposal/Quote,,S206,Guard Services,561210,Facilities Support Services,"IGF::CT::IGF DETENTION, TRANSPORTATION AND FOOD SERVICES","IGF::CT::IGF DETENTION, TRANSPORTATION AND FOOD SERVICES",https://www.usaspending.gov/award/CONT_AWD_HSCEDM15J00038_7012_HSCEDM15D00015_7012
f6dd6198d03c89d3d5aeae6172fe38825003df02d8857f77ddf4727168d438c0,ICE,pre_Trump_I,ICE family case management,2016-08-29,HSCEDM15J00043,HSCEDM15D00013,Delivery Order,P00007,yes,"GEO CARE SERVICES, LLC",G6XJKMJUNB91,7D4M5,-131569.04,1719893.33,1719893.33,2015-09-21,2016-09-20,2016-09-28,DETENTION COMPLIANCE AND REMOVALS,,Full And Open Competition,,Negotiated Proposal/Quote,HSCEDM15R00012,G099,Other Social Services,624190,Other Individual and Family Services ,IGF::CT::IGF TASK ORDER FOR FAMILY CASE MANAGEMENT SERVICES [CHI],IGF::CT::IGF TASK ORDER FOR FAMILY CASE MANAGEMENT SERVICES [CHI],https://www.usaspending.gov/award/CONT_AWD_HSCEDM15J00043_7012_HSCEDM15D00013_7012
fb8b72572d73f0c30ee9dd0078912da704b76a9a2d570407ca3404048402eaed,ICE,pre_Trump_I,ICE detention services,2016-08-31,HSCEDM16J00019,HSCEDM15D00006,Delivery Order,P00003,yes,"THE GEO GROUP, INC.",JMLKZZ1NL2Z6,3JMR1,141184.05,31040733.60,31040733.60,2016-07-01,2017-06-30,2017-10-14,DETENTION COMPLIANCE AND REMOVALS,,Full And Open Competition,,Negotiated Proposal/Quote,,S206,Guard Services,561210,Facilities Support Services,IGF::CT::IGF DETENTION SERVICES AT BROWARD TRANSITIONAL CENTER,IGF::CT::IGF DETENTION SERVICES AT BROWARD TRANSITIONAL CENTER,https://www.usaspending.gov/award/CONT_AWD_HSCEDM16J00019_7012_HSCEDM15D00006_7012
8640ea084583617018ef994e9c1d10a786734ea31b186fb5c4c005215831e4e9,ICE,pre_Trump_I,ICE family case management,2016-09-01,HSCEDM15J00039,HSCEDM15D00008,Delivery Order,P00007,yes,"GEO CARE SERVICES, LLC",G6XJKMJUNB91,7D4M5,-32613.35,1869653.14,1869653.14,2015-09-21,2016-09-20,2016-09-20,DETENTION COMPLIANCE AND REMOVALS,,Full And Open Competition,,Negotiated Proposal/Quote,HSCEDM15R00008,G099,Other Social Services,624190,Other Individual and Family Services ,IGF::CT::IGF TASK ORDER FOR FAMILY CASE MANAGEMENT SERVICES [DC],IGF::CT::IGF TASK ORDER FOR FAMILY CASE MANAGEMENT SERVICES [DC],https://www.usaspending.gov/award/CONT_AWD_HSCEDM15J00039_7012_HSCEDM15D00008_7012
4e05d15e1f4a94a9b80febb0112cabad1505deac0db31cc6f7ac48383f799de7,ICE,pre_Trump_I,ICE family case management,2016-09-01,HSCEDM15J00040,HSCEDM15D00010,Delivery Order,P00007,yes,"GEO CARE SERVICES, LLC",G6XJKMJUNB91,7D4M5,-36315.08,1704890.26,1704890.26,2015-09-21,2016-09-20,2016-09-20,DETENTION COMPLIANCE AND REMOVALS,,Full And Open Competition,,Negotiated Proposal/Quote,HSCEDM15R00009,G099,Other Social Services,624190,Other Individual and Family Services ,IGF::CT::IGF TASK ORDER FOR FAMILY CASE MANAGEMENT SERVICES [LA],IGF::CT::IGF TASK ORDER FOR FAMILY CASE MANAGEMENT SERVICES [LA],https://www.usaspending.gov/award/CONT_AWD_HSCEDM15J00040_7012_HSCEDM15D00010_7012
ff07fad63a611331b29b3cd06be4d4af52de4b8029e36168ec1236f061a5df90,ICE,pre_Trump_I,ICE family case management,2016-09-01,HSCEDM15J00041,HSCEDM15D00011,Delivery Order,P00007,yes,"GEO CARE SERVICES, LLC",G6XJKMJUNB91,7D4M5,-47852.28,1955753.46,1955753.46,2015-09-21,2016-09-20,2016-09-20,DETENTION COMPLIANCE AND REMOVALS,,Full And Open Competition,,Negotiated Proposal/Quote,HSCEDM15R00010,G099,Other Social Services,624190,Other Individual and Family Services ,IGF::CT::IGF TASK ORDER FOR FAMILY CASE MANAGEMENT SERVICES [NY],TASK ORDER FOR FAMILY CASE MANAGEMENT SERVICES [NY],https://www.usaspending.gov/award/CONT_AWD_HSCEDM15J00041_7012_HSCEDM15D00011_7012
485a6c62b1edb815b05fd533c9c7dccd289da5f36a4255d536b7491f4891cb86,ICE,pre_Trump_I,ICE family case management,2016-09-01,HSCEDM15J00042,HSCEDM15D00012,Delivery Order,P00007,yes,"GEO CARE SERVICES, LLC",G6XJKMJUNB91,7D4M5,-46037.13,1638800.59,1638800.59,2015-09-21,2016-09-20,2016-09-20,DETENTION COMPLIANCE AND REMOVALS,,Full And Open Competition,,Negotiated Proposal/Quote,HSCEDM15R00011,G099,Other Social Services,624190,Other Individual and Family Services ,IGF::CT::IGF TASK ORDER FOR FAMILY CASE MANAGEMENT SERVICES [MIA],IGF::CT::IGF TASK ORDER FOR FAMILY CASE MANAGEMENT SERVICES [MIA],https://www.usaspending.gov/award/CONT_AWD_HSCEDM15J00042_7012_HSCEDM15D00012_7012
34095e0236580a639a81c9d20e50b6462bc47625dc1385c6e43882bdd3a5fee4,ICE,pre_Trump_I,ICE detention services,2016-09-01,HSCEDM16J00004,HSCEDM12D00001,Delivery Order,P00009,yes,"THE GEO GROUP, INC.",JMLKZZ1NL2Z6,3JMR1,4941301.44,52665942.04,52665942.04,2015-11-24,2016-11-30,2017-06-14,DETENTION COMPLIANCE AND REMOVALS,,Full And Open Competition,1,Negotiated Proposal/Quote,,S206,Guard Services,561210,Facilities Support Services,DETENTION SERVICE. IGF::OT::IGF.,DETENTION AND DETENTION RELATED SERVICE. .,https://www.usaspending.gov/award/CONT_AWD_HSCEDM16J00004_7012_HSCEDM12D00001_7012
9f585bdf4ebdfe9edb3a502b72cbd433ddc9701962a21b1605cb11a13c24ac3e,ICE,pre_Trump_I,ICE detention services,2016-09-01,HSCEDM16J00019,HSCEDM15D00006,Delivery Order,P00004,yes,"THE GEO GROUP, INC.",JMLKZZ1NL2Z6,3JMR1,1984231.33,31040733.60,31040733.60,2016-07-01,2017-06-30,2017-10-14,DETENTION COMPLIANCE AND REMOVALS,,Full And Open Competition,,Negotiated Proposal/Quote,,S206,Guard Services,561210,Facilities Support Services,IGF::CT::IGF DETENTION SERVICES AT BROWARD TRANSITIONAL CENTER,IGF::CT::IGF DETENTION SERVICES AT BROWARD TRANSITIONAL CENTER,https://www.usaspending.gov/award/CONT_AWD_HSCEDM16J00019_7012_HSCEDM15D00006_7012
37bdf75cf9790e9eceff0ad1ee5f8b971fb116a09ebc2500b682f7ee2f778bed,ICE,pre_Trump_I,ICE ISAP/electronic monitoring,2016-09-01,HSCEDM16J00039,HSCEDM14D00004,Delivery Order,0,no,B.I. INCORPORATED,PKK6L9KLMYR5,3CUH9,5227855.75,107217703.18,107217703.18,2016-09-01,2017-08-31,2017-11-26,DETENTION COMPLIANCE AND REMOVALS,,Full And Open Competition,,Negotiated Proposal/Quote,,R408,Program Management/Support Services,561210,Facilities Support Services,IGF::CT::IGF INTENSIVE SUPERVISION APPEARANCE PROGRAM (ISAP III) FOR ALTERNATIVES TO DETENTION,IGF::CT::IGF INTENSIVE SUPERVISION APPEARANCE PROGRAM (ISAP III) FOR ALTERNATIVES TO DETENTION,https://www.usaspending.gov/award/CONT_AWD_HSCEDM16J00039_7012_HSCEDM14D00004_7012
4b7cd4bdf567c0bd6677088959bdcc48c3c576f7ab3e08128c78af4d6b5cd18a,ICE,pre_Trump_I,ICE detention services,2016-09-02,HSCEDM16J00042,HSCEDM11D00003,Delivery Order,0,no,"THE GEO GROUP, INC.",JMLKZZ1NL2Z6,3JMR1,1027250.84,30675602.15,30675602.15,2016-09-16,2017-09-15,2017-09-15,DETENTION COMPLIANCE AND REMOVALS,,Full And Open Competition,,Negotiated Proposal/Quote,,S206,Guard Services,561210,Facilities Support Services,"CONTRACT DETENTION FACILITY, AURORA, COLORADO  IGF::CT::IGF","CONTRACT DETENTION FACILITY, AURORA, COLORADO

IGF::CT::IGF",https://www.usaspending.gov/award/CONT_AWD_HSCEDM16J00042_7012_HSCEDM11D00003_7012
34dea7b84fb1cb6b7c2b163bb45d1971ee7f884a14150393845f77ca917df997,CBP,pre_Trump_I,CBP detainee hygiene services,2016-09-15,HSBP1015P00762,,PURCHASE ORDER,P00001,yes,"THE GEO GROUP, INC.",JMLKZZ1NL2Z6,3JMR1,10000.00,2711.07,52711.07,2015-09-17,2020-09-16,2020-09-16,BORDER ENFORCEMENT CONTRACTING DIVISION,OFFICE OF FIELD OPERATIONS,NOT COMPETED,1,ONLY ONE SOURCE,HSBP1015Q0195,G099,SOCIAL- OTHER,922140,CORRECTIONAL INSTITUTIONS,"IGF::OT::IGF EX OY1 OF HYGIENE SERVICE FOR DETAINEES FOR CBP,RGV BP",IGF::OT::IGF HYGIENE SERVICES FOR DETAINEES,https://www.usaspending.gov/award/CONT_AWD_HSBP1015P00762_7014_-NONE-_-NONE-
9364bdc6b892584027d21fa296f1b8aab212d1cb56741ad15089ec2cea95c5fd,ICE,pre_Trump_I,ICE other/unresolved,2016-09-16,HSCEDM16J00044,HSCEDM15D00008,Delivery Order,0,no,"GEO CARE SERVICES, LLC",G6XJKMJUNB91,7D4M5,194288.64,1911358.29,1911358.29,2016-09-16,2021-03-20,2021-03-20,DETENTION COMPLIANCE AND REMOVALS,,Full And Open Competition,,Negotiated Proposal/Quote,HSCEDM15R00008,G099,Other Social Services,624190,Other Individual and Family Services ,IGF::CT::IGF,IGF::CT::IGF,https://www.usaspending.gov/award/CONT_AWD_HSCEDM16J00044_7012_HSCEDM15D00008_7012
4ee9a94f5b930f4f1a7f70edf5eb005a1fcf84bd06a3a9bd874beb91ebfc683e,ICE,pre_Trump_I,ICE other/unresolved,2016-09-16,HSCEDM16J00046,HSCEDM15D00010,Delivery Order,0,no,"GEO CARE SERVICES, LLC",G6XJKMJUNB91,7D4M5,186692.41,2147276.63,2147276.63,2016-09-16,2021-03-20,2021-03-20,DETENTION COMPLIANCE AND REMOVALS,,Full And Open Competition,,Negotiated Proposal/Quote,,G099,Other Social Services,624190,Other Individual and Family Services ,IGF::CT::IGF,IGF::CT::IGF,https://www.usaspending.gov/award/CONT_AWD_HSCEDM16J00046_7012_HSCEDM15D00010_7012
fdd926e480f53c9d862aa917cbae82258ef43dab23037be66c2780bb298363e3,ICE,pre_Trump_I,ICE other/unresolved,2016-09-16,HSCEDM16J00047,HSCEDM15D00011,Delivery Order,0,no,"GEO CARE SERVICES, LLC",G6XJKMJUNB91,7D4M5,213765.49,2190859.07,2190859.07,2016-09-16,2021-03-20,2021-03-20,DETENTION COMPLIANCE AND REMOVALS,,Full And Open Competition,,Negotiated Proposal/Quote,,G099,Other Social Services,624190,Other Individual and Family Services ,IGF::CT::IGF,IGF::CT::IGF,https://www.usaspending.gov/award/CONT_AWD_HSCEDM16J00047_7012_HSCEDM15D00011_7012
cb8dc290b42040b37477080c67a22637f56e56440c97045150b3741dadb3c895,ICE,pre_Trump_I,ICE other/unresolved,2016-09-16,HSCEDM16J00048,HSCEDM15D00012,Delivery Order,0,no,"GEO CARE SERVICES, LLC",G6XJKMJUNB91,7D4M5,186919.05,1908606.19,1908606.19,2016-09-16,2021-03-20,2021-03-20,DETENTION COMPLIANCE AND REMOVALS,,Full And Open Competition,,Negotiated Proposal/Quote,,G099,Other Social Services,624190,Other Individual and Family Services ,IGF::CT::IGF,IGF::CT::IGF,https://www.usaspending.gov/award/CONT_AWD_HSCEDM16J00048_7012_HSCEDM15D00012_7012
ed9b12d6d5a82ac7526f2c33732c86b92f804e2eb9bea1da260572679b7c750b,ICE,pre_Trump_I,ICE other/unresolved,2016-09-16,HSCEDM16J00049,HSCEDM15D00013,Delivery Order,0,no,"GEO CARE SERVICES, LLC",G6XJKMJUNB91,7D4M5,171208.56,1956129.30,1956129.30,2016-09-16,2021-03-20,2021-03-20,DETENTION COMPLIANCE AND REMOVALS,,Full And Open Competition,,Negotiated Proposal/Quote,,G099,Other Social Services,624190,Other Individual and Family Services ,IGF::CT::IGF,IGF::CT::IGF,https://www.usaspending.gov/award/CONT_AWD_HSCEDM16J00049_7012_HSCEDM15D00013_7012
68ace47ed02e27ab19aa9c8a332cdf35110ff44ac34e4bf5f3f0bbdcd7940ee6,ICE,pre_Trump_I,ICE ISAP/electronic monitoring,2016-09-21,HSCEDM15J00032,HSCEDM14D00004,Delivery Order,P00014,yes,B.I. INCORPORATED,PKK6L9KLMYR5,3CUH9,2919148.41,75915605.21,75915605.21,2015-08-27,2016-08-31,2016-12-03,DETENTION COMPLIANCE AND REMOVALS,,Full And Open Competition,4,Negotiated Proposal/Quote,,R408,Program Management/Support Services,561210,Facilities Support Services,IGF::CT::IGF ISAP III CONTRACT OPTION YEAR 1 FOR THE ALTERNATIVES TO DETENTION UNIT,IGF::CT::IGF ISAP III CONTRACT OPTION YEAR 1 FOR THE ALTERNATIVES TO DETENTION UNIT,https://www.usaspending.gov/award/CONT_AWD_HSCEDM15J00032_7012_HSCEDM14D00004_7012
24f3a248c230ef679d3253898a01e966fdc4bfd4ef56c549788cf71c7d6b9f84,ICE,pre_Trump_I,ICE detention services,2016-09-21,HSCEDM16J00052,HSCEDM15D00015,Delivery Order,0,no,"THE GEO GROUP, INC.",JMLKZZ1NL2Z6,3JMR1,5922260.22,61117009.31,61117009.31,2016-09-28,2017-09-27,2021-02-12,DETENTION COMPLIANCE AND REMOVALS,,Full And Open Competition,,Negotiated Proposal/Quote,,S206,Guard Services,561210,Facilities Support Services,"IGF::CT::IGF DETENTION, TRANSPORTATION AND FOOD SERVICES","DETENTION, TRANSPORTATION AND FOOD SERVICES",https://www.usaspending.gov/award/CONT_AWD_HSCEDM16J00052_7012_HSCEDM15D00015_7012
83e8234bcd8fa1064b190116b6f00c60485cb480270ead8ef708b8524efcf455,ICE,pre_Trump_I,ICE detention services,2016-09-22,HSCEDM16J00004,HSCEDM12D00001,Delivery Order,P00010,yes,"THE GEO GROUP, INC.",JMLKZZ1NL2Z6,3JMR1,40020.04,52665942.04,52665942.04,2015-11-24,2016-11-30,2017-06-14,DETENTION COMPLIANCE AND REMOVALS,,Full And Open Competition,1,Negotiated Proposal/Quote,,S206,Guard Services,561210,Facilities Support Services,DETENTION SERVICE. IGF::OT::IGF.,DETENTION AND DETENTION RELATED SERVICE. .,https://www.usaspending.gov/award/CONT_AWD_HSCEDM16J00004_7012_HSCEDM12D00001_7012
7041a25eda29560c584143c436de22cbc00d9fc6f4a026e82264c33c783cd1dd,ICE,pre_Trump_I,ICE ISAP/electronic monitoring,2016-09-26,HSCEDM16J00039,HSCEDM14D00004,Delivery Order,P00001,yes,B.I. INCORPORATED,PKK6L9KLMYR5,3CUH9,5941351.61,107217703.18,107217703.18,2016-09-01,2017-08-31,2017-11-26,DETENTION COMPLIANCE AND REMOVALS,,Full And Open Competition,,Negotiated Proposal/Quote,,R408,Program Management/Support Services,561210,Facilities Support Services,IGF::CT::IGF INTENSIVE SUPERVISION APPEARANCE PROGRAM (ISAP III) FOR ALTERNATIVES TO DETENTION,IGF::CT::IGF INTENSIVE SUPERVISION APPEARANCE PROGRAM (ISAP III) FOR ALTERNATIVES TO DETENTION,https://www.usaspending.gov/award/CONT_AWD_HSCEDM16J00039_7012_HSCEDM14D00004_7012
73d687e2339dde33ea9c0216314f9d54014ba416d9b1b299932b2c03fee50562,ICE,pre_Trump_I,ICE ISAP/electronic monitoring,2016-09-29,HSCEDM16J00039,HSCEDM14D00004,Delivery Order,P00002,yes,B.I. INCORPORATED,PKK6L9KLMYR5,3CUH9,83403.51,107217703.18,107217703.18,2016-09-01,2017-08-31,2017-11-26,DETENTION COMPLIANCE AND REMOVALS,,Full And Open Competition,,Negotiated Proposal/Quote,,R408,Program Management/Support Services,561210,Facilities Support Services,IGF::CT::IGF INTENSIVE SUPERVISION APPEARANCE PROGRAM (ISAP III) FOR ALTERNATIVES TO DETENTION,IGF::CT::IGF INTENSIVE SUPERVISION APPEARANCE PROGRAM (ISAP III) FOR ALTERNATIVES TO DETENTION,https://www.usaspending.gov/award/CONT_AWD_HSCEDM16J00039_7012_HSCEDM14D00004_7012
0e04443a3c4780e46e256ea28c87514742bb83104ea569f8990262e05f580cce,ICE,pre_Trump_I,ICE detention services,2016-09-30,HSCEDM16J00004,HSCEDM12D00001,Delivery Order,P00011,yes,"THE GEO GROUP, INC.",JMLKZZ1NL2Z6,3JMR1,2311679.00,52665942.04,52665942.04,2015-11-24,2016-11-30,2017-06-14,DETENTION COMPLIANCE AND REMOVALS,,Full And Open Competition,1,Negotiated Proposal/Quote,,S206,Guard Services,561210,Facilities Support Services,DETENTION SERVICE. IGF::OT::IGF.,DETENTION AND DETENTION RELATED SERVICE. .,https://www.usaspending.gov/award/CONT_AWD_HSCEDM16J00004_7012_HSCEDM12D00001_7012
5226d16bba06784d9840c965e173f31c8d5f149969b07cf8fe2f1a4811da26bd,ICE,pre_Trump_I,ICE detention services,2016-10-13,HSCEDM16J00042,HSCEDM11D00003,Delivery Order,P00001,yes,"THE GEO GROUP, INC.",JMLKZZ1NL2Z6,3JMR1,3168161.20,30675602.15,30675602.15,2016-09-16,2017-09-15,2017-09-15,DETENTION COMPLIANCE AND REMOVALS,,Full And Open Competition,,Negotiated Proposal/Quote,,S206,Guard Services,561210,Facilities Support Services,"CONTRACT DETENTION FACILITY, AURORA, COLORADO  IGF::CT::IGF","CONTRACT DETENTION FACILITY, AURORA, COLORADO

IGF::CT::IGF",https://www.usaspending.gov/award/CONT_AWD_HSCEDM16J00042_7012_HSCEDM11D00003_7012
f0aea8ee688ff6080be165c5b0f4a1bf06451a635a8d72da5234506a180e96dc,ICE,pre_Trump_I,ICE detention services,2016-10-17,HSCEDM16J00052,HSCEDM15D00015,Delivery Order,P00001,yes,"THE GEO GROUP, INC.",JMLKZZ1NL2Z6,3JMR1,5302913.07,61117009.31,61117009.31,2016-09-28,2017-09-27,2021-02-12,DETENTION COMPLIANCE AND REMOVALS,,Full And Open Competition,,Negotiated Proposal/Quote,,S206,Guard Services,561210,Facilities Support Services,"IGF::CT::IGF DETENTION, TRANSPORTATION AND FOOD SERVICES","DETENTION, TRANSPORTATION AND FOOD SERVICES",https://www.usaspending.gov/award/CONT_AWD_HSCEDM16J00052_7012_HSCEDM15D00015_7012
ac49ddd83f4fbe15943f358d5ebe4f0ab4036382aa28ee0f158c0124c6fb25b4,ICE,pre_Trump_I,ICE detention services,2016-10-18,HSCEDM16J00017,HSCEDM14A00001,BPA Call,P00003,yes,"THE GEO GROUP, INC.",JMLKZZ1NL2Z6,3JMR1,589984.00,5244682.16,5244682.16,2016-04-01,2017-03-31,2017-06-08,DETENTION COMPLIANCE AND REMOVALS,,Competed Under Simplified Acquisition Procedures,1,Simplified Acquisition,,S206,Guard Services,922140,Correctional Institutions ,IGF::CT::IGF,IGF::CT::IGF RIO GRANDE DETENTION CENTER,https://www.usaspending.gov/award/CONT_AWD_HSCEDM16J00017_7012_HSCEDM14A00001_7012
346074b2f59df105088ed86040ed7b60790d2405db0ea1a5a5c100be634dfa59,ICE,pre_Trump_I,ICE other/unresolved,2016-10-18,HSCEDM16J00044,HSCEDM15D00008,Delivery Order,P00001,yes,"GEO CARE SERVICES, LLC",G6XJKMJUNB91,7D4M5,434190.47,1911358.29,1911358.29,2016-09-16,2021-03-20,2021-03-20,DETENTION COMPLIANCE AND REMOVALS,,Full And Open Competition,,Negotiated Proposal/Quote,HSCEDM15R00008,G099,Other Social Services,624190,Other Individual and Family Services ,IGF::CT::IGF,IGF::CT::IGF,https://www.usaspending.gov/award/CONT_AWD_HSCEDM16J00044_7012_HSCEDM15D00008_7012
c0d9932a5df6e49618c464e4ffaf4366eece2b0602ade3d6926ac06a73299af1,ICE,pre_Trump_I,ICE detention services,2016-10-19,HSCEDM16F00001,HSODT6C0002,Delivery Order,P00001,yes,"THE GEO GROUP, INC.",JMLKZZ1NL2Z6,3JMR1,1443.42,14238.18,14238.18,2015-10-21,2016-12-31,2016-12-31,DETENTION MANAGEMENT LAGUNA,,Full And Open Competition,3,Negotiated Proposal/Quote,,S206,Guard Services,561612,Security Guards and Patrol Services ,"IGF::CL::IGF DETENTION SERVICES AT THE WESTERN REGION DETENTION FACILITY IN SAN DIEGO, CA","
DETENTION SERVICES AT THE WESTERN REGION DETENTION FACILITY IN SAN DIEGO, CA",https://www.usaspending.gov/award/CONT_AWD_HSCEDM16F00001_7012_HSODT6C0002_7012
cfb6699bc8938f9624a8cb1be0d6b1c74312f6466e76e30ddc34183305fe1265,ICE,pre_Trump_I,ICE other/unresolved,2016-10-19,HSCEDM16J00046,HSCEDM15D00010,Delivery Order,P00001,yes,"GEO CARE SERVICES, LLC",G6XJKMJUNB91,7D4M5,407020.80,2147276.63,2147276.63,2016-09-16,2021-03-20,2021-03-20,DETENTION COMPLIANCE AND REMOVALS,,Full And Open Competition,,Negotiated Proposal/Quote,,G099,Other Social Services,624190,Other Individual and Family Services ,IGF::CT::IGF,IGF::CT::IGF,https://www.usaspending.gov/award/CONT_AWD_HSCEDM16J00046_7012_HSCEDM15D00010_7012
33889bd7909add11b08ca7cc1283502eb96aaa776b4a2f960e1ae728a2c5cf69,ICE,pre_Trump_I,ICE other/unresolved,2016-10-19,HSCEDM16J00047,HSCEDM15D00011,Delivery Order,P00001,yes,"GEO CARE SERVICES, LLC",G6XJKMJUNB91,7D4M5,472954.73,2190859.07,2190859.07,2016-09-16,2021-03-20,2021-03-20,DETENTION COMPLIANCE AND REMOVALS,,Full And Open Competition,,Negotiated Proposal/Quote,,G099,Other Social Services,624190,Other Individual and Family Services ,IGF::CT::IGF,IGF::CT::IGF,https://www.usaspending.gov/award/CONT_AWD_HSCEDM16J00047_7012_HSCEDM15D00011_7012
cb0f0ad122b2bd57f0a432c528e0e6b18a36be35de65c11e0a10734f0bb50c24,ICE,pre_Trump_I,ICE other/unresolved,2016-10-19,HSCEDM16J00048,HSCEDM15D00012,Delivery Order,P00001,yes,"GEO CARE SERVICES, LLC",G6XJKMJUNB91,7D4M5,413628.37,1908606.19,1908606.19,2016-09-16,2021-03-20,2021-03-20,DETENTION COMPLIANCE AND REMOVALS,,Full And Open Competition,,Negotiated Proposal/Quote,,G099,Other Social Services,624190,Other Individual and Family Services ,IGF::CT::IGF,IGF::CT::IGF,https://www.usaspending.gov/award/CONT_AWD_HSCEDM16J00048_7012_HSCEDM15D00012_7012
375684c755994c47169b8da9ad2f5ae505c11235f383288fa9afc8c163ab2b63,ICE,pre_Trump_I,ICE other/unresolved,2016-10-19,HSCEDM16J00049,HSCEDM15D00013,Delivery Order,P00001,yes,"GEO CARE SERVICES, LLC",G6XJKMJUNB91,7D4M5,430469.70,1956129.30,1956129.30,2016-09-16,2021-03-20,2021-03-20,DETENTION COMPLIANCE AND REMOVALS,,Full And Open Competition,,Negotiated Proposal/Quote,,G099,Other Social Services,624190,Other Individual and Family Services ,IGF::CT::IGF,IGF::CT::IGF,https://www.usaspending.gov/award/CONT_AWD_HSCEDM16J00049_7012_HSCEDM15D00013_7012
2e63e8646bd6f4e7c1a933ab9eaa8de6c145f30d4e18ee874161f7867c00974d,ICE,pre_Trump_I,ICE detention services,2016-10-19,HSCEDM17F00001,HSODT6C0002,Delivery Order,0,no,"THE GEO GROUP, INC.",JMLKZZ1NL2Z6,3JMR1,8019.00,17356.68,17356.68,2017-01-01,2017-11-14,2017-11-14,DETENTION MANAGEMENT LAGUNA,,Full And Open Competition,,Negotiated Proposal/Quote,,S206,Guard Services,561612,Security Guards and Patrol Services ,"IGF::CL::IGF DETENTION SERVICES AT THE WESTERN REGION DETENTION FACILITY IN SAN DIEGO, CA","
DETENTION SERVICES AT THE WESTERN REGION DETENTION FACILITY IN SAN DIEGO, CA",https://www.usaspending.gov/award/CONT_AWD_HSCEDM17F00001_7012_HSODT6C0002_7012
995e897681a3e80569212da4c941a03d5c6ee3a63ef0f737406617278b25e52b,ICE,pre_Trump_I,ICE ISAP/electronic monitoring,2016-10-24,HSCEDM16J00039,HSCEDM14D00004,Delivery Order,P00003,yes,B.I. INCORPORATED,PKK6L9KLMYR5,3CUH9,8599998.66,107217703.18,107217703.18,2016-09-01,2017-08-31,2017-11-26,DETENTION COMPLIANCE AND REMOVALS,,Full And Open Competition,,Negotiated Proposal/Quote,,R408,Program Management/Support Services,561210,Facilities Support Services,IGF::CT::IGF INTENSIVE SUPERVISION APPEARANCE PROGRAM (ISAP III) FOR ALTERNATIVES TO DETENTION,IGF::CT::IGF INTENSIVE SUPERVISION APPEARANCE PROGRAM (ISAP III) FOR ALTERNATIVES TO DETENTION,https://www.usaspending.gov/award/CONT_AWD_HSCEDM16J00039_7012_HSCEDM14D00004_7012
ea90ad62e2628256c93624346072db304035c85d1749fdb805762b5596cfa478,ICE,pre_Trump_I,ICE detention services,2016-10-27,HSCEDM16J00042,HSCEDM11D00003,Delivery Order,P00002,yes,"THE GEO GROUP, INC.",JMLKZZ1NL2Z6,3JMR1,1377953.60,30675602.15,30675602.15,2016-09-16,2017-09-15,2017-09-15,DETENTION COMPLIANCE AND REMOVALS,,Full And Open Competition,,Negotiated Proposal/Quote,,S206,Guard Services,561210,Facilities Support Services,"CONTRACT DETENTION FACILITY, AURORA, COLORADO  IGF::CT::IGF","CONTRACT DETENTION FACILITY, AURORA, COLORADO

IGF::CT::IGF",https://www.usaspending.gov/award/CONT_AWD_HSCEDM16J00042_7012_HSCEDM11D00003_7012
059fba8c113cbc64d385d733df269020ec44e72e607bbb2bdbf509482d768154,ICE,pre_Trump_I,ICE detention services,2016-10-28,HSCEDM16J00019,HSCEDM15D00006,Delivery Order,P00005,yes,"THE GEO GROUP, INC.",JMLKZZ1NL2Z6,3JMR1,4534120.00,31040733.60,31040733.60,2016-07-01,2017-06-30,2017-10-14,DETENTION COMPLIANCE AND REMOVALS,,Full And Open Competition,,Negotiated Proposal/Quote,,S206,Guard Services,561210,Facilities Support Services,IGF::CT::IGF DETENTION SERVICES AT BROWARD TRANSITIONAL CENTER,IGF::CT::IGF DETENTION SERVICES AT BROWARD TRANSITIONAL CENTER,https://www.usaspending.gov/award/CONT_AWD_HSCEDM16J00019_7012_HSCEDM15D00006_7012
79033b6370d09f832909eccdfbc4d8a28032143bddec9a64000c86f46353f696,ICE,pre_Trump_I,ICE ISAP/electronic monitoring,2016-11-03,HSCEDM15J00032,HSCEDM14D00004,Delivery Order,P00015,yes,B.I. INCORPORATED,PKK6L9KLMYR5,3CUH9,78844.56,75915605.21,75915605.21,2015-08-27,2016-08-31,2016-12-03,DETENTION COMPLIANCE AND REMOVALS,,Full And Open Competition,4,Negotiated Proposal/Quote,,R408,Program Management/Support Services,561210,Facilities Support Services,IGF::CT::IGF ISAP III CONTRACT OPTION YEAR 1 FOR THE ALTERNATIVES TO DETENTION UNIT,IGF::CT::IGF ISAP III CONTRACT OPTION YEAR 1 FOR THE ALTERNATIVES TO DETENTION UNIT,https://www.usaspending.gov/award/CONT_AWD_HSCEDM15J00032_7012_HSCEDM14D00004_7012
0da6a822dfc92b16497e391314448d8faa9a3539a5e7a59c7729de76998b6235,ICE,pre_Trump_I,ICE detention services,2016-11-03,HSCEDM16J00042,HSCEDM11D00003,Delivery Order,P00003,yes,"THE GEO GROUP, INC.",JMLKZZ1NL2Z6,3JMR1,2302443.33,30675602.15,30675602.15,2016-09-16,2017-09-15,2017-09-15,DETENTION COMPLIANCE AND REMOVALS,,Full And Open Competition,,Negotiated Proposal/Quote,,S206,Guard Services,561210,Facilities Support Services,"CONTRACT DETENTION FACILITY, AURORA, COLORADO  IGF::CT::IGF","CONTRACT DETENTION FACILITY, AURORA, COLORADO

IGF::CT::IGF",https://www.usaspending.gov/award/CONT_AWD_HSCEDM16J00042_7012_HSCEDM11D00003_7012
52fa50fb3ff23dce2d39f9faeb86619d497e68c3630093183c86aea5c65c607b,ICE,pre_Trump_I,ICE detention services,2016-11-07,HSCEDM16F00001,HSODT6C0002,Delivery Order,P00002,yes,"THE GEO GROUP, INC.",JMLKZZ1NL2Z6,3JMR1,2975.94,14238.18,14238.18,2015-10-21,2016-12-31,2016-12-31,DETENTION MANAGEMENT LAGUNA,,Full And Open Competition,3,Negotiated Proposal/Quote,,S206,Guard Services,561612,Security Guards and Patrol Services ,"IGF::CL::IGF DETENTION SERVICES AT THE WESTERN REGION DETENTION FACILITY IN SAN DIEGO, CA","
DETENTION SERVICES AT THE WESTERN REGION DETENTION FACILITY IN SAN DIEGO, CA",https://www.usaspending.gov/award/CONT_AWD_HSCEDM16F00001_7012_HSODT6C0002_7012
5ac8729c3d3296f032fc846ba853e396bd5fff820d552351bdecaf34f391ad7c,ICE,pre_Trump_I,ICE ISAP/electronic monitoring,2016-11-17,HSCEDM16J00039,HSCEDM14D00004,Delivery Order,P00004,yes,B.I. INCORPORATED,PKK6L9KLMYR5,3CUH9,10999997.88,107217703.18,107217703.18,2016-09-01,2017-08-31,2017-11-26,DETENTION COMPLIANCE AND REMOVALS,,Full And Open Competition,,Negotiated Proposal/Quote,,R408,Program Management/Support Services,561210,Facilities Support Services,IGF::CT::IGF INTENSIVE SUPERVISION APPEARANCE PROGRAM (ISAP III) FOR ALTERNATIVES TO DETENTION,IGF::CT::IGF INTENSIVE SUPERVISION APPEARANCE PROGRAM (ISAP III) FOR ALTERNATIVES TO DETENTION,https://www.usaspending.gov/award/CONT_AWD_HSCEDM16J00039_7012_HSCEDM14D00004_7012
b443b4105528217a3c73952085bcd6f377e64ea71f3e2536f579d2e9b55668d9,ICE,pre_Trump_I,ICE detention services,2016-11-22,HSCEDM16J00019,HSCEDM15D00006,Delivery Order,P00006,yes,"THE GEO GROUP, INC.",JMLKZZ1NL2Z6,3JMR1,2552255.21,31040733.60,31040733.60,2016-07-01,2017-06-30,2017-10-14,DETENTION COMPLIANCE AND REMOVALS,,Full And Open Competition,,Negotiated Proposal/Quote,,S206,Guard Services,561210,Facilities Support Services,IGF::CT::IGF DETENTION SERVICES AT BROWARD TRANSITIONAL CENTER,IGF::CT::IGF DETENTION SERVICES AT BROWARD TRANSITIONAL CENTER,https://www.usaspending.gov/award/CONT_AWD_HSCEDM16J00019_7012_HSCEDM15D00006_7012
e2236604bedcf694c4eb25af0a528db3810591a6dcf927b1da6d8f8f547a7108,ICE,pre_Trump_I,ICE detention services,2016-11-23,HSCEDM16J00052,HSCEDM15D00015,Delivery Order,P00002,yes,"THE GEO GROUP, INC.",JMLKZZ1NL2Z6,3JMR1,1560112.13,61117009.31,61117009.31,2016-09-28,2017-09-27,2021-02-12,DETENTION COMPLIANCE AND REMOVALS,,Full And Open Competition,,Negotiated Proposal/Quote,,S206,Guard Services,561210,Facilities Support Services,"IGF::CT::IGF DETENTION, TRANSPORTATION AND FOOD SERVICES","DETENTION, TRANSPORTATION AND FOOD SERVICES",https://www.usaspending.gov/award/CONT_AWD_HSCEDM16J00052_7012_HSCEDM15D00015_7012
e329655df68a7549013dcdbbdca55366155f3e1579a7d66e1e59096252183971,CBP,pre_Trump_I,CBP detention/jail space,2016-11-29,HSBP1016J00076,HSBP1012A00025,BPA CALL,P00002,yes,"THE GEO GROUP, INC.",JMLKZZ1NL2Z6,3JMR1,3425.00,12427.00,12427.00,2015-10-01,2016-11-29,2016-11-29,BORDER ENFORCEMENT CONTRACTING DIVISION,OFFICE OF FIELD OPERATIONS,COMPETED UNDER SAP,1,SIMPLIFIED ACQUISITION,,R418,SUPPORT- PROFESSIONAL: LEGAL,561210,FACILITIES SUPPORT SERVICES,IGF::CT::IGF DETENTION SPACE,IGF::CT::IGF,https://www.usaspending.gov/award/CONT_AWD_HSBP1016J00076_7014_HSBP1012A00025_7014
8c4834c3af3a2d68bc3e06c7b000bb00fa42b5023300dd4f4883d671100aabcf,ICE,pre_Trump_I,ICE detention services,2016-11-29,HSCEDM16P00015,,Purchase Order,P00001,yes,"CORNELL COMPANIES, INC.",TLDCDE29G781,3MTH6,-4644.00,0.00,0.00,2016-01-08,2017-01-27,2017-01-27,DETENTION COMPLIANCE AND REMOVALS,,Not Competed,1,Sole Source,,S206,Guard Services,561210,Facilities Support Services,IGF::OT::IGF DETENTION SERVICES,DETENTION SERVICES,https://www.usaspending.gov/award/CONT_AWD_HSCEDM16P00015_7012_-NONE-_-NONE-
d1a79a63dd8becba8142c4eec6780cd4db729d4b579404962349d0da1684dde8,ICE,pre_Trump_I,ICE detention services,2016-11-30,HSCEDM16J00004,HSCEDM12D00001,Delivery Order,P00012,yes,"THE GEO GROUP, INC.",JMLKZZ1NL2Z6,3JMR1,6486162.66,52665942.04,52665942.04,2015-11-24,2016-11-30,2017-06-14,DETENTION COMPLIANCE AND REMOVALS,,Full And Open Competition,1,Negotiated Proposal/Quote,,S206,Guard Services,561210,Facilities Support Services,DETENTION SERVICE. IGF::OT::IGF.,DETENTION AND DETENTION RELATED SERVICE. .,https://www.usaspending.gov/award/CONT_AWD_HSCEDM16J00004_7012_HSCEDM12D00001_7012
51cfcb7e7b7d7be16da1d0ddef2d3fd7b3a874f900265a746eba68818f38a206,ICE,pre_Trump_I,ICE detention services,2016-12-02,HSCEDM16J00017,HSCEDM14A00001,BPA Call,P00004,yes,"THE GEO GROUP, INC.",JMLKZZ1NL2Z6,3JMR1,132300.00,5244682.16,5244682.16,2016-04-01,2017-03-31,2017-06-08,DETENTION COMPLIANCE AND REMOVALS,,Competed Under Simplified Acquisition Procedures,1,Simplified Acquisition,,S206,Guard Services,922140,Correctional Institutions ,IGF::CT::IGF DETENTION SERVICES,IGF::CT::IGF RIO GRANDE DETENTION CENTER,https://www.usaspending.gov/award/CONT_AWD_HSCEDM16J00017_7012_HSCEDM14A00001_7012
6f2eb1c396ebd073869466d3866816fb31cd6ad6e6aef82acee46dc7f61cc5a4,ICE,pre_Trump_I,ICE detention services,2016-12-05,HSCEDM16J00052,HSCEDM15D00015,Delivery Order,P00003,yes,"THE GEO GROUP, INC.",JMLKZZ1NL2Z6,3JMR1,5399338.38,61117009.31,61117009.31,2016-09-28,2017-09-27,2021-02-12,DETENTION COMPLIANCE AND REMOVALS,,Full And Open Competition,,Negotiated Proposal/Quote,,S206,Guard Services,561210,Facilities Support Services,"IGF::CT::IGF DETENTION, TRANSPORTATION AND FOOD SERVICES","DETENTION, TRANSPORTATION AND FOOD SERVICES",https://www.usaspending.gov/award/CONT_AWD_HSCEDM16J00052_7012_HSCEDM15D00015_7012
b0205d7060fa36e2cddeea30eb9170533c136ac3c6d672e934e7bc5605cf2d0c,ICE,pre_Trump_I,ICE ISAP/electronic monitoring,2016-12-06,HSCEDM16J00039,HSCEDM14D00004,Delivery Order,P00005,yes,B.I. INCORPORATED,PKK6L9KLMYR5,3CUH9,0.00,107217703.18,107217703.18,2016-09-01,2017-08-31,2017-11-26,DETENTION COMPLIANCE AND REMOVALS,,Full And Open Competition,,Negotiated Proposal/Quote,,R408,Program Management/Support Services,561210,Facilities Support Services,IGF::CT::IGF INTENSIVE SUPERVISION APPEARANCE PROGRAM (ISAP III) FOR ALTERNATIVES TO DETENTION,IGF::CT::IGF INTENSIVE SUPERVISION APPEARANCE PROGRAM (ISAP III) FOR ALTERNATIVES TO DETENTION,https://www.usaspending.gov/award/CONT_AWD_HSCEDM16J00039_7012_HSCEDM14D00004_7012
7580fe261df631c6d5c4a0423e00081e777c0d8948359549e516a891e6050a05,ICE,pre_Trump_I,ICE detention services,2016-12-14,HSCEDM17J00004,HSCEDM12D00001,Delivery Order,0,no,"THE GEO GROUP, INC.",JMLKZZ1NL2Z6,3JMR1,5572328.93,51612132.10,51612132.10,2016-12-14,2017-11-30,2018-04-18,DETENTION COMPLIANCE AND REMOVALS,,Full And Open Competition,,Negotiated Proposal/Quote,,S206,Guard Services,561210,Facilities Support Services,IGF::OT::IGF DETENTION SERVICES AT THE SOUTH TEXAS DETENTION CENTER,DETENTION SERVICES AT THE SOUTH TEXAS DETENTION CENTER,https://www.usaspending.gov/award/CONT_AWD_HSCEDM17J00004_7012_HSCEDM12D00001_7012
9eae050a498ccf5b766a06be4aa67a0da4b735f460da643f73554920218d6541,ICE,pre_Trump_I,ICE other/unresolved,2016-12-19,HSCEDM16J00044,HSCEDM15D00008,Delivery Order,P00002,yes,"GEO CARE SERVICES, LLC",G6XJKMJUNB91,7D4M5,638690.85,1911358.29,1911358.29,2016-09-16,2021-03-20,2021-03-20,DETENTION COMPLIANCE AND REMOVALS,,Full And Open Competition,,Negotiated Proposal/Quote,HSCEDM15R00008,G099,Other Social Services,624190,Other Individual and Family Services ,IGF::CT::IGF,IGF::CT::IGF,https://www.usaspending.gov/award/CONT_AWD_HSCEDM16J00044_7012_HSCEDM15D00008_7012
b2520d66a98cf5932828c71ac15eef0795bedb5acf080c84e68c3dacf476671e,ICE,pre_Trump_I,ICE other/unresolved,2016-12-19,HSCEDM16J00046,HSCEDM15D00010,Delivery Order,P00002,yes,"GEO CARE SERVICES, LLC",G6XJKMJUNB91,7D4M5,598857.46,2147276.63,2147276.63,2016-09-16,2021-03-20,2021-03-20,DETENTION COMPLIANCE AND REMOVALS,,Full And Open Competition,,Negotiated Proposal/Quote,,G099,Other Social Services,624190,Other Individual and Family Services ,IGF::CT::IGF,IGF::CT::IGF,https://www.usaspending.gov/award/CONT_AWD_HSCEDM16J00046_7012_HSCEDM15D00010_7012
116d0e81013e3820aef6bfbb6216c90d7bc1cca9270f8cdd9ca4ee68916f83a9,ICE,pre_Trump_I,ICE other/unresolved,2016-12-19,HSCEDM16J00047,HSCEDM15D00011,Delivery Order,P00002,yes,"GEO CARE SERVICES, LLC",G6XJKMJUNB91,7D4M5,693697.49,2190859.07,2190859.07,2016-09-16,2021-03-20,2021-03-20,DETENTION COMPLIANCE AND REMOVALS,,Full And Open Competition,,Negotiated Proposal/Quote,,G099,Other Social Services,624190,Other Individual and Family Services ,IGF::CT::IGF,IGF::CT::IGF,https://www.usaspending.gov/award/CONT_AWD_HSCEDM16J00047_7012_HSCEDM15D00011_7012
f0bc56385318aea201a89fe7993878ccf73f23aa1776ff30fc1fcfa317b2db89,ICE,pre_Trump_I,ICE other/unresolved,2016-12-19,HSCEDM16J00048,HSCEDM15D00012,Delivery Order,P00002,yes,"GEO CARE SERVICES, LLC",G6XJKMJUNB91,7D4M5,608757.09,1908606.19,1908606.19,2016-09-16,2021-03-20,2021-03-20,DETENTION COMPLIANCE AND REMOVALS,,Full And Open Competition,,Negotiated Proposal/Quote,,G099,Other Social Services,624190,Other Individual and Family Services ,IGF::CT::IGF,IGF::CT::IGF,https://www.usaspending.gov/award/CONT_AWD_HSCEDM16J00048_7012_HSCEDM15D00012_7012
f06a403ff810b6ccb84583a5c14f995d47798762ed4aa652691b1a8d397e1579,ICE,pre_Trump_I,ICE other/unresolved,2016-12-19,HSCEDM16J00049,HSCEDM15D00013,Delivery Order,P00002,yes,"GEO CARE SERVICES, LLC",G6XJKMJUNB91,7D4M5,636258.84,1956129.30,1956129.30,2016-09-16,2021-03-20,2021-03-20,DETENTION COMPLIANCE AND REMOVALS,,Full And Open Competition,,Negotiated Proposal/Quote,,G099,Other Social Services,624190,Other Individual and Family Services ,IGF::CT::IGF,IGF::CT::IGF,https://www.usaspending.gov/award/CONT_AWD_HSCEDM16J00049_7012_HSCEDM15D00013_7012
680162cdf1b53c9b36ea5df5286db7a8dc1fe4b17c3d02c1e2290569a9702520,ICE,pre_Trump_I,ICE other/unresolved,2016-12-20,HSCEDM16J00044,HSCEDM15D00008,Delivery Order,P00003,yes,"GEO CARE SERVICES, LLC",G6XJKMJUNB91,7D4M5,0.00,1911358.29,1911358.29,2016-09-16,2021-03-20,2021-03-20,DETENTION COMPLIANCE AND REMOVALS,,Full And Open Competition,,Negotiated Proposal/Quote,HSCEDM15R00008,G099,Other Social Services,624190,Other Individual and Family Services ,IGF::CT::IGF,IGF::CT::IGF,https://www.usaspending.gov/award/CONT_AWD_HSCEDM16J00044_7012_HSCEDM15D00008_7012
d85aefff07f00827037a8bc2758410b7c67c9cf4dd71e6955532110a299ce50b,ICE,pre_Trump_I,ICE detention services,2016-12-21,HSCEDM15J00029,HSCEDM11D00003,Delivery Order,P00012,yes,"THE GEO GROUP, INC.",JMLKZZ1NL2Z6,3JMR1,-347104.93,24315423.37,24315423.37,2015-08-20,2016-09-15,2017-01-20,DETENTION MANAGEMENT LAGUNA,,Full And Open Competition,1,Negotiated Proposal/Quote,,S206,Guard Services,561210,Facilities Support Services,IGF::CT::IGF  DETENTION SERVICES,"IGF::CT::IGF CRITICAL FUNCTION. DETENTION MANAGEMENT, MEDICAL SERVICES, TRANSPORTATION SERVICES, FOOD SERVICES FOR DHS/ICE AURORA, CO AT GEO GROUP COCA FACILITY.",https://www.usaspending.gov/award/CONT_AWD_HSCEDM15J00029_7012_HSCEDM11D00003_7012
ac07093b945703b62002d7b2e92703d091b3e3c6950b79153f9b792787e3a0ea,ICE,pre_Trump_I,ICE detention services,2016-12-28,HSCEDM15J00038,HSCEDM15D00015,Delivery Order,P00009,yes,"THE GEO GROUP, INC.",JMLKZZ1NL2Z6,3JMR1,-498390.60,59949555.10,59949555.10,2015-09-28,2016-09-27,2016-09-27,DETENTION MANAGEMENT LAGUNA,,Full And Open Competition,1,Negotiated Proposal/Quote,,S206,Guard Services,561210,Facilities Support Services,"IGF::CT::IGF DETENTION, TRANSPORTATION AND FOOD SERVICES","IGF::CT::IGF DETENTION, TRANSPORTATION AND FOOD SERVICES",https://www.usaspending.gov/award/CONT_AWD_HSCEDM15J00038_7012_HSCEDM15D00015_7012
4ca7a8a63f0a496b95e429f6e144ca499f312660f6b34081b22b9be955a3bd2e,ICE,pre_Trump_I,ICE detention services,2016-12-29,HSCEDM16J00042,HSCEDM11D00003,Delivery Order,P00004,yes,"THE GEO GROUP, INC.",JMLKZZ1NL2Z6,3JMR1,5452029.79,30675602.15,30675602.15,2016-09-16,2017-09-15,2017-09-15,DETENTION COMPLIANCE AND REMOVALS,,Full And Open Competition,,Negotiated Proposal/Quote,,S206,Guard Services,561210,Facilities Support Services,"CONTRACT DETENTION FACILITY, AURORA, COLORADO  IGF::CT::IGF","CONTRACT DETENTION FACILITY, AURORA, COLORADO

IGF::CT::IGF",https://www.usaspending.gov/award/CONT_AWD_HSCEDM16J00042_7012_HSCEDM11D00003_7012
c97e532b7dac725a5f8eaf9afc682c8413dba5b6da54604b675e99bf7a868046,ICE,pre_Trump_I,ICE ISAP/electronic monitoring,2016-12-30,HSCEDM16J00039,HSCEDM14D00004,Delivery Order,P00006,yes,B.I. INCORPORATED,PKK6L9KLMYR5,3CUH9,14199999.75,107217703.18,107217703.18,2016-09-01,2017-08-31,2017-11-26,DETENTION COMPLIANCE AND REMOVALS,,Full And Open Competition,,Negotiated Proposal/Quote,,R408,Program Management/Support Services,561210,Facilities Support Services,IGF::CT::IGF INTENSIVE SUPERVISION APPEARANCE PROGRAM (ISAP III) FOR ALTERNATIVES TO DETENTION,IGF::CT::IGF INTENSIVE SUPERVISION APPEARANCE PROGRAM (ISAP III) FOR ALTERNATIVES TO DETENTION,https://www.usaspending.gov/award/CONT_AWD_HSCEDM16J00039_7012_HSCEDM14D00004_7012
46a11a695bc6298fe166476d233d6146646ea21953ff13353b7f5a8a14eda89d,ICE,pre_Trump_I,ICE detention services,2017-01-05,HSCEDM17J00004,HSCEDM12D00001,Delivery Order,P00001,yes,"THE GEO GROUP, INC.",JMLKZZ1NL2Z6,3JMR1,7720448.99,51612132.10,51612132.10,2016-12-14,2017-11-30,2018-04-18,DETENTION COMPLIANCE AND REMOVALS,,Full And Open Competition,,Negotiated Proposal/Quote,,S206,Guard Services,561210,Facilities Support Services,IGF::OT::IGF DETENTION SERVICES AT THE SOUTH TEXAS DETENTION CENTER,DETENTION SERVICES AT THE SOUTH TEXAS DETENTION CENTER,https://www.usaspending.gov/award/CONT_AWD_HSCEDM17J00004_7012_HSCEDM12D00001_7012
668afbe391b7e18d114a49a247f95da3a5daf00c1e4c256a53e1c04a6c1e076f,ICE,pre_Trump_I,ICE detention services,2017-01-06,HSCEDM16J00017,HSCEDM14A00001,BPA Call,P00005,yes,"THE GEO GROUP, INC.",JMLKZZ1NL2Z6,3JMR1,866420.00,5244682.16,5244682.16,2016-04-01,2017-03-31,2017-06-08,DETENTION COMPLIANCE AND REMOVALS,,Competed Under Simplified Acquisition Procedures,1,Simplified Acquisition,,S206,Guard Services,922140,Correctional Institutions ,IGF::CT::IGF DETENTION SERVICES,IGF::CT::IGF RIO GRANDE DETENTION CENTER,https://www.usaspending.gov/award/CONT_AWD_HSCEDM16J00017_7012_HSCEDM14A00001_7012
f01737be2397d7ecb0bb55970a857ae4e254e4bce326780778f42bb098cfd663,ICE,pre_Trump_I,ICE detention services,2017-01-06,HSCEDM16J00019,HSCEDM15D00006,Delivery Order,P00007,yes,"THE GEO GROUP, INC.",JMLKZZ1NL2Z6,3JMR1,4591402.54,31040733.60,31040733.60,2016-07-01,2017-06-30,2017-10-14,DETENTION COMPLIANCE AND REMOVALS,,Full And Open Competition,,Negotiated Proposal/Quote,,S206,Guard Services,561210,Facilities Support Services,IGF::CT::IGF DETENTION SERVICES AT BROWARD TRANSITIONAL CENTER,IGF::CT::IGF DETENTION SERVICES AT BROWARD TRANSITIONAL CENTER,https://www.usaspending.gov/award/CONT_AWD_HSCEDM16J00019_7012_HSCEDM15D00006_7012
706029b02b623f7bb9df0fe7b2b40fc8ed07af7d772ed52521afada1a8365862,ICE,pre_Trump_I,ICE detention services,2017-01-13,HSCEDM16J00052,HSCEDM15D00015,Delivery Order,P00004,yes,"THE GEO GROUP, INC.",JMLKZZ1NL2Z6,3JMR1,3592021.67,61117009.31,61117009.31,2016-09-28,2017-09-27,2021-02-12,DETENTION COMPLIANCE AND REMOVALS,,Full And Open Competition,,Negotiated Proposal/Quote,,S206,Guard Services,561210,Facilities Support Services,"IGF::CT::IGF DETENTION, TRANSPORTATION AND FOOD SERVICES","DETENTION, TRANSPORTATION AND FOOD SERVICES",https://www.usaspending.gov/award/CONT_AWD_HSCEDM16J00052_7012_HSCEDM15D00015_7012
516cc1a7769e64d46fb57c841aa2f19f9be50559b16601c01571e5147ecb5b0b,ICE,Trump_I,ICE detention services,2017-01-23,HSCEDM16J00017,HSCEDM14A00001,BPA Call,P00006,yes,"THE GEO GROUP, INC.",JMLKZZ1NL2Z6,3JMR1,0.00,5244682.16,5244682.16,2016-04-01,2017-03-31,2017-06-08,DETENTION COMPLIANCE AND REMOVALS,,Competed Under Simplified Acquisition Procedures,1,Simplified Acquisition,,S206,Guard Services,922140,Correctional Institutions ,IGF::CT::IGF DETENTION SERVICES,IGF::CT::IGF RIO GRANDE DETENTION CENTER,https://www.usaspending.gov/award/CONT_AWD_HSCEDM16J00017_7012_HSCEDM14A00001_7012
e4f256a5edc0d23625c205a7483c7fefd284e920cf002d9f3f9e8fc1836dc1ef,ICE,Trump_I,ICE ISAP/electronic monitoring,2017-01-25,HSCEMD12F00015,GS07F0518N,Delivery Order,P00003,yes,B.I. INCORPORATED,PKK6L9KLMYR5,3CUH9,0.00,502.44,502.44,2012-02-06,2012-04-07,2012-08-17,INVESTIGATIONS AND OPERATIONS SUPPORT DALLAS,,Full And Open Competition,2,Subject To Multiple Award Fair Opportunity,,6110,Electrical Control Equipment,315999,Other Apparel Accessories And Other Apparel Manufacturing,"PASSIVE ELECTRONIC MONITORING DEVICES REQUIRED TO SECURE FOREIGN WITNESSES AT FEDERAL TRIAL. POP: FEB 12 TO APR 7, 2012. SELECTED VENDOR OFFERS BEST COST.","PASSIVE ELECTRONIC MONITORING DEVICES REQUIRED TO SECURE FOREIGN WITNESSES AT FEDERAL TRIAL. POP: FEB 12 TO APR 7, 2012. SELECTED VENDOR OFFERS BEST COST.",https://www.usaspending.gov/award/CONT_AWD_HSCEMD12F00015_7012_GS07F0518N_4730
acbb98aff1943efaaf688e8ae6755eff24f2589994b8e3cb8fdf75c162f590cd,ICE,Trump_I,ICE detention services,2017-01-27,HSCEDM17P00032,,Purchase Order,0,no,"CORNELL COMPANIES, INC.",TLDCDE29G781,3MTH6,2499.09,2499.09,2499.09,2017-01-27,2017-03-02,2017-03-02,DETENTION COMPLIANCE AND REMOVALS,,Not Competed,1,Sole Source,,S206,Guard Services,561612,Security Guards and Patrol Services ,IGF::OT::IGF INCLEMENT WEATHER HOUSING,INCLEMENT WEATHER HOUSING,https://www.usaspending.gov/award/CONT_AWD_HSCEDM17P00032_7012_-NONE-_-NONE-
d32f2b26dbfb0ab95c2d7c0813bda0637626d6b6c09058353e95fbf8bd119147,ICE,Trump_I,ICE detention services,2017-02-03,HSCEDM17J00004,HSCEDM12D00001,Delivery Order,P00002,yes,"THE GEO GROUP, INC.",JMLKZZ1NL2Z6,3JMR1,8477079.82,51612132.10,51612132.10,2016-12-14,2017-11-30,2018-04-18,DETENTION COMPLIANCE AND REMOVALS,,Full And Open Competition,,Negotiated Proposal/Quote,,S206,Guard Services,561210,Facilities Support Services,IGF::OT::IGF DETENTION SERVICES AT THE SOUTH TEXAS DETENTION CENTER,DETENTION SERVICES AT THE SOUTH TEXAS DETENTION CENTER,https://www.usaspending.gov/award/CONT_AWD_HSCEDM17J00004_7012_HSCEDM12D00001_7012
7dbfee8cf6ee3b2555a50cf1e34b410528f16a49f8956d8107bf8653e1182660,ICE,Trump_I,ICE detention services,2017-02-08,HSCEDM16F00001,HSODT6C0002,Delivery Order,P00003,yes,"THE GEO GROUP, INC.",JMLKZZ1NL2Z6,3JMR1,-873.18,14238.18,14238.18,2015-10-21,2016-12-31,2016-12-31,DETENTION MANAGEMENT LAGUNA,,Full And Open Competition,3,Negotiated Proposal/Quote,,S206,Guard Services,561612,Security Guards and Patrol Services ,"IGF::CL::IGF DETENTION SERVICES AT THE WESTERN REGION DETENTION FACILITY IN SAN DIEGO, CA","
DETENTION SERVICES AT THE WESTERN REGION DETENTION FACILITY IN SAN DIEGO, CA",https://www.usaspending.gov/award/CONT_AWD_HSCEDM16F00001_7012_HSODT6C0002_7012
590062725c99fc5184630e76d6a06364d5be177446fe808ecfe58f5ddfb42f22,ICE,Trump_I,ICE ISAP/electronic monitoring,2017-02-08,HSCEDM16J00039,HSCEDM14D00004,Delivery Order,P00007,yes,B.I. INCORPORATED,PKK6L9KLMYR5,3CUH9,0.00,107217703.18,107217703.18,2016-09-01,2017-08-31,2017-11-26,DETENTION COMPLIANCE AND REMOVALS,,Full And Open Competition,,Negotiated Proposal/Quote,,R408,Program Management/Support Services,561210,Facilities Support Services,IGF::CT::IGF INTENSIVE SUPERVISION APPEARANCE PROGRAM (ISAP III) FOR ALTERNATIVES TO DETENTION,IGF::CT::IGF INTENSIVE SUPERVISION APPEARANCE PROGRAM (ISAP III) FOR ALTERNATIVES TO DETENTION,https://www.usaspending.gov/award/CONT_AWD_HSCEDM16J00039_7012_HSCEDM14D00004_7012
1f56c575f2e937ec054bd5a1292122729cf0fa8f0d8d08cff2293b461849af9c,ICE,Trump_I,ICE detention services,2017-02-22,HSCEDM16J00052,HSCEDM15D00015,Delivery Order,P00005,yes,"THE GEO GROUP, INC.",JMLKZZ1NL2Z6,3JMR1,15413119.04,61117009.31,61117009.31,2016-09-28,2017-09-27,2021-02-12,DETENTION COMPLIANCE AND REMOVALS,,Full And Open Competition,,Negotiated Proposal/Quote,,S206,Guard Services,561210,Facilities Support Services,"IGF::CT::IGF DETENTION, TRANSPORTATION AND FOOD SERVICES","DETENTION, TRANSPORTATION AND FOOD SERVICES",https://www.usaspending.gov/award/CONT_AWD_HSCEDM16J00052_7012_HSCEDM15D00015_7012
9a595501b893d9434b9f32fee79abfc25e47e37e7e074472a0349ff289fc854d,ICE,Trump_I,ICE other/unresolved,2017-02-22,HSCEDM17P00027,,Purchase Order,0,no,"CORNELL COMPANIES, INC.",TLDCDE29G781,3MTH6,4938.57,4938.57,4938.57,2017-02-22,2017-03-31,2017-03-31,DETENTION COMPLIANCE AND REMOVALS,,Not Competed,1,Sole Source,,R429,Support- Professional: Emergency Response/Disaster Planning/Preparedness Support,925110,Administration of Housing Programs ,IGF::OT::IGF INCLEMENT WEATHER FOR GILES W. DALBY CORRECTIONAL FACILITY,INCLEMENT WEATHER FOR GILES W. DALBY CORRECTIONAL FACILITY,https://www.usaspending.gov/award/CONT_AWD_HSCEDM17P00027_7012_-NONE-_-NONE-
45cfa60ce2d40d06eca0a5fb6325e3129230c0e515c725fc8a425dc0df67a984,ICE,Trump_I,ICE detention services,2017-02-23,HSCEDM16J00042,HSCEDM11D00003,Delivery Order,P00005,yes,"THE GEO GROUP, INC.",JMLKZZ1NL2Z6,3JMR1,9101763.84,30675602.15,30675602.15,2016-09-16,2017-09-15,2017-09-15,DETENTION COMPLIANCE AND REMOVALS,,Full And Open Competition,,Negotiated Proposal/Quote,,S206,Guard Services,561210,Facilities Support Services,"IGF::CT::IGF CONTRACT DETENTION FACILITY, AURORA, COLORADO","CONTRACT DETENTION FACILITY, AURORA, COLORADO

IGF::CT::IGF",https://www.usaspending.gov/award/CONT_AWD_HSCEDM16J00042_7012_HSCEDM11D00003_7012
ce607071476ac7b12d2aa60ca616f0b23b7097a84463d520e52a6422ad7ce949,CBP,Trump_I,CBP detention/jail space,2017-03-02,HSBP1016P00277,,PURCHASE ORDER,P00001,yes,"THE GEO GROUP, INC.",JMLKZZ1NL2Z6,3JMR1,0.00,833449.72,845956.19,2016-05-01,2020-04-30,2020-04-30,BORDER ENFORCEMENT CONTRACTING DIVISION,US BORDER PATROL,NOT COMPETED UNDER SAP,1,SIMPLIFIED ACQUISITION,HSBP1016Q0062,X1FF,LEASE/RENTAL OF PENAL FACILITIES,922140,CORRECTIONAL INSTITUTIONS,IGF::OT::IGF - SCA EQUITABLE ADJUSTMENT IAW CBA-2014-6858.,IGF::OT::IGF - DETENTION SPACE,https://www.usaspending.gov/award/CONT_AWD_HSBP1016P00277_7014_-NONE-_-NONE-
a8f867aa20a79876ecf8e25be6358c2962682c6f5676d74dd54d6c97755b986d,ICE,Trump_I,ICE detention services,2017-03-02,HSCEDM16J00017,HSCEDM14A00001,BPA Call,P00007,yes,"THE GEO GROUP, INC.",JMLKZZ1NL2Z6,3JMR1,884764.50,5244682.16,5244682.16,2016-04-01,2017-03-31,2017-06-08,DETENTION COMPLIANCE AND REMOVALS,,Competed Under Simplified Acquisition Procedures,1,Simplified Acquisition,,S206,Guard Services,922140,Correctional Institutions ,IGF::CT::IGF GEO GROUP INC. DETENTION SERVICES,IGF::CT::IGF RIO GRANDE DETENTION CENTER,https://www.usaspending.gov/award/CONT_AWD_HSCEDM16J00017_7012_HSCEDM14A00001_7012
8efa5f9e909cc928cb7090ea8536e6b60a9580d2b23568f729dd84db9f1b7f43,ICE,Trump_I,ICE ISAP/electronic monitoring,2017-03-03,HSCEDM16J00039,HSCEDM14D00004,Delivery Order,P00008,yes,B.I. INCORPORATED,PKK6L9KLMYR5,3CUH9,34000000.00,107217703.18,107217703.18,2016-09-01,2017-08-31,2017-11-26,DETENTION COMPLIANCE AND REMOVALS,,Full And Open Competition,,Negotiated Proposal/Quote,,R408,Program Management/Support Services,561210,Facilities Support Services,IGF::CT::IGF INTENSIVE SUPERVISION APPEARANCE PROGRAM (ISAP III) FOR ALTERNATIVES TO DETENTION,IGF::CT::IGF INTENSIVE SUPERVISION APPEARANCE PROGRAM (ISAP III) FOR ALTERNATIVES TO DETENTION,https://www.usaspending.gov/award/CONT_AWD_HSCEDM16J00039_7012_HSCEDM14D00004_7012
bb168662c59031a172b2faa427de027b1dd4ce58e8b0531433c665f2c74d7245,ICE,Trump_I,ICE detention services,2017-03-03,HSCEDM17J00008,HSCEDM14A00001,BPA Call,0,no,"THE GEO GROUP, INC.",JMLKZZ1NL2Z6,3JMR1,461510.70,5654320.62,5654320.62,2017-03-03,2018-03-31,2018-03-31,DETENTION COMPLIANCE AND REMOVALS,,Competed Under Simplified Acquisition Procedures,1,Simplified Acquisition,,S206,Guard Services,922140,Correctional Institutions ,IGF::CT::IGF RIO GRANDE DETENTION CENTER,IGF::CT::IGF RIO GRANDE DETENTION CENTER,https://www.usaspending.gov/award/CONT_AWD_HSCEDM17J00008_7012_HSCEDM14A00001_7012
c5276f0b87ee216bdece5b33865dcd97c6499945cd8014c02eb8eebaab1d35cd,ICE,Trump_I,ICE detention services,2017-03-10,HSCEDM17J00004,HSCEDM12D00001,Delivery Order,P00003,yes,"THE GEO GROUP, INC.",JMLKZZ1NL2Z6,3JMR1,180833.94,51612132.10,51612132.10,2016-12-14,2017-11-30,2018-04-18,DETENTION COMPLIANCE AND REMOVALS,,Full And Open Competition,,Negotiated Proposal/Quote,,S206,Guard Services,561210,Facilities Support Services,IGF::OT::IGF DETENTION SERVICES AT THE SOUTH TEXAS DETENTION CENTER,DETENTION SERVICES AT THE SOUTH TEXAS DETENTION CENTER,https://www.usaspending.gov/award/CONT_AWD_HSCEDM17J00004_7012_HSCEDM12D00001_7012
e3d87ea59bed93345b2d9d12216e4b4a83e91893ddb1a4df2b0a57294a51fea9,ICE,Trump_I,ICE other/unresolved,2017-03-17,HSCEDM16J00044,HSCEDM15D00008,Delivery Order,P00004,yes,"GEO CARE SERVICES, LLC",G6XJKMJUNB91,7D4M5,212896.95,1911358.29,1911358.29,2016-09-16,2021-03-20,2021-03-20,DETENTION COMPLIANCE AND REMOVALS,,Full And Open Competition,,Negotiated Proposal/Quote,HSCEDM15R00008,G099,Other Social Services,624190,Other Individual and Family Services ,IGF::CT::IGF,IGF::CT::IGF,https://www.usaspending.gov/award/CONT_AWD_HSCEDM16J00044_7012_HSCEDM15D00008_7012
85de76aae839f890421d02425c1e577ee94e2fe3369135f8b72712c91d675aef,ICE,Trump_I,ICE other/unresolved,2017-03-17,HSCEDM16J00046,HSCEDM15D00010,Delivery Order,P00003,yes,"GEO CARE SERVICES, LLC",G6XJKMJUNB91,7D4M5,199619.15,2147276.63,2147276.63,2016-09-16,2021-03-20,2021-03-20,DETENTION COMPLIANCE AND REMOVALS,,Full And Open Competition,,Negotiated Proposal/Quote,,G099,Other Social Services,624190,Other Individual and Family Services ,IGF::CT::IGF,IGF::CT::IGF,https://www.usaspending.gov/award/CONT_AWD_HSCEDM16J00046_7012_HSCEDM15D00010_7012
16d7d27edb7283d4ee8cc07f59b064e5946fd257d92aeaad762e330db3791772,ICE,Trump_I,ICE family case management,2017-03-17,HSCEDM16J00047,HSCEDM15D00011,Delivery Order,P00003,yes,"GEO CARE SERVICES, LLC",G6XJKMJUNB91,7D4M5,231232.50,2190859.07,2190859.07,2016-09-16,2021-03-20,2021-03-20,DETENTION COMPLIANCE AND REMOVALS,,Full And Open Competition,,Negotiated Proposal/Quote,,G099,Other Social Services,624190,Other Individual and Family Services ,IGF::CT::IGF FAMILY CASE MANAGEMENT SERVICES,IGF::CT::IGF,https://www.usaspending.gov/award/CONT_AWD_HSCEDM16J00047_7012_HSCEDM15D00011_7012
b027130308eba48b123ade1ac03459e26508c67f20138abbe396fbc5ff1b0d9a,ICE,Trump_I,ICE other/unresolved,2017-03-17,HSCEDM16J00048,HSCEDM15D00012,Delivery Order,P00003,yes,"GEO CARE SERVICES, LLC",G6XJKMJUNB91,7D4M5,202919.03,1908606.19,1908606.19,2016-09-16,2021-03-20,2021-03-20,DETENTION COMPLIANCE AND REMOVALS,,Full And Open Competition,,Negotiated Proposal/Quote,,G099,Other Social Services,624190,Other Individual and Family Services ,IGF::CT::IGF,IGF::CT::IGF,https://www.usaspending.gov/award/CONT_AWD_HSCEDM16J00048_7012_HSCEDM15D00012_7012
c75f8e7b74bed9ec4d7ab9de7146703e330b228a47aede467eb4ff2c8c548d13,ICE,Trump_I,ICE other/unresolved,2017-03-17,HSCEDM16J00049,HSCEDM15D00013,Delivery Order,P00003,yes,"GEO CARE SERVICES, LLC",G6XJKMJUNB91,7D4M5,212086.29,1956129.30,1956129.30,2016-09-16,2021-03-20,2021-03-20,DETENTION COMPLIANCE AND REMOVALS,,Full And Open Competition,,Negotiated Proposal/Quote,,G099,Other Social Services,624190,Other Individual and Family Services ,IGF::CT::IGF,IGF::CT::IGF,https://www.usaspending.gov/award/CONT_AWD_HSCEDM16J00049_7012_HSCEDM15D00013_7012
fba9c9d484ed42913fed7012d91b0f0047b7afcf3142a71088e1b2814768b6bb,ICE,Trump_I,ICE detention services,2017-03-21,HSCEDM16J00019,HSCEDM15D00006,Delivery Order,P00008,yes,"THE GEO GROUP, INC.",JMLKZZ1NL2Z6,3JMR1,5996477.07,31040733.60,31040733.60,2016-07-01,2017-06-30,2017-10-14,DETENTION COMPLIANCE AND REMOVALS,,Full And Open Competition,,Negotiated Proposal/Quote,,S206,Guard Services,561210,Facilities Support Services,IGF::CT::IGF DETENTION SERVICES AT BROWARD TRANSITIONAL CENTER,IGF::CT::IGF DETENTION SERVICES AT BROWARD TRANSITIONAL CENTER,https://www.usaspending.gov/award/CONT_AWD_HSCEDM16J00019_7012_HSCEDM15D00006_7012
32c477caa3a2e9a2a0230e3c3f3e4b9acdacda8f37081435fbd2e72df85f9bee,ICE,Trump_I,ICE detention services,2017-03-29,HSCEDM17F00001,HSODT6C0002,Delivery Order,P00001,yes,"THE GEO GROUP, INC.",JMLKZZ1NL2Z6,3JMR1,0.00,17356.68,17356.68,2017-01-01,2017-11-14,2017-11-14,DETENTION MANAGEMENT LAGUNA,,Full And Open Competition,,Negotiated Proposal/Quote,,S206,Guard Services,561612,Security Guards and Patrol Services ,"IGF::CL::IGF DETENTION SERVICES AT THE WESTERN REGION DETENTION FACILITY IN SAN DIEGO, CA","
DETENTION SERVICES AT THE WESTERN REGION DETENTION FACILITY IN SAN DIEGO, CA",https://www.usaspending.gov/award/CONT_AWD_HSCEDM17F00001_7012_HSODT6C0002_7012
2093b6bb00cb85d2c5b2848b264353d610f277335c8497868253233e50d855f0,ICE,Trump_I,ICE other/unresolved,2017-04-04,HSCEDM16J00044,HSCEDM15D00008,Delivery Order,P00005,yes,"GEO CARE SERVICES, LLC",G6XJKMJUNB91,7D4M5,209896.95,1911358.29,1911358.29,2016-09-16,2021-03-20,2021-03-20,DETENTION COMPLIANCE AND REMOVALS,,Full And Open Competition,,Negotiated Proposal/Quote,HSCEDM15R00008,G099,Other Social Services,624190,Other Individual and Family Services ,IGF::CT::IGF,IGF::CT::IGF,https://www.usaspending.gov/award/CONT_AWD_HSCEDM16J00044_7012_HSCEDM15D00008_7012
109177bcc831f0fb0c1950d197f459011294bd3dedeed6d976134821146cd311,ICE,Trump_I,ICE other/unresolved,2017-04-04,HSCEDM16J00046,HSCEDM15D00010,Delivery Order,P00004,yes,"GEO CARE SERVICES, LLC",G6XJKMJUNB91,7D4M5,196619.15,2147276.63,2147276.63,2016-09-16,2021-03-20,2021-03-20,DETENTION COMPLIANCE AND REMOVALS,,Full And Open Competition,,Negotiated Proposal/Quote,,G099,Other Social Services,624190,Other Individual and Family Services ,IGF::CT::IGF,IGF::CT::IGF,https://www.usaspending.gov/award/CONT_AWD_HSCEDM16J00046_7012_HSCEDM15D00010_7012
10d1f3650bb5829c50444334dacc2e741b271c1850b4b856cf2ac7d856201f8d,ICE,Trump_I,ICE family case management,2017-04-04,HSCEDM16J00047,HSCEDM15D00011,Delivery Order,P00004,yes,"GEO CARE SERVICES, LLC",G6XJKMJUNB91,7D4M5,228232.50,2190859.07,2190859.07,2016-09-16,2021-03-20,2021-03-20,DETENTION COMPLIANCE AND REMOVALS,,Full And Open Competition,,Negotiated Proposal/Quote,,G099,Other Social Services,624190,Other Individual and Family Services ,IGF::CT::IGF FAMILY CASE MANAGEMENT SERVICES,IGF::CT::IGF,https://www.usaspending.gov/award/CONT_AWD_HSCEDM16J00047_7012_HSCEDM15D00011_7012
e96124a91b5ad850e144d90dfc9aacbfa2166adbd40d1e0687a00ac9cecaf481,ICE,Trump_I,ICE other/unresolved,2017-04-05,HSCEDM16J00048,HSCEDM15D00012,Delivery Order,P00004,yes,"GEO CARE SERVICES, LLC",G6XJKMJUNB91,7D4M5,199919.03,1908606.19,1908606.19,2016-09-16,2021-03-20,2021-03-20,DETENTION COMPLIANCE AND REMOVALS,,Full And Open Competition,,Negotiated Proposal/Quote,,G099,Other Social Services,624190,Other Individual and Family Services ,IGF::CT::IGF,IGF::CT::IGF,https://www.usaspending.gov/award/CONT_AWD_HSCEDM16J00048_7012_HSCEDM15D00012_7012
c87fd663af30f9bfffa9aeb4f518f569105a376a44c7cdb89db85b55f544398f,ICE,Trump_I,ICE other/unresolved,2017-04-05,HSCEDM16J00049,HSCEDM15D00013,Delivery Order,P00004,yes,"GEO CARE SERVICES, LLC",G6XJKMJUNB91,7D4M5,209086.28,1956129.30,1956129.30,2016-09-16,2021-03-20,2021-03-20,DETENTION COMPLIANCE AND REMOVALS,,Full And Open Competition,,Negotiated Proposal/Quote,,G099,Other Social Services,624190,Other Individual and Family Services ,IGF::CT::IGF,IGF::CT::IGF,https://www.usaspending.gov/award/CONT_AWD_HSCEDM16J00049_7012_HSCEDM15D00013_7012
cccd112b82e756d79de8f10493b72b892632f4557e4024339a69d0102129876f,ICE,Trump_I,ICE ISAP/electronic monitoring,2017-04-06,HSCEDM14J00033,HSCEDM14D00004,Delivery Order,P00011,yes,B.I. INCORPORATED,PKK6L9KLMYR5,3CUH9,0.00,35933182.44,35933182.44,2014-09-08,2015-09-07,2015-10-21,DETENTION COMPLIANCE AND REMOVALS,,Full And Open Competition,,Negotiated Proposal/Quote,,R408,Program Management/Support Services,561210,Facilities Support Services,IGF::CT::IGF INTENSIVE SUPERVISION APPEARANCE PROGRAM III FOR ATD.,TO FUND THE ISAP III CONTRACT UNDER BASE YEAR FOR CONTRACT HSCEDM-14-D-00004. BASE PERIOD OF PERFORMANCE IS 09/08/2014 TO 09/07/2015. IN SUPPORT OF THE ATD PROGRAM. '''',https://www.usaspending.gov/award/CONT_AWD_HSCEDM14J00033_7012_HSCEDM14D00004_7012
f6c395a8a5dfe7920d0a315a2f0b9e5be746eb04a2b55a9cac48bbe566d0f9d4,CBP,Trump_I,CBP detention/jail space,2017-04-28,HSBP1016P00277,,PURCHASE ORDER,P00002,yes,"THE GEO GROUP, INC.",JMLKZZ1NL2Z6,3JMR1,210882.39,833449.72,845956.19,2016-05-01,2020-04-30,2020-04-30,BORDER ENFORCEMENT CONTRACTING DIVISION,US BORDER PATROL,NOT COMPETED UNDER SAP,1,SIMPLIFIED ACQUISITION,HSBP1016Q0062,X1FF,LEASE/RENTAL OF PENAL FACILITIES,922140,CORRECTIONAL INSTITUTIONS,IGF::OT::IGF - OY1 DETENTION SPACE FOR RGV SECTOR,IGF::OT::IGF - DETENTION SPACE,https://www.usaspending.gov/award/CONT_AWD_HSBP1016P00277_7014_-NONE-_-NONE-
696fc83fb735bffb18fc4a3e32da73e3e710d320ceb1a179100873f3a4e73cef,ICE,Trump_I,ICE detention services,2017-05-02,HSCEDM17J00017,HSCEDM12D00001,Delivery Order,0,no,"THE GEO GROUP, INC.",JMLKZZ1NL2Z6,3JMR1,28000.00,70811.24,70811.24,2017-05-02,2017-06-12,2018-05-03,DETENTION COMPLIANCE AND REMOVALS,,Full And Open Competition,,Negotiated Proposal/Quote,,S206,Guard Services,561210,Facilities Support Services,IGF::OT::IGF DETENTION SERVICES AT THE SOUTH TEXAS DETENTION CENTER,DETENTION SERVICES AT THE SOUTH TEXAS DETENTION CENTER,https://www.usaspending.gov/award/CONT_AWD_HSCEDM17J00017_7012_HSCEDM12D00001_7012
4fc445d92da2cf844e02e68440c25431f9efce55bd9c24e031bd19163dbb418f,ICE,Trump_I,ICE detention services,2017-05-09,HSCEDM16J00017,HSCEDM14A00001,BPA Call,P00008,yes,"THE GEO GROUP, INC.",JMLKZZ1NL2Z6,3JMR1,-123265.52,5244682.16,5244682.16,2016-04-01,2017-03-31,2017-06-08,DETENTION COMPLIANCE AND REMOVALS,,Competed Under Simplified Acquisition Procedures,1,Simplified Acquisition,,S206,Guard Services,922140,Correctional Institutions ,IGF::CT::IGF GEO GROUP INC. DETENTION SERVICES,IGF::CT::IGF RIO GRANDE DETENTION CENTER,https://www.usaspending.gov/award/CONT_AWD_HSCEDM16J00017_7012_HSCEDM14A00001_7012
0e53b2c85f93d181e714715873e138fe3bc5a7afacd4667e3ddd7a626c5fbe6f,ICE,Trump_I,ICE detention services,2017-05-10,HSCEDM17J00018,HSCEDM17D00009,Delivery Order,0,no,"THE GEO GROUP, INC.",JMLKZZ1NL2Z6,3JMR1,600.00,600.00,600.00,2017-05-10,2018-04-11,2018-04-11,DETENTION COMPLIANCE AND REMOVALS,,Full And Open Competition,3,Negotiated Proposal/Quote,,S206,Guard Services,561210,Facilities Support Services,IGF::CT::IGF HOUSTON DETENTION FACILITY,HOUSTON DETENTION FACILITY,https://www.usaspending.gov/award/CONT_AWD_HSCEDM17J00018_7012_HSCEDM17D00009_7012
acb75799cc171625cf38946498ecaa3d07d37ef836218098f2b2f541e8b69d0c,ICE,Trump_I,ICE detention services,2017-05-10,HSCEDM17J00018,HSCEDM17D00009,Delivery Order,P00001,yes,"THE GEO GROUP, INC.",JMLKZZ1NL2Z6,3JMR1,0.00,600.00,600.00,2017-05-10,2018-04-11,2018-04-11,DETENTION COMPLIANCE AND REMOVALS,,Full And Open Competition,3,Negotiated Proposal/Quote,,S206,Guard Services,561210,Facilities Support Services,HOUSTON DETENTION FACILITY,HOUSTON DETENTION FACILITY,https://www.usaspending.gov/award/CONT_AWD_HSCEDM17J00018_7012_HSCEDM17D00009_7012
ebfd2564c9ff76b9aafd1e1af0061d947460c57892b8ee9b366daebc5490a364,ICE,Trump_I,ICE other/unresolved,2017-05-12,HSCEDM16J00044,HSCEDM15D00008,Delivery Order,P00006,yes,"GEO CARE SERVICES, LLC",G6XJKMJUNB91,7D4M5,209896.95,1911358.29,1911358.29,2016-09-16,2021-03-20,2021-03-20,DETENTION COMPLIANCE AND REMOVALS,,Full And Open Competition,,Negotiated Proposal/Quote,HSCEDM15R00008,G099,Other Social Services,624190,Other Individual and Family Services ,IGF::CT::IGF,IGF::CT::IGF,https://www.usaspending.gov/award/CONT_AWD_HSCEDM16J00044_7012_HSCEDM15D00008_7012
d7d207c4527ce4c74dc319e43106fcacd781ce730d88fd11396ab50fa5f2e6c3,ICE,Trump_I,ICE other/unresolved,2017-05-12,HSCEDM16J00046,HSCEDM15D00010,Delivery Order,P00005,yes,"GEO CARE SERVICES, LLC",G6XJKMJUNB91,7D4M5,196619.15,2147276.63,2147276.63,2016-09-16,2021-03-20,2021-03-20,DETENTION COMPLIANCE AND REMOVALS,,Full And Open Competition,,Negotiated Proposal/Quote,,G099,Other Social Services,624190,Other Individual and Family Services ,IGF::CT::IGF,IGF::CT::IGF,https://www.usaspending.gov/award/CONT_AWD_HSCEDM16J00046_7012_HSCEDM15D00010_7012
0236f3ccaa2f772f2db6b57f96f9e15040381e73f9172a67a3fa2ca1cf151437,ICE,Trump_I,ICE family case management,2017-05-12,HSCEDM16J00047,HSCEDM15D00011,Delivery Order,P00005,yes,"GEO CARE SERVICES, LLC",G6XJKMJUNB91,7D4M5,228232.50,2190859.07,2190859.07,2016-09-16,2021-03-20,2021-03-20,DETENTION COMPLIANCE AND REMOVALS,,Full And Open Competition,,Negotiated Proposal/Quote,,G099,Other Social Services,624190,Other Individual and Family Services ,IGF::CT::IGF FAMILY CASE MANAGEMENT SERVICES,IGF::CT::IGF,https://www.usaspending.gov/award/CONT_AWD_HSCEDM16J00047_7012_HSCEDM15D00011_7012
ddf3eccf16196ff22a93474f36d9b0c7c6dec9c6a684f9bc6f0b1f45689be7cc,ICE,Trump_I,ICE other/unresolved,2017-05-12,HSCEDM16J00048,HSCEDM15D00012,Delivery Order,P00005,yes,"GEO CARE SERVICES, LLC",G6XJKMJUNB91,7D4M5,199919.03,1908606.19,1908606.19,2016-09-16,2021-03-20,2021-03-20,DETENTION COMPLIANCE AND REMOVALS,,Full And Open Competition,,Negotiated Proposal/Quote,,G099,Other Social Services,624190,Other Individual and Family Services ,IGF::CT::IGF,IGF::CT::IGF,https://www.usaspending.gov/award/CONT_AWD_HSCEDM16J00048_7012_HSCEDM15D00012_7012
cc5d6bf0ff5af1e43d6df04c13ba7481abcda97ba2d621390f003e8a0d166378,ICE,Trump_I,ICE other/unresolved,2017-05-12,HSCEDM16J00049,HSCEDM15D00013,Delivery Order,P00005,yes,"GEO CARE SERVICES, LLC",G6XJKMJUNB91,7D4M5,209086.28,1956129.30,1956129.30,2016-09-16,2021-03-20,2021-03-20,DETENTION COMPLIANCE AND REMOVALS,,Full And Open Competition,,Negotiated Proposal/Quote,,G099,Other Social Services,624190,Other Individual and Family Services ,IGF::CT::IGF,IGF::CT::IGF,https://www.usaspending.gov/award/CONT_AWD_HSCEDM16J00049_7012_HSCEDM15D00013_7012
2d1f1d99acd23564ab0053c042d6439585729fe41e94a6f87d80a895fe2d6455,ICE,Trump_I,ICE detention services,2017-05-15,HSCEDM16J00004,HSCEDM12D00001,Delivery Order,P00013,yes,"THE GEO GROUP, INC.",JMLKZZ1NL2Z6,3JMR1,-84507.69,52665942.04,52665942.04,2015-11-24,2016-11-30,2017-06-14,DETENTION COMPLIANCE AND REMOVALS,,Full And Open Competition,1,Negotiated Proposal/Quote,,S206,Guard Services,561210,Facilities Support Services,DETENTION SERVICE. IGF::OT::IGF.,DETENTION AND DETENTION RELATED SERVICE. .,https://www.usaspending.gov/award/CONT_AWD_HSCEDM16J00004_7012_HSCEDM12D00001_7012
1fc4a54451293b0b3cacb8e95bde27ef9978ffd581c26f115cff00f90789be00,ICE,Trump_I,ICE ISAP/electronic monitoring,2017-05-16,HSCEDM16J00039,HSCEDM14D00004,Delivery Order,P00009,yes,B.I. INCORPORATED,PKK6L9KLMYR5,3CUH9,10000000.00,107217703.18,107217703.18,2016-09-01,2017-08-31,2017-11-26,DETENTION COMPLIANCE AND REMOVALS,,Full And Open Competition,,Negotiated Proposal/Quote,,R408,Program Management/Support Services,561210,Facilities Support Services,IGF::CT::IGF INTENSIVE SUPERVISION APPEARANCE PROGRAM (ISAP III) FOR ALTERNATIVES TO DETENTION,IGF::CT::IGF INTENSIVE SUPERVISION APPEARANCE PROGRAM (ISAP III) FOR ALTERNATIVES TO DETENTION,https://www.usaspending.gov/award/CONT_AWD_HSCEDM16J00039_7012_HSCEDM14D00004_7012
69aadf218773437d1051223e41d6873e1c8a706a4bb9bd453b4c82e3c79cb1b6,ICE,Trump_I,ICE detention services,2017-05-17,HSCEDM16J00042,HSCEDM11D00003,Delivery Order,P00006,yes,"THE GEO GROUP, INC.",JMLKZZ1NL2Z6,3JMR1,3083635.54,30675602.15,30675602.15,2016-09-16,2017-09-15,2017-09-15,DETENTION COMPLIANCE AND REMOVALS,,Full And Open Competition,,Negotiated Proposal/Quote,,S206,Guard Services,561210,Facilities Support Services,"IGF::CT::IGF CONTRACT DETENTION FACILITY, AURORA, COLORADO","CONTRACT DETENTION FACILITY, AURORA, COLORADO

IGF::CT::IGF",https://www.usaspending.gov/award/CONT_AWD_HSCEDM16J00042_7012_HSCEDM11D00003_7012
72065fe279cf22fe0bdffbef466f4ea40ee6d77f11af0797af8d6a183797cef6,ICE,Trump_I,ICE detention services,2017-05-17,HSCEDM17F00001,HSODT6C0002,Delivery Order,P00002,yes,"THE GEO GROUP, INC.",JMLKZZ1NL2Z6,3JMR1,1550.34,17356.68,17356.68,2017-01-01,2017-11-14,2017-11-14,DETENTION MANAGEMENT LAGUNA,,Full And Open Competition,,Negotiated Proposal/Quote,,S206,Guard Services,561612,Security Guards and Patrol Services ,"IGF::CL::IGF DETENTION SERVICES AT THE WESTERN REGION DETENTION FACILITY IN SAN DIEGO, CA","
DETENTION SERVICES AT THE WESTERN REGION DETENTION FACILITY IN SAN DIEGO, CA",https://www.usaspending.gov/award/CONT_AWD_HSCEDM17F00001_7012_HSODT6C0002_7012
07bcb15a577876441458964b06f8cf106a12c7c5b6ab8c44e868cf8a281ad177,ICE,Trump_I,ICE detention services,2017-05-22,HSCEDM16J00052,HSCEDM15D00015,Delivery Order,P00006,yes,"THE GEO GROUP, INC.",JMLKZZ1NL2Z6,3JMR1,5085205.88,61117009.31,61117009.31,2016-09-28,2017-09-27,2021-02-12,DETENTION COMPLIANCE AND REMOVALS,,Full And Open Competition,,Negotiated Proposal/Quote,,S206,Guard Services,561210,Facilities Support Services,"IGF::CT::IGF DETENTION, TRANSPORTATION AND FOOD SERVICES","DETENTION, TRANSPORTATION AND FOOD SERVICES",https://www.usaspending.gov/award/CONT_AWD_HSCEDM16J00052_7012_HSCEDM15D00015_7012
177c403460af658762044d064f6dc1dfc35d019a20dd2ffa43db4c7451620877,ICE,Trump_I,ICE detention services,2017-05-26,HSCEDM17J00017,HSCEDM12D00001,Delivery Order,P00001,yes,"THE GEO GROUP, INC.",JMLKZZ1NL2Z6,3JMR1,58000.00,70811.24,70811.24,2017-05-02,2017-06-12,2018-05-03,DETENTION COMPLIANCE AND REMOVALS,,Full And Open Competition,,Negotiated Proposal/Quote,,S206,Guard Services,561210,Facilities Support Services,IGF::OT::IGF DETENTION SERVICES AT THE SOUTH TEXAS DETENTION CENTER,DETENTION SERVICES AT THE SOUTH TEXAS DETENTION CENTER,https://www.usaspending.gov/award/CONT_AWD_HSCEDM17J00017_7012_HSCEDM12D00001_7012
af061287bab010ecfac7c6e6cd57ff21b2887289621e02484a73653e794eb7f7,ICE,Trump_I,ICE other/unresolved,2017-05-31,ACB00200301CACB2D0055ACB2C0006,ACB2C0006,Delivery Order,XXX9,yes,"THE GEO GROUP, INC.",JMLKZZ1NL2Z6,3JMR1,0.00,950000.00,0.00,2003-01-15,2003-09-15,2003-09-15,INVESTIGATIONS AND OPERATIONS SUPPORT DALLAS,,Not Competed,1,,,S206,Guard Services,561612,Security Guards and Patrol Services ,DHS BULK CLOSE OUT,DHS BULK CLOSE OUT,https://www.usaspending.gov/award/CONT_AWD_ACB00200301CACB2D0055ACB2C0006_7012_ACB2C0006_1528
128663088c5872b3d2fc994087a83746da63fbdfca0dcc7c9bad6a0ea4e93e35,ICE,Trump_I,ICE other/unresolved,2017-05-31,ACB00200304BACB2C0005,,Purchase Order,XXX9,yes,"THE GEO GROUP, INC.",JMLKZZ1NL2Z6,3JMR1,0.00,11490930.00,0.00,2003-04-15,2004-03-15,2004-03-15,INVESTIGATIONS AND OPERATIONS SUPPORT DALLAS,,Full And Open Competition,1,,,S206,Guard Services,561612,Security Guards and Patrol Services ,DHS BULK CLOSE OUT,DHS BULK CLOSE OUT,https://www.usaspending.gov/award/CONT_AWD_ACB00200304BACB2C0005_7012_-NONE-_-NONE-
e3e9d187aa84b88fa75c4037c7ef23c67c2bc5f3ac51dd6ba34b4e4eb6db23f9,ICE,Trump_I,ICE other/unresolved,2017-05-31,ACB00200305CACB2D0055ACB2C0006,ACB2C0006,Delivery Order,XXX9,yes,"THE GEO GROUP, INC.",JMLKZZ1NL2Z6,3JMR1,0.00,753954.00,0.00,2003-05-15,2003-09-15,2003-09-15,INVESTIGATIONS AND OPERATIONS SUPPORT DALLAS,,Not Competed,1,,,S206,Guard Services,561612,Security Guards and Patrol Services ,DHS BULK CLOSE OUT,DHS BULK CLOSE OUT,https://www.usaspending.gov/award/CONT_AWD_ACB00200305CACB2D0055ACB2C0006_7012_ACB2C0006_1528
a38307120e60ce1eb077f5eb8db0e142e0d83766feb8703b798f473d4bb45145,ICE,Trump_I,ICE other/unresolved,2017-05-31,ACL00200304CACL3D0158ACL2C0005,ACL2C0005,Delivery Order,XXX9,yes,CORRECTIONAL SERVICES CORPORATION,LTXHRJ986LF3,3KGQ1,0.00,4475335.00,0.00,2003-04-15,2004-01-15,2004-01-15,INVESTIGATIONS AND OPERATIONS SUPPORT DALLAS,,Full And Open Competition,1,,,S206,Guard Services,561612,Security Guards and Patrol Services ,DHS BULK CLOSE OUT,DHS BULK CLOSE OUT,https://www.usaspending.gov/award/CONT_AWD_ACL00200304CACL3D0158ACL2C0005_7012_ACL2C0005_7012
5b2a97aa04ff4a9cf8d4b3d69fc29f77eac0be342aafeff2fac31205b009cc52,ICE,Trump_I,ICE detention services,2017-05-31,HSACB2C0005HSCSAL4D0208,ACB2C0005,Delivery Order,XXX9,yes,"THE GEO GROUP, INC.",JMLKZZ1NL2Z6,3JMR1,0.00,74984.82,74984.82,2004-07-01,2005-03-31,2009-03-31,INVESTIGATIONS AND OPERATIONS SUPPORT DALLAS,,Non-Competitive Delivery Order,1,,,S206,Guard Services,,,DHS BULK CLOSE OUT,DETENTION FACILITY AND CUSTODY SERVICES,https://www.usaspending.gov/award/CONT_AWD_HSACB2C0005HSCSAL4D0208_7012_ACB2C0005_1528
105237ca6c152461cf51ccabac6c9fa33ad7d88d632a962a9b86d54cce76df41,ICE,Trump_I,ICE other/unresolved,2017-05-31,HSACL2C0005HSACL4D0102,ACL2C0005,Delivery Order,XXX9,yes,CORRECTIONAL SERVICES CORPORATION,LTXHRJ986LF3,3KGQ1,0.00,1484465.50,1484465.50,2004-01-30,2004-04-30,2004-10-31,INVESTIGATIONS AND OPERATIONS SUPPORT DALLAS,,Not Competed,1,,,S206,Guard Services,,,DHS BULK CLOSE OUT,NOT AVAILABLE,https://www.usaspending.gov/award/CONT_AWD_HSACL2C0005HSACL4D0102_7012_ACL2C0005_7012
9c5ff22d68f9ede053a501c44ccedcea2f67be2680a52a5c4cca7e6fb54e1220,ICE,Trump_I,ICE detention services,2017-05-31,HSACL4D0102,ACL2C0005,Delivery Order,XXX9,yes,CORRECTIONAL SERVICES CORPORATION,LTXHRJ986LF3,3KGQ1,0.00,0.00,0.00,2004-02-01,2004-04-30,2004-10-31,INVESTIGATIONS AND OPERATIONS SUPPORT DALLAS,,Not Competed,1,,,S206,Guard Services,,,DHS BULK CLOSE OUT,UNARMED GUARD SERVICES,https://www.usaspending.gov/award/CONT_AWD_HSACL4D0102_7012_ACL2C0005_7012
66138d7d298fa23cae339666af08a72492f4193a9e1b3ad85d28ecc58e00589f,ICE,Trump_I,ICE detention services,2017-05-31,HSACL4D0208,ACB2C0005,Delivery Order,XXX9,yes,"THE GEO GROUP, INC.",JMLKZZ1NL2Z6,3JMR1,0.00,684025.20,684025.20,2004-11-01,2005-07-18,2005-07-18,INVESTIGATIONS AND OPERATIONS SUPPORT DALLAS,,,5,Negotiated Proposal/Quote,,S206,Guard Services,,,DHS BULK CLOSE OUT,DETENTION CENTER,https://www.usaspending.gov/award/CONT_AWD_HSACL4D0208_7012_ACB2C0005_1528
7ef971c2704e43529b0abc1ed99b7811e764a57c35a0216c34da939275389423,ICE,Trump_I,ICE detention services,2017-05-31,HSACL4D0226,HSCEAL02C0004,Delivery Order,XXX9,yes,"THE GEO GROUP, INC.",JMLKZZ1NL2Z6,3JMR1,0.00,18329974.89,245462491.93,2004-04-24,2009-04-23,2009-04-23,INVESTIGATIONS AND OPERATIONS SUPPORT DALLAS,,Full And Open Competition After Exclusion Of Sources,1,Negotiated Proposal/Quote,,S206,Guard Services,561612,Security Guards and Patrol Services ,DHS BULK CLOSE OUT,DETENTION FACILITY AND GUARD SERVICES,https://www.usaspending.gov/award/CONT_AWD_HSACL4D0226_7012_HSCEAL02C0004_7012
f4eff2b224f0e411612f6519831664d47d18234983641bb6d4fb4369e70360a6,ICE,Trump_I,ICE detention services,2017-05-31,HSACL5D0002,HSCEAB04C0001,Delivery Order,XXX9,yes,"THE GEO GROUP, INC.",JMLKZZ1NL2Z6,3JMR1,0.00,967141.10,34913676.40,2004-10-01,2005-09-30,2008-09-30,INVESTIGATIONS AND OPERATIONS SUPPORT DALLAS,,Full And Open Competition,4,Negotiated Proposal/Quote,,S206,Guard Services,,,DHS BULK CLOSE OUT,DETENTION SERVICES BROWARD TRANSITIONAL CENTER,https://www.usaspending.gov/award/CONT_AWD_HSACL5D0002_7012_HSCEAB04C0001_7012
d3d54a6bc7c6267db1c65d7853606475a858be8c4f4b001d482540be1a43359e,ICE,Trump_I,ICE detention services,2017-05-31,HSCEAB03C0008,,Definitive Contract,XXX9,yes,"THE GEO GROUP, INC.",JMLKZZ1NL2Z6,3JMR1,0.00,1787229.95,1787229.95,2003-10-01,2004-09-30,2004-09-30,INVESTIGATIONS AND OPERATIONS SUPPORT DALLAS,,Not Available For Competition,1,,,S206,Guard Services,561612,Security Guards and Patrol Services ,DHS BULK CLOSE OUT,DETENTION GUARD SERVICES GTMO CUBA,https://www.usaspending.gov/award/CONT_AWD_HSCEAB03C0008_7012_-NONE-_-NONE-
4e89d139ba514891a8c1f1d43dfea2694644a022f293b31382d79913bdeee851,ICE,Trump_I,ICE detention services,2017-05-31,HSCEAL02C0004HSACL4D0226,HSCEAL02C0004,Delivery Order,XXX9,yes,"THE GEO GROUP, INC.",JMLKZZ1NL2Z6,3JMR1,0.00,11447233.36,11447233.36,2004-04-24,2005-04-23,2009-04-23,INVESTIGATIONS AND OPERATIONS SUPPORT DALLAS,,Full And Open Competition,2,,ACL8R0076,S206,Guard Services,561612,Security Guards and Patrol Services ,DHS BULK CLOSE OUT,DETENTION FACILITY AND GUARD SERVICES,https://www.usaspending.gov/award/CONT_AWD_HSCEAL02C0004HSACL4D0226_7012_HSCEAL02C0004_7012
7d4568bffbfb3543e9014444e56cde71234798b180c77e0546ad6357ca37df0a,ICE,Trump_I,ICE ISAP/electronic monitoring,2017-05-31,HSCEAL04D0270,HSCEAB04C0008,Delivery Order,XXX9,yes,B.I. INCORPORATED,PKK6L9KLMYR5,3CUH9,0.00,4782285.91,63184073.00,2004-10-01,2009-06-20,2009-06-20,INVESTIGATIONS AND OPERATIONS SUPPORT DALLAS,,Full And Open Competition,3,Negotiated Proposal/Quote,,G099,Other Social Services,624190,Other Individual and Family Services ,DHS BULK CLOSE OUT,INTENSIVE SUPERVISION PROGRAM,https://www.usaspending.gov/award/CONT_AWD_HSCEAL04D0270_7012_HSCEAB04C0008_7012
6038c99f0f570e01e2130702314a7eb1b5b303a6f5be5e61de7845fffe15b36d,ICE,Trump_I,ICE ISAP/electronic monitoring,2017-05-31,HSCECR09J00040,HSCECR09D00002,Delivery Order,XXX9,yes,B.I. INCORPORATED,PKK6L9KLMYR5,3CUH9,0.00,33817879.73,33817879.73,2009-07-20,2010-11-05,2015-11-28,DETENTION COMPLIANCE AND REMOVALS,,Full And Open Competition,1,Negotiated Proposal/Quote,HSCECR09R00004,R408,Program Management/Support Services,561210,Facilities Support Services,DHS BULK CLOSE OUT,ISAP II - ANNUAL TASK ORDER - BASE YEAR SERVICES (07/20/2009 - 07/19/2010) - CONTRACT HSCECR-09-D-00002,https://www.usaspending.gov/award/CONT_AWD_HSCECR09J00040_7012_HSCECR09D00002_7012
f88e3a20e1a6ac9ea4996aec5d6771a814324c2f4e01598833cee7faaff8e6f6,ICE,Trump_I,ICE other/unresolved,2017-05-31,HSCECR09P00021,,Purchase Order,XXX9,yes,"CORNELL COMPANIES, INC.",TLDCDE29G781,3MTH6,0.00,300.00,300.00,2008-09-27,2009-08-31,2009-08-31,DETENTION COMPLIANCE AND REMOVALS,,Not Competed,1,Simplified Acquisition,,X291,Lease/Rental of Recreation Facilities (Non-Building),713990,All Other Amusement and Recreation Industries ,DHS BULK CLOSE OUT,FIRING RANGE FACILITIES LEASE TO MEET MANDATORY WEAPONS QUALIFICATIONS.,https://www.usaspending.gov/award/CONT_AWD_HSCECR09P00021_7012_-NONE-_-NONE-
92ae4394557351d9986a164cd12d316cbd2b4cbc86b9718303af539360ceaf43,ICE,Trump_I,ICE other/unresolved,2017-05-31,HSCECR09P00123,,Purchase Order,XXX9,yes,"CORNELL COMPANIES, INC.",TLDCDE29G781,3MTH6,0.00,300.00,300.00,2009-08-25,2010-08-31,2010-08-31,DETENTION COMPLIANCE AND REMOVALS,,Not Competed Under Simplified Acquisition Procedures,1,Simplified Acquisition,HSCECR09Q00104,X291,Lease/Rental of Recreation Facilities (Non-Building),713990,All Other Amusement and Recreation Industries ,DHS BULK CLOSE OUT,FIRING RANGE USAGE,https://www.usaspending.gov/award/CONT_AWD_HSCECR09P00123_7012_-NONE-_-NONE-
8697755928e78a8f51409c6bac1d82c71fd9ace3442d40fc5cd2201951dab6a2,ICE,Trump_I,ICE ISAP/electronic monitoring,2017-05-31,HSCECR12J00001,HSCECR09D00002,Delivery Order,XXX9,yes,B.I. INCORPORATED,PKK6L9KLMYR5,3CUH9,0.00,40201510.99,77846324.68,2011-11-06,2012-11-05,2015-11-14,DETENTION COMPLIANCE AND REMOVALS,,Full And Open Competition,3,Negotiated Proposal/Quote,HSCECR09R00004,R408,Program Management/Support Services,561210,Facilities Support Services,DHS BULK CLOSE OUT,"ISAP II CONTRACT (HSCECR-09-D-00002)
OPTION YEAR 2 TASK ORDER (HSCECR-12-J-00001)",https://www.usaspending.gov/award/CONT_AWD_HSCECR12J00001_7012_HSCECR09D00002_7012
8f2f0223b485b45c19722d801d0d18f7976f55e2ff082de5f7798ad70d01ed36,ICE,Trump_I,ICE ISAP/electronic monitoring,2017-05-31,HSCECR13J00001,HSCECR09D00002,Delivery Order,XXX9,yes,B.I. INCORPORATED,PKK6L9KLMYR5,3CUH9,0.00,36663316.84,72383441.50,2012-10-23,2013-11-05,2014-09-11,DETENTION COMPLIANCE AND REMOVALS,,Full And Open Competition,3,Negotiated Proposal/Quote,HSCECR09R00004,R408,Program Management/Support Services,561210,Facilities Support Services,IGF::OT::IGF DHS BULK CLOSE OUT,"ISAP II CONTRACT HSCECR-09-D-0002
OY 3 TASK ORDER HSCECR-13-J-0001
POP: 11/06/2012-11/05/2013",https://www.usaspending.gov/award/CONT_AWD_HSCECR13J00001_7012_HSCECR09D00002_7012
02fdf86ba5baed459e1a6935d350d8a46c5fdc58c3c7b4742844fca8f8b8a2e0,ICE,Trump_I,ICE ISAP/electronic monitoring,2017-05-31,HSCECR13J00026,HSCECR09D00002,Delivery Order,XXX9,yes,B.I. INCORPORATED,PKK6L9KLMYR5,3CUH9,0.00,21323560.42,21323560.42,2013-09-20,2014-11-05,2015-09-20,DETENTION COMPLIANCE AND REMOVALS,,Full And Open Competition,3,Negotiated Proposal/Quote,,R408,Program Management/Support Services,561210,Facilities Support Services,IGF::OT::IGF DHS BULK CLOSE OUT,"ISAP II CONTRACT HSCECR-09-D-0002
TASK ORDER HSCECR-13-J-0026
POP: 09/21/2013 - 09/20/2014 
",https://www.usaspending.gov/award/CONT_AWD_HSCECR13J00026_7012_HSCECR09D00002_7012
0011e89880299c506e6f5bdc528c8eadc833a78b1e61b38c7faae382bf2d95ba,ICE,Trump_I,ICE ISAP/electronic monitoring,2017-05-31,HSCECR14J00001,HSCECR09D00002,Delivery Order,XXX9,yes,B.I. INCORPORATED,PKK6L9KLMYR5,3CUH9,0.00,29040817.10,29040817.10,2014-01-09,2014-11-05,2016-03-09,DETENTION COMPLIANCE AND REMOVALS,,Full And Open Competition,3,Negotiated Proposal/Quote,HSCECR09R00004,R408,Program Management/Support Services,561210,Facilities Support Services,IGF::OT::IGF DHS BULK CLOSE OUT,"ISAP II CONTRACT HSCECR-09-D-0002
TASK ORDER HSCECR-14-J-00001
",https://www.usaspending.gov/award/CONT_AWD_HSCECR14J00001_7012_HSCECR09D00002_7012
4ba616c3810891cb78863d42f7037d23cdc07de33789c02b1ca6d51965683aaa,ICE,Trump_I,ICE detention services,2017-05-31,HSCEDM08F00007,HSODT6C0002,Delivery Order,XXX9,yes,"THE GEO GROUP, INC.",JMLKZZ1NL2Z6,3JMR1,0.00,21168.00,21168.00,2008-01-06,2009-01-05,2009-01-05,DETENTION MANAGEMENT LAGUNA,,Full And Open Competition,1,Negotiated Proposal/Quote,,S206,Guard Services,561612,Security Guards and Patrol Services ,DHS BULK CLOSE OUT,DETENTION SERVICE,https://www.usaspending.gov/award/CONT_AWD_HSCEDM08F00007_7012_HSODT6C0002_7012
44ec9bf506ae89ab409168b86f0ae8e25eef9cdcf572bc9e4bc058aaadcd5444,ICE,Trump_I,ICE detention services,2017-05-31,HSCEDM08J00019,HSCEAB04C0001,Delivery Order,XXX9,yes,"THE GEO GROUP, INC.",JMLKZZ1NL2Z6,3JMR1,0.00,15386529.31,15386529.31,2007-09-15,2009-03-31,2009-03-31,DETENTION MANAGEMENT LAGUNA,,Full And Open Competition,6,Negotiated Proposal/Quote,,S206,Guard Services,,,DHS BULK CLOSE OUT,DETENTION SERVICES,https://www.usaspending.gov/award/CONT_AWD_HSCEDM08J00019_7012_HSCEAB04C0001_7012
a1813ac8500adb72a82b88d5f62fe9b4ea4e7be4655c8d1bcb068f4a1c37f8b3,ICE,Trump_I,ICE other/unresolved,2017-05-31,HSCEDM08J00052,HSCEOP07C00001,Delivery Order,XXX9,yes,"THE GEO GROUP, INC.",JMLKZZ1NL2Z6,3JMR1,0.00,3213672.00,3213672.00,2008-03-18,2008-09-30,2008-09-30,DETENTION MANAGEMENT LAGUNA,,Full And Open Competition After Exclusion Of Sources,1,Negotiated Proposal/Quote,,S206,Guard Services,561612,Security Guards and Patrol Services ,DHS BULK CLOSE OUT,PROVIDE FULL FY 08 FUNDING FOR GITMO,https://www.usaspending.gov/award/CONT_AWD_HSCEDM08J00052_7012_HSCEOP07C00001_7012
2652b24c4a4cd60168132ade85b374271eff1c7108c57818cb450a799b04438e,ICE,Trump_I,ICE detention services,2017-05-31,HSCEDM08J00055,HSACD4C0001,Delivery Order,XXX9,yes,"THE GEO GROUP, INC.",JMLKZZ1NL2Z6,3JMR1,0.00,37855604.90,37855604.90,2007-10-01,2009-06-25,2009-06-25,DETENTION MANAGEMENT LAGUNA,,Competitive Delivery Order,1,Negotiated Proposal/Quote,,S206,Guard Services,561612,Security Guards and Patrol Services ,DHS BULK CLOSE OUT,"ESTIMATED COST OF CONTRACT DETENTION FACILITY FOR ADULT GUARANTEED HOUSING OF DETAINEES FOR THE PREIOD OF 10/01/07-11/16/07. REQUISITION INQURIES TO AFODM, MARCOS REYNA AT 210-967-7002",https://www.usaspending.gov/award/CONT_AWD_HSCEDM08J00055_7012_HSACD4C0001_7012
e7c524a6af137afe02fbe6cfeb1b60b5624b36ca6ee03fd846e4c7896d6a2400,ICE,Trump_I,ICE other/unresolved,2017-05-31,HSCEDM08J00073,HSCEAL02C0004,Delivery Order,XXX9,yes,"THE GEO GROUP, INC.",JMLKZZ1NL2Z6,3JMR1,0.00,35551629.52,37426815.53,2008-04-24,2009-04-23,2009-04-23,DETENTION MANAGEMENT LAGUNA,,Full And Open Competition,2,Negotiated Proposal/Quote,,M199,Operation of Miscellaneous Buildings,561612,Security Guards and Patrol Services ,DHS BULK CLOSE OUT,TASK ORDER FOR FOURTH OPTION YEAR ON CONTRACT ACL2C0004,https://www.usaspending.gov/award/CONT_AWD_HSCEDM08J00073_7012_HSCEAL02C0004_7012
118e22bf1d718a8665035d8de53ad75042ecb1d5fc84354dd71bcdf6ef3a91d5,ICE,Trump_I,ICE detention services,2017-05-31,HSCEDM09F00001,HSACD4C0001,Delivery Order,XXX9,yes,"THE GEO GROUP, INC.",JMLKZZ1NL2Z6,3JMR1,0.00,46787683.88,46787683.88,2008-06-19,2009-09-30,2009-09-30,DETENTION MANAGEMENT LAGUNA,,Competitive Delivery Order,1,Negotiated Proposal/Quote,,S206,Guard Services,561612,Security Guards and Patrol Services ,DHS BULK CLOSE OUT,"ESTIMATED COST OF CONTRACT DETENTION FACILITY FOR ""GUARANTEED AND OVERAGES"" FOR DETAINEES FOR THE PERIOD OF 10/01/08-09/30/09. INQUIRIES TO AFOD MARCOS REYNA, 210-967-7002.",https://www.usaspending.gov/award/CONT_AWD_HSCEDM09F00001_7012_HSACD4C0001_7012
39aa750f1adf49258082272a3faebcd24e0f0b0bb72b76c58b90449c29c63abd,ICE,Trump_I,ICE other/unresolved,2017-05-31,HSCEDM09F00004,HSCEOP07C00001,Delivery Order,XXX9,yes,"THE GEO GROUP, INC.",JMLKZZ1NL2Z6,3JMR1,0.00,0.00,0.00,2008-09-16,2009-09-30,2009-09-30,DETENTION MANAGEMENT LAGUNA,,Full And Open Competition After Exclusion Of Sources,1,Negotiated Proposal/Quote,,S206,Guard Services,561612,Security Guards and Patrol Services ,DHS BULK CLOSE OUT,"PROVIDE FY 2009 SUBJECT TO THE AVAILABILITY OF FUNDS FOR THE GEO GROUP, INC. TO MANAGE/OPERATE THE MIGRANT OPERATIONS CENTER IN GUANTANAMO BAY, CUBA UNDER OPTION PERIOD II OF CONTRACT HSCEOP-07-C-00001 AND TASK ORDER HSCEDM-08-J-00052.",https://www.usaspending.gov/award/CONT_AWD_HSCEDM09F00004_7012_HSCEOP07C00001_7012
aa363378089d9a7279b342c8507393c196b10c85cf06afc064dad31f129d8fb6,ICE,Trump_I,ICE detention services,2017-05-31,HSCEDM09F00005,HSCEOP06D00010,Delivery Order,XXX9,yes,"THE GEO GROUP, INC.",JMLKZZ1NL2Z6,3JMR1,0.00,17233377.70,17233377.71,2008-09-17,2010-05-31,2010-05-31,DETENTION MANAGEMENT LAGUNA,,Full And Open Competition,1,Negotiated Proposal/Quote,,S206,Guard Services,561210,Facilities Support Services,DHS BULK CLOSE OUT,"FUNDING AS PRESCRIBED ON TERMS OF CDF CONTRACT #HSCEOP-06-D-00010.
EXISTING DETENTION SPACE IS NEEDED TO HOUSE KNOWN ALIEN FELONS FOR REMOVAL PROCEEDINGS.",https://www.usaspending.gov/award/CONT_AWD_HSCEDM09F00005_7012_HSCEOP06D00010_7012
58f15e4680bf021f40751feb8f64594883db96e935b2fc53db9bd75c1733538a,ICE,Trump_I,ICE other/unresolved,2017-05-31,HSCEDM09J00029,HSCEOP07C00001,Delivery Order,XXX9,yes,"THE GEO GROUP, INC.",JMLKZZ1NL2Z6,3JMR1,0.00,6253286.79,6253286.79,2009-02-13,2010-09-30,2010-09-30,DETENTION MANAGEMENT LAGUNA,,Not Competed,1,Sole Source,,S206,Guard Services,561612,Security Guards and Patrol Services ,DHS BULK CLOSE OUT,"PROVIDE FY 2009 FUNIDNG TO THE GEO GROUP, INC. TO MANGE.OPERATE THE MIGRANT OPERATIONS CENTER IN GUANTANAMO BAY, CUBA UNDER OPTION PERIOD II OF CONTRACT HSCEOP-07-C-00001. THE FY 2008 TASK ORDER WAS HSCEDM-08-J-00052.",https://www.usaspending.gov/award/CONT_AWD_HSCEDM09J00029_7012_HSCEOP07C00001_7012
7b26a748a36281ccda4ab623d3914fe8081015bc0c38a8cb982fd0b0d93d41dd,ICE,Trump_I,ICE other/unresolved,2017-05-31,HSCEDM09J00032,HSCEAL02C0004,Delivery Order,XXX9,yes,"THE GEO GROUP, INC.",JMLKZZ1NL2Z6,3JMR1,0.00,17943043.88,20331630.63,2009-04-24,2009-04-23,2009-07-23,DETENTION MANAGEMENT LAGUNA,,Full And Open Competition,1,Negotiated Proposal/Quote,,M199,Operation of Miscellaneous Buildings,561612,Security Guards and Patrol Services ,DHS BULK CLOSE OUT,"6 MONTH EXTENSION FOR TACOMA, WA",https://www.usaspending.gov/award/CONT_AWD_HSCEDM09J00032_7012_HSCEAL02C0004_7012
fb5db85e8fee36f11887a0d42d61ba7118efcc5939f7dff0ed4a35562d8c87ee,ICE,Trump_I,ICE other/unresolved,2017-05-31,HSCEDM09J00036,HSCEDM09D00006,Delivery Order,XXX9,yes,"THE GEO GROUP, INC.",JMLKZZ1NL2Z6,3JMR1,0.00,10561372.29,10561372.29,2009-04-22,2010-02-28,2010-02-28,DETENTION MANAGEMENT LAGUNA,,Follow On To Competed Action,1,Sole Source,HSCEDM09R00005,S206,Guard Services,561621,Security Systems Services (except Locksmiths) ,DHS BULK CLOSE OUT,"TO PROVIDE FUNDING FOR THE BROWARD TRANSITIONAL CENTER NEW CONTRACT. PERIOD OF PERFORMANCE IS APRIL 1, 2009 TO MARCH 31, 2010.",https://www.usaspending.gov/award/CONT_AWD_HSCEDM09J00036_7012_HSCEDM09D00006_7012
42296d8ccf077f31272a76e3b58cd3ee960bc24607eed00f4c408c0b9d3075b7,ICE,Trump_I,ICE detention services,2017-05-31,HSCEDM10F00001,HSACD4C0001,Delivery Order,XXX9,yes,"THE GEO GROUP, INC.",JMLKZZ1NL2Z6,3JMR1,0.00,49000464.26,49000464.26,2009-06-15,2010-12-25,2010-12-25,DETENTION MANAGEMENT LAGUNA,,Competitive Delivery Order,1,Negotiated Proposal/Quote,,S206,Guard Services,561612,Security Guards and Patrol Services ,DHS BULK CLOSE OUT,"FUNDS NECESSARY FOR DETAINEE HOUSING, TRANSPORTATION, MILK, AND WAGES FOR THE PERIOD OF 10/01/09 THRU 9/30/2010 AT THE SOUTH TEXAS DETENTION COMPLEX.",https://www.usaspending.gov/award/CONT_AWD_HSCEDM10F00001_7012_HSACD4C0001_7012
f5bd4a91ff3c1483af68265a224e239cb9b9c93105351de08c40bc659ca5c345,ICE,Trump_I,ICE other/unresolved,2017-05-31,HSCEDM10F00010,HSCEOP06D00010,Delivery Order,XXX9,yes,"THE GEO GROUP, INC.",JMLKZZ1NL2Z6,3JMR1,0.00,9527848.07,9527848.08,2009-09-21,2010-09-30,2010-09-30,DETENTION MANAGEMENT LAGUNA,,Full And Open Competition,1,Negotiated Proposal/Quote,,S206,Guard Services,561210,Facilities Support Services,DHS BULK CLOSE OUT,"NEW TASK ORDER FOR CONTRACT # HSCEOP06D00010
REMAINDER OF OPTION PERIOD 3, PERFORMANCE PERIOD: 10/1/2009 - 5/31/10
SUBJECT TO AVAILABILITY OF FY10 FUNDS - PRIOR YEAR ORDER # HSCEDM09F00005",https://www.usaspending.gov/award/CONT_AWD_HSCEDM10F00010_7012_HSCEOP06D00010_7012
bc25d7bb7d70c9219b28896b05fd89d73def552c670c131e7717a6c2c1745578,ICE,Trump_I,ICE detention services,2017-05-31,HSCEDM10F00016,HSODT6C0002,Delivery Order,XXX9,yes,"THE GEO GROUP, INC.",JMLKZZ1NL2Z6,3JMR1,0.00,7938.00,7938.00,2010-01-06,2011-01-05,2011-01-05,DETENTION MANAGEMENT LAGUNA,,Full And Open Competition,3,Negotiated Proposal/Quote,,S206,Guard Services,561612,Security Guards and Patrol Services ,DHS BULK CLOSE OUT,"RENEWAL OF WEEKEND/OVERNIGHT BEDSPACE IS REQUIRED TO HOUSE DETAINEES UNTIL RELEASED TO ICE/DRO.
FUNDING COVERS: 01/06/2010 - 03/05/2010",https://www.usaspending.gov/award/CONT_AWD_HSCEDM10F00016_7012_HSODT6C0002_7012
5a7cb482047b7720fc4d805b62f2ae4e2a47ab9a48eaebb373d8ad02f090a543,ICE,Trump_I,ICE other/unresolved,2017-05-31,HSCEDM10J00030,HSCEOP06D00010,Delivery Order,XXX9,yes,"THE GEO GROUP, INC.",JMLKZZ1NL2Z6,3JMR1,0.00,22215598.61,23268643.30,2010-06-01,2011-09-15,2011-09-15,DETENTION MANAGEMENT LAGUNA,,Full And Open Competition,1,Negotiated Proposal/Quote,,S206,Guard Services,561210,Facilities Support Services,DHS BULK CLOSE OUT,INCREMENTALFUNDING FOR OPTION YEAR FOUR OF THE BASIC CONTRACT (JUNE-SEPTEMBER 2010),https://www.usaspending.gov/award/CONT_AWD_HSCEDM10J00030_7012_HSCEOP06D00010_7012
0f1bc462bae3d6d624dd4d86b360b90f4e8837b1e1cd4632be1c863515d7d26c,ICE,Trump_I,ICE detention services,2017-05-31,HSCEDM10P00106,,Purchase Order,XXX9,yes,"CORNELL COMPANIES, INC.",TLDCDE29G781,3MTH6,0.00,540.54,540.54,2010-02-26,2010-03-23,2010-03-23,DETENTION MANAGEMENT LAGUNA,,Full And Open Competition,1,Negotiated Proposal/Quote,,S206,Guard Services,561210,Facilities Support Services,DHS BULK CLOSE OUT,"PROVIDE FUNDS FOR HOUSING OF DETAINEES FROM BIG SPRING, TX DUE TO INCLEMENT WEATHER",https://www.usaspending.gov/award/CONT_AWD_HSCEDM10P00106_7012_-NONE-_-NONE-
fd1fa072e9b51c08d98cba2f8721a49ea5b901712f13ae48247cad9ef36a68c3,ICE,Trump_I,ICE other/unresolved,2017-05-31,HSCEDM11F00006,HSCEOP07C00001,Delivery Order,XXX9,yes,"THE GEO GROUP, INC.",JMLKZZ1NL2Z6,3JMR1,0.00,2627428.82,2627428.82,2010-10-01,2012-03-31,2012-03-31,DETENTION MANAGEMENT LAGUNA,,Full And Open Competition After Exclusion Of Sources,2,Negotiated Proposal/Quote,,S206,Guard Services,561612,Security Guards and Patrol Services ,DHS BULK CLOSE OUT,FY 11 TASK ORDER FOR CONTRACT HSCEOP-07-C-00001,https://www.usaspending.gov/award/CONT_AWD_HSCEDM11F00006_7012_HSCEOP07C00001_7012
b9498357c91d42b050a303779d7fb596e99777b584bbac54c20eeba53a1cb8c3,ICE,Trump_I,ICE other/unresolved,2017-05-31,HSCEDM11P00068,,Purchase Order,XXX9,yes,"CORNELL COMPANIES, INC.",TLDCDE29G781,3MTH6,0.00,503.82,503.82,2011-02-02,2011-02-03,2011-02-03,DETENTION MANAGEMENT LAGUNA,,Competed Under Simplified Acquisition Procedures,1,Simplified Acquisition,,X161,Lease/Rental of Family Housing Facilities,531110,Lessors of Residential Buildings and Dwellings ,DHS BULK CLOSE OUT,FUNDING FOR EMERGENCY SITUATION DUE TO INCLEMENT WEATHER,https://www.usaspending.gov/award/CONT_AWD_HSCEDM11P00068_7012_-NONE-_-NONE-
38d24c74797dfa85d7995c31fdf8f0cff744bcbdacc9491611554fc5e501dbc3,ICE,Trump_I,ICE detention services,2017-05-31,HSCEDM12J00012,HSCEDM12D00001,Delivery Order,XXX9,yes,"THE GEO GROUP, INC.",JMLKZZ1NL2Z6,3JMR1,0.00,46138862.46,46138862.46,2011-12-26,2012-11-30,2012-11-30,DETENTION MANAGEMENT LAGUNA,,Full And Open Competition,1,Negotiated Proposal/Quote,,S206,Guard Services,561210,Facilities Support Services,DHS BULK CLOSE OUT,REFERENCE SOUTH TEXAS DETENTION COMPLEX CONTRACT HSCEDM-12-D-00001 WITH THE GEO GROUP. TASK ORDER HSCEDM-12-J-00010,https://www.usaspending.gov/award/CONT_AWD_HSCEDM12J00012_7012_HSCEDM12D00001_7012
d56bd0ebcf04c25260846f2ff38e505a8a83e8b0d210c6d2fe0c9e307bf61ca3,ICE,Trump_I,ICE detention services,2017-05-31,HSCEDM12J00062,HSCEDM11D00003,Delivery Order,XXX9,yes,"THE GEO GROUP, INC.",JMLKZZ1NL2Z6,3JMR1,0.00,22340169.48,22352229.26,2012-09-15,2013-09-15,2014-03-15,DETENTION MANAGEMENT LAGUNA,,Full And Open Competition,1,Negotiated Proposal/Quote,HSCEDM11R00002,S206,Guard Services,561210,Facilities Support Services,IGF::CT::IGF DHS BULK CLOSE OUT,"IGF::CT::IGF CRITICAL FUNCTION. DETENTION MANAGMENT, MEDICAL SERVICES, TRANSPORTATION SERVICES, FOOD SERVICES FOR DHS/ICE AUROROA, CO AT GEO GROUP COCA FACILITY.",https://www.usaspending.gov/award/CONT_AWD_HSCEDM12J00062_7012_HSCEDM11D00003_7012
92383647c55e0c6930457227dd0400444fcae7e8b3990102927cdd62162bcae9,ICE,Trump_I,ICE other/unresolved,2017-05-31,HSCEDM13F00019,HSCEDM09D00006,Delivery Order,XXX9,yes,"THE GEO GROUP, INC.",JMLKZZ1NL2Z6,3JMR1,0.00,44711694.51,44711694.51,2013-03-01,2014-12-31,2015-06-26,DETENTION MANAGEMENT LAGUNA,,Full And Open Competition,1,Negotiated Proposal/Quote,,S206,Guard Services,561621,Security Systems Services (except Locksmiths) ,IGF::CT::IGF DHS BULK CLOSE OUT,"FUNDING FOR NEW TASK ORDER TO EXERCISE OPTION YEAR 4 OF CONTRACT HSCEDM-09-D-00006. T/O POP 3/01/2013 TO 02/28/2014. FUNDING POP 3/1/2013 TO 3/31/2013.

IGF::CT::IGF",https://www.usaspending.gov/award/CONT_AWD_HSCEDM13F00019_7012_HSCEDM09D00006_7012
92a2b7a4d148caf4cdf7fa7cc53cbf0f40ed37ca7b8f43cf57e29a748af9f8c5,ICE,Trump_I,ICE detention services,2017-05-31,HSCEDM13J00004,HSCEDM12D00001,Delivery Order,XXX9,yes,"THE GEO GROUP, INC.",JMLKZZ1NL2Z6,3JMR1,0.00,45677434.96,45677434.96,2012-11-26,2013-11-30,2015-08-15,DETENTION MANAGEMENT LAGUNA,,Full And Open Competition,1,Negotiated Proposal/Quote,,S206,Guard Services,561210,Facilities Support Services,IGF::OT::IGF DHS BULK CLOSE OUT,SOUTH TEXAS DETENTION COMPLEX CONTRACT HSCEDM-12-D-00001 WITH THE GEO GROUP. TASK ORDER HSCEDM-13-J-00004.,https://www.usaspending.gov/award/CONT_AWD_HSCEDM13J00004_7012_HSCEDM12D00001_7012
abce468486ceb6d04040c2fa1908f25fb0d457c6be80f6bc063e7187d17b0145,ICE,Trump_I,ICE detention services,2017-05-31,HSCEDM14F00002,HSODT6C0002,Delivery Order,XXX9,yes,"THE GEO GROUP, INC.",JMLKZZ1NL2Z6,3JMR1,0.00,10727.64,10727.64,2014-01-01,2014-12-31,2014-12-31,DETENTION MANAGEMENT LAGUNA,,Full And Open Competition,3,Negotiated Proposal/Quote,,S206,Guard Services,561612,Security Guards and Patrol Services ,IGF::OT::IGF DHS BULK CLOSE OUT,"DETAINEE HOUSING, SAN DIEGO, CA",https://www.usaspending.gov/award/CONT_AWD_HSCEDM14F00002_7012_HSODT6C0002_7012
f06f0ed24381f30df20878830950b97dd572679cd6f9dfb486ffb6a1e886ee2d,ICE,Trump_I,ICE detention services,2017-05-31,HSCEDM14J00008,HSCEDM12D00001,Delivery Order,XXX9,yes,"THE GEO GROUP, INC.",JMLKZZ1NL2Z6,3JMR1,0.00,46037066.14,46037066.14,2013-12-01,2014-11-30,2016-01-13,DETENTION MANAGEMENT LAGUNA,,Full And Open Competition,1,Negotiated Proposal/Quote,,S206,Guard Services,561210,Facilities Support Services,IGF::OT::IGF DHS BULK CLOSE OUT,GEO GROUP CONTRACT HSCEDM-12-D-00001 FOR SOUTH TEXAS DETENTION COMPLEX. TASK ORDER HSCEDM-14-J-00008,https://www.usaspending.gov/award/CONT_AWD_HSCEDM14J00008_7012_HSCEDM12D00001_7012
5aa8a6aebdc4a3c6d5b375d137ff10a596e2bfef276c1dcd5d54e169d17de77f,ICE,Trump_I,ICE detention services,2017-05-31,HSCEDM14J00010,HSCEDM14A00001,BPA Call,XXX9,yes,"THE GEO GROUP, INC.",JMLKZZ1NL2Z6,3JMR1,0.00,6148071.25,7699346.78,2014-01-01,2015-03-31,2015-07-10,DETENTION MANAGEMENT LAGUNA,,Competed Under Simplified Acquisition Procedures,1,Simplified Acquisition,,S206,Guard Services,922140,Correctional Institutions ,IGF::CT::IGF DHS BULK CLOSE OUT,"IGF::CT::IGF
FUNDING FOR RIO GRANDE FACILITY WITH GEO GROUP UNDER DOJ NUMBER ODT-7-C-0003.",https://www.usaspending.gov/award/CONT_AWD_HSCEDM14J00010_7012_HSCEDM14A00001_7012
a7af6580787c1bcbfde28a67feea7a4e65c97bbf17d1c07f257edfabdae3d8de,ICE,Trump_I,ICE detention services,2017-05-31,HSCEDM14P00005,,Purchase Order,XXX9,yes,"CORNELL COMPANIES, INC.",TLDCDE29G781,3MTH6,0.00,8170.71,8170.71,2013-11-25,2014-01-15,2014-01-15,DETENTION MANAGEMENT LAGUNA,,Not Competed,1,Sole Source,,S206,Guard Services,561210,Facilities Support Services,IGF::OT::IGF DHS BULK CLOSE OUT,"USE FACILITIES DUE TO POSSIBLE BAD WEATHER AND SHUTDOWN OF OFFICES IF ICE DOES HIT THE WEST TEXAS AREA AND DFW AREA.
",https://www.usaspending.gov/award/CONT_AWD_HSCEDM14P00005_7012_-NONE-_-NONE-
847265e4d23f5b8d12b374fbe95ece897fe6dd0f818a855df9b7f8c942906f35,ICE,Trump_I,ICE detention services,2017-05-31,HSCEDM15J00017,HSCEDM14A00001,BPA Call,XXX9,yes,"THE GEO GROUP, INC.",JMLKZZ1NL2Z6,3JMR1,0.00,4619592.71,4619592.71,2015-03-30,2016-03-31,2016-07-16,DETENTION MANAGEMENT LAGUNA,,Competed Under Simplified Acquisition Procedures,1,Simplified Acquisition,,S206,Guard Services,922140,Correctional Institutions ,IGF::CT::IGF DHS BULK CLOSE OUT,"IGF::CT::IGF
RIO GRANDE FACILITY WITH GEO GROUP UNDER DOJ NUMBER ODT-7-C-0003. (FY15 TASK ORDER)",https://www.usaspending.gov/award/CONT_AWD_HSCEDM15J00017_7012_HSCEDM14A00001_7012
451f7a309c7e3735c619f6795c562ad1e39ec63fbe7f58de6e641e746f64c78b,ICE,Trump_I,ICE detention services,2017-05-31,HSCEDM15P00017,,Purchase Order,XXX9,yes,"CORNELL COMPANIES, INC.",TLDCDE29G781,3MTH6,0.00,18099.47,18099.47,2014-12-31,2015-03-31,2016-04-08,DETENTION MANAGEMENT LAGUNA,,Not Competed,1,Sole Source,,S206,Guard Services,561210,Facilities Support Services,IGF::OT::IGF DHS BULK CLOSE OUT,"IGF::CT::IGF
USE FACILITIES DUE TO POSSIBLE BAD WEATHER AND SHUTDOWN OF OFFICES IF ICE DOES HIT THE WEST TEXAS AREA AND DFW AREA.
",https://www.usaspending.gov/award/CONT_AWD_HSCEDM15P00017_7012_-NONE-_-NONE-
52f4b96d0cc84ba4d69f3ba03c2a5d103ee58c65df2d3b0b971b3b03b0bf2692,ICE,Trump_I,ICE detention services,2017-05-31,HSCEDM17J00004,HSCEDM12D00001,Delivery Order,P00004,yes,"THE GEO GROUP, INC.",JMLKZZ1NL2Z6,3JMR1,4401779.44,51612132.10,51612132.10,2016-12-14,2017-11-30,2018-04-18,DETENTION COMPLIANCE AND REMOVALS,,Full And Open Competition,,Negotiated Proposal/Quote,,S206,Guard Services,561210,Facilities Support Services,IGF::OT::IGF DETENTION SERVICES AT THE SOUTH TEXAS DETENTION CENTER,DETENTION SERVICES AT THE SOUTH TEXAS DETENTION CENTER,https://www.usaspending.gov/award/CONT_AWD_HSCEDM17J00004_7012_HSCEDM12D00001_7012
cbbe8b280b06f692777faf92a4728edd343d001093b81ae46948438cd2b154fd,ICE,Trump_I,ICE ISAP/electronic monitoring,2017-05-31,HSCEMD12F00015,GS07F0518N,Delivery Order,XXX9,yes,B.I. INCORPORATED,PKK6L9KLMYR5,3CUH9,0.00,502.44,502.44,2012-02-06,2012-04-07,2012-08-17,INVESTIGATIONS AND OPERATIONS SUPPORT DALLAS,,Full And Open Competition,2,Subject To Multiple Award Fair Opportunity,,6110,Electrical Control Equipment,315999,Other Apparel Accessories And Other Apparel Manufacturing,DHS BULK CLOSE OUT,"PASSIVE ELECTRONIC MONITORING DEVICES REQUIRED TO SECURE FOREIGN WITNESSES AT FEDERAL TRIAL. POP: FEB 12 TO APR 7, 2012. SELECTED VENDOR OFFERS BEST COST.",https://www.usaspending.gov/award/CONT_AWD_HSCEMD12F00015_7012_GS07F0518N_4730
6714d7e815565b31df03f3bd1eb818d8f2731298a9f8f9a2f21987419a676152,ICE,Trump_I,ICE detention services,2017-05-31,HSCEOD06C0002,,Definitive Contract,XXX9,yes,"THE GEO GROUP, INC.",JMLKZZ1NL2Z6,3JMR1,0.00,0.00,0.00,2006-01-06,2011-01-05,2016-01-05,INVESTIGATIONS AND OPERATIONS SUPPORT DALLAS,,Full And Open Competition,1,Negotiated Proposal/Quote,,S206,Guard Services,922140,Correctional Institutions ,DHS BULK CLOSE OUT,DETENTION SERVICES (OFFICE OF FEDERAL DETENTION TRUSTEE),https://www.usaspending.gov/award/CONT_AWD_HSCEOD06C0002_7012_-NONE-_-NONE-
527295e57c62a9aae9552c25919f7bf2e2318bb3a5ab20bdcc764dc82a595239,ICE,Trump_I,ICE detention services,2017-05-31,HSCEOP05J00090,HSCEAL02C0004,Delivery Order,XXX9,yes,"THE GEO GROUP, INC.",JMLKZZ1NL2Z6,3JMR1,0.00,36873782.06,475525703.37,2005-04-24,2009-04-23,2009-04-23,INVESTIGATIONS AND OPERATIONS SUPPORT DALLAS,,Full And Open Competition After Exclusion Of Sources,1,Negotiated Proposal/Quote,,S206,Guard Services,561612,Security Guards and Patrol Services ,DHS BULK CLOSE OUT,DETENION FACILITY GUARD SERVICES,https://www.usaspending.gov/award/CONT_AWD_HSCEOP05J00090_7012_HSCEAL02C0004_7012
c8b9f333d5a89316b30ed9c59d78d5cf61b26a2b8538fca0721dd1dbf0f7abc0,ICE,Trump_I,ICE ISAP/electronic monitoring,2017-05-31,HSCEOP05J00115,HSCEAB04C0008,Delivery Order,XXX9,yes,B.I. INCORPORATED,PKK6L9KLMYR5,3CUH9,0.00,15543090.00,24400980.00,2005-06-21,2009-06-20,2009-06-20,INVESTIGATIONS AND OPERATIONS SUPPORT DALLAS,,Full And Open Competition,3,Negotiated Proposal/Quote,,G099,Other Social Services,624190,Other Individual and Family Services ,DHS BULK CLOSE OUT,INTENSIVE SUPERVISION PROGRAM,https://www.usaspending.gov/award/CONT_AWD_HSCEOP05J00115_7012_HSCEAB04C0008_7012
efd267ffdc13cd8497f0a972656b78d9afd44ea38206662194fed90c5f17852f,ICE,Trump_I,ICE detention services,2017-05-31,HSCEOP05J00133,HSACD4C0001,Delivery Order,XXX9,yes,"THE GEO GROUP, INC.",JMLKZZ1NL2Z6,3JMR1,0.00,687775.02,687775.02,2005-12-01,2006-06-26,2006-06-26,INVESTIGATIONS AND OPERATIONS SUPPORT DALLAS,,Non-Competitive Delivery Order,1,Negotiated Proposal/Quote,,S206,Guard Services,561612,Security Guards and Patrol Services ,DHS BULK CLOSE OUT,DETENTION FACILITY SERVICES,https://www.usaspending.gov/award/CONT_AWD_HSCEOP05J00133_7012_HSACD4C0001_7012
ae27512ee2d841d7a77ca3a359ad462a6671228120e5c41398ab27bb940ba14c,ICE,Trump_I,ICE detention services,2017-05-31,HSCEOP06J00180,HSCEAB04C0001,Delivery Order,XXX9,yes,"THE GEO GROUP, INC.",JMLKZZ1NL2Z6,3JMR1,0.00,2969041.24,2969041.24,2005-10-01,2008-09-30,2008-09-30,INVESTIGATIONS AND OPERATIONS SUPPORT DALLAS,,,2,Negotiated Proposal/Quote,,S206,Guard Services,,,DHS BULK CLOSE OUT,CONTRACTOR OWNED/CONTRACTOR OPERATED DETENTION FACILITY,https://www.usaspending.gov/award/CONT_AWD_HSCEOP06J00180_7012_HSCEAB04C0001_7012
64b13376f7eb98765c8037837ea7c5365ce3649a1e759e18e57cf78c319ab76e,ICE,Trump_I,ICE ISAP/electronic monitoring,2017-05-31,HSCEOP06J00396,HSACB4C0008,Delivery Order,XXX9,yes,B.I. INCORPORATED,PKK6L9KLMYR5,3CUH9,0.00,9100000.00,9100000.00,2006-08-08,2007-06-20,2007-06-20,INVESTIGATIONS AND OPERATIONS SUPPORT DALLAS,,Full And Open Competition,3,Negotiated Proposal/Quote,,G099,Other Social Services,624190,Other Individual and Family Services ,DHS BULK CLOSE OUT,ISAP PROGRAM,https://www.usaspending.gov/award/CONT_AWD_HSCEOP06J00396_7012_HSACB4C0008_7012
7e4ae8e21d44f1c21291b8551d955491212ca77059636fcac178093da7528a18,ICE,Trump_I,ICE other/unresolved,2017-05-31,HSCEOP06P00057,,Purchase Order,XXX9,yes,"CORNELL COMPANIES, INC.",TLDCDE29G781,3MTH6,0.00,300.00,300.00,2005-08-19,2006-09-30,2006-09-30,INVESTIGATIONS AND OPERATIONS SUPPORT DALLAS,,Full And Open Competition,1,Simplified Acquisition,,6920,Armament Training Devices,,,DHS BULK CLOSE OUT,RANGE FACILITIES ARE REQUIRD FOR MANDATORY QUARTERLY WEAPONS QUALIFICATIONS. VENDOR IS ONLY LOCATION W/IN REASONABLE DISTANCE OF BIG SPRING IRP. VENDOR DOES NOT HAVE ABILITIES TO ACCEPT CREDIT CARDS.SUBJECT TO AVAILABILITY OF FY06 FUNDS (CLE),https://www.usaspending.gov/award/CONT_AWD_HSCEOP06P00057_7012_-NONE-_-NONE-
520475aa01b863415d9efe68dbab539c85b75c6b4046d3af8fdddf032da76b42,ICE,Trump_I,ICE detention services,2017-05-31,HSCEOP07F00255,HSODT6C0002,Delivery Order,XXX9,yes,"THE GEO GROUP, INC.",JMLKZZ1NL2Z6,3JMR1,0.00,28019.25,28019.25,2006-12-18,2008-01-05,2008-01-05,INVESTIGATIONS AND OPERATIONS SUPPORT DALLAS,,Full And Open Competition,1,Simplified Acquisition,,S206,Guard Services,561612,Security Guards and Patrol Services ,DHS BULK CLOSE OUT,DETENTION SERVICES,https://www.usaspending.gov/award/CONT_AWD_HSCEOP07F00255_7012_HSODT6C0002_7012
f850665ff49f193a1e1b391ee79bb54572eb1c08bd55db5a204112ae74626031,ICE,Trump_I,ICE ISAP/electronic monitoring,2017-05-31,HSCEOP07J00541,HSACB4C0008,Delivery Order,XXX9,yes,B.I. INCORPORATED,PKK6L9KLMYR5,3CUH9,0.00,7449517.76,7449517.76,2007-06-18,2008-06-20,2008-06-20,INVESTIGATIONS AND OPERATIONS SUPPORT DALLAS,,Full And Open Competition,3,Negotiated Proposal/Quote,,G099,Other Social Services,624190,Other Individual and Family Services ,DHS BULK CLOSE OUT,ISAP CONTRACT FOR OPTION YEAR 3,https://www.usaspending.gov/award/CONT_AWD_HSCEOP07J00541_7012_HSACB4C0008_7012
3f516cb325894d3b39f19ec51a41c29a1276a85a091c86c0309e62a4180e6b4e,ICE,Trump_I,ICE ISAP/electronic monitoring,2017-05-31,HSCEOP07J00623,HSACB4C0008,Delivery Order,XXX9,yes,B.I. INCORPORATED,PKK6L9KLMYR5,3CUH9,0.00,12829131.34,12829131.34,2007-09-24,2008-09-23,2008-09-23,INVESTIGATIONS AND OPERATIONS SUPPORT DALLAS,,Full And Open Competition,3,Negotiated Proposal/Quote,,G099,Other Social Services,624190,Other Individual and Family Services ,DHS BULK CLOSE OUT,ISAP NEW YORK EXPANSION,https://www.usaspending.gov/award/CONT_AWD_HSCEOP07J00623_7012_HSACB4C0008_7012
c15d72854b6844631725468b4a53c06d3135d2a8c415554649c22e2f3209434d,ICE,Trump_I,ICE other/unresolved,2017-05-31,HSCEOP07P00348,,Purchase Order,XXX9,yes,"CORNELL COMPANIES, INC.",TLDCDE29G781,3MTH6,0.00,300.00,300.00,2006-10-01,2007-09-30,2017-05-31,INVESTIGATIONS AND OPERATIONS SUPPORT DALLAS,,Not Competed,0,Simplified Acquisition,,X299,Lease/Rental of Other Non-Building Facilities,,,DHS BULK CLOSE OUT,DHS BULK CLOSE OUT,https://www.usaspending.gov/award/CONT_AWD_HSCEOP07P00348_7012_-NONE-_-NONE-
1ad779a85303518c5a7dd3f621b2361954c6df65945cfe3d016bd8ebaea15956,ICE,Trump_I,ICE detention services,2017-05-31,HSCEOPODT6C0002,,Definitive Contract,XXX9,yes,"THE GEO GROUP, INC.",JMLKZZ1NL2Z6,3JMR1,0.00,0.00,0.00,2006-01-06,2016-01-05,2016-01-05,INVESTIGATIONS AND OPERATIONS SUPPORT DALLAS,,Full And Open Competition,1,Negotiated Proposal/Quote,,S206,Guard Services,561612,Security Guards and Patrol Services ,DHS BULK CLOSE OUT,USMS WESTERN REGION DETENTION,https://www.usaspending.gov/award/CONT_AWD_HSCEOPODT6C0002_7012_-NONE-_-NONE-
a9a7760bf582f09f9a8265612c76971f57a9229ec2b1c69b7aa1b08bf984ac92,ICE,Trump_I,ICE ISAP/electronic monitoring,2017-05-31,HSCEVT04CACB4C0008,,Definitive Contract,XXX9,yes,B.I. INCORPORATED,PKK6L9KLMYR5,3CUH9,0.00,0.00,0.00,2004-03-22,2006-06-20,2009-06-20,INVESTIGATIONS AND OPERATIONS SUPPORT DALLAS,,Full And Open Competition,7,Negotiated Proposal/Quote,,G099,Other Social Services,624190,Other Individual and Family Services ,DHS BULK CLOSE OUT,INTENSIVE SUPERVISION APPEARANCE PROGRAM,https://www.usaspending.gov/award/CONT_AWD_HSCEVT04CACB4C0008_7012_-NONE-_-NONE-
d682da5b1567181e43d6037ab11d9aa4b9c370022282dcac01d0262054875b5b,ICE,Trump_I,ICE ISAP/electronic monitoring,2017-06-02,HSCEDM15J00032,HSCEDM14D00004,Delivery Order,P00016,yes,B.I. INCORPORATED,PKK6L9KLMYR5,3CUH9,0.00,75915605.21,75915605.21,2015-08-27,2016-08-31,2016-12-03,DETENTION COMPLIANCE AND REMOVALS,,Full And Open Competition,4,Negotiated Proposal/Quote,,R408,Program Management/Support Services,561210,Facilities Support Services,IGF::CT::IGF ISAP III CONTRACT OPTION YEAR 1 FOR THE ALTERNATIVES TO DETENTION UNIT,IGF::CT::IGF ISAP III CONTRACT OPTION YEAR 1 FOR THE ALTERNATIVES TO DETENTION UNIT,https://www.usaspending.gov/award/CONT_AWD_HSCEDM15J00032_7012_HSCEDM14D00004_7012
bb3bf4b8a0dae8ca9375a2148d200c5beda6744af1a6b87f4fd78bf18f4bead6,ICE,Trump_I,ICE detention services,2017-06-05,HSCEDM16J00019,HSCEDM15D00006,Delivery Order,P00009,yes,"THE GEO GROUP, INC.",JMLKZZ1NL2Z6,3JMR1,2677000.00,31040733.60,31040733.60,2016-07-01,2017-06-30,2017-10-14,DETENTION COMPLIANCE AND REMOVALS,,Full And Open Competition,,Negotiated Proposal/Quote,,S206,Guard Services,561210,Facilities Support Services,IGF::CT::IGF DETENTION SERVICES AT BROWARD TRANSITIONAL CENTER,IGF::CT::IGF DETENTION SERVICES AT BROWARD TRANSITIONAL CENTER,https://www.usaspending.gov/award/CONT_AWD_HSCEDM16J00019_7012_HSCEDM15D00006_7012
d148a2da3c7856947ca44dd6c78ca4fc70c92cfb649dd8ba30c5503acaae9e53,ICE,Trump_I,ICE family case management,2017-06-07,HSCEDM15J00039,HSCEDM15D00008,Delivery Order,P00008,yes,"GEO CARE SERVICES, LLC",G6XJKMJUNB91,7D4M5,-17751.42,1869653.14,1869653.14,2015-09-21,2016-09-20,2016-09-20,DETENTION COMPLIANCE AND REMOVALS,,Full And Open Competition,,Negotiated Proposal/Quote,HSCEDM15R00008,G099,Other Social Services,624190,Other Individual and Family Services ,IGF::CT::IGF TASK ORDER FOR FAMILY CASE MANAGEMENT SERVICES [DC],IGF::CT::IGF TASK ORDER FOR FAMILY CASE MANAGEMENT SERVICES [DC],https://www.usaspending.gov/award/CONT_AWD_HSCEDM15J00039_7012_HSCEDM15D00008_7012
7d607d400741f96b7cb677d0bca0f155b2e09c2aa56aaaabd9739fbcc2af293d,ICE,Trump_I,ICE family case management,2017-06-07,HSCEDM15J00040,HSCEDM15D00010,Delivery Order,P00008,yes,"GEO CARE SERVICES, LLC",G6XJKMJUNB91,7D4M5,-62380.29,1704890.26,1704890.26,2015-09-21,2016-09-20,2016-09-20,DETENTION COMPLIANCE AND REMOVALS,,Full And Open Competition,,Negotiated Proposal/Quote,HSCEDM15R00009,G099,Other Social Services,624190,Other Individual and Family Services ,IGF::CT::IGF TASK ORDER FOR FAMILY CASE MANAGEMENT SERVICES [LA],IGF::CT::IGF TASK ORDER FOR FAMILY CASE MANAGEMENT SERVICES [LA],https://www.usaspending.gov/award/CONT_AWD_HSCEDM15J00040_7012_HSCEDM15D00010_7012
ad7687be1469cb73faf98350c9daf5b9140913e37604f9a236e8428be6e4c0fb,ICE,Trump_I,ICE family case management,2017-06-07,HSCEDM15J00041,HSCEDM15D00011,Delivery Order,P00008,yes,"GEO CARE SERVICES, LLC",G6XJKMJUNB91,7D4M5,-53879.48,1955753.46,1955753.46,2015-09-21,2016-09-20,2016-09-20,DETENTION COMPLIANCE AND REMOVALS,,Full And Open Competition,,Negotiated Proposal/Quote,HSCEDM15R00010,G099,Other Social Services,624190,Other Individual and Family Services ,IGF::CT::IGF TASK ORDER FOR FAMILY CASE MANAGEMENT SERVICES [NY],TASK ORDER FOR FAMILY CASE MANAGEMENT SERVICES [NY],https://www.usaspending.gov/award/CONT_AWD_HSCEDM15J00041_7012_HSCEDM15D00011_7012
1d90fea33d6cea81ad6778d34ef77f247848fb8053702e1b3b81f1323bafd928,ICE,Trump_I,ICE family case management,2017-06-08,HSCEDM15J00042,HSCEDM15D00012,Delivery Order,P00008,yes,"GEO CARE SERVICES, LLC",G6XJKMJUNB91,7D4M5,-72404.16,1638800.59,1638800.59,2015-09-21,2016-09-20,2016-09-20,DETENTION COMPLIANCE AND REMOVALS,,Full And Open Competition,,Negotiated Proposal/Quote,HSCEDM15R00011,G099,Other Social Services,624190,Other Individual and Family Services ,IGF::CT::IGF TASK ORDER FOR FAMILY CASE MANAGEMENT SERVICES [MIA],IGF::CT::IGF TASK ORDER FOR FAMILY CASE MANAGEMENT SERVICES [MIA],https://www.usaspending.gov/award/CONT_AWD_HSCEDM15J00042_7012_HSCEDM15D00012_7012
2bc26feefe1e8e94678fb36f2df2362ce806a19331f8157be04c9d36b548b574,ICE,Trump_I,ICE family case management,2017-06-08,HSCEDM15J00043,HSCEDM15D00013,Delivery Order,P00008,yes,"GEO CARE SERVICES, LLC",G6XJKMJUNB91,7D4M5,-46081.99,1719893.33,1719893.33,2015-09-21,2016-09-20,2016-09-28,DETENTION COMPLIANCE AND REMOVALS,,Full And Open Competition,,Negotiated Proposal/Quote,HSCEDM15R00012,G099,Other Social Services,624190,Other Individual and Family Services ,IGF::CT::IGF TASK ORDER FOR FAMILY CASE MANAGEMENT SERVICES [CHI],IGF::CT::IGF TASK ORDER FOR FAMILY CASE MANAGEMENT SERVICES [CHI],https://www.usaspending.gov/award/CONT_AWD_HSCEDM15J00043_7012_HSCEDM15D00013_7012
135127ef16f7194165ff17bd6eba0d00fceb21f5b7a4a97cb65c9ab5780cd04e,ICE,Trump_I,ICE detention services,2017-06-12,HSCEDM17J00008,HSCEDM14A00001,BPA Call,P00001,yes,"THE GEO GROUP, INC.",JMLKZZ1NL2Z6,3JMR1,511550.44,5654320.62,5654320.62,2017-03-03,2018-03-31,2018-03-31,DETENTION COMPLIANCE AND REMOVALS,,Competed Under Simplified Acquisition Procedures,1,Simplified Acquisition,,S206,Guard Services,922140,Correctional Institutions ,IGF::CT::IGF RIO GRANDE DETENTION CENTER,IGF::CT::IGF RIO GRANDE DETENTION CENTER,https://www.usaspending.gov/award/CONT_AWD_HSCEDM17J00008_7012_HSCEDM14A00001_7012
d48ae9089bc54ccfc2226af1a4d7f6864d78bdf7bce0fbb7c5859dfae2353a4a,ICE,Trump_I,ICE detention services,2017-06-13,HSCEDM16J00042,HSCEDM11D00003,Delivery Order,P00007,yes,"THE GEO GROUP, INC.",JMLKZZ1NL2Z6,3JMR1,62300.00,30675602.15,30675602.15,2016-09-16,2017-09-15,2017-09-15,DETENTION COMPLIANCE AND REMOVALS,,Full And Open Competition,,Negotiated Proposal/Quote,,S206,Guard Services,561210,Facilities Support Services,"IGF::CT::IGF CONTRACT DETENTION FACILITY, AURORA, COLORADO","CONTRACT DETENTION FACILITY, AURORA, COLORADO

IGF::CT::IGF",https://www.usaspending.gov/award/CONT_AWD_HSCEDM16J00042_7012_HSCEDM11D00003_7012
487cd39e29a62479bf42ebc1b210dd2e949f0479e5a68098d66c0fff6f29d149,ICE,Trump_I,ICE detention services,2017-06-14,HSCEDM16J00042,HSCEDM11D00003,Delivery Order,P00008,yes,"THE GEO GROUP, INC.",JMLKZZ1NL2Z6,3JMR1,0.00,30675602.15,30675602.15,2016-09-16,2017-09-15,2017-09-15,DETENTION COMPLIANCE AND REMOVALS,,Full And Open Competition,,Negotiated Proposal/Quote,,S206,Guard Services,561210,Facilities Support Services,"IGF::CT::IGF CONTRACT DETENTION FACILITY, AURORA, COLORADO","CONTRACT DETENTION FACILITY, AURORA, COLORADO

IGF::CT::IGF",https://www.usaspending.gov/award/CONT_AWD_HSCEDM16J00042_7012_HSCEDM11D00003_7012
96d68c76f465ab80a989bf548f675e85826f84123a911914d90fded2ca0e1ce4,ICE,Trump_I,ICE detention services,2017-06-22,HSCEDM16J00019,HSCEDM15D00006,Delivery Order,P00010,yes,"THE GEO GROUP, INC.",JMLKZZ1NL2Z6,3JMR1,2655667.00,31040733.60,31040733.60,2016-07-01,2017-06-30,2017-10-14,DETENTION COMPLIANCE AND REMOVALS,,Full And Open Competition,,Negotiated Proposal/Quote,,S206,Guard Services,561210,Facilities Support Services,IGF::CT::IGF DETENTION SERVICES AT BROWARD TRANSITIONAL CENTER,IGF::CT::IGF DETENTION SERVICES AT BROWARD TRANSITIONAL CENTER,https://www.usaspending.gov/award/CONT_AWD_HSCEDM16J00019_7012_HSCEDM15D00006_7012
398c6d0b216c42d2ab7d6a9ccada35a7db303d6552cff0e304047607dea11d08,CBP,Trump_I,CBP detention/jail space,2017-06-28,HSBP1016P00277,,PURCHASE ORDER,P00003,yes,"THE GEO GROUP, INC.",JMLKZZ1NL2Z6,3JMR1,3555.93,833449.72,845956.19,2016-05-01,2020-04-30,2020-04-30,BORDER ENFORCEMENT CONTRACTING DIVISION,US BORDER PATROL,NOT COMPETED UNDER SAP,1,SIMPLIFIED ACQUISITION,HSBP1016Q0062,X1FF,LEASE/RENTAL OF PENAL FACILITIES,922140,CORRECTIONAL INSTITUTIONS,IGF::OT::IGF - RGV DETENTION SPACE. MODIFICATION INCORPORATES SCA WAGE ADJUSTMENT IAW GOVERNING CBA.,IGF::OT::IGF - DETENTION SPACE,https://www.usaspending.gov/award/CONT_AWD_HSBP1016P00277_7014_-NONE-_-NONE-
1163afcdedeb17319a34f8d86291937461d99a909c1c3a21a5fc53796f74e316,ICE,Trump_I,ICE detention services,2017-06-29,HSCEDM17J00017,HSCEDM12D00001,Delivery Order,P00002,yes,"THE GEO GROUP, INC.",JMLKZZ1NL2Z6,3JMR1,58000.00,70811.24,70811.24,2017-05-02,2017-06-12,2018-05-03,DETENTION COMPLIANCE AND REMOVALS,,Full And Open Competition,,Negotiated Proposal/Quote,,S206,Guard Services,561210,Facilities Support Services,IGF::OT::IGF DETENTION SERVICES AT THE SOUTH TEXAS DETENTION CENTER,DETENTION SERVICES AT THE SOUTH TEXAS DETENTION CENTER,https://www.usaspending.gov/award/CONT_AWD_HSCEDM17J00017_7012_HSCEDM12D00001_7012
f1c61658af22f4aded534b699c5bb516a4c2510d8ec0b89f535401147c298006,ICE,Trump_I,ICE detention services,2017-06-29,HSCEDM17J00024,HSCEDM15D00006,Delivery Order,0,no,"THE GEO GROUP, INC.",JMLKZZ1NL2Z6,3JMR1,2608332.65,31778989.58,31778989.58,2017-06-29,2018-06-30,2018-09-22,DETENTION COMPLIANCE AND REMOVALS,,Full And Open Competition,,Negotiated Proposal/Quote,,S206,Guard Services,561210,Facilities Support Services,IGF::CT::IGF DETENTION SERVICES AT BROWARD TRANSITIONAL CENTER,IGF::CT::IGF DETENTION SERVICES AT BROWARD TRANSITIONAL CENTER,https://www.usaspending.gov/award/CONT_AWD_HSCEDM17J00024_7012_HSCEDM15D00006_7012
40bc6018b458c9f4840c002c93ca72f1fe22a7e755a4609d7cd27e1e922be7f3,ICE,Trump_I,ICE detention services,2017-06-30,HSCEDM16J00042,HSCEDM11D00003,Delivery Order,P00009,yes,"THE GEO GROUP, INC.",JMLKZZ1NL2Z6,3JMR1,3921.18,30675602.15,30675602.15,2016-09-16,2017-09-15,2017-09-15,DETENTION COMPLIANCE AND REMOVALS,,Full And Open Competition,,Negotiated Proposal/Quote,,S206,Guard Services,561210,Facilities Support Services,"IGF::CT::IGF CONTRACT DETENTION FACILITY, AURORA, COLORADO","CONTRACT DETENTION FACILITY, AURORA, COLORADO

IGF::CT::IGF",https://www.usaspending.gov/award/CONT_AWD_HSCEDM16J00042_7012_HSCEDM11D00003_7012
d5fb397e8b81c82b9472e00c95d669c04838aac44afbd504211187d15e2ed584,ICE,Trump_I,ICE detention services,2017-07-03,HSCEDM16J00052,HSCEDM15D00015,Delivery Order,P00007,yes,"THE GEO GROUP, INC.",JMLKZZ1NL2Z6,3JMR1,4670419.88,61117009.31,61117009.31,2016-09-28,2017-09-27,2021-02-12,DETENTION COMPLIANCE AND REMOVALS,,Full And Open Competition,,Negotiated Proposal/Quote,,S206,Guard Services,561210,Facilities Support Services,"IGF::CT::IGF DETENTION, TRANSPORTATION AND FOOD SERVICES","DETENTION, TRANSPORTATION AND FOOD SERVICES",https://www.usaspending.gov/award/CONT_AWD_HSCEDM16J00052_7012_HSCEDM15D00015_7012
5ee5c38ef89a741855376567e560f3fb28bda99f5d0f64263ad22f1a4a55af0d,ICE,Trump_I,ICE detention services,2017-07-10,HSCEDM17J00004,HSCEDM12D00001,Delivery Order,P00005,yes,"THE GEO GROUP, INC.",JMLKZZ1NL2Z6,3JMR1,4372032.54,51612132.10,51612132.10,2016-12-14,2017-11-30,2018-04-18,DETENTION COMPLIANCE AND REMOVALS,,Full And Open Competition,,Negotiated Proposal/Quote,,S206,Guard Services,561210,Facilities Support Services,IGF::OT::IGF DETENTION SERVICES AT THE SOUTH TEXAS DETENTION CENTER,DETENTION SERVICES AT THE SOUTH TEXAS DETENTION CENTER,https://www.usaspending.gov/award/CONT_AWD_HSCEDM17J00004_7012_HSCEDM12D00001_7012
8ca3b6560291d7784b447705c635d5ad5bb543bd2fce029d5bf655d7a5d06e10,ICE,Trump_I,ICE detention services,2017-07-18,HSCEDM17F00001,HSODT6C0002,Delivery Order,P00003,yes,"THE GEO GROUP, INC.",JMLKZZ1NL2Z6,3JMR1,1782.00,17356.68,17356.68,2017-01-01,2017-11-14,2017-11-14,DETENTION MANAGEMENT LAGUNA,,Full And Open Competition,,Negotiated Proposal/Quote,,S206,Guard Services,561612,Security Guards and Patrol Services ,"IGF::CL::IGF DETENTION SERVICES AT THE WESTERN REGION DETENTION FACILITY IN SAN DIEGO, CA","
DETENTION SERVICES AT THE WESTERN REGION DETENTION FACILITY IN SAN DIEGO, CA",https://www.usaspending.gov/award/CONT_AWD_HSCEDM17F00001_7012_HSODT6C0002_7012
9e1ab8fd03e420cba3dc5ce1739224a94acf1d72bf20094a2dcc3910b05ee923,ICE,Trump_I,ICE detention services,2017-07-18,HSCEDM17J00008,HSCEDM14A00001,BPA Call,P00002,yes,"THE GEO GROUP, INC.",JMLKZZ1NL2Z6,3JMR1,489142.66,5654320.62,5654320.62,2017-03-03,2018-03-31,2018-03-31,DETENTION COMPLIANCE AND REMOVALS,,Competed Under Simplified Acquisition Procedures,1,Simplified Acquisition,,S206,Guard Services,922140,Correctional Institutions ,IGF::CT::IGF RIO GRANDE DETENTION CENTER,IGF::CT::IGF RIO GRANDE DETENTION CENTER,https://www.usaspending.gov/award/CONT_AWD_HSCEDM17J00008_7012_HSCEDM14A00001_7012
afc2edf2d398a9459de606c6cdeb23b7f8e829af9b9db5f8bb4af41d222feb35,ICE,Trump_I,ICE ISAP/electronic monitoring,2017-07-24,HSCEDM16J00039,HSCEDM14D00004,Delivery Order,P00010,yes,B.I. INCORPORATED,PKK6L9KLMYR5,3CUH9,19000000.00,107217703.18,107217703.18,2016-09-01,2017-08-31,2017-11-26,DETENTION COMPLIANCE AND REMOVALS,,Full And Open Competition,,Negotiated Proposal/Quote,,R408,Program Management/Support Services,561210,Facilities Support Services,IGF::CT::IGF INTENSIVE SUPERVISION APPEARANCE PROGRAM (ISAP III) FOR ALTERNATIVES TO DETENTION,IGF::CT::IGF INTENSIVE SUPERVISION APPEARANCE PROGRAM (ISAP III) FOR ALTERNATIVES TO DETENTION,https://www.usaspending.gov/award/CONT_AWD_HSCEDM16J00039_7012_HSCEDM14D00004_7012
edcb7359baca13c17d83857ae6ce5e21455b67e5e57eefce8cfbd2f1807ea4f2,ICE,Trump_I,ICE ISAP/electronic monitoring,2017-07-24,HSCEDM17J00026,HSCEDM14D00004,Delivery Order,0,no,B.I. INCORPORATED,PKK6L9KLMYR5,3CUH9,13000000.00,123170951.98,123170951.98,2017-09-01,2019-08-31,2019-08-31,DETENTION COMPLIANCE AND REMOVALS,,Full And Open Competition,,Negotiated Proposal/Quote,,R408,Program Management/Support Services,561210,Facilities Support Services,IGF::CT::IGF INTENSIVE SUPERVISION APPEARANCE PROGRAM (ISAP III) FOR ALTERNATIVES TO DETENTION,IGF::CT::IGF INTENSIVE SUPERVISION APPEARANCE PROGRAM (ISAP III) FOR ALTERNATIVES TO DETENTION,https://www.usaspending.gov/award/CONT_AWD_HSCEDM17J00026_7012_HSCEDM14D00004_7012
35a61449859fdf8df444e501370af5e268949fcfee8a8c16fa84d16a393796b1,ICE,Trump_I,ICE detention services,2017-07-25,HSCEDM16J00042,HSCEDM11D00003,Delivery Order,P00010,yes,"THE GEO GROUP, INC.",JMLKZZ1NL2Z6,3JMR1,3631771.59,30675602.15,30675602.15,2016-09-16,2017-09-15,2017-09-15,DETENTION COMPLIANCE AND REMOVALS,,Full And Open Competition,,Negotiated Proposal/Quote,,S206,Guard Services,561210,Facilities Support Services,"IGF::CT::IGF CONTRACT DETENTION FACILITY, AURORA, COLORADO","CONTRACT DETENTION FACILITY, AURORA, COLORADO

IGF::CT::IGF",https://www.usaspending.gov/award/CONT_AWD_HSCEDM16J00042_7012_HSCEDM11D00003_7012
ed17c3c40498294c89d12be837b87975aa4602ede5c55b55bc4d5481612db38a,ICE,Trump_I,ICE detention services,2017-07-26,HSCEDM17J00008,HSCEDM14A00001,BPA Call,P00003,yes,"THE GEO GROUP, INC.",JMLKZZ1NL2Z6,3JMR1,804501.28,5654320.62,5654320.62,2017-03-03,2018-03-31,2018-03-31,DETENTION COMPLIANCE AND REMOVALS,,Competed Under Simplified Acquisition Procedures,1,Simplified Acquisition,,S206,Guard Services,922140,Correctional Institutions ,IGF::CT::IGF RIO GRANDE DETENTION CENTER,IGF::CT::IGF RIO GRANDE DETENTION CENTER,https://www.usaspending.gov/award/CONT_AWD_HSCEDM17J00008_7012_HSCEDM14A00001_7012
7396457900c9c380688480de7ea3326fc42baec0b7217a17c97ebbe33a298191,ICE,Trump_I,ICE detention services,2017-07-31,HSCEDM17J00004,HSCEDM12D00001,Delivery Order,P00006,yes,"THE GEO GROUP, INC.",JMLKZZ1NL2Z6,3JMR1,9017245.52,51612132.10,51612132.10,2016-12-14,2017-11-30,2018-04-18,DETENTION COMPLIANCE AND REMOVALS,,Full And Open Competition,,Negotiated Proposal/Quote,,S206,Guard Services,561210,Facilities Support Services,IGF::OT::IGF DETENTION SERVICES AT THE SOUTH TEXAS DETENTION CENTER,DETENTION SERVICES AT THE SOUTH TEXAS DETENTION CENTER,https://www.usaspending.gov/award/CONT_AWD_HSCEDM17J00004_7012_HSCEDM12D00001_7012
2e0c97c3eb6ee5a28da25309f1fcc0ae6f76ea6c806a1b171f259d982ab61f38,ICE,Trump_I,ICE detention services,2017-08-02,HSCEDM17F00001,HSODT6C0002,Delivery Order,P00004,yes,"THE GEO GROUP, INC.",JMLKZZ1NL2Z6,3JMR1,1336.50,17356.68,17356.68,2017-01-01,2017-11-14,2017-11-14,DETENTION MANAGEMENT LAGUNA,,Full And Open Competition,,Negotiated Proposal/Quote,,S206,Guard Services,561612,Security Guards and Patrol Services ,"IGF::CL::IGF DETENTION SERVICES AT THE WESTERN REGION DETENTION FACILITY IN SAN DIEGO, CA","
DETENTION SERVICES AT THE WESTERN REGION DETENTION FACILITY IN SAN DIEGO, CA",https://www.usaspending.gov/award/CONT_AWD_HSCEDM17F00001_7012_HSODT6C0002_7012
9977552d3687aba6d21df157805e3d1d54a446b3feb70db8213c4598756b946c,ICE,Trump_I,ICE detention services,2017-08-02,HSCEDM17J00024,HSCEDM15D00006,Delivery Order,P00001,yes,"THE GEO GROUP, INC.",JMLKZZ1NL2Z6,3JMR1,5216699.81,31778989.58,31778989.58,2017-06-29,2018-06-30,2018-09-22,DETENTION COMPLIANCE AND REMOVALS,,Full And Open Competition,,Negotiated Proposal/Quote,,S206,Guard Services,561210,Facilities Support Services,IGF::CT::IGF DETENTION SERVICES AT BROWARD TRANSITIONAL CENTER,IGF::CT::IGF DETENTION SERVICES AT BROWARD TRANSITIONAL CENTER,https://www.usaspending.gov/award/CONT_AWD_HSCEDM17J00024_7012_HSCEDM15D00006_7012
e31f827362a5717b1dd1de9f6557330a75318325552e5b2955419bb1c44486f0,ICE,Trump_I,ICE detention services,2017-08-03,HSCEDM16J00052,HSCEDM15D00015,Delivery Order,P00008,yes,"THE GEO GROUP, INC.",JMLKZZ1NL2Z6,3JMR1,9684710.84,61117009.31,61117009.31,2016-09-28,2017-09-27,2021-02-12,DETENTION COMPLIANCE AND REMOVALS,,Full And Open Competition,,Negotiated Proposal/Quote,,S206,Guard Services,561210,Facilities Support Services,"IGF::CT::IGF DETENTION, TRANSPORTATION AND FOOD SERVICES","DETENTION, TRANSPORTATION AND FOOD SERVICES",https://www.usaspending.gov/award/CONT_AWD_HSCEDM16J00052_7012_HSCEDM15D00015_7012
435c2eb9de9c165592038442ea3f12db43536d0af917e83b10dfd445d3bdfc72,ICE,Trump_I,ICE ISAP/electronic monitoring,2017-08-09,HSCEDM16J00039,HSCEDM14D00004,Delivery Order,P00011,yes,B.I. INCORPORATED,PKK6L9KLMYR5,3CUH9,-1000000.00,107217703.18,107217703.18,2016-09-01,2017-08-31,2017-11-26,DETENTION COMPLIANCE AND REMOVALS,,Full And Open Competition,,Negotiated Proposal/Quote,,R408,Program Management/Support Services,561210,Facilities Support Services,IGF::CT::IGF INTENSIVE SUPERVISION APPEARANCE PROGRAM (ISAP III) FOR ALTERNATIVES TO DETENTION,IGF::CT::IGF INTENSIVE SUPERVISION APPEARANCE PROGRAM (ISAP III) FOR ALTERNATIVES TO DETENTION,https://www.usaspending.gov/award/CONT_AWD_HSCEDM16J00039_7012_HSCEDM14D00004_7012
016a8b4ed2f7acc29355cea77b348ee0c6c8056b3fc1622059a5d8ea8b1f1c86,ICE,Trump_I,ICE ISAP/electronic monitoring,2017-08-18,HSCEDM17J00026,HSCEDM14D00004,Delivery Order,P00001,yes,B.I. INCORPORATED,PKK6L9KLMYR5,3CUH9,1000000.00,123170951.98,123170951.98,2017-09-01,2019-08-31,2019-08-31,DETENTION COMPLIANCE AND REMOVALS,,Full And Open Competition,,Negotiated Proposal/Quote,,R408,Program Management/Support Services,561210,Facilities Support Services,IGF::CT::IGF INTENSIVE SUPERVISION APPEARANCE PROGRAM (ISAP III) FOR ALTERNATIVES TO DETENTION,IGF::CT::IGF INTENSIVE SUPERVISION APPEARANCE PROGRAM (ISAP III) FOR ALTERNATIVES TO DETENTION,https://www.usaspending.gov/award/CONT_AWD_HSCEDM17J00026_7012_HSCEDM14D00004_7012
3b92f9b5c4a897f40ba889e9bd28eaf409b0f2a918f3078622b4e1f64af38751,ICE,Trump_I,ICE detention services,2017-08-21,HSCEDM17J00024,HSCEDM15D00006,Delivery Order,P00002,yes,"THE GEO GROUP, INC.",JMLKZZ1NL2Z6,3JMR1,99999.00,31778989.58,31778989.58,2017-06-29,2018-06-30,2018-09-22,DETENTION COMPLIANCE AND REMOVALS,,Full And Open Competition,,Negotiated Proposal/Quote,,S206,Guard Services,561210,Facilities Support Services,IGF::CT::IGF DETENTION SERVICES AT BROWARD TRANSITIONAL CENTER,IGF::CT::IGF DETENTION SERVICES AT BROWARD TRANSITIONAL CENTER,https://www.usaspending.gov/award/CONT_AWD_HSCEDM17J00024_7012_HSCEDM15D00006_7012
d1c8b685e92704273bb21f3e7095e654c0a1c3ee19d15aefd88b047c92cff951,ICE,Trump_I,ICE detention services,2017-08-28,HSCEDM16J00042,HSCEDM11D00003,Delivery Order,P00011,yes,"THE GEO GROUP, INC.",JMLKZZ1NL2Z6,3JMR1,382496.64,30675602.15,30675602.15,2016-09-16,2017-09-15,2017-09-15,DETENTION COMPLIANCE AND REMOVALS,,Full And Open Competition,,Negotiated Proposal/Quote,,S206,Guard Services,561210,Facilities Support Services,"IGF::CT::IGF CONTRACT DETENTION FACILITY, AURORA, COLORADO","CONTRACT DETENTION FACILITY, AURORA, COLORADO

IGF::CT::IGF",https://www.usaspending.gov/award/CONT_AWD_HSCEDM16J00042_7012_HSCEDM11D00003_7012
b9ed0a829aebb1ddc85a2f7fd8c2102873195b29adc0bfe8d7fff1c1a8763008,ICE,Trump_I,ICE other/unresolved,2017-08-31,HSCEDM16J00044,HSCEDM15D00008,Delivery Order,P00007,yes,"GEO CARE SERVICES, LLC",G6XJKMJUNB91,7D4M5,33906.00,1911358.29,1911358.29,2016-09-16,2021-03-20,2021-03-20,DETENTION COMPLIANCE AND REMOVALS,,Full And Open Competition,,Negotiated Proposal/Quote,HSCEDM15R00008,G099,Other Social Services,624190,Other Individual and Family Services ,IGF::CT::IGF,IGF::CT::IGF,https://www.usaspending.gov/award/CONT_AWD_HSCEDM16J00044_7012_HSCEDM15D00008_7012
19bacd70b2f461049877efe3f54a92bfb83d0e65c234c3bc2d0a37ffaeebe327,ICE,Trump_I,ICE other/unresolved,2017-08-31,HSCEDM16J00046,HSCEDM15D00010,Delivery Order,P00006,yes,"GEO CARE SERVICES, LLC",G6XJKMJUNB91,7D4M5,389879.00,2147276.63,2147276.63,2016-09-16,2021-03-20,2021-03-20,DETENTION COMPLIANCE AND REMOVALS,,Full And Open Competition,,Negotiated Proposal/Quote,,G099,Other Social Services,624190,Other Individual and Family Services ,IGF::CT::IGF,IGF::CT::IGF,https://www.usaspending.gov/award/CONT_AWD_HSCEDM16J00046_7012_HSCEDM15D00010_7012
687a2dde1975c099155f3bf63175646c065ac19edd03ebfdb4ee088f44ba7dd5,ICE,Trump_I,ICE family case management,2017-08-31,HSCEDM16J00047,HSCEDM15D00011,Delivery Order,P00006,yes,"GEO CARE SERVICES, LLC",G6XJKMJUNB91,7D4M5,164225.00,2190859.07,2190859.07,2016-09-16,2021-03-20,2021-03-20,DETENTION COMPLIANCE AND REMOVALS,,Full And Open Competition,,Negotiated Proposal/Quote,,G099,Other Social Services,624190,Other Individual and Family Services ,IGF::CT::IGF FAMILY CASE MANAGEMENT SERVICES,IGF::CT::IGF,https://www.usaspending.gov/award/CONT_AWD_HSCEDM16J00047_7012_HSCEDM15D00011_7012
35fda3d45942e7afdd4c0203878fa4a361ee60f3521869e3b1b84b9b492f2332,ICE,Trump_I,ICE other/unresolved,2017-08-31,HSCEDM16J00048,HSCEDM15D00012,Delivery Order,P00006,yes,"GEO CARE SERVICES, LLC",G6XJKMJUNB91,7D4M5,119938.00,1908606.19,1908606.19,2016-09-16,2021-03-20,2021-03-20,DETENTION COMPLIANCE AND REMOVALS,,Full And Open Competition,,Negotiated Proposal/Quote,,G099,Other Social Services,624190,Other Individual and Family Services ,IGF::CT::IGF,IGF::CT::IGF,https://www.usaspending.gov/award/CONT_AWD_HSCEDM16J00048_7012_HSCEDM15D00012_7012
90c0c57978ec6e4f5c0f8bf6621ce66443efcc08748ba652077fc8ac7d698422,ICE,Trump_I,ICE other/unresolved,2017-08-31,HSCEDM16J00049,HSCEDM15D00013,Delivery Order,P00006,yes,"GEO CARE SERVICES, LLC",G6XJKMJUNB91,7D4M5,151304.00,1956129.30,1956129.30,2016-09-16,2021-03-20,2021-03-20,DETENTION COMPLIANCE AND REMOVALS,,Full And Open Competition,,Negotiated Proposal/Quote,,G099,Other Social Services,624190,Other Individual and Family Services ,IGF::CT::IGF,IGF::CT::IGF,https://www.usaspending.gov/award/CONT_AWD_HSCEDM16J00049_7012_HSCEDM15D00013_7012
13af9511dee2c82a39244beaadd0b0964e8284aaf35fc358ffee0091d9180b20,ICE,Trump_I,ICE detention services,2017-08-31,HSCEDM17F00001,HSODT6C0002,Delivery Order,P00005,yes,"THE GEO GROUP, INC.",JMLKZZ1NL2Z6,3JMR1,3564.00,17356.68,17356.68,2017-01-01,2017-11-14,2017-11-14,DETENTION MANAGEMENT LAGUNA,,Full And Open Competition,,Negotiated Proposal/Quote,,S206,Guard Services,561612,Security Guards and Patrol Services ,"IGF::CL::IGF DETENTION SERVICES AT THE WESTERN REGION DETENTION FACILITY IN SAN DIEGO, CA","
DETENTION SERVICES AT THE WESTERN REGION DETENTION FACILITY IN SAN DIEGO, CA",https://www.usaspending.gov/award/CONT_AWD_HSCEDM17F00001_7012_HSODT6C0002_7012
275920293cae655a7abac55265551b2b1305e3647248a00fdce7bfc532209858,ICE,Trump_I,ICE detention services,2017-08-31,HSCEDM17J00008,HSCEDM14A00001,BPA Call,P00004,yes,"THE GEO GROUP, INC.",JMLKZZ1NL2Z6,3JMR1,429813.50,5654320.62,5654320.62,2017-03-03,2018-03-31,2018-03-31,DETENTION COMPLIANCE AND REMOVALS,,Competed Under Simplified Acquisition Procedures,1,Simplified Acquisition,,S206,Guard Services,922140,Correctional Institutions ,IGF::CT::IGF RIO GRANDE DETENTION CENTER,IGF::CT::IGF RIO GRANDE DETENTION CENTER,https://www.usaspending.gov/award/CONT_AWD_HSCEDM17J00008_7012_HSCEDM14A00001_7012
fc8242d225b9529bd421cf0d4a92c0ed954ed6ebc44c8024707d3dd970f0886e,ICE,Trump_I,ICE detention services,2017-09-06,HSCEDM17J00031,HSCEDM11D00003,Delivery Order,0,no,"THE GEO GROUP, INC.",JMLKZZ1NL2Z6,3JMR1,2562689.92,30799575.31,30799575.31,2017-09-16,2018-09-15,2019-08-10,DETENTION COMPLIANCE AND REMOVALS,,Full And Open Competition,,Negotiated Proposal/Quote,,S206,Guard Services,561210,Facilities Support Services,"DETENTION MANAGEMENT/MEDICAL/TRANSPORTATION FOR AURORA, CO GEO GRP COCA. IGF::CT::IGF","DETENTION MANAGEMENT/MEDICAL/TRANSPORTATION FOR AURORA, CO GEO GRP COCA.
IGF::CT::IGF",https://www.usaspending.gov/award/CONT_AWD_HSCEDM17J00031_7012_HSCEDM11D00003_7012
20d9b9270c8c5d14ca8b6fea43b14ae8d3e311daed7e12af9baaf6003e81935b,ICE,Trump_I,ICE detention services,2017-09-11,HSCEDM16J00052,HSCEDM15D00015,Delivery Order,P00009,yes,"THE GEO GROUP, INC.",JMLKZZ1NL2Z6,3JMR1,4498760.03,61117009.31,61117009.31,2016-09-28,2017-09-27,2021-02-12,DETENTION COMPLIANCE AND REMOVALS,,Full And Open Competition,,Negotiated Proposal/Quote,,S206,Guard Services,561210,Facilities Support Services,"IGF::CT::IGF DETENTION, TRANSPORTATION AND FOOD SERVICES","DETENTION, TRANSPORTATION AND FOOD SERVICES",https://www.usaspending.gov/award/CONT_AWD_HSCEDM16J00052_7012_HSCEDM15D00015_7012
fc93a093ebf87718ab35f897adb7ad0ef5de9cd4a96cae085181acd4672ee959,ICE,Trump_I,ICE detention services,2017-09-14,HSCEDM16J00019,HSCEDM15D00006,Delivery Order,P00011,yes,"THE GEO GROUP, INC.",JMLKZZ1NL2Z6,3JMR1,-73075.13,31040733.60,31040733.60,2016-07-01,2017-06-30,2017-10-14,DETENTION COMPLIANCE AND REMOVALS,,Full And Open Competition,,Negotiated Proposal/Quote,,S206,Guard Services,561210,Facilities Support Services,IGF::CT::IGF DETENTION SERVICES AT BROWARD TRANSITIONAL CENTER,IGF::CT::IGF DETENTION SERVICES AT BROWARD TRANSITIONAL CENTER,https://www.usaspending.gov/award/CONT_AWD_HSCEDM16J00019_7012_HSCEDM15D00006_7012
36debaba9dbac13aac298d657ceda7dadedff3ec93ed370b52babd65e13a7f21,ICE,Trump_I,ICE detention services,2017-09-14,HSCEDM17J00004,HSCEDM12D00001,Delivery Order,P00007,yes,"THE GEO GROUP, INC.",JMLKZZ1NL2Z6,3JMR1,4185343.94,51612132.10,51612132.10,2016-12-14,2017-11-30,2018-04-18,DETENTION COMPLIANCE AND REMOVALS,,Full And Open Competition,,Negotiated Proposal/Quote,,S206,Guard Services,561210,Facilities Support Services,IGF::OT::IGF DETENTION SERVICES AT THE SOUTH TEXAS DETENTION CENTER,DETENTION SERVICES AT THE SOUTH TEXAS DETENTION CENTER,https://www.usaspending.gov/award/CONT_AWD_HSCEDM17J00004_7012_HSCEDM12D00001_7012
f40b78ee4dffcc2eeb904bfe6fc5c6ebdb484703b864ddabecf4a2e1a2d21776,ICE,Trump_I,ICE detention services,2017-09-14,HSCEDM17J00032,HSCEDM15D00015,Delivery Order,0,no,"THE GEO GROUP, INC.",JMLKZZ1NL2Z6,3JMR1,5787483.07,65718510.49,65718510.49,2017-09-14,2018-09-27,2018-09-27,DETENTION MANAGEMENT LAGUNA,,Full And Open Competition,,Negotiated Proposal/Quote,,S206,Guard Services,561210,Facilities Support Services,"IGF::CT::IGF DETENTION, TRANSPORTATION AND FOOD SERVICES","DETENTION, TRANSPORTATION AND FOOD SERVICES",https://www.usaspending.gov/award/CONT_AWD_HSCEDM17J00032_7012_HSCEDM15D00015_7012
050a681f6fcf3c4f39831189a6a1f2c1a7172e64b0479358759952f534e7c683,CBP,Trump_I,CBP detainee hygiene services,2017-09-18,HSBP1015P00762,,PURCHASE ORDER,P00002,yes,"THE GEO GROUP, INC.",JMLKZZ1NL2Z6,3JMR1,5000.00,2711.07,52711.07,2015-09-17,2020-09-16,2020-09-16,BORDER ENFORCEMENT CONTRACTING DIVISION,OFFICE OF FIELD OPERATIONS,NOT COMPETED,1,ONLY ONE SOURCE,HSBP1015Q0195,G099,SOCIAL- OTHER,922140,CORRECTIONAL INSTITUTIONS,IGF::OT::IGF EX OY 2-DETAINEE HYGIENE SERVICES,IGF::OT::IGF HYGIENE SERVICES FOR DETAINEES,https://www.usaspending.gov/award/CONT_AWD_HSBP1015P00762_7014_-NONE-_-NONE-
79b481d64041f777dc025bb65db431cedd6fc7338fe37c354da79f4d21cf46c9,ICE,Trump_I,ICE detention services,2017-09-20,HSCEDM17J00004,HSCEDM12D00001,Delivery Order,P00008,yes,"THE GEO GROUP, INC.",JMLKZZ1NL2Z6,3JMR1,4269603.50,51612132.10,51612132.10,2016-12-14,2017-11-30,2018-04-18,DETENTION COMPLIANCE AND REMOVALS,,Full And Open Competition,,Negotiated Proposal/Quote,,S206,Guard Services,561210,Facilities Support Services,IGF::OT::IGF DETENTION SERVICES AT THE SOUTH TEXAS DETENTION CENTER,DETENTION SERVICES AT THE SOUTH TEXAS DETENTION CENTER,https://www.usaspending.gov/award/CONT_AWD_HSCEDM17J00004_7012_HSCEDM12D00001_7012
3fc33d6ac8c9a77ec4b054e2ff71ca525a5bd516c050506eaee341572f38776d,ICE,Trump_I,ICE ISAP/electronic monitoring,2017-09-22,HSCEDM17J00026,HSCEDM14D00004,Delivery Order,P00002,yes,B.I. INCORPORATED,PKK6L9KLMYR5,3CUH9,4631256.00,123170951.98,123170951.98,2017-09-01,2019-08-31,2019-08-31,DETENTION COMPLIANCE AND REMOVALS,,Full And Open Competition,,Negotiated Proposal/Quote,,R408,Program Management/Support Services,561210,Facilities Support Services,IGF::CT::IGF INTENSIVE SUPERVISION APPEARANCE PROGRAM (ISAP III) FOR ALTERNATIVES TO DETENTION,IGF::CT::IGF INTENSIVE SUPERVISION APPEARANCE PROGRAM (ISAP III) FOR ALTERNATIVES TO DETENTION,https://www.usaspending.gov/award/CONT_AWD_HSCEDM17J00026_7012_HSCEDM14D00004_7012
28b2ecaab4da39d4847f25157f36ccf603dd3816fe8cf0493ad51c7c76d91b84,ICE,Trump_I,ICE ISAP/electronic monitoring,2017-09-24,HSCEDM16J00039,HSCEDM14D00004,Delivery Order,P00012,yes,B.I. INCORPORATED,PKK6L9KLMYR5,3CUH9,250000.00,107217703.18,107217703.18,2016-09-01,2017-08-31,2017-11-26,DETENTION COMPLIANCE AND REMOVALS,,Full And Open Competition,,Negotiated Proposal/Quote,,R408,Program Management/Support Services,561210,Facilities Support Services,IGF::CT::IGF INTENSIVE SUPERVISION APPEARANCE PROGRAM (ISAP III) FOR ALTERNATIVES TO DETENTION,IGF::CT::IGF INTENSIVE SUPERVISION APPEARANCE PROGRAM (ISAP III) FOR ALTERNATIVES TO DETENTION,https://www.usaspending.gov/award/CONT_AWD_HSCEDM16J00039_7012_HSCEDM14D00004_7012
4afc55460b11acceb64e0d035a38cdfb5c711fa99afe33801adc72defa53b241,ICE,Trump_I,ICE ISAP/electronic monitoring,2017-09-29,HSCEDM17J00026,HSCEDM14D00004,Delivery Order,P00003,yes,B.I. INCORPORATED,PKK6L9KLMYR5,3CUH9,215000.00,123170951.98,123170951.98,2017-09-01,2019-08-31,2019-08-31,DETENTION COMPLIANCE AND REMOVALS,,Full And Open Competition,,Negotiated Proposal/Quote,,R408,Program Management/Support Services,561210,Facilities Support Services,IGF::CT::IGF INTENSIVE SUPERVISION APPEARANCE PROGRAM (ISAP III) FOR ALTERNATIVES TO DETENTION,IGF::CT::IGF INTENSIVE SUPERVISION APPEARANCE PROGRAM (ISAP III) FOR ALTERNATIVES TO DETENTION,https://www.usaspending.gov/award/CONT_AWD_HSCEDM17J00026_7012_HSCEDM14D00004_7012
c230599654b40446676eec0c71680fd6c6569018a3a00d64063b95dbed523ff0,ICE,Trump_I,ICE detention services,2017-09-30,HSCEDM17J00024,HSCEDM15D00006,Delivery Order,P00003,yes,"THE GEO GROUP, INC.",JMLKZZ1NL2Z6,3JMR1,1965769.00,31778989.58,31778989.58,2017-06-29,2018-06-30,2018-09-22,DETENTION COMPLIANCE AND REMOVALS,,Full And Open Competition,,Negotiated Proposal/Quote,,S206,Guard Services,561210,Facilities Support Services,IGF::CT::IGF DETENTION SERVICES AT BROWARD TRANSITIONAL CENTER,IGF::CT::IGF DETENTION SERVICES AT BROWARD TRANSITIONAL CENTER,https://www.usaspending.gov/award/CONT_AWD_HSCEDM17J00024_7012_HSCEDM15D00006_7012
72f24db0f797912ccd05c7bc92c7f0d5c2f31ec4ad9bff09809c95448b3947b3,ICE,Trump_I,ICE ISAP/electronic monitoring,2017-09-30,HSCEDM17J00026,HSCEDM14D00004,Delivery Order,P00004,yes,B.I. INCORPORATED,PKK6L9KLMYR5,3CUH9,400000.00,123170951.98,123170951.98,2017-09-01,2019-08-31,2019-08-31,DETENTION COMPLIANCE AND REMOVALS,,Full And Open Competition,,Negotiated Proposal/Quote,,R408,Program Management/Support Services,561210,Facilities Support Services,IGF::CT::IGF INTENSIVE SUPERVISION APPEARANCE PROGRAM (ISAP III) FOR ALTERNATIVES TO DETENTION,IGF::CT::IGF INTENSIVE SUPERVISION APPEARANCE PROGRAM (ISAP III) FOR ALTERNATIVES TO DETENTION,https://www.usaspending.gov/award/CONT_AWD_HSCEDM17J00026_7012_HSCEDM14D00004_7012
ba9ad8820ab59db8f535d056d4cf2bdf876cfe3d272e9ef3aa6069f190a7725a,ICE,Trump_I,ICE detention services,2017-10-13,HSCEDM17F00001,HSODT6C0002,Delivery Order,P00006,yes,"THE GEO GROUP, INC.",JMLKZZ1NL2Z6,3JMR1,14986.62,17356.68,17356.68,2017-01-01,2017-11-14,2017-11-14,DETENTION MANAGEMENT LAGUNA,,Full And Open Competition,,Negotiated Proposal/Quote,,S206,Guard Services,561612,Security Guards and Patrol Services ,"IGF::CL::IGF DETENTION SERVICES AT THE WESTERN REGION DETENTION FACILITY IN SAN DIEGO, CA","
DETENTION SERVICES AT THE WESTERN REGION DETENTION FACILITY IN SAN DIEGO, CA",https://www.usaspending.gov/award/CONT_AWD_HSCEDM17F00001_7012_HSODT6C0002_7012
a0650495eac3d686382f2c27d7810d5a945bd595b6f342939e5922af26bd6754,ICE,Trump_I,ICE detention services,2017-10-23,HSCEDM17J00032,HSCEDM15D00015,Delivery Order,P00001,yes,"THE GEO GROUP, INC.",JMLKZZ1NL2Z6,3JMR1,5115621.15,65718510.49,65718510.49,2017-09-14,2018-09-27,2018-09-27,DETENTION MANAGEMENT LAGUNA,,Full And Open Competition,,Negotiated Proposal/Quote,,S206,Guard Services,561210,Facilities Support Services,"IGF::CT::IGF DETENTION, TRANSPORTATION AND FOOD SERVICES","DETENTION, TRANSPORTATION AND FOOD SERVICES",https://www.usaspending.gov/award/CONT_AWD_HSCEDM17J00032_7012_HSCEDM15D00015_7012
ae8c1da2d0ecadb4407307c8f0abf602297fc35e37e27415f88d63bf8fe9cd9c,ICE,Trump_I,ICE detention services,2017-10-26,HSCEDM17J00024,HSCEDM15D00006,Delivery Order,P00004,yes,"THE GEO GROUP, INC.",JMLKZZ1NL2Z6,3JMR1,2813115.69,31778989.58,31778989.58,2017-06-29,2018-06-30,2018-09-22,DETENTION COMPLIANCE AND REMOVALS,,Full And Open Competition,,Negotiated Proposal/Quote,,S206,Guard Services,561210,Facilities Support Services,IGF::CT::IGF DETENTION SERVICES AT BROWARD TRANSITIONAL CENTER,IGF::CT::IGF DETENTION SERVICES AT BROWARD TRANSITIONAL CENTER,https://www.usaspending.gov/award/CONT_AWD_HSCEDM17J00024_7012_HSCEDM15D00006_7012
e13a17505a9e4b7971d357ec32993c1400686a39519a049688b8375251794007,ICE,Trump_I,ICE ISAP/electronic monitoring,2017-10-27,HSCEDM16J00039,HSCEDM14D00004,Delivery Order,P00013,yes,B.I. INCORPORATED,PKK6L9KLMYR5,3CUH9,-84903.98,107217703.18,107217703.18,2016-09-01,2017-08-31,2017-11-26,DETENTION COMPLIANCE AND REMOVALS,,Full And Open Competition,,Negotiated Proposal/Quote,,R408,Program Management/Support Services,561210,Facilities Support Services,IGF::CT::IGF INTENSIVE SUPERVISION APPEARANCE PROGRAM (ISAP III) FOR ALTERNATIVES TO DETENTION,IGF::CT::IGF INTENSIVE SUPERVISION APPEARANCE PROGRAM (ISAP III) FOR ALTERNATIVES TO DETENTION,https://www.usaspending.gov/award/CONT_AWD_HSCEDM16J00039_7012_HSCEDM14D00004_7012
a498317a2551502bc96f8055cc5fc96758a6b6e62323f8298edb0bf712cc0384,ICE,Trump_I,ICE ISAP/electronic monitoring,2017-10-30,HSCEDM17J00026,HSCEDM14D00004,Delivery Order,P00005,yes,B.I. INCORPORATED,PKK6L9KLMYR5,3CUH9,22685123.00,123170951.98,123170951.98,2017-09-01,2019-08-31,2019-08-31,DETENTION COMPLIANCE AND REMOVALS,,Full And Open Competition,,Negotiated Proposal/Quote,,R408,Program Management/Support Services,561210,Facilities Support Services,IGF::CT::IGF INTENSIVE SUPERVISION APPEARANCE PROGRAM (ISAP III) FOR ALTERNATIVES TO DETENTION,IGF::CT::IGF INTENSIVE SUPERVISION APPEARANCE PROGRAM (ISAP III) FOR ALTERNATIVES TO DETENTION,https://www.usaspending.gov/award/CONT_AWD_HSCEDM17J00026_7012_HSCEDM14D00004_7012
85472b3be752c4c06f6f4487782fa625b4cb5679dc89d683aaa70869b3dbd5d4,ICE,Trump_I,ICE detention services,2017-10-31,HSCEDM17J00004,HSCEDM12D00001,Delivery Order,P00009,yes,"THE GEO GROUP, INC.",JMLKZZ1NL2Z6,3JMR1,2140691.87,51612132.10,51612132.10,2016-12-14,2017-11-30,2018-04-18,DETENTION COMPLIANCE AND REMOVALS,,Full And Open Competition,,Negotiated Proposal/Quote,,S206,Guard Services,561210,Facilities Support Services,IGF::OT::IGF DETENTION SERVICES AT THE SOUTH TEXAS DETENTION CENTER,DETENTION SERVICES AT THE SOUTH TEXAS DETENTION CENTER,https://www.usaspending.gov/award/CONT_AWD_HSCEDM17J00004_7012_HSCEDM12D00001_7012
a18c860f84532e039074f8b9308d5497e8d83195d0162857e552c0fd48a017b2,ICE,Trump_I,ICE detention services,2017-10-31,HSCEDM17J00008,HSCEDM14A00001,BPA Call,P00005,yes,"THE GEO GROUP, INC.",JMLKZZ1NL2Z6,3JMR1,735075.00,5654320.62,5654320.62,2017-03-03,2018-03-31,2018-03-31,DETENTION COMPLIANCE AND REMOVALS,,Competed Under Simplified Acquisition Procedures,1,Simplified Acquisition,,S206,Guard Services,922140,Correctional Institutions ,IGF::CT::IGF RIO GRANDE DETENTION CENTER,IGF::CT::IGF RIO GRANDE DETENTION CENTER,https://www.usaspending.gov/award/CONT_AWD_HSCEDM17J00008_7012_HSCEDM14A00001_7012
1db3968c6f627fe9e771cab5d8b6fb754928506f06d7637ac5760a7ad0fbb84e,ICE,Trump_I,ICE detention services,2017-10-31,HSCEDM17J00031,HSCEDM11D00003,Delivery Order,P00001,yes,"THE GEO GROUP, INC.",JMLKZZ1NL2Z6,3JMR1,3005840.58,30799575.31,30799575.31,2017-09-16,2018-09-15,2019-08-10,DETENTION COMPLIANCE AND REMOVALS,,Full And Open Competition,,Negotiated Proposal/Quote,,S206,Guard Services,561210,Facilities Support Services,"DETENTION MANAGEMENT/MEDICAL/TRANSPORTATION FOR AURORA, CO GEO GRP COCA. IGF::CT::IGF","DETENTION MANAGEMENT/MEDICAL/TRANSPORTATION FOR AURORA, CO GEO GRP COCA.
IGF::CT::IGF",https://www.usaspending.gov/award/CONT_AWD_HSCEDM17J00031_7012_HSCEDM11D00003_7012
cbbda830675af7643f5ee89b94b8c87b21940de94e9aceb2d5f661b9d436bd14,ICE,Trump_I,ICE detention services,2017-11-08,HSCEDM16J00052,HSCEDM15D00015,Delivery Order,P00010,yes,"THE GEO GROUP, INC.",JMLKZZ1NL2Z6,3JMR1,222636.00,61117009.31,61117009.31,2016-09-28,2017-09-27,2021-02-12,DETENTION COMPLIANCE AND REMOVALS,,Full And Open Competition,,Negotiated Proposal/Quote,,S206,Guard Services,561210,Facilities Support Services,"IGF::CT::IGF DETENTION, TRANSPORTATION AND FOOD SERVICES","DETENTION, TRANSPORTATION AND FOOD SERVICES",https://www.usaspending.gov/award/CONT_AWD_HSCEDM16J00052_7012_HSCEDM15D00015_7012
2a1a71fe3a7e3e2e5d73c515a81d10ec004c83d9cb73481a960620903b141aea,ICE,Trump_I,ICE detention services,2017-11-08,HSCEDM17J00031,HSCEDM11D00003,Delivery Order,P00002,yes,"THE GEO GROUP, INC.",JMLKZZ1NL2Z6,3JMR1,3794774.53,30799575.31,30799575.31,2017-09-16,2018-09-15,2019-08-10,DETENTION COMPLIANCE AND REMOVALS,,Full And Open Competition,,Negotiated Proposal/Quote,,S206,Guard Services,561210,Facilities Support Services,"DETENTION MANAGEMENT/MEDICAL/TRANSPORTATION FOR AURORA, CO GEO GRP COCA. IGF::CT::IGF","DETENTION MANAGEMENT/MEDICAL/TRANSPORTATION FOR AURORA, CO GEO GRP COCA.
IGF::CT::IGF",https://www.usaspending.gov/award/CONT_AWD_HSCEDM17J00031_7012_HSCEDM11D00003_7012
8183a0ac0af74e30171cf9fab836a0402a99e97764c08017d6102dee58a3a624,ICE,Trump_I,ICE detention services,2017-11-14,HSCEDM17J00024,HSCEDM15D00006,Delivery Order,P00005,yes,"THE GEO GROUP, INC.",JMLKZZ1NL2Z6,3JMR1,2403108.72,31778989.58,31778989.58,2017-06-29,2018-06-30,2018-09-22,DETENTION COMPLIANCE AND REMOVALS,,Full And Open Competition,,Negotiated Proposal/Quote,,S206,Guard Services,561210,Facilities Support Services,IGF::CT::IGF DETENTION SERVICES AT BROWARD TRANSITIONAL CENTER,IGF::CT::IGF DETENTION SERVICES AT BROWARD TRANSITIONAL CENTER,https://www.usaspending.gov/award/CONT_AWD_HSCEDM17J00024_7012_HSCEDM15D00006_7012
f29f0f93a857b79940ff8e2472c13af9cc2f3f61b0d1fd2d0984971101a06000,ICE,Trump_I,ICE detention services,2017-11-15,HSCEDM17J00032,HSCEDM15D00015,Delivery Order,P00002,yes,"THE GEO GROUP, INC.",JMLKZZ1NL2Z6,3JMR1,4900629.99,65718510.49,65718510.49,2017-09-14,2018-09-27,2018-09-27,DETENTION MANAGEMENT LAGUNA,,Full And Open Competition,,Negotiated Proposal/Quote,,S206,Guard Services,561210,Facilities Support Services,"IGF::CT::IGF DETENTION, TRANSPORTATION AND FOOD SERVICES","DETENTION, TRANSPORTATION AND FOOD SERVICES",https://www.usaspending.gov/award/CONT_AWD_HSCEDM17J00032_7012_HSCEDM15D00015_7012
85f347e71673d1fab545d74dd88575b770786627596a77012d2643c623417342,ICE,Trump_I,ICE detention services,2017-11-16,HSCEDM17J00008,HSCEDM14A00001,BPA Call,P00006,yes,"THE GEO GROUP, INC.",JMLKZZ1NL2Z6,3JMR1,735902.18,5654320.62,5654320.62,2017-03-03,2018-03-31,2018-03-31,DETENTION COMPLIANCE AND REMOVALS,,Competed Under Simplified Acquisition Procedures,1,Simplified Acquisition,,S206,Guard Services,922140,Correctional Institutions ,IGF::CT::IGF RIO GRANDE DETENTION CENTER,IGF::CT::IGF RIO GRANDE DETENTION CENTER,https://www.usaspending.gov/award/CONT_AWD_HSCEDM17J00008_7012_HSCEDM14A00001_7012
17d8e8af6b7b08e131b404fef039e0f09935450fbe5fd32d15f760bfa9dddb28,ICE,Trump_I,ICE detention services,2017-11-21,HSCEDM17J00008,HSCEDM14A00001,BPA Call,P00007,yes,"THE GEO GROUP, INC.",JMLKZZ1NL2Z6,3JMR1,500094.00,5654320.62,5654320.62,2017-03-03,2018-03-31,2018-03-31,DETENTION COMPLIANCE AND REMOVALS,,Competed Under Simplified Acquisition Procedures,1,Simplified Acquisition,,S206,Guard Services,922140,Correctional Institutions ,IGF::CT::IGF RIO GRANDE DETENTION CENTER,IGF::CT::IGF RIO GRANDE DETENTION CENTER,https://www.usaspending.gov/award/CONT_AWD_HSCEDM17J00008_7012_HSCEDM14A00001_7012
ae05fda5341df9002115277d106eceb261fcd8a39406c2c37870ada34274633d,ICE,Trump_I,ICE detention services,2017-11-22,HSCEDM17J00004,HSCEDM12D00001,Delivery Order,P00010,yes,"THE GEO GROUP, INC.",JMLKZZ1NL2Z6,3JMR1,1482867.45,51612132.10,51612132.10,2016-12-14,2017-11-30,2018-04-18,DETENTION COMPLIANCE AND REMOVALS,,Full And Open Competition,,Negotiated Proposal/Quote,,S206,Guard Services,561210,Facilities Support Services,IGF::OT::IGF DETENTION SERVICES AT THE SOUTH TEXAS DETENTION CENTER,DETENTION SERVICES AT THE SOUTH TEXAS DETENTION CENTER,https://www.usaspending.gov/award/CONT_AWD_HSCEDM17J00004_7012_HSCEDM12D00001_7012
4ae6898b3a5c9a6285d158c5012164469df1a5baf403c719c2802d9bc453fc27,ICE,Trump_I,ICE detention services,2017-11-28,70CDCR18FR0000009,HSCEDM12D00001,Delivery Order,0,no,"THE GEO GROUP, INC.",JMLKZZ1NL2Z6,3JMR1,8467223.88,51662696.58,51662696.58,2017-12-01,2018-12-05,2019-08-18,DETENTION COMPLIANCE AND REMOVALS,,Full And Open Competition,,Negotiated Proposal/Quote,,S206,Guard Services,561210,Facilities Support Services,DETENTION SERVICES,DETENTION SERVICES,https://www.usaspending.gov/award/CONT_AWD_70CDCR18FR0000009_7012_HSCEDM12D00001_7012
f4d86df21470b63f58d3b22abfe8dd1f3ea9248c68c05ef32994abd6ca06e07e,ICE,Trump_I,ICE detention services,2017-11-30,HSCEDM16J00042,HSCEDM11D00003,Delivery Order,P00012,yes,"THE GEO GROUP, INC.",JMLKZZ1NL2Z6,3JMR1,1081095.29,30675602.15,30675602.15,2016-09-16,2017-09-15,2017-09-15,DETENTION COMPLIANCE AND REMOVALS,,Full And Open Competition,,Negotiated Proposal/Quote,,S206,Guard Services,561210,Facilities Support Services,"IGF::CT::IGF CONTRACT DETENTION FACILITY, AURORA, COLORADO","CONTRACT DETENTION FACILITY, AURORA, COLORADO

IGF::CT::IGF",https://www.usaspending.gov/award/CONT_AWD_HSCEDM16J00042_7012_HSCEDM11D00003_7012
f39c6bd29136e29264c5d0886e20a0fd16a2bf596408021223106c1866e65883,ICE,Trump_I,ICE detention services,2017-12-06,HSCEDM17J00004,HSCEDM12D00001,Delivery Order,P00011,yes,"THE GEO GROUP, INC.",JMLKZZ1NL2Z6,3JMR1,175364.87,51612132.10,51612132.10,2016-12-14,2017-11-30,2018-04-18,DETENTION COMPLIANCE AND REMOVALS,,Full And Open Competition,,Negotiated Proposal/Quote,,S206,Guard Services,561210,Facilities Support Services,IGF::OT::IGF DETENTION SERVICES AT THE SOUTH TEXAS DETENTION CENTER,DETENTION SERVICES AT THE SOUTH TEXAS DETENTION CENTER,https://www.usaspending.gov/award/CONT_AWD_HSCEDM17J00004_7012_HSCEDM12D00001_7012
5205c263aa316bea8014bdc12c468c731933d3f8df97b44fd2ab604eea6c718d,ICE,Trump_I,ICE other/unresolved,2017-12-08,HSCEDM16J00044,HSCEDM15D00008,Delivery Order,P00008,yes,"GEO CARE SERVICES, LLC",G6XJKMJUNB91,7D4M5,-22408.52,1911358.29,1911358.29,2016-09-16,2021-03-20,2021-03-20,DETENTION COMPLIANCE AND REMOVALS,,Full And Open Competition,,Negotiated Proposal/Quote,HSCEDM15R00008,G099,Other Social Services,624190,Other Individual and Family Services ,IGF::CT::IGF,IGF::CT::IGF,https://www.usaspending.gov/award/CONT_AWD_HSCEDM16J00044_7012_HSCEDM15D00008_7012
9c6e5ceb34bc925daade6f601a4e17ef5145667312bc41edfcb1d8fd70f3c28b,ICE,Trump_I,ICE other/unresolved,2017-12-08,HSCEDM16J00046,HSCEDM15D00010,Delivery Order,P00007,yes,"GEO CARE SERVICES, LLC",G6XJKMJUNB91,7D4M5,-28030.49,2147276.63,2147276.63,2016-09-16,2021-03-20,2021-03-20,DETENTION COMPLIANCE AND REMOVALS,,Full And Open Competition,,Negotiated Proposal/Quote,,G099,Other Social Services,624190,Other Individual and Family Services ,IGF::CT::IGF,IGF::CT::IGF,https://www.usaspending.gov/award/CONT_AWD_HSCEDM16J00046_7012_HSCEDM15D00010_7012
9faf8de6a0cfc42cccad5321e94048a947f34628d819864f06e529a5e822fe27,ICE,Trump_I,ICE family case management,2017-12-08,HSCEDM16J00047,HSCEDM15D00011,Delivery Order,P00007,yes,"GEO CARE SERVICES, LLC",G6XJKMJUNB91,7D4M5,-41481.14,2190859.07,2190859.07,2016-09-16,2021-03-20,2021-03-20,DETENTION COMPLIANCE AND REMOVALS,,Full And Open Competition,,Negotiated Proposal/Quote,,G099,Other Social Services,624190,Other Individual and Family Services ,IGF::CT::IGF FAMILY CASE MANAGEMENT SERVICES,IGF::CT::IGF,https://www.usaspending.gov/award/CONT_AWD_HSCEDM16J00047_7012_HSCEDM15D00011_7012
54e985e61b41a51dfa166fb9d20ee4c7d08544e9f3cf566e8dd4eeadf9c6dbe0,ICE,Trump_I,ICE other/unresolved,2017-12-08,HSCEDM16J00048,HSCEDM15D00012,Delivery Order,P00007,yes,"GEO CARE SERVICES, LLC",G6XJKMJUNB91,7D4M5,-23393.41,1908606.19,1908606.19,2016-09-16,2021-03-20,2021-03-20,DETENTION COMPLIANCE AND REMOVALS,,Full And Open Competition,,Negotiated Proposal/Quote,,G099,Other Social Services,624190,Other Individual and Family Services ,IGF::CT::IGF,IGF::CT::IGF,https://www.usaspending.gov/award/CONT_AWD_HSCEDM16J00048_7012_HSCEDM15D00012_7012
9419751daf39edd14a9b8d34dbd2bd33367103f056504d800bd74e9b9d69ee47,ICE,Trump_I,ICE other/unresolved,2017-12-08,HSCEDM16J00049,HSCEDM15D00013,Delivery Order,P00007,yes,"GEO CARE SERVICES, LLC",G6XJKMJUNB91,7D4M5,-63370.65,1956129.30,1956129.30,2016-09-16,2021-03-20,2021-03-20,DETENTION COMPLIANCE AND REMOVALS,,Full And Open Competition,,Negotiated Proposal/Quote,,G099,Other Social Services,624190,Other Individual and Family Services ,IGF::CT::IGF,IGF::CT::IGF,https://www.usaspending.gov/award/CONT_AWD_HSCEDM16J00049_7012_HSCEDM15D00013_7012
52a2fb74b4794202e1467fe05361d8e5aec72cf873473116dd58aa3835ed8a86,ICE,Trump_I,ICE detention services,2017-12-18,HSCEDM17J00031,HSCEDM11D00003,Delivery Order,P00003,yes,"THE GEO GROUP, INC.",JMLKZZ1NL2Z6,3JMR1,3272874.74,30799575.31,30799575.31,2017-09-16,2018-09-15,2019-08-10,DETENTION COMPLIANCE AND REMOVALS,,Full And Open Competition,,Negotiated Proposal/Quote,,S206,Guard Services,561210,Facilities Support Services,"DETENTION MANAGEMENT/MEDICAL/TRANSPORTATION FOR AURORA, CO GEO GRP COCA. IGF::CT::IGF","DETENTION MANAGEMENT/MEDICAL/TRANSPORTATION FOR AURORA, CO GEO GRP COCA.
IGF::CT::IGF",https://www.usaspending.gov/award/CONT_AWD_HSCEDM17J00031_7012_HSCEDM11D00003_7012
8f0c5423f69c39d4f69a96a9a33841e9ee54035410e03798e08bcd2e47411fc9,ICE,Trump_I,ICE detention services,2017-12-26,HSCEDM17J00024,HSCEDM15D00006,Delivery Order,P00006,yes,"THE GEO GROUP, INC.",JMLKZZ1NL2Z6,3JMR1,6112032.42,31778989.58,31778989.58,2017-06-29,2018-06-30,2018-09-22,DETENTION COMPLIANCE AND REMOVALS,,Full And Open Competition,,Negotiated Proposal/Quote,,S206,Guard Services,561210,Facilities Support Services,IGF::CT::IGF DETENTION SERVICES AT BROWARD TRANSITIONAL CENTER,IGF::CT::IGF DETENTION SERVICES AT BROWARD TRANSITIONAL CENTER,https://www.usaspending.gov/award/CONT_AWD_HSCEDM17J00024_7012_HSCEDM15D00006_7012
db9607cb5ee3f63365a37f2b1b7447ded6d19df7b3ad4be9b5ceb93c2951c30a,ICE,Trump_I,ICE ISAP/electronic monitoring,2017-12-28,HSCEDM17J00026,HSCEDM14D00004,Delivery Order,P00006,yes,B.I. INCORPORATED,PKK6L9KLMYR5,3CUH9,11800000.00,123170951.98,123170951.98,2017-09-01,2019-08-31,2019-08-31,DETENTION COMPLIANCE AND REMOVALS,,Full And Open Competition,,Negotiated Proposal/Quote,,R408,Program Management/Support Services,561210,Facilities Support Services,IGF::CT::IGF INTENSIVE SUPERVISION APPEARANCE PROGRAM (ISAP III) FOR ALTERNATIVES TO DETENTION,IGF::CT::IGF INTENSIVE SUPERVISION APPEARANCE PROGRAM (ISAP III) FOR ALTERNATIVES TO DETENTION,https://www.usaspending.gov/award/CONT_AWD_HSCEDM17J00026_7012_HSCEDM14D00004_7012
80d2ff439676292a3e1183cb9b980f1aeccc48a26b5e771d293100a73881e41b,ICE,Trump_I,ICE detention services,2018-01-02,HSCEDM17J00008,HSCEDM14A00001,BPA Call,P00008,yes,"THE GEO GROUP, INC.",JMLKZZ1NL2Z6,3JMR1,922875.86,5654320.62,5654320.62,2017-03-03,2018-03-31,2018-03-31,DETENTION COMPLIANCE AND REMOVALS,,Competed Under Simplified Acquisition Procedures,1,Simplified Acquisition,,S206,Guard Services,922140,Correctional Institutions ,IGF::CT::IGF RIO GRANDE DETENTION CENTER,IGF::CT::IGF RIO GRANDE DETENTION CENTER,https://www.usaspending.gov/award/CONT_AWD_HSCEDM17J00008_7012_HSCEDM14A00001_7012
f291825007e31f55c7bcc04322fe0bcc2d55300113c7544d447a41ead9f85dc8,ICE,Trump_I,ICE detention services,2018-01-03,HSCEDM17J00032,HSCEDM15D00015,Delivery Order,P00003,yes,"THE GEO GROUP, INC.",JMLKZZ1NL2Z6,3JMR1,5579826.58,65718510.49,65718510.49,2017-09-14,2018-09-27,2018-09-27,DETENTION MANAGEMENT LAGUNA,,Full And Open Competition,,Negotiated Proposal/Quote,,S206,Guard Services,561210,Facilities Support Services,"IGF::CT::IGF DETENTION, TRANSPORTATION AND FOOD SERVICES","DETENTION, TRANSPORTATION AND FOOD SERVICES",https://www.usaspending.gov/award/CONT_AWD_HSCEDM17J00032_7012_HSCEDM15D00015_7012
865d717812c71d252f62f14f66275d56b3cfed0b16584550303148304bc9023b,ICE,Trump_I,ICE detention services,2018-01-11,70CDCR18FR0000009,HSCEDM12D00001,Delivery Order,P00001,yes,"THE GEO GROUP, INC.",JMLKZZ1NL2Z6,3JMR1,292952.00,51662696.58,51662696.58,2017-12-01,2018-12-05,2019-08-18,DETENTION COMPLIANCE AND REMOVALS,,Full And Open Competition,,Negotiated Proposal/Quote,,S206,Guard Services,561210,Facilities Support Services,DETENTION SERVICES,DETENTION SERVICES,https://www.usaspending.gov/award/CONT_AWD_70CDCR18FR0000009_7012_HSCEDM12D00001_7012
b0c71e3f52ed500d46290530a2276fbf0eab189f11529689d014890f7a4fe533,ICE,Trump_I,ICE detention services,2018-01-23,HSCEDM17J00031,HSCEDM11D00003,Delivery Order,P00004,yes,"THE GEO GROUP, INC.",JMLKZZ1NL2Z6,3JMR1,2620056.46,30799575.31,30799575.31,2017-09-16,2018-09-15,2019-08-10,DETENTION COMPLIANCE AND REMOVALS,,Full And Open Competition,,Negotiated Proposal/Quote,,S206,Guard Services,561210,Facilities Support Services,"DETENTION MANAGEMENT/MEDICAL/TRANSPORTATION FOR AURORA, CO GEO GRP COCA. IGF::CT::IGF","DETENTION MANAGEMENT/MEDICAL/TRANSPORTATION FOR AURORA, CO GEO GRP COCA.
IGF::CT::IGF",https://www.usaspending.gov/award/CONT_AWD_HSCEDM17J00031_7012_HSCEDM11D00003_7012
63c1c80d6415bae4ca17bc66a854d5e15c118b6a3af510ca32b0a726592dc65d,ICE,Trump_I,ICE detention services,2018-01-24,HSCEDM17J00032,HSCEDM15D00015,Delivery Order,P00004,yes,"THE GEO GROUP, INC.",JMLKZZ1NL2Z6,3JMR1,5363464.04,65718510.49,65718510.49,2017-09-14,2018-09-27,2018-09-27,DETENTION MANAGEMENT LAGUNA,,Full And Open Competition,,Negotiated Proposal/Quote,,S206,Guard Services,561210,Facilities Support Services,"IGF::CT::IGF DETENTION, TRANSPORTATION AND FOOD SERVICES","DETENTION, TRANSPORTATION AND FOOD SERVICES",https://www.usaspending.gov/award/CONT_AWD_HSCEDM17J00032_7012_HSCEDM15D00015_7012
466b51194be24cca05105c0bc53a8417511b1e44ffa1a81661a5566a693f964b,ICE,Trump_I,ICE ISAP/electronic monitoring,2018-01-26,HSCEDM17J00026,HSCEDM14D00004,Delivery Order,P00007,yes,B.I. INCORPORATED,PKK6L9KLMYR5,3CUH9,4372073.00,123170951.98,123170951.98,2017-09-01,2019-08-31,2019-08-31,DETENTION COMPLIANCE AND REMOVALS,,Full And Open Competition,,Negotiated Proposal/Quote,,R408,Program Management/Support Services,561210,Facilities Support Services,IGF::CT::IGF INTENSIVE SUPERVISION APPEARANCE PROGRAM (ISAP III) FOR ALTERNATIVES TO DETENTION,IGF::CT::IGF INTENSIVE SUPERVISION APPEARANCE PROGRAM (ISAP III) FOR ALTERNATIVES TO DETENTION,https://www.usaspending.gov/award/CONT_AWD_HSCEDM17J00026_7012_HSCEDM14D00004_7012
a4e2ef4c1a9a31fa28519fcf75a59658e63912f1924764312decfbb30a0775ec,ICE,Trump_I,ICE detention services,2018-01-30,HSCEDM17J00008,HSCEDM14A00001,BPA Call,P00009,yes,"THE GEO GROUP, INC.",JMLKZZ1NL2Z6,3JMR1,63855.00,5654320.62,5654320.62,2017-03-03,2018-03-31,2018-03-31,DETENTION COMPLIANCE AND REMOVALS,,Competed Under Simplified Acquisition Procedures,1,Simplified Acquisition,,S206,Guard Services,922140,Correctional Institutions ,IGF::CT::IGF RIO GRANDE DETENTION CENTER,IGF::CT::IGF RIO GRANDE DETENTION CENTER,https://www.usaspending.gov/award/CONT_AWD_HSCEDM17J00008_7012_HSCEDM14A00001_7012
9686681bbb7ab1803472d12ff6761bd773b4f485342107cf96b34ad888f4e8c9,ICE,Trump_I,ICE detention services,2018-02-06,70CDCR18FR0000009,HSCEDM12D00001,Delivery Order,P00002,yes,"THE GEO GROUP, INC.",JMLKZZ1NL2Z6,3JMR1,10955502.87,51662696.58,51662696.58,2017-12-01,2018-12-05,2019-08-18,DETENTION COMPLIANCE AND REMOVALS,,Full And Open Competition,,Negotiated Proposal/Quote,,S206,Guard Services,561210,Facilities Support Services,DETENTION SERVICES,DETENTION SERVICES,https://www.usaspending.gov/award/CONT_AWD_70CDCR18FR0000009_7012_HSCEDM12D00001_7012
05e5b4ab211fb23960b0b27f9b015cf5f91b796c66947d995bf39a871a972e86,ICE,Trump_I,ICE detention services,2018-02-07,HSCEDM17J00024,HSCEDM15D00006,Delivery Order,P00007,yes,"THE GEO GROUP, INC.",JMLKZZ1NL2Z6,3JMR1,1388500.00,31778989.58,31778989.58,2017-06-29,2018-06-30,2018-09-22,DETENTION COMPLIANCE AND REMOVALS,,Full And Open Competition,,Negotiated Proposal/Quote,,S206,Guard Services,561210,Facilities Support Services,IGF::CT::IGF DETENTION SERVICES AT BROWARD TRANSITIONAL CENTER,IGF::CT::IGF DETENTION SERVICES AT BROWARD TRANSITIONAL CENTER,https://www.usaspending.gov/award/CONT_AWD_HSCEDM17J00024_7012_HSCEDM15D00006_7012
929c24757e60ac3ac1983bd8b8873a487c65b8174667dbf10cdcd77c3a14b15e,ICE,Trump_I,ICE ISAP/electronic monitoring,2018-02-07,HSCEDM17J00026,HSCEDM14D00004,Delivery Order,P00008,yes,B.I. INCORPORATED,PKK6L9KLMYR5,3CUH9,8000000.00,123170951.98,123170951.98,2017-09-01,2019-08-31,2019-08-31,DETENTION COMPLIANCE AND REMOVALS,,Full And Open Competition,,Negotiated Proposal/Quote,,R408,Program Management/Support Services,561210,Facilities Support Services,IGF::CT::IGF INTENSIVE SUPERVISION APPEARANCE PROGRAM (ISAP III) FOR ALTERNATIVES TO DETENTION,IGF::CT::IGF INTENSIVE SUPERVISION APPEARANCE PROGRAM (ISAP III) FOR ALTERNATIVES TO DETENTION,https://www.usaspending.gov/award/CONT_AWD_HSCEDM17J00026_7012_HSCEDM14D00004_7012
c8234a235363882b930e91c946c03f659d5c63f91607da277e925c8cde7bc22b,ICE,Trump_I,ICE detention services,2018-02-14,HSCEDM17F00001,HSODT6C0002,Delivery Order,P00007,yes,"THE GEO GROUP, INC.",JMLKZZ1NL2Z6,3JMR1,-13881.78,17356.68,17356.68,2017-01-01,2017-11-14,2017-11-14,DETENTION MANAGEMENT LAGUNA,,Full And Open Competition,,Negotiated Proposal/Quote,,S206,Guard Services,561612,Security Guards and Patrol Services ,"IGF::CL::IGF DETENTION SERVICES AT THE WESTERN REGION DETENTION FACILITY IN SAN DIEGO, CA","
DETENTION SERVICES AT THE WESTERN REGION DETENTION FACILITY IN SAN DIEGO, CA",https://www.usaspending.gov/award/CONT_AWD_HSCEDM17F00001_7012_HSODT6C0002_7012
e60e110568769807b1bc9d8148ae636cc9ea50007b399c178b50053c1ad3b2f5,ICE,Trump_I,ICE detention services,2018-02-15,HSCEDM16J00042,HSCEDM11D00003,Delivery Order,P00013,yes,"THE GEO GROUP, INC.",JMLKZZ1NL2Z6,3JMR1,779.31,30675602.15,30675602.15,2016-09-16,2017-09-15,2017-09-15,DETENTION COMPLIANCE AND REMOVALS,,Full And Open Competition,,Negotiated Proposal/Quote,,S206,Guard Services,561210,Facilities Support Services,"IGF::CT::IGF CONTRACT DETENTION FACILITY, AURORA, COLORADO","CONTRACT DETENTION FACILITY, AURORA, COLORADO

IGF::CT::IGF",https://www.usaspending.gov/award/CONT_AWD_HSCEDM16J00042_7012_HSCEDM11D00003_7012
10e585fd486e82aaddaa052e197e17b959bdcee9310240a677c50f7ff3d98986,ICE,Trump_I,ICE detention services,2018-02-20,HSCEDM17J00031,HSCEDM11D00003,Delivery Order,P00005,yes,"THE GEO GROUP, INC.",JMLKZZ1NL2Z6,3JMR1,5301682.92,30799575.31,30799575.31,2017-09-16,2018-09-15,2019-08-10,DETENTION COMPLIANCE AND REMOVALS,,Full And Open Competition,,Negotiated Proposal/Quote,,S206,Guard Services,561210,Facilities Support Services,"DETENTION MANAGEMENT/MEDICAL/TRANSPORTATION FOR AURORA, CO GEO GRP COCA. IGF::CT::IGF","DETENTION MANAGEMENT/MEDICAL/TRANSPORTATION FOR AURORA, CO GEO GRP COCA.
IGF::CT::IGF",https://www.usaspending.gov/award/CONT_AWD_HSCEDM17J00031_7012_HSCEDM11D00003_7012
2f39f23c26850c88ce219522d64cef3d7a771a4484afe96ed16694f756644894,ICE,Trump_I,ICE detention services,2018-02-26,HSCEDM17J00032,HSCEDM15D00015,Delivery Order,P00005,yes,"THE GEO GROUP, INC.",JMLKZZ1NL2Z6,3JMR1,4972379.60,65718510.49,65718510.49,2017-09-14,2018-09-27,2018-09-27,DETENTION MANAGEMENT LAGUNA,,Full And Open Competition,,Negotiated Proposal/Quote,,S206,Guard Services,561210,Facilities Support Services,"IGF::CT::IGF DETENTION, TRANSPORTATION AND FOOD SERVICES","DETENTION, TRANSPORTATION AND FOOD SERVICES",https://www.usaspending.gov/award/CONT_AWD_HSCEDM17J00032_7012_HSCEDM15D00015_7012
3410aabdd54c3ac6d8c7cbe8b6a2eb4db260f61ab2e666377da696743076aae8,ICE,Trump_I,ICE detention services,2018-03-07,70CDCR18FR0000009,HSCEDM12D00001,Delivery Order,P00003,yes,"THE GEO GROUP, INC.",JMLKZZ1NL2Z6,3JMR1,3811699.00,51662696.58,51662696.58,2017-12-01,2018-12-05,2019-08-18,DETENTION COMPLIANCE AND REMOVALS,,Full And Open Competition,,Negotiated Proposal/Quote,,S206,Guard Services,561210,Facilities Support Services,DETENTION SERVICES,DETENTION SERVICES,https://www.usaspending.gov/award/CONT_AWD_70CDCR18FR0000009_7012_HSCEDM12D00001_7012
08522517e6ddb68a7c0a404c674fb7bb30534d317c5be0d3a9e826b32435503b,ICE,Trump_I,ICE ISAP/electronic monitoring,2018-03-08,HSCEDM17J00026,HSCEDM14D00004,Delivery Order,P00009,yes,B.I. INCORPORATED,PKK6L9KLMYR5,3CUH9,22000000.00,123170951.98,123170951.98,2017-09-01,2019-08-31,2019-08-31,DETENTION COMPLIANCE AND REMOVALS,,Full And Open Competition,,Negotiated Proposal/Quote,,R408,Program Management/Support Services,561210,Facilities Support Services,IGF::CT::IGF INTENSIVE SUPERVISION APPEARANCE PROGRAM (ISAP III) FOR ALTERNATIVES TO DETENTION,IGF::CT::IGF INTENSIVE SUPERVISION APPEARANCE PROGRAM (ISAP III) FOR ALTERNATIVES TO DETENTION,https://www.usaspending.gov/award/CONT_AWD_HSCEDM17J00026_7012_HSCEDM14D00004_7012
77087f7d3c96805f78e7c95d2d61383ce0b90f6618679751b6a18fb93d070f7a,ICE,Trump_I,ICE detention services,2018-03-16,HSCEDM17J00024,HSCEDM15D00006,Delivery Order,P00008,yes,"THE GEO GROUP, INC.",JMLKZZ1NL2Z6,3JMR1,3882256.14,31778989.58,31778989.58,2017-06-29,2018-06-30,2018-09-22,DETENTION COMPLIANCE AND REMOVALS,,Full And Open Competition,,Negotiated Proposal/Quote,,S206,Guard Services,561210,Facilities Support Services,IGF::CT::IGF DETENTION SERVICES AT BROWARD TRANSITIONAL CENTER,IGF::CT::IGF DETENTION SERVICES AT BROWARD TRANSITIONAL CENTER,https://www.usaspending.gov/award/CONT_AWD_HSCEDM17J00024_7012_HSCEDM15D00006_7012
89f81f2c6fd7fe44e69437c605b26440053daa3f1ab097e1947dea8711d60fef,ICE,Trump_I,ICE detention services,2018-03-19,HSCEDM17J00004,HSCEDM12D00001,Delivery Order,P00012,yes,"THE GEO GROUP, INC.",JMLKZZ1NL2Z6,3JMR1,-383488.71,51612132.10,51612132.10,2016-12-14,2017-11-30,2018-04-18,DETENTION COMPLIANCE AND REMOVALS,,Full And Open Competition,,Negotiated Proposal/Quote,,S206,Guard Services,561210,Facilities Support Services,IGF::OT::IGF DETENTION SERVICES AT THE SOUTH TEXAS DETENTION CENTER,DETENTION SERVICES AT THE SOUTH TEXAS DETENTION CENTER,https://www.usaspending.gov/award/CONT_AWD_HSCEDM17J00004_7012_HSCEDM12D00001_7012
8ef572c5deb1e4620126b25ebd80fc79fb73adea2c5c701ec545c983b589a11c,ICE,Trump_I,ICE detention services,2018-03-20,70CDCR18FC0000011,HSCEDM14A00001,BPA Call,0,no,"THE GEO GROUP, INC.",JMLKZZ1NL2Z6,3JMR1,507965.66,6490815.92,6490815.92,2018-03-20,2019-03-31,2019-03-31,DETENTION COMPLIANCE AND REMOVALS,,Competed Under Simplified Acquisition Procedures,1,Simplified Acquisition,,S206,Guard Services,922140,Correctional Institutions ,IGF::CT::IGF RIO GRANDE DETENTION CENTER,IGF::CT::IGF RIO GRANDE DETENTION CENTER,https://www.usaspending.gov/award/CONT_AWD_70CDCR18FC0000011_7012_HSCEDM14A00001_7012
b4cf07a5ad3b1013279d59b8f40674d57eeb44ae56fd4e2f7c27172f0e2704d2,ICE,Trump_I,ICE detention services,2018-04-02,HSCEDM17J00031,HSCEDM11D00003,Delivery Order,P00006,yes,"THE GEO GROUP, INC.",JMLKZZ1NL2Z6,3JMR1,172257.59,30799575.31,30799575.31,2017-09-16,2018-09-15,2019-08-10,DETENTION COMPLIANCE AND REMOVALS,,Full And Open Competition,,Negotiated Proposal/Quote,,S206,Guard Services,561210,Facilities Support Services,"DETENTION MANAGEMENT/MEDICAL/TRANSPORTATION FOR AURORA, CO GEO GRP COCA. IGF::CT::IGF","DETENTION MANAGEMENT/MEDICAL/TRANSPORTATION FOR AURORA, CO GEO GRP COCA.
IGF::CT::IGF",https://www.usaspending.gov/award/CONT_AWD_HSCEDM17J00031_7012_HSCEDM11D00003_7012
3578f72264e7d2eedfe6d8a514196b9fa21e2e3b6e7ec8311b1db30d74994e9a,ICE,Trump_I,ICE detention services,2018-04-03,HSCEDM17J00017,HSCEDM12D00001,Delivery Order,P00003,yes,"THE GEO GROUP, INC.",JMLKZZ1NL2Z6,3JMR1,-73188.76,70811.24,70811.24,2017-05-02,2017-06-12,2018-05-03,DETENTION COMPLIANCE AND REMOVALS,,Full And Open Competition,,Negotiated Proposal/Quote,,S206,Guard Services,561210,Facilities Support Services,IGF::OT::IGF DETENTION SERVICES AT THE SOUTH TEXAS DETENTION CENTER,DETENTION SERVICES AT THE SOUTH TEXAS DETENTION CENTER,https://www.usaspending.gov/award/CONT_AWD_HSCEDM17J00017_7012_HSCEDM12D00001_7012
dcf9ff883ca5822e950aa03481005011948bf9349638509298ebcffc658ec4ad,CBP,Trump_I,CBP detainee hygiene services,2018-04-06,HSBP1015P00762,,PURCHASE ORDER,P00003,yes,"THE GEO GROUP, INC.",JMLKZZ1NL2Z6,3JMR1,-28551.35,2711.07,52711.07,2015-09-17,2020-09-16,2020-09-16,BORDER ENFORCEMENT CONTRACTING DIVISION,OFFICE OF FIELD OPERATIONS,NOT COMPETED,1,ONLY ONE SOURCE,HSBP1015Q0195,G099,SOCIAL- OTHER,922140,CORRECTIONAL INSTITUTIONS,HYGIENE SERVICES FOR DETAINEES,IGF::OT::IGF HYGIENE SERVICES FOR DETAINEES,https://www.usaspending.gov/award/CONT_AWD_HSBP1015P00762_7014_-NONE-_-NONE-
c724c179f02ee89fe78e568b9b576bd41f836525b210757450b1afa127b0773c,ICE,Trump_I,ICE detention services,2018-04-06,HSCEDM17J00032,HSCEDM15D00015,Delivery Order,P00006,yes,"THE GEO GROUP, INC.",JMLKZZ1NL2Z6,3JMR1,7161641.00,65718510.49,65718510.49,2017-09-14,2018-09-27,2018-09-27,DETENTION MANAGEMENT LAGUNA,,Full And Open Competition,,Negotiated Proposal/Quote,,S206,Guard Services,561210,Facilities Support Services,"IGF::CT::IGF DETENTION, TRANSPORTATION AND FOOD SERVICES","DETENTION, TRANSPORTATION AND FOOD SERVICES",https://www.usaspending.gov/award/CONT_AWD_HSCEDM17J00032_7012_HSCEDM15D00015_7012
430bae6ef0c7ee3f39705b379d8d2dc26b030b4bf570ff57840a186b71ba509f,ICE,Trump_I,ICE detention services,2018-04-09,70CDCR18FR0000009,HSCEDM12D00001,Delivery Order,P00004,yes,"THE GEO GROUP, INC.",JMLKZZ1NL2Z6,3JMR1,158417.00,51662696.58,51662696.58,2017-12-01,2018-12-05,2019-08-18,DETENTION COMPLIANCE AND REMOVALS,,Full And Open Competition,,Negotiated Proposal/Quote,,S206,Guard Services,561210,Facilities Support Services,IGF::OT::IGF DETENTION SERVICES,DETENTION SERVICES,https://www.usaspending.gov/award/CONT_AWD_70CDCR18FR0000009_7012_HSCEDM12D00001_7012
607d0e852bca8c57ac31241d90e3a5b4d397adea7cb5f9732d3b461b60638f1c,ICE,Trump_I,ICE detention services,2018-04-11,70CDCR18FR0000045,HSCEDM17D00009,Delivery Order,0,no,"THE GEO GROUP, INC.",JMLKZZ1NL2Z6,3JMR1,600.00,600.00,600.00,2018-04-11,2029-10-11,2029-10-11,DETENTION COMPLIANCE AND REMOVALS,,Full And Open Competition,,Negotiated Proposal/Quote,HSCEDM15R00004,S206,Guard Services,561210,Facilities Support Services,IGF::CT::IGF HOUSTON DETENTION FACILITY,HOUSTON DETENTION FACILITY,https://www.usaspending.gov/award/CONT_AWD_70CDCR18FR0000045_7012_HSCEDM17D00009_7012
c312ec0bfec9ddd9af99d3cee550e2c683b54860b5987978fe143a8f48e85526,ICE,Trump_I,ICE detention services,2018-04-13,HSCEDM17J00024,HSCEDM15D00006,Delivery Order,P00009,yes,"THE GEO GROUP, INC.",JMLKZZ1NL2Z6,3JMR1,2719000.00,31778989.58,31778989.58,2017-06-29,2018-06-30,2018-09-22,DETENTION COMPLIANCE AND REMOVALS,,Full And Open Competition,,Negotiated Proposal/Quote,,S206,Guard Services,561210,Facilities Support Services,IGF::CT::IGF DETENTION SERVICES AT BROWARD TRANSITIONAL CENTER,IGF::CT::IGF DETENTION SERVICES AT BROWARD TRANSITIONAL CENTER,https://www.usaspending.gov/award/CONT_AWD_HSCEDM17J00024_7012_HSCEDM15D00006_7012
c482d513dcc7566de166d1b65b2adff7679ca1a8899df57cfa2ed494dbd2fbcc,ICE,Trump_I,ICE other/unresolved,2018-04-18,70CDCR18P00000084,,Purchase Order,0,no,"CORNELL COMPANIES, INC.",TLDCDE29G781,3MTH6,757.30,0.00,0.00,2018-02-01,2019-01-31,2021-01-29,DETENTION COMPLIANCE AND REMOVALS,,Competed Under Simplified Acquisition Procedures,1,Simplified Acquisition,,S206,Guard Services,561612,Security Guards and Patrol Services ,USE OF THIS FACILITY DUE TO POSSIBLE INCLEMENT WEATHER AND HAZARDOUS DRIVING CONDITIONS.,USE OF THIS FACILITY DUE TO POSSIBLE INCLEMENT WEATHER AND HAZARDOUS DRIVING CONDITIONS.,https://www.usaspending.gov/award/CONT_AWD_70CDCR18P00000084_7012_-NONE-_-NONE-
6587e5ff38361a42ff68c1ac273fba8233e37304a40b7923c23f45aefe83ed95,ICE,Trump_I,ICE detention services,2018-04-27,70CDCR18FC0000011,HSCEDM14A00001,BPA Call,P00001,yes,"THE GEO GROUP, INC.",JMLKZZ1NL2Z6,3JMR1,0.00,6490815.92,6490815.92,2018-03-20,2019-03-31,2019-03-31,DETENTION COMPLIANCE AND REMOVALS,,Competed Under Simplified Acquisition Procedures,1,Simplified Acquisition,,S206,Guard Services,922140,Correctional Institutions ,IGF::CT::IGF RIO GRANDE DETENTION CENTER,IGF::CT::IGF RIO GRANDE DETENTION CENTER,https://www.usaspending.gov/award/CONT_AWD_70CDCR18FC0000011_7012_HSCEDM14A00001_7012
25c017423debd418182876db74abcb5be8ed9e0cc45dd6c916ecfbb97fbf6221,ICE,Trump_I,ICE detention services,2018-04-30,70CDCR18FR0000009,HSCEDM12D00001,Delivery Order,P00005,yes,"THE GEO GROUP, INC.",JMLKZZ1NL2Z6,3JMR1,204998.40,51662696.58,51662696.58,2017-12-01,2018-12-05,2019-08-18,DETENTION COMPLIANCE AND REMOVALS,,Full And Open Competition,,Negotiated Proposal/Quote,,S206,Guard Services,561210,Facilities Support Services,IGF::OT::IGF DETENTION SERVICES,DETENTION SERVICES,https://www.usaspending.gov/award/CONT_AWD_70CDCR18FR0000009_7012_HSCEDM12D00001_7012
1805cce90d51e50173523b60c8b7c6605b7bc5a5360b55d4807063435049c885,ICE,Trump_I,ICE detention services,2018-05-01,HSCEDM17J00031,HSCEDM11D00003,Delivery Order,P00007,yes,"THE GEO GROUP, INC.",JMLKZZ1NL2Z6,3JMR1,12341407.88,30799575.31,30799575.31,2017-09-16,2018-09-15,2019-08-10,DETENTION COMPLIANCE AND REMOVALS,,Full And Open Competition,,Negotiated Proposal/Quote,,S206,Guard Services,561210,Facilities Support Services,"DETENTION MANAGEMENT/MEDICAL/TRANSPORTATION FOR AURORA, CO GEO GRP COCA. IGF::CT::IGF","DETENTION MANAGEMENT/MEDICAL/TRANSPORTATION FOR AURORA, CO GEO GRP COCA.
IGF::CT::IGF",https://www.usaspending.gov/award/CONT_AWD_HSCEDM17J00031_7012_HSCEDM11D00003_7012
7f4652dcf623d5206ff0c9702fc19d5f49213c6688d2ebf81b596a5e709aee72,ICE,Trump_I,ICE detention services,2018-05-02,70CDCR18FR0000052,HSCEDM11D00003,Delivery Order,0,no,"THE GEO GROUP, INC.",JMLKZZ1NL2Z6,3JMR1,1361148.43,47687272.92,47687272.92,2018-09-16,2019-09-15,2020-03-25,DETENTION COMPLIANCE AND REMOVALS,,Full And Open Competition,,Negotiated Proposal/Quote,,S206,Guard Services,561210,Facilities Support Services,"DETENTION SERVICES FOR AURORA, CO CDF","DETENTION SERVICES FOR AURORA, CO CDF",https://www.usaspending.gov/award/CONT_AWD_70CDCR18FR0000052_7012_HSCEDM11D00003_7012
cc83ee9a7c8960f2e556481ccc158ce3b6f740ab864c4a57eb93349c2fc3a4d5,CBP,Trump_I,CBP detention/jail space,2018-05-07,HSBP1016P00277,,PURCHASE ORDER,P00004,yes,"THE GEO GROUP, INC.",JMLKZZ1NL2Z6,3JMR1,214675.14,833449.72,845956.19,2016-05-01,2020-04-30,2020-04-30,BORDER ENFORCEMENT CONTRACTING DIVISION,US BORDER PATROL,NOT COMPETED UNDER SAP,1,SIMPLIFIED ACQUISITION,HSBP1016Q0062,X1FF,LEASE/RENTAL OF PENAL FACILITIES,922140,CORRECTIONAL INSTITUTIONS,IGF::OT::IGF - EXERCISE OPTION YEAR 2 FOR DETENTION SERVICES RIO GRANDE VALLEY SECTOR US BORDER PATROL.,IGF::OT::IGF - DETENTION SPACE,https://www.usaspending.gov/award/CONT_AWD_HSBP1016P00277_7014_-NONE-_-NONE-
90f804b79a98f0eb41eb8b0b22c3f9c291263b59f2a19cec36c05735c10b2b18,ICE,Trump_I,ICE detention services,2018-05-09,HSCEDM17J00032,HSCEDM15D00015,Delivery Order,P00007,yes,"THE GEO GROUP, INC.",JMLKZZ1NL2Z6,3JMR1,26837465.06,65718510.49,65718510.49,2017-09-14,2018-09-27,2018-09-27,DETENTION MANAGEMENT LAGUNA,,Full And Open Competition,,Negotiated Proposal/Quote,,S206,Guard Services,561210,Facilities Support Services,"IGF::CT::IGF DETENTION, TRANSPORTATION AND FOOD SERVICES","DETENTION, TRANSPORTATION AND FOOD SERVICES",https://www.usaspending.gov/award/CONT_AWD_HSCEDM17J00032_7012_HSCEDM15D00015_7012
6a765d4f58a3256ee25921d2cd41f6e43ee661624c66901cf7183285449ebdda,ICE,Trump_I,ICE detention services,2018-05-11,HSCEDM17J00024,HSCEDM15D00006,Delivery Order,P00010,yes,"THE GEO GROUP, INC.",JMLKZZ1NL2Z6,3JMR1,2766567.53,31778989.58,31778989.58,2017-06-29,2018-06-30,2018-09-22,DETENTION COMPLIANCE AND REMOVALS,,Full And Open Competition,,Negotiated Proposal/Quote,,S206,Guard Services,561210,Facilities Support Services,IGF::CT::IGF DETENTION SERVICES AT BROWARD TRANSITIONAL CENTER,IGF::CT::IGF DETENTION SERVICES AT BROWARD TRANSITIONAL CENTER,https://www.usaspending.gov/award/CONT_AWD_HSCEDM17J00024_7012_HSCEDM15D00006_7012
517c028017cfc4091e6e1b6d755324f19d8cf2aa6d9dc894506557f0b7c78f02,ICE,Trump_I,ICE detention services,2018-05-18,70CDCR18FC0000011,HSCEDM14A00001,BPA Call,P00002,yes,"THE GEO GROUP, INC.",JMLKZZ1NL2Z6,3JMR1,1788218.00,6490815.92,6490815.92,2018-03-20,2019-03-31,2019-03-31,DETENTION COMPLIANCE AND REMOVALS,,Competed Under Simplified Acquisition Procedures,1,Simplified Acquisition,,S206,Guard Services,922140,Correctional Institutions ,IGF::CT::IGF RIO GRANDE DETENTION CENTER,IGF::CT::IGF RIO GRANDE DETENTION CENTER,https://www.usaspending.gov/award/CONT_AWD_70CDCR18FC0000011_7012_HSCEDM14A00001_7012
73ee6fdf525db565020c1befd83d5c432359a505bed20574d22dfcbb78913734,ICE,Trump_I,ICE detention services,2018-05-18,70CDCR18FR0000009,HSCEDM12D00001,Delivery Order,P00006,yes,"THE GEO GROUP, INC.",JMLKZZ1NL2Z6,3JMR1,17725477.11,51662696.58,51662696.58,2017-12-01,2018-12-05,2019-08-18,DETENTION COMPLIANCE AND REMOVALS,,Full And Open Competition,,Negotiated Proposal/Quote,,S206,Guard Services,561210,Facilities Support Services,IGF::OT::IGF DETENTION SERVICES,DETENTION SERVICES,https://www.usaspending.gov/award/CONT_AWD_70CDCR18FR0000009_7012_HSCEDM12D00001_7012
8404743ab94e22ae5dd2ce416c903fd22a80058eb87d64189281536c0833f2d7,ICE,Trump_I,ICE ISAP/electronic monitoring,2018-05-18,HSCEDM17J00026,HSCEDM14D00004,Delivery Order,P00010,yes,B.I. INCORPORATED,PKK6L9KLMYR5,3CUH9,27172973.00,123170951.98,123170951.98,2017-09-01,2019-08-31,2019-08-31,DETENTION COMPLIANCE AND REMOVALS,,Full And Open Competition,,Negotiated Proposal/Quote,,R408,Program Management/Support Services,561210,Facilities Support Services,IGF::CT::IGF INTENSIVE SUPERVISION APPEARANCE PROGRAM (ISAP III) FOR ALTERNATIVES TO DETENTION,IGF::CT::IGF INTENSIVE SUPERVISION APPEARANCE PROGRAM (ISAP III) FOR ALTERNATIVES TO DETENTION,https://www.usaspending.gov/award/CONT_AWD_HSCEDM17J00026_7012_HSCEDM14D00004_7012
afea5ce01899e42a343b6b8b43efd4bde4490a6d61751e404d11c8edd8d0c9ed,ICE,Trump_I,ICE ISAP/electronic monitoring,2018-05-22,HSCEDM17J00026,HSCEDM14D00004,Delivery Order,P00011,yes,B.I. INCORPORATED,PKK6L9KLMYR5,3CUH9,7600000.00,123170951.98,123170951.98,2017-09-01,2019-08-31,2019-08-31,DETENTION COMPLIANCE AND REMOVALS,,Full And Open Competition,,Negotiated Proposal/Quote,,R408,Program Management/Support Services,561210,Facilities Support Services,IGF::CT::IGF INTENSIVE SUPERVISION APPEARANCE PROGRAM (ISAP III) FOR ALTERNATIVES TO DETENTION,IGF::CT::IGF INTENSIVE SUPERVISION APPEARANCE PROGRAM (ISAP III) FOR ALTERNATIVES TO DETENTION,https://www.usaspending.gov/award/CONT_AWD_HSCEDM17J00026_7012_HSCEDM14D00004_7012
06b876f6e4aebaaa0b3edae0cc96ac3ff1a8d909803e197302564a14da3bc340,ICE,Trump_I,ICE detention services,2018-05-23,70CDCR18FR0000009,HSCEDM12D00001,Delivery Order,P00007,yes,"THE GEO GROUP, INC.",JMLKZZ1NL2Z6,3JMR1,3040020.00,51662696.58,51662696.58,2017-12-01,2018-12-05,2019-08-18,DETENTION COMPLIANCE AND REMOVALS,,Full And Open Competition,,Negotiated Proposal/Quote,,S206,Guard Services,561210,Facilities Support Services,IGF::OT::IGF DETENTION SERVICES,DETENTION SERVICES,https://www.usaspending.gov/award/CONT_AWD_70CDCR18FR0000009_7012_HSCEDM12D00001_7012
a2bdf479155e9914301ddbf2ac7c7e14545560a35b3d9fe7050ce04f7a7ab4a3,ICE,Trump_I,ICE detention services,2018-05-30,70CDCR18FR0000009,HSCEDM12D00001,Delivery Order,P00008,yes,"THE GEO GROUP, INC.",JMLKZZ1NL2Z6,3JMR1,0.00,51662696.58,51662696.58,2017-12-01,2018-12-05,2019-08-18,DETENTION COMPLIANCE AND REMOVALS,,Full And Open Competition,,Negotiated Proposal/Quote,,S206,Guard Services,561210,Facilities Support Services,IGF::OT::IGF DETENTION SERVICES,DETENTION SERVICES,https://www.usaspending.gov/award/CONT_AWD_70CDCR18FR0000009_7012_HSCEDM12D00001_7012
b68fc647e539687d70fc9d3dd1f4a9c8090c9793bef272e1245882de42dd1f87,ICE,Trump_I,ICE ISAP/electronic monitoring,2018-06-01,HSCEDM17J00026,HSCEDM14D00004,Delivery Order,P00012,yes,B.I. INCORPORATED,PKK6L9KLMYR5,3CUH9,-16842787.63,123170951.98,123170951.98,2017-09-01,2019-08-31,2019-08-31,DETENTION COMPLIANCE AND REMOVALS,,Full And Open Competition,,Negotiated Proposal/Quote,,R408,Program Management/Support Services,561210,Facilities Support Services,IGF::CT::IGF INTENSIVE SUPERVISION APPEARANCE PROGRAM (ISAP III) FOR ALTERNATIVES TO DETENTION,IGF::CT::IGF INTENSIVE SUPERVISION APPEARANCE PROGRAM (ISAP III) FOR ALTERNATIVES TO DETENTION,https://www.usaspending.gov/award/CONT_AWD_HSCEDM17J00026_7012_HSCEDM14D00004_7012
dd55c9d0c046530f2e7a13fd3c4f34b20873e81d41ff7a646745bbc792c34a1d,ICE,Trump_I,ICE ISAP/electronic monitoring,2018-06-04,HSCEDM17J00026,HSCEDM14D00004,Delivery Order,P00013,yes,B.I. INCORPORATED,PKK6L9KLMYR5,3CUH9,-10330185.37,123170951.98,123170951.98,2017-09-01,2019-08-31,2019-08-31,DETENTION COMPLIANCE AND REMOVALS,,Full And Open Competition,,Negotiated Proposal/Quote,,R408,Program Management/Support Services,561210,Facilities Support Services,IGF::CT::IGF INTENSIVE SUPERVISION APPEARANCE PROGRAM (ISAP III) FOR ALTERNATIVES TO DETENTION,IGF::CT::IGF INTENSIVE SUPERVISION APPEARANCE PROGRAM (ISAP III) FOR ALTERNATIVES TO DETENTION,https://www.usaspending.gov/award/CONT_AWD_HSCEDM17J00026_7012_HSCEDM14D00004_7012
e99aa3a34318f144b9aa5756869a3369c48d370ecea6ec11bed40938333c638d,ICE,Trump_I,ICE detention services,2018-06-07,70CDCR18FR0000009,HSCEDM12D00001,Delivery Order,P00009,yes,"THE GEO GROUP, INC.",JMLKZZ1NL2Z6,3JMR1,-3040020.00,51662696.58,51662696.58,2017-12-01,2018-12-05,2019-08-18,DETENTION COMPLIANCE AND REMOVALS,,Full And Open Competition,,Negotiated Proposal/Quote,,S206,Guard Services,561210,Facilities Support Services,IGF::OT::IGF DETENTION SERVICES,DETENTION SERVICES,https://www.usaspending.gov/award/CONT_AWD_70CDCR18FR0000009_7012_HSCEDM12D00001_7012
40bcba19db45a084c8c6bc4ed6ed993c147d73327caf3ad1e530ae22e8a31c28,ICE,Trump_I,ICE ISAP/electronic monitoring,2018-06-11,HSCEDM17J00026,HSCEDM14D00004,Delivery Order,P00014,yes,B.I. INCORPORATED,PKK6L9KLMYR5,3CUH9,25000000.00,123170951.98,123170951.98,2017-09-01,2019-08-31,2019-08-31,DETENTION COMPLIANCE AND REMOVALS,,Full And Open Competition,,Negotiated Proposal/Quote,,R408,Program Management/Support Services,561210,Facilities Support Services,IGF::CT::IGF INTENSIVE SUPERVISION APPEARANCE PROGRAM (ISAP III) FOR ALTERNATIVES TO DETENTION,IGF::CT::IGF INTENSIVE SUPERVISION APPEARANCE PROGRAM (ISAP III) FOR ALTERNATIVES TO DETENTION,https://www.usaspending.gov/award/CONT_AWD_HSCEDM17J00026_7012_HSCEDM14D00004_7012
d264a1f26ba9e9fb20c16985a87d1832a92505259f48be59b74eaaf8172cc6c9,ICE,Trump_I,ICE detention services,2018-06-13,70CDCR18FR0000070,HSCEDM15D00015,Delivery Order,0,no,"THE GEO GROUP, INC.",JMLKZZ1NL2Z6,3JMR1,6137842.39,64722320.27,64722320.27,2018-09-28,2019-09-27,2021-02-12,DETENTION COMPLIANCE AND REMOVALS,,Full And Open Competition,,Negotiated Proposal/Quote,,S206,Guard Services,561210,Facilities Support Services,"IGF::CT::IGF DETENTION, FOOD AND TRANSPORTAION SERVICES","IGF::CT::IGF DETENTION, FOOD AND TRANSPORTAION SERVICES",https://www.usaspending.gov/award/CONT_AWD_70CDCR18FR0000070_7012_HSCEDM15D00015_7012
2b7825aedcd2a658b6e8a7aa207356160d5e69a62b1d1f21a8943fd1b855637a,ICE,Trump_I,ICE detention services,2018-06-14,70CDCR18FR0000071,HSCEDM15D00006,Delivery Order,0,no,"THE GEO GROUP, INC.",JMLKZZ1NL2Z6,3JMR1,8482319.40,32304821.09,32304821.09,2018-06-14,2019-06-30,2020-06-27,DETENTION COMPLIANCE AND REMOVALS,,Full And Open Competition,,Negotiated Proposal/Quote,HSCEDM14R00002,S206,Guard Services,561210,Facilities Support Services,IGF::CT::IGF DETENTION SERVICES AT BROWARD TRANSITIONAL CENTER,IGF::CT::IGF DETENTION SERVICES AT BROWARD TRANSITIONAL CENTER,https://www.usaspending.gov/award/CONT_AWD_70CDCR18FR0000071_7012_HSCEDM15D00006_7012
bad62f10e855f42694e56f1f7139ee30b1c32f17407c290a921b77fc6c4b1f60,ICE,Trump_I,ICE detention services,2018-06-20,HSCEDM17J00031,HSCEDM11D00003,Delivery Order,P00008,yes,"THE GEO GROUP, INC.",JMLKZZ1NL2Z6,3JMR1,499891.20,30799575.31,30799575.31,2017-09-16,2018-09-15,2019-08-10,DETENTION COMPLIANCE AND REMOVALS,,Full And Open Competition,,Negotiated Proposal/Quote,,S206,Guard Services,561210,Facilities Support Services,"DETENTION MANAGEMENT/MEDICAL/TRANSPORTATION FOR AURORA, CO GEO GRP COCA. IGF::CT::IGF","DETENTION MANAGEMENT/MEDICAL/TRANSPORTATION FOR AURORA, CO GEO GRP COCA.
IGF::CT::IGF",https://www.usaspending.gov/award/CONT_AWD_HSCEDM17J00031_7012_HSCEDM11D00003_7012
3dec7c52393e291ecaedf0e88c1d27d8663141175a6f7bc1a4c974e5ed8219e5,ICE,Trump_I,ICE detention services,2018-07-05,70CDCR18FR0000052,HSCEDM11D00003,Delivery Order,P00001,yes,"THE GEO GROUP, INC.",JMLKZZ1NL2Z6,3JMR1,499058.00,47687272.92,47687272.92,2018-09-16,2019-09-15,2020-03-25,DETENTION COMPLIANCE AND REMOVALS,,Full And Open Competition,,Negotiated Proposal/Quote,,S206,Guard Services,561210,Facilities Support Services,"DETENTION SERVICES FOR AURORA, CO CDF","DETENTION SERVICES FOR AURORA, CO CDF",https://www.usaspending.gov/award/CONT_AWD_70CDCR18FR0000052_7012_HSCEDM11D00003_7012
f682afdd02b6fbff7e94af9a0429dcd0b09e25fd07523b4cd4727563ad39ab53,ICE,Trump_I,ICE detention services,2018-07-11,HSCEDM17J00031,HSCEDM11D00003,Delivery Order,P00009,yes,"THE GEO GROUP, INC.",JMLKZZ1NL2Z6,3JMR1,124972.80,30799575.31,30799575.31,2017-09-16,2018-09-15,2019-08-10,DETENTION COMPLIANCE AND REMOVALS,,Full And Open Competition,,Negotiated Proposal/Quote,,S206,Guard Services,561210,Facilities Support Services,"DETENTION MANAGEMENT/MEDICAL/TRANSPORTATION FOR AURORA, CO GEO GRP COCA. IGF::CT::IGF","DETENTION MANAGEMENT/MEDICAL/TRANSPORTATION FOR AURORA, CO GEO GRP COCA.
IGF::CT::IGF",https://www.usaspending.gov/award/CONT_AWD_HSCEDM17J00031_7012_HSCEDM11D00003_7012
3625edf1c7249a65435630f3b840265a821db96e5c38c7b0b69ce024012bf250,ICE,Trump_I,ICE detention services,2018-07-25,70CDCR18FC0000028,70CDCR18A00000007,BPA Call,0,no,"THE GEO GROUP, INC.",JMLKZZ1NL2Z6,3JMR1,515162.00,3308537.04,3308537.04,2018-07-25,2019-07-22,2020-06-28,DETENTION COMPLIANCE AND REMOVALS,,Competed Under Simplified Acquisition Procedures,1,Simplified Acquisition,,S206,Guard Services,922140,Correctional Institutions ,IGF::CT::IGF  ROBERT A. DEYTON DETENTION FACILITY,"IGF::CT::IGF 
ROBERT A. DEYTON DETENTION FACILITY",https://www.usaspending.gov/award/CONT_AWD_70CDCR18FC0000028_7012_70CDCR18A00000007_7012
0a53f1aceceb7d3ea346c708abc393908709822325b3d5bfc3a8b8ccab0b09bf,CBP,Trump_I,CBP detention/jail space,2018-08-03,HSBP1016P00277,,PURCHASE ORDER,P00005,yes,"THE GEO GROUP, INC.",JMLKZZ1NL2Z6,3JMR1,-39933.30,833449.72,845956.19,2016-05-01,2020-04-30,2020-04-30,BORDER ENFORCEMENT CONTRACTING DIVISION,US BORDER PATROL,NOT COMPETED UNDER SAP,1,SIMPLIFIED ACQUISITION,HSBP1016Q0062,X1FF,LEASE/RENTAL OF PENAL FACILITIES,922140,CORRECTIONAL INSTITUTIONS,IGF::OT::IGF - DEOBLIGATION OF EXCESS FUNDS AND ADD ADDITIONAL FUNDS FOR COASTAL BEND OPTION YEAR 2.,IGF::OT::IGF - DETENTION SPACE,https://www.usaspending.gov/award/CONT_AWD_HSBP1016P00277_7014_-NONE-_-NONE-
dbba72a082870f85283e276fd5178577a68b484b093f7be954e7f5577472ecbb,ICE,Trump_I,ICE detention services,2018-08-12,70CDCR18FC0000011,HSCEDM14A00001,BPA Call,P00003,yes,"THE GEO GROUP, INC.",JMLKZZ1NL2Z6,3JMR1,1016374.22,6490815.92,6490815.92,2018-03-20,2019-03-31,2019-03-31,DETENTION COMPLIANCE AND REMOVALS,,Competed Under Simplified Acquisition Procedures,1,Simplified Acquisition,,S206,Guard Services,922140,Correctional Institutions ,IGF::CT::IGF RIO GRANDE DETENTION CENTER,IGF::CT::IGF RIO GRANDE DETENTION CENTER,https://www.usaspending.gov/award/CONT_AWD_70CDCR18FC0000011_7012_HSCEDM14A00001_7012
41034c1f8c02230f3402089ff1bd9d2e5566fd39a357c662b3a81bf1c35a882c,ICE,Trump_I,ICE ISAP/electronic monitoring,2018-08-13,70CDCR18FR0000118,HSCEDM14D00004,Delivery Order,0,no,B.I. INCORPORATED,PKK6L9KLMYR5,3CUH9,16159285.96,162229226.05,162229226.05,2018-08-13,2019-08-31,2019-08-31,DETENTION COMPLIANCE AND REMOVALS,,Full And Open Competition,,Negotiated Proposal/Quote,,R408,Program Management/Support Services,561210,Facilities Support Services,ISAP III ALTERNATIVES TO DETENTION TASK ORDER,ISAP III ALTERNATIVES TO DETENTION TASK ORDER,https://www.usaspending.gov/award/CONT_AWD_70CDCR18FR0000118_7012_HSCEDM14D00004_7012
1b050676ef77e867781391bcb80687e26e3b5a48dd71159d68745e353d56b072,ICE,Trump_I,ICE other/unresolved,2018-08-20,70CDCR18FR0000125,HSCEDM17D00009,Delivery Order,0,no,"THE GEO GROUP, INC.",JMLKZZ1NL2Z6,3JMR1,246775.59,246775.59,246775.59,2018-08-20,2018-09-30,2018-09-30,DETENTION COMPLIANCE AND REMOVALS,,Full And Open Competition,,Negotiated Proposal/Quote,,S206,Guard Services,561210,Facilities Support Services,PROCURE SUPPLIES/EQUIPMENT FOR MONTGOMERY PROCESSING CENTER IHSC MEDICAL AND DENTAL CLINICS,PROCURE SUPPLIES/EQUIPMENT FOR MONTGOMERY PROCESSING CENTER IHSC MEDICAL AND DENTAL CLINICS,https://www.usaspending.gov/award/CONT_AWD_70CDCR18FR0000125_7012_HSCEDM17D00009_7012
22988ab6a7448a7f3c92929461230f4e38094edb1a186e6601497c8161b8bd69,ICE,Trump_I,ICE detention services,2018-08-23,70CDCR18FR0000071,HSCEDM15D00006,Delivery Order,P00001,yes,"THE GEO GROUP, INC.",JMLKZZ1NL2Z6,3JMR1,11009.25,32304821.09,32304821.09,2018-06-14,2019-06-30,2020-06-27,DETENTION COMPLIANCE AND REMOVALS,,Full And Open Competition,,Negotiated Proposal/Quote,HSCEDM14R00002,S206,Guard Services,561210,Facilities Support Services,IGF::CT::IGF DETENTION SERVICES AT BROWARD TRANSITIONAL CENTER,IGF::CT::IGF DETENTION SERVICES AT BROWARD TRANSITIONAL CENTER,https://www.usaspending.gov/award/CONT_AWD_70CDCR18FR0000071_7012_HSCEDM15D00006_7012
f88a0047753278442c4d111cb2efadf66a0de6273822cf7d99cdf4275b3adba3,ICE,Trump_I,ICE detention services,2018-08-23,HSCEDM17J00024,HSCEDM15D00006,Delivery Order,P00011,yes,"THE GEO GROUP, INC.",JMLKZZ1NL2Z6,3JMR1,-196391.38,31778989.58,31778989.58,2017-06-29,2018-06-30,2018-09-22,DETENTION COMPLIANCE AND REMOVALS,,Full And Open Competition,,Negotiated Proposal/Quote,,S206,Guard Services,561210,Facilities Support Services,IGF::CT::IGF DETENTION SERVICES AT BROWARD TRANSITIONAL CENTER,IGF::CT::IGF DETENTION SERVICES AT BROWARD TRANSITIONAL CENTER,https://www.usaspending.gov/award/CONT_AWD_HSCEDM17J00024_7012_HSCEDM15D00006_7012
ae5426be2206fee45af7d4c8bf9c805537bcd5922e4d60bc35113b979bc39dc6,ICE,Trump_I,ICE detention services,2018-08-24,70CDCR18FR0000071,HSCEDM15D00006,Delivery Order,P00002,yes,"THE GEO GROUP, INC.",JMLKZZ1NL2Z6,3JMR1,-108235.00,32304821.09,32304821.09,2018-06-14,2019-06-30,2020-06-27,DETENTION COMPLIANCE AND REMOVALS,,Full And Open Competition,,Negotiated Proposal/Quote,HSCEDM14R00002,S206,Guard Services,561210,Facilities Support Services,IGF::CT::IGF DETENTION SERVICES AT BROWARD TRANSITIONAL CENTER,IGF::CT::IGF DETENTION SERVICES AT BROWARD TRANSITIONAL CENTER,https://www.usaspending.gov/award/CONT_AWD_70CDCR18FR0000071_7012_HSCEDM15D00006_7012
4ca1f17b859e12ab9c0872fce5a0cdaaca2d94263f6f0a280f7fe0a4a497da22,CBP,Trump_I,CBP detention/jail space,2018-08-28,HSBP1016P00277,,PURCHASE ORDER,P00006,yes,"THE GEO GROUP, INC.",JMLKZZ1NL2Z6,3JMR1,0.00,833449.72,845956.19,2016-05-01,2020-04-30,2020-04-30,BORDER ENFORCEMENT CONTRACTING DIVISION,US BORDER PATROL,NOT COMPETED UNDER SAP,1,SIMPLIFIED ACQUISITION,HSBP1016Q0062,X1FF,LEASE/RENTAL OF PENAL FACILITIES,922140,CORRECTIONAL INSTITUTIONS,IGF::OT::IGF - MOD TO DELEGATE THE COR TO ADOPT AND ENSURE VENDOR COMPLIANCE WITH THE PREA CLAUSE.,IGF::OT::IGF - DETENTION SPACE,https://www.usaspending.gov/award/CONT_AWD_HSBP1016P00277_7014_-NONE-_-NONE-
fda221f1e6cc39d7b7f6569b426e72b6f715e76955b86893410fffbf5b7a58b3,ICE,Trump_I,ICE ISAP/electronic monitoring,2018-08-28,HSCEDM17J00026,HSCEDM14D00004,Delivery Order,P00015,yes,B.I. INCORPORATED,PKK6L9KLMYR5,3CUH9,2500000.00,123170951.98,123170951.98,2017-09-01,2019-08-31,2019-08-31,DETENTION COMPLIANCE AND REMOVALS,,Full And Open Competition,,Negotiated Proposal/Quote,,R408,Program Management/Support Services,561210,Facilities Support Services,IGF::CT::IGF INTENSIVE SUPERVISION APPEARANCE PROGRAM (ISAP III) FOR ALTERNATIVES TO DETENTION,IGF::CT::IGF INTENSIVE SUPERVISION APPEARANCE PROGRAM (ISAP III) FOR ALTERNATIVES TO DETENTION,https://www.usaspending.gov/award/CONT_AWD_HSCEDM17J00026_7012_HSCEDM14D00004_7012
8e47b6fc0f88473dd8aec471a3e48f03c4a5416d2709e5da176d68b8ef39820b,ICE,Trump_I,ICE detention services,2018-09-04,70CDCR18FR0000052,HSCEDM11D00003,Delivery Order,P00002,yes,"THE GEO GROUP, INC.",JMLKZZ1NL2Z6,3JMR1,4801800.00,47687272.92,47687272.92,2018-09-16,2019-09-15,2020-03-25,DETENTION COMPLIANCE AND REMOVALS,,Full And Open Competition,,Negotiated Proposal/Quote,,S206,Guard Services,561210,Facilities Support Services,"DETENTION SERVICES FOR AURORA, CO CDF","DETENTION SERVICES FOR AURORA, CO CDF",https://www.usaspending.gov/award/CONT_AWD_70CDCR18FR0000052_7012_HSCEDM11D00003_7012
c95a4811169f23b7b93c070954d22d4fd5f0d49a517202d530fa3a39077f4cd2,CBP,Trump_I,CBP detention/jail space,2018-09-06,HSBP1016P00277,,PURCHASE ORDER,P00007,yes,"THE GEO GROUP, INC.",JMLKZZ1NL2Z6,3JMR1,200000.00,833449.72,845956.19,2016-05-01,2020-04-30,2020-04-30,BORDER ENFORCEMENT CONTRACTING DIVISION,US BORDER PATROL,NOT COMPETED UNDER SAP,1,SIMPLIFIED ACQUISITION,HSBP1016Q0062,X1FF,LEASE/RENTAL OF PENAL FACILITIES,922140,CORRECTIONAL INSTITUTIONS,IGF::OT::IGF - ADD FUNDS TO CONTRACT FOR ADDITIONAL DETAINEES OPTION YEAR 2.,IGF::OT::IGF - DETENTION SPACE,https://www.usaspending.gov/award/CONT_AWD_HSBP1016P00277_7014_-NONE-_-NONE-
873fb282c888aea5c6177867a5935bf9fcf1003bf21e2784dc07ee7c9f70cbf2,ICE,Trump_I,ICE detention services,2018-09-06,70CDCR18FC0000011,HSCEDM14A00001,BPA Call,P00004,yes,"THE GEO GROUP, INC.",JMLKZZ1NL2Z6,3JMR1,349992.50,6490815.92,6490815.92,2018-03-20,2019-03-31,2019-03-31,DETENTION COMPLIANCE AND REMOVALS,,Competed Under Simplified Acquisition Procedures,1,Simplified Acquisition,,S206,Guard Services,922140,Correctional Institutions ,IGF::CT::IGF RIO GRANDE DETENTION CENTER,IGF::CT::IGF RIO GRANDE DETENTION CENTER,https://www.usaspending.gov/award/CONT_AWD_70CDCR18FC0000011_7012_HSCEDM14A00001_7012
665baf8a496a3c07de75b819a92f32c2ab8378c3f53964b61221bbed61b410d0,CBP,Trump_I,CBP detainee hygiene services,2018-09-10,HSBP1015P00762,,PURCHASE ORDER,P00004,yes,"THE GEO GROUP, INC.",JMLKZZ1NL2Z6,3JMR1,10000.00,2711.07,52711.07,2015-09-17,2020-09-16,2020-09-16,BORDER ENFORCEMENT CONTRACTING DIVISION,OFFICE OF FIELD OPERATIONS,NOT COMPETED,1,ONLY ONE SOURCE,HSBP1015Q0195,G099,SOCIAL- OTHER,922140,CORRECTIONAL INSTITUTIONS,"IGF::OT::IGF EX OY3 HYGIENE SERVICES, OBP RGV",IGF::OT::IGF HYGIENE SERVICES FOR DETAINEES,https://www.usaspending.gov/award/CONT_AWD_HSBP1015P00762_7014_-NONE-_-NONE-
88e096469772d2da9b9b4a9b855dfa0c084397a950722a2d408d3f344dc3b10d,ICE,Trump_I,ICE detention services,2018-09-10,70CDCR18FR0000070,HSCEDM15D00015,Delivery Order,P00001,yes,"THE GEO GROUP, INC.",JMLKZZ1NL2Z6,3JMR1,5376999.81,64722320.27,64722320.27,2018-09-28,2019-09-27,2021-02-12,DETENTION COMPLIANCE AND REMOVALS,,Full And Open Competition,,Negotiated Proposal/Quote,,S206,Guard Services,561210,Facilities Support Services,"IGF::CT::IGF DETENTION, FOOD AND TRANSPORTAION SERVICES","IGF::CT::IGF DETENTION, FOOD AND TRANSPORTAION SERVICES",https://www.usaspending.gov/award/CONT_AWD_70CDCR18FR0000070_7012_HSCEDM15D00015_7012
41c13eb4387f7e5a2c2fbca90ce20ff56f96dbe53c077892a05e046b198d363a,ICE,Trump_I,ICE detention services,2018-09-10,70CDCR18FR0000071,HSCEDM15D00006,Delivery Order,P00003,yes,"THE GEO GROUP, INC.",JMLKZZ1NL2Z6,3JMR1,2320200.00,32304821.09,32304821.09,2018-06-14,2019-06-30,2020-06-27,DETENTION COMPLIANCE AND REMOVALS,,Full And Open Competition,,Negotiated Proposal/Quote,HSCEDM14R00002,S206,Guard Services,561210,Facilities Support Services,IGF::CT::IGF DETENTION SERVICES AT BROWARD TRANSITIONAL CENTER,IGF::CT::IGF DETENTION SERVICES AT BROWARD TRANSITIONAL CENTER,https://www.usaspending.gov/award/CONT_AWD_70CDCR18FR0000071_7012_HSCEDM15D00006_7012
055bbc600d643db306cfa5a8ccf3b25104a4230996489ccccd0c4d8bb9911546,ICE,Trump_I,ICE detention services,2018-09-12,70CDCR18FC0000011,HSCEDM14A00001,BPA Call,P00005,yes,"THE GEO GROUP, INC.",JMLKZZ1NL2Z6,3JMR1,573677.50,6490815.92,6490815.92,2018-03-20,2019-03-31,2019-03-31,DETENTION COMPLIANCE AND REMOVALS,,Competed Under Simplified Acquisition Procedures,1,Simplified Acquisition,,S206,Guard Services,922140,Correctional Institutions ,IGF::CT::IGF RIO GRANDE DETENTION CENTER,IGF::CT::IGF RIO GRANDE DETENTION CENTER,https://www.usaspending.gov/award/CONT_AWD_70CDCR18FC0000011_7012_HSCEDM14A00001_7012
fee18daad9e490d4312e5eb40f375b7dd9dee46c31d7c4688d12d2095779e2c5,ICE,Trump_I,ICE ISAP/electronic monitoring,2018-09-12,70CDCR18FR0000118,HSCEDM14D00004,Delivery Order,P00001,yes,B.I. INCORPORATED,PKK6L9KLMYR5,3CUH9,192393.24,162229226.05,162229226.05,2018-08-13,2019-08-31,2019-08-31,DETENTION COMPLIANCE AND REMOVALS,,Full And Open Competition,,Negotiated Proposal/Quote,,R408,Program Management/Support Services,561210,Facilities Support Services,ISAP III ALTERNATIVES TO DETENTION TASK ORDER,ISAP III ALTERNATIVES TO DETENTION TASK ORDER,https://www.usaspending.gov/award/CONT_AWD_70CDCR18FR0000118_7012_HSCEDM14D00004_7012
053770bee7cd7abc63bf60c6ae69fa2c53ce90fa91d486ddd1fe747f63e9bd6d,ICE,Trump_I,ICE detention services,2018-09-17,70CDCR18FR0000009,HSCEDM12D00001,Delivery Order,P00010,yes,"THE GEO GROUP, INC.",JMLKZZ1NL2Z6,3JMR1,4697930.66,51662696.58,51662696.58,2017-12-01,2018-12-05,2019-08-18,DETENTION COMPLIANCE AND REMOVALS,,Full And Open Competition,,Negotiated Proposal/Quote,,S206,Guard Services,561210,Facilities Support Services,IGF::OT::IGF DETENTION SERVICES,DETENTION SERVICES,https://www.usaspending.gov/award/CONT_AWD_70CDCR18FR0000009_7012_HSCEDM12D00001_7012
6402fa5985fad4f20cdf56b1fd87f2cfcc42c4cbd618758b1f4766ef9e77deb4,ICE,Trump_I,ICE detention services,2018-09-19,HSCEDM16J00052,HSCEDM15D00015,Delivery Order,P00011,yes,"THE GEO GROUP, INC.",JMLKZZ1NL2Z6,3JMR1,-347497.58,61117009.31,61117009.31,2016-09-28,2017-09-27,2021-02-12,DETENTION COMPLIANCE AND REMOVALS,,Full And Open Competition,,Negotiated Proposal/Quote,,S206,Guard Services,561210,Facilities Support Services,"IGF::CT::IGF DETENTION, TRANSPORTATION AND FOOD SERVICES","DETENTION, TRANSPORTATION AND FOOD SERVICES",https://www.usaspending.gov/award/CONT_AWD_HSCEDM16J00052_7012_HSCEDM15D00015_7012
1175c72c651ccb8d9b48d024037245d11e1a8fb711f21bbfc8624feb5f99ca1a,ICE,Trump_I,ICE detention services,2018-09-21,70CDCR18FR0000071,HSCEDM15D00006,Delivery Order,P00004,yes,"THE GEO GROUP, INC.",JMLKZZ1NL2Z6,3JMR1,6748.07,32304821.09,32304821.09,2018-06-14,2019-06-30,2020-06-27,DETENTION COMPLIANCE AND REMOVALS,,Full And Open Competition,,Negotiated Proposal/Quote,HSCEDM14R00002,S206,Guard Services,561210,Facilities Support Services,IGF::CT::IGF DETENTION SERVICES AT BROWARD TRANSITIONAL CENTER,IGF::CT::IGF DETENTION SERVICES AT BROWARD TRANSITIONAL CENTER,https://www.usaspending.gov/award/CONT_AWD_70CDCR18FR0000071_7012_HSCEDM15D00006_7012
c99124ed0fe3d9328c52b099e16d89ef5bdf55d195b67d69df3b814ec24e8d7e,ICE,Trump_I,ICE ISAP/electronic monitoring,2018-09-21,70CDCR18FR0000118,HSCEDM14D00004,Delivery Order,P00002,yes,B.I. INCORPORATED,PKK6L9KLMYR5,3CUH9,3737633.71,162229226.05,162229226.05,2018-08-13,2019-08-31,2019-08-31,DETENTION COMPLIANCE AND REMOVALS,,Full And Open Competition,,Negotiated Proposal/Quote,,R408,Program Management/Support Services,561210,Facilities Support Services,ISAP III ALTERNATIVES TO DETENTION TASK ORDER,ISAP III ALTERNATIVES TO DETENTION TASK ORDER,https://www.usaspending.gov/award/CONT_AWD_70CDCR18FR0000118_7012_HSCEDM14D00004_7012
656b957a0c206071f1a0e7acb8ddf6dd5f52970d8a32c6a08920ae656445e35d,ICE,Trump_I,ICE detention services,2018-09-24,70CDCR18FR0000009,HSCEDM12D00001,Delivery Order,P00011,yes,"THE GEO GROUP, INC.",JMLKZZ1NL2Z6,3JMR1,3831314.60,51662696.58,51662696.58,2017-12-01,2018-12-05,2019-08-18,DETENTION COMPLIANCE AND REMOVALS,,Full And Open Competition,,Negotiated Proposal/Quote,,S206,Guard Services,561210,Facilities Support Services,IGF::OT::IGF DETENTION SERVICES,DETENTION SERVICES,https://www.usaspending.gov/award/CONT_AWD_70CDCR18FR0000009_7012_HSCEDM12D00001_7012
49ed46a35909cb9302436729425fa0a0b9cf4dd5da288ab6ac2f46b7dc722c54,ICE,Trump_I,ICE ISAP/electronic monitoring,2018-09-28,70CDCR18FR0000118,HSCEDM14D00004,Delivery Order,P00003,yes,B.I. INCORPORATED,PKK6L9KLMYR5,3CUH9,496768.00,162229226.05,162229226.05,2018-08-13,2019-08-31,2019-08-31,DETENTION COMPLIANCE AND REMOVALS,,Full And Open Competition,,Negotiated Proposal/Quote,,R408,Program Management/Support Services,561210,Facilities Support Services,ISAP III ALTERNATIVES TO DETENTION TASK ORDER,ISAP III ALTERNATIVES TO DETENTION TASK ORDER,https://www.usaspending.gov/award/CONT_AWD_70CDCR18FR0000118_7012_HSCEDM14D00004_7012
8072583bdb9a72b1160fc8de66fb66684cbec0b8e8f7c169526cd22126c2b387,ICE,Trump_I,ICE detention services,2018-09-28,70CDCR18FR0000161,HSCEDM17D00009,Delivery Order,0,no,"THE GEO GROUP, INC.",JMLKZZ1NL2Z6,3JMR1,8400000.00,38224630.37,38224630.37,2018-09-28,2019-08-17,2021-01-09,DETENTION COMPLIANCE AND REMOVALS,,Full And Open Competition,,Negotiated Proposal/Quote,,S206,Guard Services,561210,Facilities Support Services,IGF::CT::IGF HOUSTON DETENTION FACILITY,HOUSTON DETENTION FACILITY,https://www.usaspending.gov/award/CONT_AWD_70CDCR18FR0000161_7012_HSCEDM17D00009_7012
c14cbbea55512efad666936be3d6c954b2c599548d19ef52cc85e21e434d8c31,ICE,Trump_I,ICE detention services,2018-09-30,70CDCR18FR0000052,HSCEDM11D00003,Delivery Order,P00003,yes,"THE GEO GROUP, INC.",JMLKZZ1NL2Z6,3JMR1,2435966.74,47687272.92,47687272.92,2018-09-16,2019-09-15,2020-03-25,DETENTION COMPLIANCE AND REMOVALS,,Full And Open Competition,,Negotiated Proposal/Quote,,S206,Guard Services,561210,Facilities Support Services,"DETENTION SERVICES FOR AURORA, CO CDF","DETENTION SERVICES FOR AURORA, CO CDF",https://www.usaspending.gov/award/CONT_AWD_70CDCR18FR0000052_7012_HSCEDM11D00003_7012
4ca1f23dd353fa51a1c29d975bfeb2fe083ec0609dd21be7a5eda51c05a9e0f3,ICE,Trump_I,ICE detention services,2018-09-30,70CDCR18FR0000071,HSCEDM15D00006,Delivery Order,P00005,yes,"THE GEO GROUP, INC.",JMLKZZ1NL2Z6,3JMR1,2209995.04,32304821.09,32304821.09,2018-06-14,2019-06-30,2020-06-27,DETENTION COMPLIANCE AND REMOVALS,,Full And Open Competition,,Negotiated Proposal/Quote,HSCEDM14R00002,S206,Guard Services,561210,Facilities Support Services,IGF::CT::IGF DETENTION SERVICES AT BROWARD TRANSITIONAL CENTER,IGF::CT::IGF DETENTION SERVICES AT BROWARD TRANSITIONAL CENTER,https://www.usaspending.gov/award/CONT_AWD_70CDCR18FR0000071_7012_HSCEDM15D00006_7012
7f6206632f9488003eddfcfa2badacdc5960d9b4810c4957259e4191038b741a,ICE,Trump_I,ICE ISAP/electronic monitoring,2018-09-30,70CDCR18FR0000118,HSCEDM14D00004,Delivery Order,P00004,yes,B.I. INCORPORATED,PKK6L9KLMYR5,3CUH9,194323.00,162229226.05,162229226.05,2018-08-13,2019-08-31,2019-08-31,DETENTION COMPLIANCE AND REMOVALS,,Full And Open Competition,,Negotiated Proposal/Quote,,R408,Program Management/Support Services,561210,Facilities Support Services,ISAP III ALTERNATIVES TO DETENTION TASK ORDER,ISAP III ALTERNATIVES TO DETENTION TASK ORDER,https://www.usaspending.gov/award/CONT_AWD_70CDCR18FR0000118_7012_HSCEDM14D00004_7012
7c60abf2ff6475b75c3a44ea74d344adb98915ad7faba22f336b10c0b9d5f4b6,ICE,Trump_I,ICE detention services,2018-10-02,70CDCR18FR0000161,HSCEDM17D00009,Delivery Order,P00001,yes,"THE GEO GROUP, INC.",JMLKZZ1NL2Z6,3JMR1,0.00,38224630.37,38224630.37,2018-09-28,2019-08-17,2021-01-09,DETENTION COMPLIANCE AND REMOVALS,,Full And Open Competition,,Negotiated Proposal/Quote,,S206,Guard Services,561210,Facilities Support Services,IGF::CT::IGF HOUSTON DETENTION FACILITY,HOUSTON DETENTION FACILITY,https://www.usaspending.gov/award/CONT_AWD_70CDCR18FR0000161_7012_HSCEDM17D00009_7012
3a1bb86451396284858e7faa65cd7853033066d5aec4d0577aebf5ac68b1fa5a,ICE,Trump_I,ICE detention services,2018-10-04,70CDCR18FR0000161,HSCEDM17D00009,Delivery Order,P00002,yes,"THE GEO GROUP, INC.",JMLKZZ1NL2Z6,3JMR1,0.00,38224630.37,38224630.37,2018-09-28,2019-08-17,2021-01-09,DETENTION COMPLIANCE AND REMOVALS,,Full And Open Competition,,Negotiated Proposal/Quote,,S206,Guard Services,561210,Facilities Support Services,IGF::CT::IGF HOUSTON DETENTION FACILITY,HOUSTON DETENTION FACILITY,https://www.usaspending.gov/award/CONT_AWD_70CDCR18FR0000161_7012_HSCEDM17D00009_7012
e300ac6b8e157f10a12f7271925b78cfdc9491f99fc452b77de648921c1ebfe0,ICE,Trump_I,ICE detention services,2018-10-09,70CDCR18FR0000161,HSCEDM17D00009,Delivery Order,P00003,yes,"THE GEO GROUP, INC.",JMLKZZ1NL2Z6,3JMR1,0.00,38224630.37,38224630.37,2018-09-28,2019-08-17,2021-01-09,DETENTION COMPLIANCE AND REMOVALS,,Full And Open Competition,,Negotiated Proposal/Quote,,S206,Guard Services,561210,Facilities Support Services,IGF::CT::IGF HOUSTON DETENTION FACILITY,HOUSTON DETENTION FACILITY,https://www.usaspending.gov/award/CONT_AWD_70CDCR18FR0000161_7012_HSCEDM17D00009_7012
40cc76a1fb84cae5c524731a66e35724b1ea2f141e237811750bde0887f6e0ea,ICE,Trump_I,ICE ISAP/electronic monitoring,2018-10-25,70CDCR18FR0000118,HSCEDM14D00004,Delivery Order,P00005,yes,B.I. INCORPORATED,PKK6L9KLMYR5,3CUH9,21171714.00,162229226.05,162229226.05,2018-08-13,2019-08-31,2019-08-31,DETENTION COMPLIANCE AND REMOVALS,,Full And Open Competition,,Negotiated Proposal/Quote,,R408,Program Management/Support Services,561210,Facilities Support Services,ISAP III ALTERNATIVES TO DETENTION TASK ORDER,ISAP III ALTERNATIVES TO DETENTION TASK ORDER,https://www.usaspending.gov/award/CONT_AWD_70CDCR18FR0000118_7012_HSCEDM14D00004_7012
570b1b2ececc2844cf59f746499458e314bcd485fa9ef7ca5fd1de967ea9e4f3,ICE,Trump_I,ICE detention services,2018-10-30,70CDCR18FR0000052,HSCEDM11D00003,Delivery Order,P00004,yes,"THE GEO GROUP, INC.",JMLKZZ1NL2Z6,3JMR1,1415706.87,47687272.92,47687272.92,2018-09-16,2019-09-15,2020-03-25,DETENTION COMPLIANCE AND REMOVALS,,Full And Open Competition,,Negotiated Proposal/Quote,,S206,Guard Services,561210,Facilities Support Services,"DETENTION SERVICES FOR AURORA, CO CDF","DETENTION SERVICES FOR AURORA, CO CDF",https://www.usaspending.gov/award/CONT_AWD_70CDCR18FR0000052_7012_HSCEDM11D00003_7012
3c5a12347eb56dc155a23ea518b61b3a095efd982389e6a2482f2d16475eed7e,ICE,Trump_I,ICE detention services,2018-11-07,70CDCR18FR0000070,HSCEDM15D00015,Delivery Order,P00002,yes,"THE GEO GROUP, INC.",JMLKZZ1NL2Z6,3JMR1,11199591.82,64722320.27,64722320.27,2018-09-28,2019-09-27,2021-02-12,DETENTION COMPLIANCE AND REMOVALS,,Full And Open Competition,,Negotiated Proposal/Quote,,S206,Guard Services,561210,Facilities Support Services,"IGF::CT::IGF DETENTION, FOOD AND TRANSPORTAION SERVICES","IGF::CT::IGF DETENTION, FOOD AND TRANSPORTAION SERVICES",https://www.usaspending.gov/award/CONT_AWD_70CDCR18FR0000070_7012_HSCEDM15D00015_7012
7f6bb66a70b9dc42b1daad8a1301beedb9e53b671ca6f110e592211abaf852f1,ICE,Trump_I,ICE detention services,2018-11-07,70CDCR18FR0000071,HSCEDM15D00006,Delivery Order,P00006,yes,"THE GEO GROUP, INC.",JMLKZZ1NL2Z6,3JMR1,5105087.00,32304821.09,32304821.09,2018-06-14,2019-06-30,2020-06-27,DETENTION COMPLIANCE AND REMOVALS,,Full And Open Competition,,Negotiated Proposal/Quote,HSCEDM14R00002,S206,Guard Services,561210,Facilities Support Services,IGF::CT::IGF DETENTION SERVICES AT BROWARD TRANSITIONAL CENTER,IGF::CT::IGF DETENTION SERVICES AT BROWARD TRANSITIONAL CENTER,https://www.usaspending.gov/award/CONT_AWD_70CDCR18FR0000071_7012_HSCEDM15D00006_7012
9431986092976ccbd350ee829f355109d34fa2716246b8d6fd3467857a60ad70,ICE,Trump_I,ICE detention services,2018-11-13,70CDCR18FC0000011,HSCEDM14A00001,BPA Call,P00006,yes,"THE GEO GROUP, INC.",JMLKZZ1NL2Z6,3JMR1,1075254.98,6490815.92,6490815.92,2018-03-20,2019-03-31,2019-03-31,DETENTION COMPLIANCE AND REMOVALS,,Competed Under Simplified Acquisition Procedures,1,Simplified Acquisition,,S206,Guard Services,922140,Correctional Institutions ,IGF::CT::IGF RIO GRANDE DETENTION CENTER,IGF::CT::IGF RIO GRANDE DETENTION CENTER,https://www.usaspending.gov/award/CONT_AWD_70CDCR18FC0000011_7012_HSCEDM14A00001_7012
1442f6a5868a239c216c9734d5200f7e39d663fc2919dcca5efd2b67bea2caf2,ICE,Trump_I,ICE detention services,2018-11-28,70CDCR18FR0000070,HSCEDM15D00015,Delivery Order,P00003,yes,"THE GEO GROUP, INC.",JMLKZZ1NL2Z6,3JMR1,-1.90,64722320.27,64722320.27,2018-09-28,2019-09-27,2021-02-12,DETENTION COMPLIANCE AND REMOVALS,,Full And Open Competition,,Negotiated Proposal/Quote,,S206,Guard Services,561210,Facilities Support Services,"IGF::CT::IGF DETENTION, FOOD AND TRANSPORTAION SERVICES","IGF::CT::IGF DETENTION, FOOD AND TRANSPORTAION SERVICES",https://www.usaspending.gov/award/CONT_AWD_70CDCR18FR0000070_7012_HSCEDM15D00015_7012
9caa426412dba3c7b67782612a985e6231b0da3e95e263e70264438788c71fc1,ICE,Trump_I,ICE detention services,2018-11-29,70CDCR18FR0000009,HSCEDM12D00001,Delivery Order,P00012,yes,"THE GEO GROUP, INC.",JMLKZZ1NL2Z6,3JMR1,355400.00,51662696.58,51662696.58,2017-12-01,2018-12-05,2019-08-18,DETENTION COMPLIANCE AND REMOVALS,,Full And Open Competition,,Negotiated Proposal/Quote,,S206,Guard Services,561210,Facilities Support Services,IGF::OT::IGF DETENTION SERVICES,DETENTION SERVICES,https://www.usaspending.gov/award/CONT_AWD_70CDCR18FR0000009_7012_HSCEDM12D00001_7012
d00296e6ba009da0b90c4140cd48b0c3cb261233429eed35a20a0ff796c0908a,ICE,Trump_I,ICE ISAP/electronic monitoring,2018-12-14,70CDCR18FR0000118,HSCEDM14D00004,Delivery Order,P00006,yes,B.I. INCORPORATED,PKK6L9KLMYR5,3CUH9,8100000.00,162229226.05,162229226.05,2018-08-13,2019-08-31,2019-08-31,DETENTION COMPLIANCE AND REMOVALS,,Full And Open Competition,,Negotiated Proposal/Quote,,R408,Program Management/Support Services,561210,Facilities Support Services,ISAP III ALTERNATIVES TO DETENTION TASK ORDER,ISAP III ALTERNATIVES TO DETENTION TASK ORDER,https://www.usaspending.gov/award/CONT_AWD_70CDCR18FR0000118_7012_HSCEDM14D00004_7012
2d68863d4baa17414f971e7969496845ba9f0ace41abb7fdf059716d5aa94034,ICE,Trump_I,ICE detention services,2018-12-18,70CDCR18FR0000161,HSCEDM17D00009,Delivery Order,P00004,yes,"THE GEO GROUP, INC.",JMLKZZ1NL2Z6,3JMR1,285500.00,38224630.37,38224630.37,2018-09-28,2019-08-17,2021-01-09,DETENTION COMPLIANCE AND REMOVALS,,Full And Open Competition,,Negotiated Proposal/Quote,,S206,Guard Services,561210,Facilities Support Services,IGF::CT::IGF HOUSTON DETENTION FACILITY,HOUSTON DETENTION FACILITY,https://www.usaspending.gov/award/CONT_AWD_70CDCR18FR0000161_7012_HSCEDM17D00009_7012
b19c10f742941813ca37da311e4568d45ae4bfd7b668957b9c01cea092f8bf30,ICE,Trump_I,ICE detention services,2018-12-19,70CDCR18FR0000009,HSCEDM12D00001,Delivery Order,P00013,yes,"THE GEO GROUP, INC.",JMLKZZ1NL2Z6,3JMR1,1284274.77,51662696.58,51662696.58,2017-12-01,2018-12-05,2019-08-18,DETENTION COMPLIANCE AND REMOVALS,,Full And Open Competition,,Negotiated Proposal/Quote,,S206,Guard Services,561210,Facilities Support Services,IGF::OT::IGF DETENTION SERVICES,DETENTION SERVICES,https://www.usaspending.gov/award/CONT_AWD_70CDCR18FR0000009_7012_HSCEDM12D00001_7012
44a0222b777f8136e97bd9a19e98d97e0817dd1c1342aa1b6a861172c205b043,ICE,Trump_I,ICE other/unresolved,2018-12-19,70CDCR19FR0000005,70CDCR19D00000001,Delivery Order,0,no,"THE GEO GROUP, INC.",JMLKZZ1NL2Z6,3JMR1,8550289.30,51679433.42,51679433.42,2018-12-19,2019-12-05,2019-12-05,DETENTION COMPLIANCE AND REMOVALS,,Not Competed,,Sole Source,,S206,Guard Services,561210,Facilities Support Services,IGF::CT::IGF,IGF::CT::IGF,https://www.usaspending.gov/award/CONT_AWD_70CDCR19FR0000005_7012_70CDCR19D00000001_7012
3a1723f553dda837411979c924f6305b4081f61ee1e322bf74b2c141811c1348,ICE,Trump_I,ICE detention services,2018-12-21,70CDCR18FR0000052,HSCEDM11D00003,Delivery Order,P00005,yes,"THE GEO GROUP, INC.",JMLKZZ1NL2Z6,3JMR1,2878130.81,47687272.92,47687272.92,2018-09-16,2019-09-15,2020-03-25,DETENTION COMPLIANCE AND REMOVALS,,Full And Open Competition,,Negotiated Proposal/Quote,,S206,Guard Services,561210,Facilities Support Services,"DETENTION SERVICES FOR AURORA, CO CDF","DETENTION SERVICES FOR AURORA, CO CDF",https://www.usaspending.gov/award/CONT_AWD_70CDCR18FR0000052_7012_HSCEDM11D00003_7012
1402631da662d3e746cf867cbcb115e842c2e005fd03cca6dcbda0e862e801f3,ICE,Trump_I,ICE detention services,2019-01-03,70CDCR19P00000008,,Purchase Order,0,no,"THE GEO GROUP, INC.",JMLKZZ1NL2Z6,3JMR1,0.00,0.00,0.00,2019-01-03,2019-01-04,2019-01-04,DETENTION COMPLIANCE AND REMOVALS,,Not Competed Under Simplified Acquisition Procedures,1,Simplified Acquisition,,S206,Guard Services,922140,Correctional Institutions ,IGF::OT::IGF DETENTION SERVICES FOR FLIGHT LINE AND CEDAR HILL,DETENTION SERVICES FOR FLIGHT LINE AND CEDAR HILL,https://www.usaspending.gov/award/CONT_AWD_70CDCR19P00000008_7012_-NONE-_-NONE-
70bafa887d2b1b5c15b94d5a8ea0b45a45118987bc09b61ee6e9ac2fab643bfd,ICE,Trump_I,ICE detention services,2019-01-28,70CDCR18FR0000071,HSCEDM15D00006,Delivery Order,P00007,yes,"THE GEO GROUP, INC.",JMLKZZ1NL2Z6,3JMR1,4576500.00,32304821.09,32304821.09,2018-06-14,2019-06-30,2020-06-27,DETENTION COMPLIANCE AND REMOVALS,,Full And Open Competition,,Negotiated Proposal/Quote,HSCEDM14R00002,S206,Guard Services,561210,Facilities Support Services,IGF::CT::IGF DETENTION SERVICES AT BROWARD TRANSITIONAL CENTER,IGF::CT::IGF DETENTION SERVICES AT BROWARD TRANSITIONAL CENTER,https://www.usaspending.gov/award/CONT_AWD_70CDCR18FR0000071_7012_HSCEDM15D00006_7012
de649dd2847ad9cf965413d11fd3032e2c274e58ee1431207e6415c359c8f242,ICE,Trump_I,ICE detention services,2019-01-29,HSCEDM15J00036,HSCEDM11D00003,Delivery Order,P00002,yes,"THE GEO GROUP, INC.",JMLKZZ1NL2Z6,3JMR1,-63334.69,171744.31,171744.31,2015-09-04,2019-02-28,2019-02-28,DETENTION MANAGEMENT LAGUNA,,Full And Open Competition,,Negotiated Proposal/Quote,,S206,Guard Services,561210,Facilities Support Services,"IGF::CT::IGF CRITICAL FUNCTION. DETENTION MANAGEMENT, MEDICAL SERVICES, TRANSPORTATION SERVICES, FOOD SERVICES FOR DHS/ICE AURORA, CO AT GEO GROUP COCA FACILITY.","IGF::CT::IGF CRITICAL FUNCTION. DETENTION MANAGEMENT, MEDICAL SERVICES, TRANSPORTATION SERVICES, FOOD SERVICES FOR DHS/ICE AURORA, CO AT GEO GROUP COCA FACILITY.",https://www.usaspending.gov/award/CONT_AWD_HSCEDM15J00036_7012_HSCEDM11D00003_7012
ea4990e1c38a3104ed5ebbdcd2315ac30d9c549d3001238fd9d7632d99f82d75,ICE,Trump_I,ICE detention services,2019-01-30,70CDCR18FR0000070,HSCEDM15D00015,Delivery Order,P00004,yes,"THE GEO GROUP, INC.",JMLKZZ1NL2Z6,3JMR1,2712999.48,64722320.27,64722320.27,2018-09-28,2019-09-27,2021-02-12,DETENTION COMPLIANCE AND REMOVALS,,Full And Open Competition,,Negotiated Proposal/Quote,,S206,Guard Services,561210,Facilities Support Services,"IGF::CT::IGF DETENTION, FOOD AND TRANSPORTAION SERVICES","IGF::CT::IGF DETENTION, FOOD AND TRANSPORTAION SERVICES",https://www.usaspending.gov/award/CONT_AWD_70CDCR18FR0000070_7012_HSCEDM15D00015_7012
6c7d8009330df4c7c4111fd80167d45ac0982d03429ee5ca4915a066de03f1ba,ICE,Trump_I,ICE ISAP/electronic monitoring,2019-02-04,70CDCR18FR0000118,HSCEDM14D00004,Delivery Order,P00007,yes,B.I. INCORPORATED,PKK6L9KLMYR5,3CUH9,27422306.00,162229226.05,162229226.05,2018-08-13,2019-08-31,2019-08-31,DETENTION COMPLIANCE AND REMOVALS,,Full And Open Competition,,Negotiated Proposal/Quote,,R408,Program Management/Support Services,561210,Facilities Support Services,ISAP III ALTERNATIVES TO DETENTION TASK ORDER,ISAP III ALTERNATIVES TO DETENTION TASK ORDER,https://www.usaspending.gov/award/CONT_AWD_70CDCR18FR0000118_7012_HSCEDM14D00004_7012
9b23b1657ad453273d7e70cc4e873d37d6be6a332fd0a1ea0ab6be08680dea28,ICE,Trump_I,ICE detention services,2019-02-06,70CDCR18FC0000028,70CDCR18A00000007,BPA Call,P00001,yes,"THE GEO GROUP, INC.",JMLKZZ1NL2Z6,3JMR1,1476000.00,3308537.04,3308537.04,2018-07-25,2019-07-22,2020-06-28,DETENTION COMPLIANCE AND REMOVALS,,Competed Under Simplified Acquisition Procedures,1,Simplified Acquisition,,S206,Guard Services,922140,Correctional Institutions ,IGF::CT::IGF  ROBERT A. DEYTON DETENTION FACILITY,"IGF::CT::IGF 
ROBERT A. DEYTON DETENTION FACILITY",https://www.usaspending.gov/award/CONT_AWD_70CDCR18FC0000028_7012_70CDCR18A00000007_7012
981522f177b47e63a476dec9664009b933a0711d8b3c26a836095f93d52d77a1,ICE,Trump_I,ICE detention services,2019-02-15,70CDCR18FC0000011,HSCEDM14A00001,BPA Call,P00007,yes,"THE GEO GROUP, INC.",JMLKZZ1NL2Z6,3JMR1,1612813.04,6490815.92,6490815.92,2018-03-20,2019-03-31,2019-03-31,DETENTION COMPLIANCE AND REMOVALS,,Competed Under Simplified Acquisition Procedures,1,Simplified Acquisition,,S206,Guard Services,922140,Correctional Institutions ,IGF::CT::IGF RIO GRANDE DETENTION CENTER,IGF::CT::IGF RIO GRANDE DETENTION CENTER,https://www.usaspending.gov/award/CONT_AWD_70CDCR18FC0000011_7012_HSCEDM14A00001_7012
d38c9d7c7c3d1a666e0c908c56b8657b6ce6ab6f161de9442ed01639ddb09a77,ICE,Trump_I,ICE detention services,2019-02-19,70CDCR18FR0000052,HSCEDM11D00003,Delivery Order,P00006,yes,"THE GEO GROUP, INC.",JMLKZZ1NL2Z6,3JMR1,11515561.70,47687272.92,47687272.92,2018-09-16,2019-09-15,2020-03-25,DETENTION COMPLIANCE AND REMOVALS,,Full And Open Competition,,Negotiated Proposal/Quote,,S206,Guard Services,561210,Facilities Support Services,"DETENTION SERVICES FOR AURORA, CO CDF","DETENTION SERVICES FOR AURORA, CO CDF",https://www.usaspending.gov/award/CONT_AWD_70CDCR18FR0000052_7012_HSCEDM11D00003_7012
18b13a07169f89f25472bc4286fb1e72b1502210857212db760ccb57333b5545,ICE,Trump_I,ICE detention services,2019-02-19,70CDCR19P00000008,,Purchase Order,P00001,yes,"THE GEO GROUP, INC.",JMLKZZ1NL2Z6,3JMR1,489.50,0.00,0.00,2019-01-03,2019-01-04,2019-01-04,DETENTION COMPLIANCE AND REMOVALS,,Not Competed Under Simplified Acquisition Procedures,1,Simplified Acquisition,,S206,Guard Services,922140,Correctional Institutions ,IGF::OT::IGF DETENTION SERVICES FOR FLIGHT LINE AND CEDAR HILL,DETENTION SERVICES FOR FLIGHT LINE AND CEDAR HILL,https://www.usaspending.gov/award/CONT_AWD_70CDCR19P00000008_7012_-NONE-_-NONE-
d75548e2fb7bb0b419277cfd83652f4a64ed9077671825db4bed568070427b81,ICE,Trump_I,ICE detention services,2019-03-05,70CDCR18FR0000161,HSCEDM17D00009,Delivery Order,P00005,yes,"THE GEO GROUP, INC.",JMLKZZ1NL2Z6,3JMR1,10061559.00,38224630.37,38224630.37,2018-09-28,2019-08-17,2021-01-09,DETENTION COMPLIANCE AND REMOVALS,,Full And Open Competition,,Negotiated Proposal/Quote,,S206,Guard Services,561210,Facilities Support Services,IGF::CT::IGF HOUSTON DETENTION FACILITY,HOUSTON DETENTION FACILITY,https://www.usaspending.gov/award/CONT_AWD_70CDCR18FR0000161_7012_HSCEDM17D00009_7012
e1af555d0ab55f21b0940284669fa79bf77c2fe154e910c70221729f93548dc5,ICE,Trump_I,ICE detention services,2019-03-06,70CDCR19FR0000020,70CDCR19D00000004,Delivery Order,0,no,"THE GEO GROUP, INC.",JMLKZZ1NL2Z6,3JMR1,578410.80,13525413.80,21249254.16,2019-03-06,2020-09-09,2020-09-09,DETENTION COMPLIANCE AND REMOVALS,,Not Competed,,Sole Source,,S206,Guard Services,561210,Facilities Support Services,TO PROVIDE DETENTION SERVICES AT THE MESA VERDE ICE PROCESSING CENTER,TO PROVIDE DETENTION SERVICES AT THE MESA VERDE ICE PROCESSING CENTER,https://www.usaspending.gov/award/CONT_AWD_70CDCR19FR0000020_7012_70CDCR19D00000004_7012
45029e46467aa9e05e20b0e59757b6e9bd5a760c1daa53f6c05de584ff84c62c,ICE,Trump_I,ICE other/unresolved,2019-03-07,70CDCR19FR0000005,70CDCR19D00000001,Delivery Order,P00001,yes,"THE GEO GROUP, INC.",JMLKZZ1NL2Z6,3JMR1,5336387.53,51679433.42,51679433.42,2018-12-19,2019-12-05,2019-12-05,DETENTION COMPLIANCE AND REMOVALS,,Not Competed,,Sole Source,,S206,Guard Services,561210,Facilities Support Services,IGF::CT::IGF,IGF::CT::IGF,https://www.usaspending.gov/award/CONT_AWD_70CDCR19FR0000005_7012_70CDCR19D00000001_7012
0760dbb952b506978fd97421ded43e802a4adb381fd31cdaa38c83e210f93dbc,ICE,Trump_I,ICE detention services,2019-03-11,70CDCR18FR0000070,HSCEDM15D00015,Delivery Order,P00005,yes,"THE GEO GROUP, INC.",JMLKZZ1NL2Z6,3JMR1,12199999.15,64722320.27,64722320.27,2018-09-28,2019-09-27,2021-02-12,DETENTION COMPLIANCE AND REMOVALS,,Full And Open Competition,,Negotiated Proposal/Quote,,S206,Guard Services,561210,Facilities Support Services,"IGF::CT::IGF DETENTION, FOOD AND TRANSPORTAION SERVICES","IGF::CT::IGF DETENTION, FOOD AND TRANSPORTAION SERVICES",https://www.usaspending.gov/award/CONT_AWD_70CDCR18FR0000070_7012_HSCEDM15D00015_7012
d61096525188b4a44cf8d74e8dc7b088f4c59262ab8e5949de1ce9ccd6c0fdc4,ICE,Trump_I,ICE ISAP/electronic monitoring,2019-03-11,70CDCR18FR0000118,HSCEDM14D00004,Delivery Order,P00008,yes,B.I. INCORPORATED,PKK6L9KLMYR5,3CUH9,17000000.00,162229226.05,162229226.05,2018-08-13,2019-08-31,2019-08-31,DETENTION COMPLIANCE AND REMOVALS,,Full And Open Competition,,Negotiated Proposal/Quote,,R408,Program Management/Support Services,561210,Facilities Support Services,ISAP III ALTERNATIVES TO DETENTION TASK ORDER,ISAP III ALTERNATIVES TO DETENTION TASK ORDER,https://www.usaspending.gov/award/CONT_AWD_70CDCR18FR0000118_7012_HSCEDM14D00004_7012
6899154736578dca4870b94bc8dee4faddc3df088f2b36d9156664bf548e0b36,ICE,Trump_I,ICE detention services,2019-03-14,70CDCR18FR0000052,HSCEDM11D00003,Delivery Order,P00007,yes,"THE GEO GROUP, INC.",JMLKZZ1NL2Z6,3JMR1,4782695.64,47687272.92,47687272.92,2018-09-16,2019-09-15,2020-03-25,DETENTION COMPLIANCE AND REMOVALS,,Full And Open Competition,,Negotiated Proposal/Quote,,S206,Guard Services,561210,Facilities Support Services,"DETENTION SERVICES FOR AURORA, CO CDF","DETENTION SERVICES FOR AURORA, CO CDF",https://www.usaspending.gov/award/CONT_AWD_70CDCR18FR0000052_7012_HSCEDM11D00003_7012
47e17565b67bb44a64bf586d3db4b8240ab258653630bc99b8410d60cf6209f9,ICE,Trump_I,ICE detention services,2019-03-18,70CDCR19FC0000008,HSCEDM14A00001,BPA Call,0,no,"THE GEO GROUP, INC.",JMLKZZ1NL2Z6,3JMR1,1559959.02,5854685.10,5854685.10,2019-03-18,2020-03-31,2020-07-30,DETENTION COMPLIANCE AND REMOVALS,,Competed Under Simplified Acquisition Procedures,1,Simplified Acquisition,,S206,Guard Services,922140,Correctional Institutions ,IGF::CT::IGF RIO GRANDE DETENTION CENTER,IGF::CT::IGF RIO GRANDE DETENTION CENTER,https://www.usaspending.gov/award/CONT_AWD_70CDCR19FC0000008_7012_HSCEDM14A00001_7012
a179c7d18e9d4f2875df39d2fb818981166c987039ec4bd02efde16eeb4663ae,ICE,Trump_I,ICE detention services,2019-03-19,70CDCR18FR0000161,HSCEDM17D00009,Delivery Order,P00006,yes,"THE GEO GROUP, INC.",JMLKZZ1NL2Z6,3JMR1,4289952.00,38224630.37,38224630.37,2018-09-28,2019-08-17,2021-01-09,DETENTION COMPLIANCE AND REMOVALS,,Full And Open Competition,,Negotiated Proposal/Quote,,S206,Guard Services,561210,Facilities Support Services,IGF::CT::IGF HOUSTON DETENTION FACILITY,HOUSTON DETENTION FACILITY,https://www.usaspending.gov/award/CONT_AWD_70CDCR18FR0000161_7012_HSCEDM17D00009_7012
237e0ebb255a761392d1eb8516d7cab87dea7eaa3eb05e561a9325fd4d1ffcc4,ICE,Trump_I,ICE detention services,2019-03-20,70CDCR18FR0000071,HSCEDM15D00006,Delivery Order,P00008,yes,"THE GEO GROUP, INC.",JMLKZZ1NL2Z6,3JMR1,2717974.54,32304821.09,32304821.09,2018-06-14,2019-06-30,2020-06-27,DETENTION COMPLIANCE AND REMOVALS,,Full And Open Competition,,Negotiated Proposal/Quote,HSCEDM14R00002,S206,Guard Services,561210,Facilities Support Services,IGF::CT::IGF DETENTION SERVICES AT BROWARD TRANSITIONAL CENTER,IGF::CT::IGF DETENTION SERVICES AT BROWARD TRANSITIONAL CENTER,https://www.usaspending.gov/award/CONT_AWD_70CDCR18FR0000071_7012_HSCEDM15D00006_7012
e6813105cb4ec825ff30b03e1dd0d1997ea20055a8782cbf989a194667cfe682,ICE,Trump_I,ICE detention services,2019-03-21,70CDCR19FR0000020,70CDCR19D00000004,Delivery Order,P00001,yes,"THE GEO GROUP, INC.",JMLKZZ1NL2Z6,3JMR1,1699205.60,13525413.80,21249254.16,2019-03-06,2020-09-09,2020-09-09,DETENTION COMPLIANCE AND REMOVALS,,Not Competed,,Sole Source,,S206,Guard Services,561210,Facilities Support Services,"IGF::CL,CT::IGF DETENTION SERVICES MESA VERDE",TO PROVIDE DETENTION SERVICES AT THE MESA VERDE ICE PROCESSING CENTER,https://www.usaspending.gov/award/CONT_AWD_70CDCR19FR0000020_7012_70CDCR19D00000004_7012
1eec765c428c7928fe5b8b6fa82f0ec94eba3ed1b90900079ce7906aff3f0d56,ICE,Trump_I,ICE ISAP/electronic monitoring,2019-04-11,70CDCR18FR0000118,HSCEDM14D00004,Delivery Order,P00009,yes,B.I. INCORPORATED,PKK6L9KLMYR5,3CUH9,14000000.00,162229226.05,162229226.05,2018-08-13,2019-08-31,2019-08-31,DETENTION COMPLIANCE AND REMOVALS,,Full And Open Competition,,Negotiated Proposal/Quote,,R408,Program Management/Support Services,561210,Facilities Support Services,ISAP III ALTERNATIVES TO DETENTION TASK ORDER,ISAP III ALTERNATIVES TO DETENTION TASK ORDER,https://www.usaspending.gov/award/CONT_AWD_70CDCR18FR0000118_7012_HSCEDM14D00004_7012
ca07435025aede1bbd8a882b5f20409900634ddf519896617bf7018f7589ab64,ICE,Trump_I,ICE other/unresolved,2019-04-11,70CDCR19FR0000005,70CDCR19D00000001,Delivery Order,P00002,yes,"THE GEO GROUP, INC.",JMLKZZ1NL2Z6,3JMR1,4724885.43,51679433.42,51679433.42,2018-12-19,2019-12-05,2019-12-05,DETENTION COMPLIANCE AND REMOVALS,,Not Competed,,Sole Source,,S206,Guard Services,561210,Facilities Support Services,IGF::CT::IGF,IGF::CT::IGF,https://www.usaspending.gov/award/CONT_AWD_70CDCR19FR0000005_7012_70CDCR19D00000001_7012
3c7de1aa39a7153a31c2035de1ae3cc3338758db058dd5f5c9b0d73cd88e9d2f,CBP,Trump_I,CBP detention/jail space,2019-04-17,HSBP1016P00277,,PURCHASE ORDER,P00008,yes,"THE GEO GROUP, INC.",JMLKZZ1NL2Z6,3JMR1,225000.00,833449.72,845956.19,2016-05-01,2020-04-30,2020-04-30,BORDER ENFORCEMENT CONTRACTING DIVISION,US BORDER PATROL,NOT COMPETED UNDER SAP,1,SIMPLIFIED ACQUISITION,HSBP1016Q0062,X1FF,LEASE/RENTAL OF PENAL FACILITIES,922140,CORRECTIONAL INSTITUTIONS,IGF::OT::IGF - EXERCISE OPTION YEAR 3.,IGF::OT::IGF - DETENTION SPACE,https://www.usaspending.gov/award/CONT_AWD_HSBP1016P00277_7014_-NONE-_-NONE-
74c924e2fe460f2f60cbe743dcb45f623550c26c58415c42ef18c938f890eb3b,ICE,Trump_I,ICE detention services,2019-04-24,70CDCR18FR0000052,HSCEDM11D00003,Delivery Order,P00008,yes,"THE GEO GROUP, INC.",JMLKZZ1NL2Z6,3JMR1,2258329.53,47687272.92,47687272.92,2018-09-16,2019-09-15,2020-03-25,DETENTION COMPLIANCE AND REMOVALS,,Full And Open Competition,,Negotiated Proposal/Quote,,S206,Guard Services,561210,Facilities Support Services,"DETENTION SERVICES FOR AURORA, CO CDF","DETENTION SERVICES FOR AURORA, CO CDF",https://www.usaspending.gov/award/CONT_AWD_70CDCR18FR0000052_7012_HSCEDM11D00003_7012
21231928457a99508a51986b2c012cde83df644697141a38407d4e4a2a799fa2,ICE,Trump_I,ICE detention services,2019-04-25,70CDCR18FR0000070,HSCEDM15D00015,Delivery Order,P00006,yes,"THE GEO GROUP, INC.",JMLKZZ1NL2Z6,3JMR1,112667.40,64722320.27,64722320.27,2018-09-28,2019-09-27,2021-02-12,DETENTION COMPLIANCE AND REMOVALS,,Full And Open Competition,,Negotiated Proposal/Quote,,S206,Guard Services,561210,Facilities Support Services,"IGF::CT::IGF DETENTION, FOOD AND TRANSPORTAION SERVICES","IGF::CT::IGF DETENTION, FOOD AND TRANSPORTAION SERVICES",https://www.usaspending.gov/award/CONT_AWD_70CDCR18FR0000070_7012_HSCEDM15D00015_7012
0698f23789e3995d3af9e694a672b28bb4c90ee6d71b569be4507cd3967c948a,ICE,Trump_I,ICE detention services,2019-04-25,70CDCR19FR0000020,70CDCR19D00000004,Delivery Order,P00002,yes,"THE GEO GROUP, INC.",JMLKZZ1NL2Z6,3JMR1,1499999.80,13525413.80,21249254.16,2019-03-06,2020-09-09,2020-09-09,DETENTION COMPLIANCE AND REMOVALS,,Not Competed,,Sole Source,,S206,Guard Services,561210,Facilities Support Services,"IGF::CL,CT::IGF DETENTION SERVICES MESA VERDE",TO PROVIDE DETENTION SERVICES AT THE MESA VERDE ICE PROCESSING CENTER,https://www.usaspending.gov/award/CONT_AWD_70CDCR19FR0000020_7012_70CDCR19D00000004_7012
109f7ab19bf0e5cac109794aa2c4bec2271e8b91d5687d696a71c93b9550caad,ICE,Trump_I,ICE detention services,2019-04-26,70CDCR18FC0000028,70CDCR18A00000007,BPA Call,P00002,yes,"THE GEO GROUP, INC.",JMLKZZ1NL2Z6,3JMR1,1050000.00,3308537.04,3308537.04,2018-07-25,2019-07-22,2020-06-28,DETENTION COMPLIANCE AND REMOVALS,,Competed Under Simplified Acquisition Procedures,1,Simplified Acquisition,,S206,Guard Services,922140,Correctional Institutions ,IGF::CT::IGF  ROBERT A. DEYTON DETENTION FACILITY,"IGF::CT::IGF 
ROBERT A. DEYTON DETENTION FACILITY",https://www.usaspending.gov/award/CONT_AWD_70CDCR18FC0000028_7012_70CDCR18A00000007_7012
ef3f8b371f98d913a16a23af2f5094a9c1ee4b1b3a32c870479c16288396448f,ICE,Trump_I,ICE ISAP/electronic monitoring,2019-04-30,70CDCR18FR0000118,HSCEDM14D00004,Delivery Order,P00010,yes,B.I. INCORPORATED,PKK6L9KLMYR5,3CUH9,29000000.00,162229226.05,162229226.05,2018-08-13,2019-08-31,2019-08-31,DETENTION COMPLIANCE AND REMOVALS,,Full And Open Competition,,Negotiated Proposal/Quote,,R408,Program Management/Support Services,561210,Facilities Support Services,ISAP III ALTERNATIVES TO DETENTION TASK ORDER,ISAP III ALTERNATIVES TO DETENTION TASK ORDER,https://www.usaspending.gov/award/CONT_AWD_70CDCR18FR0000118_7012_HSCEDM14D00004_7012
1548579088c3a541629e2c51969bb770aae2d222afbc610477c753ec327a4399,ICE,Trump_I,ICE detention services,2019-05-01,70CDCR18FR0000071,HSCEDM15D00006,Delivery Order,P00009,yes,"THE GEO GROUP, INC.",JMLKZZ1NL2Z6,3JMR1,3753000.00,32304821.09,32304821.09,2018-06-14,2019-06-30,2020-06-27,DETENTION COMPLIANCE AND REMOVALS,,Full And Open Competition,,Negotiated Proposal/Quote,HSCEDM14R00002,S206,Guard Services,561210,Facilities Support Services,IGF::CT::IGF DETENTION SERVICES AT BROWARD TRANSITIONAL CENTER,IGF::CT::IGF DETENTION SERVICES AT BROWARD TRANSITIONAL CENTER,https://www.usaspending.gov/award/CONT_AWD_70CDCR18FR0000071_7012_HSCEDM15D00006_7012
5930091e0f98478f47e9efc06f50de7770ab3ec6fa809c278c8ed23b24420ff4,ICE,Trump_I,ICE detention services,2019-05-08,70CDCR18FR0000009,HSCEDM12D00001,Delivery Order,P00014,yes,"THE GEO GROUP, INC.",JMLKZZ1NL2Z6,3JMR1,0.00,51662696.58,51662696.58,2017-12-01,2018-12-05,2019-08-18,DETENTION COMPLIANCE AND REMOVALS,,Full And Open Competition,,Negotiated Proposal/Quote,,S206,Guard Services,561210,Facilities Support Services,IGF::OT::IGF DETENTION SERVICES,DETENTION SERVICES,https://www.usaspending.gov/award/CONT_AWD_70CDCR18FR0000009_7012_HSCEDM12D00001_7012
8ee6527c2b96947bffbf9784b90a481daa25c3772ad5d303ea747e2bf9844b5f,ICE,Trump_I,ICE detention services,2019-05-14,70CDCR18FR0000070,HSCEDM15D00015,Delivery Order,P00007,yes,"THE GEO GROUP, INC.",JMLKZZ1NL2Z6,3JMR1,26354967.49,64722320.27,64722320.27,2018-09-28,2019-09-27,2021-02-12,DETENTION COMPLIANCE AND REMOVALS,,Full And Open Competition,,Negotiated Proposal/Quote,,S206,Guard Services,561210,Facilities Support Services,"IGF::CT::IGF DETENTION, FOOD AND TRANSPORTAION SERVICES","IGF::CT::IGF DETENTION, FOOD AND TRANSPORTAION SERVICES",https://www.usaspending.gov/award/CONT_AWD_70CDCR18FR0000070_7012_HSCEDM15D00015_7012
3f830d094d89dabdaee082dc1f4fdb9efc9be586639cf44cfeebd9ab2ab7f551,ICE,Trump_I,ICE other/unresolved,2019-05-17,70CDCR19FR0000005,70CDCR19D00000001,Delivery Order,P00003,yes,"THE GEO GROUP, INC.",JMLKZZ1NL2Z6,3JMR1,10858068.31,51679433.42,51679433.42,2018-12-19,2019-12-05,2019-12-05,DETENTION COMPLIANCE AND REMOVALS,,Not Competed,,Sole Source,,S206,Guard Services,561210,Facilities Support Services,IGF::CT::IGF,IGF::CT::IGF,https://www.usaspending.gov/award/CONT_AWD_70CDCR19FR0000005_7012_70CDCR19D00000001_7012
5b148f3257d23ed6e8b530d9d0fdb59a5e7c2c888674236002406d3c686a7c53,ICE,Trump_I,ICE detention services,2019-05-20,70CDCR18FR0000009,HSCEDM12D00001,Delivery Order,P00015,yes,"THE GEO GROUP, INC.",JMLKZZ1NL2Z6,3JMR1,0.00,51662696.58,51662696.58,2017-12-01,2018-12-05,2019-08-18,DETENTION COMPLIANCE AND REMOVALS,,Full And Open Competition,,Negotiated Proposal/Quote,,S206,Guard Services,561210,Facilities Support Services,IGF::OT::IGF DETENTION SERVICES,DETENTION SERVICES,https://www.usaspending.gov/award/CONT_AWD_70CDCR18FR0000009_7012_HSCEDM12D00001_7012
0e8268466a73beecebd4e69d991907771b9a9d96c70d0b3cdf8d70a329f52998,ICE,Trump_I,ICE detention services,2019-05-20,70CDCR18FR0000071,HSCEDM15D00006,Delivery Order,P00010,yes,"THE GEO GROUP, INC.",JMLKZZ1NL2Z6,3JMR1,3544000.00,32304821.09,32304821.09,2018-06-14,2019-06-30,2020-06-27,DETENTION COMPLIANCE AND REMOVALS,,Full And Open Competition,,Negotiated Proposal/Quote,HSCEDM14R00002,S206,Guard Services,561210,Facilities Support Services,IGF::CT::IGF DETENTION SERVICES AT BROWARD TRANSITIONAL CENTER,IGF::CT::IGF DETENTION SERVICES AT BROWARD TRANSITIONAL CENTER,https://www.usaspending.gov/award/CONT_AWD_70CDCR18FR0000071_7012_HSCEDM15D00006_7012
0adfc02ece564af8075ede5a837a2a51679031a87a33dbb327e6b23398825dea,ICE,Trump_I,ICE detention services,2019-05-23,70CDCR18FC0000011,HSCEDM14A00001,BPA Call,P00008,yes,"THE GEO GROUP, INC.",JMLKZZ1NL2Z6,3JMR1,-433479.98,6490815.92,6490815.92,2018-03-20,2019-03-31,2019-03-31,DETENTION COMPLIANCE AND REMOVALS,,Competed Under Simplified Acquisition Procedures,1,Simplified Acquisition,,S206,Guard Services,922140,Correctional Institutions ,IGF::CT::IGF RIO GRANDE DETENTION CENTER,IGF::CT::IGF RIO GRANDE DETENTION CENTER,https://www.usaspending.gov/award/CONT_AWD_70CDCR18FC0000011_7012_HSCEDM14A00001_7012
0e8b34824e06b273b5c69712cdb1046abf51d2484c222af47231b4cb4a2e89cf,ICE,Trump_I,ICE detention services,2019-05-23,70CDCR18FR0000161,HSCEDM17D00009,Delivery Order,P00007,yes,"THE GEO GROUP, INC.",JMLKZZ1NL2Z6,3JMR1,12406796.00,38224630.37,38224630.37,2018-09-28,2019-08-17,2021-01-09,DETENTION COMPLIANCE AND REMOVALS,,Full And Open Competition,,Negotiated Proposal/Quote,,S206,Guard Services,561210,Facilities Support Services,IGF::CT::IGF HOUSTON DETENTION FACILITY,HOUSTON DETENTION FACILITY,https://www.usaspending.gov/award/CONT_AWD_70CDCR18FR0000161_7012_HSCEDM17D00009_7012
6f2d791e3a9c449238ab536a2c76f9204697bf525bda9ea1b2d6ecc47456fc9b,ICE,Trump_I,ICE detention services,2019-05-29,70CDCR18FC0000028,70CDCR18A00000007,BPA Call,P00003,yes,"THE GEO GROUP, INC.",JMLKZZ1NL2Z6,3JMR1,812000.00,3308537.04,3308537.04,2018-07-25,2019-07-22,2020-06-28,DETENTION COMPLIANCE AND REMOVALS,,Competed Under Simplified Acquisition Procedures,1,Simplified Acquisition,,S206,Guard Services,922140,Correctional Institutions ,IGF::CT::IGF  ROBERT A. DEYTON DETENTION FACILITY,"IGF::CT::IGF 
ROBERT A. DEYTON DETENTION FACILITY",https://www.usaspending.gov/award/CONT_AWD_70CDCR18FC0000028_7012_70CDCR18A00000007_7012
0a3a037b098cae8b3cc6171086902ec6af112101ebe6a9ea8e250daad0d57164,ICE,Trump_I,ICE detention services,2019-05-29,70CDCR18FR0000052,HSCEDM11D00003,Delivery Order,P00009,yes,"THE GEO GROUP, INC.",JMLKZZ1NL2Z6,3JMR1,16578832.32,47687272.92,47687272.92,2018-09-16,2019-09-15,2020-03-25,DETENTION COMPLIANCE AND REMOVALS,,Full And Open Competition,,Negotiated Proposal/Quote,,S206,Guard Services,561210,Facilities Support Services,"DETENTION SERVICES FOR AURORA, CO CDF","DETENTION SERVICES FOR AURORA, CO CDF",https://www.usaspending.gov/award/CONT_AWD_70CDCR18FR0000052_7012_HSCEDM11D00003_7012
6827602cefa7ce0f13b76a42134c2805b29c2cbdeba98e785af5a1a7b02c332b,ICE,Trump_I,ICE detention services,2019-05-29,70CDCR19FR0000020,70CDCR19D00000004,Delivery Order,P00003,yes,"THE GEO GROUP, INC.",JMLKZZ1NL2Z6,3JMR1,8438999.04,13525413.80,21249254.16,2019-03-06,2020-09-09,2020-09-09,DETENTION COMPLIANCE AND REMOVALS,,Not Competed,,Sole Source,,S206,Guard Services,561210,Facilities Support Services,"IGF::CL,CT::IGF DETENTION SERVICES MESA VERDE",TO PROVIDE DETENTION SERVICES AT THE MESA VERDE ICE PROCESSING CENTER,https://www.usaspending.gov/award/CONT_AWD_70CDCR19FR0000020_7012_70CDCR19D00000004_7012
f0c570780cbeb09b54210554823246a26d9427a18d498b675daa1cefd2ef9b71,CBP,Trump_I,CBP detention/jail space,2019-06-03,HSBP1016P00277,,PURCHASE ORDER,P00009,yes,"THE GEO GROUP, INC.",JMLKZZ1NL2Z6,3JMR1,0.00,833449.72,845956.19,2016-05-01,2020-04-30,2020-04-30,BORDER ENFORCEMENT CONTRACTING DIVISION,US BORDER PATROL,NOT COMPETED UNDER SAP,1,SIMPLIFIED ACQUISITION,HSBP1016Q0062,X1FF,LEASE/RENTAL OF PENAL FACILITIES,922140,CORRECTIONAL INSTITUTIONS,IGF::OT::IGF - REQUEST FOR EQUITABLE ADJUSTMENT BY CONTRACTOR.,IGF::OT::IGF - DETENTION SPACE,https://www.usaspending.gov/award/CONT_AWD_HSBP1016P00277_7014_-NONE-_-NONE-
c452d64f9dc689737a75dd317bb3fd10b541c7ea125e19a2bd97df078d37946b,ICE,Trump_I,ICE detention services,2019-06-06,70CDCR19FC0000008,HSCEDM14A00001,BPA Call,P00001,yes,"THE GEO GROUP, INC.",JMLKZZ1NL2Z6,3JMR1,2180976.22,5854685.10,5854685.10,2019-03-18,2020-03-31,2020-07-30,DETENTION COMPLIANCE AND REMOVALS,,Competed Under Simplified Acquisition Procedures,1,Simplified Acquisition,,S206,Guard Services,922140,Correctional Institutions ,IGF::CT::IGF RIO GRANDE DETENTION CENTER,IGF::CT::IGF RIO GRANDE DETENTION CENTER,https://www.usaspending.gov/award/CONT_AWD_70CDCR19FC0000008_7012_HSCEDM14A00001_7012
cfe284759c14d9a4afb18f78a79d30bd89022b18b83dbe95e303044c473dd248,ICE,Trump_I,ICE other/unresolved,2019-06-06,70CDCR19FR0000005,70CDCR19D00000001,Delivery Order,P00004,yes,"THE GEO GROUP, INC.",JMLKZZ1NL2Z6,3JMR1,16785175.56,51679433.42,51679433.42,2018-12-19,2019-12-05,2019-12-05,DETENTION COMPLIANCE AND REMOVALS,,Not Competed,,Sole Source,,S206,Guard Services,561210,Facilities Support Services,IGF::CT::IGF,IGF::CT::IGF,https://www.usaspending.gov/award/CONT_AWD_70CDCR19FR0000005_7012_70CDCR19D00000001_7012
8802c6f11fdc3f295909113d8c93900f41e0c36e0a8ab5b0e4f1c6a6566f6961,ICE,Trump_I,ICE detention services,2019-06-13,70CDCR19FIGR00278,HSCEDM15D00006,Delivery Order,0,no,"THE GEO GROUP, INC.",JMLKZZ1NL2Z6,3JMR1,10982149.27,33327391.94,33327391.94,2019-06-13,2020-06-30,2020-10-10,DETENTION COMPLIANCE AND REMOVALS,,Full And Open Competition,,Negotiated Proposal/Quote,,S206,Guard Services,561210,Facilities Support Services,IGF::CT::IGF DETENTION SERVICES AT BROWARD TRANSITIONAL CENTER,DETENTION SERVICES AT BROWARD TRANSITIONAL CENTER,https://www.usaspending.gov/award/CONT_AWD_70CDCR19FIGR00278_7012_HSCEDM15D00006_7012
dda1b4d794a8aea79cb1f622f42c2f1585735ec5e8b633e0f690d5ddb1d9766e,ICE,Trump_I,ICE ISAP/electronic monitoring,2019-06-25,70CDCR18FR0000118,HSCEDM14D00004,Delivery Order,P00011,yes,B.I. INCORPORATED,PKK6L9KLMYR5,3CUH9,21453839.00,162229226.05,162229226.05,2018-08-13,2019-08-31,2019-08-31,DETENTION COMPLIANCE AND REMOVALS,,Full And Open Competition,,Negotiated Proposal/Quote,,R408,Program Management/Support Services,561210,Facilities Support Services,ISAP III ALTERNATIVES TO DETENTION TASK ORDER,ISAP III ALTERNATIVES TO DETENTION TASK ORDER,https://www.usaspending.gov/award/CONT_AWD_70CDCR18FR0000118_7012_HSCEDM14D00004_7012
887705a0ff06fda7d0d9964e67eb72619c4811fae9cb620549c3e6156ce31391,ICE,Trump_I,ICE detention services,2019-06-25,70CDCR19FC0000012,70CDCR18A00000007,BPA Call,0,no,"THE GEO GROUP, INC.",JMLKZZ1NL2Z6,3JMR1,1614000.00,988653.72,988653.72,2019-06-25,2020-07-22,2021-08-12,DETENTION COMPLIANCE AND REMOVALS,,Competed Under Simplified Acquisition Procedures,1,Simplified Acquisition,,S206,Guard Services,922140,Correctional Institutions ,IGF::CT::IGF DETENTION SERVICES AT ROBERT A. DEYTON DETENTION FACILITY,IGF::CT::IGF DETENTION SERVICES AT ROBERT A. DEYTON DETENTION FACILITY,https://www.usaspending.gov/award/CONT_AWD_70CDCR19FC0000012_7012_70CDCR18A00000007_7012
df9dfbc9844e6c4aeda6771db9193a0654aac82ab58fa51ac39ac53ac84234b8,ICE,Trump_I,ICE detention services,2019-06-26,70CDCR19FR0000058,70CDCR19D00000011,Delivery Order,0,no,"THE GEO GROUP, INC.",JMLKZZ1NL2Z6,3JMR1,25137932.75,37878569.30,37878569.30,2019-06-26,2019-12-31,2020-04-03,DETENTION COMPLIANCE AND REMOVALS,,Not Competed,,Sole Source,,S206,Guard Services,561210,Facilities Support Services,IGF::CT::IGF DETENTION SERVICES,DETENTION SERVICES,https://www.usaspending.gov/award/CONT_AWD_70CDCR19FR0000058_7012_70CDCR19D00000011_7012
9e18d31f8ba3bb9bc622fb58ed2fa0adc7db1a4e7f459c976b47c836167dbb64,ICE,Trump_I,ICE detention services,2019-06-27,70CDCR19FR0000059,HSCEDM15D00015,Delivery Order,0,no,"THE GEO GROUP, INC.",JMLKZZ1NL2Z6,3JMR1,5930539.94,63811970.64,63811970.64,2019-09-28,2020-09-27,2020-09-27,DETENTION COMPLIANCE AND REMOVALS,,Full And Open Competition,,Negotiated Proposal/Quote,,S206,Guard Services,561210,Facilities Support Services,"IGF::CT::IGF DETENTION, FOOD AND TRANSPORTATION SERVICES","DETENTION, FOOD AND TRANSPORTATION SERVICES",https://www.usaspending.gov/award/CONT_AWD_70CDCR19FR0000059_7012_HSCEDM15D00015_7012
b9364a69bfb8c27a79a40975fbf8cdea5a62e51942ebb04002ff99811d3d52ad,ICE,Trump_I,ICE detention services,2019-07-11,70CDCR18FR0000161,HSCEDM17D00009,Delivery Order,P00008,yes,"THE GEO GROUP, INC.",JMLKZZ1NL2Z6,3JMR1,0.00,38224630.37,38224630.37,2018-09-28,2019-08-17,2021-01-09,DETENTION COMPLIANCE AND REMOVALS,,Full And Open Competition,,Negotiated Proposal/Quote,,S206,Guard Services,561210,Facilities Support Services,HOUSTON DETENTION FACILITY,HOUSTON DETENTION FACILITY,https://www.usaspending.gov/award/CONT_AWD_70CDCR18FR0000161_7012_HSCEDM17D00009_7012
beb1eac094ed754e109955b094e5ba5bd3196607b07b8432051d4b2180f7db94,ICE,Trump_I,ICE detention services,2019-07-11,HSCEDM17J00031,HSCEDM11D00003,Delivery Order,P00010,yes,"THE GEO GROUP, INC.",JMLKZZ1NL2Z6,3JMR1,-2896873.31,30799575.31,30799575.31,2017-09-16,2018-09-15,2019-08-10,DETENTION COMPLIANCE AND REMOVALS,,Full And Open Competition,,Negotiated Proposal/Quote,,S206,Guard Services,561210,Facilities Support Services,"DETENTION MANAGEMENT/MEDICAL/TRANSPORTATION FOR AURORA, CO GEO GRP","DETENTION MANAGEMENT/MEDICAL/TRANSPORTATION FOR AURORA, CO GEO GRP COCA.
IGF::CT::IGF",https://www.usaspending.gov/award/CONT_AWD_HSCEDM17J00031_7012_HSCEDM11D00003_7012
dcd2cd1117807b550b01f1d61a2107a1d5473516b39bb9706ec47548e269c34d,ICE,Trump_I,ICE detention services,2019-07-19,70CDCR18FR0000009,HSCEDM12D00001,Delivery Order,P00016,yes,"THE GEO GROUP, INC.",JMLKZZ1NL2Z6,3JMR1,-122493.71,51662696.58,51662696.58,2017-12-01,2018-12-05,2019-08-18,DETENTION COMPLIANCE AND REMOVALS,,Full And Open Competition,,Negotiated Proposal/Quote,,S206,Guard Services,561210,Facilities Support Services,DETENTION SERVICES,DETENTION SERVICES,https://www.usaspending.gov/award/CONT_AWD_70CDCR18FR0000009_7012_HSCEDM12D00001_7012
dfa6b46e7e1f64b141543b898e0b86cef55e3ed073eaf0bc7a78aa0f1efb228c,ICE,Trump_I,ICE detention services,2019-08-01,70CDCR18FR0000161,HSCEDM17D00009,Delivery Order,P00009,yes,"THE GEO GROUP, INC.",JMLKZZ1NL2Z6,3JMR1,1471475.00,38224630.37,38224630.37,2018-09-28,2019-08-17,2021-01-09,DETENTION COMPLIANCE AND REMOVALS,,Full And Open Competition,,Negotiated Proposal/Quote,,S206,Guard Services,561210,Facilities Support Services,HOUSTON DETENTION FACILITY,HOUSTON DETENTION FACILITY,https://www.usaspending.gov/award/CONT_AWD_70CDCR18FR0000161_7012_HSCEDM17D00009_7012
2d8def79cfa7c6385a6ccacb907f8604cae39547dc1a43fbe1e070fbacecbb16,ICE,Trump_I,ICE transportation/removal services,2019-08-01,70CDCR19FIGR00292,70CDCR19D00000001,Delivery Order,0,no,"THE GEO GROUP, INC.",JMLKZZ1NL2Z6,3JMR1,55594.50,55594.50,55594.50,2019-08-01,2019-08-09,2019-08-31,DETENTION COMPLIANCE AND REMOVALS,,Not Competed,,Sole Source,,S206,Guard Services,561210,Facilities Support Services,SUPPLEMENTAL TRANSPORTATION FOR WSEU,SUPPLEMENTAL TRANSPORTATION FOR WSEU,https://www.usaspending.gov/award/CONT_AWD_70CDCR19FIGR00292_7012_70CDCR19D00000001_7012
efd546848a440714d222b179447a9450c40f68778bd5dbfb6662814e0c76aaed,ICE,Trump_I,ICE detention services,2019-08-06,70CDCR19FR0000058,70CDCR19D00000011,Delivery Order,P00001,yes,"THE GEO GROUP, INC.",JMLKZZ1NL2Z6,3JMR1,13527919.35,37878569.30,37878569.30,2019-06-26,2019-12-31,2020-04-03,DETENTION COMPLIANCE AND REMOVALS,,Not Competed,,Sole Source,,S206,Guard Services,561210,Facilities Support Services,DETENTION SERVICES,DETENTION SERVICES,https://www.usaspending.gov/award/CONT_AWD_70CDCR19FR0000058_7012_70CDCR19D00000011_7012
7e20026ff3c624724fe30dd99ff45e43c8476be9487fcbcb237d0d4b4ea5a98b,ICE,Trump_I,ICE detention services,2019-08-13,70CDCR19FR0000059,HSCEDM15D00015,Delivery Order,P00001,yes,"THE GEO GROUP, INC.",JMLKZZ1NL2Z6,3JMR1,11949999.04,63811970.64,63811970.64,2019-09-28,2020-09-27,2020-09-27,DETENTION COMPLIANCE AND REMOVALS,,Full And Open Competition,,Negotiated Proposal/Quote,,S206,Guard Services,561210,Facilities Support Services,"DETENTION, FOOD AND TRANSPORTATION SERVICES","DETENTION, FOOD AND TRANSPORTATION SERVICES",https://www.usaspending.gov/award/CONT_AWD_70CDCR19FR0000059_7012_HSCEDM15D00015_7012
343a7037f22c14fad54bfe0e2acd1d568e95483d9ea161b39a65222075b57fd6,ICE,Trump_I,ICE detention services,2019-08-16,70CDCR19FR0000056,HSCEDM17D00009,Delivery Order,0,no,"THE GEO GROUP, INC.",JMLKZZ1NL2Z6,3JMR1,11071951.00,40268189.97,40268189.97,2019-08-16,2020-08-17,2022-08-18,DETENTION COMPLIANCE AND REMOVALS,,Full And Open Competition,,Negotiated Proposal/Quote,HSCEDM15R00004,S206,Guard Services,561210,Facilities Support Services,HOUSTON DETENTION FACILITY,HOUSTON DETENTION FACILITY,https://www.usaspending.gov/award/CONT_AWD_70CDCR19FR0000056_7012_HSCEDM17D00009_7012
897aa20485c90a8bb962e2c96baef7a86f7dcf9e94adf14ef1da3111e2bc2015,ICE,Trump_I,ICE ISAP/electronic monitoring,2019-08-28,70CDCR19FR0000077,HSCEDM14D00004,Delivery Order,0,no,B.I. INCORPORATED,PKK6L9KLMYR5,3CUH9,30454438.00,138542822.16,138542822.16,2019-08-28,2020-07-31,2020-07-31,DETENTION COMPLIANCE AND REMOVALS,,Full And Open Competition,,Negotiated Proposal/Quote,,R408,Program Management/Support Services,561210,Facilities Support Services,INTENSIVE SUPERVISION APPEARANCE PROGRAM (ISAP III) FOR ALTERNATIVES TO DETENTION,INTENSIVE SUPERVISION APPEARANCE PROGRAM (ISAP III) FOR ALTERNATIVES TO DETENTION,https://www.usaspending.gov/award/CONT_AWD_70CDCR19FR0000077_7012_HSCEDM14D00004_7012
28d0e72c711f6d3bdb6cfbb06229108de0dd6529a4a1bc6974ef1c03ca05eba4,ICE,Trump_I,ICE detention services,2019-09-02,70CDCR19FR0000056,HSCEDM17D00009,Delivery Order,P00001,yes,"THE GEO GROUP, INC.",JMLKZZ1NL2Z6,3JMR1,2306900.00,40268189.97,40268189.97,2019-08-16,2020-08-17,2022-08-18,DETENTION COMPLIANCE AND REMOVALS,,Full And Open Competition,,Negotiated Proposal/Quote,HSCEDM15R00004,S206,Guard Services,561210,Facilities Support Services,HOUSTON DETENTION FACILITY,HOUSTON DETENTION FACILITY,https://www.usaspending.gov/award/CONT_AWD_70CDCR19FR0000056_7012_HSCEDM17D00009_7012
542e7980f7e5b6466454f198ada544fcaa7fc236ebaafce4c7c7ddfe5834c368,ICE,Trump_I,ICE detention services,2019-09-03,70CDCR18FR0000071,HSCEDM15D00006,Delivery Order,P00011,yes,"THE GEO GROUP, INC.",JMLKZZ1NL2Z6,3JMR1,-293709.20,32304821.09,32304821.09,2018-06-14,2019-06-30,2020-06-27,DETENTION COMPLIANCE AND REMOVALS,,Full And Open Competition,,Negotiated Proposal/Quote,HSCEDM14R00002,S206,Guard Services,561210,Facilities Support Services,DETENTION SERVICES AT BROWARD TRANSITIONAL CENTER,IGF::CT::IGF DETENTION SERVICES AT BROWARD TRANSITIONAL CENTER,https://www.usaspending.gov/award/CONT_AWD_70CDCR18FR0000071_7012_HSCEDM15D00006_7012
2c4dbc990d10b2128447fd58a76b02a49acf2972f97abe80e8031271b05be915,ICE,Trump_I,ICE ISAP/electronic monitoring,2019-09-03,70CDCR18FR0000118,HSCEDM14D00004,Delivery Order,P00012,yes,B.I. INCORPORATED,PKK6L9KLMYR5,3CUH9,3624541.00,162229226.05,162229226.05,2018-08-13,2019-08-31,2019-08-31,DETENTION COMPLIANCE AND REMOVALS,,Full And Open Competition,,Negotiated Proposal/Quote,,R408,Program Management/Support Services,561210,Facilities Support Services,ISAP III ALTERNATIVES TO DETENTION TASK ORDER,ISAP III ALTERNATIVES TO DETENTION TASK ORDER,https://www.usaspending.gov/award/CONT_AWD_70CDCR18FR0000118_7012_HSCEDM14D00004_7012
7312e67cb749c78aa8133851ffc327826f7b824842e72a2375f76fb95cb856fc,ICE,Trump_I,ICE ISAP/electronic monitoring,2019-09-06,70CDCR19FR0000077,HSCEDM14D00004,Delivery Order,P00001,yes,B.I. INCORPORATED,PKK6L9KLMYR5,3CUH9,2000000.00,138542822.16,138542822.16,2019-08-28,2020-07-31,2020-07-31,DETENTION COMPLIANCE AND REMOVALS,,Full And Open Competition,,Negotiated Proposal/Quote,,R408,Program Management/Support Services,561210,Facilities Support Services,INTENSIVE SUPERVISION APPEARANCE PROGRAM (ISAP III) FOR ALTERNATIVES TO DETENTION,INTENSIVE SUPERVISION APPEARANCE PROGRAM (ISAP III) FOR ALTERNATIVES TO DETENTION,https://www.usaspending.gov/award/CONT_AWD_70CDCR19FR0000077_7012_HSCEDM14D00004_7012
8422346a22edcf3056e80329f7523cab1c88c4ced2fbe7325e1973190312fe8c,ICE,Trump_I,ICE detention services,2019-09-09,70CDCR19FC0000008,HSCEDM14A00001,BPA Call,P00002,yes,"THE GEO GROUP, INC.",JMLKZZ1NL2Z6,3JMR1,880481.00,5854685.10,5854685.10,2019-03-18,2020-03-31,2020-07-30,DETENTION COMPLIANCE AND REMOVALS,,Competed Under Simplified Acquisition Procedures,1,Simplified Acquisition,,S206,Guard Services,922140,Correctional Institutions ,RIO GRANDE DETENTION CENTER,IGF::CT::IGF RIO GRANDE DETENTION CENTER,https://www.usaspending.gov/award/CONT_AWD_70CDCR19FC0000008_7012_HSCEDM14A00001_7012
89ff8b876d68b07a4f98f8b024c8cb5220b6a5d096f9f6be1d45938978d47878,ICE,Trump_I,ICE detention services,2019-09-10,70CDCR19FR0000005,70CDCR19D00000001,Delivery Order,P00005,yes,"THE GEO GROUP, INC.",JMLKZZ1NL2Z6,3JMR1,5835882.35,51679433.42,51679433.42,2018-12-19,2019-12-05,2019-12-05,DETENTION COMPLIANCE AND REMOVALS,,Not Competed,,Sole Source,,S206,Guard Services,561210,Facilities Support Services,SOUTH TEXAS DETENTION COMPLEX CONTRACT,IGF::CT::IGF,https://www.usaspending.gov/award/CONT_AWD_70CDCR19FR0000005_7012_70CDCR19D00000001_7012
592f675bd96c93658a571ca7b092ff2977097b4ba23118e427bbe47ea29016e2,ICE,Trump_I,ICE detention services,2019-09-11,70CDCR19FR0000089,HSCEDM11D00003,Delivery Order,0,no,"THE GEO GROUP, INC.",JMLKZZ1NL2Z6,3JMR1,8444509.72,46180315.09,46180315.09,2019-09-11,2020-09-15,2021-03-25,DETENTION COMPLIANCE AND REMOVALS,,Full And Open Competition,,Negotiated Proposal/Quote,,S206,Guard Services,561210,Facilities Support Services,"DETENTION MANAGEMENT/MEDICAL/TRANSPORTATION FOR AURORA, CO","DETENTION MANAGEMENT/MEDICAL/TRANSPORTATION FOR AURORA, CO",https://www.usaspending.gov/award/CONT_AWD_70CDCR19FR0000089_7012_HSCEDM11D00003_7012
7ff0a98538a80ce2c6a5209d409c2622e83fe937d31b3c7337f9bd1beabc6b01,ICE,Trump_I,ICE detention services,2019-09-19,70CDCR19FR0000058,70CDCR19D00000011,Delivery Order,P00002,yes,"THE GEO GROUP, INC.",JMLKZZ1NL2Z6,3JMR1,8464874.76,37878569.30,37878569.30,2019-06-26,2019-12-31,2020-04-03,DETENTION COMPLIANCE AND REMOVALS,,Not Competed,,Sole Source,,S206,Guard Services,561210,Facilities Support Services,DETENTION SERVICES,DETENTION SERVICES,https://www.usaspending.gov/award/CONT_AWD_70CDCR19FR0000058_7012_70CDCR19D00000011_7012
3a493c910bbc24cc829f299ab750cde96e354f0625d7156c0750ebe22c54fbc3,CBP,Trump_I,CBP detainee hygiene services,2019-09-20,HSBP1015P00762,,PURCHASE ORDER,P00005,yes,"THE GEO GROUP, INC.",JMLKZZ1NL2Z6,3JMR1,15000.00,2711.07,52711.07,2015-09-17,2020-09-16,2020-09-16,BORDER ENFORCEMENT CONTRACTING DIVISION,OFFICE OF FIELD OPERATIONS,NOT COMPETED,1,ONLY ONE SOURCE,HSBP1015Q0195,G099,SOCIAL- OTHER,922140,CORRECTIONAL INSTITUTIONS,EX OY 4 - DETAINEE HYGIENE SERVICES FOR RGV BP,IGF::OT::IGF HYGIENE SERVICES FOR DETAINEES,https://www.usaspending.gov/award/CONT_AWD_HSBP1015P00762_7014_-NONE-_-NONE-
c99c1d8fa30196e32ef4abe8380c9b35911d7fd3d4e0e30099def82b5bb04d31,ICE,Trump_I,ICE detention services,2019-09-23,70CDCR18FR0000070,HSCEDM15D00015,Delivery Order,P00008,yes,"THE GEO GROUP, INC.",JMLKZZ1NL2Z6,3JMR1,616661.98,64722320.27,64722320.27,2018-09-28,2019-09-27,2021-02-12,DETENTION COMPLIANCE AND REMOVALS,,Full And Open Competition,,Negotiated Proposal/Quote,,S206,Guard Services,561210,Facilities Support Services,"DETENTION, FOOD AND TRANSPORTAION SERVICES","IGF::CT::IGF DETENTION, FOOD AND TRANSPORTAION SERVICES",https://www.usaspending.gov/award/CONT_AWD_70CDCR18FR0000070_7012_HSCEDM15D00015_7012
55b83ae53a837829494e9a17dcb6d15b2e6b2480b8ec4d78b4f1fc719a346424,CBP,Trump_I,CBP detention/jail space,2019-09-24,HSBP1016P00277,,PURCHASE ORDER,P00010,yes,"THE GEO GROUP, INC.",JMLKZZ1NL2Z6,3JMR1,-90779.18,833449.72,845956.19,2016-05-01,2020-04-30,2020-04-30,BORDER ENFORCEMENT CONTRACTING DIVISION,US BORDER PATROL,NOT COMPETED UNDER SAP,1,SIMPLIFIED ACQUISITION,HSBP1016Q0062,X1FF,LEASE/RENTAL OF PENAL FACILITIES,922140,CORRECTIONAL INSTITUTIONS,"DE-OB OF EXPIRING FUNDS FROM OPTION YEAR 1 IN THE AMOUNT OF $90,779.18.",IGF::OT::IGF - DETENTION SPACE,https://www.usaspending.gov/award/CONT_AWD_HSBP1016P00277_7014_-NONE-_-NONE-
bebbb23e49e5947d4f3a32b352eb85458bae9f829f509f70caff8f322299d165,ICE,Trump_I,ICE ISAP/electronic monitoring,2019-09-24,70CDCR19FR0000077,HSCEDM14D00004,Delivery Order,P00002,yes,B.I. INCORPORATED,PKK6L9KLMYR5,3CUH9,16285874.00,138542822.16,138542822.16,2019-08-28,2020-07-31,2020-07-31,DETENTION COMPLIANCE AND REMOVALS,,Full And Open Competition,,Negotiated Proposal/Quote,,R408,Program Management/Support Services,561210,Facilities Support Services,INTENSIVE SUPERVISION APPEARANCE PROGRAM (ISAP III) FOR ALTERNATIVES TO DETENTION,INTENSIVE SUPERVISION APPEARANCE PROGRAM (ISAP III) FOR ALTERNATIVES TO DETENTION,https://www.usaspending.gov/award/CONT_AWD_70CDCR19FR0000077_7012_HSCEDM14D00004_7012
2bffaa94bb4f740c684007efea45ea79b3e77b4aaa830c8db45d304d73e81f11,ICE,Trump_I,ICE detention services,2019-09-26,70CDCR19FIGR00278,HSCEDM15D00006,Delivery Order,P00001,yes,"THE GEO GROUP, INC.",JMLKZZ1NL2Z6,3JMR1,2600099.61,33327391.94,33327391.94,2019-06-13,2020-06-30,2020-10-10,DETENTION COMPLIANCE AND REMOVALS,,Full And Open Competition,,Negotiated Proposal/Quote,,S206,Guard Services,561210,Facilities Support Services,DETENTION SERVICES AT BROWARD TRANSITIONAL CENTER,DETENTION SERVICES AT BROWARD TRANSITIONAL CENTER,https://www.usaspending.gov/award/CONT_AWD_70CDCR19FIGR00278_7012_HSCEDM15D00006_7012
e1f4a12f6584e590b5976dd512fafd2f0da2a4113b2050c566d668de641a9d8a,ICE,Trump_I,ICE detention services,2019-09-26,70CDCR19FR0000089,HSCEDM11D00003,Delivery Order,P00001,yes,"THE GEO GROUP, INC.",JMLKZZ1NL2Z6,3JMR1,4850670.82,46180315.09,46180315.09,2019-09-11,2020-09-15,2021-03-25,DETENTION COMPLIANCE AND REMOVALS,,Full And Open Competition,,Negotiated Proposal/Quote,,S206,Guard Services,561210,Facilities Support Services,"DETENTION MANAGEMENT/MEDICAL/TRANSPORTATION FOR AURORA, CO","DETENTION MANAGEMENT/MEDICAL/TRANSPORTATION FOR AURORA, CO",https://www.usaspending.gov/award/CONT_AWD_70CDCR19FR0000089_7012_HSCEDM11D00003_7012
195dd688575b99fb73a4681d8fa3468cfe0e09299e7b33047eceb4f95a5adef3,ICE,Trump_I,ICE ISAP/electronic monitoring,2019-09-27,70CDCR19FR0000077,HSCEDM14D00004,Delivery Order,P00003,yes,B.I. INCORPORATED,PKK6L9KLMYR5,3CUH9,508000.00,138542822.16,138542822.16,2019-08-28,2020-07-31,2020-07-31,DETENTION COMPLIANCE AND REMOVALS,,Full And Open Competition,,Negotiated Proposal/Quote,,R408,Program Management/Support Services,561210,Facilities Support Services,INTENSIVE SUPERVISION APPEARANCE PROGRAM (ISAP III) FOR ALTERNATIVES TO DETENTION,INTENSIVE SUPERVISION APPEARANCE PROGRAM (ISAP III) FOR ALTERNATIVES TO DETENTION,https://www.usaspending.gov/award/CONT_AWD_70CDCR19FR0000077_7012_HSCEDM14D00004_7012
327e3cc8732dd932ac768d8847ce0650da2f960e44d478c5b3fb844d1dd0743b,ICE,Trump_I,ICE detention services,2019-09-30,70CDCR18FR0000161,HSCEDM17D00009,Delivery Order,P00010,yes,"THE GEO GROUP, INC.",JMLKZZ1NL2Z6,3JMR1,1800000.00,38224630.37,38224630.37,2018-09-28,2019-08-17,2021-01-09,DETENTION COMPLIANCE AND REMOVALS,,Full And Open Competition,,Negotiated Proposal/Quote,,S206,Guard Services,561210,Facilities Support Services,HOUSTON DETENTION FACILITY,HOUSTON DETENTION FACILITY,https://www.usaspending.gov/award/CONT_AWD_70CDCR18FR0000161_7012_HSCEDM17D00009_7012
bf959d9af3bfa4d65715aac60aaae1cf5607fe007e0715d6894e830ee74bd88d,ICE,Trump_I,ICE detention services,2019-09-30,70CDCR19FR0000020,70CDCR19D00000004,Delivery Order,P00004,yes,"THE GEO GROUP, INC.",JMLKZZ1NL2Z6,3JMR1,1557337.00,13525413.80,21249254.16,2019-03-06,2020-09-09,2020-09-09,DETENTION COMPLIANCE AND REMOVALS,,Not Competed,,Sole Source,,S206,Guard Services,561210,Facilities Support Services,DETENTION SERVICES MESA VERDE,TO PROVIDE DETENTION SERVICES AT THE MESA VERDE ICE PROCESSING CENTER,https://www.usaspending.gov/award/CONT_AWD_70CDCR19FR0000020_7012_70CDCR19D00000004_7012
bdd123b5be44487f115c1ffeb47263e8faf91560653d6b60103fc1ab0d34b0b1,ICE,Trump_I,ICE ISAP/electronic monitoring,2019-10-17,HSCEDM17J00026,HSCEDM14D00004,Delivery Order,P00016,yes,B.I. INCORPORATED,PKK6L9KLMYR5,3CUH9,-32500.02,123170951.98,123170951.98,2017-09-01,2019-08-31,2019-08-31,DETENTION COMPLIANCE AND REMOVALS,,Full And Open Competition,,Negotiated Proposal/Quote,,R408,Program Management/Support Services,561210,Facilities Support Services,INTENSIVE SUPERVISION APPEARANCE PROGRAM (ISAP III) FOR ALTERNATIVES TO DETENTION,IGF::CT::IGF INTENSIVE SUPERVISION APPEARANCE PROGRAM (ISAP III) FOR ALTERNATIVES TO DETENTION,https://www.usaspending.gov/award/CONT_AWD_HSCEDM17J00026_7012_HSCEDM14D00004_7012
9aeaf805b65469d82879844cd60c26504998bab5e58f04044ed6e483ca04e7d5,ICE,Trump_I,ICE ISAP/electronic monitoring,2019-10-23,70CDCR18FR0000118,HSCEDM14D00004,Delivery Order,P00013,yes,B.I. INCORPORATED,PKK6L9KLMYR5,3CUH9,-323577.86,162229226.05,162229226.05,2018-08-13,2019-08-31,2019-08-31,DETENTION COMPLIANCE AND REMOVALS,,Full And Open Competition,,Negotiated Proposal/Quote,,R408,Program Management/Support Services,561210,Facilities Support Services,ISAP III ALTERNATIVES TO DETENTION TASK ORDER,ISAP III ALTERNATIVES TO DETENTION TASK ORDER,https://www.usaspending.gov/award/CONT_AWD_70CDCR18FR0000118_7012_HSCEDM14D00004_7012
ccc541b251c737bd3ce3f3ef7045b837eaaf4892974a2b57f9f168eb5550468d,ICE,Trump_I,ICE ISAP/electronic monitoring,2019-10-29,70CDCR19FR0000077,HSCEDM14D00004,Delivery Order,P00004,yes,B.I. INCORPORATED,PKK6L9KLMYR5,3CUH9,53094.72,138542822.16,138542822.16,2019-08-28,2020-07-31,2020-07-31,DETENTION COMPLIANCE AND REMOVALS,,Full And Open Competition,,Negotiated Proposal/Quote,,R408,Program Management/Support Services,561210,Facilities Support Services,INTENSIVE SUPERVISION APPEARANCE PROGRAM (ISAP III) FOR ALTERNATIVES TO DETENTION,INTENSIVE SUPERVISION APPEARANCE PROGRAM (ISAP III) FOR ALTERNATIVES TO DETENTION,https://www.usaspending.gov/award/CONT_AWD_70CDCR19FR0000077_7012_HSCEDM14D00004_7012
91adb69df4235b70d8ce21ccf04ec67fe91c422e750316a8ba180821129d9ca8,ICE,Trump_I,ICE detention services,2019-11-01,70CDCR19FR0000056,HSCEDM17D00009,Delivery Order,P00002,yes,"THE GEO GROUP, INC.",JMLKZZ1NL2Z6,3JMR1,5790604.00,40268189.97,40268189.97,2019-08-16,2020-08-17,2022-08-18,DETENTION COMPLIANCE AND REMOVALS,,Full And Open Competition,,Negotiated Proposal/Quote,HSCEDM15R00004,S206,Guard Services,561210,Facilities Support Services,HOUSTON DETENTION FACILITY,HOUSTON DETENTION FACILITY,https://www.usaspending.gov/award/CONT_AWD_70CDCR19FR0000056_7012_HSCEDM17D00009_7012
b0085a8c3cab6b8afbfb349f7d4e305ff0d092f6dfaaa662b22760489ad3280c,ICE,Trump_I,ICE detention services,2019-11-03,70CDCR19FR0000089,HSCEDM11D00003,Delivery Order,P00002,yes,"THE GEO GROUP, INC.",JMLKZZ1NL2Z6,3JMR1,9544138.08,46180315.09,46180315.09,2019-09-11,2020-09-15,2021-03-25,DETENTION COMPLIANCE AND REMOVALS,,Full And Open Competition,,Negotiated Proposal/Quote,,S206,Guard Services,561210,Facilities Support Services,"DETENTION MANAGEMENT/MEDICAL/TRANSPORTATION FOR AURORA, CO","DETENTION MANAGEMENT/MEDICAL/TRANSPORTATION FOR AURORA, CO",https://www.usaspending.gov/award/CONT_AWD_70CDCR19FR0000089_7012_HSCEDM11D00003_7012
5c823580da1ea0e8a130571824a65dd82f804ae511d454c692b2a91d5db44076,ICE,Trump_I,ICE detention services,2019-11-04,70CDCR19FIGR00278,HSCEDM15D00006,Delivery Order,P00002,yes,"THE GEO GROUP, INC.",JMLKZZ1NL2Z6,3JMR1,5921199.26,33327391.94,33327391.94,2019-06-13,2020-06-30,2020-10-10,DETENTION COMPLIANCE AND REMOVALS,,Full And Open Competition,,Negotiated Proposal/Quote,,S206,Guard Services,561210,Facilities Support Services,DETENTION SERVICES AT BROWARD TRANSITIONAL CENTER,DETENTION SERVICES AT BROWARD TRANSITIONAL CENTER,https://www.usaspending.gov/award/CONT_AWD_70CDCR19FIGR00278_7012_HSCEDM15D00006_7012
5c041f3c98b6e33d53324a8a1d87131ecc7b1414e540119c6b43e0104f5654be,ICE,Trump_I,ICE detention services,2019-11-05,70CDCR19FC0000008,HSCEDM14A00001,BPA Call,P00003,yes,"THE GEO GROUP, INC.",JMLKZZ1NL2Z6,3JMR1,1317897.80,5854685.10,5854685.10,2019-03-18,2020-03-31,2020-07-30,DETENTION COMPLIANCE AND REMOVALS,,Competed Under Simplified Acquisition Procedures,1,Simplified Acquisition,,S206,Guard Services,922140,Correctional Institutions ,RIO GRANDE DETENTION CENTER,IGF::CT::IGF RIO GRANDE DETENTION CENTER,https://www.usaspending.gov/award/CONT_AWD_70CDCR19FC0000008_7012_HSCEDM14A00001_7012
60be9e382beb7114f7a787f82c730e668ec121b33ac18080a34117b9c31899a3,ICE,Trump_I,ICE detention services,2019-11-07,70CDCR19FR0000059,HSCEDM15D00015,Delivery Order,P00002,yes,"THE GEO GROUP, INC.",JMLKZZ1NL2Z6,3JMR1,5333687.25,63811970.64,63811970.64,2019-09-28,2020-09-27,2020-09-27,DETENTION COMPLIANCE AND REMOVALS,,Full And Open Competition,,Negotiated Proposal/Quote,,S206,Guard Services,561210,Facilities Support Services,"DETENTION, FOOD AND TRANSPORTATION SERVICES","DETENTION, FOOD AND TRANSPORTATION SERVICES",https://www.usaspending.gov/award/CONT_AWD_70CDCR19FR0000059_7012_HSCEDM15D00015_7012
1babe73353478028717515dcd01022cd278f431f0d6bc9bb57f899cd227c0bc8,ICE,Trump_I,ICE detention services,2019-11-08,70CDCR19FR0000058,70CDCR19D00000011,Delivery Order,P00003,yes,"THE GEO GROUP, INC.",JMLKZZ1NL2Z6,3JMR1,0.00,37878569.30,37878569.30,2019-06-26,2019-12-31,2020-04-03,DETENTION COMPLIANCE AND REMOVALS,,Not Competed,,Sole Source,,S206,Guard Services,561210,Facilities Support Services,DETENTION SERVICES,DETENTION SERVICES,https://www.usaspending.gov/award/CONT_AWD_70CDCR19FR0000058_7012_70CDCR19D00000011_7012
d85301a58fb1f3dc69633a265bdb6d71bc474f9adb6058aa77ed1b0379d278d4,CBP,Trump_I,CBP detention/jail space,2019-11-14,HSBP1016P00277,,PURCHASE ORDER,P00011,yes,"THE GEO GROUP, INC.",JMLKZZ1NL2Z6,3JMR1,-84942.97,833449.72,845956.19,2016-05-01,2020-04-30,2020-04-30,BORDER ENFORCEMENT CONTRACTING DIVISION,US BORDER PATROL,NOT COMPETED UNDER SAP,1,SIMPLIFIED ACQUISITION,HSBP1016Q0062,X1FF,LEASE/RENTAL OF PENAL FACILITIES,922140,CORRECTIONAL INSTITUTIONS,"DE-OBLIGATION OF UNUSED FUNDS IN THE AMOUNT OF $88,090.33",IGF::OT::IGF - DETENTION SPACE,https://www.usaspending.gov/award/CONT_AWD_HSBP1016P00277_7014_-NONE-_-NONE-
e541c28c27968e1d2d29a60eb7534e502875d19db9afea72a9e90950480b9f85,ICE,Trump_I,ICE detention services,2019-12-04,70CDCR19FR0000020,70CDCR19D00000004,Delivery Order,P00005,yes,"THE GEO GROUP, INC.",JMLKZZ1NL2Z6,3JMR1,2790422.90,13525413.80,21249254.16,2019-03-06,2020-09-09,2020-09-09,DETENTION COMPLIANCE AND REMOVALS,,Not Competed,,Sole Source,,S206,Guard Services,561210,Facilities Support Services,DETENTION SERVICES AT MESA VERDE,TO PROVIDE DETENTION SERVICES AT THE MESA VERDE ICE PROCESSING CENTER,https://www.usaspending.gov/award/CONT_AWD_70CDCR19FR0000020_7012_70CDCR19D00000004_7012
b621409bf77f7401be3bac7daef2e70c14b84f3904cfa747a7b3128bf85a02a1,ICE,Trump_I,ICE detention services,2019-12-04,70CDCR20FR0000005,70CDCR20D00000003,Delivery Order,0,no,"THE GEO GROUP, INC.",JMLKZZ1NL2Z6,3JMR1,8026493.14,32325878.24,32325878.24,2019-12-06,2020-08-05,2021-01-06,DETENTION COMPLIANCE AND REMOVALS,,Not Competed,,Sole Source,,S206,Guard Services,561612,Security Guards and Patrol Services ,DETENTION AND DETENTION RELATED SERVICES AT THE SOUTH TEXAS DETENTION COMPLEX (STDC),DETENTION AND DETENTION RELATED SERVICES AT THE SOUTH TEXAS DETENTION COMPLEX (STDC),https://www.usaspending.gov/award/CONT_AWD_70CDCR20FR0000005_7012_70CDCR20D00000003_7012
bdf75ef4d4adc98a2393a31125eeabc661a99cf5b3d397cb4213fb59e0132890,ICE,Trump_I,ICE detention services,2019-12-05,70CDCR19FR0000005,70CDCR19D00000001,Delivery Order,P00006,yes,"THE GEO GROUP, INC.",JMLKZZ1NL2Z6,3JMR1,198200.00,51679433.42,51679433.42,2018-12-19,2019-12-05,2019-12-05,DETENTION COMPLIANCE AND REMOVALS,,Not Competed,,Sole Source,,S206,Guard Services,561210,Facilities Support Services,SOUTH TEXAS DETENTION COMPLEX CONTRACT,IGF::CT::IGF,https://www.usaspending.gov/award/CONT_AWD_70CDCR19FR0000005_7012_70CDCR19D00000001_7012
96a2734e1c51cd3d60343e81f0cb22020f3a738f94d04ec35197056cda982e8b,ICE,Trump_I,ICE detention services,2019-12-11,70CDCR19FR0000056,HSCEDM17D00009,Delivery Order,P00003,yes,"THE GEO GROUP, INC.",JMLKZZ1NL2Z6,3JMR1,3771315.30,40268189.97,40268189.97,2019-08-16,2020-08-17,2022-08-18,DETENTION COMPLIANCE AND REMOVALS,,Full And Open Competition,,Negotiated Proposal/Quote,HSCEDM15R00004,S206,Guard Services,561210,Facilities Support Services,HOUSTON DETENTION FACILITY,HOUSTON DETENTION FACILITY,https://www.usaspending.gov/award/CONT_AWD_70CDCR19FR0000056_7012_HSCEDM17D00009_7012
162b99833445d352771fee4816c66ae9b9ac275a28d2c937b5496ddea72f9ebf,ICE,Trump_I,ICE detention services,2019-12-19,70CDCR19FR0000005,70CDCR19D00000001,Delivery Order,P00007,yes,"THE GEO GROUP, INC.",JMLKZZ1NL2Z6,3JMR1,0.00,51679433.42,51679433.42,2018-12-19,2019-12-05,2019-12-05,DETENTION COMPLIANCE AND REMOVALS,,Not Competed,,Sole Source,,S206,Guard Services,561210,Facilities Support Services,SOUTH TEXAS DETENTION COMPLEX CONTRACT,IGF::CT::IGF,https://www.usaspending.gov/award/CONT_AWD_70CDCR19FR0000005_7012_70CDCR19D00000001_7012
20be17fd57be5019ce855760ad8b8f6c6686e45efa652c5656239e07ac820185,ICE,Trump_I,ICE detention services,2019-12-19,70CDCR20FR0000005,70CDCR20D00000003,Delivery Order,P00001,yes,"THE GEO GROUP, INC.",JMLKZZ1NL2Z6,3JMR1,342757.38,32325878.24,32325878.24,2019-12-06,2020-08-05,2021-01-06,DETENTION COMPLIANCE AND REMOVALS,,Not Competed,,Sole Source,,S206,Guard Services,561612,Security Guards and Patrol Services ,DETENTION AND DETENTION RELATED SERVICES AT THE SOUTH TEXAS DETENTION COMPLEX (STDC),DETENTION AND DETENTION RELATED SERVICES AT THE SOUTH TEXAS DETENTION COMPLEX (STDC),https://www.usaspending.gov/award/CONT_AWD_70CDCR20FR0000005_7012_70CDCR20D00000003_7012
2884a84439c252ae6826271cfdcc6f7b84c2ad5dff6ab36020de12d98319b634,ICE,Trump_I,ICE other/unresolved,2019-12-20,70CDCR20FR0000007,70CDCR20D00000008,Delivery Order,0,no,"THE GEO GROUP, INC.",JMLKZZ1NL2Z6,3JMR1,3499999.24,30181264.14,30181264.14,2019-12-20,2020-12-19,2024-12-19,DETENTION COMPLIANCE AND REMOVALS,,Full And Open Competition,,Negotiated Proposal/Quote,70CDCR20R00000002,S206,Guard Services,561612,Security Guards and Patrol Services ,NEW TASK ORDER MESA VERDE TASK ORDER POP: 12/21/19 - 12/20/20 FUNDING POP  12/21/19 - 1/31/2020 COR:NATHAN LINDSEY  661-328-4503,"NEW TASK ORDER MESA VERDE
TASK ORDER POP: 12/21/19 - 12/20/20
FUNDING POP 12/21/19 - 1/31/2020
COR:NATHAN LINDSEY 661-328-4503",https://www.usaspending.gov/award/CONT_AWD_70CDCR20FR0000007_7012_70CDCR20D00000008_7012
2bf9593e72332dcf0622459796daec56a0d0a483caa1ea86a43de88d5c89afb1,ICE,Trump_I,ICE other/unresolved,2019-12-20,70CDCR20FR0000008,70CDCR20D00000009,Delivery Order,0,no,"THE GEO GROUP, INC.",JMLKZZ1NL2Z6,3JMR1,11478144.44,90645214.38,90645214.38,2019-12-20,2020-12-19,2020-12-19,DETENTION COMPLIANCE AND REMOVALS,,Full And Open Competition,,Negotiated Proposal/Quote,70CDCR20R00000002,S206,Guard Services,561612,Security Guards and Patrol Services ,NEW TASK ORDER PERIOD OF PERFORMANCE: 12/21/19 - 12/20/20 FUNDING POP: 12/21/19 - 01/31/20 COR: DANIEL POMPLUN FY 20 QTR 1 CR2 FUNDING,"NEW TASK ORDER
PERIOD OF PERFORMANCE: 12/21/19 - 12/20/20
FUNDING POP: 12/21/19 - 01/31/20
COR: DANIEL POMPLUN
FY 20 QTR 1 CR2 FUNDING",https://www.usaspending.gov/award/CONT_AWD_70CDCR20FR0000008_7012_70CDCR20D00000009_7012
4626ba61a811e41f7693a92acf85db0600f2ca8f1b04abf00a19881a8b039ed5,ICE,Trump_I,ICE detention services,2020-01-07,70CDCR18FR0000161,HSCEDM17D00009,Delivery Order,P00011,yes,"THE GEO GROUP, INC.",JMLKZZ1NL2Z6,3JMR1,11558.21,38224630.37,38224630.37,2018-09-28,2019-08-17,2021-01-09,DETENTION COMPLIANCE AND REMOVALS,,Full And Open Competition,,Negotiated Proposal/Quote,,S206,Guard Services,561210,Facilities Support Services,HOUSTON DETENTION FACILITY,HOUSTON DETENTION FACILITY,https://www.usaspending.gov/award/CONT_AWD_70CDCR18FR0000161_7012_HSCEDM17D00009_7012
7b826c8398ae512d6441a1988847a2f3f68305573eede463bf3fe757f59d0f30,ICE,Trump_I,ICE detention services,2020-01-14,70CDCR19FIGR00278,HSCEDM15D00006,Delivery Order,P00003,yes,"THE GEO GROUP, INC.",JMLKZZ1NL2Z6,3JMR1,0.00,33327391.94,33327391.94,2019-06-13,2020-06-30,2020-10-10,DETENTION COMPLIANCE AND REMOVALS,,Full And Open Competition,,Negotiated Proposal/Quote,,S206,Guard Services,561210,Facilities Support Services,DETENTION SERVICES AT BROWARD TRANSITIONAL CENTER,DETENTION SERVICES AT BROWARD TRANSITIONAL CENTER,https://www.usaspending.gov/award/CONT_AWD_70CDCR19FIGR00278_7012_HSCEDM15D00006_7012
4f8122c720a792ccc60f9ae72aae525312b6b24927f0f5fcbadb643ff71d2b2e,ICE,Trump_I,ICE detention services,2020-01-14,70CDCR19P00000008,,Purchase Order,P00002,yes,"THE GEO GROUP, INC.",JMLKZZ1NL2Z6,3JMR1,-489.50,0.00,0.00,2019-01-03,2019-01-04,2019-01-04,DETENTION COMPLIANCE AND REMOVALS,,Not Competed Under Simplified Acquisition Procedures,1,Simplified Acquisition,,S206,Guard Services,922140,Correctional Institutions ,DETENTION SERVICES FOR FLIGHT LINE AND CEDAR HILL,DETENTION SERVICES FOR FLIGHT LINE AND CEDAR HILL,https://www.usaspending.gov/award/CONT_AWD_70CDCR19P00000008_7012_-NONE-_-NONE-
2f01552150f993d2a1c054b193ea5537a4a51b2a303250c886ae754870f0aff4,ICE,Trump_I,ICE detention services,2020-01-15,70CDCR18FR0000161,HSCEDM17D00009,Delivery Order,P00012,yes,"THE GEO GROUP, INC.",JMLKZZ1NL2Z6,3JMR1,26003.42,38224630.37,38224630.37,2018-09-28,2019-08-17,2021-01-09,DETENTION COMPLIANCE AND REMOVALS,,Full And Open Competition,,Negotiated Proposal/Quote,,S206,Guard Services,561210,Facilities Support Services,HOUSTON DETENTION FACILITY,HOUSTON DETENTION FACILITY,https://www.usaspending.gov/award/CONT_AWD_70CDCR18FR0000161_7012_HSCEDM17D00009_7012
ea6f43345b05fc5d68471506a26d8b58e1a7c67d833b54f8954af5657bc5a8d4,ICE,Trump_I,ICE other/unresolved,2020-01-22,70CDCR20FR0000007,70CDCR20D00000008,Delivery Order,P00001,yes,"THE GEO GROUP, INC.",JMLKZZ1NL2Z6,3JMR1,1682799.99,30181264.14,30181264.14,2019-12-20,2020-12-19,2024-12-19,DETENTION COMPLIANCE AND REMOVALS,,Full And Open Competition,,Negotiated Proposal/Quote,70CDCR20R00000002,S206,Guard Services,561612,Security Guards and Patrol Services ,NEW TASK ORDER MESA VERDE TASK ORDER POP: 12/21/19 - 12/20/20 FUNDING POP  12/21/19 - 1/31/2020 COR:NATHAN LINDSEY  661-328-4503,"NEW TASK ORDER MESA VERDE
TASK ORDER POP: 12/21/19 - 12/20/20
FUNDING POP 12/21/19 - 1/31/2020
COR:NATHAN LINDSEY 661-328-4503",https://www.usaspending.gov/award/CONT_AWD_70CDCR20FR0000007_7012_70CDCR20D00000008_7012
b2f246d9d8e523e3f4ea7940a7da145d3c5b5cf09ecd05bc826e6caa12da8221,ICE,Trump_I,ICE detention services,2020-01-24,70CDCR19FC0000008,HSCEDM14A00001,BPA Call,P00004,yes,"THE GEO GROUP, INC.",JMLKZZ1NL2Z6,3JMR1,0.00,5854685.10,5854685.10,2019-03-18,2020-03-31,2020-07-30,DETENTION COMPLIANCE AND REMOVALS,,Competed Under Simplified Acquisition Procedures,1,Simplified Acquisition,,S206,Guard Services,922140,Correctional Institutions ,RIO GRANDE DETENTION CENTER,IGF::CT::IGF RIO GRANDE DETENTION CENTER,https://www.usaspending.gov/award/CONT_AWD_70CDCR19FC0000008_7012_HSCEDM14A00001_7012
c94972375c1adc21404e477605a9b37d96b0efc7a8a96bff7bd501dea956ea08,ICE,Trump_I,ICE ISAP/electronic monitoring,2020-01-24,70CDCR19FR0000077,HSCEDM14D00004,Delivery Order,P00005,yes,B.I. INCORPORATED,PKK6L9KLMYR5,3CUH9,18300000.00,138542822.16,138542822.16,2019-08-28,2020-07-31,2020-07-31,DETENTION COMPLIANCE AND REMOVALS,,Full And Open Competition,,Negotiated Proposal/Quote,,R408,Program Management/Support Services,561210,Facilities Support Services,INTENSIVE SUPERVISION APPEARANCE PROGRAM (ISAP III) FOR ALTERNATIVES TO DETENTION,INTENSIVE SUPERVISION APPEARANCE PROGRAM (ISAP III) FOR ALTERNATIVES TO DETENTION,https://www.usaspending.gov/award/CONT_AWD_70CDCR19FR0000077_7012_HSCEDM14D00004_7012
4554e3481cfb31aac7c71ee8da92b968ee883e1a6f75986eef02d809b8467ed4,ICE,Trump_I,ICE detention services,2020-01-24,70CDCR19FR0000089,HSCEDM11D00003,Delivery Order,P00003,yes,"THE GEO GROUP, INC.",JMLKZZ1NL2Z6,3JMR1,3294270.20,46180315.09,46180315.09,2019-09-11,2020-09-15,2021-03-25,DETENTION COMPLIANCE AND REMOVALS,,Full And Open Competition,,Negotiated Proposal/Quote,,S206,Guard Services,561210,Facilities Support Services,"DETENTION MANAGEMENT/MEDICAL/TRANSPORTATION FOR AURORA, CO","DETENTION MANAGEMENT/MEDICAL/TRANSPORTATION FOR AURORA, CO",https://www.usaspending.gov/award/CONT_AWD_70CDCR19FR0000089_7012_HSCEDM11D00003_7012
120f69ccb575e348dd6a6d611b6845331228ec165698355095ff956e41dba02b,ICE,Trump_I,ICE detention services,2020-01-27,70CDCR19FR0000059,HSCEDM15D00015,Delivery Order,P00003,yes,"THE GEO GROUP, INC.",JMLKZZ1NL2Z6,3JMR1,5066523.25,63811970.64,63811970.64,2019-09-28,2020-09-27,2020-09-27,DETENTION COMPLIANCE AND REMOVALS,,Full And Open Competition,,Negotiated Proposal/Quote,,S206,Guard Services,561210,Facilities Support Services,"DETENTION, FOOD AND TRANSPORTATION SERVICES","DETENTION, FOOD AND TRANSPORTATION SERVICES",https://www.usaspending.gov/award/CONT_AWD_70CDCR19FR0000059_7012_HSCEDM15D00015_7012
4f62f9e3c865fd0db0b8de442e1677aa21bfbe16367c45cfb35dc8ec0438b0dd,ICE,Trump_I,ICE detention services,2020-01-27,70CDCR20FR0000005,70CDCR20D00000003,Delivery Order,P00002,yes,"THE GEO GROUP, INC.",JMLKZZ1NL2Z6,3JMR1,4084663.97,32325878.24,32325878.24,2019-12-06,2020-08-05,2021-01-06,DETENTION COMPLIANCE AND REMOVALS,,Not Competed,,Sole Source,,S206,Guard Services,561612,Security Guards and Patrol Services ,DETENTION AND DETENTION RELATED SERVICES AT THE SOUTH TEXAS DETENTION COMPLEX (STDC),DETENTION AND DETENTION RELATED SERVICES AT THE SOUTH TEXAS DETENTION COMPLEX (STDC),https://www.usaspending.gov/award/CONT_AWD_70CDCR20FR0000005_7012_70CDCR20D00000003_7012
a84310f6f0f311265359fe3e872bbb7becf38775fd560765616994398368a2af,ICE,Trump_I,ICE detention services,2020-01-29,70CDCR19FIGR00278,HSCEDM15D00006,Delivery Order,P00004,yes,"THE GEO GROUP, INC.",JMLKZZ1NL2Z6,3JMR1,3474492.25,33327391.94,33327391.94,2019-06-13,2020-06-30,2020-10-10,DETENTION COMPLIANCE AND REMOVALS,,Full And Open Competition,,Negotiated Proposal/Quote,,S206,Guard Services,561210,Facilities Support Services,DETENTION SERVICES AT BROWARD TRANSITIONAL CENTER,DETENTION SERVICES AT BROWARD TRANSITIONAL CENTER,https://www.usaspending.gov/award/CONT_AWD_70CDCR19FIGR00278_7012_HSCEDM15D00006_7012
ad6ab423494d08cf1129e65db9ee0ec5f31e1c3659ae14485201766b2a1cdf71,ICE,Trump_I,ICE other/unresolved,2020-02-05,70CDCR20FR0000007,70CDCR20D00000008,Delivery Order,P00002,yes,"THE GEO GROUP, INC.",JMLKZZ1NL2Z6,3JMR1,5313099.42,30181264.14,30181264.14,2019-12-20,2020-12-19,2024-12-19,DETENTION COMPLIANCE AND REMOVALS,,Full And Open Competition,,Negotiated Proposal/Quote,70CDCR20R00000002,S206,Guard Services,561612,Security Guards and Patrol Services ,NEW TASK ORDER MESA VERDE TASK ORDER POP: 12/21/19 - 12/20/20 FUNDING POP  12/21/19 - 1/31/2020 COR:NATHAN LINDSEY  661-328-4503,"NEW TASK ORDER MESA VERDE
TASK ORDER POP: 12/21/19 - 12/20/20
FUNDING POP 12/21/19 - 1/31/2020
COR:NATHAN LINDSEY 661-328-4503",https://www.usaspending.gov/award/CONT_AWD_70CDCR20FR0000007_7012_70CDCR20D00000008_7012
963bffa0ea17689773b65a8fa8108c1f8ea51f3997c531e6a7620fcd73aa80d8,ICE,Trump_I,ICE detention services,2020-02-06,70CDCR20P00000018,,Purchase Order,0,no,"THE GEO GROUP, INC.",JMLKZZ1NL2Z6,3JMR1,1748.08,1227.30,1227.30,2020-02-06,2020-02-28,2020-02-28,DETENTION COMPLIANCE AND REMOVALS,,Not Competed,1,Sole Source,,S206,Guard Services,925110,Administration of Housing Programs ,DETAINEE HOUSING COST FOR EMERGENCY SITUATION-INCLEMENT WEATHER,DETAINEE HOUSING COST FOR EMERGENCY SITUATION-INCLEMENT WEATHER,https://www.usaspending.gov/award/CONT_AWD_70CDCR20P00000018_7012_-NONE-_-NONE-
28e918b937c773e197578d0f567e3dff5d2fcfe82d862ffc6c207dbde9fad8ff,ICE,Trump_I,ICE ISAP/electronic monitoring,2020-02-07,70CDCR19FR0000077,HSCEDM14D00004,Delivery Order,P00006,yes,B.I. INCORPORATED,PKK6L9KLMYR5,3CUH9,11500000.00,138542822.16,138542822.16,2019-08-28,2020-07-31,2020-07-31,DETENTION COMPLIANCE AND REMOVALS,,Full And Open Competition,,Negotiated Proposal/Quote,,R408,Program Management/Support Services,561210,Facilities Support Services,INTENSIVE SUPERVISION APPEARANCE PROGRAM (ISAP III) FOR ALTERNATIVES TO DETENTION,INTENSIVE SUPERVISION APPEARANCE PROGRAM (ISAP III) FOR ALTERNATIVES TO DETENTION,https://www.usaspending.gov/award/CONT_AWD_70CDCR19FR0000077_7012_HSCEDM14D00004_7012
3bafd8ca647e8809598a2106fd0712b107a4610ad987a7e7fb3657c2d57c8e76,ICE,Trump_I,ICE detention services,2020-02-12,70CDCR19FR0000059,HSCEDM15D00015,Delivery Order,P00004,yes,"THE GEO GROUP, INC.",JMLKZZ1NL2Z6,3JMR1,14247099.68,63811970.64,63811970.64,2019-09-28,2020-09-27,2020-09-27,DETENTION COMPLIANCE AND REMOVALS,,Full And Open Competition,,Negotiated Proposal/Quote,,S206,Guard Services,561210,Facilities Support Services,"DETENTION, FOOD AND TRANSPORTATION SERVICES","DETENTION, FOOD AND TRANSPORTATION SERVICES",https://www.usaspending.gov/award/CONT_AWD_70CDCR19FR0000059_7012_HSCEDM15D00015_7012
5a44cf9d63310665a95a68ad57644e150c1dad0eb2848e70b774cface26a7bfb,ICE,Trump_I,ICE other/unresolved,2020-02-12,70CDCR20FR0000008,70CDCR20D00000009,Delivery Order,P00001,yes,"THE GEO GROUP, INC.",JMLKZZ1NL2Z6,3JMR1,13353445.95,90645214.38,90645214.38,2019-12-20,2020-12-19,2020-12-19,DETENTION COMPLIANCE AND REMOVALS,,Full And Open Competition,,Negotiated Proposal/Quote,70CDCR20R00000002,S206,Guard Services,561612,Security Guards and Patrol Services ,NEW TASK ORDER PERIOD OF PERFORMANCE: 12/21/19 - 12/20/20 FUNDING POP: 12/21/19 - 01/31/20 COR: DANIEL POMPLUN FY 20 QTR 1 CR2 FUNDING,"NEW TASK ORDER
PERIOD OF PERFORMANCE: 12/21/19 - 12/20/20
FUNDING POP: 12/21/19 - 01/31/20
COR: DANIEL POMPLUN
FY 20 QTR 1 CR2 FUNDING",https://www.usaspending.gov/award/CONT_AWD_70CDCR20FR0000008_7012_70CDCR20D00000009_7012
9e99c5ef5ba909d331853848b292dcf86c1b4ce50c680b43a845e0c7988f0c1f,ICE,Trump_I,ICE detention services,2020-02-13,70CDCR20FR0000005,70CDCR20D00000003,Delivery Order,P00003,yes,"THE GEO GROUP, INC.",JMLKZZ1NL2Z6,3JMR1,12182348.65,32325878.24,32325878.24,2019-12-06,2020-08-05,2021-01-06,DETENTION COMPLIANCE AND REMOVALS,,Not Competed,,Sole Source,,S206,Guard Services,561612,Security Guards and Patrol Services ,DETENTION AND DETENTION RELATED SERVICES AT THE SOUTH TEXAS DETENTION COMPLEX (STDC),DETENTION AND DETENTION RELATED SERVICES AT THE SOUTH TEXAS DETENTION COMPLEX (STDC),https://www.usaspending.gov/award/CONT_AWD_70CDCR20FR0000005_7012_70CDCR20D00000003_7012
21661f1d6f2ec5cf94773ce1aec1407d1e2c1cfc182d93cf6739c45cfaada316,ICE,Trump_I,ICE detention services,2020-02-18,70CDCR19FC0000008,HSCEDM14A00001,BPA Call,P00005,yes,"THE GEO GROUP, INC.",JMLKZZ1NL2Z6,3JMR1,0.00,5854685.10,5854685.10,2019-03-18,2020-03-31,2020-07-30,DETENTION COMPLIANCE AND REMOVALS,,Competed Under Simplified Acquisition Procedures,1,Simplified Acquisition,,S206,Guard Services,922140,Correctional Institutions ,RIO GRANDE DETENTION CENTER,IGF::CT::IGF RIO GRANDE DETENTION CENTER,https://www.usaspending.gov/award/CONT_AWD_70CDCR19FC0000008_7012_HSCEDM14A00001_7012
c20cc395d0c0363e21f171a3c95431a9a47a8f3fc810b86a4a284aaae6d21d9d,ICE,Trump_I,ICE detention services,2020-02-24,70CDCR18FR0000052,HSCEDM11D00003,Delivery Order,P00010,yes,"THE GEO GROUP, INC.",JMLKZZ1NL2Z6,3JMR1,-839957.12,47687272.92,47687272.92,2018-09-16,2019-09-15,2020-03-25,DETENTION COMPLIANCE AND REMOVALS,,Full And Open Competition,,Negotiated Proposal/Quote,,S206,Guard Services,561210,Facilities Support Services,"DETENTION SERVICES FOR AURORA, CO CDF","DETENTION SERVICES FOR AURORA, CO CDF",https://www.usaspending.gov/award/CONT_AWD_70CDCR18FR0000052_7012_HSCEDM11D00003_7012
27a628c0f2c67f4738a72b3b0d70152320470c7be6d881ee90944e29d128fd75,ICE,Trump_I,ICE detention services,2020-02-26,70CDCR19FR0000056,HSCEDM17D00009,Delivery Order,P00004,yes,"THE GEO GROUP, INC.",JMLKZZ1NL2Z6,3JMR1,11222973.75,40268189.97,40268189.97,2019-08-16,2020-08-17,2022-08-18,DETENTION COMPLIANCE AND REMOVALS,,Full And Open Competition,,Negotiated Proposal/Quote,HSCEDM15R00004,S206,Guard Services,561210,Facilities Support Services,HOUSTON DETENTION FACILITY,HOUSTON DETENTION FACILITY,https://www.usaspending.gov/award/CONT_AWD_70CDCR19FR0000056_7012_HSCEDM17D00009_7012
3d931e95cc9f2ffc152ce6ffff982b4cc6867f0aca0e49ed59c33aab6a09d709,ICE,Trump_I,ICE ISAP/electronic monitoring,2020-02-26,70CDCR19FR0000077,HSCEDM14D00004,Delivery Order,P00007,yes,B.I. INCORPORATED,PKK6L9KLMYR5,3CUH9,13500000.00,138542822.16,138542822.16,2019-08-28,2020-07-31,2020-07-31,DETENTION COMPLIANCE AND REMOVALS,,Full And Open Competition,,Negotiated Proposal/Quote,,R408,Program Management/Support Services,561210,Facilities Support Services,INTENSIVE SUPERVISION APPEARANCE PROGRAM (ISAP III) FOR ALTERNATIVES TO DETENTION,INTENSIVE SUPERVISION APPEARANCE PROGRAM (ISAP III) FOR ALTERNATIVES TO DETENTION,https://www.usaspending.gov/award/CONT_AWD_70CDCR19FR0000077_7012_HSCEDM14D00004_7012
6fc791a3ab044fcc4db6f6171b756a22c397a6f601777dca522be68641706b26,ICE,Trump_I,ICE detention services,2020-02-27,70CDCR19FIGR00278,HSCEDM15D00006,Delivery Order,P00005,yes,"THE GEO GROUP, INC.",JMLKZZ1NL2Z6,3JMR1,8074600.00,33327391.94,33327391.94,2019-06-13,2020-06-30,2020-10-10,DETENTION COMPLIANCE AND REMOVALS,,Full And Open Competition,,Negotiated Proposal/Quote,,S206,Guard Services,561210,Facilities Support Services,DETENTION SERVICES AT BROWARD TRANSITIONAL CENTER,DETENTION SERVICES AT BROWARD TRANSITIONAL CENTER,https://www.usaspending.gov/award/CONT_AWD_70CDCR19FIGR00278_7012_HSCEDM15D00006_7012
01be2c9e64bba375c9057ebefda3d0a9a330b7577589b733479421c44b96d2c5,ICE,Trump_I,ICE detention services,2020-03-04,70CDCR19FR0000058,70CDCR19D00000011,Delivery Order,P00004,yes,"THE GEO GROUP, INC.",JMLKZZ1NL2Z6,3JMR1,-9252157.56,37878569.30,37878569.30,2019-06-26,2019-12-31,2020-04-03,DETENTION COMPLIANCE AND REMOVALS,,Not Competed,,Sole Source,,S206,Guard Services,561210,Facilities Support Services,DETENTION SERVICES,DETENTION SERVICES,https://www.usaspending.gov/award/CONT_AWD_70CDCR19FR0000058_7012_70CDCR19D00000011_7012
abffd1e16079e4b95b2ba25384fbc7fbdaae273589cb6557db85329818bb9316,ICE,Trump_I,ICE detention services,2020-03-06,70CDCR20FR0000005,70CDCR20D00000003,Delivery Order,P00004,yes,"THE GEO GROUP, INC.",JMLKZZ1NL2Z6,3JMR1,0.00,32325878.24,32325878.24,2019-12-06,2020-08-05,2021-01-06,DETENTION COMPLIANCE AND REMOVALS,,Not Competed,,Sole Source,,S206,Guard Services,561612,Security Guards and Patrol Services ,DETENTION AND DETENTION RELATED SERVICES AT THE SOUTH TEXAS DETENTION COMPLEX (STDC),DETENTION AND DETENTION RELATED SERVICES AT THE SOUTH TEXAS DETENTION COMPLEX (STDC),https://www.usaspending.gov/award/CONT_AWD_70CDCR20FR0000005_7012_70CDCR20D00000003_7012
2dbe2bc4d14630122aa52b2078eafb93409e017c71049a6c21f7e2671ab3e4c5,ICE,Trump_I,ICE detention services,2020-03-12,70CDCR20FR0000008,70CDCR20D00000009,Delivery Order,P00002,yes,"THE GEO GROUP, INC.",JMLKZZ1NL2Z6,3JMR1,25103646.49,90645214.38,90645214.38,2019-12-20,2020-12-19,2020-12-19,DETENTION COMPLIANCE AND REMOVALS,,Full And Open Competition,,Negotiated Proposal/Quote,70CDCR20R00000002,S206,Guard Services,561612,Security Guards and Patrol Services ,DETENTION SERVICES FOR LOS ANGELES AOR,"NEW TASK ORDER
PERIOD OF PERFORMANCE: 12/21/19 - 12/20/20
FUNDING POP: 12/21/19 - 01/31/20
COR: DANIEL POMPLUN
FY 20 QTR 1 CR2 FUNDING",https://www.usaspending.gov/award/CONT_AWD_70CDCR20FR0000008_7012_70CDCR20D00000009_7012
3e024e1cbc374033f7b94f285b53e4ffbb15acad686e31ecf641f0045b38cab1,ICE,Trump_I,ICE other/unresolved,2020-03-16,70CDCR20FR0000007,70CDCR20D00000008,Delivery Order,P00003,yes,"THE GEO GROUP, INC.",JMLKZZ1NL2Z6,3JMR1,4027199.66,30181264.14,30181264.14,2019-12-20,2020-12-19,2024-12-19,DETENTION COMPLIANCE AND REMOVALS,,Full And Open Competition,,Negotiated Proposal/Quote,70CDCR20R00000002,S206,Guard Services,561612,Security Guards and Patrol Services ,NEW TASK ORDER MESA VERDE TASK ORDER POP: 12/21/19 - 12/20/20 FUNDING POP  12/21/19 - 1/31/2020 COR:NATHAN LINDSEY  661-328-4503,"NEW TASK ORDER MESA VERDE
TASK ORDER POP: 12/21/19 - 12/20/20
FUNDING POP 12/21/19 - 1/31/2020
COR:NATHAN LINDSEY 661-328-4503",https://www.usaspending.gov/award/CONT_AWD_70CDCR20FR0000007_7012_70CDCR20D00000008_7012
a42c2fdd1c04f1fb288418d22a1c1645ff7c54448863bfccb9032fe639c55626,ICE,Trump_I,ICE detention services,2020-03-17,70CDCR19FIGR00278,HSCEDM15D00006,Delivery Order,P00006,yes,"THE GEO GROUP, INC.",JMLKZZ1NL2Z6,3JMR1,4560593.36,33327391.94,33327391.94,2019-06-13,2020-06-30,2020-10-10,DETENTION COMPLIANCE AND REMOVALS,,Full And Open Competition,,Negotiated Proposal/Quote,,S206,Guard Services,561210,Facilities Support Services,DETENTION SERVICES AT BROWARD TRANSITIONAL CENTER,DETENTION SERVICES AT BROWARD TRANSITIONAL CENTER,https://www.usaspending.gov/award/CONT_AWD_70CDCR19FIGR00278_7012_HSCEDM15D00006_7012
78e9a76a339338b42f5f75c630d4144e68d0cbdb82b4da50b697fb99b39f180d,ICE,Trump_I,ICE detention services,2020-03-17,70CDCR19FR0000005,70CDCR19D00000001,Delivery Order,P00008,yes,"THE GEO GROUP, INC.",JMLKZZ1NL2Z6,3JMR1,-609455.06,51679433.42,51679433.42,2018-12-19,2019-12-05,2019-12-05,DETENTION COMPLIANCE AND REMOVALS,,Not Competed,,Sole Source,,S206,Guard Services,561210,Facilities Support Services,SOUTH TEXAS DETENTION COMPLEX CONTRACT,IGF::CT::IGF,https://www.usaspending.gov/award/CONT_AWD_70CDCR19FR0000005_7012_70CDCR19D00000001_7012
2a0f7f45da137e35810d593d2684df148882af1c7c020d5fc486127f5ecf5cac,ICE,Trump_I,ICE detention services,2020-03-19,70CDCR20FC0000013,HSCEDM14A00001,BPA Call,0,no,"THE GEO GROUP, INC.",JMLKZZ1NL2Z6,3JMR1,1129733.22,3716630.53,3716630.53,2020-03-19,2021-03-31,2022-01-15,DETENTION COMPLIANCE AND REMOVALS,,Competed Under Simplified Acquisition Procedures,1,Simplified Acquisition,,S206,Guard Services,922140,Correctional Institutions ,RIO GRANDE DETENTION CENTER SERVICES,RIO GRANDE DETENTION CENTER SERVICES,https://www.usaspending.gov/award/CONT_AWD_70CDCR20FC0000013_7012_HSCEDM14A00001_7012
794986ef8163e292f064b12f781d6006b3bbeb2b2a45a6e8b8d26cafeab16dad,ICE,Trump_I,ICE ISAP/electronic monitoring,2020-03-23,70CDCR20FR0000023,70CDCR20D00000011,Delivery Order,0,no,B.I. INCORPORATED,PKK6L9KLMYR5,3CUH9,21373743.00,151182337.45,151182337.45,2020-03-23,2021-07-31,2021-07-31,DETENTION COMPLIANCE AND REMOVALS,,Full And Open Competition,,Negotiated Proposal/Quote,,R408,Program Management/Support Services,561210,Facilities Support Services,INTENSIVE SUPERVISION APPEARANCE PROGRAM (ISAP IV),INTENSIVE SUPERVISION APPEARANCE PROGRAM (ISAP IV),https://www.usaspending.gov/award/CONT_AWD_70CDCR20FR0000023_7012_70CDCR20D00000011_7012
ff6e71bd829ef1857aa314f71a15f7fe4c6cafb18a32d943053bc3e8df5fbccd,ICE,Trump_I,ICE detention services,2020-03-25,70CDCR19FR0000059,HSCEDM15D00015,Delivery Order,P00005,yes,"THE GEO GROUP, INC.",JMLKZZ1NL2Z6,3JMR1,615388.79,63811970.64,63811970.64,2019-09-28,2020-09-27,2020-09-27,DETENTION COMPLIANCE AND REMOVALS,,Full And Open Competition,,Negotiated Proposal/Quote,,S206,Guard Services,561210,Facilities Support Services,"DETENTION, FOOD AND TRANSPORTATION SERVICES","DETENTION, FOOD AND TRANSPORTATION SERVICES",https://www.usaspending.gov/award/CONT_AWD_70CDCR19FR0000059_7012_HSCEDM15D00015_7012
30a4fa7a5292657e85b9ec21ff1ae6a3c2bd9f378cc24e6360b0f84597c87c98,ICE,Trump_I,ICE detention services,2020-03-25,70CDCR19FR0000089,HSCEDM11D00003,Delivery Order,P00004,yes,"THE GEO GROUP, INC.",JMLKZZ1NL2Z6,3JMR1,10425857.81,46180315.09,46180315.09,2019-09-11,2020-09-15,2021-03-25,DETENTION COMPLIANCE AND REMOVALS,,Full And Open Competition,,Negotiated Proposal/Quote,,S206,Guard Services,561210,Facilities Support Services,"DETENTION MANAGEMENT/MEDICAL/TRANSPORTATION FOR AURORA, CO","DETENTION MANAGEMENT/MEDICAL/TRANSPORTATION FOR AURORA, CO",https://www.usaspending.gov/award/CONT_AWD_70CDCR19FR0000089_7012_HSCEDM11D00003_7012
774a029968e6896a379d49b824a6a6462ef9e3d163e4fdea6b086b0a5c2526f7,ICE,Trump_I,ICE other/unresolved,2020-04-14,HSCEDM17P00027,,Purchase Order,P00001,yes,"CORNELL COMPANIES, INC.",TLDCDE29G781,3MTH6,0.00,4938.57,4938.57,2017-02-22,2017-03-31,2017-03-31,DETENTION COMPLIANCE AND REMOVALS,,Not Competed,1,Sole Source,,R429,Support- Professional: Emergency Response/Disaster Planning/Preparedness Support,925110,Administration of Housing Programs ,INCLEMENT WEATHER FOR GILES W. DALBY CORRECTIONAL FACILITY,INCLEMENT WEATHER FOR GILES W. DALBY CORRECTIONAL FACILITY,https://www.usaspending.gov/award/CONT_AWD_HSCEDM17P00027_7012_-NONE-_-NONE-
51507f42a464a8e50a53f9807d5f47201d0f76aa246d749614f937adfa9b3289,ICE,Trump_I,ICE detention services,2020-04-27,70CDCR20FR0000007,70CDCR20D00000008,Delivery Order,P00004,yes,"THE GEO GROUP, INC.",JMLKZZ1NL2Z6,3JMR1,5172000.00,30181264.14,30181264.14,2019-12-20,2020-12-19,2024-12-19,DETENTION COMPLIANCE AND REMOVALS,,Full And Open Competition,,Negotiated Proposal/Quote,70CDCR20R00000002,S206,Guard Services,561612,Security Guards and Patrol Services ,DETENTION SERVICES FOR SAN FRANCISCO AREA OF RESPONSIBILITY,"NEW TASK ORDER MESA VERDE
TASK ORDER POP: 12/21/19 - 12/20/20
FUNDING POP 12/21/19 - 1/31/2020
COR:NATHAN LINDSEY 661-328-4503",https://www.usaspending.gov/award/CONT_AWD_70CDCR20FR0000007_7012_70CDCR20D00000008_7012
e123414646fa24e5541b4c79f2837c59bf43510034b4b5669d6b3b560d3ebecc,CBP,Trump_I,CBP detention/jail space,2020-04-28,HSBP1012C00101,,DEFINITIVE CONTRACT,P00009,yes,"THE GEO GROUP, INC.",JMLKZZ1NL2Z6,3JMR1,-72053.06,646781.94,737205.00,2012-09-14,2016-03-13,2021-03-13,BORDER ENFORCEMENT CONTRACTING DIVISION,US BORDER PATROL,NOT COMPETED,1,ONLY ONE SOURCE,,R418,SUPPORT- PROFESSIONAL: LEGAL,922140,CORRECTIONAL INSTITUTIONS,DEOBLIGATING FUNDS.,DETENTION SPACE FOR ALIEN SUBJECTS IN BORDER PATROL CUSTODY,https://www.usaspending.gov/award/CONT_AWD_HSBP1012C00101_7014_-NONE-_-NONE-
403d498a213b92e4d37f05cdb5c7f7810d6a2d7b2be8cbaa32b006f411dca017,ICE,Trump_I,ICE detention services,2020-04-28,70CDCR20FR0000008,70CDCR20D00000009,Delivery Order,P00003,yes,"THE GEO GROUP, INC.",JMLKZZ1NL2Z6,3JMR1,30819300.00,90645214.38,90645214.38,2019-12-20,2020-12-19,2020-12-19,DETENTION COMPLIANCE AND REMOVALS,,Full And Open Competition,,Negotiated Proposal/Quote,70CDCR20R00000002,S206,Guard Services,561612,Security Guards and Patrol Services ,DETENTION SERVICES FOR LOS ANGELES AOR,"NEW TASK ORDER
PERIOD OF PERFORMANCE: 12/21/19 - 12/20/20
FUNDING POP: 12/21/19 - 01/31/20
COR: DANIEL POMPLUN
FY 20 QTR 1 CR2 FUNDING",https://www.usaspending.gov/award/CONT_AWD_70CDCR20FR0000008_7012_70CDCR20D00000009_7012
c2cfa68ce75ed225a52ad1ee35e833a87d687e830ab8cc2d5c03869c0cbdae89,CBP,Trump_I,CBP detention/jail space,2020-04-30,70B03C20P00000219,,PURCHASE ORDER,0,no,"THE GEO GROUP, INC.",JMLKZZ1NL2Z6,3JMR1,285100.85,585781.54,987051.30,2020-05-01,2024-10-31,2024-10-31,BORDER ENFORCEMENT CONTRACTING DIVISION,US BORDER PATROL,NOT COMPETED,1,ONLY ONE SOURCE,70B03C20R00000062,X1FF,LEASE/RENTAL OF PENAL FACILITIES,922140,CORRECTIONAL INSTITUTIONS,PURCHASE OF DETENTION/JAIL SPACE FOR THE RGV SECTOR.,PURCHASE OF DETENTION/JAIL SPACE FOR THE RGV SECTOR.,https://www.usaspending.gov/award/CONT_AWD_70B03C20P00000219_7014_-NONE-_-NONE-
dc85a94a7bd1f803158d7da60739839d73f83e2324cc995e91430f6cbad0de20,ICE,Trump_I,ICE detention services,2020-04-30,70CDCR19P00000008,,Purchase Order,P00003,yes,"THE GEO GROUP, INC.",JMLKZZ1NL2Z6,3JMR1,0.00,0.00,0.00,2019-01-03,2019-01-04,2019-01-04,DETENTION COMPLIANCE AND REMOVALS,,Not Competed Under Simplified Acquisition Procedures,1,Simplified Acquisition,,S206,Guard Services,922140,Correctional Institutions ,DETENTION SERVICES FOR FLIGHT LINE AND CEDAR HILL,DETENTION SERVICES FOR FLIGHT LINE AND CEDAR HILL,https://www.usaspending.gov/award/CONT_AWD_70CDCR19P00000008_7012_-NONE-_-NONE-
93df33c3e0227def5c56d3b3cb5948b1507204578767c0c5142860aca366e95f,ICE,Trump_I,ICE ISAP/electronic monitoring,2020-05-04,70CDCR19FR0000077,HSCEDM14D00004,Delivery Order,P00008,yes,B.I. INCORPORATED,PKK6L9KLMYR5,3CUH9,37400000.00,138542822.16,138542822.16,2019-08-28,2020-07-31,2020-07-31,DETENTION COMPLIANCE AND REMOVALS,,Full And Open Competition,,Negotiated Proposal/Quote,,R408,Program Management/Support Services,561210,Facilities Support Services,INTENSIVE SUPERVISION APPEARANCE PROGRAM (ISAP III) FOR ALTERNATIVES TO DETENTION,INTENSIVE SUPERVISION APPEARANCE PROGRAM (ISAP III) FOR ALTERNATIVES TO DETENTION,https://www.usaspending.gov/award/CONT_AWD_70CDCR19FR0000077_7012_HSCEDM14D00004_7012
a034fd5f51ae31f846b479262b852eb3258c3276c9b9e618333f708196e8dc38,ICE,Trump_I,ICE detention services,2020-05-05,70CDCR20FR0000005,70CDCR20D00000003,Delivery Order,P00005,yes,"THE GEO GROUP, INC.",JMLKZZ1NL2Z6,3JMR1,8433900.00,32325878.24,32325878.24,2019-12-06,2020-08-05,2021-01-06,DETENTION COMPLIANCE AND REMOVALS,,Not Competed,,Sole Source,,S206,Guard Services,561612,Security Guards and Patrol Services ,DETENTION AND DETENTION RELATED SERVICES AT THE SOUTH TEXAS DETENTION COMPLEX (STDC),DETENTION AND DETENTION RELATED SERVICES AT THE SOUTH TEXAS DETENTION COMPLEX (STDC),https://www.usaspending.gov/award/CONT_AWD_70CDCR20FR0000005_7012_70CDCR20D00000003_7012
66a688ca8c8a2a48f9cc132055a51ffc3c2a692a63f13407d88ebcd6eb5ae9dc,ICE,Trump_I,ICE detention services,2020-05-07,70CDCR19FR0000059,HSCEDM15D00015,Delivery Order,P00006,yes,"THE GEO GROUP, INC.",JMLKZZ1NL2Z6,3JMR1,20310499.30,63811970.64,63811970.64,2019-09-28,2020-09-27,2020-09-27,DETENTION COMPLIANCE AND REMOVALS,,Full And Open Competition,,Negotiated Proposal/Quote,,S206,Guard Services,561210,Facilities Support Services,"DETENTION, FOOD AND TRANSPORTATION SERVICES","DETENTION, FOOD AND TRANSPORTATION SERVICES",https://www.usaspending.gov/award/CONT_AWD_70CDCR19FR0000059_7012_HSCEDM15D00015_7012
7bb2345196a00547d89e0e6593f64b7d33f0082b1aa21e50d3ae29df6b0b4ab6,ICE,Trump_I,ICE detention services,2020-05-12,70CDCR19FR0000056,HSCEDM17D00009,Delivery Order,P00005,yes,"THE GEO GROUP, INC.",JMLKZZ1NL2Z6,3JMR1,7488971.54,40268189.97,40268189.97,2019-08-16,2020-08-17,2022-08-18,DETENTION COMPLIANCE AND REMOVALS,,Full And Open Competition,,Negotiated Proposal/Quote,HSCEDM15R00004,S206,Guard Services,561210,Facilities Support Services,"MONTGOMERY PROCESSING CENTER, HOUSTON",HOUSTON DETENTION FACILITY,https://www.usaspending.gov/award/CONT_AWD_70CDCR19FR0000056_7012_HSCEDM17D00009_7012
d94bbe1c780dc343a15f4d03f5f0c2acdec4e7d168ef8615c160d1ca96159c8a,ICE,Trump_I,ICE detention services,2020-05-15,70CDCR20FC0000013,HSCEDM14A00001,BPA Call,P00001,yes,"THE GEO GROUP, INC.",JMLKZZ1NL2Z6,3JMR1,976691.52,3716630.53,3716630.53,2020-03-19,2021-03-31,2022-01-15,DETENTION COMPLIANCE AND REMOVALS,,Competed Under Simplified Acquisition Procedures,1,Simplified Acquisition,,S206,Guard Services,922140,Correctional Institutions ,RIO GRANDE DETENTION CENTER SERVICES,RIO GRANDE DETENTION CENTER SERVICES,https://www.usaspending.gov/award/CONT_AWD_70CDCR20FC0000013_7012_HSCEDM14A00001_7012
86c004f35fb7b58f4b046abc671e0f8c43f3faf6c0a8e5423b5c5c7db9cf0044,ICE,Trump_I,ICE detention services,2020-05-20,70CDCR20FR0000031,HSCEDM15D00015,Delivery Order,0,no,"THE GEO GROUP, INC.",JMLKZZ1NL2Z6,3JMR1,5268599.40,64080701.07,64080701.07,2020-05-20,2021-09-27,2021-09-27,DETENTION COMPLIANCE AND REMOVALS,,Full And Open Competition,,Negotiated Proposal/Quote,,S206,Guard Services,561210,Facilities Support Services,DETENTION AND TRANSPORTATION SERVICES,DETENTION AND TRANSPORTATION SERVICES,https://www.usaspending.gov/award/CONT_AWD_70CDCR20FR0000031_7012_HSCEDM15D00015_7012
4b77e7681f4c2587cb1d3373e9dc932a2cb4cc5742fd755aa484ad50b3c02ace,ICE,Trump_I,ICE detention services,2020-05-28,70CDCR18FR0000071,HSCEDM15D00006,Delivery Order,P00012,yes,"THE GEO GROUP, INC.",JMLKZZ1NL2Z6,3JMR1,-20068.01,32304821.09,32304821.09,2018-06-14,2019-06-30,2020-06-27,DETENTION COMPLIANCE AND REMOVALS,,Full And Open Competition,,Negotiated Proposal/Quote,HSCEDM14R00002,S206,Guard Services,561210,Facilities Support Services,DETENTION SERVICES AT BROWARD TRANSITIONAL CENTER,IGF::CT::IGF DETENTION SERVICES AT BROWARD TRANSITIONAL CENTER,https://www.usaspending.gov/award/CONT_AWD_70CDCR18FR0000071_7012_HSCEDM15D00006_7012
e8498618cfd436965415c9934db5f3395b2bf88a725c4be08c41c88faf3f124b,ICE,Trump_I,ICE detention services,2020-05-29,70CDCR18FC0000028,70CDCR18A00000007,BPA Call,P00004,yes,"THE GEO GROUP, INC.",JMLKZZ1NL2Z6,3JMR1,-544624.96,3308537.04,3308537.04,2018-07-25,2019-07-22,2020-06-28,DETENTION COMPLIANCE AND REMOVALS,,Competed Under Simplified Acquisition Procedures,1,Simplified Acquisition,,S206,Guard Services,922140,Correctional Institutions ,ROBERT A. DEYTON DETENTION FACILITY,"IGF::CT::IGF 
ROBERT A. DEYTON DETENTION FACILITY",https://www.usaspending.gov/award/CONT_AWD_70CDCR18FC0000028_7012_70CDCR18A00000007_7012
3adb5eb6f04b08be5d6f0a7b236dbb79049fc6b9ac46c67e8fb3007015ddd91b,ICE,Trump_I,ICE detention services,2020-06-02,70CDCR20FC0000013,HSCEDM14A00001,BPA Call,P00002,yes,"THE GEO GROUP, INC.",JMLKZZ1NL2Z6,3JMR1,54912.00,3716630.53,3716630.53,2020-03-19,2021-03-31,2022-01-15,DETENTION COMPLIANCE AND REMOVALS,,Competed Under Simplified Acquisition Procedures,1,Simplified Acquisition,,S206,Guard Services,922140,Correctional Institutions ,RIO GRANDE DETENTION CENTER SERVICES,RIO GRANDE DETENTION CENTER SERVICES,https://www.usaspending.gov/award/CONT_AWD_70CDCR20FC0000013_7012_HSCEDM14A00001_7012
788e0744808cf3ca54d3555b2a58348f98f13e4d01b21ca8f1f7e9af1f4ff94c,ICE,Trump_I,ICE detention services,2020-06-04,70CDCR19FR0000089,HSCEDM11D00003,Delivery Order,P00005,yes,"THE GEO GROUP, INC.",JMLKZZ1NL2Z6,3JMR1,14574772.28,46180315.09,46180315.09,2019-09-11,2020-09-15,2021-03-25,DETENTION COMPLIANCE AND REMOVALS,,Full And Open Competition,,Negotiated Proposal/Quote,,S206,Guard Services,561210,Facilities Support Services,"DETENTION MANAGEMENT/MEDICAL/TRANSPORTATION FOR AURORA, CO","DETENTION MANAGEMENT/MEDICAL/TRANSPORTATION FOR AURORA, CO",https://www.usaspending.gov/award/CONT_AWD_70CDCR19FR0000089_7012_HSCEDM11D00003_7012
b63d5b25c21004e2c7b1bb24e1c53578406b8b46950c45a46596b147463fe60b,ICE,Trump_I,ICE detention services,2020-06-09,70CDCR20FR0000036,HSCEDM17D00009,Delivery Order,0,no,"THE GEO GROUP, INC.",JMLKZZ1NL2Z6,3JMR1,8484382.18,36721590.90,36721590.90,2020-06-09,2021-08-17,2021-08-17,DETENTION COMPLIANCE AND REMOVALS,,Full And Open Competition,,Negotiated Proposal/Quote,HSCEDM15R00004,S206,Guard Services,561210,Facilities Support Services,HOUSTON DETENTION FACILITY,HOUSTON DETENTION FACILITY,https://www.usaspending.gov/award/CONT_AWD_70CDCR20FR0000036_7012_HSCEDM17D00009_7012
51d46aeee53f0b000cdf0a0b90fca0f1a1a3ad94efaf8d8fdaf855334152832b,ICE,Trump_I,ICE detention services,2020-06-16,70CDCR20FC0000019,70CDCR18A00000007,BPA Call,0,no,"THE GEO GROUP, INC.",JMLKZZ1NL2Z6,3JMR1,264300.00,724669.57,724669.57,2020-07-23,2021-07-22,2022-03-11,DETENTION COMPLIANCE AND REMOVALS,,Competed Under Simplified Acquisition Procedures,1,Simplified Acquisition,,S206,Guard Services,922140,Correctional Institutions ,DETAINEE BED DAYS AT THE ROBERT A. DEYTON DETENTION FACILITY,DETAINEE BED DAYS AT THE ROBERT A. DEYTON DETENTION FACILITY,https://www.usaspending.gov/award/CONT_AWD_70CDCR20FC0000019_7012_70CDCR18A00000007_7012
0dc7de20c9734dbec1e5b9bde86ff6ebf5ae8e84956fd1e6de38c8f7cd5df91b,ICE,Trump_I,ICE other/unresolved,2020-06-17,70CDCR20FR0000039,HSCEDM15D00006,Delivery Order,0,no,"THE GEO GROUP, INC.",JMLKZZ1NL2Z6,3JMR1,16066916.59,39209369.78,39209369.78,2020-06-17,2024-01-25,2024-02-24,DETENTION COMPLIANCE AND REMOVALS,,Full And Open Competition,,Negotiated Proposal/Quote,,S206,Guard Services,561210,Facilities Support Services,SERVICES AT BROWARD TRANSITIONAL CENTER,SERVICES AT BROWARD TRANSITIONAL CENTER,https://www.usaspending.gov/award/CONT_AWD_70CDCR20FR0000039_7012_HSCEDM15D00006_7012
fa304113b632f0b924b4f287b19658468b6115b4d68453c44fe6c71be6a7d94f,CBP,Trump_I,CBP detention/jail space,2020-06-22,70B03C20P00000219,,PURCHASE ORDER,P00001,yes,"THE GEO GROUP, INC.",JMLKZZ1NL2Z6,3JMR1,0.00,585781.54,987051.30,2020-05-01,2024-10-31,2024-10-31,BORDER ENFORCEMENT CONTRACTING DIVISION,US BORDER PATROL,NOT COMPETED,1,ONLY ONE SOURCE,70B03C20R00000062,X1FF,LEASE/RENTAL OF PENAL FACILITIES,922140,CORRECTIONAL INSTITUTIONS,ADMINISTRATIVE CONTRACT MODIFICATION TO CORRECT IPP RECEIVING PROCESS.,PURCHASE OF DETENTION/JAIL SPACE FOR THE RGV SECTOR.,https://www.usaspending.gov/award/CONT_AWD_70B03C20P00000219_7014_-NONE-_-NONE-
34b41b9ecbd9a9a3a4e7242ed18a2f3c3ede14e62bea9353901f315e3520f242,ICE,Trump_I,ICE detention services,2020-06-25,70CDCR20FR0000007,70CDCR20D00000008,Delivery Order,P00005,yes,"THE GEO GROUP, INC.",JMLKZZ1NL2Z6,3JMR1,10000.00,30181264.14,30181264.14,2019-12-20,2020-12-19,2024-12-19,DETENTION COMPLIANCE AND REMOVALS,,Full And Open Competition,,Negotiated Proposal/Quote,70CDCR20R00000002,S206,Guard Services,561612,Security Guards and Patrol Services ,THE PURPOSE OF MODIFICATION P00005 IS TO ADD FUND REIMBURSABLE CLIN 0008 TO FACILITATE THE PURCHASE OF PPE FOR THE DETAINEE POPULATION HOUSED AT THE MESA VERDE DETENTION FACILITY IN SUPPORT OF THE FACILITY COVID 19 RESPONSE.,"NEW TASK ORDER MESA VERDE
TASK ORDER POP: 12/21/19 - 12/20/20
FUNDING POP 12/21/19 - 1/31/2020
COR:NATHAN LINDSEY 661-328-4503",https://www.usaspending.gov/award/CONT_AWD_70CDCR20FR0000007_7012_70CDCR20D00000008_7012
cca8c23f44599a5acddee7b021ccb17e0ee4e51d38cff9a8c3482cbf2f6e8bf5,ICE,Trump_I,ICE detention services,2020-06-30,70CDCR19FC0000008,HSCEDM14A00001,BPA Call,P00006,yes,"THE GEO GROUP, INC.",JMLKZZ1NL2Z6,3JMR1,-84628.94,5854685.10,5854685.10,2019-03-18,2020-03-31,2020-07-30,DETENTION COMPLIANCE AND REMOVALS,,Competed Under Simplified Acquisition Procedures,1,Simplified Acquisition,,S206,Guard Services,922140,Correctional Institutions ,RIO GRANDE DETENTION CENTER,IGF::CT::IGF RIO GRANDE DETENTION CENTER,https://www.usaspending.gov/award/CONT_AWD_70CDCR19FC0000008_7012_HSCEDM14A00001_7012
b37e4dd384def1f18c5ebc4d2c76827f33bfeb894f706ce9feea995a3c353499,ICE,Trump_I,ICE ISAP/electronic monitoring,2020-06-30,70CDCR19FR0000077,HSCEDM14D00004,Delivery Order,P00009,yes,B.I. INCORPORATED,PKK6L9KLMYR5,3CUH9,21000000.00,138542822.16,138542822.16,2019-08-28,2020-07-31,2020-07-31,DETENTION COMPLIANCE AND REMOVALS,,Full And Open Competition,,Negotiated Proposal/Quote,,R408,Program Management/Support Services,561210,Facilities Support Services,INTENSIVE SUPERVISION APPEARANCE PROGRAM (ISAP III) FOR ALTERNATIVES TO DETENTION,INTENSIVE SUPERVISION APPEARANCE PROGRAM (ISAP III) FOR ALTERNATIVES TO DETENTION,https://www.usaspending.gov/award/CONT_AWD_70CDCR19FR0000077_7012_HSCEDM14D00004_7012
1ffcd2519e6adb68dccbab280d58bd127255eabdd909b90ae8fd4ea95775f4d4,ICE,Trump_I,ICE detention services,2020-06-30,70CDCR20FR0000008,70CDCR20D00000009,Delivery Order,P00004,yes,"THE GEO GROUP, INC.",JMLKZZ1NL2Z6,3JMR1,22387.82,90645214.38,90645214.38,2019-12-20,2020-12-19,2020-12-19,DETENTION COMPLIANCE AND REMOVALS,,Full And Open Competition,,Negotiated Proposal/Quote,70CDCR20R00000002,S206,Guard Services,561612,Security Guards and Patrol Services ,THE PURPOSE OF MODIFICATION P00004 IS TO ADD FUNDING TO REIMBURSABLE CLIN 0008 TO FACILITATE THE PURCHASE OF PPE FOR THE DETAINEE POPULATION HOUSED AT THE ADELANTO DETENTION FACILITY,"NEW TASK ORDER
PERIOD OF PERFORMANCE: 12/21/19 - 12/20/20
FUNDING POP: 12/21/19 - 01/31/20
COR: DANIEL POMPLUN
FY 20 QTR 1 CR2 FUNDING",https://www.usaspending.gov/award/CONT_AWD_70CDCR20FR0000008_7012_70CDCR20D00000009_7012
b76cf68a7723f73ffd15bb621f6df4b4f9977e9fe3c4648d77243f11d06f717b,ICE,Trump_I,ICE detention services,2020-07-13,70CDCR19FR0000059,HSCEDM15D00015,Delivery Order,P00007,yes,"THE GEO GROUP, INC.",JMLKZZ1NL2Z6,3JMR1,467995.79,63811970.64,63811970.64,2019-09-28,2020-09-27,2020-09-27,DETENTION COMPLIANCE AND REMOVALS,,Full And Open Competition,,Negotiated Proposal/Quote,,S206,Guard Services,561210,Facilities Support Services,"DETENTION, FOOD AND TRANSPORTATION SERVICES","DETENTION, FOOD AND TRANSPORTATION SERVICES",https://www.usaspending.gov/award/CONT_AWD_70CDCR19FR0000059_7012_HSCEDM15D00015_7012
3e448cb2464d394e4b4c3ec709604a995d7a563bb69ae6ec5647f2c6f4eb629f,ICE,Trump_I,ICE detention services,2020-07-14,70CDCR20FC0000013,HSCEDM14A00001,BPA Call,P00003,yes,"THE GEO GROUP, INC.",JMLKZZ1NL2Z6,3JMR1,210000.00,3716630.53,3716630.53,2020-03-19,2021-03-31,2022-01-15,DETENTION COMPLIANCE AND REMOVALS,,Competed Under Simplified Acquisition Procedures,1,Simplified Acquisition,,S206,Guard Services,922140,Correctional Institutions ,RIO GRANDE DETENTION CENTER SERVICES,RIO GRANDE DETENTION CENTER SERVICES,https://www.usaspending.gov/award/CONT_AWD_70CDCR20FC0000013_7012_HSCEDM14A00001_7012
33f0222c7adc084ed8392d47cc12e4c22ec2eea47d370810cc47d591c5a651ac,ICE,Trump_I,ICE ISAP/electronic monitoring,2020-07-15,70CDCR19FR0000077,HSCEDM14D00004,Delivery Order,P00010,yes,B.I. INCORPORATED,PKK6L9KLMYR5,3CUH9,-12128140.03,138542822.16,138542822.16,2019-08-28,2020-07-31,2020-07-31,DETENTION COMPLIANCE AND REMOVALS,,Full And Open Competition,,Negotiated Proposal/Quote,,R408,Program Management/Support Services,561210,Facilities Support Services,INTENSIVE SUPERVISION APPEARANCE PROGRAM (ISAP III) FOR ALTERNATIVES TO DETENTION,INTENSIVE SUPERVISION APPEARANCE PROGRAM (ISAP III) FOR ALTERNATIVES TO DETENTION,https://www.usaspending.gov/award/CONT_AWD_70CDCR19FR0000077_7012_HSCEDM14D00004_7012
abbc43a141fd6033cf774aff01dc72dab14f53a5cd3adaa37b40ab64dfd83bae,ICE,Trump_I,ICE detention services,2020-07-15,70CDCR20FR0000036,HSCEDM17D00009,Delivery Order,P00001,yes,"THE GEO GROUP, INC.",JMLKZZ1NL2Z6,3JMR1,15366.86,36721590.90,36721590.90,2020-06-09,2021-08-17,2021-08-17,DETENTION COMPLIANCE AND REMOVALS,,Full And Open Competition,,Negotiated Proposal/Quote,HSCEDM15R00004,S206,Guard Services,561210,Facilities Support Services,MONTGOMERY PROCESSING CENTER (HOUSTON),HOUSTON DETENTION FACILITY,https://www.usaspending.gov/award/CONT_AWD_70CDCR20FR0000036_7012_HSCEDM17D00009_7012
d60787af3ec12a54b81c54252227537a087a477d4fea49cce87145b8a834376a,ICE,Trump_I,ICE ISAP/electronic monitoring,2020-07-16,70CDCR20FR0000023,70CDCR20D00000011,Delivery Order,P00001,yes,B.I. INCORPORATED,PKK6L9KLMYR5,3CUH9,0.00,151182337.45,151182337.45,2020-03-23,2021-07-31,2021-07-31,DETENTION COMPLIANCE AND REMOVALS,,Full And Open Competition,,Negotiated Proposal/Quote,,R408,Program Management/Support Services,561210,Facilities Support Services,INTENSIVE SUPERVISION APPEARANCE PROGRAM (ISAP IV),INTENSIVE SUPERVISION APPEARANCE PROGRAM (ISAP IV),https://www.usaspending.gov/award/CONT_AWD_70CDCR20FR0000023_7012_70CDCR20D00000011_7012
b1c6b477c325efab85825ba584dd6dffc9ea57ceee170b8e9f0eb7650acb2b5b,ICE,Trump_I,ICE detention services,2020-07-31,70CDCR20FR0000050,70CDCR20D00000012,Delivery Order,0,no,"THE GEO GROUP, INC.",JMLKZZ1NL2Z6,3JMR1,11891700.00,51996947.54,51996947.54,2020-08-06,2021-08-05,2021-08-05,DETENTION COMPLIANCE AND REMOVALS,,Full And Open Competition,,Negotiated Proposal/Quote,,S206,Guard Services,922140,Correctional Institutions ,FY20 TO FOR DETENTION AND TRANSPORTATION SERVICES - SOUTH TEXAS ICE PROCESSING CENTER (STIPC),FY20 TO FOR DETENTION AND TRANSPORTATION SERVICES - SOUTH TEXAS ICE PROCESSING CENTER (STIPC),https://www.usaspending.gov/award/CONT_AWD_70CDCR20FR0000050_7012_70CDCR20D00000012_7012
1f1c10b901f1092daee344d16a6f0ad1f8c9dda038f09f9841a2e7211d88944e,ICE,Trump_I,ICE detention services,2020-08-06,70CDCR20FR0000050,70CDCR20D00000012,Delivery Order,P00007,yes,"THE GEO GROUP, INC.",JMLKZZ1NL2Z6,3JMR1,-212256.92,51996947.54,51996947.54,2020-08-06,2021-08-05,2021-08-05,DETENTION COMPLIANCE AND REMOVALS,,Full And Open Competition,,Negotiated Proposal/Quote,,S206,Guard Services,922140,Correctional Institutions ,FY20 TO FOR DETENTION AND TRANSPORTATION SERVICES - SOUTH TEXAS ICE PROCESSING CENTER (STIPC),FY20 TO FOR DETENTION AND TRANSPORTATION SERVICES - SOUTH TEXAS ICE PROCESSING CENTER (STIPC),https://www.usaspending.gov/award/CONT_AWD_70CDCR20FR0000050_7012_70CDCR20D00000012_7012
190ff2e3b41e69ad7f9021d3eed814add83540877d6c019a0b75c7dfd59488a4,ICE,Trump_I,ICE detention services,2020-08-10,70CDCR19FR0000020,70CDCR19D00000004,Delivery Order,P00006,yes,"THE GEO GROUP, INC.",JMLKZZ1NL2Z6,3JMR1,-3038961.34,13525413.80,21249254.16,2019-03-06,2020-09-09,2020-09-09,DETENTION COMPLIANCE AND REMOVALS,,Not Competed,,Sole Source,,S206,Guard Services,561210,Facilities Support Services,DETENTION SERVICES AT MESA VERDE,TO PROVIDE DETENTION SERVICES AT THE MESA VERDE ICE PROCESSING CENTER,https://www.usaspending.gov/award/CONT_AWD_70CDCR19FR0000020_7012_70CDCR19D00000004_7012
95b7ec5c132445e9f49b1856f4f4ba8fc943e837b4e393efe903beb1ffe37727,ICE,Trump_I,ICE detention services,2020-08-11,70CDCR19FR0000056,HSCEDM17D00009,Delivery Order,P00006,yes,"THE GEO GROUP, INC.",JMLKZZ1NL2Z6,3JMR1,107400.00,40268189.97,40268189.97,2019-08-16,2020-08-17,2022-08-18,DETENTION COMPLIANCE AND REMOVALS,,Full And Open Competition,,Negotiated Proposal/Quote,HSCEDM15R00004,S206,Guard Services,561210,Facilities Support Services,"MONTGOMERY PROCESSING CENTER, HOUSTON",HOUSTON DETENTION FACILITY,https://www.usaspending.gov/award/CONT_AWD_70CDCR19FR0000056_7012_HSCEDM17D00009_7012
527012f9bf05b6c62c8e3c14452133d6e7dc6210fa0ce8bbe0c4df15c4fe4cff,ICE,Trump_I,ICE ISAP/electronic monitoring,2020-08-20,70CDCR20FR0000023,70CDCR20D00000011,Delivery Order,P00002,yes,B.I. INCORPORATED,PKK6L9KLMYR5,3CUH9,78391176.00,151182337.45,151182337.45,2020-03-23,2021-07-31,2021-07-31,DETENTION COMPLIANCE AND REMOVALS,,Full And Open Competition,,Negotiated Proposal/Quote,,R408,Program Management/Support Services,561210,Facilities Support Services,INTENSIVE SUPERVISION APPEARANCE PROGRAM (ISAP IV),INTENSIVE SUPERVISION APPEARANCE PROGRAM (ISAP IV),https://www.usaspending.gov/award/CONT_AWD_70CDCR20FR0000023_7012_70CDCR20D00000011_7012
4dff3e5e7b998c98d1059dc807dd68bafa9802e9d8b07f030cabd4766a77f1ac,ICE,Trump_I,ICE detention services,2020-08-31,70CDCR20FC0000013,HSCEDM14A00001,BPA Call,P00004,yes,"THE GEO GROUP, INC.",JMLKZZ1NL2Z6,3JMR1,90000.00,3716630.53,3716630.53,2020-03-19,2021-03-31,2022-01-15,DETENTION COMPLIANCE AND REMOVALS,,Competed Under Simplified Acquisition Procedures,1,Simplified Acquisition,,S206,Guard Services,922140,Correctional Institutions ,RIO GRANDE DETENTION CENTER SERVICES,RIO GRANDE DETENTION CENTER SERVICES,https://www.usaspending.gov/award/CONT_AWD_70CDCR20FC0000013_7012_HSCEDM14A00001_7012
bd5737cc0036293eff5d4699d3eab3c1e4f75382ce2bbbb7cc600a0fcee16dc5,ICE,Trump_I,ICE detention services,2020-08-31,70CDCR20FR0000066,HSCEDM11D00003,Delivery Order,0,no,"THE GEO GROUP, INC.",JMLKZZ1NL2Z6,3JMR1,5954409.91,44034146.30,44034146.30,2020-08-31,2021-10-15,2021-10-15,DETENTION COMPLIANCE AND REMOVALS,,Full And Open Competition,,Negotiated Proposal/Quote,,S206,Guard Services,561210,Facilities Support Services,"DETENTION MANAGEMENT/MEDICAL/TRANSPORTATION FOR AURORA, CO","DETENTION MANAGEMENT/MEDICAL/TRANSPORTATION FOR AURORA, CO",https://www.usaspending.gov/award/CONT_AWD_70CDCR20FR0000066_7012_HSCEDM11D00003_7012
fb182c21cadee50486dfb9d0857418c4d66604048420f95e83b6f77faffb9f79,ICE,Trump_I,ICE other/unresolved,2020-09-01,70CDCR20FR0000007,70CDCR20D00000008,Delivery Order,P00006,yes,"THE GEO GROUP, INC.",JMLKZZ1NL2Z6,3JMR1,0.00,30181264.14,30181264.14,2019-12-20,2020-12-19,2024-12-19,DETENTION COMPLIANCE AND REMOVALS,,Full And Open Competition,,Negotiated Proposal/Quote,70CDCR20R00000002,S206,Guard Services,561612,Security Guards and Patrol Services ,THE PURPOSE OF MODIFICATION IS TO MOVE FUNDS.,"NEW TASK ORDER MESA VERDE
TASK ORDER POP: 12/21/19 - 12/20/20
FUNDING POP 12/21/19 - 1/31/2020
COR:NATHAN LINDSEY 661-328-4503",https://www.usaspending.gov/award/CONT_AWD_70CDCR20FR0000007_7012_70CDCR20D00000008_7012
75e8a01951eec0c9fed82100851bb584906c88c629976fee4eb4a053656ca55d,ICE,Trump_I,ICE other/unresolved,2020-09-02,70CDCR20FR0000007,70CDCR20D00000008,Delivery Order,P00007,yes,"THE GEO GROUP, INC.",JMLKZZ1NL2Z6,3JMR1,1833160.00,30181264.14,30181264.14,2019-12-20,2020-12-19,2024-12-19,DETENTION COMPLIANCE AND REMOVALS,,Full And Open Competition,,Negotiated Proposal/Quote,70CDCR20R00000002,S206,Guard Services,561612,Security Guards and Patrol Services ,THE PURPOSE OF MODIFICATION IS TO PROVIDING FUNDING.,"NEW TASK ORDER MESA VERDE
TASK ORDER POP: 12/21/19 - 12/20/20
FUNDING POP 12/21/19 - 1/31/2020
COR:NATHAN LINDSEY 661-328-4503",https://www.usaspending.gov/award/CONT_AWD_70CDCR20FR0000007_7012_70CDCR20D00000008_7012
f9c8281b0b32dffbf63156a5297ba2b8fa75b30c7f351922ef911524a268277f,ICE,Trump_I,ICE ISAP/electronic monitoring,2020-09-08,70CDCR20FR0000023,70CDCR20D00000011,Delivery Order,P00003,yes,B.I. INCORPORATED,PKK6L9KLMYR5,3CUH9,0.00,151182337.45,151182337.45,2020-03-23,2021-07-31,2021-07-31,DETENTION COMPLIANCE AND REMOVALS,,Full And Open Competition,,Negotiated Proposal/Quote,,R408,Program Management/Support Services,561210,Facilities Support Services,INTENSIVE SUPERVISION APPEARANCE PROGRAM (ISAP IV),INTENSIVE SUPERVISION APPEARANCE PROGRAM (ISAP IV),https://www.usaspending.gov/award/CONT_AWD_70CDCR20FR0000023_7012_70CDCR20D00000011_7012
634ca9db3062afcb6951ec026b1333293a7ec7dd7bd132c12284e2051670db35,CBP,Trump_I,CBP detention/jail space,2020-09-10,70B03C20P00000219,,PURCHASE ORDER,P00002,yes,"THE GEO GROUP, INC.",JMLKZZ1NL2Z6,3JMR1,0.00,585781.54,987051.30,2020-05-01,2024-10-31,2024-10-31,BORDER ENFORCEMENT CONTRACTING DIVISION,US BORDER PATROL,NOT COMPETED,1,ONLY ONE SOURCE,70B03C20R00000062,X1FF,LEASE/RENTAL OF PENAL FACILITIES,922140,CORRECTIONAL INSTITUTIONS,"PER DIEM RATE INCREASES FOR BROOKS COUNTY, COASTAL BEND, AND EAST HIDALGO DETENTION CENTERS. ADD FUNDS FOR COASTAL BEND DETENTION CENTER AT 44K AND DE-OB FUNDS FROM BROOKS COUNTY AT 44K.",PURCHASE OF DETENTION/JAIL SPACE FOR THE RGV SECTOR.,https://www.usaspending.gov/award/CONT_AWD_70B03C20P00000219_7014_-NONE-_-NONE-
524f4bac32c68dd7e07ae1501591144605d560c9831ad064ed525942c849daa1,ICE,Trump_I,ICE detention services,2020-09-10,70CDCR19FIGR00278,HSCEDM15D00006,Delivery Order,P00007,yes,"THE GEO GROUP, INC.",JMLKZZ1NL2Z6,3JMR1,-2285741.81,33327391.94,33327391.94,2019-06-13,2020-06-30,2020-10-10,DETENTION COMPLIANCE AND REMOVALS,,Full And Open Competition,,Negotiated Proposal/Quote,,S206,Guard Services,561210,Facilities Support Services,DETENTION SERVICES AT BROWARD TRANSITIONAL CENTER,DETENTION SERVICES AT BROWARD TRANSITIONAL CENTER,https://www.usaspending.gov/award/CONT_AWD_70CDCR19FIGR00278_7012_HSCEDM15D00006_7012
3dbcd44bd0267cd4f1096f5eba2d09f6f85ea759006b5d16c76de032e118562e,ICE,Trump_I,ICE other/unresolved,2020-09-14,70CDCR20FR0000007,70CDCR20D00000008,Delivery Order,P00008,yes,"THE GEO GROUP, INC.",JMLKZZ1NL2Z6,3JMR1,600000.00,30181264.14,30181264.14,2019-12-20,2020-12-19,2024-12-19,DETENTION COMPLIANCE AND REMOVALS,,Full And Open Competition,,Negotiated Proposal/Quote,70CDCR20R00000002,S206,Guard Services,561612,Security Guards and Patrol Services ,THE PURPOSE OF MODIFICATION IS TO PROVIDING FUNDING.,"NEW TASK ORDER MESA VERDE
TASK ORDER POP: 12/21/19 - 12/20/20
FUNDING POP 12/21/19 - 1/31/2020
COR:NATHAN LINDSEY 661-328-4503",https://www.usaspending.gov/award/CONT_AWD_70CDCR20FR0000007_7012_70CDCR20D00000008_7012
06901d9dbaca36a4c901e21a163c3db81c13c1796f86ce656a2b4c1f86e3bb05,ICE,Trump_I,ICE detention services,2020-09-15,70CDCR20FR0000050,70CDCR20D00000012,Delivery Order,P00001,yes,"THE GEO GROUP, INC.",JMLKZZ1NL2Z6,3JMR1,496599.61,51996947.54,51996947.54,2020-08-06,2021-08-05,2021-08-05,DETENTION COMPLIANCE AND REMOVALS,,Full And Open Competition,,Negotiated Proposal/Quote,,S206,Guard Services,922140,Correctional Institutions ,FY20 TO FOR DETENTION AND TRANSPORTATION SERVICES - SOUTH TEXAS ICE PROCESSING CENTER (STIPC),FY20 TO FOR DETENTION AND TRANSPORTATION SERVICES - SOUTH TEXAS ICE PROCESSING CENTER (STIPC),https://www.usaspending.gov/award/CONT_AWD_70CDCR20FR0000050_7012_70CDCR20D00000012_7012
5ddb3a7a813558ebc6daf3204cbdf42f4000687bf5467792a75e2ab1ac6ac6cc,ICE,Trump_I,ICE detention services,2020-09-24,70CDCR19FR0000059,HSCEDM15D00015,Delivery Order,P00008,yes,"THE GEO GROUP, INC.",JMLKZZ1NL2Z6,3JMR1,118015.30,63811970.64,63811970.64,2019-09-28,2020-09-27,2020-09-27,DETENTION COMPLIANCE AND REMOVALS,,Full And Open Competition,,Negotiated Proposal/Quote,,S206,Guard Services,561210,Facilities Support Services,"DETENTION, FOOD AND TRANSPORTATION SERVICES","DETENTION, FOOD AND TRANSPORTATION SERVICES",https://www.usaspending.gov/award/CONT_AWD_70CDCR19FR0000059_7012_HSCEDM15D00015_7012
fbb59157ae2ad51e657cd7c0dfb2959fdccc408cfdd87e0c0df46ff63bab75ff,ICE,Trump_I,ICE ISAP/electronic monitoring,2020-09-28,70CDCR20FR0000023,70CDCR20D00000011,Delivery Order,P00004,yes,B.I. INCORPORATED,PKK6L9KLMYR5,3CUH9,25588169.71,151182337.45,151182337.45,2020-03-23,2021-07-31,2021-07-31,DETENTION COMPLIANCE AND REMOVALS,,Full And Open Competition,,Negotiated Proposal/Quote,,R408,Program Management/Support Services,561210,Facilities Support Services,INTENSIVE SUPERVISION APPEARANCE PROGRAM (ISAP IV),INTENSIVE SUPERVISION APPEARANCE PROGRAM (ISAP IV),https://www.usaspending.gov/award/CONT_AWD_70CDCR20FR0000023_7012_70CDCR20D00000011_7012
e2668bc4bd2d33a0070a4700a2ac0f14754a184d25fcb8260732d7c04a659fc3,ICE,Trump_I,ICE ISAP/electronic monitoring,2020-09-30,70CDCR20FR0000023,70CDCR20D00000011,Delivery Order,P00005,yes,B.I. INCORPORATED,PKK6L9KLMYR5,3CUH9,574710.74,151182337.45,151182337.45,2020-03-23,2021-07-31,2021-07-31,DETENTION COMPLIANCE AND REMOVALS,,Full And Open Competition,,Negotiated Proposal/Quote,,R408,Program Management/Support Services,561210,Facilities Support Services,INTENSIVE SUPERVISION APPEARANCE PROGRAM (ISAP IV),INTENSIVE SUPERVISION APPEARANCE PROGRAM (ISAP IV),https://www.usaspending.gov/award/CONT_AWD_70CDCR20FR0000023_7012_70CDCR20D00000011_7012
e0838e36c437a26631edb793701136be5d0c07f6490b54b6eb28563020033701,ICE,Trump_I,ICE detention services,2020-10-27,70CDCR20FR0000036,HSCEDM17D00009,Delivery Order,P00002,yes,"THE GEO GROUP, INC.",JMLKZZ1NL2Z6,3JMR1,6844124.36,36721590.90,36721590.90,2020-06-09,2021-08-17,2021-08-17,DETENTION COMPLIANCE AND REMOVALS,,Full And Open Competition,,Negotiated Proposal/Quote,HSCEDM15R00004,S206,Guard Services,561210,Facilities Support Services,MONTGOMERY PROCESSING CENTER (HOUSTON),HOUSTON DETENTION FACILITY,https://www.usaspending.gov/award/CONT_AWD_70CDCR20FR0000036_7012_HSCEDM17D00009_7012
41cbb8bf075c5e3f7a49c1c3aaa2a304b6ca13e5d11848aea4ef839c09b97acf,ICE,Trump_I,ICE detention services,2020-10-27,70CDCR21P00000004,,Purchase Order,0,no,"THE GEO GROUP, INC.",JMLKZZ1NL2Z6,3JMR1,3213.30,0.00,9639.90,2020-10-27,2022-10-26,2023-04-21,DETENTION COMPLIANCE AND REMOVALS,,Not Competed,1,Sole Source,70CDCR21P00000004 ,R429,Support- Professional: Emergency Response/Disaster Planning/Preparedness Support,925110,Administration of Housing Programs ,DETAINEE HOUSING COST FOR EMERGENCY SITUATION-INCLEMENT WEATHER,DETAINEE HOUSING COST FOR EMERGENCY SITUATION-INCLEMENT WEATHER,https://www.usaspending.gov/award/CONT_AWD_70CDCR21P00000004_7012_-NONE-_-NONE-
a1fae55d48e1ad1899e779b8c03591bfbfd39a4ef245695baecc2a2f6a415c53,ICE,Trump_I,ICE other/unresolved,2020-10-28,70CDCR20FR0000007,70CDCR20D00000008,Delivery Order,P00009,yes,"THE GEO GROUP, INC.",JMLKZZ1NL2Z6,3JMR1,10795429.44,30181264.14,30181264.14,2019-12-20,2020-12-19,2024-12-19,DETENTION COMPLIANCE AND REMOVALS,,Full And Open Competition,,Negotiated Proposal/Quote,70CDCR20R00000002,S206,Guard Services,561612,Security Guards and Patrol Services ,THE PURPOSE OF MODIFICATION IS TO PROVIDING FUNDING.,"NEW TASK ORDER MESA VERDE
TASK ORDER POP: 12/21/19 - 12/20/20
FUNDING POP 12/21/19 - 1/31/2020
COR:NATHAN LINDSEY 661-328-4503",https://www.usaspending.gov/award/CONT_AWD_70CDCR20FR0000007_7012_70CDCR20D00000008_7012
2ec62d7c68ad398e7c6cb776685ecfb184626296ad1c06bcf87ffb2c34755966,ICE,Trump_I,ICE other/unresolved,2020-10-28,70CDCR20FR0000008,70CDCR20D00000009,Delivery Order,P00005,yes,"THE GEO GROUP, INC.",JMLKZZ1NL2Z6,3JMR1,8929100.00,90645214.38,90645214.38,2019-12-20,2020-12-19,2020-12-19,DETENTION COMPLIANCE AND REMOVALS,,Full And Open Competition,,Negotiated Proposal/Quote,70CDCR20R00000002,S206,Guard Services,561612,Security Guards and Patrol Services ,THE PURPOSE OF MODIFICATION P00005 IS TO ADD FUNDING,"NEW TASK ORDER
PERIOD OF PERFORMANCE: 12/21/19 - 12/20/20
FUNDING POP: 12/21/19 - 01/31/20
COR: DANIEL POMPLUN
FY 20 QTR 1 CR2 FUNDING",https://www.usaspending.gov/award/CONT_AWD_70CDCR20FR0000008_7012_70CDCR20D00000009_7012
fd5fed2222e4108885baec1d12ede35e370326f3d5c0394f1b126f7be03a37c5,ICE,Trump_I,ICE detention services,2020-10-29,70CDCR21FR0000001,15M40018DA3500001,Delivery Order,0,no,"THE GEO GROUP, INC.",JMLKZZ1NL2Z6,3JMR1,2001.60,116.76,116.76,2020-10-01,2021-09-30,2021-09-30,DETENTION COMPLIANCE AND REMOVALS,,Competed Under Simplified Acquisition Procedures,,Simplified Acquisition,,S206,Guard Services,561210,Facilities Support Services,DETENTION AND GUARD SERVICES,DETENTION AND GUARD SERVICES,https://www.usaspending.gov/award/CONT_AWD_70CDCR21FR0000001_7012_15M40018DA3500001_1544
13807ed3726036b55f1614cb2b6620e340746008db3bd20273c759e1a788cb4b,ICE,Trump_I,ICE other/unresolved,2020-11-03,70CDCR20FR0000039,HSCEDM15D00006,Delivery Order,P00001,yes,"THE GEO GROUP, INC.",JMLKZZ1NL2Z6,3JMR1,4061400.00,39209369.78,39209369.78,2020-06-17,2024-01-25,2024-02-24,DETENTION COMPLIANCE AND REMOVALS,,Full And Open Competition,,Negotiated Proposal/Quote,,S206,Guard Services,561210,Facilities Support Services,SERVICES AT BROWARD TRANSITIONAL CENTER,SERVICES AT BROWARD TRANSITIONAL CENTER,https://www.usaspending.gov/award/CONT_AWD_70CDCR20FR0000039_7012_HSCEDM15D00006_7012
2dec702f9df97b670c95066eb240adffd93922b8c9289ad66500f3f18d571b07,ICE,Trump_I,ICE detention services,2020-11-03,70CDCR21FR0000003,70CDCR20D00000008,Delivery Order,0,no,"THE GEO GROUP, INC.",JMLKZZ1NL2Z6,3JMR1,7008162.93,52068498.10,52068498.10,2020-11-03,2021-12-19,2022-03-30,DETENTION COMPLIANCE AND REMOVALS,,Full And Open Competition,,Negotiated Proposal/Quote,,S206,Guard Services,561612,Security Guards and Patrol Services ,TO ESTABLISH A NEW TASK ORDER FOR DETENTION SERVICES AT MESA VERDE AND GOLDEN STATE FACILITY,TO ESTABLISH A NEW TASK ORDER FOR DETENTION SERVICES AT MESA VERDE AND GOLDEN STATE FACILITY,https://www.usaspending.gov/award/CONT_AWD_70CDCR21FR0000003_7012_70CDCR20D00000008_7012
15c6728a4bdd1e4f7ae3b59a7c91b9c0878d5062482b90ee4b143200fbd65b7a,ICE,Trump_I,ICE detention services,2020-11-04,70CDCR20FC0000013,HSCEDM14A00001,BPA Call,P00005,yes,"THE GEO GROUP, INC.",JMLKZZ1NL2Z6,3JMR1,792900.00,3716630.53,3716630.53,2020-03-19,2021-03-31,2022-01-15,DETENTION COMPLIANCE AND REMOVALS,,Competed Under Simplified Acquisition Procedures,1,Simplified Acquisition,,S206,Guard Services,922140,Correctional Institutions ,RIO GRANDE DETENTION CENTER SERVICES,RIO GRANDE DETENTION CENTER SERVICES,https://www.usaspending.gov/award/CONT_AWD_70CDCR20FC0000013_7012_HSCEDM14A00001_7012
28bae5b552bee472dfadaefcbc19b3b5e527e5163633f17c43d84a2d60be5595,ICE,Trump_I,ICE detention services,2020-11-04,70CDCR21FR0000004,70CDCR20D00000009,Delivery Order,0,no,"THE GEO GROUP, INC.",JMLKZZ1NL2Z6,3JMR1,10635544.46,110740019.25,110740019.25,2020-11-04,2021-12-19,2021-12-19,DETENTION COMPLIANCE AND REMOVALS,,Full And Open Competition,,Negotiated Proposal/Quote,,S206,Guard Services,561612,Security Guards and Patrol Services ,TASK ORDER IS TO PROVIDE FUNDING FOR DETENTION TRANSPORTATION AND MEDICAL SERVICES IN THE LOS ANGELES AREA OF RESPONSIBILITY,TASK ORDER IS TO PROVIDE FUNDING FOR DETENTION TRANSPORTATION AND MEDICAL SERVICES IN THE LOS ANGELES AREA OF RESPONSIBILITY,https://www.usaspending.gov/award/CONT_AWD_70CDCR21FR0000004_7012_70CDCR20D00000009_7012
a7ee1eb4b9449951b419c91648fa3e03582ac6a1658dcd23644b674bac82f8ad,ICE,Trump_I,ICE detention services,2020-11-05,70CDCR20FC0000019,70CDCR18A00000007,BPA Call,P00001,yes,"THE GEO GROUP, INC.",JMLKZZ1NL2Z6,3JMR1,213100.00,724669.57,724669.57,2020-07-23,2021-07-22,2022-03-11,DETENTION COMPLIANCE AND REMOVALS,,Competed Under Simplified Acquisition Procedures,1,Simplified Acquisition,,S206,Guard Services,922140,Correctional Institutions ,DETAINEE BED DAYS AT THE ROBERT A. DEYTON DETENTION FACILITY,DETAINEE BED DAYS AT THE ROBERT A. DEYTON DETENTION FACILITY,https://www.usaspending.gov/award/CONT_AWD_70CDCR20FC0000019_7012_70CDCR18A00000007_7012
183a30937d0f8d26dd5716d9da8004faa60d7f02630b33ca7181703d31f475a2,ICE,Trump_I,ICE detention services,2020-11-12,70CDCR20FR0000066,HSCEDM11D00003,Delivery Order,P00001,yes,"THE GEO GROUP, INC.",JMLKZZ1NL2Z6,3JMR1,7794341.49,44034146.30,44034146.30,2020-08-31,2021-10-15,2021-10-15,DETENTION COMPLIANCE AND REMOVALS,,Full And Open Competition,,Negotiated Proposal/Quote,,S206,Guard Services,561210,Facilities Support Services,"DETENTION MANAGEMENT/MEDICAL/TRANSPORTATION FOR AURORA, CO","DETENTION MANAGEMENT/MEDICAL/TRANSPORTATION FOR AURORA, CO",https://www.usaspending.gov/award/CONT_AWD_70CDCR20FR0000066_7012_HSCEDM11D00003_7012
96fa6716f4d0aaf193669f27b236b9ea311eee839678100709c072a975883ac1,ICE,Trump_I,ICE detention services,2020-11-18,70CDCR20FR0000050,70CDCR20D00000012,Delivery Order,P00002,yes,"THE GEO GROUP, INC.",JMLKZZ1NL2Z6,3JMR1,19068353.86,51996947.54,51996947.54,2020-08-06,2021-08-05,2021-08-05,DETENTION COMPLIANCE AND REMOVALS,,Full And Open Competition,,Negotiated Proposal/Quote,,S206,Guard Services,922140,Correctional Institutions ,FY20 TO FOR DETENTION AND TRANSPORTATION SERVICES - SOUTH TEXAS ICE PROCESSING CENTER (STIPC),FY20 TO FOR DETENTION AND TRANSPORTATION SERVICES - SOUTH TEXAS ICE PROCESSING CENTER (STIPC),https://www.usaspending.gov/award/CONT_AWD_70CDCR20FR0000050_7012_70CDCR20D00000012_7012
b1e1865167f34a6a215b616bc7406d04bce8ed8b4f94f4d0d4de4d2f4634f86a,ICE,Trump_I,ICE other/unresolved,2020-11-19,70CDCR20FR0000007,70CDCR20D00000008,Delivery Order,P00010,yes,"THE GEO GROUP, INC.",JMLKZZ1NL2Z6,3JMR1,0.00,30181264.14,30181264.14,2019-12-20,2020-12-19,2024-12-19,DETENTION COMPLIANCE AND REMOVALS,,Full And Open Competition,,Negotiated Proposal/Quote,70CDCR20R00000002,S206,Guard Services,561612,Security Guards and Patrol Services ,THE PURPOSE OF MODIFICATION IS TO MOVE FUNDS.,"NEW TASK ORDER MESA VERDE
TASK ORDER POP: 12/21/19 - 12/20/20
FUNDING POP 12/21/19 - 1/31/2020
COR:NATHAN LINDSEY 661-328-4503",https://www.usaspending.gov/award/CONT_AWD_70CDCR20FR0000007_7012_70CDCR20D00000008_7012
3841585d53118cd8c3cae1d7cad565a206733170d28c65c9614d0246177c328f,ICE,Trump_I,ICE detention services,2020-12-03,70CDCR20FR0000031,HSCEDM15D00015,Delivery Order,P00001,yes,"THE GEO GROUP, INC.",JMLKZZ1NL2Z6,3JMR1,21909099.86,64080701.07,64080701.07,2020-05-20,2021-09-27,2021-09-27,DETENTION COMPLIANCE AND REMOVALS,,Full And Open Competition,,Negotiated Proposal/Quote,,S206,Guard Services,561210,Facilities Support Services,DETENTION AND TRANSPORTATION SERVICES,DETENTION AND TRANSPORTATION SERVICES,https://www.usaspending.gov/award/CONT_AWD_70CDCR20FR0000031_7012_HSCEDM15D00015_7012
d48a543601e4b9a556d329f4249e78d331edc2ebda07d228bd51add3898406fe,ICE,Trump_I,ICE detention services,2020-12-07,70CDCR20FR0000005,70CDCR20D00000003,Delivery Order,P00006,yes,"THE GEO GROUP, INC.",JMLKZZ1NL2Z6,3JMR1,-744284.90,32325878.24,32325878.24,2019-12-06,2020-08-05,2021-01-06,DETENTION COMPLIANCE AND REMOVALS,,Not Competed,,Sole Source,,S206,Guard Services,561612,Security Guards and Patrol Services ,DETENTION AND DETENTION RELATED SERVICES AT THE SOUTH TEXAS DETENTION COMPLEX (STDC),DETENTION AND DETENTION RELATED SERVICES AT THE SOUTH TEXAS DETENTION COMPLEX (STDC),https://www.usaspending.gov/award/CONT_AWD_70CDCR20FR0000005_7012_70CDCR20D00000003_7012
022aaec234f20d255f43b79b58b78e0a1ad7021f5022bea829ed57e1d9a8089a,ICE,Trump_I,ICE detention services,2020-12-10,70CDCR18FR0000161,HSCEDM17D00009,Delivery Order,P00013,yes,"THE GEO GROUP, INC.",JMLKZZ1NL2Z6,3JMR1,-528213.26,38224630.37,38224630.37,2018-09-28,2019-08-17,2021-01-09,DETENTION COMPLIANCE AND REMOVALS,,Full And Open Competition,,Negotiated Proposal/Quote,,S206,Guard Services,561210,Facilities Support Services,HOUSTON DETENTION FACILITY,HOUSTON DETENTION FACILITY,https://www.usaspending.gov/award/CONT_AWD_70CDCR18FR0000161_7012_HSCEDM17D00009_7012
0cf9a5061eb530471f5236d155f4d1a7db766be671e7147fba145c035340d247,ICE,Trump_I,ICE detention services,2020-12-10,70CDCR20FC0000013,HSCEDM14A00001,BPA Call,P00006,yes,"THE GEO GROUP, INC.",JMLKZZ1NL2Z6,3JMR1,0.00,3716630.53,3716630.53,2020-03-19,2021-03-31,2022-01-15,DETENTION COMPLIANCE AND REMOVALS,,Competed Under Simplified Acquisition Procedures,1,Simplified Acquisition,,S206,Guard Services,922140,Correctional Institutions ,RIO GRANDE DETENTION CENTER SERVICES,RIO GRANDE DETENTION CENTER SERVICES,https://www.usaspending.gov/award/CONT_AWD_70CDCR20FC0000013_7012_HSCEDM14A00001_7012
5a66d268cd75e17ab2193411cb605c214f3a5fbceffcf732b8d10dfcad732c92,ICE,Trump_I,ICE detention services,2020-12-15,70CDCR20FR0000050,70CDCR20D00000012,Delivery Order,P00003,yes,"THE GEO GROUP, INC.",JMLKZZ1NL2Z6,3JMR1,0.00,51996947.54,51996947.54,2020-08-06,2021-08-05,2021-08-05,DETENTION COMPLIANCE AND REMOVALS,,Full And Open Competition,,Negotiated Proposal/Quote,,S206,Guard Services,922140,Correctional Institutions ,FY20 TO FOR DETENTION AND TRANSPORTATION SERVICES - SOUTH TEXAS ICE PROCESSING CENTER (STIPC),FY20 TO FOR DETENTION AND TRANSPORTATION SERVICES - SOUTH TEXAS ICE PROCESSING CENTER (STIPC),https://www.usaspending.gov/award/CONT_AWD_70CDCR20FR0000050_7012_70CDCR20D00000012_7012
e3cee6abc33ccf411906b9793e70c5b2a2a845a4cdf942ff4a93b6052f63bf4e,ICE,Trump_I,ICE other/unresolved,2020-12-30,70CDCR18P00000084,,Purchase Order,P00001,yes,"CORNELL COMPANIES, INC.",TLDCDE29G781,3MTH6,-757.30,0.00,0.00,2018-02-01,2019-01-31,2021-01-29,DETENTION COMPLIANCE AND REMOVALS,,Competed Under Simplified Acquisition Procedures,1,Simplified Acquisition,,S206,Guard Services,561612,Security Guards and Patrol Services ,USE OF THIS FACILITY DUE TO POSSIBLE INCLEMENT WEATHER AND HAZARDOUS DRIVING CONDITIONS.,USE OF THIS FACILITY DUE TO POSSIBLE INCLEMENT WEATHER AND HAZARDOUS DRIVING CONDITIONS.,https://www.usaspending.gov/award/CONT_AWD_70CDCR18P00000084_7012_-NONE-_-NONE-
89ab5d45764fb623c044ea9cd2dd9829294c7e7172460ca762f48a2fbc645ba8,ICE,Trump_I,ICE transportation/removal services,2020-12-30,70CDCR19FIGR00292,70CDCR19D00000001,Delivery Order,P00001,yes,"THE GEO GROUP, INC.",JMLKZZ1NL2Z6,3JMR1,0.00,55594.50,55594.50,2019-08-01,2019-08-09,2019-08-31,DETENTION COMPLIANCE AND REMOVALS,,Not Competed,,Sole Source,,S206,Guard Services,561210,Facilities Support Services,SUPPLEMENTAL TRANSPORTATION FOR WSEU,SUPPLEMENTAL TRANSPORTATION FOR WSEU,https://www.usaspending.gov/award/CONT_AWD_70CDCR19FIGR00292_7012_70CDCR19D00000001_7012
4403af8c6d6af3d5626a154be9c4ad4a8cfe2d444fb3e132dc91f6704d24927c,ICE,Trump_I,ICE detention services,2021-01-13,70CDCR18FR0000070,HSCEDM15D00015,Delivery Order,P00009,yes,"THE GEO GROUP, INC.",JMLKZZ1NL2Z6,3JMR1,10592.65,64722320.27,64722320.27,2018-09-28,2019-09-27,2021-02-12,DETENTION COMPLIANCE AND REMOVALS,,Full And Open Competition,,Negotiated Proposal/Quote,,S206,Guard Services,561210,Facilities Support Services,"DETENTION, FOOD AND TRANSPORTAION SERVICES","IGF::CT::IGF DETENTION, FOOD AND TRANSPORTAION SERVICES",https://www.usaspending.gov/award/CONT_AWD_70CDCR18FR0000070_7012_HSCEDM15D00015_7012
d45b13b39d12ad642955fdb1917d3f283114f0e7071eb2166df76b153072609f,ICE,Trump_I,ICE detention services,2021-01-13,HSCEDM16J00052,HSCEDM15D00015,Delivery Order,P00012,yes,"THE GEO GROUP, INC.",JMLKZZ1NL2Z6,3JMR1,113009.75,61117009.31,61117009.31,2016-09-28,2017-09-27,2021-02-12,DETENTION COMPLIANCE AND REMOVALS,,Full And Open Competition,,Negotiated Proposal/Quote,,S206,Guard Services,561210,Facilities Support Services,"DETENTION, TRANSPORTATION AND FOOD SERVICES","DETENTION, TRANSPORTATION AND FOOD SERVICES",https://www.usaspending.gov/award/CONT_AWD_HSCEDM16J00052_7012_HSCEDM15D00015_7012
92b24faaa3106b1f840967cbf9362e74ac66e9ea7163f8306f94a0a6aefb7073,ICE,Biden,ICE other/unresolved,2021-01-21,70CDCR20FR0000039,HSCEDM15D00006,Delivery Order,P00002,yes,"THE GEO GROUP, INC.",JMLKZZ1NL2Z6,3JMR1,3948718.46,39209369.78,39209369.78,2020-06-17,2024-01-25,2024-02-24,DETENTION COMPLIANCE AND REMOVALS,,Full And Open Competition,,Negotiated Proposal/Quote,,S206,Guard Services,561210,Facilities Support Services,SERVICES AT BROWARD TRANSITIONAL CENTER,SERVICES AT BROWARD TRANSITIONAL CENTER,https://www.usaspending.gov/award/CONT_AWD_70CDCR20FR0000039_7012_HSCEDM15D00006_7012
6a59c2c1e4d3da1bd4e25e05c4aaf50ddbad6231cd030364e118d8b3519499b9,ICE,Biden,ICE detention services,2021-01-22,70CDCR20FR0000036,HSCEDM17D00009,Delivery Order,P00003,yes,"THE GEO GROUP, INC.",JMLKZZ1NL2Z6,3JMR1,1734425.00,36721590.90,36721590.90,2020-06-09,2021-08-17,2021-08-17,DETENTION COMPLIANCE AND REMOVALS,,Full And Open Competition,,Negotiated Proposal/Quote,HSCEDM15R00004,S206,Guard Services,561210,Facilities Support Services,MONTGOMERY PROCESSING CENTER (HOUSTON),HOUSTON DETENTION FACILITY,https://www.usaspending.gov/award/CONT_AWD_70CDCR20FR0000036_7012_HSCEDM17D00009_7012
940e37c97903d8aa33dc283e812b9d4400ea8c057523d4116f83c70f83e799f7,ICE,Biden,ICE detention services,2021-01-26,70CDCR21FR0000003,70CDCR20D00000008,Delivery Order,P00001,yes,"THE GEO GROUP, INC.",JMLKZZ1NL2Z6,3JMR1,5192449.84,52068498.10,52068498.10,2020-11-03,2021-12-19,2022-03-30,DETENTION COMPLIANCE AND REMOVALS,,Full And Open Competition,,Negotiated Proposal/Quote,,S206,Guard Services,561612,Security Guards and Patrol Services ,TO ADD FUNDS TO THE SUBJECT TASK ORDER FOR DETENTION SERVICES AT MESA VERDE AND GOLDEN STATE FACILITY,TO ESTABLISH A NEW TASK ORDER FOR DETENTION SERVICES AT MESA VERDE AND GOLDEN STATE FACILITY,https://www.usaspending.gov/award/CONT_AWD_70CDCR21FR0000003_7012_70CDCR20D00000008_7012
66d424deac5b0ac1720f715a1233993210e0d8e2d2ed83b2f0119e20c6863555,ICE,Biden,ICE detention services,2021-01-27,70CDCR21FR0000004,70CDCR20D00000009,Delivery Order,P00001,yes,"THE GEO GROUP, INC.",JMLKZZ1NL2Z6,3JMR1,5656366.88,110740019.25,110740019.25,2020-11-04,2021-12-19,2021-12-19,DETENTION COMPLIANCE AND REMOVALS,,Full And Open Competition,,Negotiated Proposal/Quote,,S206,Guard Services,561612,Security Guards and Patrol Services ,TO ADD FUNDING FOR DETENTION TRANSPORTATION AND MEDICAL SERVICES IN THE LOS ANGELES AREA OF RESPONSIBILITY,TASK ORDER IS TO PROVIDE FUNDING FOR DETENTION TRANSPORTATION AND MEDICAL SERVICES IN THE LOS ANGELES AREA OF RESPONSIBILITY,https://www.usaspending.gov/award/CONT_AWD_70CDCR21FR0000004_7012_70CDCR20D00000009_7012
17a397e77ee1d1a3966257644430726cf80f4e3cd41aba5785f106a5e7da162a,ICE,Biden,ICE other/unresolved,2021-02-08,70CDCR20FR0000008,70CDCR20D00000009,Delivery Order,P00006,yes,"THE GEO GROUP, INC.",JMLKZZ1NL2Z6,3JMR1,816234.94,90645214.38,90645214.38,2019-12-20,2020-12-19,2020-12-19,DETENTION COMPLIANCE AND REMOVALS,,Full And Open Competition,,Negotiated Proposal/Quote,70CDCR20R00000002,S206,Guard Services,561612,Security Guards and Patrol Services ,THE PURPOSE OF MODIFICATION P00006 IS TO ADD FUNDING.,"NEW TASK ORDER
PERIOD OF PERFORMANCE: 12/21/19 - 12/20/20
FUNDING POP: 12/21/19 - 01/31/20
COR: DANIEL POMPLUN
FY 20 QTR 1 CR2 FUNDING",https://www.usaspending.gov/award/CONT_AWD_70CDCR20FR0000008_7012_70CDCR20D00000009_7012
633677742f8b78ff979fcbb110145698e3fe3fcda59d5c8b8adc0618908e3197,ICE,Biden,ICE detention services,2021-02-09,70CDCR20FC0000019,70CDCR18A00000007,BPA Call,P00002,yes,"THE GEO GROUP, INC.",JMLKZZ1NL2Z6,3JMR1,68433.00,724669.57,724669.57,2020-07-23,2021-07-22,2022-03-11,DETENTION COMPLIANCE AND REMOVALS,,Competed Under Simplified Acquisition Procedures,1,Simplified Acquisition,,S206,Guard Services,922140,Correctional Institutions ,DETAINEE BED DAYS AT THE ROBERT A. DEYTON DETENTION FACILITY,DETAINEE BED DAYS AT THE ROBERT A. DEYTON DETENTION FACILITY,https://www.usaspending.gov/award/CONT_AWD_70CDCR20FC0000019_7012_70CDCR18A00000007_7012
d61716daf349c294908b40c82d0988a56d5bac17cdd8e3b153fe320b56175dc6,ICE,Biden,ICE detention services,2021-02-11,70CDCR20FR0000066,HSCEDM11D00003,Delivery Order,P00002,yes,"THE GEO GROUP, INC.",JMLKZZ1NL2Z6,3JMR1,3414441.01,44034146.30,44034146.30,2020-08-31,2021-10-15,2021-10-15,DETENTION COMPLIANCE AND REMOVALS,,Full And Open Competition,,Negotiated Proposal/Quote,,S206,Guard Services,561210,Facilities Support Services,"DETENTION MANAGEMENT/MEDICAL/TRANSPORTATION FOR AURORA, CO","DETENTION MANAGEMENT/MEDICAL/TRANSPORTATION FOR AURORA, CO",https://www.usaspending.gov/award/CONT_AWD_70CDCR20FR0000066_7012_HSCEDM11D00003_7012
e6986244a87d5b54c32ba30d8f74f78029bb08f40b1db821054d22356396e1af,ICE,Biden,ICE detention services,2021-02-19,70CDCR20FR0000066,HSCEDM11D00003,Delivery Order,P00003,yes,"THE GEO GROUP, INC.",JMLKZZ1NL2Z6,3JMR1,8200.00,44034146.30,44034146.30,2020-08-31,2021-10-15,2021-10-15,DETENTION COMPLIANCE AND REMOVALS,,Full And Open Competition,,Negotiated Proposal/Quote,,S206,Guard Services,561210,Facilities Support Services,"DETENTION MANAGEMENT/MEDICAL/TRANSPORTATION FOR AURORA, CO","DETENTION MANAGEMENT/MEDICAL/TRANSPORTATION FOR AURORA, CO",https://www.usaspending.gov/award/CONT_AWD_70CDCR20FR0000066_7012_HSCEDM11D00003_7012
acc87716830761004d93f31f8aaa675c39be220c16f9224d585fcb54191d93fd,ICE,Biden,ICE detention services,2021-02-23,70CDCR19FR0000089,HSCEDM11D00003,Delivery Order,P00006,yes,"THE GEO GROUP, INC.",JMLKZZ1NL2Z6,3JMR1,-5022977.38,46180315.09,46180315.09,2019-09-11,2020-09-15,2021-03-25,DETENTION COMPLIANCE AND REMOVALS,,Full And Open Competition,,Negotiated Proposal/Quote,,S206,Guard Services,561210,Facilities Support Services,"DETENTION MANAGEMENT/MEDICAL/TRANSPORTATION FOR AURORA, CO","DETENTION MANAGEMENT/MEDICAL/TRANSPORTATION FOR AURORA, CO",https://www.usaspending.gov/award/CONT_AWD_70CDCR19FR0000089_7012_HSCEDM11D00003_7012
a3fa1c785f5cbccefb040d849a41e03c6d9bb5a408b7028e7f76b5e92b595d54,ICE,Biden,ICE detention services,2021-02-26,70CDCR20FR0000036,HSCEDM17D00009,Delivery Order,P00004,yes,"THE GEO GROUP, INC.",JMLKZZ1NL2Z6,3JMR1,9515545.71,36721590.90,36721590.90,2020-06-09,2021-08-17,2021-08-17,DETENTION COMPLIANCE AND REMOVALS,,Full And Open Competition,,Negotiated Proposal/Quote,HSCEDM15R00004,S206,Guard Services,561210,Facilities Support Services,MONTGOMERY PROCESSING CENTER (HOUSTON),HOUSTON DETENTION FACILITY,https://www.usaspending.gov/award/CONT_AWD_70CDCR20FR0000036_7012_HSCEDM17D00009_7012
6d86372047545f863aa0b80cb575f98deb0a19864bbc585f88e89bb6e7b2a5d8,ICE,Biden,ICE detention services,2021-03-01,70CDCR21FR0000004,70CDCR20D00000009,Delivery Order,P00002,yes,"THE GEO GROUP, INC.",JMLKZZ1NL2Z6,3JMR1,11692772.81,110740019.25,110740019.25,2020-11-04,2021-12-19,2021-12-19,DETENTION COMPLIANCE AND REMOVALS,,Full And Open Competition,,Negotiated Proposal/Quote,,S206,Guard Services,561612,Security Guards and Patrol Services ,TO ADD FUNDING FOR DETENTION TRANSPORTATION AND MEDICAL SERVICES IN THE LOS ANGELES AREA OF RESPONSIBILITY,TASK ORDER IS TO PROVIDE FUNDING FOR DETENTION TRANSPORTATION AND MEDICAL SERVICES IN THE LOS ANGELES AREA OF RESPONSIBILITY,https://www.usaspending.gov/award/CONT_AWD_70CDCR21FR0000004_7012_70CDCR20D00000009_7012
f2f0837ff831e63f66355f7f37652536892aae0aac23db7bc7d94fecf6ff5fba,ICE,Biden,ICE detention services,2021-03-09,70CDCR20FR0000066,HSCEDM11D00003,Delivery Order,P00004,yes,"THE GEO GROUP, INC.",JMLKZZ1NL2Z6,3JMR1,8023300.00,44034146.30,44034146.30,2020-08-31,2021-10-15,2021-10-15,DETENTION COMPLIANCE AND REMOVALS,,Full And Open Competition,,Negotiated Proposal/Quote,,S206,Guard Services,561210,Facilities Support Services,"DETENTION MANAGEMENT/MEDICAL/TRANSPORTATION FOR AURORA, CO","DETENTION MANAGEMENT/MEDICAL/TRANSPORTATION FOR AURORA, CO",https://www.usaspending.gov/award/CONT_AWD_70CDCR20FR0000066_7012_HSCEDM11D00003_7012
ec31e9939a8ad70bb91053a2f3b8ddd8d90985b3c0c1f6b309bf61e1bcb1e9e2,ICE,Biden,ICE detention services,2021-03-12,70CDCR20FC0000013,HSCEDM14A00001,BPA Call,P00007,yes,"THE GEO GROUP, INC.",JMLKZZ1NL2Z6,3JMR1,569994.92,3716630.53,3716630.53,2020-03-19,2021-03-31,2022-01-15,DETENTION COMPLIANCE AND REMOVALS,,Competed Under Simplified Acquisition Procedures,1,Simplified Acquisition,,S206,Guard Services,922140,Correctional Institutions ,RIO GRANDE DETENTION CENTER SERVICES,RIO GRANDE DETENTION CENTER SERVICES,https://www.usaspending.gov/award/CONT_AWD_70CDCR20FC0000013_7012_HSCEDM14A00001_7012
9a6ba792891336b908c7dd745db8e70388a44ec995ef5e54fa9b1b14fce04687,ICE,Biden,ICE detention services,2021-03-15,70CDCR21FC0000008,HSCEDM14A00001,BPA Call,0,no,"THE GEO GROUP, INC.",JMLKZZ1NL2Z6,3JMR1,714294.52,4862448.88,4862448.88,2021-04-01,2022-03-31,2023-03-08,DETENTION COMPLIANCE AND REMOVALS,,Competed Under Simplified Acquisition Procedures,1,Simplified Acquisition,,S206,Guard Services,922140,Correctional Institutions ,DETENTION SERVICES FOR RIO GRANDE DETENTION CENTER,DETENTION SERVICES FOR RIO GRANDE DETENTION CENTER,https://www.usaspending.gov/award/CONT_AWD_70CDCR21FC0000008_7012_HSCEDM14A00001_7012
7d2ac1c73cbdfe79281083484e6a1427ea19dc69c8de6dbc879f601a2eeabdad,ICE,Biden,ICE detention services,2021-03-16,70CDCR20FR0000031,HSCEDM15D00015,Delivery Order,P00002,yes,"THE GEO GROUP, INC.",JMLKZZ1NL2Z6,3JMR1,5962898.34,64080701.07,64080701.07,2020-05-20,2021-09-27,2021-09-27,DETENTION COMPLIANCE AND REMOVALS,,Full And Open Competition,,Negotiated Proposal/Quote,,S206,Guard Services,561210,Facilities Support Services,DETENTION AND TRANSPORTATION SERVICES,DETENTION AND TRANSPORTATION SERVICES,https://www.usaspending.gov/award/CONT_AWD_70CDCR20FR0000031_7012_HSCEDM15D00015_7012
f2747b3ba1b64563723e132ed94f8446a08d2b46ab8fddb5aeecc1df68b8025a,ICE,Biden,ICE detention services,2021-03-16,70CDCR21FR0000003,70CDCR20D00000008,Delivery Order,P00002,yes,"THE GEO GROUP, INC.",JMLKZZ1NL2Z6,3JMR1,6171901.17,52068498.10,52068498.10,2020-11-03,2021-12-19,2022-03-30,DETENTION COMPLIANCE AND REMOVALS,,Full And Open Competition,,Negotiated Proposal/Quote,,S206,Guard Services,561612,Security Guards and Patrol Services ,TO ADD FUNDS TO THE SUBJECT TASK ORDER FOR DETENTION SERVICES AT MESA VERDE AND GOLDEN STATE FACILITY,TO ESTABLISH A NEW TASK ORDER FOR DETENTION SERVICES AT MESA VERDE AND GOLDEN STATE FACILITY,https://www.usaspending.gov/award/CONT_AWD_70CDCR21FR0000003_7012_70CDCR20D00000008_7012
99f0ab76a7c6d6fd17d6daa6b1366b1334ff9000a9b0139d03ec798097dd846e,ICE,Biden,ICE detention services,2021-03-25,70CDCR20FR0000050,70CDCR20D00000012,Delivery Order,P00004,yes,"THE GEO GROUP, INC.",JMLKZZ1NL2Z6,3JMR1,3188744.71,51996947.54,51996947.54,2020-08-06,2021-08-05,2021-08-05,DETENTION COMPLIANCE AND REMOVALS,,Full And Open Competition,,Negotiated Proposal/Quote,,S206,Guard Services,922140,Correctional Institutions ,FY20 TO FOR DETENTION AND TRANSPORTATION SERVICES - SOUTH TEXAS ICE PROCESSING CENTER (STIPC),FY20 TO FOR DETENTION AND TRANSPORTATION SERVICES - SOUTH TEXAS ICE PROCESSING CENTER (STIPC),https://www.usaspending.gov/award/CONT_AWD_70CDCR20FR0000050_7012_70CDCR20D00000012_7012
c9a73109b047d1de68fb30bc1304775745e02c24edbce56a651b1e62f652267e,ICE,Biden,ICE other/unresolved,2021-03-29,70CDCR20FR0000039,HSCEDM15D00006,Delivery Order,P00003,yes,"THE GEO GROUP, INC.",JMLKZZ1NL2Z6,3JMR1,3453238.80,39209369.78,39209369.78,2020-06-17,2024-01-25,2024-02-24,DETENTION COMPLIANCE AND REMOVALS,,Full And Open Competition,,Negotiated Proposal/Quote,,S206,Guard Services,561210,Facilities Support Services,SERVICES AT BROWARD TRANSITIONAL CENTER,SERVICES AT BROWARD TRANSITIONAL CENTER,https://www.usaspending.gov/award/CONT_AWD_70CDCR20FR0000039_7012_HSCEDM15D00006_7012
22f3d9562ad56b0d50b3136a7f4ba7bf56612906afeac20a9f63ec939ebda4e0,ICE,Biden,ICE detention services,2021-04-02,70CDCR20P00000018,,Purchase Order,P00001,yes,"THE GEO GROUP, INC.",JMLKZZ1NL2Z6,3JMR1,-520.78,1227.30,1227.30,2020-02-06,2020-02-28,2020-02-28,DETENTION COMPLIANCE AND REMOVALS,,Not Competed,1,Sole Source,,S206,Guard Services,925110,Administration of Housing Programs ,DETAINEE HOUSING COST FOR EMERGENCY SITUATION-INCLEMENT WEATHER,DETAINEE HOUSING COST FOR EMERGENCY SITUATION-INCLEMENT WEATHER,https://www.usaspending.gov/award/CONT_AWD_70CDCR20P00000018_7012_-NONE-_-NONE-
cb15bfd6c45a1f626b6011a2a485cad09591ea558f0c020433fd55271326cfab,CBP,Biden,CBP detainee hygiene services,2021-04-13,HSBP1015P00762,,PURCHASE ORDER,P00006,yes,"THE GEO GROUP, INC.",JMLKZZ1NL2Z6,3JMR1,-28737.58,2711.07,52711.07,2015-09-17,2020-09-16,2020-09-16,BORDER ENFORCEMENT CONTRACTING DIVISION,OFFICE OF FIELD OPERATIONS,NOT COMPETED,1,ONLY ONE SOURCE,HSBP1015Q0195,G099,SOCIAL- OTHER,922140,CORRECTIONAL INSTITUTIONS,DE-OBLIGATION OF EXPIRED FUNDS,IGF::OT::IGF HYGIENE SERVICES FOR DETAINEES,https://www.usaspending.gov/award/CONT_AWD_HSBP1015P00762_7014_-NONE-_-NONE-
2738eb6bbccffefa3409ae07b12d1bfaeeb418c4209409c7d77b263b8864c8a0,ICE,Biden,ICE detention services,2021-04-21,70CDCR20FR0000050,70CDCR20D00000012,Delivery Order,P00005,yes,"THE GEO GROUP, INC.",JMLKZZ1NL2Z6,3JMR1,17348837.00,51996947.54,51996947.54,2020-08-06,2021-08-05,2021-08-05,DETENTION COMPLIANCE AND REMOVALS,,Full And Open Competition,,Negotiated Proposal/Quote,,S206,Guard Services,922140,Correctional Institutions ,FY20 TO FOR DETENTION AND TRANSPORTATION SERVICES - SOUTH TEXAS ICE PROCESSING CENTER (STIPC),FY20 TO FOR DETENTION AND TRANSPORTATION SERVICES - SOUTH TEXAS ICE PROCESSING CENTER (STIPC),https://www.usaspending.gov/award/CONT_AWD_70CDCR20FR0000050_7012_70CDCR20D00000012_7012
812e71aea215598317fdb1e484c23174209e2eddbdefc4438484fd7d304cc136,CBP,Biden,CBP detention/jail space,2021-04-22,70B03C20P00000219,,PURCHASE ORDER,P00003,yes,"THE GEO GROUP, INC.",JMLKZZ1NL2Z6,3JMR1,330000.00,585781.54,987051.30,2020-05-01,2024-10-31,2024-10-31,BORDER ENFORCEMENT CONTRACTING DIVISION,US BORDER PATROL,NOT COMPETED,1,ONLY ONE SOURCE,70B03C20R00000062,X1FF,LEASE/RENTAL OF PENAL FACILITIES,922140,CORRECTIONAL INSTITUTIONS,EXERCISE OPTION YEAR 1,PURCHASE OF DETENTION/JAIL SPACE FOR THE RGV SECTOR.,https://www.usaspending.gov/award/CONT_AWD_70B03C20P00000219_7014_-NONE-_-NONE-
714f0db6fbd5afeb7acdced83e0f8bcc6fd06694dcc8664dcd14f0fab79ad053,ICE,Biden,ICE other/unresolved,2021-04-26,70CDCR20FR0000007,70CDCR20D00000008,Delivery Order,P00011,yes,"THE GEO GROUP, INC.",JMLKZZ1NL2Z6,3JMR1,-2752423.61,30181264.14,30181264.14,2019-12-20,2020-12-19,2024-12-19,DETENTION COMPLIANCE AND REMOVALS,,Full And Open Competition,,Negotiated Proposal/Quote,70CDCR20R00000002,S206,Guard Services,561612,Security Guards and Patrol Services ,THE PURPOSE OF MODIFICATION IS TO DE-OBLIGATE EXCESS/UNUSED FUNDS,"NEW TASK ORDER MESA VERDE
TASK ORDER POP: 12/21/19 - 12/20/20
FUNDING POP 12/21/19 - 1/31/2020
COR:NATHAN LINDSEY 661-328-4503",https://www.usaspending.gov/award/CONT_AWD_70CDCR20FR0000007_7012_70CDCR20D00000008_7012
d1cb071c5f6219a8b4b50d15351291395f72516897a3008acf0b52ee4b7907b5,ICE,Biden,ICE ISAP/electronic monitoring,2021-04-26,70CDCR20FR0000023,70CDCR20D00000011,Delivery Order,P00006,yes,B.I. INCORPORATED,PKK6L9KLMYR5,3CUH9,25000000.00,151182337.45,151182337.45,2020-03-23,2021-07-31,2021-07-31,DETENTION COMPLIANCE AND REMOVALS,,Full And Open Competition,,Negotiated Proposal/Quote,,R408,Program Management/Support Services,561210,Facilities Support Services,INTENSIVE SUPERVISION APPEARANCE PROGRAM (ISAP IV),INTENSIVE SUPERVISION APPEARANCE PROGRAM (ISAP IV),https://www.usaspending.gov/award/CONT_AWD_70CDCR20FR0000023_7012_70CDCR20D00000011_7012
efe6f8b4d05cc4421db89b50d25b435c1f89a4185ee49c54f33471e727c54bdd,ICE,Biden,ICE other/unresolved,2021-04-26,70CDCR20FR0000039,HSCEDM15D00006,Delivery Order,P00004,yes,"THE GEO GROUP, INC.",JMLKZZ1NL2Z6,3JMR1,6600437.02,39209369.78,39209369.78,2020-06-17,2024-01-25,2024-02-24,DETENTION COMPLIANCE AND REMOVALS,,Full And Open Competition,,Negotiated Proposal/Quote,,S206,Guard Services,561210,Facilities Support Services,SERVICES AT BROWARD TRANSITIONAL CENTER,SERVICES AT BROWARD TRANSITIONAL CENTER,https://www.usaspending.gov/award/CONT_AWD_70CDCR20FR0000039_7012_HSCEDM15D00006_7012
cd6f2155ff18ea68c8f40e319287fdc9d2619950ee8b4b80fd01af3e24993ccd,ICE,Biden,ICE detention services,2021-04-27,70CDCR21FR0000003,70CDCR20D00000008,Delivery Order,P00003,yes,"THE GEO GROUP, INC.",JMLKZZ1NL2Z6,3JMR1,15000099.79,52068498.10,52068498.10,2020-11-03,2021-12-19,2022-03-30,DETENTION COMPLIANCE AND REMOVALS,,Full And Open Competition,,Negotiated Proposal/Quote,,S206,Guard Services,561612,Security Guards and Patrol Services ,TO ADD FUNDS TO THE SUBJECT TASK ORDER FOR DETENTION SERVICES AT MESA VERDE AND GOLDEN STATE FACILITY,TO ESTABLISH A NEW TASK ORDER FOR DETENTION SERVICES AT MESA VERDE AND GOLDEN STATE FACILITY,https://www.usaspending.gov/award/CONT_AWD_70CDCR21FR0000003_7012_70CDCR20D00000008_7012
1604c8aabe82926ede9c9fcd19cdac61879c93c6cda737bfce83298f4d2bb5ca,ICE,Biden,ICE detention services,2021-05-04,70CDCR20FR0000031,HSCEDM15D00015,Delivery Order,P00003,yes,"THE GEO GROUP, INC.",JMLKZZ1NL2Z6,3JMR1,15902637.86,64080701.07,64080701.07,2020-05-20,2021-09-27,2021-09-27,DETENTION COMPLIANCE AND REMOVALS,,Full And Open Competition,,Negotiated Proposal/Quote,,S206,Guard Services,561210,Facilities Support Services,DETENTION AND TRANSPORTATION SERVICES,DETENTION AND TRANSPORTATION SERVICES,https://www.usaspending.gov/award/CONT_AWD_70CDCR20FR0000031_7012_HSCEDM15D00015_7012
083c4e69d00631d48dbeb1e13a29389b2bc73fa642249dbe5eb31fdcc0ca1d7b,ICE,Biden,ICE detention services,2021-05-05,70CDCR20FR0000036,HSCEDM17D00009,Delivery Order,P00005,yes,"THE GEO GROUP, INC.",JMLKZZ1NL2Z6,3JMR1,9419569.06,36721590.90,36721590.90,2020-06-09,2021-08-17,2021-08-17,DETENTION COMPLIANCE AND REMOVALS,,Full And Open Competition,,Negotiated Proposal/Quote,HSCEDM15R00004,S206,Guard Services,561210,Facilities Support Services,MONTGOMERY PROCESSING CENTER (HOUSTON),HOUSTON DETENTION FACILITY,https://www.usaspending.gov/award/CONT_AWD_70CDCR20FR0000036_7012_HSCEDM17D00009_7012
0156a73e6063f5a9bd49c342cf2d526e39491df700df541d8d72e4c43ca6486a,ICE,Biden,ICE detention services,2021-05-12,70CDCR20FC0000019,70CDCR18A00000007,BPA Call,P00003,yes,"THE GEO GROUP, INC.",JMLKZZ1NL2Z6,3JMR1,383700.00,724669.57,724669.57,2020-07-23,2021-07-22,2022-03-11,DETENTION COMPLIANCE AND REMOVALS,,Competed Under Simplified Acquisition Procedures,1,Simplified Acquisition,,S206,Guard Services,922140,Correctional Institutions ,DETAINEE BED DAYS AT THE ROBERT A. DEYTON DETENTION FACILITY,DETAINEE BED DAYS AT THE ROBERT A. DEYTON DETENTION FACILITY,https://www.usaspending.gov/award/CONT_AWD_70CDCR20FC0000019_7012_70CDCR18A00000007_7012
5f7b4a31aaa9606a9a18e5506dcf40898717d020fc9a6dd8278a71afca95e9a0,ICE,Biden,ICE detention services,2021-05-12,70CDCR21FR0000004,70CDCR20D00000009,Delivery Order,P00003,yes,"THE GEO GROUP, INC.",JMLKZZ1NL2Z6,3JMR1,32746534.58,110740019.25,110740019.25,2020-11-04,2021-12-19,2021-12-19,DETENTION COMPLIANCE AND REMOVALS,,Full And Open Competition,,Negotiated Proposal/Quote,,S206,Guard Services,561612,Security Guards and Patrol Services ,TO ADD FUNDING FOR DETENTION AND TRANSPORTATION SERVICES IN THE LOS ANGELES AREA OF RESPONSIBILITY,TASK ORDER IS TO PROVIDE FUNDING FOR DETENTION TRANSPORTATION AND MEDICAL SERVICES IN THE LOS ANGELES AREA OF RESPONSIBILITY,https://www.usaspending.gov/award/CONT_AWD_70CDCR21FR0000004_7012_70CDCR20D00000009_7012
5c53967d91157226e0db7fbadf0cb6d6a99a5050f65e46ba8d31781529043b48,ICE,Biden,ICE detention services,2021-05-13,70CDCR20FR0000066,HSCEDM11D00003,Delivery Order,P00005,yes,"THE GEO GROUP, INC.",JMLKZZ1NL2Z6,3JMR1,6769600.00,44034146.30,44034146.30,2020-08-31,2021-10-15,2021-10-15,DETENTION COMPLIANCE AND REMOVALS,,Full And Open Competition,,Negotiated Proposal/Quote,,S206,Guard Services,561210,Facilities Support Services,"DETENTION MANAGEMENT/MEDICAL/TRANSPORTATION FOR AURORA, CO","DETENTION MANAGEMENT/MEDICAL/TRANSPORTATION FOR AURORA, CO",https://www.usaspending.gov/award/CONT_AWD_70CDCR20FR0000066_7012_HSCEDM11D00003_7012
229a8e6abf03111400981dd58aa22ef064774351957644435e145f417160e2ba,ICE,Biden,ICE detention services,2021-05-18,70CDCR21FC0000008,HSCEDM14A00001,BPA Call,P00001,yes,"THE GEO GROUP, INC.",JMLKZZ1NL2Z6,3JMR1,714794.52,4862448.88,4862448.88,2021-04-01,2022-03-31,2023-03-08,DETENTION COMPLIANCE AND REMOVALS,,Competed Under Simplified Acquisition Procedures,1,Simplified Acquisition,,S206,Guard Services,922140,Correctional Institutions ,DETENTION SERVICES FOR RIO GRANDE DETENTION CENTER,DETENTION SERVICES FOR RIO GRANDE DETENTION CENTER,https://www.usaspending.gov/award/CONT_AWD_70CDCR21FC0000008_7012_HSCEDM14A00001_7012
8b95930748919e814a4080b38b7974c0ab40902656b56881970b80f5dff0c847,ICE,Biden,ICE detention services,2021-05-24,HSCEDM17J00008,HSCEDM14A00001,BPA Call,P00010,yes,"THE GEO GROUP, INC.",JMLKZZ1NL2Z6,3JMR1,0.00,5654320.62,5654320.62,2017-03-03,2018-03-31,2018-03-31,DETENTION COMPLIANCE AND REMOVALS,,Competed Under Simplified Acquisition Procedures,1,Simplified Acquisition,,S206,Guard Services,922140,Correctional Institutions ,RIO GRANDE DETENTION CENTER,IGF::CT::IGF RIO GRANDE DETENTION CENTER,https://www.usaspending.gov/award/CONT_AWD_HSCEDM17J00008_7012_HSCEDM14A00001_7012
e64ff5ec74cfed20d1c217991bebc87bdfbcc7028ecdc71fd092d4decce89153,ICE,Biden,ICE detention services,2021-05-25,70CDCR18FR0000071,HSCEDM15D00006,Delivery Order,P00013,yes,"THE GEO GROUP, INC.",JMLKZZ1NL2Z6,3JMR1,0.00,32304821.09,32304821.09,2018-06-14,2019-06-30,2020-06-27,DETENTION COMPLIANCE AND REMOVALS,,Full And Open Competition,,Negotiated Proposal/Quote,HSCEDM14R00002,S206,Guard Services,561210,Facilities Support Services,DETENTION SERVICES AT BROWARD TRANSITIONAL CENTER,IGF::CT::IGF DETENTION SERVICES AT BROWARD TRANSITIONAL CENTER,https://www.usaspending.gov/award/CONT_AWD_70CDCR18FR0000071_7012_HSCEDM15D00006_7012
c292500b512685de53f869478d609023cbb948c1934bd6b6b6bc6da5e0cfc091,ICE,Biden,ICE detention services,2021-05-25,70CDCR19FC0000008,HSCEDM14A00001,BPA Call,P00007,yes,"THE GEO GROUP, INC.",JMLKZZ1NL2Z6,3JMR1,0.00,5854685.10,5854685.10,2019-03-18,2020-03-31,2020-07-30,DETENTION COMPLIANCE AND REMOVALS,,Competed Under Simplified Acquisition Procedures,1,Simplified Acquisition,,S206,Guard Services,922140,Correctional Institutions ,RIO GRANDE DETENTION CENTER,IGF::CT::IGF RIO GRANDE DETENTION CENTER,https://www.usaspending.gov/award/CONT_AWD_70CDCR19FC0000008_7012_HSCEDM14A00001_7012
8670f000d19ea002bbefad31194d2df07807d5b33700e16747eb6f77d412021e,ICE,Biden,ICE detention services,2021-05-25,HSCEDM15J00024,HSCEDM15D00006,Delivery Order,P00009,yes,"THE GEO GROUP, INC.",JMLKZZ1NL2Z6,3JMR1,0.00,29419117.96,29419117.96,2015-07-01,2016-06-30,2016-09-23,DETENTION COMPLIANCE AND REMOVALS,,Full And Open Competition,,Negotiated Proposal/Quote,,S206,Guard Services,561210,Facilities Support Services,DETENTION MANAGEMENT SERVICES,DETENTION SERVICES AT BROWARD TRANSITIONAL CENTER,https://www.usaspending.gov/award/CONT_AWD_HSCEDM15J00024_7012_HSCEDM15D00006_7012
d23bcb348151a64872938373be8bbd7bccd77c16d6e6aeac0077b4fee5abace6,ICE,Biden,ICE detention services,2021-05-26,HSCEDM16J00019,HSCEDM15D00006,Delivery Order,P00012,yes,"THE GEO GROUP, INC.",JMLKZZ1NL2Z6,3JMR1,0.00,31040733.60,31040733.60,2016-07-01,2017-06-30,2017-10-14,DETENTION COMPLIANCE AND REMOVALS,,Full And Open Competition,,Negotiated Proposal/Quote,,S206,Guard Services,561210,Facilities Support Services,DETENTION SERVICES AT BROWARD TRANSITIONAL CENTER,IGF::CT::IGF DETENTION SERVICES AT BROWARD TRANSITIONAL CENTER,https://www.usaspending.gov/award/CONT_AWD_HSCEDM16J00019_7012_HSCEDM15D00006_7012
84aeb8e07e84cfa2d6c853c029679fe1189d4453fb36e8cc3d5da985aaffe5d8,ICE,Biden,ICE detention services,2021-05-26,HSCEDM16J00042,HSCEDM11D00003,Delivery Order,P00014,yes,"THE GEO GROUP, INC.",JMLKZZ1NL2Z6,3JMR1,0.00,30675602.15,30675602.15,2016-09-16,2017-09-15,2017-09-15,DETENTION COMPLIANCE AND REMOVALS,,Full And Open Competition,,Negotiated Proposal/Quote,,S206,Guard Services,561210,Facilities Support Services,"CONTRACT DETENTION FACILITY, AURORA, COLORADO","CONTRACT DETENTION FACILITY, AURORA, COLORADO

IGF::CT::IGF",https://www.usaspending.gov/award/CONT_AWD_HSCEDM16J00042_7012_HSCEDM11D00003_7012
93de8b7d75b8fe9e381efc1fac3d4f540a10b9e47af09859b0836b861a85757b,ICE,Biden,ICE detention services,2021-05-27,70CDCR18FC0000011,HSCEDM14A00001,BPA Call,P00009,yes,"THE GEO GROUP, INC.",JMLKZZ1NL2Z6,3JMR1,0.00,6490815.92,6490815.92,2018-03-20,2019-03-31,2019-03-31,DETENTION COMPLIANCE AND REMOVALS,,Competed Under Simplified Acquisition Procedures,1,Simplified Acquisition,,S206,Guard Services,922140,Correctional Institutions ,RIO GRANDE DETENTION CENTER,IGF::CT::IGF RIO GRANDE DETENTION CENTER,https://www.usaspending.gov/award/CONT_AWD_70CDCR18FC0000011_7012_HSCEDM14A00001_7012
6dbcbeeb5f8d9f6ff1204a4c2bd7396ce18da710e7cbe463d327d47d20b271e6,ICE,Biden,ICE detention services,2021-06-01,HSCEDM17J00024,HSCEDM15D00006,Delivery Order,P00012,yes,"THE GEO GROUP, INC.",JMLKZZ1NL2Z6,3JMR1,0.00,31778989.58,31778989.58,2017-06-29,2018-06-30,2018-09-22,DETENTION COMPLIANCE AND REMOVALS,,Full And Open Competition,,Negotiated Proposal/Quote,,S206,Guard Services,561210,Facilities Support Services,DETENTION SERVICES AT BROWARD TRANSITIONAL CENTER,IGF::CT::IGF DETENTION SERVICES AT BROWARD TRANSITIONAL CENTER,https://www.usaspending.gov/award/CONT_AWD_HSCEDM17J00024_7012_HSCEDM15D00006_7012
0ae67cbd79b1e29b7d2147acb2950b13051744c0cc0abdaa45ec01fb3ea372fa,ICE,Biden,ICE detention services,2021-06-08,70CDCR21FC0000008,HSCEDM14A00001,BPA Call,P00002,yes,"THE GEO GROUP, INC.",JMLKZZ1NL2Z6,3JMR1,334000.00,4862448.88,4862448.88,2021-04-01,2022-03-31,2023-03-08,DETENTION COMPLIANCE AND REMOVALS,,Competed Under Simplified Acquisition Procedures,1,Simplified Acquisition,,S206,Guard Services,922140,Correctional Institutions ,DETENTION SERVICES FOR RIO GRANDE DETENTION CENTER,DETENTION SERVICES FOR RIO GRANDE DETENTION CENTER,https://www.usaspending.gov/award/CONT_AWD_70CDCR21FC0000008_7012_HSCEDM14A00001_7012
43067bb2daad21157ae944754f4ff055d4b58b9a36109aa549b109ef556df36a,ICE,Biden,ICE detention services,2021-06-08,HSCEDM15F00009,HSCEDM09D00006,Delivery Order,P00005,yes,"THE GEO GROUP, INC.",JMLKZZ1NL2Z6,3JMR1,0.00,12032163.70,12032163.70,2014-12-29,2015-06-30,2015-10-02,DETENTION COMPLIANCE AND REMOVALS,,Full And Open Competition,,Negotiated Proposal/Quote,,S206,Guard Services,561621,Security Systems Services (except Locksmiths) ,DETENTION SERVICES AT BROWARD TRANSITIONAL SERVICES,"IGF::CT::IGF

FUNDING FOR TASK ORDER TO SERVE AS BRIDGE CONTRACT. CURRENT T/O IS HSCEDM-13-F-00019 UNDER CONTRACT HSCEDM-09-D-00006. T/O POP: 01/01/15 TO 3/31/15. FUNDED POP: 01/01/15 TO 3/31/15.",https://www.usaspending.gov/award/CONT_AWD_HSCEDM15F00009_7012_HSCEDM09D00006_7012
8c39733387d6a19bb5f7f33c119a3b5aeb107814d0d033bb75228833c1b31575,ICE,Biden,ICE detention services,2021-06-17,70CDCR21FR0000003,70CDCR20D00000008,Delivery Order,P00004,yes,"THE GEO GROUP, INC.",JMLKZZ1NL2Z6,3JMR1,0.00,52068498.10,52068498.10,2020-11-03,2021-12-19,2022-03-30,DETENTION COMPLIANCE AND REMOVALS,,Full And Open Competition,,Negotiated Proposal/Quote,,S206,Guard Services,561612,Security Guards and Patrol Services ,TO MOVE FUNDS TO THE SUBJECT TASK ORDER FOR DETENTION SERVICES AT MESA VERDE AND GOLDEN STATE FACILITY,TO ESTABLISH A NEW TASK ORDER FOR DETENTION SERVICES AT MESA VERDE AND GOLDEN STATE FACILITY,https://www.usaspending.gov/award/CONT_AWD_70CDCR21FR0000003_7012_70CDCR20D00000008_7012
56c4fc432b5bfc1d170b0b34b267ce773c9bda31853b878bbcb2bfd36825b307,ICE,Biden,ICE family case management,2021-06-17,HSCEDM15J00042,HSCEDM15D00012,Delivery Order,P00009,yes,"GEO CARE SERVICES, LLC",G6XJKMJUNB91,7D4M5,0.00,1638800.59,1638800.59,2015-09-21,2016-09-20,2016-09-20,DETENTION COMPLIANCE AND REMOVALS,,Full And Open Competition,,Negotiated Proposal/Quote,HSCEDM15R00011,G099,Other Social Services,624190,Other Individual and Family Services ,TASK ORDER FOR FAMILY CASE MANAGEMENT SERVICES [MIA],IGF::CT::IGF TASK ORDER FOR FAMILY CASE MANAGEMENT SERVICES [MIA],https://www.usaspending.gov/award/CONT_AWD_HSCEDM15J00042_7012_HSCEDM15D00012_7012
7f1012fb44ba375e60ddd15604b379ffd706b9b99ae3a7522042d42287e20412,ICE,Biden,ICE family case management,2021-06-23,HSCEDM15J00039,HSCEDM15D00008,Delivery Order,P00009,yes,"GEO CARE SERVICES, LLC",G6XJKMJUNB91,7D4M5,0.00,1869653.14,1869653.14,2015-09-21,2016-09-20,2016-09-20,DETENTION COMPLIANCE AND REMOVALS,,Full And Open Competition,,Negotiated Proposal/Quote,HSCEDM15R00008,G099,Other Social Services,624190,Other Individual and Family Services ,TASK ORDER FOR FAMILY CASE MANAGEMENT SERVICES [DC],IGF::CT::IGF TASK ORDER FOR FAMILY CASE MANAGEMENT SERVICES [DC],https://www.usaspending.gov/award/CONT_AWD_HSCEDM15J00039_7012_HSCEDM15D00008_7012
b5bf80f02e201d67054dae7ba423135fc350ed272b1fd7a3fe24637c2869d92d,ICE,Biden,ICE detention services,2021-06-24,HSCEOP06J00405,HSCEAB04C0001,Delivery Order,P00003,yes,"THE GEO GROUP, INC.",JMLKZZ1NL2Z6,3JMR1,0.00,1901810.00,1901810.00,2005-12-01,2008-09-30,2008-09-30,DETENTION COMPLIANCE AND REMOVALS,,,1,Sole Source,,S206,Guard Services,,,THE PURPOSE FOR THIS MODIFICATION IS TO CLOSEOUT THIS CONTRACT.,DETENTION SERVICES FOR BROWARD,https://www.usaspending.gov/award/CONT_AWD_HSCEOP06J00405_7012_HSCEAB04C0001_7012
74e1e72a4a8273c3e2129d8166e5a81a9fa4e9029ed548dcecafd51ce66155d9,ICE,Biden,ICE other/unresolved,2021-06-25,70CDCR20FR0000039,HSCEDM15D00006,Delivery Order,P00005,yes,"THE GEO GROUP, INC.",JMLKZZ1NL2Z6,3JMR1,4993399.94,39209369.78,39209369.78,2020-06-17,2024-01-25,2024-02-24,DETENTION COMPLIANCE AND REMOVALS,,Full And Open Competition,,Negotiated Proposal/Quote,,S206,Guard Services,561210,Facilities Support Services,SERVICES AT BROWARD TRANSITIONAL CENTER,SERVICES AT BROWARD TRANSITIONAL CENTER,https://www.usaspending.gov/award/CONT_AWD_70CDCR20FR0000039_7012_HSCEDM15D00006_7012
39200ad5a00d6de7419a19e98c8cea10b07a53344fc73b4a14a981a325105eff,ICE,Biden,ICE detention services,2021-06-28,70CDCR18FR0000009,HSCEDM12D00001,Delivery Order,P00017,yes,"THE GEO GROUP, INC.",JMLKZZ1NL2Z6,3JMR1,0.00,51662696.58,51662696.58,2017-12-01,2018-12-05,2019-08-18,DETENTION COMPLIANCE AND REMOVALS,,Full And Open Competition,,Negotiated Proposal/Quote,,S206,Guard Services,561210,Facilities Support Services,DETENTION SERVICES,DETENTION SERVICES,https://www.usaspending.gov/award/CONT_AWD_70CDCR18FR0000009_7012_HSCEDM12D00001_7012
3f24fd16b5d96c61fa84f1260b27d707bb4f3d5606e0875dca60acf52f05c4e3,ICE,Biden,ICE detention services,2021-06-28,70CDCR18FR0000052,HSCEDM11D00003,Delivery Order,P00011,yes,"THE GEO GROUP, INC.",JMLKZZ1NL2Z6,3JMR1,0.00,47687272.92,47687272.92,2018-09-16,2019-09-15,2020-03-25,DETENTION COMPLIANCE AND REMOVALS,,Full And Open Competition,,Negotiated Proposal/Quote,,S206,Guard Services,561210,Facilities Support Services,"DETENTION SERVICES FOR AURORA, CO CDF","DETENTION SERVICES FOR AURORA, CO CDF",https://www.usaspending.gov/award/CONT_AWD_70CDCR18FR0000052_7012_HSCEDM11D00003_7012
c6d8528cb2319c67d2374d939b0400001a0e3642a6aed27a1e6fe2648d5fd681,ICE,Biden,ICE detention services,2021-06-28,HSCEDM15J00004,HSCEDM12D00001,Delivery Order,P00011,yes,"THE GEO GROUP, INC.",JMLKZZ1NL2Z6,3JMR1,0.00,50880520.83,50880520.83,2014-10-23,2015-11-30,2016-04-14,DETENTION COMPLIANCE AND REMOVALS,,Full And Open Competition,,Negotiated Proposal/Quote,,S206,Guard Services,561210,Facilities Support Services,REFERENCE SOUTH TEXAS DETENTION COMPLEX CONTRACT HSCEDM-12-D-00001 WITH THE GEO GROUP. OPTION YEAR 3,REFERENCE SOUTH TEXAS DETENTION COMPLEX CONTRACT HSCEDM-12-D-00001 WITH THE GEO GROUP. OPTION YEAR 3,https://www.usaspending.gov/award/CONT_AWD_HSCEDM15J00004_7012_HSCEDM12D00001_7012
8f20a6886b986c7805ed10cfd8ea69037923bd914766c28090d015287ed07f8f,ICE,Biden,ICE family case management,2021-06-28,HSCEDM15J00040,HSCEDM15D00010,Delivery Order,P00009,yes,"GEO CARE SERVICES, LLC",G6XJKMJUNB91,7D4M5,0.00,1704890.26,1704890.26,2015-09-21,2016-09-20,2016-09-20,DETENTION COMPLIANCE AND REMOVALS,,Full And Open Competition,,Negotiated Proposal/Quote,HSCEDM15R00009,G099,Other Social Services,624190,Other Individual and Family Services ,TASK ORDER FOR FAMILY CASE MANAGEMENT SERVICES [LA],IGF::CT::IGF TASK ORDER FOR FAMILY CASE MANAGEMENT SERVICES [LA],https://www.usaspending.gov/award/CONT_AWD_HSCEDM15J00040_7012_HSCEDM15D00010_7012
bf0093d299766bd4551e8e4417112cf42f193454289ae693079fa4988ca4cfd0,ICE,Biden,ICE family case management,2021-06-28,HSCEDM15J00043,HSCEDM15D00013,Delivery Order,P00009,yes,"GEO CARE SERVICES, LLC",G6XJKMJUNB91,7D4M5,0.00,1719893.33,1719893.33,2015-09-21,2016-09-20,2016-09-28,DETENTION COMPLIANCE AND REMOVALS,,Full And Open Competition,,Negotiated Proposal/Quote,HSCEDM15R00012,G099,Other Social Services,624190,Other Individual and Family Services ,TASK ORDER FOR FAMILY CASE MANAGEMENT SERVICES [CHI],IGF::CT::IGF TASK ORDER FOR FAMILY CASE MANAGEMENT SERVICES [CHI],https://www.usaspending.gov/award/CONT_AWD_HSCEDM15J00043_7012_HSCEDM15D00013_7012
84ff3c2206ee94556981e487e5d03c87faaba5d72fbf88666e09e37a38ea8428,ICE,Biden,ICE detention services,2021-06-28,HSCEDM17J00004,HSCEDM12D00001,Delivery Order,P00013,yes,"THE GEO GROUP, INC.",JMLKZZ1NL2Z6,3JMR1,0.00,51612132.10,51612132.10,2016-12-14,2017-11-30,2018-04-18,DETENTION COMPLIANCE AND REMOVALS,,Full And Open Competition,,Negotiated Proposal/Quote,,S206,Guard Services,561210,Facilities Support Services,DETENTION SERVICES AT THE SOUTH TEXAS DETENTION CENTER,DETENTION SERVICES AT THE SOUTH TEXAS DETENTION CENTER,https://www.usaspending.gov/award/CONT_AWD_HSCEDM17J00004_7012_HSCEDM12D00001_7012
5e019beba8cf4e94af08a48b58debf70c09e624bc86b31dde1dbdcf1f86187a2,ICE,Biden,ICE detention services,2021-06-29,70CDCR18FR0000070,HSCEDM15D00015,Delivery Order,P00010,yes,"THE GEO GROUP, INC.",JMLKZZ1NL2Z6,3JMR1,0.00,64722320.27,64722320.27,2018-09-28,2019-09-27,2021-02-12,DETENTION COMPLIANCE AND REMOVALS,,Full And Open Competition,,Negotiated Proposal/Quote,,S206,Guard Services,561210,Facilities Support Services,"DETENTION, FOOD AND TRANSPORTAION SERVICES","IGF::CT::IGF DETENTION, FOOD AND TRANSPORTAION SERVICES",https://www.usaspending.gov/award/CONT_AWD_70CDCR18FR0000070_7012_HSCEDM15D00015_7012
07b73b36f877b2bfbfaa24cff9a61a9b0cad2213fd522ec0de7f2ba86f158060,ICE,Biden,ICE other/unresolved,2021-06-29,HSCEOP06J00469,HSACD4C0001,Delivery Order,P00003,yes,"THE GEO GROUP, INC.",JMLKZZ1NL2Z6,3JMR1,0.00,1941360.83,1941360.83,2006-09-23,2007-06-26,2008-10-04,DETENTION COMPLIANCE AND REMOVALS,,,2,Negotiated Proposal/Quote,,AD21,Services - Basic Research,561612,Security Guards and Patrol Services ,THE PURPOSE OF THIS MOD IS TO CLOSEOUT CONTRACT HSCEOP-06-J-00469,TASK ORDER,https://www.usaspending.gov/award/CONT_AWD_HSCEOP06J00469_7012_HSACD4C0001_7012
865999ddf3b9f1091b9c42e83fc04c22211dcdcd3b4b831a9fd796675a565d95,CBP,Biden,CBP detention/jail space,2021-07-08,70B03C20P00000219,,PURCHASE ORDER,P00004,yes,"THE GEO GROUP, INC.",JMLKZZ1NL2Z6,3JMR1,-20979.79,585781.54,987051.30,2020-05-01,2024-10-31,2024-10-31,BORDER ENFORCEMENT CONTRACTING DIVISION,US BORDER PATROL,NOT COMPETED,1,ONLY ONE SOURCE,70B03C20R00000062,X1FF,LEASE/RENTAL OF PENAL FACILITIES,922140,CORRECTIONAL INSTITUTIONS,DEOBLIGATE EXCESS FUNDS FROM THE BASE YEAR.,PURCHASE OF DETENTION/JAIL SPACE FOR THE RGV SECTOR.,https://www.usaspending.gov/award/CONT_AWD_70B03C20P00000219_7014_-NONE-_-NONE-
dda5c4317d3fc8648331c70c1842097ed2c2b3fd651b06f388fc7f0a425739d8,ICE,Biden,ICE detention services,2021-07-13,70CDCR19FC0000012,70CDCR18A00000007,BPA Call,P00001,yes,"THE GEO GROUP, INC.",JMLKZZ1NL2Z6,3JMR1,-625346.28,988653.72,988653.72,2019-06-25,2020-07-22,2021-08-12,DETENTION COMPLIANCE AND REMOVALS,,Competed Under Simplified Acquisition Procedures,1,Simplified Acquisition,,S206,Guard Services,922140,Correctional Institutions ,DETENTION SERVICES AT ROBERT A. DEYTON DETENTION FACILITY,IGF::CT::IGF DETENTION SERVICES AT ROBERT A. DEYTON DETENTION FACILITY,https://www.usaspending.gov/award/CONT_AWD_70CDCR19FC0000012_7012_70CDCR18A00000007_7012
eea021043c863141264a088399c6e77dbb3b5647e9fd9cd2cbc1b551932f7509,ICE,Biden,ICE detention services,2021-07-19,70CDCR21FC0000011,70CDCR18A00000007,BPA Call,0,no,"THE GEO GROUP, INC.",JMLKZZ1NL2Z6,3JMR1,100000.00,255636.81,255636.81,2021-07-23,2022-07-22,2022-07-22,DETENTION COMPLIANCE AND REMOVALS,,Competed Under Simplified Acquisition Procedures,1,Simplified Acquisition,,S206,Guard Services,922140,Correctional Institutions ,DETAINEE BED DAYS AT THE ROBERT A. DEYTON DETENTION FACILITY,DETAINEE BED DAYS AT THE ROBERT A. DEYTON DETENTION FACILITY,https://www.usaspending.gov/award/CONT_AWD_70CDCR21FC0000011_7012_70CDCR18A00000007_7012
5a86888a2718c89cfaefa1f2683ea8619527bb2b0a62704132d330df2ec94992,ICE,Biden,ICE detention services,2021-07-21,70CDCR20FR0000066,HSCEDM11D00003,Delivery Order,P00006,yes,"THE GEO GROUP, INC.",JMLKZZ1NL2Z6,3JMR1,32300.00,44034146.30,44034146.30,2020-08-31,2021-10-15,2021-10-15,DETENTION COMPLIANCE AND REMOVALS,,Full And Open Competition,,Negotiated Proposal/Quote,,S206,Guard Services,561210,Facilities Support Services,"DETENTION MANAGEMENT/MEDICAL/TRANSPORTATION FOR AURORA, CO","DETENTION MANAGEMENT/MEDICAL/TRANSPORTATION FOR AURORA, CO",https://www.usaspending.gov/award/CONT_AWD_70CDCR20FR0000066_7012_HSCEDM11D00003_7012
007a4f038f5be07886f0af668e65c6ee44387fec6029427b7d26982aec3bed5b,ICE,Biden,ICE detention services,2021-07-22,70CDCR20FR0000031,HSCEDM15D00015,Delivery Order,P00004,yes,"THE GEO GROUP, INC.",JMLKZZ1NL2Z6,3JMR1,11820532.60,64080701.07,64080701.07,2020-05-20,2021-09-27,2021-09-27,DETENTION COMPLIANCE AND REMOVALS,,Full And Open Competition,,Negotiated Proposal/Quote,,S206,Guard Services,561210,Facilities Support Services,"DETENTION, FOOD AND TRANSPORTATION SERVICES",DETENTION AND TRANSPORTATION SERVICES,https://www.usaspending.gov/award/CONT_AWD_70CDCR20FR0000031_7012_HSCEDM15D00015_7012
5633b19562f7774063432b79ae99edc553df5c912ce53ea50e27e7c0486c1e94,ICE,Biden,ICE detention services,2021-07-22,70CDCR20FR0000050,70CDCR20D00000012,Delivery Order,P00006,yes,"THE GEO GROUP, INC.",JMLKZZ1NL2Z6,3JMR1,176038.00,51996947.54,51996947.54,2020-08-06,2021-08-05,2021-08-05,DETENTION COMPLIANCE AND REMOVALS,,Full And Open Competition,,Negotiated Proposal/Quote,,S206,Guard Services,922140,Correctional Institutions ,FY20 TO FOR DETENTION AND TRANSPORTATION SERVICES - SOUTH TEXAS ICE PROCESSING CENTER (STIPC),FY20 TO FOR DETENTION AND TRANSPORTATION SERVICES - SOUTH TEXAS ICE PROCESSING CENTER (STIPC),https://www.usaspending.gov/award/CONT_AWD_70CDCR20FR0000050_7012_70CDCR20D00000012_7012
5bc63e17abcaeedfdf2559524daa0c9f2c3f072b9a3a74a8e7faeba2c1a59aef,ICE,Biden,ICE detention services,2021-07-22,70CDCR21FR0000004,70CDCR20D00000009,Delivery Order,P00004,yes,"THE GEO GROUP, INC.",JMLKZZ1NL2Z6,3JMR1,3389292.00,110740019.25,110740019.25,2020-11-04,2021-12-19,2021-12-19,DETENTION COMPLIANCE AND REMOVALS,,Full And Open Competition,,Negotiated Proposal/Quote,,S206,Guard Services,561612,Security Guards and Patrol Services ,TO ADD FUNDING FOR DETENTION AND TRANSPORTATION SERVICES IN THE LOS ANGELES AREA OF RESPONSIBILITY,TASK ORDER IS TO PROVIDE FUNDING FOR DETENTION TRANSPORTATION AND MEDICAL SERVICES IN THE LOS ANGELES AREA OF RESPONSIBILITY,https://www.usaspending.gov/award/CONT_AWD_70CDCR21FR0000004_7012_70CDCR20D00000009_7012
00013e776b8cfc9186fa3dfcf54ed8a628404709895cb64e37f660c37704f857,ICE,Biden,ICE ISAP/electronic monitoring,2021-07-28,70CDCR21FR0000044,70CDCR20D00000011,Delivery Order,0,no,B.I. INCORPORATED,PKK6L9KLMYR5,3CUH9,52400000.00,300396838.93,300396838.93,2021-08-01,2022-07-31,2025-07-31,DETENTION COMPLIANCE AND REMOVALS,,Full And Open Competition,,Negotiated Proposal/Quote,,R408,Program Management/Support Services,561210,Facilities Support Services,INTENSIVE SUPERVISION APPEARANCE PROGRAM (ISAP IV),INTENSIVE SUPERVISION APPEARANCE PROGRAM (ISAP IV),https://www.usaspending.gov/award/CONT_AWD_70CDCR21FR0000044_7012_70CDCR20D00000011_7012
879f28851e798e26b0bb8b7668fc1304600e1f76f99dca56bc71520c755d3b78,ICE,Biden,ICE detention services,2021-07-30,70CDCR20FR0000066,HSCEDM11D00003,Delivery Order,P00007,yes,"THE GEO GROUP, INC.",JMLKZZ1NL2Z6,3JMR1,11463328.00,44034146.30,44034146.30,2020-08-31,2021-10-15,2021-10-15,DETENTION COMPLIANCE AND REMOVALS,,Full And Open Competition,,Negotiated Proposal/Quote,,S206,Guard Services,561210,Facilities Support Services,"DETENTION MANAGEMENT/MEDICAL/TRANSPORTATION FOR AURORA, CO","DETENTION MANAGEMENT/MEDICAL/TRANSPORTATION FOR AURORA, CO",https://www.usaspending.gov/award/CONT_AWD_70CDCR20FR0000066_7012_HSCEDM11D00003_7012
80c89b0967770b742a5d1cac41267329961b41a3020fccb09873f95a4cfbf68a,ICE,Biden,ICE detention services,2021-08-03,70CDCR21FR0000051,70CDCR20D00000012,Delivery Order,0,no,"THE GEO GROUP, INC.",JMLKZZ1NL2Z6,3JMR1,7989112.96,52818941.99,52818941.99,2021-08-06,2022-08-05,2022-08-05,DETENTION COMPLIANCE AND REMOVALS,,Full And Open Competition,,Negotiated Proposal/Quote,,S206,Guard Services,922140,Correctional Institutions ,SOUTH TEXAS DETENTION COMPLEX NEW TASK ORDER AWARD: TBD  POP 06 AUG 2021  - 05 AUG 2022. FUNDING THROUGH 30 SEPTEMBER 2021.  COR RANDY LECOMPTE ACOR: MICHAEL SHERDIAN,"SOUTH TEXAS DETENTION COMPLEX NEW TASK ORDER AWARD: TBD POP 06 AUG 2021 - 05 AUG 2022. FUNDING THROUGH 30 SEPTEMBER 2021.

COR RANDY LECOMPTE
ACOR: MICHAEL SHERDIAN",https://www.usaspending.gov/award/CONT_AWD_70CDCR21FR0000051_7012_70CDCR20D00000012_7012
3516748c0b0c709f8128e0b2581e96c4f7799679a4f28839cad52f06b24b36fd,ICE,Biden,ICE ISAP/electronic monitoring,2021-08-10,70CDCR19FR0000077,HSCEDM14D00004,Delivery Order,P00011,yes,B.I. INCORPORATED,PKK6L9KLMYR5,3CUH9,-330444.53,138542822.16,138542822.16,2019-08-28,2020-07-31,2020-07-31,DETENTION COMPLIANCE AND REMOVALS,,Full And Open Competition,,Negotiated Proposal/Quote,,R408,Program Management/Support Services,561210,Facilities Support Services,INTENSIVE SUPERVISION APPEARANCE PROGRAM (ISAP III) FOR ALTERNATIVES TO DETENTION,INTENSIVE SUPERVISION APPEARANCE PROGRAM (ISAP III) FOR ALTERNATIVES TO DETENTION,https://www.usaspending.gov/award/CONT_AWD_70CDCR19FR0000077_7012_HSCEDM14D00004_7012
154e2162cf77c8ea2d1f59a28f5355886b27334d6e525a31bae14c4ed404714a,ICE,Biden,ICE ISAP/electronic monitoring,2021-08-16,70CDCR20FR0000023,70CDCR20D00000011,Delivery Order,P00007,yes,B.I. INCORPORATED,PKK6L9KLMYR5,3CUH9,261082.39,151182337.45,151182337.45,2020-03-23,2021-07-31,2021-07-31,DETENTION COMPLIANCE AND REMOVALS,,Full And Open Competition,,Negotiated Proposal/Quote,,R408,Program Management/Support Services,561210,Facilities Support Services,INTENSIVE SUPERVISION APPEARANCE PROGRAM (ISAP IV),INTENSIVE SUPERVISION APPEARANCE PROGRAM (ISAP IV),https://www.usaspending.gov/award/CONT_AWD_70CDCR20FR0000023_7012_70CDCR20D00000011_7012
6aeeba7ad902b8eee173aa495d3ae1b0706b01e1ac1afa486df3a3d00b20a69a,ICE,Biden,ICE detention services,2021-08-17,70CDCR21FR0000057,HSCEDM17D00009,Delivery Order,0,no,"THE GEO GROUP, INC.",JMLKZZ1NL2Z6,3JMR1,4511235.78,39294732.79,39294732.79,2021-08-17,2022-08-17,2022-08-17,DETENTION COMPLIANCE AND REMOVALS,,Full And Open Competition,,Negotiated Proposal/Quote,HSCEDM15R00004,S206,Guard Services,561210,Facilities Support Services,MONTGOMERY PROCESSING CENTER DETENTION SERVICES,MONTGOMERY PROCESSING CENTER DETENTION SERVICES,https://www.usaspending.gov/award/CONT_AWD_70CDCR21FR0000057_7012_HSCEDM17D00009_7012
456c3dcdbd92cbdd9fc95fe5152045f9760492d49ce7b4ad5423629c9b624784,ICE,Biden,ICE other/unresolved,2021-08-20,70CDCR18FR0000125,HSCEDM17D00009,Delivery Order,P00001,yes,"THE GEO GROUP, INC.",JMLKZZ1NL2Z6,3JMR1,0.00,246775.59,246775.59,2018-08-20,2018-09-30,2018-09-30,DETENTION COMPLIANCE AND REMOVALS,,Full And Open Competition,,Negotiated Proposal/Quote,,S206,Guard Services,561210,Facilities Support Services,PROCURE SUPPLIES/EQUIPMENT FOR MONTGOMERY PROCESSING CENTER IHSC MEDICAL AND DENTAL CLINICS,PROCURE SUPPLIES/EQUIPMENT FOR MONTGOMERY PROCESSING CENTER IHSC MEDICAL AND DENTAL CLINICS,https://www.usaspending.gov/award/CONT_AWD_70CDCR18FR0000125_7012_HSCEDM17D00009_7012
573d131a70d924bc367294ada178eb931351ea707e67d48597c1d8ca42df4771,ICE,Biden,ICE detention services,2021-08-20,70CDCR21FC0000011,70CDCR18A00000007,BPA Call,P00001,yes,"THE GEO GROUP, INC.",JMLKZZ1NL2Z6,3JMR1,0.00,255636.81,255636.81,2021-07-23,2022-07-22,2022-07-22,DETENTION COMPLIANCE AND REMOVALS,,Competed Under Simplified Acquisition Procedures,1,Simplified Acquisition,,S206,Guard Services,922140,Correctional Institutions ,DETAINEE BED DAYS AT THE ROBERT A. DEYTON DETENTION FACILITY,DETAINEE BED DAYS AT THE ROBERT A. DEYTON DETENTION FACILITY,https://www.usaspending.gov/award/CONT_AWD_70CDCR21FC0000011_7012_70CDCR18A00000007_7012
d1067bffa0827facf8d6991eca895f4a5f92127c07dd8a511613c50b5c572e1c,ICE,Biden,ICE ISAP/electronic monitoring,2021-08-27,70CDCR21FR0000044,70CDCR20D00000011,Delivery Order,P00001,yes,B.I. INCORPORATED,PKK6L9KLMYR5,3CUH9,15583727.00,300396838.93,300396838.93,2021-08-01,2022-07-31,2025-07-31,DETENTION COMPLIANCE AND REMOVALS,,Full And Open Competition,,Negotiated Proposal/Quote,,R408,Program Management/Support Services,561210,Facilities Support Services,INTENSIVE SUPERVISION APPEARANCE PROGRAM (ISAP IV),INTENSIVE SUPERVISION APPEARANCE PROGRAM (ISAP IV),https://www.usaspending.gov/award/CONT_AWD_70CDCR21FR0000044_7012_70CDCR20D00000011_7012
d78cc642f320e81e12e5fb7eae6d9d68a9c7d841f245b3008c25b32450a90eb9,ICE,Biden,ICE detention services,2021-08-30,70CDCR21FR0000059,70CDCR21D00000004,Delivery Order,0,no,"THE GEO GROUP, INC.",JMLKZZ1NL2Z6,3JMR1,3059259.75,34417491.34,34417491.34,2021-08-30,2022-08-31,2023-01-27,DETENTION COMPLIANCE AND REMOVALS,,Full And Open Competition,,Negotiated Proposal/Quote,,S206,Guard Services,561612,Security Guards and Patrol Services ,MIA AOR IMMIGRATION DETENTION AND TRANSPORTATION SERVICES,MIA AOR IMMIGRATION DETENTION AND TRANSPORTATION SERVICES,https://www.usaspending.gov/award/CONT_AWD_70CDCR21FR0000059_7012_70CDCR21D00000004_7012
06f967938e42ac3c4474c238241a45269527f2a09ec5695d5488f3ec97234afc,ICE,Biden,ICE detention services,2021-09-01,70CDCR21FC0000008,HSCEDM14A00001,BPA Call,P00003,yes,"THE GEO GROUP, INC.",JMLKZZ1NL2Z6,3JMR1,899983.40,4862448.88,4862448.88,2021-04-01,2022-03-31,2023-03-08,DETENTION COMPLIANCE AND REMOVALS,,Competed Under Simplified Acquisition Procedures,1,Simplified Acquisition,,S206,Guard Services,922140,Correctional Institutions ,DETENTION SERVICES FOR RIO GRANDE DETENTION CENTER,DETENTION SERVICES FOR RIO GRANDE DETENTION CENTER,https://www.usaspending.gov/award/CONT_AWD_70CDCR21FC0000008_7012_HSCEDM14A00001_7012
509f1419dbe96977a3c42f382a50e3b99b642ab62b30b69326c5877de686c0a2,ICE,Biden,ICE other/unresolved,2021-09-02,70CDCR20FR0000039,HSCEDM15D00006,Delivery Order,P00006,yes,"THE GEO GROUP, INC.",JMLKZZ1NL2Z6,3JMR1,684724.56,39209369.78,39209369.78,2020-06-17,2024-01-25,2024-02-24,DETENTION COMPLIANCE AND REMOVALS,,Full And Open Competition,,Negotiated Proposal/Quote,,S206,Guard Services,561210,Facilities Support Services,SERVICES AT BROWARD TRANSITIONAL CENTER,SERVICES AT BROWARD TRANSITIONAL CENTER,https://www.usaspending.gov/award/CONT_AWD_70CDCR20FR0000039_7012_HSCEDM15D00006_7012
2f2aafae96962b3fde31a078e73bea933fe5dd7e66335c9f3c684d86be12d42e,ICE,Biden,ICE detention services,2021-09-02,70CDCR21FR0000003,70CDCR20D00000008,Delivery Order,P00005,yes,"THE GEO GROUP, INC.",JMLKZZ1NL2Z6,3JMR1,7768990.66,52068498.10,52068498.10,2020-11-03,2021-12-19,2022-03-30,DETENTION COMPLIANCE AND REMOVALS,,Full And Open Competition,,Negotiated Proposal/Quote,,S206,Guard Services,561612,Security Guards and Patrol Services ,INCREASE AVAILABLE FUNDS ON THE SUBJECT TASK ORDER FOR DETENTION SERVICES AT MESA VERDE AND GOLDEN STATE FACILITY,TO ESTABLISH A NEW TASK ORDER FOR DETENTION SERVICES AT MESA VERDE AND GOLDEN STATE FACILITY,https://www.usaspending.gov/award/CONT_AWD_70CDCR21FR0000003_7012_70CDCR20D00000008_7012
bbf4c070077eec3314e406adf2b0c1f21f90290f3f4d2666d527befbafda7812,ICE,Biden,ICE ISAP/electronic monitoring,2021-09-03,70CDCR21FR0000044,70CDCR20D00000011,Delivery Order,P00002,yes,B.I. INCORPORATED,PKK6L9KLMYR5,3CUH9,75000000.00,300396838.93,300396838.93,2021-08-01,2022-07-31,2025-07-31,DETENTION COMPLIANCE AND REMOVALS,,Full And Open Competition,,Negotiated Proposal/Quote,,R408,Program Management/Support Services,561210,Facilities Support Services,INTENSIVE SUPERVISION APPEARANCE PROGRAM (ISAP IV),INTENSIVE SUPERVISION APPEARANCE PROGRAM (ISAP IV),https://www.usaspending.gov/award/CONT_AWD_70CDCR21FR0000044_7012_70CDCR20D00000011_7012
a47b25cb73fb54f20c2372a4f5ffac826d0d1435f565b43b8d298910dc3f3146,ICE,Biden,ICE detention services,2021-09-13,70CDCR21FR0000051,70CDCR20D00000012,Delivery Order,P00001,yes,"THE GEO GROUP, INC.",JMLKZZ1NL2Z6,3JMR1,50000.00,52818941.99,52818941.99,2021-08-06,2022-08-05,2022-08-05,DETENTION COMPLIANCE AND REMOVALS,,Full And Open Competition,,Negotiated Proposal/Quote,,S206,Guard Services,922140,Correctional Institutions ,SOUTH TEXAS DETENTION COMPLEX NEW TASK ORDER AWARD: TBD  POP 06 AUG 2021  - 05 AUG 2022. FUNDING THROUGH 30 SEPTEMBER 2021.  COR RANDY LECOMPTE ACOR: MICHAEL SHERDIAN,"SOUTH TEXAS DETENTION COMPLEX NEW TASK ORDER AWARD: TBD POP 06 AUG 2021 - 05 AUG 2022. FUNDING THROUGH 30 SEPTEMBER 2021.

COR RANDY LECOMPTE
ACOR: MICHAEL SHERDIAN",https://www.usaspending.gov/award/CONT_AWD_70CDCR21FR0000051_7012_70CDCR20D00000012_7012
5f3d9e9c701b1299e692d043d4bbb0f51eed3a2f0ce496e49777f3a9893f379d,ICE,Biden,ICE detention services,2021-09-15,70CDCR20FR0000036,HSCEDM17D00009,Delivery Order,P00006,yes,"THE GEO GROUP, INC.",JMLKZZ1NL2Z6,3JMR1,900351.88,36721590.90,36721590.90,2020-06-09,2021-08-17,2021-08-17,DETENTION COMPLIANCE AND REMOVALS,,Full And Open Competition,,Negotiated Proposal/Quote,HSCEDM15R00004,S206,Guard Services,561210,Facilities Support Services,MONTGOMERY PROCESSING CENTER (HOUSTON),HOUSTON DETENTION FACILITY,https://www.usaspending.gov/award/CONT_AWD_70CDCR20FR0000036_7012_HSCEDM17D00009_7012
cd3967282e0d9d86d9ea192f2731e0137e281d2f2a02670ad41a27e395d37110,ICE,Biden,ICE detention services,2021-09-15,70CDCR21FC0000008,HSCEDM14A00001,BPA Call,P00004,yes,"THE GEO GROUP, INC.",JMLKZZ1NL2Z6,3JMR1,777015.80,4862448.88,4862448.88,2021-04-01,2022-03-31,2023-03-08,DETENTION COMPLIANCE AND REMOVALS,,Competed Under Simplified Acquisition Procedures,1,Simplified Acquisition,,S206,Guard Services,922140,Correctional Institutions ,DETENTION SERVICES FOR RIO GRANDE DETENTION CENTER,DETENTION SERVICES FOR RIO GRANDE DETENTION CENTER,https://www.usaspending.gov/award/CONT_AWD_70CDCR21FC0000008_7012_HSCEDM14A00001_7012
bb5d6b35c51980898d292261086066424c25a25437a42cd28cd1a7f819528b2f,ICE,Biden,ICE detention services,2021-09-15,70CDCR21FR0000004,70CDCR20D00000009,Delivery Order,P00005,yes,"THE GEO GROUP, INC.",JMLKZZ1NL2Z6,3JMR1,20893879.88,110740019.25,110740019.25,2020-11-04,2021-12-19,2021-12-19,DETENTION COMPLIANCE AND REMOVALS,,Full And Open Competition,,Negotiated Proposal/Quote,,S206,Guard Services,561612,Security Guards and Patrol Services ,TO ADD FUNDING FOR DETENTION AND TRANSPORTATION SERVICES IN THE LOS ANGELES AREA OF RESPONSIBILITY,TASK ORDER IS TO PROVIDE FUNDING FOR DETENTION TRANSPORTATION AND MEDICAL SERVICES IN THE LOS ANGELES AREA OF RESPONSIBILITY,https://www.usaspending.gov/award/CONT_AWD_70CDCR21FR0000004_7012_70CDCR20D00000009_7012
2c43894b3fd83935bd626f553c86b80c329c388ae96bd845b1e89a64739a3a3c,ICE,Biden,ICE detention services,2021-09-17,70CDCR20FR0000031,HSCEDM15D00015,Delivery Order,P00005,yes,"THE GEO GROUP, INC.",JMLKZZ1NL2Z6,3JMR1,3371884.00,64080701.07,64080701.07,2020-05-20,2021-09-27,2021-09-27,DETENTION COMPLIANCE AND REMOVALS,,Full And Open Competition,,Negotiated Proposal/Quote,,S206,Guard Services,561210,Facilities Support Services,"DETENTION, FOOD AND TRANSPORTATION SERVICES",DETENTION AND TRANSPORTATION SERVICES,https://www.usaspending.gov/award/CONT_AWD_70CDCR20FR0000031_7012_HSCEDM15D00015_7012
7da56b6fee0ad345a14015c8c8cf89bcf24d96aed879acbb7ddf25f831bbdacd,ICE,Biden,ICE detention services,2021-09-17,70CDCR20FR0000066,HSCEDM11D00003,Delivery Order,P00008,yes,"THE GEO GROUP, INC.",JMLKZZ1NL2Z6,3JMR1,4314400.00,44034146.30,44034146.30,2020-08-31,2021-10-15,2021-10-15,DETENTION COMPLIANCE AND REMOVALS,,Full And Open Competition,,Negotiated Proposal/Quote,,S206,Guard Services,561210,Facilities Support Services,"DETENTION MANAGEMENT/MEDICAL/TRANSPORTATION FOR AURORA, CO","DETENTION MANAGEMENT/MEDICAL/TRANSPORTATION FOR AURORA, CO",https://www.usaspending.gov/award/CONT_AWD_70CDCR20FR0000066_7012_HSCEDM11D00003_7012
dd77c2267ad664f40ba4f8852fcae56f0088c2d03d4f501b02c0b9220ae7c9ad,ICE,Biden,ICE ISAP/electronic monitoring,2021-09-17,70CDCR21FR0000044,70CDCR20D00000011,Delivery Order,P00003,yes,B.I. INCORPORATED,PKK6L9KLMYR5,3CUH9,98500000.00,300396838.93,300396838.93,2021-08-01,2022-07-31,2025-07-31,DETENTION COMPLIANCE AND REMOVALS,,Full And Open Competition,,Negotiated Proposal/Quote,,R408,Program Management/Support Services,561210,Facilities Support Services,INTENSIVE SUPERVISION APPEARANCE PROGRAM (ISAP IV),INTENSIVE SUPERVISION APPEARANCE PROGRAM (ISAP IV),https://www.usaspending.gov/award/CONT_AWD_70CDCR21FR0000044_7012_70CDCR20D00000011_7012
05950022c2c052f2ad1157eeb36e941e2680fee1199341b5046cdc2564eee235,ICE,Biden,ICE detention services,2021-09-17,70CDCR21FR0000057,HSCEDM17D00009,Delivery Order,P00001,yes,"THE GEO GROUP, INC.",JMLKZZ1NL2Z6,3JMR1,400039.28,39294732.79,39294732.79,2021-08-17,2022-08-17,2022-08-17,DETENTION COMPLIANCE AND REMOVALS,,Full And Open Competition,,Negotiated Proposal/Quote,HSCEDM15R00004,S206,Guard Services,561210,Facilities Support Services,MONTGOMERY PROCESSING CENTER DETENTION SERVICES,MONTGOMERY PROCESSING CENTER DETENTION SERVICES,https://www.usaspending.gov/award/CONT_AWD_70CDCR21FR0000057_7012_HSCEDM17D00009_7012
c79b36a99cf011d6e6ae5779e27180077ae85cd6e04a7461af5a856ed1f3b3a4,ICE,Biden,ICE detention services,2021-09-20,70CDCR20FR0000031,HSCEDM15D00015,Delivery Order,P00006,yes,"THE GEO GROUP, INC.",JMLKZZ1NL2Z6,3JMR1,200000.00,64080701.07,64080701.07,2020-05-20,2021-09-27,2021-09-27,DETENTION COMPLIANCE AND REMOVALS,,Full And Open Competition,,Negotiated Proposal/Quote,,S206,Guard Services,561210,Facilities Support Services,"DETENTION, FOOD AND TRANSPORTATION SERVICES",DETENTION AND TRANSPORTATION SERVICES,https://www.usaspending.gov/award/CONT_AWD_70CDCR20FR0000031_7012_HSCEDM15D00015_7012
b0f2cf3ec9a85f208ea4e642fdea7af947fc36e4f86235f71fdb4ecd03ba2216,ICE,Biden,ICE detention services,2021-09-21,70CDCR21FC0000008,HSCEDM14A00001,BPA Call,P00005,yes,"THE GEO GROUP, INC.",JMLKZZ1NL2Z6,3JMR1,400029.20,4862448.88,4862448.88,2021-04-01,2022-03-31,2023-03-08,DETENTION COMPLIANCE AND REMOVALS,,Competed Under Simplified Acquisition Procedures,1,Simplified Acquisition,,S206,Guard Services,922140,Correctional Institutions ,DETENTION SERVICES FOR RIO GRANDE DETENTION CENTER,DETENTION SERVICES FOR RIO GRANDE DETENTION CENTER,https://www.usaspending.gov/award/CONT_AWD_70CDCR21FC0000008_7012_HSCEDM14A00001_7012
6fffdc48cd8dc8133f1467713456a2f922f8a6775f305ce984676252d01dd19a,ICE,Biden,ICE detention services,2021-09-21,70CDCR21FR0000059,70CDCR21D00000004,Delivery Order,P00001,yes,"THE GEO GROUP, INC.",JMLKZZ1NL2Z6,3JMR1,300000.00,34417491.34,34417491.34,2021-08-30,2022-08-31,2023-01-27,DETENTION COMPLIANCE AND REMOVALS,,Full And Open Competition,,Negotiated Proposal/Quote,,S206,Guard Services,561612,Security Guards and Patrol Services ,MIA AOR IMMIGRATION DETENTION AND TRANSPORTATION SERVICES,MIA AOR IMMIGRATION DETENTION AND TRANSPORTATION SERVICES,https://www.usaspending.gov/award/CONT_AWD_70CDCR21FR0000059_7012_70CDCR21D00000004_7012
f6b06304af7fe1fd61ee514f0b4773e20b8362d566826955f34131337b524091,ICE,Biden,ICE transportation/removal services,2021-09-22,70CDCR21C00000005,,Definitive Contract,0,no,"GEO TRANSPORT, INC.",DFEKRCYPZD84,6PV86,7879480.00,4773531.70,4773531.70,2021-09-22,2021-10-05,2021-10-05,DETENTION COMPLIANCE AND REMOVALS,,Not Competed,1,Sole Source,JandA210378,V211,Air Passenger Service,481211,Nonscheduled Chartered Passenger Air Transportation ,EMERGENCY HAITIAN MIGRANTS FLIGHT SERVICES,EMERGENCY HAITIAN MIGRANTS FLIGHT SERVICES,https://www.usaspending.gov/award/CONT_AWD_70CDCR21C00000005_7012_-NONE-_-NONE-
fbe217fd525f64385fb1043426dd6f815bf8f0993a2007d281e4179a0942b84d,ICE,Biden,ICE detention services,2021-09-22,70CDCR21FR0000051,70CDCR20D00000012,Delivery Order,P00002,yes,"THE GEO GROUP, INC.",JMLKZZ1NL2Z6,3JMR1,500000.00,52818941.99,52818941.99,2021-08-06,2022-08-05,2022-08-05,DETENTION COMPLIANCE AND REMOVALS,,Full And Open Competition,,Negotiated Proposal/Quote,,S206,Guard Services,922140,Correctional Institutions ,SOUTH TEXAS DETENTION COMPLEX NEW TASK ORDER AWARD: TBD  POP 06 AUG 2021  - 05 AUG 2022. FUNDING THROUGH 30 SEPTEMBER 2021.  COR RANDY LECOMPTE ACOR: MICHAEL SHERDIAN,"SOUTH TEXAS DETENTION COMPLEX NEW TASK ORDER AWARD: TBD POP 06 AUG 2021 - 05 AUG 2022. FUNDING THROUGH 30 SEPTEMBER 2021.

COR RANDY LECOMPTE
ACOR: MICHAEL SHERDIAN",https://www.usaspending.gov/award/CONT_AWD_70CDCR21FR0000051_7012_70CDCR20D00000012_7012
4f80a6a3e1a0a64e88ea87593de140c8d08dfc7d3085d485d0d0f1911d863a23,ICE,Biden,ICE detention services,2021-09-22,70CDCR21FR0000057,HSCEDM17D00009,Delivery Order,P00002,yes,"THE GEO GROUP, INC.",JMLKZZ1NL2Z6,3JMR1,0.00,39294732.79,39294732.79,2021-08-17,2022-08-17,2022-08-17,DETENTION COMPLIANCE AND REMOVALS,,Full And Open Competition,,Negotiated Proposal/Quote,HSCEDM15R00004,S206,Guard Services,561210,Facilities Support Services,MONTGOMERY PROCESSING CENTER DETENTION SERVICES,MONTGOMERY PROCESSING CENTER DETENTION SERVICES,https://www.usaspending.gov/award/CONT_AWD_70CDCR21FR0000057_7012_HSCEDM17D00009_7012
d98bc3e2d514b74e914b76e2375e2ac0528cfff4a9931e8233b60b2cb6c2eff2,ICE,Biden,ICE detention services,2021-09-24,70CDCR21FR0000073,HSCEDM15D00015,Delivery Order,0,no,"THE GEO GROUP, INC.",JMLKZZ1NL2Z6,3JMR1,5516875.13,5348089.81,5348089.81,2021-09-28,2021-10-27,2022-11-05,DETENTION COMPLIANCE AND REMOVALS,,Full And Open Competition,,Negotiated Proposal/Quote,,S206,Guard Services,561210,Facilities Support Services,DETENTION AND TRANSPORTATION SERVICES NORTHWEST DETENTION CENTER TACOMA,DETENTION AND TRANSPORTATION SERVICES NORTHWEST DETENTION CENTER TACOMA,https://www.usaspending.gov/award/CONT_AWD_70CDCR21FR0000073_7012_HSCEDM15D00015_7012
32d8c64be883fe105d7a00a4a09d7b2eeb662ed4bc5977c580625f4570e4cf48,ICE,Biden,ICE detention services,2021-09-29,70CDCR21FR0000051,70CDCR20D00000012,Delivery Order,P00003,yes,"THE GEO GROUP, INC.",JMLKZZ1NL2Z6,3JMR1,4280383.00,52818941.99,52818941.99,2021-08-06,2022-08-05,2022-08-05,DETENTION COMPLIANCE AND REMOVALS,,Full And Open Competition,,Negotiated Proposal/Quote,,S206,Guard Services,922140,Correctional Institutions ,SOUTH TEXAS DETENTION COMPLEX NEW TASK ORDER AWARD: TBD  POP 06 AUG 2021  - 05 AUG 2022. FUNDING THROUGH 30 SEPTEMBER 2021.  COR RANDY LECOMPTE ACOR: MICHAEL SHERDIAN,"SOUTH TEXAS DETENTION COMPLEX NEW TASK ORDER AWARD: TBD POP 06 AUG 2021 - 05 AUG 2022. FUNDING THROUGH 30 SEPTEMBER 2021.

COR RANDY LECOMPTE
ACOR: MICHAEL SHERDIAN",https://www.usaspending.gov/award/CONT_AWD_70CDCR21FR0000051_7012_70CDCR20D00000012_7012
44563d2fa9ed4c893fc2e26eef2121fa6da00288f59ebc8e755465531a8e00fb,CBP,Biden,CBP detention/jail space,2021-09-30,70B03C20P00000219,,PURCHASE ORDER,P00005,yes,"THE GEO GROUP, INC.",JMLKZZ1NL2Z6,3JMR1,0.00,585781.54,987051.30,2020-05-01,2024-10-31,2024-10-31,BORDER ENFORCEMENT CONTRACTING DIVISION,US BORDER PATROL,NOT COMPETED,1,ONLY ONE SOURCE,70B03C20R00000062,X1FF,LEASE/RENTAL OF PENAL FACILITIES,922140,CORRECTIONAL INSTITUTIONS,INCORPORATE US MARSHAL SERVICE IGA PER DIEM RATE INCREASES.,PURCHASE OF DETENTION/JAIL SPACE FOR THE RGV SECTOR.,https://www.usaspending.gov/award/CONT_AWD_70B03C20P00000219_7014_-NONE-_-NONE-
15c5e17c5782c83fbb004f747f07c556d43008adf583b2b7e13af1bd93dbf62b,ICE,Biden,ICE ISAP/electronic monitoring,2021-09-30,70CDCR21FR0000044,70CDCR20D00000011,Delivery Order,P00004,yes,B.I. INCORPORATED,PKK6L9KLMYR5,3CUH9,14968572.86,300396838.93,300396838.93,2021-08-01,2022-07-31,2025-07-31,DETENTION COMPLIANCE AND REMOVALS,,Full And Open Competition,,Negotiated Proposal/Quote,,R408,Program Management/Support Services,561210,Facilities Support Services,INTENSIVE SUPERVISION APPEARANCE PROGRAM (ISAP IV),INTENSIVE SUPERVISION APPEARANCE PROGRAM (ISAP IV),https://www.usaspending.gov/award/CONT_AWD_70CDCR21FR0000044_7012_70CDCR20D00000011_7012
e71693fa87f3e26b796bfa46ca354199d41a55ee93107f86722a64d0e31ddc8d,ICE,Biden,ICE detention services,2021-10-19,70CDCR22FR0000001,70CDCR22D00000001,Delivery Order,0,no,"THE GEO GROUP, INC.",JMLKZZ1NL2Z6,3JMR1,11212089.84,43859762.34,43859762.34,2021-10-19,2022-10-15,2022-10-15,DETENTION COMPLIANCE AND REMOVALS,,Full And Open Competition,,Negotiated Proposal/Quote,,S206,Guard Services,561210,Facilities Support Services,"DETENTION, TRANSPORTATION AND MEDICAL SERVICES FOR DENVER (AURORA) CONTRACT DETENTION FACILITY","DETENTION, TRANSPORTATION AND MEDICAL SERVICES FOR DENVER (AURORA) CONTRACT DETENTION FACILITY",https://www.usaspending.gov/award/CONT_AWD_70CDCR22FR0000001_7012_70CDCR22D00000001_7012
aa951bc9fd8db2d2c226f72b26caae488a7241991be41a48b1279102f05a2dce,ICE,Biden,ICE detention services,2021-10-27,70CDCR22FR0000002,HSCEDM15D00015,Delivery Order,0,no,"THE GEO GROUP, INC.",JMLKZZ1NL2Z6,3JMR1,11166087.74,65941447.91,65941447.91,2021-10-27,2022-10-27,2022-11-26,DETENTION COMPLIANCE AND REMOVALS,,Full And Open Competition,,Negotiated Proposal/Quote,HSCEDM15R00001,S206,Guard Services,561210,Facilities Support Services,DETENTION AND TRANSPORTATION SERVICES NORTHWEST DETENTION CENTER TACOMA,DETENTION AND TRANSPORTATION SERVICES NORTHWEST DETENTION CENTER TACOMA,https://www.usaspending.gov/award/CONT_AWD_70CDCR22FR0000002_7012_HSCEDM15D00015_7012
c15236798a4e766ab9edfad206fdaa3b42d69350be5124663207c8a9fde76a2f,ICE,Biden,ICE detention services,2021-11-03,70CDCR22FR0000003,15M40018DA3500001,Delivery Order,0,no,"THE GEO GROUP, INC.",JMLKZZ1NL2Z6,3JMR1,500.40,83.40,83.40,2021-10-01,2022-03-31,2022-03-31,DETENTION COMPLIANCE AND REMOVALS,,Competed Under Simplified Acquisition Procedures,,Simplified Acquisition,,S206,Guard Services,561210,Facilities Support Services,DETENTION AND GUARD SERVICES,DETENTION AND GUARD SERVICES,https://www.usaspending.gov/award/CONT_AWD_70CDCR22FR0000003_7012_15M40018DA3500001_1544
33d8ba22c22aa34a57395eaf4db308063f7af9ebdf89e5d15880119fa48c21d6,ICE,Biden,ICE detention services,2021-11-09,70CDCR21P00000004,,Purchase Order,P00001,yes,"THE GEO GROUP, INC.",JMLKZZ1NL2Z6,3JMR1,3213.30,0.00,9639.90,2020-10-27,2022-10-26,2023-04-21,DETENTION COMPLIANCE AND REMOVALS,,Not Competed,1,Sole Source,70CDCR21P00000004 ,R429,Support- Professional: Emergency Response/Disaster Planning/Preparedness Support,925110,Administration of Housing Programs ,DETAINEE HOUSING COST FOR EMERGENCY SITUATION-INCLEMENT WEATHER,DETAINEE HOUSING COST FOR EMERGENCY SITUATION-INCLEMENT WEATHER,https://www.usaspending.gov/award/CONT_AWD_70CDCR21P00000004_7012_-NONE-_-NONE-
dfa24bd1da2634938612af1b853e9da9b5120447843d592cff8a4f036ebc0091,ICE,Biden,ICE detention services,2021-11-10,70CDCR21FR0000057,HSCEDM17D00009,Delivery Order,P00003,yes,"THE GEO GROUP, INC.",JMLKZZ1NL2Z6,3JMR1,2715137.62,39294732.79,39294732.79,2021-08-17,2022-08-17,2022-08-17,DETENTION COMPLIANCE AND REMOVALS,,Full And Open Competition,,Negotiated Proposal/Quote,HSCEDM15R00004,S206,Guard Services,561210,Facilities Support Services,MONTGOMERY PROCESSING CENTER DETENTION SERVICES,MONTGOMERY PROCESSING CENTER DETENTION SERVICES,https://www.usaspending.gov/award/CONT_AWD_70CDCR21FR0000057_7012_HSCEDM17D00009_7012
c75c1d07ef18531e35d07cf0f4d81a9a06542fb94c50dbc12b40fdd3bd33cb79,ICE,Biden,ICE detention services,2021-11-15,70CDCR21FC0000011,70CDCR18A00000007,BPA Call,P00002,yes,"THE GEO GROUP, INC.",JMLKZZ1NL2Z6,3JMR1,182100.00,255636.81,255636.81,2021-07-23,2022-07-22,2022-07-22,DETENTION COMPLIANCE AND REMOVALS,,Competed Under Simplified Acquisition Procedures,1,Simplified Acquisition,,S206,Guard Services,922140,Correctional Institutions ,DETAINEE BED DAYS AT THE ROBERT A. DEYTON DETENTION FACILITY,DETAINEE BED DAYS AT THE ROBERT A. DEYTON DETENTION FACILITY,https://www.usaspending.gov/award/CONT_AWD_70CDCR21FC0000011_7012_70CDCR18A00000007_7012
89ef043cf35227be827992f2e97a9841f84b14f93f97452b5ae3f2b0fa43ae3c,ICE,Biden,ICE detention services,2021-11-22,70CDCR21FR0000004,70CDCR20D00000009,Delivery Order,P00006,yes,"THE GEO GROUP, INC.",JMLKZZ1NL2Z6,3JMR1,8977900.00,110740019.25,110740019.25,2020-11-04,2021-12-19,2021-12-19,DETENTION COMPLIANCE AND REMOVALS,,Full And Open Competition,,Negotiated Proposal/Quote,,S206,Guard Services,561612,Security Guards and Patrol Services ,TO ADD FUNDING FOR DETENTION AND TRANSPORTATION SERVICES IN THE LOS ANGELES AREA OF RESPONSIBILITY,TASK ORDER IS TO PROVIDE FUNDING FOR DETENTION TRANSPORTATION AND MEDICAL SERVICES IN THE LOS ANGELES AREA OF RESPONSIBILITY,https://www.usaspending.gov/award/CONT_AWD_70CDCR21FR0000004_7012_70CDCR20D00000009_7012
0eabf4295ab79610730c334c46354df8356697ed7733a959db054543f3554945,ICE,Biden,ICE detention services,2021-11-23,70CDCR21FR0000003,70CDCR20D00000008,Delivery Order,P00006,yes,"THE GEO GROUP, INC.",JMLKZZ1NL2Z6,3JMR1,8608698.45,52068498.10,52068498.10,2020-11-03,2021-12-19,2022-03-30,DETENTION COMPLIANCE AND REMOVALS,,Full And Open Competition,,Negotiated Proposal/Quote,,S206,Guard Services,561612,Security Guards and Patrol Services ,INCREASE AVAILABLE FUNDS ON THE SUBJECT TASK ORDER FOR DETENTION SERVICES AT MESA VERDE AND GOLDEN STATE FACILITY,TO ESTABLISH A NEW TASK ORDER FOR DETENTION SERVICES AT MESA VERDE AND GOLDEN STATE FACILITY,https://www.usaspending.gov/award/CONT_AWD_70CDCR21FR0000003_7012_70CDCR20D00000008_7012
d44b1d1f7395111ae1ef6319d4448b3e04e9fb61519ef7b4cd1ff23feea086d8,ICE,Biden,ICE detention services,2021-11-23,70CDCR21FR0000059,70CDCR21D00000004,Delivery Order,P00002,yes,"THE GEO GROUP, INC.",JMLKZZ1NL2Z6,3JMR1,4907300.00,34417491.34,34417491.34,2021-08-30,2022-08-31,2023-01-27,DETENTION COMPLIANCE AND REMOVALS,,Full And Open Competition,,Negotiated Proposal/Quote,,S206,Guard Services,561612,Security Guards and Patrol Services ,MIA AOR IMMIGRATION DETENTION AND TRANSPORTATION SERVICES,MIA AOR IMMIGRATION DETENTION AND TRANSPORTATION SERVICES,https://www.usaspending.gov/award/CONT_AWD_70CDCR21FR0000059_7012_70CDCR21D00000004_7012
d731a7b03055929118fe8a121082a68397d08e64acdbf57a5a42911a1c6deb5b,ICE,Biden,ICE detention services,2021-11-24,70CDCR21FR0000004,70CDCR20D00000009,Delivery Order,P00007,yes,"THE GEO GROUP, INC.",JMLKZZ1NL2Z6,3JMR1,9135300.00,110740019.25,110740019.25,2020-11-04,2021-12-19,2021-12-19,DETENTION COMPLIANCE AND REMOVALS,,Full And Open Competition,,Negotiated Proposal/Quote,,S206,Guard Services,561612,Security Guards and Patrol Services ,TO ADD FUNDING FOR DETENTION AND TRANSPORTATION SERVICES IN THE LOS ANGELES AREA OF RESPONSIBILITY,TASK ORDER IS TO PROVIDE FUNDING FOR DETENTION TRANSPORTATION AND MEDICAL SERVICES IN THE LOS ANGELES AREA OF RESPONSIBILITY,https://www.usaspending.gov/award/CONT_AWD_70CDCR21FR0000004_7012_70CDCR20D00000009_7012
561a13c70bfa1d14f6aeef7f3b94fd9ada97b56ae544f4a9584fd4cf54a4ba97,ICE,Biden,ICE detention services,2021-11-24,70CDCR21FR0000057,HSCEDM17D00009,Delivery Order,P00004,yes,"THE GEO GROUP, INC.",JMLKZZ1NL2Z6,3JMR1,2721193.62,39294732.79,39294732.79,2021-08-17,2022-08-17,2022-08-17,DETENTION COMPLIANCE AND REMOVALS,,Full And Open Competition,,Negotiated Proposal/Quote,HSCEDM15R00004,S206,Guard Services,561210,Facilities Support Services,MONTGOMERY PROCESSING CENTER DETENTION SERVICES,MONTGOMERY PROCESSING CENTER DETENTION SERVICES,https://www.usaspending.gov/award/CONT_AWD_70CDCR21FR0000057_7012_HSCEDM17D00009_7012
99e20256d27d73901e3ca2bfd1c8e7fca055a753d18b9a90dd40d4d8ad3cb9f8,ICE,Biden,ICE detention services,2021-11-29,70CDCR21FR0000051,70CDCR20D00000012,Delivery Order,P00004,yes,"THE GEO GROUP, INC.",JMLKZZ1NL2Z6,3JMR1,3818012.99,52818941.99,52818941.99,2021-08-06,2022-08-05,2022-08-05,DETENTION COMPLIANCE AND REMOVALS,,Full And Open Competition,,Negotiated Proposal/Quote,,S206,Guard Services,922140,Correctional Institutions ,SOUTH TEXAS DETENTION COMPLEX FUNDING,"SOUTH TEXAS DETENTION COMPLEX NEW TASK ORDER AWARD: TBD POP 06 AUG 2021 - 05 AUG 2022. FUNDING THROUGH 30 SEPTEMBER 2021.

COR RANDY LECOMPTE
ACOR: MICHAEL SHERDIAN",https://www.usaspending.gov/award/CONT_AWD_70CDCR21FR0000051_7012_70CDCR20D00000012_7012
99fa7ac8c645f2668586d09f13d29e5cb6de6579b84cb15bce3b4874bdeb5c4b,ICE,Biden,ICE detention services,2021-12-01,70CDCR22FR0000002,HSCEDM15D00015,Delivery Order,P00001,yes,"THE GEO GROUP, INC.",JMLKZZ1NL2Z6,3JMR1,0.00,65941447.91,65941447.91,2021-10-27,2022-10-27,2022-11-26,DETENTION COMPLIANCE AND REMOVALS,,Full And Open Competition,,Negotiated Proposal/Quote,HSCEDM15R00001,S206,Guard Services,561210,Facilities Support Services,DETENTION AND TRANSPORTATION SERVICES NORTHWEST DETENTION CENTER TACOMA,DETENTION AND TRANSPORTATION SERVICES NORTHWEST DETENTION CENTER TACOMA,https://www.usaspending.gov/award/CONT_AWD_70CDCR22FR0000002_7012_HSCEDM15D00015_7012
b9251cdd38d487b6e060f89ec5335e11964c012e71e15c63a084f42c3efc2ac8,ICE,Biden,ICE detention services,2021-12-06,70CDCR21FC0000008,HSCEDM14A00001,BPA Call,P00006,yes,"THE GEO GROUP, INC.",JMLKZZ1NL2Z6,3JMR1,596087.60,4862448.88,4862448.88,2021-04-01,2022-03-31,2023-03-08,DETENTION COMPLIANCE AND REMOVALS,,Competed Under Simplified Acquisition Procedures,1,Simplified Acquisition,,S206,Guard Services,922140,Correctional Institutions ,DETENTION SERVICES FOR RIO GRANDE DETENTION CENTER,DETENTION SERVICES FOR RIO GRANDE DETENTION CENTER,https://www.usaspending.gov/award/CONT_AWD_70CDCR21FC0000008_7012_HSCEDM14A00001_7012
fb964f7085f0098d6a5efe36f85182c6b455bd2707dc23a6b595e4f79ef49415,ICE,Biden,ICE detention services,2021-12-07,70CDCR21FR0000057,HSCEDM17D00009,Delivery Order,P00005,yes,"THE GEO GROUP, INC.",JMLKZZ1NL2Z6,3JMR1,2747927.41,39294732.79,39294732.79,2021-08-17,2022-08-17,2022-08-17,DETENTION COMPLIANCE AND REMOVALS,,Full And Open Competition,,Negotiated Proposal/Quote,HSCEDM15R00004,S206,Guard Services,561210,Facilities Support Services,MONTGOMERY PROCESSING CENTER DETENTION SERVICES,MONTGOMERY PROCESSING CENTER DETENTION SERVICES,https://www.usaspending.gov/award/CONT_AWD_70CDCR21FR0000057_7012_HSCEDM17D00009_7012
cbc61628921413e22d64924618cb7bbbabd381fd06f14d561a881a8a5b7c80c0,ICE,Biden,ICE detention services,2021-12-07,70CDCR21FR0000057,HSCEDM17D00009,Delivery Order,P00006,yes,"THE GEO GROUP, INC.",JMLKZZ1NL2Z6,3JMR1,0.00,39294732.79,39294732.79,2021-08-17,2022-08-17,2022-08-17,DETENTION COMPLIANCE AND REMOVALS,,Full And Open Competition,,Negotiated Proposal/Quote,HSCEDM15R00004,S206,Guard Services,561210,Facilities Support Services,MONTGOMERY PROCESSING CENTER DETENTION SERVICES,MONTGOMERY PROCESSING CENTER DETENTION SERVICES,https://www.usaspending.gov/award/CONT_AWD_70CDCR21FR0000057_7012_HSCEDM17D00009_7012
cd58f2f2abdda65abec9fcbb15c982e582b59e9ce3b0267c1043f9f3a1c40c97,ICE,Biden,ICE detention services,2021-12-09,70CDCR21FR0000003,70CDCR20D00000008,Delivery Order,P00007,yes,"THE GEO GROUP, INC.",JMLKZZ1NL2Z6,3JMR1,2799467.00,52068498.10,52068498.10,2020-11-03,2021-12-19,2022-03-30,DETENTION COMPLIANCE AND REMOVALS,,Full And Open Competition,,Negotiated Proposal/Quote,,S206,Guard Services,561612,Security Guards and Patrol Services ,INCREASE AVAILABLE FUNDS ON THE SUBJECT TASK ORDER FOR DETENTION SERVICES AT MESA VERDE AND GOLDEN STATE FACILITY,TO ESTABLISH A NEW TASK ORDER FOR DETENTION SERVICES AT MESA VERDE AND GOLDEN STATE FACILITY,https://www.usaspending.gov/award/CONT_AWD_70CDCR21FR0000003_7012_70CDCR20D00000008_7012
ed59084a6cd4a94bf15e85cb25db3dd4b7616506a9c840f3510d76fc6246f7a8,ICE,Biden,ICE detention services,2021-12-09,70CDCR21FR0000004,70CDCR20D00000009,Delivery Order,P00008,yes,"THE GEO GROUP, INC.",JMLKZZ1NL2Z6,3JMR1,6137300.00,110740019.25,110740019.25,2020-11-04,2021-12-19,2021-12-19,DETENTION COMPLIANCE AND REMOVALS,,Full And Open Competition,,Negotiated Proposal/Quote,,S206,Guard Services,561612,Security Guards and Patrol Services ,TO ADD FUNDING FOR DETENTION SERVICES IN THE LOS ANGELES AREA OF RESPONSIBILITY,TASK ORDER IS TO PROVIDE FUNDING FOR DETENTION TRANSPORTATION AND MEDICAL SERVICES IN THE LOS ANGELES AREA OF RESPONSIBILITY,https://www.usaspending.gov/award/CONT_AWD_70CDCR21FR0000004_7012_70CDCR20D00000009_7012
03b3014f101f58f58a6d8cc00381444b50b3fbc6e79012cc40bfaeea5553a7d5,ICE,Biden,ICE detention services,2021-12-14,70CDCR21FR0000059,70CDCR21D00000004,Delivery Order,P00003,yes,"THE GEO GROUP, INC.",JMLKZZ1NL2Z6,3JMR1,2254100.00,34417491.34,34417491.34,2021-08-30,2022-08-31,2023-01-27,DETENTION COMPLIANCE AND REMOVALS,,Full And Open Competition,,Negotiated Proposal/Quote,,S206,Guard Services,561612,Security Guards and Patrol Services ,MIA AOR IMMIGRATION DETENTION AND TRANSPORTATION SERVICES,MIA AOR IMMIGRATION DETENTION AND TRANSPORTATION SERVICES,https://www.usaspending.gov/award/CONT_AWD_70CDCR21FR0000059_7012_70CDCR21D00000004_7012
33a3b04953f9e3efc9fa38d57ce65c4985965000efce3ec650d729c39fc4e7a7,ICE,Biden,ICE detention services,2021-12-15,70CDCR22FR0000002,HSCEDM15D00015,Delivery Order,P00002,yes,"THE GEO GROUP, INC.",JMLKZZ1NL2Z6,3JMR1,245936.16,65941447.91,65941447.91,2021-10-27,2022-10-27,2022-11-26,DETENTION COMPLIANCE AND REMOVALS,,Full And Open Competition,,Negotiated Proposal/Quote,HSCEDM15R00001,S206,Guard Services,561210,Facilities Support Services,INCREASING BED DAY AND MEAL FUNDING FOR DETENTION AND TRANSPORTATION SERVICES NORTHWEST DETENTION CENTER TACOMA,DETENTION AND TRANSPORTATION SERVICES NORTHWEST DETENTION CENTER TACOMA,https://www.usaspending.gov/award/CONT_AWD_70CDCR22FR0000002_7012_HSCEDM15D00015_7012
d60ec0f885b4a9caeaa120ad1be5a00894b63e50e3d059a6d6d1bc954f988819,ICE,Biden,ICE detention services,2021-12-16,70CDCR20FC0000013,HSCEDM14A00001,BPA Call,P00008,yes,"THE GEO GROUP, INC.",JMLKZZ1NL2Z6,3JMR1,-107601.13,3716630.53,3716630.53,2020-03-19,2021-03-31,2022-01-15,DETENTION COMPLIANCE AND REMOVALS,,Competed Under Simplified Acquisition Procedures,1,Simplified Acquisition,,S206,Guard Services,922140,Correctional Institutions ,RIO GRANDE DETENTION CENTER SERVICES,RIO GRANDE DETENTION CENTER SERVICES,https://www.usaspending.gov/award/CONT_AWD_70CDCR20FC0000013_7012_HSCEDM14A00001_7012
7608aae71f1fb14680283110bfd069815f4cd82bbe40ca932b2b0755b78bb04b,ICE,Biden,ICE detention services,2021-12-20,70CDCR21FR0000057,HSCEDM17D00009,Delivery Order,P00007,yes,"THE GEO GROUP, INC.",JMLKZZ1NL2Z6,3JMR1,486400.00,39294732.79,39294732.79,2021-08-17,2022-08-17,2022-08-17,DETENTION COMPLIANCE AND REMOVALS,,Full And Open Competition,,Negotiated Proposal/Quote,HSCEDM15R00004,S206,Guard Services,561210,Facilities Support Services,MONTGOMERY PROCESSING CENTER DETENTION SERVICES,MONTGOMERY PROCESSING CENTER DETENTION SERVICES,https://www.usaspending.gov/award/CONT_AWD_70CDCR21FR0000057_7012_HSCEDM17D00009_7012
d159ab95de9bdbab634b9974c2d776b79942766a2b77763b586990cc60283e49,ICE,Biden,ICE detention services,2021-12-20,70CDCR22FR0000010,70CDCR20D00000009,Delivery Order,0,no,"THE GEO GROUP, INC.",JMLKZZ1NL2Z6,3JMR1,8190496.19,122464905.00,122464905.00,2021-12-20,2022-12-19,2022-12-19,DETENTION COMPLIANCE AND REMOVALS,,Full And Open Competition,,Negotiated Proposal/Quote,,S206,Guard Services,561612,Security Guards and Patrol Services ,TASK ORDER TO PROVIDE DETENTION SERVICES IN LOS ANGELES AREA OF RESPONSIBILITY,TASK ORDER TO PROVIDE DETENTION SERVICES IN LOS ANGELES AREA OF RESPONSIBILITY,https://www.usaspending.gov/award/CONT_AWD_70CDCR22FR0000010_7012_70CDCR20D00000009_7012
81917ac947348271ca28f6697527b223b6f9eb18fede7cfd097ff38b26e28c41,ICE,Biden,ICE detention services,2021-12-20,70CDCR22FR0000012,70CDCR20D00000008,Delivery Order,0,no,"THE GEO GROUP, INC.",JMLKZZ1NL2Z6,3JMR1,4645599.40,52913469.21,52913469.21,2021-12-20,2022-12-19,2022-12-19,DETENTION COMPLIANCE AND REMOVALS,,Full And Open Competition,,Negotiated Proposal/Quote,,S206,Guard Services,561612,Security Guards and Patrol Services ,"TASK ORDER FOR DETENTION SERVICES AT MESA VERDE AND GOLDEN STATE FACILITIES, CA","TASK ORDER FOR DETENTION SERVICES AT MESA VERDE AND GOLDEN STATE FACILITIES, CA",https://www.usaspending.gov/award/CONT_AWD_70CDCR22FR0000012_7012_70CDCR20D00000008_7012
81ca25b47a026f44b1f0bf6c96036fa963fc2f165b3587f0aabc8031bf432970,ICE,Biden,ICE ISAP/electronic monitoring,2021-12-21,70CDCR21FR0000044,70CDCR20D00000011,Delivery Order,P00005,yes,B.I. INCORPORATED,PKK6L9KLMYR5,3CUH9,0.00,300396838.93,300396838.93,2021-08-01,2022-07-31,2025-07-31,DETENTION COMPLIANCE AND REMOVALS,,Full And Open Competition,,Negotiated Proposal/Quote,,R408,Program Management/Support Services,561210,Facilities Support Services,INTENSIVE SUPERVISION APPEARANCE PROGRAM (ISAP IV),INTENSIVE SUPERVISION APPEARANCE PROGRAM (ISAP IV),https://www.usaspending.gov/award/CONT_AWD_70CDCR21FR0000044_7012_70CDCR20D00000011_7012
7f11455bf90f555ea2446c5ddfdf59c8ffa052aaf6ee8b8e241eb2ef8b5ff4e7,ICE,Biden,ICE detention services,2021-12-21,70CDCR21FR0000051,70CDCR20D00000012,Delivery Order,P00005,yes,"THE GEO GROUP, INC.",JMLKZZ1NL2Z6,3JMR1,4424933.00,52818941.99,52818941.99,2021-08-06,2022-08-05,2022-08-05,DETENTION COMPLIANCE AND REMOVALS,,Full And Open Competition,,Negotiated Proposal/Quote,,S206,Guard Services,922140,Correctional Institutions ,SOUTH TEXAS DETENTION COMPLEX FUNDING,"SOUTH TEXAS DETENTION COMPLEX NEW TASK ORDER AWARD: TBD POP 06 AUG 2021 - 05 AUG 2022. FUNDING THROUGH 30 SEPTEMBER 2021.

COR RANDY LECOMPTE
ACOR: MICHAEL SHERDIAN",https://www.usaspending.gov/award/CONT_AWD_70CDCR21FR0000051_7012_70CDCR20D00000012_7012
96cd8148ea19fe78dbe5091037f91f65e9c9663098489f044b0b600bf56a871a,ICE,Biden,ICE detention services,2021-12-22,70CDCR22FR0000002,HSCEDM15D00015,Delivery Order,P00003,yes,"THE GEO GROUP, INC.",JMLKZZ1NL2Z6,3JMR1,204099.18,65941447.91,65941447.91,2021-10-27,2022-10-27,2022-11-26,DETENTION COMPLIANCE AND REMOVALS,,Full And Open Competition,,Negotiated Proposal/Quote,HSCEDM15R00001,S206,Guard Services,561210,Facilities Support Services,INCREASING BED DAY GM AND REMOTE POST FUNDING FOR DETENTION AND TRANSPORTATION SERVICES NORTHWEST DETENTION CENTER TACOMA,DETENTION AND TRANSPORTATION SERVICES NORTHWEST DETENTION CENTER TACOMA,https://www.usaspending.gov/award/CONT_AWD_70CDCR22FR0000002_7012_HSCEDM15D00015_7012
3a44f446e874383f3a4490f09fcb635e354127aa371b7013b725162970c1e3d2,ICE,Biden,ICE detention services,2022-01-03,70CDCR21FR0000059,70CDCR21D00000004,Delivery Order,P00004,yes,"THE GEO GROUP, INC.",JMLKZZ1NL2Z6,3JMR1,511100.00,34417491.34,34417491.34,2021-08-30,2022-08-31,2023-01-27,DETENTION COMPLIANCE AND REMOVALS,,Full And Open Competition,,Negotiated Proposal/Quote,,S206,Guard Services,561612,Security Guards and Patrol Services ,MIA AOR IMMIGRATION DETENTION AND TRANSPORTATION SERVICES,MIA AOR IMMIGRATION DETENTION AND TRANSPORTATION SERVICES,https://www.usaspending.gov/award/CONT_AWD_70CDCR21FR0000059_7012_70CDCR21D00000004_7012
f3deac00898112a4908d5a483d077914248105f357abd1f8978f48bb53e82179,ICE,Biden,ICE detention services,2022-01-18,70CDCR21FC0000008,HSCEDM14A00001,BPA Call,P00007,yes,"THE GEO GROUP, INC.",JMLKZZ1NL2Z6,3JMR1,0.00,4862448.88,4862448.88,2021-04-01,2022-03-31,2023-03-08,DETENTION COMPLIANCE AND REMOVALS,,Competed Under Simplified Acquisition Procedures,1,Simplified Acquisition,,S206,Guard Services,922140,Correctional Institutions ,DETENTION SERVICES FOR RIO GRANDE DETENTION CENTER,DETENTION SERVICES FOR RIO GRANDE DETENTION CENTER,https://www.usaspending.gov/award/CONT_AWD_70CDCR21FC0000008_7012_HSCEDM14A00001_7012
0c23868e8c68cb3c4f61762094a32efd88fa400b968542ff515c0d60d9a963be,ICE,Biden,ICE detention services,2022-01-20,70CDCR21FR0000059,70CDCR21D00000004,Delivery Order,P00005,yes,"THE GEO GROUP, INC.",JMLKZZ1NL2Z6,3JMR1,3372800.00,34417491.34,34417491.34,2021-08-30,2022-08-31,2023-01-27,DETENTION COMPLIANCE AND REMOVALS,,Full And Open Competition,,Negotiated Proposal/Quote,,S206,Guard Services,561612,Security Guards and Patrol Services ,MIA AOR IMMIGRATION DETENTION AND TRANSPORTATION SERVICES,MIA AOR IMMIGRATION DETENTION AND TRANSPORTATION SERVICES,https://www.usaspending.gov/award/CONT_AWD_70CDCR21FR0000059_7012_70CDCR21D00000004_7012
484ca1fdeca6e5ca4adc7e842fe300a277bb4e5ad55938538f6cc5d71afb7076,ICE,Biden,ICE detention services,2022-01-20,70CDCR22FR0000001,70CDCR22D00000001,Delivery Order,P00001,yes,"THE GEO GROUP, INC.",JMLKZZ1NL2Z6,3JMR1,3731332.32,43859762.34,43859762.34,2021-10-19,2022-10-15,2022-10-15,DETENTION COMPLIANCE AND REMOVALS,,Full And Open Competition,,Negotiated Proposal/Quote,,S206,Guard Services,561210,Facilities Support Services,"DETENTION, TRANSPORTATION AND MEDICAL SERVICES FOR DENVER (AURORA) CONTRACT DETENTION FACILITY","DETENTION, TRANSPORTATION AND MEDICAL SERVICES FOR DENVER (AURORA) CONTRACT DETENTION FACILITY",https://www.usaspending.gov/award/CONT_AWD_70CDCR22FR0000001_7012_70CDCR22D00000001_7012
dc06c495aa7684d3e3ffd5e79cd120c90c94c2c9e7487ba073732ef447d67fca,ICE,Biden,ICE detention services,2022-01-24,70CDCR22FR0000012,70CDCR20D00000008,Delivery Order,P00001,yes,"THE GEO GROUP, INC.",JMLKZZ1NL2Z6,3JMR1,3429499.72,52913469.21,52913469.21,2021-12-20,2022-12-19,2022-12-19,DETENTION COMPLIANCE AND REMOVALS,,Full And Open Competition,,Negotiated Proposal/Quote,,S206,Guard Services,561612,Security Guards and Patrol Services ,INCREMENTALLY FUNDING FOR DETENTION SERVICES AT MESA VERDE AND GOLDEN STATE FACILITIES.,"TASK ORDER FOR DETENTION SERVICES AT MESA VERDE AND GOLDEN STATE FACILITIES, CA",https://www.usaspending.gov/award/CONT_AWD_70CDCR22FR0000012_7012_70CDCR20D00000008_7012
53ad9bc3e054d3a110da49f3274c82282e02c5ccab34f0c13c85d0dbb3cb306c,ICE,Biden,ICE detention services,2022-01-26,70CDCR21FR0000051,70CDCR20D00000012,Delivery Order,P00006,yes,"THE GEO GROUP, INC.",JMLKZZ1NL2Z6,3JMR1,4511822.15,52818941.99,52818941.99,2021-08-06,2022-08-05,2022-08-05,DETENTION COMPLIANCE AND REMOVALS,,Full And Open Competition,,Negotiated Proposal/Quote,,S206,Guard Services,922140,Correctional Institutions ,SOUTH TEXAS DETENTION COMPLEX FUNDING,"SOUTH TEXAS DETENTION COMPLEX NEW TASK ORDER AWARD: TBD POP 06 AUG 2021 - 05 AUG 2022. FUNDING THROUGH 30 SEPTEMBER 2021.

COR RANDY LECOMPTE
ACOR: MICHAEL SHERDIAN",https://www.usaspending.gov/award/CONT_AWD_70CDCR21FR0000051_7012_70CDCR20D00000012_7012
4d20cfff0366c742ac490c08cb97c49354a88b4470ff7b2d876725e731ebd2e3,ICE,Biden,ICE detention services,2022-01-26,70CDCR22FR0000002,HSCEDM15D00015,Delivery Order,P00004,yes,"THE GEO GROUP, INC.",JMLKZZ1NL2Z6,3JMR1,10244149.02,65941447.91,65941447.91,2021-10-27,2022-10-27,2022-11-26,DETENTION COMPLIANCE AND REMOVALS,,Full And Open Competition,,Negotiated Proposal/Quote,HSCEDM15R00001,S206,Guard Services,561210,Facilities Support Services,"FUNDING FOR BED DAY GM, TRANSPORTATION, FUEL, REMOTE POST, AND SNACKS FOR NORTHWEST DETENTION CENTER TACOMA",DETENTION AND TRANSPORTATION SERVICES NORTHWEST DETENTION CENTER TACOMA,https://www.usaspending.gov/award/CONT_AWD_70CDCR22FR0000002_7012_HSCEDM15D00015_7012
7173418b149d92cbcb677f45ffb148e1f86628eeee7d3cc1a6691f708205c5ea,ICE,Biden,ICE detention services,2022-01-26,70CDCR22FR0000010,70CDCR20D00000009,Delivery Order,P00001,yes,"THE GEO GROUP, INC.",JMLKZZ1NL2Z6,3JMR1,8502509.88,122464905.00,122464905.00,2021-12-20,2022-12-19,2022-12-19,DETENTION COMPLIANCE AND REMOVALS,,Full And Open Competition,,Negotiated Proposal/Quote,,S206,Guard Services,561612,Security Guards and Patrol Services ,TO ADD FUNDING FOR DETENTION SERVICES IN THE LOS ANGELES AREA OF RESPONSIBILITY,TASK ORDER TO PROVIDE DETENTION SERVICES IN LOS ANGELES AREA OF RESPONSIBILITY,https://www.usaspending.gov/award/CONT_AWD_70CDCR22FR0000010_7012_70CDCR20D00000009_7012
ab193b578dd43ad12ab0219c147afb58de99cc25e4026e1f0f5ff9ed2e5690db,ICE,Biden,ICE detention services,2022-01-27,70CDCR21FC0000008,HSCEDM14A00001,BPA Call,P00008,yes,"THE GEO GROUP, INC.",JMLKZZ1NL2Z6,3JMR1,363215.40,4862448.88,4862448.88,2021-04-01,2022-03-31,2023-03-08,DETENTION COMPLIANCE AND REMOVALS,,Competed Under Simplified Acquisition Procedures,1,Simplified Acquisition,,S206,Guard Services,922140,Correctional Institutions ,DETENTION SERVICES FOR RIO GRANDE DETENTION CENTER,DETENTION SERVICES FOR RIO GRANDE DETENTION CENTER,https://www.usaspending.gov/award/CONT_AWD_70CDCR21FC0000008_7012_HSCEDM14A00001_7012
848846db887b8f0863261ad8e7468e43d4a86d5d8c1cd61451866e21a7561432,ICE,Biden,ICE detention services,2022-01-27,70CDCR21FR0000057,HSCEDM17D00009,Delivery Order,P00008,yes,"THE GEO GROUP, INC.",JMLKZZ1NL2Z6,3JMR1,3336795.70,39294732.79,39294732.79,2021-08-17,2022-08-17,2022-08-17,DETENTION COMPLIANCE AND REMOVALS,,Full And Open Competition,,Negotiated Proposal/Quote,HSCEDM15R00004,S206,Guard Services,561210,Facilities Support Services,MONTGOMERY PROCESSING CENTER DETENTION SERVICES,MONTGOMERY PROCESSING CENTER DETENTION SERVICES,https://www.usaspending.gov/award/CONT_AWD_70CDCR21FR0000057_7012_HSCEDM17D00009_7012
a62f260d53ab2fb5b16b34f3e5629338d3c2da5c858a8f4699a63580bef4b68f,ICE,Biden,ICE detention services,2022-02-09,70CDCR20FC0000019,70CDCR18A00000007,BPA Call,P00004,yes,"THE GEO GROUP, INC.",JMLKZZ1NL2Z6,3JMR1,-204863.43,724669.57,724669.57,2020-07-23,2021-07-22,2022-03-11,DETENTION COMPLIANCE AND REMOVALS,,Competed Under Simplified Acquisition Procedures,1,Simplified Acquisition,,S206,Guard Services,922140,Correctional Institutions ,DETAINEE BED DAYS AT THE ROBERT A. DEYTON DETENTION FACILITY,DETAINEE BED DAYS AT THE ROBERT A. DEYTON DETENTION FACILITY,https://www.usaspending.gov/award/CONT_AWD_70CDCR20FC0000019_7012_70CDCR18A00000007_7012
2e9b0cefb6121436a7c996b5df499b103a28b67acb0cf82112f81323c5ffaedc,ICE,Biden,ICE detention services,2022-02-17,70CDCR22FR0000002,HSCEDM15D00015,Delivery Order,P00005,yes,"THE GEO GROUP, INC.",JMLKZZ1NL2Z6,3JMR1,2811629.73,65941447.91,65941447.91,2021-10-27,2022-10-27,2022-11-26,DETENTION COMPLIANCE AND REMOVALS,,Full And Open Competition,,Negotiated Proposal/Quote,HSCEDM15R00001,S206,Guard Services,561210,Facilities Support Services,"FUNDING FOR BED DAY GM, TRANSPORTATION, FUEL, AND REMOTE POST FOR NORTHWEST DETENTION CENTER TACOMA",DETENTION AND TRANSPORTATION SERVICES NORTHWEST DETENTION CENTER TACOMA,https://www.usaspending.gov/award/CONT_AWD_70CDCR22FR0000002_7012_HSCEDM15D00015_7012
c0b1b176b10d50d285a163ef6d8f1c3c0d756d9c5fb3f63bc7be9d4365109919,ICE,Biden,ICE detention services,2022-02-18,70CDCR21FR0000059,70CDCR21D00000004,Delivery Order,P00006,yes,"THE GEO GROUP, INC.",JMLKZZ1NL2Z6,3JMR1,3071600.00,34417491.34,34417491.34,2021-08-30,2022-08-31,2023-01-27,DETENTION COMPLIANCE AND REMOVALS,,Full And Open Competition,,Negotiated Proposal/Quote,,S206,Guard Services,561612,Security Guards and Patrol Services ,MIA AOR IMMIGRATION DETENTION AND TRANSPORTATION SERVICES,MIA AOR IMMIGRATION DETENTION AND TRANSPORTATION SERVICES,https://www.usaspending.gov/award/CONT_AWD_70CDCR21FR0000059_7012_70CDCR21D00000004_7012
f5d08b27d9d72903f6985f6cbc4fc176794314c6915b36ffdff9a382637684ab,ICE,Biden,ICE detention services,2022-02-28,70CDCR21FR0000001,15M40018DA3500001,Delivery Order,P00001,yes,"THE GEO GROUP, INC.",JMLKZZ1NL2Z6,3JMR1,-1884.84,116.76,116.76,2020-10-01,2021-09-30,2021-09-30,DETENTION COMPLIANCE AND REMOVALS,,Competed Under Simplified Acquisition Procedures,,Simplified Acquisition,,S206,Guard Services,561210,Facilities Support Services,CLOSEOUT TASK ORDER FOR DETENTION AND GUARD SERVICES,DETENTION AND GUARD SERVICES,https://www.usaspending.gov/award/CONT_AWD_70CDCR21FR0000001_7012_15M40018DA3500001_1544
34d11e7207689e4508719c3473986d4f45fd0d48ad16fa4d2e2ee83ac85c8eff,ICE,Biden,ICE detention services,2022-02-28,70CDCR21FR0000003,70CDCR20D00000008,Delivery Order,P00008,yes,"THE GEO GROUP, INC.",JMLKZZ1NL2Z6,3JMR1,-481271.74,52068498.10,52068498.10,2020-11-03,2021-12-19,2022-03-30,DETENTION COMPLIANCE AND REMOVALS,,Full And Open Competition,,Negotiated Proposal/Quote,,S206,Guard Services,561612,Security Guards and Patrol Services ,DEOBLIGATION AND CLOSEOUT,TO ESTABLISH A NEW TASK ORDER FOR DETENTION SERVICES AT MESA VERDE AND GOLDEN STATE FACILITY,https://www.usaspending.gov/award/CONT_AWD_70CDCR21FR0000003_7012_70CDCR20D00000008_7012
122b637b799d14d2724dec2fb5be144a7a56a2468db9ededfffb9ee0326c56e5,ICE,Biden,ICE detention services,2022-02-28,70CDCR22FR0000001,70CDCR22D00000001,Delivery Order,P00002,yes,"THE GEO GROUP, INC.",JMLKZZ1NL2Z6,3JMR1,3670393.34,43859762.34,43859762.34,2021-10-19,2022-10-15,2022-10-15,DETENTION COMPLIANCE AND REMOVALS,,Full And Open Competition,,Negotiated Proposal/Quote,,S206,Guard Services,561210,Facilities Support Services,"INCREMENTAL FUNDING FOR DETENTION, TRANSPORTATION AND MEDICAL SERVICES FOR DENVER (AURORA) CONTRACT DETENTION FACILITY","DETENTION, TRANSPORTATION AND MEDICAL SERVICES FOR DENVER (AURORA) CONTRACT DETENTION FACILITY",https://www.usaspending.gov/award/CONT_AWD_70CDCR22FR0000001_7012_70CDCR22D00000001_7012
95f10e6b854aeddf4e04ecaff6f2791bdd08030ed4aea7a7287e2e1590f2b3b7,ICE,Biden,ICE detention services,2022-03-01,70CDCR21FR0000051,70CDCR20D00000012,Delivery Order,P00007,yes,"THE GEO GROUP, INC.",JMLKZZ1NL2Z6,3JMR1,4260832.54,52818941.99,52818941.99,2021-08-06,2022-08-05,2022-08-05,DETENTION COMPLIANCE AND REMOVALS,,Full And Open Competition,,Negotiated Proposal/Quote,,S206,Guard Services,922140,Correctional Institutions ,SOUTH TEXAS DETENTION COMPLEX FUNDING,"SOUTH TEXAS DETENTION COMPLEX NEW TASK ORDER AWARD: TBD POP 06 AUG 2021 - 05 AUG 2022. FUNDING THROUGH 30 SEPTEMBER 2021.

COR RANDY LECOMPTE
ACOR: MICHAEL SHERDIAN",https://www.usaspending.gov/award/CONT_AWD_70CDCR21FR0000051_7012_70CDCR20D00000012_7012
3fdde38cd778c0405338c6b0a9de4abb1b9c71b6b6a87b98c0a2d320f8c7103e,ICE,Biden,ICE detention services,2022-03-01,70CDCR22FR0000012,70CDCR20D00000008,Delivery Order,P00002,yes,"THE GEO GROUP, INC.",JMLKZZ1NL2Z6,3JMR1,6858915.78,52913469.21,52913469.21,2021-12-20,2022-12-19,2022-12-19,DETENTION COMPLIANCE AND REMOVALS,,Full And Open Competition,,Negotiated Proposal/Quote,,S206,Guard Services,561612,Security Guards and Patrol Services ,INCREMENTAL FUNDING FOR DETENTION SERVICES AT MESA VERDE AND GOLDEN STATE FACILITIES.,"TASK ORDER FOR DETENTION SERVICES AT MESA VERDE AND GOLDEN STATE FACILITIES, CA",https://www.usaspending.gov/award/CONT_AWD_70CDCR22FR0000012_7012_70CDCR20D00000008_7012
112e2e819ef9b4081f4a0f6f9050099a1d20fd0979127398e85214e9390174c5,ICE,Biden,ICE detention services,2022-03-02,70CDCR21FR0000057,HSCEDM17D00009,Delivery Order,P00009,yes,"THE GEO GROUP, INC.",JMLKZZ1NL2Z6,3JMR1,3429052.43,39294732.79,39294732.79,2021-08-17,2022-08-17,2022-08-17,DETENTION COMPLIANCE AND REMOVALS,,Full And Open Competition,,Negotiated Proposal/Quote,HSCEDM15R00004,S206,Guard Services,561210,Facilities Support Services,MONTGOMERY PROCESSING CENTER DETENTION SERVICES,MONTGOMERY PROCESSING CENTER DETENTION SERVICES,https://www.usaspending.gov/award/CONT_AWD_70CDCR21FR0000057_7012_HSCEDM17D00009_7012
5a29639ff27adbffe83c385a3a37a8dd420b00d62c60bdaae1401bfbde648706,ICE,Biden,ICE detention services,2022-03-08,70CDCR22FR0000010,70CDCR20D00000009,Delivery Order,P00002,yes,"THE GEO GROUP, INC.",JMLKZZ1NL2Z6,3JMR1,7239649.88,122464905.00,122464905.00,2021-12-20,2022-12-19,2022-12-19,DETENTION COMPLIANCE AND REMOVALS,,Full And Open Competition,,Negotiated Proposal/Quote,,S206,Guard Services,561612,Security Guards and Patrol Services ,TO ADD FUNDING FOR DETENTION SERVICES IN THE LOS ANGELES AREA OF RESPONSIBILITY,TASK ORDER TO PROVIDE DETENTION SERVICES IN LOS ANGELES AREA OF RESPONSIBILITY,https://www.usaspending.gov/award/CONT_AWD_70CDCR22FR0000010_7012_70CDCR20D00000009_7012
7a0a6e4044ad19b2896f863ff762ea7e346d0840d27bc9e792a2e96514670310,ICE,Biden,ICE detention services,2022-03-14,70CDCR22FC0000011,HSCEDM14A00001,BPA Call,0,no,"THE GEO GROUP, INC.",JMLKZZ1NL2Z6,3JMR1,435864.92,4136141.62,4136141.62,2022-04-01,2023-03-31,2023-06-29,DETENTION COMPLIANCE AND REMOVALS,,Competed Under Simplified Acquisition Procedures,1,Simplified Acquisition,,S206,Guard Services,922140,Correctional Institutions ,FUNDING FOR RIO GRANDE FACILITY WITH GEO GROUP UNDER DOJ NUMBER ODT-7-C-0003.  NEW TASK ORDER .  (POP 4/1/22 - 3/31/23)  COR:  JOSE LONGORIA,"FUNDING FOR RIO GRANDE FACILITY WITH GEO GROUP UNDER DOJ NUMBER ODT-7-C-0003. NEW TASK ORDER . (POP 4/1/22 - 3/31/23)

COR: JOSE LONGORIA",https://www.usaspending.gov/award/CONT_AWD_70CDCR22FC0000011_7012_HSCEDM14A00001_7012
cdc04d826eb12c0f311952455009a9efcfa14ed5ea7f7c202b210a509fde0a88,ICE,Biden,ICE detention services,2022-03-15,70CDCR21FR0000051,70CDCR20D00000012,Delivery Order,P00008,yes,"THE GEO GROUP, INC.",JMLKZZ1NL2Z6,3JMR1,4235349.00,52818941.99,52818941.99,2021-08-06,2022-08-05,2022-08-05,DETENTION COMPLIANCE AND REMOVALS,,Full And Open Competition,,Negotiated Proposal/Quote,,S206,Guard Services,922140,Correctional Institutions ,SOUTH TEXAS DETENTION COMPLEX FUNDING,"SOUTH TEXAS DETENTION COMPLEX NEW TASK ORDER AWARD: TBD POP 06 AUG 2021 - 05 AUG 2022. FUNDING THROUGH 30 SEPTEMBER 2021.

COR RANDY LECOMPTE
ACOR: MICHAEL SHERDIAN",https://www.usaspending.gov/award/CONT_AWD_70CDCR21FR0000051_7012_70CDCR20D00000012_7012
9c8b9722c1043788d099126c950f06158d0556d7a6327c95b3f269347c36ee8b,ICE,Biden,ICE detention services,2022-03-15,70CDCR22FR0000010,70CDCR20D00000009,Delivery Order,P00003,yes,"THE GEO GROUP, INC.",JMLKZZ1NL2Z6,3JMR1,9835198.00,122464905.00,122464905.00,2021-12-20,2022-12-19,2022-12-19,DETENTION COMPLIANCE AND REMOVALS,,Full And Open Competition,,Negotiated Proposal/Quote,,S206,Guard Services,561612,Security Guards and Patrol Services ,TO ADD FUNDING FOR DETENTION SERVICES IN THE LOS ANGELES AREA OF RESPONSIBILITY,TASK ORDER TO PROVIDE DETENTION SERVICES IN LOS ANGELES AREA OF RESPONSIBILITY,https://www.usaspending.gov/award/CONT_AWD_70CDCR22FR0000010_7012_70CDCR20D00000009_7012
5ff914743ae52bb36316ffd4a0872b94bd27dcfc6ded902a2906c0b8e10b2342,ICE,Biden,ICE detention services,2022-03-16,70CDCR21FC0000008,HSCEDM14A00001,BPA Call,P00009,yes,"THE GEO GROUP, INC.",JMLKZZ1NL2Z6,3JMR1,129980.80,4862448.88,4862448.88,2021-04-01,2022-03-31,2023-03-08,DETENTION COMPLIANCE AND REMOVALS,,Competed Under Simplified Acquisition Procedures,1,Simplified Acquisition,,S206,Guard Services,922140,Correctional Institutions ,DETENTION SERVICES FOR RIO GRANDE DETENTION CENTER,DETENTION SERVICES FOR RIO GRANDE DETENTION CENTER,https://www.usaspending.gov/award/CONT_AWD_70CDCR21FC0000008_7012_HSCEDM14A00001_7012
76f78460c4cb03317936507640814d53f9623fafd46c2200eb13e1b24e5a4b5d,ICE,Biden,ICE detention services,2022-03-16,70CDCR22FR0000002,HSCEDM15D00015,Delivery Order,P00006,yes,"THE GEO GROUP, INC.",JMLKZZ1NL2Z6,3JMR1,0.00,65941447.91,65941447.91,2021-10-27,2022-10-27,2022-11-26,DETENTION COMPLIANCE AND REMOVALS,,Full And Open Competition,,Negotiated Proposal/Quote,HSCEDM15R00001,S206,Guard Services,561210,Facilities Support Services,"CHANGING PROGRAM OFFICE POCS, DE-OB AND RE-OB OF MONE FROM $10 SNACKS TO $5 SNACKS FOR NORTHWEST DETENTION CENTER TACOMA",DETENTION AND TRANSPORTATION SERVICES NORTHWEST DETENTION CENTER TACOMA,https://www.usaspending.gov/award/CONT_AWD_70CDCR22FR0000002_7012_HSCEDM15D00015_7012
7097265a07a296a966c6faeda08cd73a78266f294c89886093b23aa018346c3e,ICE,Biden,ICE detention services,2022-03-17,70CDCR21FR0000057,HSCEDM17D00009,Delivery Order,P00010,yes,"THE GEO GROUP, INC.",JMLKZZ1NL2Z6,3JMR1,3350058.18,39294732.79,39294732.79,2021-08-17,2022-08-17,2022-08-17,DETENTION COMPLIANCE AND REMOVALS,,Full And Open Competition,,Negotiated Proposal/Quote,HSCEDM15R00004,S206,Guard Services,561210,Facilities Support Services,MONTGOMERY PROCESSING CENTER DETENTION SERVICES,MONTGOMERY PROCESSING CENTER DETENTION SERVICES,https://www.usaspending.gov/award/CONT_AWD_70CDCR21FR0000057_7012_HSCEDM17D00009_7012
d6b9ca20ea178dcc1f076aa4098c76d569db4a95ee700cc875117fb77418f0be,ICE,Biden,ICE detention services,2022-03-17,70CDCR22FR0000002,HSCEDM15D00015,Delivery Order,P00007,yes,"THE GEO GROUP, INC.",JMLKZZ1NL2Z6,3JMR1,2977418.53,65941447.91,65941447.91,2021-10-27,2022-10-27,2022-11-26,DETENTION COMPLIANCE AND REMOVALS,,Full And Open Competition,,Negotiated Proposal/Quote,HSCEDM15R00001,S206,Guard Services,561210,Facilities Support Services,"INCREMENTALLY FUNDING FOR DETENTION SERVICES AT NORTHWEST DETENTION CENTER, TACOMA",DETENTION AND TRANSPORTATION SERVICES NORTHWEST DETENTION CENTER TACOMA,https://www.usaspending.gov/award/CONT_AWD_70CDCR22FR0000002_7012_HSCEDM15D00015_7012
167d438315e8fb21ad62c1fca3eda8c05086ab21b2f50d2f67e56a0375bb9cf7,CBP,Biden,CBP detention/jail space,2022-03-24,70B03C20P00000219,,PURCHASE ORDER,P00006,yes,"THE GEO GROUP, INC.",JMLKZZ1NL2Z6,3JMR1,330000.00,585781.54,987051.30,2020-05-01,2024-10-31,2024-10-31,BORDER ENFORCEMENT CONTRACTING DIVISION,US BORDER PATROL,NOT COMPETED,1,ONLY ONE SOURCE,70B03C20R00000062,X1FF,LEASE/RENTAL OF PENAL FACILITIES,922140,CORRECTIONAL INSTITUTIONS,EXERCISE OPTION YEAR 2,PURCHASE OF DETENTION/JAIL SPACE FOR THE RGV SECTOR.,https://www.usaspending.gov/award/CONT_AWD_70B03C20P00000219_7014_-NONE-_-NONE-
868afa00da1000bd749d58c1ca49a1f8e0bb2286de52cc2438180f2ab17fd445,ICE,Biden,ICE detention services,2022-03-24,70CDCR22FR0000001,70CDCR22D00000001,Delivery Order,P00003,yes,"THE GEO GROUP, INC.",JMLKZZ1NL2Z6,3JMR1,3901458.85,43859762.34,43859762.34,2021-10-19,2022-10-15,2022-10-15,DETENTION COMPLIANCE AND REMOVALS,,Full And Open Competition,,Negotiated Proposal/Quote,,S206,Guard Services,561210,Facilities Support Services,"INCREMENTAL FUNDING FOR DETENTION, TRANSPORTATION AND MEDICAL SERVICES FOR DENVER (AURORA) CONTRACT DETENTION FACILITY","DETENTION, TRANSPORTATION AND MEDICAL SERVICES FOR DENVER (AURORA) CONTRACT DETENTION FACILITY",https://www.usaspending.gov/award/CONT_AWD_70CDCR22FR0000001_7012_70CDCR22D00000001_7012
8299a9f729cb5d697e7fcbce7a1ba216bf24352791bae471106e9cd984f006d1,ICE,Biden,ICE detention services,2022-04-04,70CDCR21FR0000057,HSCEDM17D00009,Delivery Order,P00011,yes,"THE GEO GROUP, INC.",JMLKZZ1NL2Z6,3JMR1,3489916.19,39294732.79,39294732.79,2021-08-17,2022-08-17,2022-08-17,DETENTION COMPLIANCE AND REMOVALS,,Full And Open Competition,,Negotiated Proposal/Quote,HSCEDM15R00004,S206,Guard Services,561210,Facilities Support Services,MONTGOMERY PROCESSING CENTER DETENTION SERVICES,MONTGOMERY PROCESSING CENTER DETENTION SERVICES,https://www.usaspending.gov/award/CONT_AWD_70CDCR21FR0000057_7012_HSCEDM17D00009_7012
02318ab85877bf2465e1ba247ec79dc12e623caee7a2334085445c24f6045587,ICE,Biden,ICE detention services,2022-04-04,70CDCR21FR0000059,70CDCR21D00000004,Delivery Order,P00007,yes,"THE GEO GROUP, INC.",JMLKZZ1NL2Z6,3JMR1,5469188.83,34417491.34,34417491.34,2021-08-30,2022-08-31,2023-01-27,DETENTION COMPLIANCE AND REMOVALS,,Full And Open Competition,,Negotiated Proposal/Quote,,S206,Guard Services,561612,Security Guards and Patrol Services ,MIA AOR IMMIGRATION DETENTION AND TRANSPORTATION SERVICES,MIA AOR IMMIGRATION DETENTION AND TRANSPORTATION SERVICES,https://www.usaspending.gov/award/CONT_AWD_70CDCR21FR0000059_7012_70CDCR21D00000004_7012
54b71014bc025394a4fcc95e58cbfa75a6d4f592c8c553413a417aa4003f6a96,ICE,Biden,ICE detention services,2022-04-05,70CDCR21FC0000008,HSCEDM14A00001,BPA Call,P00010,yes,"THE GEO GROUP, INC.",JMLKZZ1NL2Z6,3JMR1,257455.00,4862448.88,4862448.88,2021-04-01,2022-03-31,2023-03-08,DETENTION COMPLIANCE AND REMOVALS,,Competed Under Simplified Acquisition Procedures,1,Simplified Acquisition,,S206,Guard Services,922140,Correctional Institutions ,DETENTION SERVICES FOR RIO GRANDE DETENTION CENTER,DETENTION SERVICES FOR RIO GRANDE DETENTION CENTER,https://www.usaspending.gov/award/CONT_AWD_70CDCR21FC0000008_7012_HSCEDM14A00001_7012
8eedd774fdee120eb5bbf37faa4a09c97a09e5fa939bb4de88c4e6c140e51bb6,ICE,Biden,ICE detention services,2022-04-05,70CDCR22FR0000002,HSCEDM15D00015,Delivery Order,P00008,yes,"THE GEO GROUP, INC.",JMLKZZ1NL2Z6,3JMR1,5298719.48,65941447.91,65941447.91,2021-10-27,2022-10-27,2022-11-26,DETENTION COMPLIANCE AND REMOVALS,,Full And Open Competition,,Negotiated Proposal/Quote,HSCEDM15R00001,S206,Guard Services,561210,Facilities Support Services,"INCREMENTALLY FUNDING FOR DETENTION SERVICES AT NORTHWEST DETENTION CENTER, TACOMA",DETENTION AND TRANSPORTATION SERVICES NORTHWEST DETENTION CENTER TACOMA,https://www.usaspending.gov/award/CONT_AWD_70CDCR22FR0000002_7012_HSCEDM15D00015_7012
2f53cb33033e1d375b60c599060c7ad8c5335e4378c79a97a0888f5b34a88505,ICE,Biden,ICE detention services,2022-04-11,70CDCR22FR0000012,70CDCR20D00000008,Delivery Order,P00003,yes,"THE GEO GROUP, INC.",JMLKZZ1NL2Z6,3JMR1,233069.00,52913469.21,52913469.21,2021-12-20,2022-12-19,2022-12-19,DETENTION COMPLIANCE AND REMOVALS,,Full And Open Competition,,Negotiated Proposal/Quote,,S206,Guard Services,561612,Security Guards and Patrol Services ,INCREMENTAL FUNDING FOR DETENTION SERVICES AT MESA VERDE AND GOLDEN STATE FACILITIES.,"TASK ORDER FOR DETENTION SERVICES AT MESA VERDE AND GOLDEN STATE FACILITIES, CA",https://www.usaspending.gov/award/CONT_AWD_70CDCR22FR0000012_7012_70CDCR20D00000008_7012
dac4b7134e0cd460178fac5846845dde4c4c027e4d14b043bfbd6a80e4aa24f7,ICE,Biden,ICE detention services,2022-04-12,70CDCR21FR0000051,70CDCR20D00000012,Delivery Order,P00009,yes,"THE GEO GROUP, INC.",JMLKZZ1NL2Z6,3JMR1,4463145.61,52818941.99,52818941.99,2021-08-06,2022-08-05,2022-08-05,DETENTION COMPLIANCE AND REMOVALS,,Full And Open Competition,,Negotiated Proposal/Quote,,S206,Guard Services,922140,Correctional Institutions ,SOUTH TEXAS DETENTION COMPLEX FUNDING,"SOUTH TEXAS DETENTION COMPLEX NEW TASK ORDER AWARD: TBD POP 06 AUG 2021 - 05 AUG 2022. FUNDING THROUGH 30 SEPTEMBER 2021.

COR RANDY LECOMPTE
ACOR: MICHAEL SHERDIAN",https://www.usaspending.gov/award/CONT_AWD_70CDCR21FR0000051_7012_70CDCR20D00000012_7012
ceca9f1afd71c48e04723e9079f60c238c01b233dc28c6cf4957c324a024fe58,ICE,Biden,ICE detention services,2022-04-13,70CDCR22FR0000010,70CDCR20D00000009,Delivery Order,P00004,yes,"THE GEO GROUP, INC.",JMLKZZ1NL2Z6,3JMR1,10266100.00,122464905.00,122464905.00,2021-12-20,2022-12-19,2022-12-19,DETENTION COMPLIANCE AND REMOVALS,,Full And Open Competition,,Negotiated Proposal/Quote,,S206,Guard Services,561612,Security Guards and Patrol Services ,ADD FUNDING FOR DETENTION SERVICES IN THE LOS ANGELES AREA OF RESPONSIBILITY,TASK ORDER TO PROVIDE DETENTION SERVICES IN LOS ANGELES AREA OF RESPONSIBILITY,https://www.usaspending.gov/award/CONT_AWD_70CDCR22FR0000010_7012_70CDCR20D00000009_7012
0e958df729fa2a667a83de0ee2c1f004e663d954ef4ac819254ea15e3056dd8c,ICE,Biden,ICE detention services,2022-04-19,70CDCR22FC0000011,HSCEDM14A00001,BPA Call,P00001,yes,"THE GEO GROUP, INC.",JMLKZZ1NL2Z6,3JMR1,664309.40,4136141.62,4136141.62,2022-04-01,2023-03-31,2023-06-29,DETENTION COMPLIANCE AND REMOVALS,,Competed Under Simplified Acquisition Procedures,1,Simplified Acquisition,,S206,Guard Services,922140,Correctional Institutions ,FUNDING FOR RIO GRANDE FACILITY WITH GEO GROUP UNDER DOJ NUMBER ODT-7-C-0003. (POP 4/1/22 - 3/31/23)  COR:  JOSE LONGORIA,"FUNDING FOR RIO GRANDE FACILITY WITH GEO GROUP UNDER DOJ NUMBER ODT-7-C-0003. NEW TASK ORDER . (POP 4/1/22 - 3/31/23)

COR: JOSE LONGORIA",https://www.usaspending.gov/award/CONT_AWD_70CDCR22FC0000011_7012_HSCEDM14A00001_7012
4d363166246223b136f2e73b052c80ad58e9086d737f89dacb602f4c0d209eba,ICE,Biden,ICE detention services,2022-04-26,70CDCR22FR0000001,70CDCR22D00000001,Delivery Order,P00004,yes,"THE GEO GROUP, INC.",JMLKZZ1NL2Z6,3JMR1,3707600.00,43859762.34,43859762.34,2021-10-19,2022-10-15,2022-10-15,DETENTION COMPLIANCE AND REMOVALS,,Full And Open Competition,,Negotiated Proposal/Quote,,S206,Guard Services,561210,Facilities Support Services,"INCREMENTAL FUNDING FOR DETENTION, TRANSPORTATION AND MEDICAL SERVICES FOR DENVER (AURORA) CONTRACT DETENTION FACILITY","DETENTION, TRANSPORTATION AND MEDICAL SERVICES FOR DENVER (AURORA) CONTRACT DETENTION FACILITY",https://www.usaspending.gov/award/CONT_AWD_70CDCR22FR0000001_7012_70CDCR22D00000001_7012
02357d27b9283fa44653c312828da7998bfb57749b5e2daa98cf19d233066d97,ICE,Biden,ICE detention services,2022-05-11,70CDCR19FR0000059,HSCEDM15D00015,Delivery Order,P00009,yes,"THE GEO GROUP, INC.",JMLKZZ1NL2Z6,3JMR1,-227777.70,63811970.64,63811970.64,2019-09-28,2020-09-27,2020-09-27,DETENTION COMPLIANCE AND REMOVALS,,Full And Open Competition,,Negotiated Proposal/Quote,,S206,Guard Services,561210,Facilities Support Services,"DETENTION, FOOD AND TRANSPORTATION SERVICES","DETENTION, FOOD AND TRANSPORTATION SERVICES",https://www.usaspending.gov/award/CONT_AWD_70CDCR19FR0000059_7012_HSCEDM15D00015_7012
181822a1f51d0be5f463b648439912c2f1adfd5baf6de8498aab23bbfe8516cf,ICE,Biden,ICE detention services,2022-05-11,70CDCR20FR0000031,HSCEDM15D00015,Delivery Order,P00007,yes,"THE GEO GROUP, INC.",JMLKZZ1NL2Z6,3JMR1,-354950.99,64080701.07,64080701.07,2020-05-20,2021-09-27,2021-09-27,DETENTION COMPLIANCE AND REMOVALS,,Full And Open Competition,,Negotiated Proposal/Quote,,S206,Guard Services,561210,Facilities Support Services,"DE-OBLIGATE EXCESS FUNDS AND CLOSEOUT DETENTION AND TRANSPORTATION SERVICES AT NORTHWEST DETENTION CENTER, TACOMA WA",DETENTION AND TRANSPORTATION SERVICES,https://www.usaspending.gov/award/CONT_AWD_70CDCR20FR0000031_7012_HSCEDM15D00015_7012
18d0dfb2350ca439c076356fed05e1dec0b5912bbe65480847ea8580878c51bd,ICE,Biden,ICE detention services,2022-05-11,70CDCR21FR0000051,70CDCR20D00000012,Delivery Order,P00010,yes,"THE GEO GROUP, INC.",JMLKZZ1NL2Z6,3JMR1,9308015.49,52818941.99,52818941.99,2021-08-06,2022-08-05,2022-08-05,DETENTION COMPLIANCE AND REMOVALS,,Full And Open Competition,,Negotiated Proposal/Quote,,S206,Guard Services,922140,Correctional Institutions ,SOUTH TEXAS DETENTION COMPLEX FUNDING,"SOUTH TEXAS DETENTION COMPLEX NEW TASK ORDER AWARD: TBD POP 06 AUG 2021 - 05 AUG 2022. FUNDING THROUGH 30 SEPTEMBER 2021.

COR RANDY LECOMPTE
ACOR: MICHAEL SHERDIAN",https://www.usaspending.gov/award/CONT_AWD_70CDCR21FR0000051_7012_70CDCR20D00000012_7012
c58a2a7c1d30c5c19d276ba92f37a75fd8aa491c83da00d51dd5c465e99ebac6,ICE,Biden,ICE detention services,2022-05-11,70CDCR21FR0000073,HSCEDM15D00015,Delivery Order,P00001,yes,"THE GEO GROUP, INC.",JMLKZZ1NL2Z6,3JMR1,-168785.32,5348089.81,5348089.81,2021-09-28,2021-10-27,2022-11-05,DETENTION COMPLIANCE AND REMOVALS,,Full And Open Competition,,Negotiated Proposal/Quote,,S206,Guard Services,561210,Facilities Support Services,"DE-OBLIGATE EXCESS FUNDS AND CLOSEOUT DETENTION AND TRANSPORTATION SERVICES AT NORTHWEST DETENTION CENTER, TACOMA WA",DETENTION AND TRANSPORTATION SERVICES NORTHWEST DETENTION CENTER TACOMA,https://www.usaspending.gov/award/CONT_AWD_70CDCR21FR0000073_7012_HSCEDM15D00015_7012
c407525bbd16a0dddb94e73725e4edcfda467faba3a2c54c19641b5d845e2249,ICE,Biden,ICE detention services,2022-05-12,70CDCR21FR0000057,HSCEDM17D00009,Delivery Order,P00012,yes,"THE GEO GROUP, INC.",JMLKZZ1NL2Z6,3JMR1,6803952.65,39294732.79,39294732.79,2021-08-17,2022-08-17,2022-08-17,DETENTION COMPLIANCE AND REMOVALS,,Full And Open Competition,,Negotiated Proposal/Quote,HSCEDM15R00004,S206,Guard Services,561210,Facilities Support Services,MONTGOMERY PROCESSING CENTER DETENTION SERVICES,MONTGOMERY PROCESSING CENTER DETENTION SERVICES,https://www.usaspending.gov/award/CONT_AWD_70CDCR21FR0000057_7012_HSCEDM17D00009_7012
1f00e994c0b2c4fb6bed403255e170cc0d0f382c449218bfeaafe10c364a54fd,ICE,Biden,ICE detention services,2022-05-12,70CDCR21FR0000059,70CDCR21D00000004,Delivery Order,P00008,yes,"THE GEO GROUP, INC.",JMLKZZ1NL2Z6,3JMR1,5634400.00,34417491.34,34417491.34,2021-08-30,2022-08-31,2023-01-27,DETENTION COMPLIANCE AND REMOVALS,,Full And Open Competition,,Negotiated Proposal/Quote,,S206,Guard Services,561612,Security Guards and Patrol Services ,MIA AOR IMMIGRATION DETENTION AND TRANSPORTATION SERVICES,MIA AOR IMMIGRATION DETENTION AND TRANSPORTATION SERVICES,https://www.usaspending.gov/award/CONT_AWD_70CDCR21FR0000059_7012_70CDCR21D00000004_7012
841459493d5d439c8d581f68e25bfa9ec96ad435ab1244913795a01342af4ffd,ICE,Biden,ICE detention services,2022-05-16,70CDCR21FR0000051,70CDCR20D00000012,Delivery Order,P00011,yes,"THE GEO GROUP, INC.",JMLKZZ1NL2Z6,3JMR1,0.00,52818941.99,52818941.99,2021-08-06,2022-08-05,2022-08-05,DETENTION COMPLIANCE AND REMOVALS,,Full And Open Competition,,Negotiated Proposal/Quote,,S206,Guard Services,922140,Correctional Institutions ,SOUTH TEXAS DETENTION COMPLEX FUNDING,"SOUTH TEXAS DETENTION COMPLEX NEW TASK ORDER AWARD: TBD POP 06 AUG 2021 - 05 AUG 2022. FUNDING THROUGH 30 SEPTEMBER 2021.

COR RANDY LECOMPTE
ACOR: MICHAEL SHERDIAN",https://www.usaspending.gov/award/CONT_AWD_70CDCR21FR0000051_7012_70CDCR20D00000012_7012
84ba7699f472ba9a23afb498469c024097c0d4416491f52d59f235035f35253c,ICE,Biden,ICE detention services,2022-05-16,70CDCR22FR0000001,70CDCR22D00000001,Delivery Order,P00005,yes,"THE GEO GROUP, INC.",JMLKZZ1NL2Z6,3JMR1,7221778.76,43859762.34,43859762.34,2021-10-19,2022-10-15,2022-10-15,DETENTION COMPLIANCE AND REMOVALS,,Full And Open Competition,,Negotiated Proposal/Quote,,S206,Guard Services,561210,Facilities Support Services,"INCREMENTAL FUNDING FOR DETENTION, TRANSPORTATION AND MEDICAL SERVICES FOR DENVER (AURORA) CONTRACT DETENTION FACILITY","DETENTION, TRANSPORTATION AND MEDICAL SERVICES FOR DENVER (AURORA) CONTRACT DETENTION FACILITY",https://www.usaspending.gov/award/CONT_AWD_70CDCR22FR0000001_7012_70CDCR22D00000001_7012
9139cb03e741a1a83f7f0f1cadee7d7dcd75cfe1955bee817c688ec05e710468,ICE,Biden,ICE detention services,2022-05-16,70CDCR22FR0000002,HSCEDM15D00015,Delivery Order,P00009,yes,"THE GEO GROUP, INC.",JMLKZZ1NL2Z6,3JMR1,10660400.00,65941447.91,65941447.91,2021-10-27,2022-10-27,2022-11-26,DETENTION COMPLIANCE AND REMOVALS,,Full And Open Competition,,Negotiated Proposal/Quote,HSCEDM15R00001,S206,Guard Services,561210,Facilities Support Services,"INCREMENTALLY FUNDING FOR DETENTION SERVICES AT NORTHWEST DETENTION CENTER, TACOMA",DETENTION AND TRANSPORTATION SERVICES NORTHWEST DETENTION CENTER TACOMA,https://www.usaspending.gov/award/CONT_AWD_70CDCR22FR0000002_7012_HSCEDM15D00015_7012
ef1dfa93626e15e18ae31f8ccbc6a64d8671f16b7fbef65ea8fc99dce099ccd0,ICE,Biden,ICE detention services,2022-05-24,70CDCR22FR0000010,70CDCR20D00000009,Delivery Order,P00005,yes,"THE GEO GROUP, INC.",JMLKZZ1NL2Z6,3JMR1,20531800.00,122464905.00,122464905.00,2021-12-20,2022-12-19,2022-12-19,DETENTION COMPLIANCE AND REMOVALS,,Full And Open Competition,,Negotiated Proposal/Quote,,S206,Guard Services,561612,Security Guards and Patrol Services ,ADD FUNDING FOR DETENTION SERVICES IN THE LOS ANGELES AREA OF RESPONSIBILITY,TASK ORDER TO PROVIDE DETENTION SERVICES IN LOS ANGELES AREA OF RESPONSIBILITY,https://www.usaspending.gov/award/CONT_AWD_70CDCR22FR0000010_7012_70CDCR20D00000009_7012
dca87ffa752af0bdb832002537b67500e0e89f346c19131055125a13e97805f3,ICE,Biden,ICE detention services,2022-05-24,70CDCR22FR0000012,70CDCR20D00000008,Delivery Order,P00004,yes,"THE GEO GROUP, INC.",JMLKZZ1NL2Z6,3JMR1,13519151.05,52913469.21,52913469.21,2021-12-20,2022-12-19,2022-12-19,DETENTION COMPLIANCE AND REMOVALS,,Full And Open Competition,,Negotiated Proposal/Quote,,S206,Guard Services,561612,Security Guards and Patrol Services ,FUNDING FOR DETENTION SERVICES AT MESA VERDE AND GOLDEN STATE FACILITIES.,"TASK ORDER FOR DETENTION SERVICES AT MESA VERDE AND GOLDEN STATE FACILITIES, CA",https://www.usaspending.gov/award/CONT_AWD_70CDCR22FR0000012_7012_70CDCR20D00000008_7012
855b58b05498f9143e239684f91cbadd281f28736d312565e2c41d170a502072,ICE,Biden,ICE detention services,2022-06-16,70CDCR21FC0000008,HSCEDM14A00001,BPA Call,P00011,yes,"THE GEO GROUP, INC.",JMLKZZ1NL2Z6,3JMR1,0.00,4862448.88,4862448.88,2021-04-01,2022-03-31,2023-03-08,DETENTION COMPLIANCE AND REMOVALS,,Competed Under Simplified Acquisition Procedures,1,Simplified Acquisition,,S206,Guard Services,922140,Correctional Institutions ,DETENTION SERVICES FOR RIO GRANDE DETENTION CENTER,DETENTION SERVICES FOR RIO GRANDE DETENTION CENTER,https://www.usaspending.gov/award/CONT_AWD_70CDCR21FC0000008_7012_HSCEDM14A00001_7012
707fc5b99628dd850efebb50dcac734373dd98f01a0611be8e738f21f8ffbc0c,ICE,Biden,ICE detention services,2022-06-16,70CDCR22FC0000011,HSCEDM14A00001,BPA Call,P00002,yes,"THE GEO GROUP, INC.",JMLKZZ1NL2Z6,3JMR1,0.00,4136141.62,4136141.62,2022-04-01,2023-03-31,2023-06-29,DETENTION COMPLIANCE AND REMOVALS,,Competed Under Simplified Acquisition Procedures,1,Simplified Acquisition,,S206,Guard Services,922140,Correctional Institutions ,ADMIN MOD FOR RIO GRANDE FACILITY WITH GEO GROUP UNDER DOJ NUMBER ODT-7-C-0003. (POP 4/1/22 - 3/31/23)  COR:  JOSE LONGORIA,"FUNDING FOR RIO GRANDE FACILITY WITH GEO GROUP UNDER DOJ NUMBER ODT-7-C-0003. NEW TASK ORDER . (POP 4/1/22 - 3/31/23)

COR: JOSE LONGORIA",https://www.usaspending.gov/award/CONT_AWD_70CDCR22FC0000011_7012_HSCEDM14A00001_7012
18c3fb0f478f9bb228490a7ba992de06b78ca8dfb35589fbd9671261cef2d943,ICE,Biden,ICE detention services,2022-06-24,70CDCR21FR0000051,70CDCR20D00000012,Delivery Order,P00012,yes,"THE GEO GROUP, INC.",JMLKZZ1NL2Z6,3JMR1,38241.95,52818941.99,52818941.99,2021-08-06,2022-08-05,2022-08-05,DETENTION COMPLIANCE AND REMOVALS,,Full And Open Competition,,Negotiated Proposal/Quote,,S206,Guard Services,922140,Correctional Institutions ,SOUTH TEXAS DETENTION COMPLEX FUNDING,"SOUTH TEXAS DETENTION COMPLEX NEW TASK ORDER AWARD: TBD POP 06 AUG 2021 - 05 AUG 2022. FUNDING THROUGH 30 SEPTEMBER 2021.

COR RANDY LECOMPTE
ACOR: MICHAEL SHERDIAN",https://www.usaspending.gov/award/CONT_AWD_70CDCR21FR0000051_7012_70CDCR20D00000012_7012
486ecfaf868a5ce3ae1036b31c50809db64026f787f06be1ea86b1914febe31e,ICE,Biden,ICE ISAP/electronic monitoring,2022-07-07,70CDCR21FR0000044,70CDCR20D00000011,Delivery Order,P00006,yes,B.I. INCORPORATED,PKK6L9KLMYR5,3CUH9,44173108.00,300396838.93,300396838.93,2021-08-01,2022-07-31,2025-07-31,DETENTION COMPLIANCE AND REMOVALS,,Full And Open Competition,,Negotiated Proposal/Quote,,R408,Program Management/Support Services,561210,Facilities Support Services,FUNDING INTENSIVE SUPERVISION APPEARANCE PROGRAM (ISAP IV),INTENSIVE SUPERVISION APPEARANCE PROGRAM (ISAP IV),https://www.usaspending.gov/award/CONT_AWD_70CDCR21FR0000044_7012_70CDCR20D00000011_7012
47c1ca1b7d517133c2809da4cd4c9df355248910db93ec08e808833c7735a285,ICE,Biden,ICE detention services,2022-07-11,70CDCR21FR0000059,70CDCR21D00000004,Delivery Order,P00009,yes,"THE GEO GROUP, INC.",JMLKZZ1NL2Z6,3JMR1,0.00,34417491.34,34417491.34,2021-08-30,2022-08-31,2023-01-27,DETENTION COMPLIANCE AND REMOVALS,,Full And Open Competition,,Negotiated Proposal/Quote,,S206,Guard Services,561612,Security Guards and Patrol Services ,MIA AOR IMMIGRATION DETENTION AND TRANSPORTATION SERVICES,MIA AOR IMMIGRATION DETENTION AND TRANSPORTATION SERVICES,https://www.usaspending.gov/award/CONT_AWD_70CDCR21FR0000059_7012_70CDCR21D00000004_7012
d9be032303ac583034eac97324f754de15719d0e6b657b5b8223d0b37cfb76dd,ICE,Biden,ICE detention services,2022-07-19,70CDCR19FR0000056,HSCEDM17D00009,Delivery Order,P00007,yes,"THE GEO GROUP, INC.",JMLKZZ1NL2Z6,3JMR1,-1491925.62,40268189.97,40268189.97,2019-08-16,2020-08-17,2022-08-18,DETENTION COMPLIANCE AND REMOVALS,,Full And Open Competition,,Negotiated Proposal/Quote,HSCEDM15R00004,S206,Guard Services,561210,Facilities Support Services,"MONTGOMERY PROCESSING CENTER, HOUSTON",HOUSTON DETENTION FACILITY,https://www.usaspending.gov/award/CONT_AWD_70CDCR19FR0000056_7012_HSCEDM17D00009_7012
0c2626f23aacad01dedb52993d007c512df77797549e658dad94dca86def9b25,ICE,Biden,ICE detention services,2022-07-20,70CDCR22FC0000012,70CDCR18A00000007,BPA Call,0,no,"THE GEO GROUP, INC.",JMLKZZ1NL2Z6,3JMR1,69400.00,211329.15,211329.15,2022-07-23,2023-07-22,2023-07-22,DETENTION COMPLIANCE AND REMOVALS,,Competed Under Simplified Acquisition Procedures,1,Simplified Acquisition,,S206,Guard Services,922140,Correctional Institutions ,DETAINEE BED DAYS AT THE ROBERT A. DEYTON DETENTION FACILITY,DETAINEE BED DAYS AT THE ROBERT A. DEYTON DETENTION FACILITY,https://www.usaspending.gov/award/CONT_AWD_70CDCR22FC0000012_7012_70CDCR18A00000007_7012
59f9695a4e9c390f6950e5b545f74b91f227d772d08c902239fb32e997a4eaaa,ICE,Biden,ICE detention services,2022-07-28,70CDCR22FR0000002,HSCEDM15D00015,Delivery Order,P00010,yes,"THE GEO GROUP, INC.",JMLKZZ1NL2Z6,3JMR1,5542000.00,65941447.91,65941447.91,2021-10-27,2022-10-27,2022-11-26,DETENTION COMPLIANCE AND REMOVALS,,Full And Open Competition,,Negotiated Proposal/Quote,HSCEDM15R00001,S206,Guard Services,561210,Facilities Support Services,"INCREMENTALLY FUNDING FOR DETENTION SERVICES AT NORTHWEST DETENTION CENTER, TACOMA",DETENTION AND TRANSPORTATION SERVICES NORTHWEST DETENTION CENTER TACOMA,https://www.usaspending.gov/award/CONT_AWD_70CDCR22FR0000002_7012_HSCEDM15D00015_7012
e8daa6f4657bdd10bd0640811e1d8114c57a1b2b51567b5d7667631e1845baac,ICE,Biden,ICE detention services,2022-07-29,70CDCR21FR0000059,70CDCR21D00000004,Delivery Order,P00010,yes,"THE GEO GROUP, INC.",JMLKZZ1NL2Z6,3JMR1,2972300.00,34417491.34,34417491.34,2021-08-30,2022-08-31,2023-01-27,DETENTION COMPLIANCE AND REMOVALS,,Full And Open Competition,,Negotiated Proposal/Quote,,S206,Guard Services,561612,Security Guards and Patrol Services ,MIA AOR IMMIGRATION DETENTION AND TRANSPORTATION SERVICES,MIA AOR IMMIGRATION DETENTION AND TRANSPORTATION SERVICES,https://www.usaspending.gov/award/CONT_AWD_70CDCR21FR0000059_7012_70CDCR21D00000004_7012
1e2a8fcb78716ad5e7afbb6af44a673dc07c6a5a72b3149ac06775a28a8c48f6,ICE,Biden,ICE ISAP/electronic monitoring,2022-07-29,70CDCR22FR0000034,70CDCR20D00000011,Delivery Order,0,no,B.I. INCORPORATED,PKK6L9KLMYR5,3CUH9,193076560.00,440305597.58,440305597.58,2022-08-01,2023-07-31,2023-07-31,DETENTION COMPLIANCE AND REMOVALS,,Full And Open Competition,,Negotiated Proposal/Quote,,R408,Program Management/Support Services,561210,Facilities Support Services,INTENSIVE SUPERVISION APPEARANCE PROGRAM (ISAP IV),INTENSIVE SUPERVISION APPEARANCE PROGRAM (ISAP IV),https://www.usaspending.gov/award/CONT_AWD_70CDCR22FR0000034_7012_70CDCR20D00000011_7012
5b1b28051587189105bfb5d817d2a9e74293452f15834d4a5a4f483e44423f3a,ICE,Biden,ICE detention services,2022-08-01,70CDCR22FC0000011,HSCEDM14A00001,BPA Call,P00003,yes,"THE GEO GROUP, INC.",JMLKZZ1NL2Z6,3JMR1,300278.60,4136141.62,4136141.62,2022-04-01,2023-03-31,2023-06-29,DETENTION COMPLIANCE AND REMOVALS,,Competed Under Simplified Acquisition Procedures,1,Simplified Acquisition,,S206,Guard Services,922140,Correctional Institutions ,ADMIN MOD FOR RIO GRANDE FACILITY WITH GEO GROUP UNDER DOJ NUMBER ODT-7-C-0003. (POP 4/1/22 - 3/31/23)  COR:  JOSE LONGORIA,"FUNDING FOR RIO GRANDE FACILITY WITH GEO GROUP UNDER DOJ NUMBER ODT-7-C-0003. NEW TASK ORDER . (POP 4/1/22 - 3/31/23)

COR: JOSE LONGORIA",https://www.usaspending.gov/award/CONT_AWD_70CDCR22FC0000011_7012_HSCEDM14A00001_7012
9e41ce99f85170adde55625f488956197e160690506b70d02a37d2aa83bd4312,ICE,Biden,ICE detention services,2022-08-02,70CDCR22FR0000012,70CDCR20D00000008,Delivery Order,P00005,yes,"THE GEO GROUP, INC.",JMLKZZ1NL2Z6,3JMR1,4424299.90,52913469.21,52913469.21,2021-12-20,2022-12-19,2022-12-19,DETENTION COMPLIANCE AND REMOVALS,,Full And Open Competition,,Negotiated Proposal/Quote,,S206,Guard Services,561612,Security Guards and Patrol Services ,FUNDING FOR DETENTION SERVICES AT MESA VERDE AND GOLDEN STATE FACILITIES.,"TASK ORDER FOR DETENTION SERVICES AT MESA VERDE AND GOLDEN STATE FACILITIES, CA",https://www.usaspending.gov/award/CONT_AWD_70CDCR22FR0000012_7012_70CDCR20D00000008_7012
1638c30f8bbbe0bf231c65a2bba80938380bb2560a68a81f539e159c74f73515,ICE,Biden,ICE detention services,2022-08-05,70CDCR22FR0000041,70CDCR20D00000012,Delivery Order,0,no,"THE GEO GROUP, INC.",JMLKZZ1NL2Z6,3JMR1,4202000.00,54162847.22,54162847.22,2022-08-06,2023-09-05,2024-05-30,DETENTION COMPLIANCE AND REMOVALS,,Full And Open Competition,,Negotiated Proposal/Quote,,S206,Guard Services,922140,Correctional Institutions ,SOUTH TEXAS DETENTION COMPLEX NEW TASK ORDER - POP 06 AUG 2022  - 05 AUG 2023.,SOUTH TEXAS DETENTION COMPLEX NEW TASK ORDER - POP 06 AUG 2022 - 05 AUG 2023.,https://www.usaspending.gov/award/CONT_AWD_70CDCR22FR0000041_7012_70CDCR20D00000012_7012
8436bd56c05c8f9a292a2b2589283906098ee4a3298ccb4e24ecfaf59aa02017,ICE,Biden,ICE detention services,2022-08-08,70CDCR21FR0000051,70CDCR20D00000012,Delivery Order,P00013,yes,"THE GEO GROUP, INC.",JMLKZZ1NL2Z6,3JMR1,5141863.25,52818941.99,52818941.99,2021-08-06,2022-08-05,2022-08-05,DETENTION COMPLIANCE AND REMOVALS,,Full And Open Competition,,Negotiated Proposal/Quote,,S206,Guard Services,922140,Correctional Institutions ,SOUTH TEXAS DETENTION COMPLEX FUNDING,"SOUTH TEXAS DETENTION COMPLEX NEW TASK ORDER AWARD: TBD POP 06 AUG 2021 - 05 AUG 2022. FUNDING THROUGH 30 SEPTEMBER 2021.

COR RANDY LECOMPTE
ACOR: MICHAEL SHERDIAN",https://www.usaspending.gov/award/CONT_AWD_70CDCR21FR0000051_7012_70CDCR20D00000012_7012
a03cf590457739e48d7be3e3c859b83fc14fc5ab9d1d3eb432e11fd98de3edba,ICE,Biden,ICE detention services,2022-08-08,70CDCR22FR0000001,70CDCR22D00000001,Delivery Order,P00006,yes,"THE GEO GROUP, INC.",JMLKZZ1NL2Z6,3JMR1,3344400.00,43859762.34,43859762.34,2021-10-19,2022-10-15,2022-10-15,DETENTION COMPLIANCE AND REMOVALS,,Full And Open Competition,,Negotiated Proposal/Quote,,S206,Guard Services,561210,Facilities Support Services,"INCREMENTAL FUNDING FOR DETENTION, TRANSPORTATION AND MEDICAL SERVICES FOR DENVER (AURORA) CONTRACT DETENTION FACILITY","DETENTION, TRANSPORTATION AND MEDICAL SERVICES FOR DENVER (AURORA) CONTRACT DETENTION FACILITY",https://www.usaspending.gov/award/CONT_AWD_70CDCR22FR0000001_7012_70CDCR22D00000001_7012
e58164f5c37a1c61b77e860b6e2612006e7454a1ddfbe29f04544f6de15e40ec,ICE,Biden,ICE detention services,2022-08-09,70CDCR21FR0000057,HSCEDM17D00009,Delivery Order,P00013,yes,"THE GEO GROUP, INC.",JMLKZZ1NL2Z6,3JMR1,5066668.08,39294732.79,39294732.79,2021-08-17,2022-08-17,2022-08-17,DETENTION COMPLIANCE AND REMOVALS,,Full And Open Competition,,Negotiated Proposal/Quote,HSCEDM15R00004,S206,Guard Services,561210,Facilities Support Services,MONTGOMERY PROCESSING CENTER DETENTION SERVICES,MONTGOMERY PROCESSING CENTER DETENTION SERVICES,https://www.usaspending.gov/award/CONT_AWD_70CDCR21FR0000057_7012_HSCEDM17D00009_7012
a248dc31fd10d6696421e4e3f01adf0105a789e8e7d4748fc830bfe2403265a4,ICE,Biden,ICE transportation/removal services,2022-08-10,70CDCR21C00000005,,Definitive Contract,P00001,yes,"GEO TRANSPORT, INC.",DFEKRCYPZD84,6PV86,-3105948.30,4773531.70,4773531.70,2021-09-22,2021-10-05,2021-10-05,DETENTION COMPLIANCE AND REMOVALS,,Not Competed,1,Sole Source,JandA210378,V211,Air Passenger Service,481211,Nonscheduled Chartered Passenger Air Transportation ,EMERGENCY HAITIAN MIGRANTS FLIGHT SERVICES,EMERGENCY HAITIAN MIGRANTS FLIGHT SERVICES,https://www.usaspending.gov/award/CONT_AWD_70CDCR21C00000005_7012_-NONE-_-NONE-
5066dab48365504848f0866f1cffc40783bae8aed69291a47c7475802c089061,ICE,Biden,ICE detention services,2022-08-11,70CDCR22FR0000010,70CDCR20D00000009,Delivery Order,P00006,yes,"THE GEO GROUP, INC.",JMLKZZ1NL2Z6,3JMR1,10158700.00,122464905.00,122464905.00,2021-12-20,2022-12-19,2022-12-19,DETENTION COMPLIANCE AND REMOVALS,,Full And Open Competition,,Negotiated Proposal/Quote,,S206,Guard Services,561612,Security Guards and Patrol Services ,ADD FUNDING FOR DETENTION SERVICES IN THE LOS ANGELES AREA OF RESPONSIBILITY,TASK ORDER TO PROVIDE DETENTION SERVICES IN LOS ANGELES AREA OF RESPONSIBILITY,https://www.usaspending.gov/award/CONT_AWD_70CDCR22FR0000010_7012_70CDCR20D00000009_7012
db12716422958699035059deea95e50b0ee8d1b59ab8cf4367cb633a51688af0,ICE,Biden,ICE detention services,2022-08-12,70CDCR21FR0000059,70CDCR21D00000004,Delivery Order,P00011,yes,"THE GEO GROUP, INC.",JMLKZZ1NL2Z6,3JMR1,2552300.00,34417491.34,34417491.34,2021-08-30,2022-08-31,2023-01-27,DETENTION COMPLIANCE AND REMOVALS,,Full And Open Competition,,Negotiated Proposal/Quote,,S206,Guard Services,561612,Security Guards and Patrol Services ,MIA AOR IMMIGRATION DETENTION AND TRANSPORTATION SERVICES,MIA AOR IMMIGRATION DETENTION AND TRANSPORTATION SERVICES,https://www.usaspending.gov/award/CONT_AWD_70CDCR21FR0000059_7012_70CDCR21D00000004_7012
94348d9d6fdcef2853b0738e44b27f2101a562a6e6e07fbeec1287c59a0251b9,ICE,Biden,ICE detention services,2022-08-17,70CDCR22FC0000011,HSCEDM14A00001,BPA Call,P00004,yes,"THE GEO GROUP, INC.",JMLKZZ1NL2Z6,3JMR1,300278.60,4136141.62,4136141.62,2022-04-01,2023-03-31,2023-06-29,DETENTION COMPLIANCE AND REMOVALS,,Competed Under Simplified Acquisition Procedures,1,Simplified Acquisition,,S206,Guard Services,922140,Correctional Institutions ,FUNDING MOD FOR RIO GRANDE FACILITY WITH GEO GROUP UNDER DOJ NUMBER ODT-7-C-0003. (POP 4/1/22 - 3/31/23)  COR:  JOSE LONGORIA,"FUNDING FOR RIO GRANDE FACILITY WITH GEO GROUP UNDER DOJ NUMBER ODT-7-C-0003. NEW TASK ORDER . (POP 4/1/22 - 3/31/23)

COR: JOSE LONGORIA",https://www.usaspending.gov/award/CONT_AWD_70CDCR22FC0000011_7012_HSCEDM14A00001_7012
2765ec68539dcb8112dbfa2d35a8e1b936954e3f5ca732ae09763a33c8dcaec7,ICE,Biden,ICE other/unresolved,2022-08-17,70CDCR22FR0000045,HSCEDM17D00009,Delivery Order,0,no,"THE GEO GROUP, INC.",JMLKZZ1NL2Z6,3JMR1,6778893.21,48312099.25,48312099.25,2022-08-18,2023-08-17,2024-08-08,DETENTION COMPLIANCE AND REMOVALS,,Full And Open Competition,,Negotiated Proposal/Quote,HSCEDM15R00004,S206,Guard Services,561210,Facilities Support Services,**NEW TASK ORDER NUMBER ( MONTGOMERY PROCESSING CENTER (MPC) /GEO) CONTRACT PERIOD OF PERFORMANCE- 18 AUG 2022 - 17 AUG 2023 FUNDING PERIOD OF PERFORMANCE - 18 AUG 2022 - 30 SEP 2022,"**NEW TASK ORDER NUMBER ( MONTGOMERY PROCESSING CENTER (MPC) /GEO)
CONTRACT PERIOD OF PERFORMANCE- 18 AUG 2022 - 17 AUG 2023
FUNDING PERIOD OF PERFORMANCE - 18 AUG 2022 - 30 SEP 2022",https://www.usaspending.gov/award/CONT_AWD_70CDCR22FR0000045_7012_HSCEDM17D00009_7012
75f73d082e9499061c3c2ed126da810dae159eb9dbc411fa5906b63b95a7995a,ICE,Biden,ICE detention services,2022-08-22,70CDCR20FR0000066,HSCEDM11D00003,Delivery Order,P00009,yes,"THE GEO GROUP, INC.",JMLKZZ1NL2Z6,3JMR1,-3666307.61,44034146.30,44034146.30,2020-08-31,2021-10-15,2021-10-15,DETENTION COMPLIANCE AND REMOVALS,,Full And Open Competition,,Negotiated Proposal/Quote,,S206,Guard Services,561210,Facilities Support Services,"DE-OBLIGATION DETENTION MANAGEMENT/MEDICAL/TRANSPORTATION FOR AURORA, CO","DETENTION MANAGEMENT/MEDICAL/TRANSPORTATION FOR AURORA, CO",https://www.usaspending.gov/award/CONT_AWD_70CDCR20FR0000066_7012_HSCEDM11D00003_7012
2f8d94b5f39c0c7c9d6d5d888dd1f503f01e69945176d50dc0d4febbff0b37c1,ICE,Biden,ICE detention services,2022-08-23,70CDCR22FR0000044,70CDCR21D00000004,Delivery Order,0,no,"THE GEO GROUP, INC.",JMLKZZ1NL2Z6,3JMR1,3067493.91,36788066.45,39380858.91,2022-09-01,2023-08-31,2024-01-27,DETENTION COMPLIANCE AND REMOVALS,,Full And Open Competition,,Negotiated Proposal/Quote,,S206,Guard Services,561612,Security Guards and Patrol Services ,MIA AOR DETENTION AND TRANSPORTATION SERVICES,MIA AOR DETENTION AND TRANSPORTATION SERVICES,https://www.usaspending.gov/award/CONT_AWD_70CDCR22FR0000044_7012_70CDCR21D00000004_7012
c9a148f426afb656cef6110bf714f52b470ec71642a944c25b406973546d542a,ICE,Biden,ICE detention services,2022-08-24,70CDCR22FR0000001,70CDCR22D00000001,Delivery Order,P00007,yes,"THE GEO GROUP, INC.",JMLKZZ1NL2Z6,3JMR1,3344400.00,43859762.34,43859762.34,2021-10-19,2022-10-15,2022-10-15,DETENTION COMPLIANCE AND REMOVALS,,Full And Open Competition,,Negotiated Proposal/Quote,,S206,Guard Services,561210,Facilities Support Services,"INCREMENTAL FUNDING FOR DETENTION, TRANSPORTATION AND MEDICAL SERVICES FOR DENVER (AURORA) CONTRACT DETENTION FACILITY","DETENTION, TRANSPORTATION AND MEDICAL SERVICES FOR DENVER (AURORA) CONTRACT DETENTION FACILITY",https://www.usaspending.gov/award/CONT_AWD_70CDCR22FR0000001_7012_70CDCR22D00000001_7012
16099e1233e4c2ea154177d9874c5615f212a5325a43141cea5fe6a6123bdb2a,ICE,Biden,ICE detention services,2022-08-24,70CDCR22FR0000002,HSCEDM15D00015,Delivery Order,P00011,yes,"THE GEO GROUP, INC.",JMLKZZ1NL2Z6,3JMR1,5542000.00,65941447.91,65941447.91,2021-10-27,2022-10-27,2022-11-26,DETENTION COMPLIANCE AND REMOVALS,,Full And Open Competition,,Negotiated Proposal/Quote,HSCEDM15R00001,S206,Guard Services,561210,Facilities Support Services,"INCREMENTALLY FUNDING FOR DETENTION SERVICES AT NORTHWEST DETENTION CENTER, TACOMA",DETENTION AND TRANSPORTATION SERVICES NORTHWEST DETENTION CENTER TACOMA,https://www.usaspending.gov/award/CONT_AWD_70CDCR22FR0000002_7012_HSCEDM15D00015_7012
fce836098146f4b6e23823e24f5c6df79f711842cc7da7d6f06318b9ca7f5666,ICE,Biden,ICE detention services,2022-08-24,70CDCR22FR0000010,70CDCR20D00000009,Delivery Order,P00007,yes,"THE GEO GROUP, INC.",JMLKZZ1NL2Z6,3JMR1,10158700.00,122464905.00,122464905.00,2021-12-20,2022-12-19,2022-12-19,DETENTION COMPLIANCE AND REMOVALS,,Full And Open Competition,,Negotiated Proposal/Quote,,S206,Guard Services,561612,Security Guards and Patrol Services ,ADD FUNDING FOR DETENTION SERVICES IN THE LOS ANGELES AREA OF RESPONSIBILITY,TASK ORDER TO PROVIDE DETENTION SERVICES IN LOS ANGELES AREA OF RESPONSIBILITY,https://www.usaspending.gov/award/CONT_AWD_70CDCR22FR0000010_7012_70CDCR20D00000009_7012
968a84ac46cd9315530ad263dd3928eb9560cdbbae28d33bb0292a5073dc2a52,ICE,Biden,ICE detention services,2022-08-30,70CDCR22FR0000002,HSCEDM15D00015,Delivery Order,P00012,yes,"THE GEO GROUP, INC.",JMLKZZ1NL2Z6,3JMR1,-18400.00,65941447.91,65941447.91,2021-10-27,2022-10-27,2022-11-26,DETENTION COMPLIANCE AND REMOVALS,,Full And Open Competition,,Negotiated Proposal/Quote,HSCEDM15R00001,S206,Guard Services,561210,Facilities Support Services,"DE-OBLIGATE FUNDING FOR DETENTION SERVICES AT NORTHWEST DETENTION CENTER, TACOMA",DETENTION AND TRANSPORTATION SERVICES NORTHWEST DETENTION CENTER TACOMA,https://www.usaspending.gov/award/CONT_AWD_70CDCR22FR0000002_7012_HSCEDM15D00015_7012
70890a8fb1d7a23ee27c03fad9aa65d5777877c4c2dc4655e959b5e19bff1e9c,ICE,Biden,ICE detention services,2022-09-01,70CDCR22FR0000012,70CDCR20D00000008,Delivery Order,P00006,yes,"THE GEO GROUP, INC.",JMLKZZ1NL2Z6,3JMR1,4424300.00,52913469.21,52913469.21,2021-12-20,2022-12-19,2022-12-19,DETENTION COMPLIANCE AND REMOVALS,,Full And Open Competition,,Negotiated Proposal/Quote,,S206,Guard Services,561612,Security Guards and Patrol Services ,FUNDING FOR DETENTION SERVICES AT MESA VERDE AND GOLDEN STATE FACILITIES.,"TASK ORDER FOR DETENTION SERVICES AT MESA VERDE AND GOLDEN STATE FACILITIES, CA",https://www.usaspending.gov/award/CONT_AWD_70CDCR22FR0000012_7012_70CDCR20D00000008_7012
ed48c81ff81548e35323fc920123e1574f8e9bea8caf028eb9ac76c4c4c55b38,ICE,Biden,ICE detention services,2022-09-06,70CDCR22FR0000012,70CDCR20D00000008,Delivery Order,P00007,yes,"THE GEO GROUP, INC.",JMLKZZ1NL2Z6,3JMR1,4320399.41,52913469.21,52913469.21,2021-12-20,2022-12-19,2022-12-19,DETENTION COMPLIANCE AND REMOVALS,,Full And Open Competition,,Negotiated Proposal/Quote,,S206,Guard Services,561612,Security Guards and Patrol Services ,FUNDING FOR DETENTION SERVICES AT MESA VERDE AND GOLDEN STATE FACILITIES.,"TASK ORDER FOR DETENTION SERVICES AT MESA VERDE AND GOLDEN STATE FACILITIES, CA",https://www.usaspending.gov/award/CONT_AWD_70CDCR22FR0000012_7012_70CDCR20D00000008_7012
1a6abfc7b7b5e76700927be77004e7500c49f85680e012acb53b20a95716c9a0,ICE,Biden,ICE other/unresolved,2022-09-08,70CDCR20FR0000008,70CDCR20D00000009,Delivery Order,P00007,yes,"THE GEO GROUP, INC.",JMLKZZ1NL2Z6,3JMR1,154722.00,90645214.38,90645214.38,2019-12-20,2020-12-19,2020-12-19,DETENTION COMPLIANCE AND REMOVALS,,Full And Open Competition,,Negotiated Proposal/Quote,70CDCR20R00000002,S206,Guard Services,561612,Security Guards and Patrol Services ,THE PURPOSE OF MODIFICATION P00007 IS TO ADD FUNDING.,"NEW TASK ORDER
PERIOD OF PERFORMANCE: 12/21/19 - 12/20/20
FUNDING POP: 12/21/19 - 01/31/20
COR: DANIEL POMPLUN
FY 20 QTR 1 CR2 FUNDING",https://www.usaspending.gov/award/CONT_AWD_70CDCR20FR0000008_7012_70CDCR20D00000009_7012
21c399b61a25988bcb1169192bdfbc587674c2440bb0f8b04c77e7d46b1fffdf,ICE,Biden,ICE detention services,2022-09-12,70CDCR22FR0000001,70CDCR22D00000001,Delivery Order,P00008,yes,"THE GEO GROUP, INC.",JMLKZZ1NL2Z6,3JMR1,0.00,43859762.34,43859762.34,2021-10-19,2022-10-15,2022-10-15,DETENTION COMPLIANCE AND REMOVALS,,Full And Open Competition,,Negotiated Proposal/Quote,,S206,Guard Services,561210,Facilities Support Services,"MUTUAL AGREEMENT FOR DETENTION, TRANSPORTATION AND MEDICAL SERVICES FOR DENVER (AURORA) CONTRACT DETENTION FACILITY","DETENTION, TRANSPORTATION AND MEDICAL SERVICES FOR DENVER (AURORA) CONTRACT DETENTION FACILITY",https://www.usaspending.gov/award/CONT_AWD_70CDCR22FR0000001_7012_70CDCR22D00000001_7012
d8f5470e1753e951003896b7319f6e7922ba5f2fb05f895ecc1380f87245f8d8,ICE,Biden,ICE detention services,2022-09-12,70CDCR22FR0000010,70CDCR20D00000009,Delivery Order,P00008,yes,"THE GEO GROUP, INC.",JMLKZZ1NL2Z6,3JMR1,9929100.00,122464905.00,122464905.00,2021-12-20,2022-12-19,2022-12-19,DETENTION COMPLIANCE AND REMOVALS,,Full And Open Competition,,Negotiated Proposal/Quote,,S206,Guard Services,561612,Security Guards and Patrol Services ,ADD FUNDING FOR DETENTION SERVICES IN THE LOS ANGELES AREA OF RESPONSIBILITY,TASK ORDER TO PROVIDE DETENTION SERVICES IN LOS ANGELES AREA OF RESPONSIBILITY,https://www.usaspending.gov/award/CONT_AWD_70CDCR22FR0000010_7012_70CDCR20D00000009_7012
b33050cc5d00022542b8e94f2bed882388381f931a302cb9212f387471f027c8,ICE,Biden,ICE detention services,2022-09-12,70CDCR22FR0000041,70CDCR20D00000012,Delivery Order,P00001,yes,"THE GEO GROUP, INC.",JMLKZZ1NL2Z6,3JMR1,4008852.44,54162847.22,54162847.22,2022-08-06,2023-09-05,2024-05-30,DETENTION COMPLIANCE AND REMOVALS,,Full And Open Competition,,Negotiated Proposal/Quote,,S206,Guard Services,922140,Correctional Institutions ,SOUTH TEXAS DETENTION COMPLEX NEW TASK ORDER - POP 06 AUG 2022  - 05 AUG 2023.,SOUTH TEXAS DETENTION COMPLEX NEW TASK ORDER - POP 06 AUG 2022 - 05 AUG 2023.,https://www.usaspending.gov/award/CONT_AWD_70CDCR22FR0000041_7012_70CDCR20D00000012_7012
d0d403952c2ef9b6b529eebbcb5b0de684b805bec6cc48bdac6c2bb34d38fcc3,ICE,Biden,ICE detention services,2022-09-13,70CDCR22FR0000001,70CDCR22D00000001,Delivery Order,P00009,yes,"THE GEO GROUP, INC.",JMLKZZ1NL2Z6,3JMR1,3128000.00,43859762.34,43859762.34,2021-10-19,2022-10-15,2022-10-15,DETENTION COMPLIANCE AND REMOVALS,,Full And Open Competition,,Negotiated Proposal/Quote,,S206,Guard Services,561210,Facilities Support Services,"INCREMENTAL FUNDING FOR DETENTION, TRANSPORTATION AND MEDICAL SERVICES FOR DENVER (AURORA) CONTRACT DETENTION FACILITY","DETENTION, TRANSPORTATION AND MEDICAL SERVICES FOR DENVER (AURORA) CONTRACT DETENTION FACILITY",https://www.usaspending.gov/award/CONT_AWD_70CDCR22FR0000001_7012_70CDCR22D00000001_7012
6c65910b7764401ccb29787a6aec7158143b8e20320b0b109adf3927b3f4598a,ICE,Biden,ICE detention services,2022-09-14,70CDCR21FR0000059,70CDCR21D00000004,Delivery Order,P00012,yes,"THE GEO GROUP, INC.",JMLKZZ1NL2Z6,3JMR1,350000.00,34417491.34,34417491.34,2021-08-30,2022-08-31,2023-01-27,DETENTION COMPLIANCE AND REMOVALS,,Full And Open Competition,,Negotiated Proposal/Quote,,S206,Guard Services,561612,Security Guards and Patrol Services ,MIA AOR IMMIGRATION DETENTION AND TRANSPORTATION SERVICES,MIA AOR IMMIGRATION DETENTION AND TRANSPORTATION SERVICES,https://www.usaspending.gov/award/CONT_AWD_70CDCR21FR0000059_7012_70CDCR21D00000004_7012
a92b7b6742b25e401bd0cb8385cb32c5a004b7ff62d4910cea4abb9ba6b559f7,ICE,Biden,ICE detention services,2022-09-14,70CDCR22FC0000011,HSCEDM14A00001,BPA Call,P00005,yes,"THE GEO GROUP, INC.",JMLKZZ1NL2Z6,3JMR1,206990.80,4136141.62,4136141.62,2022-04-01,2023-03-31,2023-06-29,DETENTION COMPLIANCE AND REMOVALS,,Competed Under Simplified Acquisition Procedures,1,Simplified Acquisition,,S206,Guard Services,922140,Correctional Institutions ,FUNDING MOD FOR RIO GRANDE FACILITY WITH GEO GROUP UNDER DOJ NUMBER ODT-7-C-0003. (POP 4/1/22 - 3/31/23)  COR:  JOSE LONGORIA,"FUNDING FOR RIO GRANDE FACILITY WITH GEO GROUP UNDER DOJ NUMBER ODT-7-C-0003. NEW TASK ORDER . (POP 4/1/22 - 3/31/23)

COR: JOSE LONGORIA",https://www.usaspending.gov/award/CONT_AWD_70CDCR22FC0000011_7012_HSCEDM14A00001_7012
5ab7a2f1aeddd82e8bf6b59e9bb2fe374b0de357c649c6e1416ca043d2b65b0b,ICE,Biden,ICE detention services,2022-09-14,70CDCR22FR0000002,HSCEDM15D00015,Delivery Order,P00013,yes,"THE GEO GROUP, INC.",JMLKZZ1NL2Z6,3JMR1,5617270.41,65941447.91,65941447.91,2021-10-27,2022-10-27,2022-11-26,DETENTION COMPLIANCE AND REMOVALS,,Full And Open Competition,,Negotiated Proposal/Quote,HSCEDM15R00001,S206,Guard Services,561210,Facilities Support Services,"THIS MODIFICATION IS TO ADD FUNDING FOR DETENTION SERVICES AT NORTHWEST DETENTION CENTER, TACOMA",DETENTION AND TRANSPORTATION SERVICES NORTHWEST DETENTION CENTER TACOMA,https://www.usaspending.gov/award/CONT_AWD_70CDCR22FR0000002_7012_HSCEDM15D00015_7012
4b5f31c354ab74cae09b07713caf52ce02e16d9a839fe057acfd33cd3bb6da07,ICE,Biden,ICE detention services,2022-09-16,70CDCR19FR0000089,HSCEDM11D00003,Delivery Order,P00007,yes,"THE GEO GROUP, INC.",JMLKZZ1NL2Z6,3JMR1,69073.56,46180315.09,46180315.09,2019-09-11,2020-09-15,2021-03-25,DETENTION COMPLIANCE AND REMOVALS,,Full And Open Competition,,Negotiated Proposal/Quote,,S206,Guard Services,561210,Facilities Support Services,"DETENTION MANAGEMENT/MEDICAL/TRANSPORTATION FOR AURORA, CO","DETENTION MANAGEMENT/MEDICAL/TRANSPORTATION FOR AURORA, CO",https://www.usaspending.gov/award/CONT_AWD_70CDCR19FR0000089_7012_HSCEDM11D00003_7012
dc3fe08ffdb08363382b4d4ad23629662136bd5fbbbdf7bcbb36ae83afd66a9c,ICE,Biden,ICE detention services,2022-09-16,70CDCR21FR0000004,70CDCR20D00000009,Delivery Order,P00009,yes,"THE GEO GROUP, INC.",JMLKZZ1NL2Z6,3JMR1,1505243.00,110740019.25,110740019.25,2020-11-04,2021-12-19,2021-12-19,DETENTION COMPLIANCE AND REMOVALS,,Full And Open Competition,,Negotiated Proposal/Quote,,S206,Guard Services,561612,Security Guards and Patrol Services ,TO ADD FUNDING FOR DETENTION SERVICES IN THE LOS ANGELES AREA OF RESPONSIBILITY,TASK ORDER IS TO PROVIDE FUNDING FOR DETENTION TRANSPORTATION AND MEDICAL SERVICES IN THE LOS ANGELES AREA OF RESPONSIBILITY,https://www.usaspending.gov/award/CONT_AWD_70CDCR21FR0000004_7012_70CDCR20D00000009_7012
c5d1694f0567ab7c7c739f776743fddb2542a66a03984cb1cae465209cc0dab4,ICE,Biden,ICE detention services,2022-09-16,70CDCR22FR0000044,70CDCR21D00000004,Delivery Order,P00001,yes,"THE GEO GROUP, INC.",JMLKZZ1NL2Z6,3JMR1,486108.30,36788066.45,39380858.91,2022-09-01,2023-08-31,2024-01-27,DETENTION COMPLIANCE AND REMOVALS,,Full And Open Competition,,Negotiated Proposal/Quote,,S206,Guard Services,561612,Security Guards and Patrol Services ,MIA AOR DETENTION AND TRANSPORTATION SERVICES,MIA AOR DETENTION AND TRANSPORTATION SERVICES,https://www.usaspending.gov/award/CONT_AWD_70CDCR22FR0000044_7012_70CDCR21D00000004_7012
37247b891f35860edc50c7b21275ac6b39a68aa6a72ff341c99aef5c5451690a,ICE,Biden,ICE detention services,2022-09-20,70CDCR21FR0000059,70CDCR21D00000004,Delivery Order,P00013,yes,"THE GEO GROUP, INC.",JMLKZZ1NL2Z6,3JMR1,26500.00,34417491.34,34417491.34,2021-08-30,2022-08-31,2023-01-27,DETENTION COMPLIANCE AND REMOVALS,,Full And Open Competition,,Negotiated Proposal/Quote,,S206,Guard Services,561612,Security Guards and Patrol Services ,MIA AOR IMMIGRATION DETENTION AND TRANSPORTATION SERVICES,MIA AOR IMMIGRATION DETENTION AND TRANSPORTATION SERVICES,https://www.usaspending.gov/award/CONT_AWD_70CDCR21FR0000059_7012_70CDCR21D00000004_7012
781abc201698a3fac5a327527ed59c9dc11581141e61808071127ad12154030b,ICE,Biden,ICE detention services,2022-09-21,70CDCR21FR0000057,HSCEDM17D00009,Delivery Order,P00014,yes,"THE GEO GROUP, INC.",JMLKZZ1NL2Z6,3JMR1,263854.53,39294732.79,39294732.79,2021-08-17,2022-08-17,2022-08-17,DETENTION COMPLIANCE AND REMOVALS,,Full And Open Competition,,Negotiated Proposal/Quote,HSCEDM15R00004,S206,Guard Services,561210,Facilities Support Services,MONTGOMERY PROCESSING CENTER DETENTION SERVICES,MONTGOMERY PROCESSING CENTER DETENTION SERVICES,https://www.usaspending.gov/award/CONT_AWD_70CDCR21FR0000057_7012_HSCEDM17D00009_7012
2579daddd92b40ff7427f607900dc581bb789f15594a80ac9a32af40ebaad06f,CBP,Biden,CBP detention/jail space,2022-09-22,HSBP1016P00277,,PURCHASE ORDER,P00012,yes,"THE GEO GROUP, INC.",JMLKZZ1NL2Z6,3JMR1,-12506.47,833449.72,845956.19,2016-05-01,2020-04-30,2020-04-30,BORDER ENFORCEMENT CONTRACTING DIVISION,US BORDER PATROL,NOT COMPETED UNDER SAP,1,SIMPLIFIED ACQUISITION,HSBP1016Q0062,X1FF,LEASE/RENTAL OF PENAL FACILITIES,922140,CORRECTIONAL INSTITUTIONS,DEOBLIGATION MODIFICATION,IGF::OT::IGF - DETENTION SPACE,https://www.usaspending.gov/award/CONT_AWD_HSBP1016P00277_7014_-NONE-_-NONE-
f118e7a6e86c2ded30bd51521aa8a11fb824efd1b1990930d95fd1a2e67771b2,ICE,Biden,ICE detention services,2022-09-22,70CDCR22FR0000002,HSCEDM15D00015,Delivery Order,P00014,yes,"THE GEO GROUP, INC.",JMLKZZ1NL2Z6,3JMR1,37083.37,65941447.91,65941447.91,2021-10-27,2022-10-27,2022-11-26,DETENTION COMPLIANCE AND REMOVALS,,Full And Open Competition,,Negotiated Proposal/Quote,HSCEDM15R00001,S206,Guard Services,561210,Facilities Support Services,"THIS MODIFICATION IS TO ADD FUNDING FOR DETENTION SERVICES AT NORTHWEST DETENTION CENTER, TACOMA",DETENTION AND TRANSPORTATION SERVICES NORTHWEST DETENTION CENTER TACOMA,https://www.usaspending.gov/award/CONT_AWD_70CDCR22FR0000002_7012_HSCEDM15D00015_7012
853606d44c5776deaf038c3026136d27148bc8c0e7973568d105b0e58cf51af3,ICE,Biden,ICE ISAP/electronic monitoring,2022-09-22,70CDCR22FR0000034,70CDCR20D00000011,Delivery Order,P00001,yes,B.I. INCORPORATED,PKK6L9KLMYR5,3CUH9,31127771.00,440305597.58,440305597.58,2022-08-01,2023-07-31,2023-07-31,DETENTION COMPLIANCE AND REMOVALS,,Full And Open Competition,,Negotiated Proposal/Quote,,R408,Program Management/Support Services,561210,Facilities Support Services,INTENSIVE SUPERVISION APPEARANCE PROGRAM (ISAP IV),INTENSIVE SUPERVISION APPEARANCE PROGRAM (ISAP IV),https://www.usaspending.gov/award/CONT_AWD_70CDCR22FR0000034_7012_70CDCR20D00000011_7012
f165061ab5f48a27adebaaac1197b2ffb37e42dd145f9475ac7d0ca98bed49c3,ICE,Biden,ICE detention services,2022-09-22,70CDCR22FR0000041,70CDCR20D00000012,Delivery Order,P00002,yes,"THE GEO GROUP, INC.",JMLKZZ1NL2Z6,3JMR1,5500.00,54162847.22,54162847.22,2022-08-06,2023-09-05,2024-05-30,DETENTION COMPLIANCE AND REMOVALS,,Full And Open Competition,,Negotiated Proposal/Quote,,S206,Guard Services,922140,Correctional Institutions ,SOUTH TEXAS DETENTION COMPLEX NEW TASK ORDER - POP 06 AUG 2022  - 05 AUG 2023.,SOUTH TEXAS DETENTION COMPLEX NEW TASK ORDER - POP 06 AUG 2022 - 05 AUG 2023.,https://www.usaspending.gov/award/CONT_AWD_70CDCR22FR0000041_7012_70CDCR20D00000012_7012
9f203917c7c0b2da39f5256197811addf54a503c597654b3089adac2e3393345,ICE,Biden,ICE ISAP/electronic monitoring,2022-09-26,70CDCR22FR0000034,70CDCR20D00000011,Delivery Order,P00002,yes,B.I. INCORPORATED,PKK6L9KLMYR5,3CUH9,400000.00,440305597.58,440305597.58,2022-08-01,2023-07-31,2023-07-31,DETENTION COMPLIANCE AND REMOVALS,,Full And Open Competition,,Negotiated Proposal/Quote,,R408,Program Management/Support Services,561210,Facilities Support Services,INTENSIVE SUPERVISION APPEARANCE PROGRAM (ISAP IV),INTENSIVE SUPERVISION APPEARANCE PROGRAM (ISAP IV),https://www.usaspending.gov/award/CONT_AWD_70CDCR22FR0000034_7012_70CDCR20D00000011_7012
25f402fdef7027f4451fe4fe170b3b10f8bdbf688a1a77f647634bc06a01e1b6,ICE,Biden,ICE detention services,2022-09-27,70CDCR22FR0000010,70CDCR20D00000009,Delivery Order,P00009,yes,"THE GEO GROUP, INC.",JMLKZZ1NL2Z6,3JMR1,1195817.00,122464905.00,122464905.00,2021-12-20,2022-12-19,2022-12-19,DETENTION COMPLIANCE AND REMOVALS,,Full And Open Competition,,Negotiated Proposal/Quote,,S206,Guard Services,561612,Security Guards and Patrol Services ,ADD FUNDING FOR DETENTION SERVICES IN THE LOS ANGELES AREA OF RESPONSIBILITY,TASK ORDER TO PROVIDE DETENTION SERVICES IN LOS ANGELES AREA OF RESPONSIBILITY,https://www.usaspending.gov/award/CONT_AWD_70CDCR22FR0000010_7012_70CDCR20D00000009_7012
6a64b032a80e1347e5ba2dca5f9f9e7a9e9135ac4de04c6c4171576ed938810e,ICE,Biden,ICE detention services,2022-09-28,70CDCR22FR0000002,HSCEDM15D00015,Delivery Order,P00015,yes,"THE GEO GROUP, INC.",JMLKZZ1NL2Z6,3JMR1,500000.00,65941447.91,65941447.91,2021-10-27,2022-10-27,2022-11-26,DETENTION COMPLIANCE AND REMOVALS,,Full And Open Competition,,Negotiated Proposal/Quote,HSCEDM15R00001,S206,Guard Services,561210,Facilities Support Services,"THIS MODIFICATION IS TO ADD FUNDING FOR DETENTION SERVICES AT NORTHWEST DETENTION CENTER, TACOMA",DETENTION AND TRANSPORTATION SERVICES NORTHWEST DETENTION CENTER TACOMA,https://www.usaspending.gov/award/CONT_AWD_70CDCR22FR0000002_7012_HSCEDM15D00015_7012
b5f5841636c4236c9fa51c96d0d8f63d1f6072e6b7adf0b84b68d1db7c11d63b,ICE,Biden,ICE ISAP/electronic monitoring,2022-09-29,70CDCR22FR0000034,70CDCR20D00000011,Delivery Order,P00003,yes,B.I. INCORPORATED,PKK6L9KLMYR5,3CUH9,762474.91,440305597.58,440305597.58,2022-08-01,2023-07-31,2023-07-31,DETENTION COMPLIANCE AND REMOVALS,,Full And Open Competition,,Negotiated Proposal/Quote,,R408,Program Management/Support Services,561210,Facilities Support Services,INTENSIVE SUPERVISION APPEARANCE PROGRAM (ISAP IV),INTENSIVE SUPERVISION APPEARANCE PROGRAM (ISAP IV),https://www.usaspending.gov/award/CONT_AWD_70CDCR22FR0000034_7012_70CDCR20D00000011_7012
da882548a79a10ee3dd7c9e8927c4382f4b052a1f10b1ed6d4f87718db751c07,ICE,Biden,ICE detention services,2022-09-30,70CDCR22FC0000011,HSCEDM14A00001,BPA Call,P00006,yes,"THE GEO GROUP, INC.",JMLKZZ1NL2Z6,3JMR1,249995.60,4136141.62,4136141.62,2022-04-01,2023-03-31,2023-06-29,DETENTION COMPLIANCE AND REMOVALS,,Competed Under Simplified Acquisition Procedures,1,Simplified Acquisition,,S206,Guard Services,922140,Correctional Institutions ,FUNDING MOD FOR RIO GRANDE FACILITY WITH GEO GROUP UNDER DOJ NUMBER ODT-7-C-0003. (POP 4/1/22 - 3/31/23)  COR:  JOSE LONGORIA,"FUNDING FOR RIO GRANDE FACILITY WITH GEO GROUP UNDER DOJ NUMBER ODT-7-C-0003. NEW TASK ORDER . (POP 4/1/22 - 3/31/23)

COR: JOSE LONGORIA",https://www.usaspending.gov/award/CONT_AWD_70CDCR22FC0000011_7012_HSCEDM14A00001_7012
f6b069ffad454b9d10efa9e2ada1e1f5df459d43a29b4b79fc2a0c63413091e7,ICE,Biden,ICE ISAP/electronic monitoring,2022-09-30,70CDCR22FR0000034,70CDCR20D00000011,Delivery Order,P00004,yes,B.I. INCORPORATED,PKK6L9KLMYR5,3CUH9,583965.74,440305597.58,440305597.58,2022-08-01,2023-07-31,2023-07-31,DETENTION COMPLIANCE AND REMOVALS,,Full And Open Competition,,Negotiated Proposal/Quote,,R408,Program Management/Support Services,561210,Facilities Support Services,INTENSIVE SUPERVISION APPEARANCE PROGRAM (ISAP IV),INTENSIVE SUPERVISION APPEARANCE PROGRAM (ISAP IV),https://www.usaspending.gov/award/CONT_AWD_70CDCR22FR0000034_7012_70CDCR20D00000011_7012
4025677dcff3cee003b158524ebbbbfa6087429e63f2851ef1e6519bdd23295d,ICE,Biden,ICE detention services,2022-10-06,70CDCR21FR0000073,HSCEDM15D00015,Delivery Order,P00002,yes,"THE GEO GROUP, INC.",JMLKZZ1NL2Z6,3JMR1,0.00,5348089.81,5348089.81,2021-09-28,2021-10-27,2022-11-05,DETENTION COMPLIANCE AND REMOVALS,,Full And Open Competition,,Negotiated Proposal/Quote,,S206,Guard Services,561210,Facilities Support Services,"REVISING UNIT PRICE ON THE DETENTION AND TRANSPORTATION SERVICES AT NORTHWEST DETENTION CENTER, TACOMA WA",DETENTION AND TRANSPORTATION SERVICES NORTHWEST DETENTION CENTER TACOMA,https://www.usaspending.gov/award/CONT_AWD_70CDCR21FR0000073_7012_HSCEDM15D00015_7012
fd43236311f98ec9ba0985745d2928bc297a00d68b1b7ba42befb7739ae8d424,ICE,Biden,ICE detention services,2022-10-14,70CDCR23FR0000001,70CDCR22D00000001,Delivery Order,0,no,"THE GEO GROUP, INC.",JMLKZZ1NL2Z6,3JMR1,5553933.28,47344096.11,47344096.11,2022-10-16,2023-10-15,2023-12-27,DETENTION COMPLIANCE AND REMOVALS,,Full And Open Competition,,Negotiated Proposal/Quote,,S206,Guard Services,561210,Facilities Support Services,"NEW TASK ORDER FOR DETENTION, TRANSPORTATION AND MEDICAL SERVICES FOR DENVER (AURORA) CONTRACT DETENTION FACILITY","NEW TASK ORDER FOR DETENTION, TRANSPORTATION AND MEDICAL SERVICES FOR DENVER (AURORA) CONTRACT DETENTION FACILITY",https://www.usaspending.gov/award/CONT_AWD_70CDCR23FR0000001_7012_70CDCR22D00000001_7012
02dccafe69e779ec160e3fec60a4d7224e1ee0a092b4b0f1d3453e41234c5f38,CBP,Biden,CBP detention/jail space,2022-10-20,70B03C20P00000219,,PURCHASE ORDER,P00007,yes,"THE GEO GROUP, INC.",JMLKZZ1NL2Z6,3JMR1,0.00,585781.54,987051.30,2020-05-01,2024-10-31,2024-10-31,BORDER ENFORCEMENT CONTRACTING DIVISION,US BORDER PATROL,NOT COMPETED,1,ONLY ONE SOURCE,70B03C20R00000062,X1FF,LEASE/RENTAL OF PENAL FACILITIES,922140,CORRECTIONAL INSTITUTIONS,INCORPORAGE USM IGA PER DIEM RATES,PURCHASE OF DETENTION/JAIL SPACE FOR THE RGV SECTOR.,https://www.usaspending.gov/award/CONT_AWD_70B03C20P00000219_7014_-NONE-_-NONE-
76a49ec8e5f0980473235f9a86c30000b838068fa71db369d99f7b677d325d19,ICE,Biden,ICE detention services,2022-10-20,70CDCR22FR0000041,70CDCR20D00000012,Delivery Order,P00003,yes,"THE GEO GROUP, INC.",JMLKZZ1NL2Z6,3JMR1,9046400.00,54162847.22,54162847.22,2022-08-06,2023-09-05,2024-05-30,DETENTION COMPLIANCE AND REMOVALS,,Full And Open Competition,,Negotiated Proposal/Quote,,S206,Guard Services,922140,Correctional Institutions ,SOUTH TEXAS DETENTION COMPLEX NEW TASK ORDER - POP 06 AUG 2022  - 05 AUG 2023.,SOUTH TEXAS DETENTION COMPLEX NEW TASK ORDER - POP 06 AUG 2022 - 05 AUG 2023.,https://www.usaspending.gov/award/CONT_AWD_70CDCR22FR0000041_7012_70CDCR20D00000012_7012
b7c52626383e4a19f91072a66ce5a2bd115b65da8312088119c88e510c727eab,ICE,Biden,ICE detention services,2022-10-26,70CDCR23FR0000001,70CDCR22D00000001,Delivery Order,P00001,yes,"THE GEO GROUP, INC.",JMLKZZ1NL2Z6,3JMR1,207500.00,47344096.11,47344096.11,2022-10-16,2023-10-15,2023-12-27,DETENTION COMPLIANCE AND REMOVALS,,Full And Open Competition,,Negotiated Proposal/Quote,,S206,Guard Services,561210,Facilities Support Services,"ADDING FUNDS FOR DETENTION, TRANSPORTATION AND MEDICAL SERVICES FOR DENVER (AURORA) CONTRACT DETENTION FACILITY","NEW TASK ORDER FOR DETENTION, TRANSPORTATION AND MEDICAL SERVICES FOR DENVER (AURORA) CONTRACT DETENTION FACILITY",https://www.usaspending.gov/award/CONT_AWD_70CDCR23FR0000001_7012_70CDCR22D00000001_7012
85bdcf20b2853def36318fb8efb3ee197158b96802a9039c6ea1e2d9408ae0ae,ICE,Biden,ICE detention services,2022-10-27,70CDCR22FR0000001,70CDCR22D00000001,Delivery Order,P00010,yes,"THE GEO GROUP, INC.",JMLKZZ1NL2Z6,3JMR1,1576700.00,43859762.34,43859762.34,2021-10-19,2022-10-15,2022-10-15,DETENTION COMPLIANCE AND REMOVALS,,Full And Open Competition,,Negotiated Proposal/Quote,,S206,Guard Services,561210,Facilities Support Services,"INCREMENTAL FUNDING FOR DETENTION, TRANSPORTATION AND MEDICAL SERVICES FOR DENVER (AURORA) CONTRACT DETENTION FACILITY","DETENTION, TRANSPORTATION AND MEDICAL SERVICES FOR DENVER (AURORA) CONTRACT DETENTION FACILITY",https://www.usaspending.gov/award/CONT_AWD_70CDCR22FR0000001_7012_70CDCR22D00000001_7012
5e072454a719332b4fbe34db719d3174350976f866590141588610c3993ab575,ICE,Biden,ICE detention services,2022-10-27,70CDCR22FR0000002,HSCEDM15D00015,Delivery Order,P00016,yes,"THE GEO GROUP, INC.",JMLKZZ1NL2Z6,3JMR1,5086426.00,65941447.91,65941447.91,2021-10-27,2022-10-27,2022-11-26,DETENTION COMPLIANCE AND REMOVALS,,Full And Open Competition,,Negotiated Proposal/Quote,HSCEDM15R00001,S206,Guard Services,561210,Facilities Support Services,"THIS MODIFICATION IS TO ADD FUNDING FOR DETENTION SERVICES AT NORTHWEST DETENTION CENTER, TACOMA",DETENTION AND TRANSPORTATION SERVICES NORTHWEST DETENTION CENTER TACOMA,https://www.usaspending.gov/award/CONT_AWD_70CDCR22FR0000002_7012_HSCEDM15D00015_7012
59b8cc3a2a10324804024c475e98fe03eaea870c0995b2927e827e73308c2a61,ICE,Biden,ICE detention services,2022-10-27,70CDCR22FR0000002,HSCEDM15D00015,Delivery Order,P00017,yes,"THE GEO GROUP, INC.",JMLKZZ1NL2Z6,3JMR1,0.00,65941447.91,65941447.91,2021-10-27,2022-10-27,2022-11-26,DETENTION COMPLIANCE AND REMOVALS,,Full And Open Competition,,Negotiated Proposal/Quote,HSCEDM15R00001,S206,Guard Services,561210,Facilities Support Services,"THIS MODIFICATION IS TO CORRECT CONTRACT LINE ITEM NUMBERS (CLINS) FOR DETENTION SERVICES AT NORTHWEST DETENTION CENTER, TACOMA",DETENTION AND TRANSPORTATION SERVICES NORTHWEST DETENTION CENTER TACOMA,https://www.usaspending.gov/award/CONT_AWD_70CDCR22FR0000002_7012_HSCEDM15D00015_7012
763470c3a005b4e46dec22038deecc2ed1fb1494286456fd2ca7545d72771f87,ICE,Biden,ICE detention services,2022-10-27,70CDCR23FR0000002,HSCEDM15D00015,Delivery Order,0,no,"THE GEO GROUP, INC.",JMLKZZ1NL2Z6,3JMR1,6004500.00,69539507.19,69539507.19,2022-10-28,2023-10-27,2023-10-27,DETENTION COMPLIANCE AND REMOVALS,,Full And Open Competition,,Negotiated Proposal/Quote,,S206,Guard Services,561210,Facilities Support Services,"NEW TASK ORDER FOR DETENTION AND TRANSPORTATION SERVICES AT NORTHWEST DETENTION CENTER, TACOMA","NEW TASK ORDER FOR DETENTION AND TRANSPORTATION SERVICES AT NORTHWEST DETENTION CENTER, TACOMA",https://www.usaspending.gov/award/CONT_AWD_70CDCR23FR0000002_7012_HSCEDM15D00015_7012
e239a3627155d160410b158eafa398fd3a7a2011caaf254e90ab1fbfe6d794fb,ICE,Biden,ICE other/unresolved,2022-11-01,70CDCR22FR0000045,HSCEDM17D00009,Delivery Order,P00001,yes,"THE GEO GROUP, INC.",JMLKZZ1NL2Z6,3JMR1,5478198.49,48312099.25,48312099.25,2022-08-18,2023-08-17,2024-08-08,DETENTION COMPLIANCE AND REMOVALS,,Full And Open Competition,,Negotiated Proposal/Quote,HSCEDM15R00004,S206,Guard Services,561210,Facilities Support Services,**NEW TASK ORDER NUMBER ( MONTGOMERY PROCESSING CENTER (MPC) /GEO) CONTRACT PERIOD OF PERFORMANCE- 18 AUG 2022 - 17 AUG 2023 FUNDING PERIOD OF PERFORMANCE - 18 AUG 2022 - 30 SEP 2022,"**NEW TASK ORDER NUMBER ( MONTGOMERY PROCESSING CENTER (MPC) /GEO)
CONTRACT PERIOD OF PERFORMANCE- 18 AUG 2022 - 17 AUG 2023
FUNDING PERIOD OF PERFORMANCE - 18 AUG 2022 - 30 SEP 2022",https://www.usaspending.gov/award/CONT_AWD_70CDCR22FR0000045_7012_HSCEDM17D00009_7012
d27a44828f96686cc6d01499ca5bd53bcd076846658fbea72a3545e836ac8990,ICE,Biden,ICE detention services,2022-11-02,70CDCR22FR0000010,70CDCR20D00000009,Delivery Order,P00010,yes,"THE GEO GROUP, INC.",JMLKZZ1NL2Z6,3JMR1,22884200.00,122464905.00,122464905.00,2021-12-20,2022-12-19,2022-12-19,DETENTION COMPLIANCE AND REMOVALS,,Full And Open Competition,,Negotiated Proposal/Quote,,S206,Guard Services,561612,Security Guards and Patrol Services ,ADD FUNDING FOR DETENTION SERVICES IN THE LOS ANGELES AREA OF RESPONSIBILITY,TASK ORDER TO PROVIDE DETENTION SERVICES IN LOS ANGELES AREA OF RESPONSIBILITY,https://www.usaspending.gov/award/CONT_AWD_70CDCR22FR0000010_7012_70CDCR20D00000009_7012
f5cc48a5d095c8e662e3eeb82b5eabc20671a9ec5862e19619b997a17ec760aa,ICE,Biden,ICE detention services,2022-11-02,70CDCR22FR0000012,70CDCR20D00000008,Delivery Order,P00008,yes,"THE GEO GROUP, INC.",JMLKZZ1NL2Z6,3JMR1,11373002.00,52913469.21,52913469.21,2021-12-20,2022-12-19,2022-12-19,DETENTION COMPLIANCE AND REMOVALS,,Full And Open Competition,,Negotiated Proposal/Quote,,S206,Guard Services,561612,Security Guards and Patrol Services ,FUNDING FOR DETENTION SERVICES AT MESA VERDE AND GOLDEN STATE FACILITIES.,"TASK ORDER FOR DETENTION SERVICES AT MESA VERDE AND GOLDEN STATE FACILITIES, CA",https://www.usaspending.gov/award/CONT_AWD_70CDCR22FR0000012_7012_70CDCR20D00000008_7012
46d5b5bde6645426afc66e2d1c7adbe572efecd6f144fc2bcd5753b5f85a79f0,ICE,Biden,ICE detention services,2022-11-09,70CDCR22FR0000044,70CDCR21D00000004,Delivery Order,P00002,yes,"THE GEO GROUP, INC.",JMLKZZ1NL2Z6,3JMR1,5812700.00,36788066.45,39380858.91,2022-09-01,2023-08-31,2024-01-27,DETENTION COMPLIANCE AND REMOVALS,,Full And Open Competition,,Negotiated Proposal/Quote,,S206,Guard Services,561612,Security Guards and Patrol Services ,MIA AOR DETENTION AND TRANSPORTATION SERVICES,MIA AOR DETENTION AND TRANSPORTATION SERVICES,https://www.usaspending.gov/award/CONT_AWD_70CDCR22FR0000044_7012_70CDCR21D00000004_7012
8c6796395eb178c98072938b4bb7337f8c0199806c957cb04b3ed2e4f31d6af3,ICE,Biden,ICE detention services,2022-11-13,70CDCR22FR0000041,70CDCR20D00000012,Delivery Order,P00004,yes,"THE GEO GROUP, INC.",JMLKZZ1NL2Z6,3JMR1,47000.00,54162847.22,54162847.22,2022-08-06,2023-09-05,2024-05-30,DETENTION COMPLIANCE AND REMOVALS,,Full And Open Competition,,Negotiated Proposal/Quote,,S206,Guard Services,922140,Correctional Institutions ,SOUTH TEXAS DETENTION COMPLEX NEW TASK ORDER - POP 06 AUG 2022  - 05 AUG 2023.,SOUTH TEXAS DETENTION COMPLEX NEW TASK ORDER - POP 06 AUG 2022 - 05 AUG 2023.,https://www.usaspending.gov/award/CONT_AWD_70CDCR22FR0000041_7012_70CDCR20D00000012_7012
bd5354fd3b3f18d977dc12e47a6ba5061d7634fa71a65269f24c3a16fa0d51ac,ICE,Biden,ICE other/unresolved,2022-11-15,70CDCR18P00000084,,Purchase Order,P00002,yes,"CORNELL COMPANIES, INC.",TLDCDE29G781,3MTH6,0.00,0.00,0.00,2018-02-01,2019-01-31,2021-01-29,DETENTION COMPLIANCE AND REMOVALS,,Competed Under Simplified Acquisition Procedures,1,Simplified Acquisition,,S206,Guard Services,561612,Security Guards and Patrol Services ,USE OF THIS FACILITY DUE TO POSSIBLE INCLEMENT WEATHER AND HAZARDOUS DRIVING CONDITIONS.,USE OF THIS FACILITY DUE TO POSSIBLE INCLEMENT WEATHER AND HAZARDOUS DRIVING CONDITIONS.,https://www.usaspending.gov/award/CONT_AWD_70CDCR18P00000084_7012_-NONE-_-NONE-
4506a4dda2220d72b5f8fa539f9705300256fa4e7fcae64ab5b8e7738b1b76ea,ICE,Biden,ICE detention services,2022-11-15,70CDCR22FC0000011,HSCEDM14A00001,BPA Call,P00007,yes,"THE GEO GROUP, INC.",JMLKZZ1NL2Z6,3JMR1,530700.00,4136141.62,4136141.62,2022-04-01,2023-03-31,2023-06-29,DETENTION COMPLIANCE AND REMOVALS,,Competed Under Simplified Acquisition Procedures,1,Simplified Acquisition,,S206,Guard Services,922140,Correctional Institutions ,FUNDING MOD FOR RIO GRANDE FACILITY WITH GEO GROUP UNDER DOJ NUMBER ODT-7-C-0003. (POP 4/1/22 - 3/31/23)  COR:  JOSE LONGORIA,"FUNDING FOR RIO GRANDE FACILITY WITH GEO GROUP UNDER DOJ NUMBER ODT-7-C-0003. NEW TASK ORDER . (POP 4/1/22 - 3/31/23)

COR: JOSE LONGORIA",https://www.usaspending.gov/award/CONT_AWD_70CDCR22FC0000011_7012_HSCEDM14A00001_7012
8f6ca477d678a4ead96351f10d72b2e323987955918ccb5014982cb1051da4b8,ICE,Biden,ICE detention services,2022-11-15,70CDCR22FC0000012,70CDCR18A00000007,BPA Call,P00001,yes,"THE GEO GROUP, INC.",JMLKZZ1NL2Z6,3JMR1,43900.00,211329.15,211329.15,2022-07-23,2023-07-22,2023-07-22,DETENTION COMPLIANCE AND REMOVALS,,Competed Under Simplified Acquisition Procedures,1,Simplified Acquisition,,S206,Guard Services,922140,Correctional Institutions ,DETAINEE BED DAYS AT THE ROBERT A. DEYTON DETENTION FACILITY,DETAINEE BED DAYS AT THE ROBERT A. DEYTON DETENTION FACILITY,https://www.usaspending.gov/award/CONT_AWD_70CDCR22FC0000012_7012_70CDCR18A00000007_7012
14ffc92332a70e1d1d587e6108a5abda6c0d17e0943fdc09fbaf13c835b8ce8b,ICE,Biden,ICE ISAP/electronic monitoring,2022-11-22,70CDCR22FR0000034,70CDCR20D00000011,Delivery Order,P00005,yes,B.I. INCORPORATED,PKK6L9KLMYR5,3CUH9,54787537.00,440305597.58,440305597.58,2022-08-01,2023-07-31,2023-07-31,DETENTION COMPLIANCE AND REMOVALS,,Full And Open Competition,,Negotiated Proposal/Quote,,R408,Program Management/Support Services,561210,Facilities Support Services,INTENSIVE SUPERVISION APPEARANCE PROGRAM (ISAP IV),INTENSIVE SUPERVISION APPEARANCE PROGRAM (ISAP IV),https://www.usaspending.gov/award/CONT_AWD_70CDCR22FR0000034_7012_70CDCR20D00000011_7012
b210077e8f7b96bb87c59d67295db63313715f0cf80596c74e548e46f77c2094,ICE,Biden,ICE detention services,2022-12-12,70CDCR22FR0000044,70CDCR21D00000004,Delivery Order,P00003,yes,"THE GEO GROUP, INC.",JMLKZZ1NL2Z6,3JMR1,2906300.00,36788066.45,39380858.91,2022-09-01,2023-08-31,2024-01-27,DETENTION COMPLIANCE AND REMOVALS,,Full And Open Competition,,Negotiated Proposal/Quote,,S206,Guard Services,561612,Security Guards and Patrol Services ,MIA AOR DETENTION AND TRANSPORTATION SERVICES,MIA AOR DETENTION AND TRANSPORTATION SERVICES,https://www.usaspending.gov/award/CONT_AWD_70CDCR22FR0000044_7012_70CDCR21D00000004_7012
fa0b3d1acea299d099bb70c6cec39f9ce1dfbcc80dae3be5e92d26813952bf48,ICE,Biden,ICE detention services,2022-12-16,70CDCR20FR0000050,70CDCR20D00000012,Delivery Order,P00008,yes,"THE GEO GROUP, INC.",JMLKZZ1NL2Z6,3JMR1,38931.28,51996947.54,51996947.54,2020-08-06,2021-08-05,2021-08-05,DETENTION COMPLIANCE AND REMOVALS,,Full And Open Competition,,Negotiated Proposal/Quote,,S206,Guard Services,922140,Correctional Institutions ,FY20 TO FOR DETENTION AND TRANSPORTATION SERVICES - SOUTH TEXAS ICE PROCESSING CENTER (STIPC),FY20 TO FOR DETENTION AND TRANSPORTATION SERVICES - SOUTH TEXAS ICE PROCESSING CENTER (STIPC),https://www.usaspending.gov/award/CONT_AWD_70CDCR20FR0000050_7012_70CDCR20D00000012_7012
e812613dae2890298c135e787076e056684ba239c3863825eeae23d369064fbb,ICE,Biden,ICE detention services,2022-12-19,70CDCR22FR0000003,15M40018DA3500001,Delivery Order,P00001,yes,"THE GEO GROUP, INC.",JMLKZZ1NL2Z6,3JMR1,-417.00,83.40,83.40,2021-10-01,2022-03-31,2022-03-31,DETENTION COMPLIANCE AND REMOVALS,,Competed Under Simplified Acquisition Procedures,,Simplified Acquisition,,S206,Guard Services,561210,Facilities Support Services,CLOSEOUT TASK ORDER FOR DETENTION AND GUARD SERVICES,DETENTION AND GUARD SERVICES,https://www.usaspending.gov/award/CONT_AWD_70CDCR22FR0000003_7012_15M40018DA3500001_1544
9783b6611103d1db8b922fa0111332fa6ec1e549be53942e6bdf3848df894978,ICE,Biden,ICE detention services,2022-12-19,70CDCR23FR0000009,70CDCR20D00000008,Delivery Order,0,no,"THE GEO GROUP, INC.",JMLKZZ1NL2Z6,3JMR1,4611194.00,54862887.20,54862887.20,2022-12-20,2023-12-19,2023-12-19,DETENTION COMPLIANCE AND REMOVALS,,Full And Open Competition,,Negotiated Proposal/Quote,,S206,Guard Services,561612,Security Guards and Patrol Services ,NEW TASK ORDER FOR DETENTION SERVICES AT MESA VERDE AND GOLDEN STATE FACILITIES.,NEW TASK ORDER FOR DETENTION SERVICES AT MESA VERDE AND GOLDEN STATE FACILITIES.,https://www.usaspending.gov/award/CONT_AWD_70CDCR23FR0000009_7012_70CDCR20D00000008_7012
5b69c5d70a5630e41e949a9e36bcd9fc5cb99757a15a41ce290d348ac9ac457e,ICE,Biden,ICE detention services,2022-12-19,70CDCR23FR0000014,70CDCR20D00000009,Delivery Order,0,no,"THE GEO GROUP, INC.",JMLKZZ1NL2Z6,3JMR1,10547650.00,116595853.53,116595853.53,2022-12-20,2023-12-19,2024-12-19,DETENTION COMPLIANCE AND REMOVALS,,Full And Open Competition,,Negotiated Proposal/Quote,,S206,Guard Services,561612,Security Guards and Patrol Services ,NEW TASK ORDER FOR DETENTION SERVICES IN THE LOS ANGELES AREA OF RESPONSIBILITY,NEW TASK ORDER FOR DETENTION SERVICES IN THE LOS ANGELES AREA OF RESPONSIBILITY,https://www.usaspending.gov/award/CONT_AWD_70CDCR23FR0000014_7012_70CDCR20D00000009_7012
0047c10281e01f878aac0de586ec2e42294c929d37e46c9b46189a47a37d79ff,ICE,Biden,ICE detention services,2022-12-21,70CDCR22FR0000010,70CDCR20D00000009,Delivery Order,P00011,yes,"THE GEO GROUP, INC.",JMLKZZ1NL2Z6,3JMR1,7127700.00,122464905.00,122464905.00,2021-12-20,2022-12-19,2022-12-19,DETENTION COMPLIANCE AND REMOVALS,,Full And Open Competition,,Negotiated Proposal/Quote,,S206,Guard Services,561612,Security Guards and Patrol Services ,ADD FUNDING FOR DETENTION SERVICES IN THE LOS ANGELES AREA OF RESPONSIBILITY,TASK ORDER TO PROVIDE DETENTION SERVICES IN LOS ANGELES AREA OF RESPONSIBILITY,https://www.usaspending.gov/award/CONT_AWD_70CDCR22FR0000010_7012_70CDCR20D00000009_7012
d7792f3174e631b417a8674abf41598791369f479446140b925a459f1a4f9551,ICE,Biden,ICE detention services,2022-12-21,70CDCR23FR0000002,HSCEDM15D00015,Delivery Order,P00001,yes,"THE GEO GROUP, INC.",JMLKZZ1NL2Z6,3JMR1,6004277.75,69539507.19,69539507.19,2022-10-28,2023-10-27,2023-10-27,DETENTION COMPLIANCE AND REMOVALS,,Full And Open Competition,,Negotiated Proposal/Quote,,S206,Guard Services,561210,Facilities Support Services,"ADDING FUNDS FOR DETENTION AND TRANSPORTATION SERVICES AT NORTHWEST DETENTION CENTER, TACOMA","NEW TASK ORDER FOR DETENTION AND TRANSPORTATION SERVICES AT NORTHWEST DETENTION CENTER, TACOMA",https://www.usaspending.gov/award/CONT_AWD_70CDCR23FR0000002_7012_HSCEDM15D00015_7012
ca290f99eab37e6d30af94d3a4e4ec471972e398596af5156e9bd9efa6385d76,ICE,Biden,ICE detention services,2022-12-28,70CDCR21FR0000059,70CDCR21D00000004,Delivery Order,P00014,yes,"THE GEO GROUP, INC.",JMLKZZ1NL2Z6,3JMR1,-63357.24,34417491.34,34417491.34,2021-08-30,2022-08-31,2023-01-27,DETENTION COMPLIANCE AND REMOVALS,,Full And Open Competition,,Negotiated Proposal/Quote,,S206,Guard Services,561612,Security Guards and Patrol Services ,MIA AOR IMMIGRATION DETENTION AND TRANSPORTATION SERVICES,MIA AOR IMMIGRATION DETENTION AND TRANSPORTATION SERVICES,https://www.usaspending.gov/award/CONT_AWD_70CDCR21FR0000059_7012_70CDCR21D00000004_7012
ba7ebf7bb6eeaacd77a932c0619aa6216bca127a020d4d45e83b3a11d2979239,ICE,Biden,ICE detention services,2022-12-29,70CDCR22FR0000041,70CDCR20D00000012,Delivery Order,P00005,yes,"THE GEO GROUP, INC.",JMLKZZ1NL2Z6,3JMR1,4523181.47,54162847.22,54162847.22,2022-08-06,2023-09-05,2024-05-30,DETENTION COMPLIANCE AND REMOVALS,,Full And Open Competition,,Negotiated Proposal/Quote,,S206,Guard Services,922140,Correctional Institutions ,SOUTH TEXAS DETENTION COMPLEX FUNDING MODIFICATION,SOUTH TEXAS DETENTION COMPLEX NEW TASK ORDER - POP 06 AUG 2022 - 05 AUG 2023.,https://www.usaspending.gov/award/CONT_AWD_70CDCR22FR0000041_7012_70CDCR20D00000012_7012
191b61097fb8b9bcde5c2fc0d764829c6799e28d74126db74bdb38eef3f930bd,ICE,Biden,ICE detention services,2023-01-05,70CDCR22FR0000010,70CDCR20D00000009,Delivery Order,P00012,yes,"THE GEO GROUP, INC.",JMLKZZ1NL2Z6,3JMR1,350000.00,122464905.00,122464905.00,2021-12-20,2022-12-19,2022-12-19,DETENTION COMPLIANCE AND REMOVALS,,Full And Open Competition,,Negotiated Proposal/Quote,,S206,Guard Services,561612,Security Guards and Patrol Services ,ADD FUNDING FOR DETENTION SERVICES IN THE LOS ANGELES AREA OF RESPONSIBILITY,TASK ORDER TO PROVIDE DETENTION SERVICES IN LOS ANGELES AREA OF RESPONSIBILITY,https://www.usaspending.gov/award/CONT_AWD_70CDCR22FR0000010_7012_70CDCR20D00000009_7012
c21b5e64afbe560016a4230d1143e7ba4004fc28fb21255270672ae13fbbb86f,ICE,Biden,ICE other/unresolved,2023-01-06,70CDCR22FR0000045,HSCEDM17D00009,Delivery Order,P00002,yes,"THE GEO GROUP, INC.",JMLKZZ1NL2Z6,3JMR1,2735934.18,48312099.25,48312099.25,2022-08-18,2023-08-17,2024-08-08,DETENTION COMPLIANCE AND REMOVALS,,Full And Open Competition,,Negotiated Proposal/Quote,HSCEDM15R00004,S206,Guard Services,561210,Facilities Support Services,ADMIN MOD- PRICE ADJUSTMENT,"**NEW TASK ORDER NUMBER ( MONTGOMERY PROCESSING CENTER (MPC) /GEO)
CONTRACT PERIOD OF PERFORMANCE- 18 AUG 2022 - 17 AUG 2023
FUNDING PERIOD OF PERFORMANCE - 18 AUG 2022 - 30 SEP 2022",https://www.usaspending.gov/award/CONT_AWD_70CDCR22FR0000045_7012_HSCEDM17D00009_7012
5c75afe61c71b668df416b778d563523b6076cb5fb371ff2cec0f8fa69e66dda,ICE,Biden,ICE detention services,2023-01-19,70CDCR23FR0000001,70CDCR22D00000001,Delivery Order,P00002,yes,"THE GEO GROUP, INC.",JMLKZZ1NL2Z6,3JMR1,3761621.60,47344096.11,47344096.11,2022-10-16,2023-10-15,2023-12-27,DETENTION COMPLIANCE AND REMOVALS,,Full And Open Competition,,Negotiated Proposal/Quote,,S206,Guard Services,561210,Facilities Support Services,"ADDING FUNDS FOR DETENTION, TRANSPORTATION AND MEDICAL SERVICES FOR DENVER (AURORA) CONTRACT DETENTION FACILITY","NEW TASK ORDER FOR DETENTION, TRANSPORTATION AND MEDICAL SERVICES FOR DENVER (AURORA) CONTRACT DETENTION FACILITY",https://www.usaspending.gov/award/CONT_AWD_70CDCR23FR0000001_7012_70CDCR22D00000001_7012
5289f19ab3a9610d965ba456bdcf46e34839c6413cfbe9fff9fea0b673808ceb,ICE,Biden,ICE ISAP/electronic monitoring,2023-01-27,70CDCR20FR0000023,70CDCR20D00000011,Delivery Order,P00008,yes,B.I. INCORPORATED,PKK6L9KLMYR5,3CUH9,-6544.39,151182337.45,151182337.45,2020-03-23,2021-07-31,2021-07-31,DETENTION COMPLIANCE AND REMOVALS,,Full And Open Competition,,Negotiated Proposal/Quote,,R408,Program Management/Support Services,561210,Facilities Support Services,INTENSIVE SUPERVISION APPEARANCE PROGRAM (ISAP IV),INTENSIVE SUPERVISION APPEARANCE PROGRAM (ISAP IV),https://www.usaspending.gov/award/CONT_AWD_70CDCR20FR0000023_7012_70CDCR20D00000011_7012
7a107b29617acec1449a1b8394e36054b484033648b4752a3a78f2b89755c234,ICE,Biden,ICE detention services,2023-01-27,70CDCR23FR0000002,HSCEDM15D00015,Delivery Order,P00002,yes,"THE GEO GROUP, INC.",JMLKZZ1NL2Z6,3JMR1,17542956.52,69539507.19,69539507.19,2022-10-28,2023-10-27,2023-10-27,DETENTION COMPLIANCE AND REMOVALS,,Full And Open Competition,,Negotiated Proposal/Quote,,S206,Guard Services,561210,Facilities Support Services,"ADDING FUNDS FOR DETENTION AND TRANSPORTATION SERVICES AT NORTHWEST DETENTION CENTER, TACOMA","NEW TASK ORDER FOR DETENTION AND TRANSPORTATION SERVICES AT NORTHWEST DETENTION CENTER, TACOMA",https://www.usaspending.gov/award/CONT_AWD_70CDCR23FR0000002_7012_HSCEDM15D00015_7012
0c107e804869bf5112370bceadbba2ea0ae325b3c1b98fa2d3e7ffc8f5b196a2,ICE,Biden,ICE detention services,2023-01-31,70CDCR19FR0000058,70CDCR19D00000011,Delivery Order,P00005,yes,"THE GEO GROUP, INC.",JMLKZZ1NL2Z6,3JMR1,0.00,37878569.30,37878569.30,2019-06-26,2019-12-31,2020-04-03,DETENTION COMPLIANCE AND REMOVALS,,Not Competed,,Sole Source,,S206,Guard Services,561210,Facilities Support Services,DETENTION SERVICES,DETENTION SERVICES,https://www.usaspending.gov/award/CONT_AWD_70CDCR19FR0000058_7012_70CDCR19D00000011_7012
a259afa475a6c3a8e3560606ecab97fea08d302816b4b3a111e46500282a5a43,ICE,Biden,ICE detention services,2023-02-03,70CDCR22FC0000012,70CDCR18A00000007,BPA Call,P00002,yes,"THE GEO GROUP, INC.",JMLKZZ1NL2Z6,3JMR1,71300.00,211329.15,211329.15,2022-07-23,2023-07-22,2023-07-22,DETENTION COMPLIANCE AND REMOVALS,,Competed Under Simplified Acquisition Procedures,1,Simplified Acquisition,,S206,Guard Services,922140,Correctional Institutions ,DETAINEE BED DAYS AT THE ROBERT A. DEYTON DETENTION FACILITY,DETAINEE BED DAYS AT THE ROBERT A. DEYTON DETENTION FACILITY,https://www.usaspending.gov/award/CONT_AWD_70CDCR22FC0000012_7012_70CDCR18A00000007_7012
0b26b890a9d53ee5ac0841e67493f1ef6de8034f14cdc654638d495a705f9a2c,ICE,Biden,ICE detention services,2023-02-03,70CDCR22FR0000044,70CDCR21D00000004,Delivery Order,P00004,yes,"THE GEO GROUP, INC.",JMLKZZ1NL2Z6,3JMR1,9496194.09,36788066.45,39380858.91,2022-09-01,2023-08-31,2024-01-27,DETENTION COMPLIANCE AND REMOVALS,,Full And Open Competition,,Negotiated Proposal/Quote,,S206,Guard Services,561612,Security Guards and Patrol Services ,MIA AOR DETENTION AND TRANSPORTATION SERVICES,MIA AOR DETENTION AND TRANSPORTATION SERVICES,https://www.usaspending.gov/award/CONT_AWD_70CDCR22FR0000044_7012_70CDCR21D00000004_7012
e23fdf9f656119d8a759da6e1b841e0ee035e43a39f9889d5305fb3595e6c7dc,ICE,Biden,ICE detention services,2023-02-06,70CDCR21FC0000008,HSCEDM14A00001,BPA Call,P00012,yes,"THE GEO GROUP, INC.",JMLKZZ1NL2Z6,3JMR1,-324407.36,4862448.88,4862448.88,2021-04-01,2022-03-31,2023-03-08,DETENTION COMPLIANCE AND REMOVALS,,Competed Under Simplified Acquisition Procedures,1,Simplified Acquisition,,S206,Guard Services,922140,Correctional Institutions ,CLOSEOUT MODIFICATION,DETENTION SERVICES FOR RIO GRANDE DETENTION CENTER,https://www.usaspending.gov/award/CONT_AWD_70CDCR21FC0000008_7012_HSCEDM14A00001_7012
497aa35e1a1832053a41e99b60b12ef8e02a8cec5198bdbaf72f62ac46d1bf62,ICE,Biden,ICE detention services,2023-02-08,70CDCR22FR0000041,70CDCR20D00000012,Delivery Order,P00006,yes,"THE GEO GROUP, INC.",JMLKZZ1NL2Z6,3JMR1,13358813.85,54162847.22,54162847.22,2022-08-06,2023-09-05,2024-05-30,DETENTION COMPLIANCE AND REMOVALS,,Full And Open Competition,,Negotiated Proposal/Quote,,S206,Guard Services,922140,Correctional Institutions ,SOUTH TEXAS DETENTION COMPLEX FUNDING MODIFICATION,SOUTH TEXAS DETENTION COMPLEX NEW TASK ORDER - POP 06 AUG 2022 - 05 AUG 2023.,https://www.usaspending.gov/award/CONT_AWD_70CDCR22FR0000041_7012_70CDCR20D00000012_7012
f13e70398d850aa7e2ed511e51645a0b4808c6d3db37fa35bd96cddbd4221378,ICE,Biden,ICE other/unresolved,2023-02-08,70CDCR22FR0000045,HSCEDM17D00009,Delivery Order,P00003,yes,"THE GEO GROUP, INC.",JMLKZZ1NL2Z6,3JMR1,11780552.06,48312099.25,48312099.25,2022-08-18,2023-08-17,2024-08-08,DETENTION COMPLIANCE AND REMOVALS,,Full And Open Competition,,Negotiated Proposal/Quote,HSCEDM15R00004,S206,Guard Services,561210,Facilities Support Services,ADMIN MOD- PRICE ADJUSTMENT,"**NEW TASK ORDER NUMBER ( MONTGOMERY PROCESSING CENTER (MPC) /GEO)
CONTRACT PERIOD OF PERFORMANCE- 18 AUG 2022 - 17 AUG 2023
FUNDING PERIOD OF PERFORMANCE - 18 AUG 2022 - 30 SEP 2022",https://www.usaspending.gov/award/CONT_AWD_70CDCR22FR0000045_7012_HSCEDM17D00009_7012
24cb25e21221d0078713bc8f38198bbb8f6a1106603a5be39a16c6dafc5be922,ICE,Biden,ICE detention services,2023-02-09,70CDCR22FR0000002,HSCEDM15D00015,Delivery Order,P00018,yes,"THE GEO GROUP, INC.",JMLKZZ1NL2Z6,3JMR1,66704.32,65941447.91,65941447.91,2021-10-27,2022-10-27,2022-11-26,DETENTION COMPLIANCE AND REMOVALS,,Full And Open Competition,,Negotiated Proposal/Quote,HSCEDM15R00001,S206,Guard Services,561210,Facilities Support Services,"THIS MODIFICATION IS TO ADD PRIOR YEAR FUNDS FOR DETENTION SERVICES AT NORTHWEST DETENTION CENTER, TACOMA",DETENTION AND TRANSPORTATION SERVICES NORTHWEST DETENTION CENTER TACOMA,https://www.usaspending.gov/award/CONT_AWD_70CDCR22FR0000002_7012_HSCEDM15D00015_7012
9f941f6f5a696bbc44e60dd9200e580297442887d451a6e37f315f1d3f2aba9c,ICE,Biden,ICE detention services,2023-02-09,70CDCR23FR0000001,70CDCR22D00000001,Delivery Order,P00003,yes,"THE GEO GROUP, INC.",JMLKZZ1NL2Z6,3JMR1,14784641.23,47344096.11,47344096.11,2022-10-16,2023-10-15,2023-12-27,DETENTION COMPLIANCE AND REMOVALS,,Full And Open Competition,,Negotiated Proposal/Quote,,S206,Guard Services,561210,Facilities Support Services,"ADDING FUNDS FOR DETENTION, TRANSPORTATION AND MEDICAL SERVICES FOR DENVER (AURORA) CONTRACT DETENTION FACILITY","NEW TASK ORDER FOR DETENTION, TRANSPORTATION AND MEDICAL SERVICES FOR DENVER (AURORA) CONTRACT DETENTION FACILITY",https://www.usaspending.gov/award/CONT_AWD_70CDCR23FR0000001_7012_70CDCR22D00000001_7012
b0517171fea83f3c8a57a23a02407f15eb2468291a2b1190629d74210efb8df6,ICE,Biden,ICE ISAP/electronic monitoring,2023-02-10,70CDCR22FR0000034,70CDCR20D00000011,Delivery Order,P00006,yes,B.I. INCORPORATED,PKK6L9KLMYR5,3CUH9,103571671.00,440305597.58,440305597.58,2022-08-01,2023-07-31,2023-07-31,DETENTION COMPLIANCE AND REMOVALS,,Full And Open Competition,,Negotiated Proposal/Quote,,R408,Program Management/Support Services,561210,Facilities Support Services,INTENSIVE SUPERVISION APPEARANCE PROGRAM (ISAP IV),INTENSIVE SUPERVISION APPEARANCE PROGRAM (ISAP IV),https://www.usaspending.gov/award/CONT_AWD_70CDCR22FR0000034_7012_70CDCR20D00000011_7012
33bf05ebcd6b48568ef0267155cf6d9a2b09525a9ef84f439b453cea2dbb808e,ICE,Biden,ICE detention services,2023-02-13,70CDCR22FC0000011,HSCEDM14A00001,BPA Call,P00008,yes,"THE GEO GROUP, INC.",JMLKZZ1NL2Z6,3JMR1,2042200.00,4136141.62,4136141.62,2022-04-01,2023-03-31,2023-06-29,DETENTION COMPLIANCE AND REMOVALS,,Competed Under Simplified Acquisition Procedures,1,Simplified Acquisition,,S206,Guard Services,922140,Correctional Institutions ,FUNDING MOD FOR RIO GRANDE FACILITY WITH GEO GROUP UNDER DOJ NUMBER ODT-7-C-0003. (POP 4/1/22 - 3/31/23)  COR:  JOSE LONGORIA,"FUNDING FOR RIO GRANDE FACILITY WITH GEO GROUP UNDER DOJ NUMBER ODT-7-C-0003. NEW TASK ORDER . (POP 4/1/22 - 3/31/23)

COR: JOSE LONGORIA",https://www.usaspending.gov/award/CONT_AWD_70CDCR22FC0000011_7012_HSCEDM14A00001_7012
5207ac6bf9c9eeea9c265f066ed8d6d3d529b6e07e3d505d5bf5a035d6d2ad50,ICE,Biden,ICE detention services,2023-02-13,70CDCR23FR0000009,70CDCR20D00000008,Delivery Order,P00001,yes,"THE GEO GROUP, INC.",JMLKZZ1NL2Z6,3JMR1,10760881.83,54862887.20,54862887.20,2022-12-20,2023-12-19,2023-12-19,DETENTION COMPLIANCE AND REMOVALS,,Full And Open Competition,,Negotiated Proposal/Quote,,S206,Guard Services,561612,Security Guards and Patrol Services ,THE PURPOSE OF THIS MODIFICATION IS TO INCREASE FUNDING UNDER THE TASK ORDER.,NEW TASK ORDER FOR DETENTION SERVICES AT MESA VERDE AND GOLDEN STATE FACILITIES.,https://www.usaspending.gov/award/CONT_AWD_70CDCR23FR0000009_7012_70CDCR20D00000008_7012
a8e27db8b2edd4a07b39dd03424ee2da5f30880964257bc94cd743891f3935e6,ICE,Biden,ICE detention services,2023-02-13,70CDCR23FR0000014,70CDCR20D00000009,Delivery Order,P00001,yes,"THE GEO GROUP, INC.",JMLKZZ1NL2Z6,3JMR1,26320686.00,116595853.53,116595853.53,2022-12-20,2023-12-19,2024-12-19,DETENTION COMPLIANCE AND REMOVALS,,Full And Open Competition,,Negotiated Proposal/Quote,,S206,Guard Services,561612,Security Guards and Patrol Services ,ADDING FUNDS FOR DETENTION SERVICES IN THE LOS ANGELES AREA OF RESPONSIBILITY,NEW TASK ORDER FOR DETENTION SERVICES IN THE LOS ANGELES AREA OF RESPONSIBILITY,https://www.usaspending.gov/award/CONT_AWD_70CDCR23FR0000014_7012_70CDCR20D00000009_7012
7d221d6e21341c2a40468253e2ccf42aaeca5ba7146a370abf645db5edffb5c0,ICE,Biden,ICE ISAP/electronic monitoring,2023-02-14,70CDCR22FR0000034,70CDCR20D00000011,Delivery Order,P00007,yes,B.I. INCORPORATED,PKK6L9KLMYR5,3CUH9,21000000.00,440305597.58,440305597.58,2022-08-01,2023-07-31,2023-07-31,DETENTION COMPLIANCE AND REMOVALS,,Full And Open Competition,,Negotiated Proposal/Quote,,R408,Program Management/Support Services,561210,Facilities Support Services,INTENSIVE SUPERVISION APPEARANCE PROGRAM (ISAP IV),INTENSIVE SUPERVISION APPEARANCE PROGRAM (ISAP IV),https://www.usaspending.gov/award/CONT_AWD_70CDCR22FR0000034_7012_70CDCR20D00000011_7012
d0b0a2e961a62828cca0d88549263e04358e05ccb26e2590829a7d523062dd52,ICE,Biden,ICE other/unresolved,2023-02-15,70CDCR22FR0000045,HSCEDM17D00009,Delivery Order,P00004,yes,"THE GEO GROUP, INC.",JMLKZZ1NL2Z6,3JMR1,0.00,48312099.25,48312099.25,2022-08-18,2023-08-17,2024-08-08,DETENTION COMPLIANCE AND REMOVALS,,Full And Open Competition,,Negotiated Proposal/Quote,HSCEDM15R00004,S206,Guard Services,561210,Facilities Support Services,COR UPDATE,"**NEW TASK ORDER NUMBER ( MONTGOMERY PROCESSING CENTER (MPC) /GEO)
CONTRACT PERIOD OF PERFORMANCE- 18 AUG 2022 - 17 AUG 2023
FUNDING PERIOD OF PERFORMANCE - 18 AUG 2022 - 30 SEP 2022",https://www.usaspending.gov/award/CONT_AWD_70CDCR22FR0000045_7012_HSCEDM17D00009_7012
8776e6592c70cd54a95a573824c79ce5bcf3cacd6a4869ae180efb1b9dc6f4a2,ICE,Biden,ICE detention services,2023-02-27,70CDCR21FR0000057,HSCEDM17D00009,Delivery Order,P00015,yes,"THE GEO GROUP, INC.",JMLKZZ1NL2Z6,3JMR1,0.00,39294732.79,39294732.79,2021-08-17,2022-08-17,2022-08-17,DETENTION COMPLIANCE AND REMOVALS,,Full And Open Competition,,Negotiated Proposal/Quote,HSCEDM15R00004,S206,Guard Services,561210,Facilities Support Services,COR UPDATE,MONTGOMERY PROCESSING CENTER DETENTION SERVICES,https://www.usaspending.gov/award/CONT_AWD_70CDCR21FR0000057_7012_HSCEDM17D00009_7012
81e3caee2577d3cc78ef2b7a8c075503d10cc67c36a7ec4e5c868c021c12596e,ICE,Biden,ICE detention services,2023-03-08,HSCEDM12F00004,HSCEDM09D00006,Delivery Order,P00028,yes,"THE GEO GROUP, INC.",JMLKZZ1NL2Z6,3JMR1,0.00,34399748.68,34399748.68,2011-10-01,2013-02-28,2013-06-27,DETENTION COMPLIANCE AND REMOVALS,,Full And Open Competition,,Negotiated Proposal/Quote,,S206,Guard Services,561621,Security Systems Services (except Locksmiths) ,DE-OBLIGATE DETENTION BED FUNDING,"SUBJECT TO AVAILABILITY OF FUNDS ""SAF"" FOR FY12 FUNDING FOR BTC/GUARDS SERVICES TASK ORDER HSCEDM-11-F-00004.",https://www.usaspending.gov/award/CONT_AWD_HSCEDM12F00004_7012_HSCEDM09D00006_7012
c872030a655c19d00169f4d2c284e1f6ae5c335c1674fa872a095e0e984aab7a,ICE,Biden,ICE detention services,2023-03-11,70CDCR21FR0000051,70CDCR20D00000012,Delivery Order,P00014,yes,"THE GEO GROUP, INC.",JMLKZZ1NL2Z6,3JMR1,-202769.95,52818941.99,52818941.99,2021-08-06,2022-08-05,2022-08-05,DETENTION COMPLIANCE AND REMOVALS,,Full And Open Competition,,Negotiated Proposal/Quote,,S206,Guard Services,922140,Correctional Institutions ,SOUTH TEXAS DETENTION COMPLEX FUNDING. CLOSEOUT MODIFICATION.,"SOUTH TEXAS DETENTION COMPLEX NEW TASK ORDER AWARD: TBD POP 06 AUG 2021 - 05 AUG 2022. FUNDING THROUGH 30 SEPTEMBER 2021.

COR RANDY LECOMPTE
ACOR: MICHAEL SHERDIAN",https://www.usaspending.gov/award/CONT_AWD_70CDCR21FR0000051_7012_70CDCR20D00000012_7012
63e5f6c1f120b2f64fd1c74419fcfc170a0635b3773b33f725a1f84f69aac860,ICE,Biden,ICE detention services,2023-03-13,HSCEDM11J00054,HSCEDM11D00003,Delivery Order,P00019,yes,"THE GEO GROUP, INC.",JMLKZZ1NL2Z6,3JMR1,0.00,22381614.07,45727182.57,2011-09-15,2021-09-15,2021-09-15,DETENTION COMPLIANCE AND REMOVALS,,Full And Open Competition,,Negotiated Proposal/Quote,HSCEDM11R00002,S206,Guard Services,561210,Facilities Support Services,CRITICAL FUNCTION. DETENTION MANAGEMENT AURORA CDF.,AURORA CONTRACT DETENTION FACILITY - COCO. BASE OPTION,https://www.usaspending.gov/award/CONT_AWD_HSCEDM11J00054_7012_HSCEDM11D00003_7012
377c4950500027f76cd55c1d994fa6bcf2e3aa2d8a463a4faf7d3baa61168e5e,ICE,Biden,ICE detention services,2023-03-14,70CDCR22FC0000011,HSCEDM14A00001,BPA Call,P00009,yes,"THE GEO GROUP, INC.",JMLKZZ1NL2Z6,3JMR1,0.00,4136141.62,4136141.62,2022-04-01,2023-03-31,2023-06-29,DETENTION COMPLIANCE AND REMOVALS,,Competed Under Simplified Acquisition Procedures,1,Simplified Acquisition,,S206,Guard Services,922140,Correctional Institutions ,RATE UPDATE,"FUNDING FOR RIO GRANDE FACILITY WITH GEO GROUP UNDER DOJ NUMBER ODT-7-C-0003. NEW TASK ORDER . (POP 4/1/22 - 3/31/23)

COR: JOSE LONGORIA",https://www.usaspending.gov/award/CONT_AWD_70CDCR22FC0000011_7012_HSCEDM14A00001_7012
671c9d14f482111f4e4049b5c6804fb9b03f6dc9b95fa906a7d4d5283de5e832,ICE,Biden,ICE detention services,2023-03-16,70CDCR22FR0000012,70CDCR20D00000008,Delivery Order,P00009,yes,"THE GEO GROUP, INC.",JMLKZZ1NL2Z6,3JMR1,-314767.05,52913469.21,52913469.21,2021-12-20,2022-12-19,2022-12-19,DETENTION COMPLIANCE AND REMOVALS,,Full And Open Competition,,Negotiated Proposal/Quote,,S206,Guard Services,561612,Security Guards and Patrol Services ,DEOBLIGATE EXCESS FUNDS AND CLOSE OUT,"TASK ORDER FOR DETENTION SERVICES AT MESA VERDE AND GOLDEN STATE FACILITIES, CA",https://www.usaspending.gov/award/CONT_AWD_70CDCR22FR0000012_7012_70CDCR20D00000008_7012
6c3d9c2f007fdb6040df3c4d92aed959c634e3bd6978e63c30e67779e8e26f5a,ICE,Biden,ICE detention services,2023-03-22,70CDCR21P00000004,,Purchase Order,P00002,yes,"THE GEO GROUP, INC.",JMLKZZ1NL2Z6,3JMR1,-6426.60,0.00,9639.90,2020-10-27,2022-10-26,2023-04-21,DETENTION COMPLIANCE AND REMOVALS,,Not Competed,1,Sole Source,70CDCR21P00000004 ,R429,Support- Professional: Emergency Response/Disaster Planning/Preparedness Support,925110,Administration of Housing Programs ,DETAINEE HOUSING COST FOR EMERGENCY SITUATION-INCLEMENT WEATHER,DETAINEE HOUSING COST FOR EMERGENCY SITUATION-INCLEMENT WEATHER,https://www.usaspending.gov/award/CONT_AWD_70CDCR21P00000004_7012_-NONE-_-NONE-
0f1bfee7f72f9098a001e6cbb55ad8ca2d41fdc5dde543de2b0ad22533404ec1,ICE,Biden,ICE ISAP/electronic monitoring,2023-03-22,HSCECR11J00001,HSCECR09D00002,Delivery Order,P00017,yes,B.I. INCORPORATED,PKK6L9KLMYR5,3CUH9,0.00,41773632.33,41773632.33,2010-11-01,2011-11-05,2015-11-14,DETENTION COMPLIANCE AND REMOVALS,,Full And Open Competition,3,Negotiated Proposal/Quote,HSCECR09R00004,R408,Program Management/Support Services,561210,Facilities Support Services,OPTION YEAR 1 TASK ORDER AWARD ISAP II (BASE CONTRACT# HSCECR-09-D-00002),"OPTION YEAR 1 TASK ORDER AWARD
ISAP II (BASE CONTRACT# HSCECR-09-D-00002)",https://www.usaspending.gov/award/CONT_AWD_HSCECR11J00001_7012_HSCECR09D00002_7012
d276f0d667d9ea8997569b1cca8d40647c5ed37743c4dbf95a825ff608d14275,ICE,Biden,ICE ISAP/electronic monitoring,2023-03-27,HSCEDM14J00033,HSCEDM14D00004,Delivery Order,P00012,yes,B.I. INCORPORATED,PKK6L9KLMYR5,3CUH9,0.00,35933182.44,35933182.44,2014-09-08,2015-09-07,2015-10-21,DETENTION COMPLIANCE AND REMOVALS,,Full And Open Competition,,Negotiated Proposal/Quote,,R408,Program Management/Support Services,561210,Facilities Support Services,INTENSIVE SUPERVISION APPEARANCE PROGRAM III FOR ATD.,TO FUND THE ISAP III CONTRACT UNDER BASE YEAR FOR CONTRACT HSCEDM-14-D-00004. BASE PERIOD OF PERFORMANCE IS 09/08/2014 TO 09/07/2015. IN SUPPORT OF THE ATD PROGRAM. '''',https://www.usaspending.gov/award/CONT_AWD_HSCEDM14J00033_7012_HSCEDM14D00004_7012
a802f5aaed6013151430bac6333b6d27dc5d2aeb38df2a31c93769877fd34bc7,ICE,Biden,ICE detention services,2023-03-28,70CDCR22FR0000001,70CDCR22D00000001,Delivery Order,P00011,yes,"THE GEO GROUP, INC.",JMLKZZ1NL2Z6,3JMR1,-978390.77,43859762.34,43859762.34,2021-10-19,2022-10-15,2022-10-15,DETENTION COMPLIANCE AND REMOVALS,,Full And Open Competition,,Negotiated Proposal/Quote,,S206,Guard Services,561210,Facilities Support Services,"INCREMENTAL FUNDING FOR DETENTION, TRANSPORTATION AND MEDICAL SERVICES FOR DENVER (AURORA) CONTRACT DETENTION FACILITY","DETENTION, TRANSPORTATION AND MEDICAL SERVICES FOR DENVER (AURORA) CONTRACT DETENTION FACILITY",https://www.usaspending.gov/award/CONT_AWD_70CDCR22FR0000001_7012_70CDCR22D00000001_7012
83fa5eb0b86866f6bad75ce638e6dbcbccac42004b8ff91e85d93599ddefccc6,ICE,Biden,ICE detention services,2023-03-28,HSCEDM14J00031,HSCEDM11D00003,Delivery Order,P00011,yes,"THE GEO GROUP, INC.",JMLKZZ1NL2Z6,3JMR1,0.00,22904058.24,22904058.24,2014-09-16,2015-09-15,2016-04-14,DETENTION COMPLIANCE AND REMOVALS,,Full And Open Competition,,Negotiated Proposal/Quote,,S206,Guard Services,561210,Facilities Support Services,"DETENTION MANAGEMENT, MEDICAL, TRANSPORTATION, FOOD SERVICES FOR DHS/ICE AURORA, CO GEO GROUP COCA FACILITY.","CRITICAL FUNCTION. DETENTION MANAGMENT, MEDICAL SERVICES, TRANSPORTATION SERVICES, FOOD SERVICES FOR DHS/ICE AUROROA, CO AT GEO GROUP COCA FACILITY.",https://www.usaspending.gov/award/CONT_AWD_HSCEDM14J00031_7012_HSCEDM11D00003_7012
9cb78a8c486e6ca6f0a0aa0b476b2aab1ccefb0408bd65da41893beca55e7f33,ICE,Biden,ICE ISAP/electronic monitoring,2023-03-30,70CDCR22FR0000034,70CDCR20D00000011,Delivery Order,P00008,yes,B.I. INCORPORATED,PKK6L9KLMYR5,3CUH9,22000000.00,440305597.58,440305597.58,2022-08-01,2023-07-31,2023-07-31,DETENTION COMPLIANCE AND REMOVALS,,Full And Open Competition,,Negotiated Proposal/Quote,,R408,Program Management/Support Services,561210,Facilities Support Services,ADMINISTRATIVE ACCOUNTING CORRECTION,INTENSIVE SUPERVISION APPEARANCE PROGRAM (ISAP IV),https://www.usaspending.gov/award/CONT_AWD_70CDCR22FR0000034_7012_70CDCR20D00000011_7012
1aa5b6d41e27f7c1ee42f7eb7f19044745b430858ef64ef443ff98f3c13f45c4,ICE,Biden,ICE family case management,2023-04-03,HSCEDM16J00047,HSCEDM15D00011,Delivery Order,P00008,yes,"GEO CARE SERVICES, LLC",G6XJKMJUNB91,7D4M5,0.00,2190859.07,2190859.07,2016-09-16,2021-03-20,2021-03-20,DETENTION COMPLIANCE AND REMOVALS,,Full And Open Competition,,Negotiated Proposal/Quote,,G099,Other Social Services,624190,Other Individual and Family Services ,FAMILY CASE MANAGEMENT SERVICES,IGF::CT::IGF,https://www.usaspending.gov/award/CONT_AWD_HSCEDM16J00047_7012_HSCEDM15D00011_7012
5dccf1c7b0c9bec467555e27bdf7d4c74998d70cfd2c6f80ba366300654c2140,ICE,Biden,ICE detention services,2023-04-04,HSCEDM16J00052,HSCEDM15D00015,Delivery Order,P00013,yes,"THE GEO GROUP, INC.",JMLKZZ1NL2Z6,3JMR1,0.00,61117009.31,61117009.31,2016-09-28,2017-09-27,2021-02-12,DETENTION COMPLIANCE AND REMOVALS,,Full And Open Competition,,Negotiated Proposal/Quote,,S206,Guard Services,561210,Facilities Support Services,"DETENTION, TRANSPORTATION AND FOOD SERVICES","DETENTION, TRANSPORTATION AND FOOD SERVICES",https://www.usaspending.gov/award/CONT_AWD_HSCEDM16J00052_7012_HSCEDM15D00015_7012
34e036c612f237b2a187e5b0fbc52a4eb912aaf9e92ef476a71545d2a698f6c6,ICE,Biden,ICE detention services,2023-04-05,70CDCR22FR0000041,70CDCR20D00000012,Delivery Order,P00007,yes,"THE GEO GROUP, INC.",JMLKZZ1NL2Z6,3JMR1,118262.53,54162847.22,54162847.22,2022-08-06,2023-09-05,2024-05-30,DETENTION COMPLIANCE AND REMOVALS,,Full And Open Competition,,Negotiated Proposal/Quote,,S206,Guard Services,922140,Correctional Institutions ,SOUTH TEXAS DETENTION COMPLEX - RETROACTIVE PAYMENT FOR REA,SOUTH TEXAS DETENTION COMPLEX NEW TASK ORDER - POP 06 AUG 2022 - 05 AUG 2023.,https://www.usaspending.gov/award/CONT_AWD_70CDCR22FR0000041_7012_70CDCR20D00000012_7012
74a0d1033d52081a79e4ce3be537df2184cd068b71c0504874ef1e4abb839ae9,ICE,Biden,ICE detention services,2023-04-10,70CDCR23FC0000010,HSCEDM14A00001,BPA Call,0,no,"THE GEO GROUP, INC.",JMLKZZ1NL2Z6,3JMR1,493400.00,5338926.75,5338926.75,2023-04-01,2024-03-31,2024-09-08,DETENTION COMPLIANCE AND REMOVALS,,Competed Under Simplified Acquisition Procedures,1,Simplified Acquisition,,S206,Guard Services,922140,Correctional Institutions ,RIO GRANDE DETENTION CENTER  COR:  JOSE LONGORIA,"RIO GRANDE DETENTION CENTER

COR: JOSE LONGORIA",https://www.usaspending.gov/award/CONT_AWD_70CDCR23FC0000010_7012_HSCEDM14A00001_7012
5c2929ec70736a336b7cb1285d92e1966c1b27860ce4c03b0935e1e7f4f15900,ICE,Biden,ICE ISAP/electronic monitoring,2023-04-11,70CDCR22FR0000034,70CDCR20D00000011,Delivery Order,P00009,yes,B.I. INCORPORATED,PKK6L9KLMYR5,3CUH9,-22000000.00,440305597.58,440305597.58,2022-08-01,2023-07-31,2023-07-31,DETENTION COMPLIANCE AND REMOVALS,,Full And Open Competition,,Negotiated Proposal/Quote,,R408,Program Management/Support Services,561210,Facilities Support Services,ADMINISTRATIVE ACCOUNTING CORRECTION,INTENSIVE SUPERVISION APPEARANCE PROGRAM (ISAP IV),https://www.usaspending.gov/award/CONT_AWD_70CDCR22FR0000034_7012_70CDCR20D00000011_7012
c8abd647e2c578b173c90f810d595e4f0454b8cfa7b0dd7c1a579ff1d64fe039,ICE,Biden,ICE detention services,2023-04-11,HSCEDM17J00017,HSCEDM12D00001,Delivery Order,P00004,yes,"THE GEO GROUP, INC.",JMLKZZ1NL2Z6,3JMR1,0.00,70811.24,70811.24,2017-05-02,2017-06-12,2018-05-03,DETENTION COMPLIANCE AND REMOVALS,,Full And Open Competition,,Negotiated Proposal/Quote,,S206,Guard Services,561210,Facilities Support Services,DETENTION SERVICES AT THE SOUTH TEXAS DETENTION CENTER,DETENTION SERVICES AT THE SOUTH TEXAS DETENTION CENTER,https://www.usaspending.gov/award/CONT_AWD_HSCEDM17J00017_7012_HSCEDM12D00001_7012
fea49794e3e32f6d0c27e04abaa538c1f23d145e50d166173a87202bd393324c,ICE,Biden,ICE family case management,2023-04-12,HSCEDM15J00041,HSCEDM15D00011,Delivery Order,P00009,yes,"GEO CARE SERVICES, LLC",G6XJKMJUNB91,7D4M5,0.00,1955753.46,1955753.46,2015-09-21,2016-09-20,2016-09-20,DETENTION COMPLIANCE AND REMOVALS,,Full And Open Competition,,Negotiated Proposal/Quote,HSCEDM15R00010,G099,Other Social Services,624190,Other Individual and Family Services ,TASK ORDER FOR FAMILY CASE MANAGEMENT SERVICES [NY],TASK ORDER FOR FAMILY CASE MANAGEMENT SERVICES [NY],https://www.usaspending.gov/award/CONT_AWD_HSCEDM15J00041_7012_HSCEDM15D00011_7012
588e934592ec157fffb4999abc4fa399b24d812bb5101c7ebddd8657d2a65bd5,ICE,Biden,ICE detention services,2023-04-13,HSCEDM17P00032,,Purchase Order,P00001,yes,"CORNELL COMPANIES, INC.",TLDCDE29G781,3MTH6,0.00,2499.09,2499.09,2017-01-27,2017-03-02,2017-03-02,DETENTION COMPLIANCE AND REMOVALS,,Not Competed,1,Sole Source,,S206,Guard Services,561612,Security Guards and Patrol Services ,INCLEMENT WEATHER HOUSING,INCLEMENT WEATHER HOUSING,https://www.usaspending.gov/award/CONT_AWD_HSCEDM17P00032_7012_-NONE-_-NONE-
5eb7191fb1558f4911b90a67710980a1413011aa54b397dac6dd3d281f9dc964,ICE,Biden,ICE detention services,2023-04-18,70CDCR22FC0000012,70CDCR18A00000007,BPA Call,P00003,yes,"THE GEO GROUP, INC.",JMLKZZ1NL2Z6,3JMR1,44600.00,211329.15,211329.15,2022-07-23,2023-07-22,2023-07-22,DETENTION COMPLIANCE AND REMOVALS,,Competed Under Simplified Acquisition Procedures,1,Simplified Acquisition,,S206,Guard Services,922140,Correctional Institutions ,DETAINEE BED DAYS AT THE ROBERT A. DEYTON DETENTION FACILITY,DETAINEE BED DAYS AT THE ROBERT A. DEYTON DETENTION FACILITY,https://www.usaspending.gov/award/CONT_AWD_70CDCR22FC0000012_7012_70CDCR18A00000007_7012
9f421a3562cbcd6096c635568e906173bce2a4e44baaa24b831e54837d39b31b,ICE,Biden,ICE detention services,2023-04-19,70CDCR20FR0000066,HSCEDM11D00003,Delivery Order,P00010,yes,"THE GEO GROUP, INC.",JMLKZZ1NL2Z6,3JMR1,-73866.50,44034146.30,44034146.30,2020-08-31,2021-10-15,2021-10-15,DETENTION COMPLIANCE AND REMOVALS,,Full And Open Competition,,Negotiated Proposal/Quote,,S206,Guard Services,561210,Facilities Support Services,"DE-OBLIGATION DETENTION MANAGEMENT/MEDICAL/TRANSPORTATION FOR AURORA, CO","DETENTION MANAGEMENT/MEDICAL/TRANSPORTATION FOR AURORA, CO",https://www.usaspending.gov/award/CONT_AWD_70CDCR20FR0000066_7012_HSCEDM11D00003_7012
a5712d91c3a6717fdfd693b2e2701d6f2febc754cfcf45b32e70d0939f211b26,ICE,Biden,ICE detention services,2023-04-25,70CDCR22FR0000010,70CDCR20D00000009,Delivery Order,P00013,yes,"THE GEO GROUP, INC.",JMLKZZ1NL2Z6,3JMR1,-3905065.95,122464905.00,122464905.00,2021-12-20,2022-12-19,2022-12-19,DETENTION COMPLIANCE AND REMOVALS,,Full And Open Competition,,Negotiated Proposal/Quote,,S206,Guard Services,561612,Security Guards and Patrol Services ,DE-OBLIGATE AND CLOSEOUT TASK ORDER FOR DETENTION SERVICES IN THE LOS ANGELES AREA OF RESPONSIBILITY,TASK ORDER TO PROVIDE DETENTION SERVICES IN LOS ANGELES AREA OF RESPONSIBILITY,https://www.usaspending.gov/award/CONT_AWD_70CDCR22FR0000010_7012_70CDCR20D00000009_7012
02d74782d607e3ebfd10f6db7743d3ecc2a46e0ba498031dbb547b61ac3cc1c2,ICE,Biden,ICE detention services,2023-04-25,70CDCR23FC0000010,HSCEDM14A00001,BPA Call,P00001,yes,"THE GEO GROUP, INC.",JMLKZZ1NL2Z6,3JMR1,554900.00,5338926.75,5338926.75,2023-04-01,2024-03-31,2024-09-08,DETENTION COMPLIANCE AND REMOVALS,,Competed Under Simplified Acquisition Procedures,1,Simplified Acquisition,,S206,Guard Services,922140,Correctional Institutions ,RIO GRANDE DETENTION CENTER  COR:  JOSE LONGORIA,"RIO GRANDE DETENTION CENTER

COR: JOSE LONGORIA",https://www.usaspending.gov/award/CONT_AWD_70CDCR23FC0000010_7012_HSCEDM14A00001_7012
539532d3fb142a626f42ffe8bcf8a3ede94be825cccc5d956e8e573e5b1e98f6,ICE,Biden,ICE ISAP/electronic monitoring,2023-04-27,70CDCR22FR0000034,70CDCR20D00000011,Delivery Order,P00010,yes,B.I. INCORPORATED,PKK6L9KLMYR5,3CUH9,86901014.00,440305597.58,440305597.58,2022-08-01,2023-07-31,2023-07-31,DETENTION COMPLIANCE AND REMOVALS,,Full And Open Competition,,Negotiated Proposal/Quote,,R408,Program Management/Support Services,561210,Facilities Support Services,ADD FUNDING,INTENSIVE SUPERVISION APPEARANCE PROGRAM (ISAP IV),https://www.usaspending.gov/award/CONT_AWD_70CDCR22FR0000034_7012_70CDCR20D00000011_7012
d7bae284cf071acc692d19ab41483869dcfa7621d0e79a523286c724258b6eae,ICE,Biden,ICE other/unresolved,2023-04-27,70CDCR22FR0000045,HSCEDM17D00009,Delivery Order,P00005,yes,"THE GEO GROUP, INC.",JMLKZZ1NL2Z6,3JMR1,17206622.00,48312099.25,48312099.25,2022-08-18,2023-08-17,2024-08-08,DETENTION COMPLIANCE AND REMOVALS,,Full And Open Competition,,Negotiated Proposal/Quote,HSCEDM15R00004,S206,Guard Services,561210,Facilities Support Services,FUNDING AND COR UPDATE,"**NEW TASK ORDER NUMBER ( MONTGOMERY PROCESSING CENTER (MPC) /GEO)
CONTRACT PERIOD OF PERFORMANCE- 18 AUG 2022 - 17 AUG 2023
FUNDING PERIOD OF PERFORMANCE - 18 AUG 2022 - 30 SEP 2022",https://www.usaspending.gov/award/CONT_AWD_70CDCR22FR0000045_7012_HSCEDM17D00009_7012
570ca578f3ae87f11d56ff7520f1d4917476d853a020ec47e0ab0f2eec389ecd,ICE,Biden,ICE detention services,2023-04-27,70CDCR23FR0000001,70CDCR22D00000001,Delivery Order,P00004,yes,"THE GEO GROUP, INC.",JMLKZZ1NL2Z6,3JMR1,8770885.18,47344096.11,47344096.11,2022-10-16,2023-10-15,2023-12-27,DETENTION COMPLIANCE AND REMOVALS,,Full And Open Competition,,Negotiated Proposal/Quote,,S206,Guard Services,561210,Facilities Support Services,"ADDING FUNDS FOR DETENTION, TRANSPORTATION AND MEDICAL SERVICES FOR DENVER (AURORA) CONTRACT DETENTION FACILITY","NEW TASK ORDER FOR DETENTION, TRANSPORTATION AND MEDICAL SERVICES FOR DENVER (AURORA) CONTRACT DETENTION FACILITY",https://www.usaspending.gov/award/CONT_AWD_70CDCR23FR0000001_7012_70CDCR22D00000001_7012
efaedc6bcb49b009f7a12b1f1d1725ef16fd06e3385da1e710986625c0c28239,CBP,Biden,CBP detention/jail space,2023-04-28,70B03C23P00000166,,PURCHASE ORDER,0,no,"THE GEO GROUP, INC.",JMLKZZ1NL2Z6,3JMR1,299910.38,142298.68,142298.68,2023-05-01,2024-04-30,2024-04-30,BORDER ENFORCEMENT CONTRACTING DIVISION,US BORDER PATROL,NOT COMPETED,1,ONLY ONE SOURCE,,X1FF,LEASE/RENTAL OF PENAL FACILITIES,922140,CORRECTIONAL INSTITUTIONS,JAIL SPACE ISSUED AGAINST UNITED STATES MARSHALL IGA PER DIEM RATES,JAIL SPACE ISSUED AGAINST UNITED STATES MARSHALL IGA PER DIEM RATES,https://www.usaspending.gov/award/CONT_AWD_70B03C23P00000166_7014_-NONE-_-NONE-
eb734c04992f02b5eceb78dbc5d2a7158dc62e1854a199c04751af64bacf4e5b,ICE,Biden,ICE other/unresolved,2023-05-04,70CDCR20FR0000008,70CDCR20D00000009,Delivery Order,P00008,yes,"THE GEO GROUP, INC.",JMLKZZ1NL2Z6,3JMR1,-31767.26,90645214.38,90645214.38,2019-12-20,2020-12-19,2020-12-19,DETENTION COMPLIANCE AND REMOVALS,,Full And Open Competition,,Negotiated Proposal/Quote,70CDCR20R00000002,S206,Guard Services,561612,Security Guards and Patrol Services ,DE-OBLIGATION OF FUNDING AND CONTRACT CLOSEOUT,"NEW TASK ORDER
PERIOD OF PERFORMANCE: 12/21/19 - 12/20/20
FUNDING POP: 12/21/19 - 01/31/20
COR: DANIEL POMPLUN
FY 20 QTR 1 CR2 FUNDING",https://www.usaspending.gov/award/CONT_AWD_70CDCR20FR0000008_7012_70CDCR20D00000009_7012
6d94ebba6327512ba28c3ea25ff085638be679d01848c18226b5f14da55a36b0,ICE,Biden,ICE detention services,2023-05-04,70CDCR23FR0000009,70CDCR20D00000008,Delivery Order,P00002,yes,"THE GEO GROUP, INC.",JMLKZZ1NL2Z6,3JMR1,13747842.00,54862887.20,54862887.20,2022-12-20,2023-12-19,2023-12-19,DETENTION COMPLIANCE AND REMOVALS,,Full And Open Competition,,Negotiated Proposal/Quote,,S206,Guard Services,561612,Security Guards and Patrol Services ,THE PURPOSE OF THIS MODIFICATION IS TO INCREASE FUNDING UNDER THE TASK ORDER.,NEW TASK ORDER FOR DETENTION SERVICES AT MESA VERDE AND GOLDEN STATE FACILITIES.,https://www.usaspending.gov/award/CONT_AWD_70CDCR23FR0000009_7012_70CDCR20D00000008_7012
c5e5557496eb6ef5c8c4a68a54d3408d1d9ae0f475087a4ab6fbde5feea68eaf,ICE,Biden,ICE detention services,2023-05-04,70CDCR23FR0000014,70CDCR20D00000009,Delivery Order,P00002,yes,"THE GEO GROUP, INC.",JMLKZZ1NL2Z6,3JMR1,25465487.13,116595853.53,116595853.53,2022-12-20,2023-12-19,2024-12-19,DETENTION COMPLIANCE AND REMOVALS,,Full And Open Competition,,Negotiated Proposal/Quote,,S206,Guard Services,561612,Security Guards and Patrol Services ,ADDING FUNDS FOR DETENTION SERVICES IN THE LOS ANGELES AREA OF RESPONSIBILITY,NEW TASK ORDER FOR DETENTION SERVICES IN THE LOS ANGELES AREA OF RESPONSIBILITY,https://www.usaspending.gov/award/CONT_AWD_70CDCR23FR0000014_7012_70CDCR20D00000009_7012
bd53560a57517e2e4397e8781ae586d416451d409b336c7226b219ae378dbac1,ICE,Biden,ICE detention services,2023-05-05,70CDCR21FR0000004,70CDCR20D00000009,Delivery Order,P00010,yes,"THE GEO GROUP, INC.",JMLKZZ1NL2Z6,3JMR1,-30114.36,110740019.25,110740019.25,2020-11-04,2021-12-19,2021-12-19,DETENTION COMPLIANCE AND REMOVALS,,Full And Open Competition,,Negotiated Proposal/Quote,,S206,Guard Services,561612,Security Guards and Patrol Services ,DE-OBLIGATE FUNDS AND CLOSEOUT THE CONTRACT,TASK ORDER IS TO PROVIDE FUNDING FOR DETENTION TRANSPORTATION AND MEDICAL SERVICES IN THE LOS ANGELES AREA OF RESPONSIBILITY,https://www.usaspending.gov/award/CONT_AWD_70CDCR21FR0000004_7012_70CDCR20D00000009_7012
21debce47c862a45fe8f0d5bbfe70c86c1f3b341062bd09a506783c449d711cb,ICE,Biden,ICE ISAP/electronic monitoring,2023-05-05,70CDCR21FR0000044,70CDCR20D00000011,Delivery Order,P00007,yes,B.I. INCORPORATED,PKK6L9KLMYR5,3CUH9,-228568.93,300396838.93,300396838.93,2021-08-01,2022-07-31,2025-07-31,DETENTION COMPLIANCE AND REMOVALS,,Full And Open Competition,,Negotiated Proposal/Quote,,R408,Program Management/Support Services,561210,Facilities Support Services,DEOBLIGATION AND CLOSEOUT,INTENSIVE SUPERVISION APPEARANCE PROGRAM (ISAP IV),https://www.usaspending.gov/award/CONT_AWD_70CDCR21FR0000044_7012_70CDCR20D00000011_7012
98cd2a05ef6cf1f87e8956267c5ef2ce1f9c717dfc95ce6503d324f3e54008a3,ICE,Biden,ICE detention services,2023-05-08,70CDCR23FR0000001,70CDCR22D00000001,Delivery Order,P00005,yes,"THE GEO GROUP, INC.",JMLKZZ1NL2Z6,3JMR1,442706.00,47344096.11,47344096.11,2022-10-16,2023-10-15,2023-12-27,DETENTION COMPLIANCE AND REMOVALS,,Full And Open Competition,,Negotiated Proposal/Quote,,S206,Guard Services,561210,Facilities Support Services,"ADDING FUNDS FOR DETENTION, TRANSPORTATION AND MEDICAL SERVICES FOR DENVER (AURORA) CONTRACT DETENTION FACILITY","NEW TASK ORDER FOR DETENTION, TRANSPORTATION AND MEDICAL SERVICES FOR DENVER (AURORA) CONTRACT DETENTION FACILITY",https://www.usaspending.gov/award/CONT_AWD_70CDCR23FR0000001_7012_70CDCR22D00000001_7012
4d7aff90127d214e1d652348c9aee467d34e4f7c64c705004c0b7d05ed4c8142,ICE,Biden,ICE detention services,2023-05-08,70CDCR23FR0000002,HSCEDM15D00015,Delivery Order,P00003,yes,"THE GEO GROUP, INC.",JMLKZZ1NL2Z6,3JMR1,17443900.00,69539507.19,69539507.19,2022-10-28,2023-10-27,2023-10-27,DETENTION COMPLIANCE AND REMOVALS,,Full And Open Competition,,Negotiated Proposal/Quote,,S206,Guard Services,561210,Facilities Support Services,"ADDING FUNDS FOR DETENTION AND TRANSPORTATION SERVICES AT NORTHWEST DETENTION CENTER, TACOMA","NEW TASK ORDER FOR DETENTION AND TRANSPORTATION SERVICES AT NORTHWEST DETENTION CENTER, TACOMA",https://www.usaspending.gov/award/CONT_AWD_70CDCR23FR0000002_7012_HSCEDM15D00015_7012
8617c119f15387408f21afa43b637d55e6739e0dd3b26ab3bdde7acf8a899143,ICE,Biden,ICE detention services,2023-05-09,70CDCR22FR0000041,70CDCR20D00000012,Delivery Order,P00008,yes,"THE GEO GROUP, INC.",JMLKZZ1NL2Z6,3JMR1,14154493.71,54162847.22,54162847.22,2022-08-06,2023-09-05,2024-05-30,DETENTION COMPLIANCE AND REMOVALS,,Full And Open Competition,,Negotiated Proposal/Quote,,S206,Guard Services,922140,Correctional Institutions ,SOUTH TEXAS DETENTION COMPLEX - FUNDING MODIFICATION,SOUTH TEXAS DETENTION COMPLEX NEW TASK ORDER - POP 06 AUG 2022 - 05 AUG 2023.,https://www.usaspending.gov/award/CONT_AWD_70CDCR22FR0000041_7012_70CDCR20D00000012_7012
506100899943ba4847d9314c855b6f014dd5ecb16524403cf45714c71b77f90d,ICE,Biden,ICE detention services,2023-05-10,70CDCR19FIGR00278,HSCEDM15D00006,Delivery Order,P00008,yes,"THE GEO GROUP, INC.",JMLKZZ1NL2Z6,3JMR1,0.00,33327391.94,33327391.94,2019-06-13,2020-06-30,2020-10-10,DETENTION COMPLIANCE AND REMOVALS,,Full And Open Competition,,Negotiated Proposal/Quote,,S206,Guard Services,561210,Facilities Support Services,DETENTION SERVICES AT BROWARD TRANSITIONAL CENTER,DETENTION SERVICES AT BROWARD TRANSITIONAL CENTER,https://www.usaspending.gov/award/CONT_AWD_70CDCR19FIGR00278_7012_HSCEDM15D00006_7012
e9fb37429e4144140755e3357257ddaeaab44287049809629b9bedeac6042aad,ICE,Biden,ICE detention services,2023-05-10,70CDCR20FR0000050,70CDCR20D00000012,Delivery Order,P00009,yes,"THE GEO GROUP, INC.",JMLKZZ1NL2Z6,3JMR1,0.00,51996947.54,51996947.54,2020-08-06,2021-08-05,2021-08-05,DETENTION COMPLIANCE AND REMOVALS,,Full And Open Competition,,Negotiated Proposal/Quote,,S206,Guard Services,922140,Correctional Institutions ,"FAR 4.804, CONTRACT CLOSEOUT",FY20 TO FOR DETENTION AND TRANSPORTATION SERVICES - SOUTH TEXAS ICE PROCESSING CENTER (STIPC),https://www.usaspending.gov/award/CONT_AWD_70CDCR20FR0000050_7012_70CDCR20D00000012_7012
3edfd847cb89ea43c9f5fe1855ca5291cd5ddacaaa00ed26d0d90f73c675508d,ICE,Biden,ICE detention services,2023-05-11,70CDCR22FR0000044,70CDCR21D00000004,Delivery Order,P00005,yes,"THE GEO GROUP, INC.",JMLKZZ1NL2Z6,3JMR1,8836995.93,36788066.45,39380858.91,2022-09-01,2023-08-31,2024-01-27,DETENTION COMPLIANCE AND REMOVALS,,Full And Open Competition,,Negotiated Proposal/Quote,,S206,Guard Services,561612,Security Guards and Patrol Services ,MIA AOR DETENTION AND TRANSPORTATION SERVICES,MIA AOR DETENTION AND TRANSPORTATION SERVICES,https://www.usaspending.gov/award/CONT_AWD_70CDCR22FR0000044_7012_70CDCR21D00000004_7012
5ed8ebe1c4a846d1ff5460e04f1f1d3d63d55846ffad823aba847c632b878872,ICE,Biden,ICE detention services,2023-05-30,70CDCR22FC0000011,HSCEDM14A00001,BPA Call,P00010,yes,"THE GEO GROUP, INC.",JMLKZZ1NL2Z6,3JMR1,-594476.30,4136141.62,4136141.62,2022-04-01,2023-03-31,2023-06-29,DETENTION COMPLIANCE AND REMOVALS,,Competed Under Simplified Acquisition Procedures,1,Simplified Acquisition,,S206,Guard Services,922140,Correctional Institutions ,CLOSEOUT MODIFICATION,"FUNDING FOR RIO GRANDE FACILITY WITH GEO GROUP UNDER DOJ NUMBER ODT-7-C-0003. NEW TASK ORDER . (POP 4/1/22 - 3/31/23)

COR: JOSE LONGORIA",https://www.usaspending.gov/award/CONT_AWD_70CDCR22FC0000011_7012_HSCEDM14A00001_7012
5b9263bb8822c277878e3fbd43de89c12c71b6bf638931e364eb918194278d47,ICE,Biden,ICE detention services,2023-05-31,70CDCR22FR0000001,70CDCR22D00000001,Delivery Order,P00012,yes,"THE GEO GROUP, INC.",JMLKZZ1NL2Z6,3JMR1,0.00,43859762.34,43859762.34,2021-10-19,2022-10-15,2022-10-15,DETENTION COMPLIANCE AND REMOVALS,,Full And Open Competition,,Negotiated Proposal/Quote,,S206,Guard Services,561210,Facilities Support Services,"INCREMENTAL FUNDING FOR DETENTION, TRANSPORTATION AND MEDICAL SERVICES FOR DENVER (AURORA) CONTRACT DETENTION FACILITY","DETENTION, TRANSPORTATION AND MEDICAL SERVICES FOR DENVER (AURORA) CONTRACT DETENTION FACILITY",https://www.usaspending.gov/award/CONT_AWD_70CDCR22FR0000001_7012_70CDCR22D00000001_7012
f6050766fd753058ac31953e8d73b534524b81c00537fd102f6b48abd5bdabe2,ICE,Biden,ICE detention services,2023-06-05,70CDCR23FR0000014,70CDCR20D00000009,Delivery Order,P00003,yes,"THE GEO GROUP, INC.",JMLKZZ1NL2Z6,3JMR1,1527982.00,116595853.53,116595853.53,2022-12-20,2023-12-19,2024-12-19,DETENTION COMPLIANCE AND REMOVALS,,Full And Open Competition,,Negotiated Proposal/Quote,,S206,Guard Services,561612,Security Guards and Patrol Services ,ADDING FUNDS FOR DETENTION SERVICES IN THE LOS ANGELES AREA OF RESPONSIBILITY,NEW TASK ORDER FOR DETENTION SERVICES IN THE LOS ANGELES AREA OF RESPONSIBILITY,https://www.usaspending.gov/award/CONT_AWD_70CDCR23FR0000014_7012_70CDCR20D00000009_7012
f33e71edadcee5c6639fb1acb8a5b276fc0e145724adc93686dc2aa1667f8e76,ICE,Biden,ICE detention services,2023-07-11,70CDCR22FR0000041,70CDCR20D00000012,Delivery Order,P00009,yes,"THE GEO GROUP, INC.",JMLKZZ1NL2Z6,3JMR1,381351.00,54162847.22,54162847.22,2022-08-06,2023-09-05,2024-05-30,DETENTION COMPLIANCE AND REMOVALS,,Full And Open Competition,,Negotiated Proposal/Quote,,S206,Guard Services,922140,Correctional Institutions ,SOUTH TEXAS DETENTION COMPLEX - FUNDING MODIFICATION,SOUTH TEXAS DETENTION COMPLEX NEW TASK ORDER - POP 06 AUG 2022 - 05 AUG 2023.,https://www.usaspending.gov/award/CONT_AWD_70CDCR22FR0000041_7012_70CDCR20D00000012_7012
523db2c9c0a3c7e8549ada8fdc65b5306b737ad2de78f4d24cb3532d0b8cbca3,ICE,Biden,ICE detention services,2023-07-17,70CDCR23FC0000014,70CDCR18A00000007,BPA Call,0,no,"THE GEO GROUP, INC.",JMLKZZ1NL2Z6,3JMR1,75400.00,137180.56,137180.56,2023-07-23,2024-07-22,2024-07-22,DETENTION COMPLIANCE AND REMOVALS,,Competed Under Simplified Acquisition Procedures,1,Simplified Acquisition,,S206,Guard Services,922140,Correctional Institutions ,DETAINEE BED DAYS AT THE ROBERT A. DEYTON DETENTION FACILITY,DETAINEE BED DAYS AT THE ROBERT A. DEYTON DETENTION FACILITY,https://www.usaspending.gov/award/CONT_AWD_70CDCR23FC0000014_7012_70CDCR18A00000007_7012
bbb1fd1863655e18ed5683798d5462d371afc9afbf1248dfc193c7c3420c8439,ICE,Biden,ICE other/unresolved,2023-07-19,70CDCR22FR0000045,HSCEDM17D00009,Delivery Order,P00006,yes,"THE GEO GROUP, INC.",JMLKZZ1NL2Z6,3JMR1,76492.00,48312099.25,48312099.25,2022-08-18,2023-08-17,2024-08-08,DETENTION COMPLIANCE AND REMOVALS,,Full And Open Competition,,Negotiated Proposal/Quote,HSCEDM15R00004,S206,Guard Services,561210,Facilities Support Services,FUNDING ONLY ACTION,"**NEW TASK ORDER NUMBER ( MONTGOMERY PROCESSING CENTER (MPC) /GEO)
CONTRACT PERIOD OF PERFORMANCE- 18 AUG 2022 - 17 AUG 2023
FUNDING PERIOD OF PERFORMANCE - 18 AUG 2022 - 30 SEP 2022",https://www.usaspending.gov/award/CONT_AWD_70CDCR22FR0000045_7012_HSCEDM17D00009_7012
452c30fd60df28ec0ca1d751ceb6644be71923eda4fd3fba92cebd1b0e793b2d,ICE,Biden,ICE detention services,2023-07-19,70CDCR23FR0000014,70CDCR20D00000009,Delivery Order,P00004,yes,"THE GEO GROUP, INC.",JMLKZZ1NL2Z6,3JMR1,9211434.00,116595853.53,116595853.53,2022-12-20,2023-12-19,2024-12-19,DETENTION COMPLIANCE AND REMOVALS,,Full And Open Competition,,Negotiated Proposal/Quote,,S206,Guard Services,561612,Security Guards and Patrol Services ,ADDING FUNDS FOR DETENTION SERVICES IN THE LOS ANGELES AREA OF RESPONSIBILITY,NEW TASK ORDER FOR DETENTION SERVICES IN THE LOS ANGELES AREA OF RESPONSIBILITY,https://www.usaspending.gov/award/CONT_AWD_70CDCR23FR0000014_7012_70CDCR20D00000009_7012
ba2d253898719ad5a683ae140ed1bbcbfa80949de583cd9b5f072d6478a4dd40,ICE,Biden,ICE detention services,2023-07-21,70CDCR22FR0000044,70CDCR21D00000004,Delivery Order,P00006,yes,"THE GEO GROUP, INC.",JMLKZZ1NL2Z6,3JMR1,5722011.73,36788066.45,39380858.91,2022-09-01,2023-08-31,2024-01-27,DETENTION COMPLIANCE AND REMOVALS,,Full And Open Competition,,Negotiated Proposal/Quote,,S206,Guard Services,561612,Security Guards and Patrol Services ,MIA AOR DETENTION AND TRANSPORTATION SERVICES,MIA AOR DETENTION AND TRANSPORTATION SERVICES,https://www.usaspending.gov/award/CONT_AWD_70CDCR22FR0000044_7012_70CDCR21D00000004_7012
328b7affd804f8bcffd1e251e28c91204cb528b9d049b5909d59296dbc0b0c18,ICE,Biden,ICE detention services,2023-07-24,70CDCR23FR0000001,70CDCR22D00000001,Delivery Order,P00006,yes,"THE GEO GROUP, INC.",JMLKZZ1NL2Z6,3JMR1,4654451.98,47344096.11,47344096.11,2022-10-16,2023-10-15,2023-12-27,DETENTION COMPLIANCE AND REMOVALS,,Full And Open Competition,,Negotiated Proposal/Quote,,S206,Guard Services,561210,Facilities Support Services,"FUNDS FOR DETENTION, TRANSPORTATION, AND MEDICAL SERVICES FOR DENVER (AURORA) CONTRACT DETENTION FACILITY","NEW TASK ORDER FOR DETENTION, TRANSPORTATION AND MEDICAL SERVICES FOR DENVER (AURORA) CONTRACT DETENTION FACILITY",https://www.usaspending.gov/award/CONT_AWD_70CDCR23FR0000001_7012_70CDCR22D00000001_7012
33c7a70c837568d81e96636840d6b704845bcb55db7b04cec07595f75c42d68c,ICE,Biden,ICE ISAP/electronic monitoring,2023-07-27,70CDCR22FR0000034,70CDCR20D00000011,Delivery Order,P00011,yes,B.I. INCORPORATED,PKK6L9KLMYR5,3CUH9,-48800000.00,440305597.58,440305597.58,2022-08-01,2023-07-31,2023-07-31,DETENTION COMPLIANCE AND REMOVALS,,Full And Open Competition,,Negotiated Proposal/Quote,,R408,Program Management/Support Services,561210,Facilities Support Services,DEOBLIGATION,INTENSIVE SUPERVISION APPEARANCE PROGRAM (ISAP IV),https://www.usaspending.gov/award/CONT_AWD_70CDCR22FR0000034_7012_70CDCR20D00000011_7012
6941c4ed699d68364bbdca4c8280f24c51e5e67bedb70ecbce35c2fd07daaf75,ICE,Biden,ICE detention services,2023-07-27,70CDCR22FR0000041,70CDCR20D00000012,Delivery Order,P00010,yes,"THE GEO GROUP, INC.",JMLKZZ1NL2Z6,3JMR1,5116175.00,54162847.22,54162847.22,2022-08-06,2023-09-05,2024-05-30,DETENTION COMPLIANCE AND REMOVALS,,Full And Open Competition,,Negotiated Proposal/Quote,,S206,Guard Services,922140,Correctional Institutions ,SOUTH TEXAS DETENTION COMPLEX - FUNDING MODIFICATION,SOUTH TEXAS DETENTION COMPLEX NEW TASK ORDER - POP 06 AUG 2022 - 05 AUG 2023.,https://www.usaspending.gov/award/CONT_AWD_70CDCR22FR0000041_7012_70CDCR20D00000012_7012
a336a43641d3781990fb401cbb2cd8040251e0f8b15bc549b856cbe443cbe2ae,ICE,Biden,ICE ISAP/electronic monitoring,2023-07-31,70CDCR23FR0000042,70CDCR20D00000011,Delivery Order,0,no,B.I. INCORPORATED,PKK6L9KLMYR5,3CUH9,68784415.00,286112087.46,286112087.46,2023-08-01,2024-07-31,2024-07-31,DETENTION COMPLIANCE AND REMOVALS,,Full And Open Competition,,Negotiated Proposal/Quote,70CDCR19R00000002,R408,Program Management/Support Services,561210,Facilities Support Services,INTENSIVE SUPERVISION APPEARANCE PROGRAM (ISAP IV),INTENSIVE SUPERVISION APPEARANCE PROGRAM (ISAP IV),https://www.usaspending.gov/award/CONT_AWD_70CDCR23FR0000042_7012_70CDCR20D00000011_7012
7f437cda1107be1828dee81369985ff8ec2a2bbee4d1d64a1a4c58c31f5cdeaf,ICE,Biden,ICE other/unresolved,2023-08-02,70CDCR22FR0000045,HSCEDM17D00009,Delivery Order,P00007,yes,"THE GEO GROUP, INC.",JMLKZZ1NL2Z6,3JMR1,6166100.00,48312099.25,48312099.25,2022-08-18,2023-08-17,2024-08-08,DETENTION COMPLIANCE AND REMOVALS,,Full And Open Competition,,Negotiated Proposal/Quote,HSCEDM15R00004,S206,Guard Services,561210,Facilities Support Services,FUNDING ONLY ACTION,"**NEW TASK ORDER NUMBER ( MONTGOMERY PROCESSING CENTER (MPC) /GEO)
CONTRACT PERIOD OF PERFORMANCE- 18 AUG 2022 - 17 AUG 2023
FUNDING PERIOD OF PERFORMANCE - 18 AUG 2022 - 30 SEP 2022",https://www.usaspending.gov/award/CONT_AWD_70CDCR22FR0000045_7012_HSCEDM17D00009_7012
515952cb024d7b3ce1245d49ac8ea1279806e001e53fc3c75d461e3021c8b3b8,ICE,Biden,ICE detention services,2023-08-02,70CDCR23FC0000010,HSCEDM14A00001,BPA Call,P00002,yes,"THE GEO GROUP, INC.",JMLKZZ1NL2Z6,3JMR1,664400.00,5338926.75,5338926.75,2023-04-01,2024-03-31,2024-09-08,DETENTION COMPLIANCE AND REMOVALS,,Competed Under Simplified Acquisition Procedures,1,Simplified Acquisition,,S206,Guard Services,922140,Correctional Institutions ,RIO GRANDE DETENTION CENTER FUNDING MODIFICATION,"RIO GRANDE DETENTION CENTER

COR: JOSE LONGORIA",https://www.usaspending.gov/award/CONT_AWD_70CDCR23FC0000010_7012_HSCEDM14A00001_7012
3861114f330e48ef10e9294a9646cd3a4a1b514f6144d594d69f927e6e7f8bcc,ICE,Biden,ICE detention services,2023-08-02,70CDCR23FR0000002,HSCEDM15D00015,Delivery Order,P00004,yes,"THE GEO GROUP, INC.",JMLKZZ1NL2Z6,3JMR1,6907577.62,69539507.19,69539507.19,2022-10-28,2023-10-27,2023-10-27,DETENTION COMPLIANCE AND REMOVALS,,Full And Open Competition,,Negotiated Proposal/Quote,,S206,Guard Services,561210,Facilities Support Services,"ADDING FUNDS FOR DETENTION AND TRANSPORTATION SERVICES AT NORTHWEST DETENTION CENTER, TACOMA","NEW TASK ORDER FOR DETENTION AND TRANSPORTATION SERVICES AT NORTHWEST DETENTION CENTER, TACOMA",https://www.usaspending.gov/award/CONT_AWD_70CDCR23FR0000002_7012_HSCEDM15D00015_7012
a75f5ad37c191ffec7190741192096ec32d548a65d424bd48e17db7f3b4094e7,ICE,Biden,ICE detention services,2023-08-03,70CDCR23FR0000009,70CDCR20D00000008,Delivery Order,P00003,yes,"THE GEO GROUP, INC.",JMLKZZ1NL2Z6,3JMR1,6922106.67,54862887.20,54862887.20,2022-12-20,2023-12-19,2023-12-19,DETENTION COMPLIANCE AND REMOVALS,,Full And Open Competition,,Negotiated Proposal/Quote,,S206,Guard Services,561612,Security Guards and Patrol Services ,THE PURPOSE OF THIS MODIFICATION IS TO INCREASE FUNDING UNDER THE TASK ORDER.,NEW TASK ORDER FOR DETENTION SERVICES AT MESA VERDE AND GOLDEN STATE FACILITIES.,https://www.usaspending.gov/award/CONT_AWD_70CDCR23FR0000009_7012_70CDCR20D00000008_7012
70595c72538684a226929d378c0124b9a48ae976156039adfad3992a1071bbf0,ICE,Biden,ICE detention services,2023-08-04,70CDCR23FR0000045,70CDCR20D00000012,Delivery Order,0,no,"THE GEO GROUP, INC.",JMLKZZ1NL2Z6,3JMR1,4713717.00,57272944.90,57272944.90,2023-08-06,2024-08-05,2024-10-17,DETENTION COMPLIANCE AND REMOVALS,,Full And Open Competition,,Negotiated Proposal/Quote,,S206,Guard Services,922140,Correctional Institutions ,DETENTION AND TRANSPORTATION SERVICES - SOUTH TEXAS ICE PROCESSING CENTER (STIPC)  POP 06 AUG 2023  - 05 AUG 2024,"DETENTION AND TRANSPORTATION SERVICES - SOUTH TEXAS ICE PROCESSING CENTER (STIPC)

POP 06 AUG 2023 - 05 AUG 2024",https://www.usaspending.gov/award/CONT_AWD_70CDCR23FR0000045_7012_70CDCR20D00000012_7012
c04fe631b79b59db087d1697ff249e0555e1417c83b22599839e40e6aaf5a883,ICE,Biden,ICE detention services,2023-08-21,70CDCR23FC0000010,HSCEDM14A00001,BPA Call,P00003,yes,"THE GEO GROUP, INC.",JMLKZZ1NL2Z6,3JMR1,0.00,5338926.75,5338926.75,2023-04-01,2024-03-31,2024-09-08,DETENTION COMPLIANCE AND REMOVALS,,Competed Under Simplified Acquisition Procedures,1,Simplified Acquisition,,S206,Guard Services,922140,Correctional Institutions ,RIO GRANDE DETENTION CENTER FUNDING REALIGNMENT,"RIO GRANDE DETENTION CENTER

COR: JOSE LONGORIA",https://www.usaspending.gov/award/CONT_AWD_70CDCR23FC0000010_7012_HSCEDM14A00001_7012
876f7863b4c5ee21e2e854000b88d7dda7374bd5a33a4c7bc5f674605927c16a,ICE,Biden,ICE detention services,2023-08-22,70CDCR21FC0000011,70CDCR18A00000007,BPA Call,P00003,yes,"THE GEO GROUP, INC.",JMLKZZ1NL2Z6,3JMR1,-26463.19,255636.81,255636.81,2021-07-23,2022-07-22,2022-07-22,DETENTION COMPLIANCE AND REMOVALS,,Competed Under Simplified Acquisition Procedures,1,Simplified Acquisition,,S206,Guard Services,922140,Correctional Institutions ,DETAINEE BED DAYS AT THE ROBERT A. DEYTON DETENTION FACILITY,DETAINEE BED DAYS AT THE ROBERT A. DEYTON DETENTION FACILITY,https://www.usaspending.gov/award/CONT_AWD_70CDCR21FC0000011_7012_70CDCR18A00000007_7012
d98c19f34138bb054e9a616d21c3b0ec3fcecca0111446646c9ce7b6f9fea59d,ICE,Biden,ICE detention services,2023-08-23,70CDCR23FR0000045,70CDCR20D00000012,Delivery Order,P00001,yes,"THE GEO GROUP, INC.",JMLKZZ1NL2Z6,3JMR1,474911.00,57272944.90,57272944.90,2023-08-06,2024-08-05,2024-10-17,DETENTION COMPLIANCE AND REMOVALS,,Full And Open Competition,,Negotiated Proposal/Quote,,S206,Guard Services,922140,Correctional Institutions ,DETENTION AND TRANSPORTATION SERVICES - SOUTH TEXAS ICE PROCESSING CENTER (STIPC)  POP 06 AUG 2023  - 05 AUG 2024,"DETENTION AND TRANSPORTATION SERVICES - SOUTH TEXAS ICE PROCESSING CENTER (STIPC)

POP 06 AUG 2023 - 05 AUG 2024",https://www.usaspending.gov/award/CONT_AWD_70CDCR23FR0000045_7012_70CDCR20D00000012_7012
721057506dd66cf0b9eedb74e1ada7267580e224a0b115ecf88497bb5a60b2ad,ICE,Biden,ICE detention services,2023-08-23,70CDCR23FR0000050,HSCEDM17D00009,Delivery Order,0,no,"THE GEO GROUP, INC.",JMLKZZ1NL2Z6,3JMR1,5110100.00,55018504.16,55018504.16,2023-08-18,2024-06-30,2024-06-30,DETENTION COMPLIANCE AND REMOVALS,,Full And Open Competition,,Negotiated Proposal/Quote,HSCEDM15R00004,S206,Guard Services,561210,Facilities Support Services,MONTGOMERY PROCESSING CENTER DETENTION SERVICES,MONTGOMERY PROCESSING CENTER DETENTION SERVICES,https://www.usaspending.gov/award/CONT_AWD_70CDCR23FR0000050_7012_HSCEDM17D00009_7012
15d7553fa9c5282b59db161058da6544b9f3326fccc77251cc85d3c05195c45b,ICE,Biden,ICE detention services,2023-08-25,70CDCR23FR0000048,70CDCR21D00000004,Delivery Order,0,no,"THE GEO GROUP, INC.",JMLKZZ1NL2Z6,3JMR1,3218788.23,38861166.19,39381907.94,2023-09-01,2025-09-15,2025-09-15,DETENTION COMPLIANCE AND REMOVALS,,Full And Open Competition,,Negotiated Proposal/Quote,,S206,Guard Services,561612,Security Guards and Patrol Services ,"BROWARD COUNTY, FL DETENTION AND TRANSPORTATION SERVICES","BROWARD COUNTY, FL DETENTION AND TRANSPORTATION SERVICES",https://www.usaspending.gov/award/CONT_AWD_70CDCR23FR0000048_7012_70CDCR21D00000004_7012
f084341f30378fef934b3d86b7da9e4ecd0f2fe9e0df59c13a3c83cd67453860,ICE,Biden,ICE detention services,2023-08-28,70CDCR23FR0000014,70CDCR20D00000009,Delivery Order,P00005,yes,"THE GEO GROUP, INC.",JMLKZZ1NL2Z6,3JMR1,98850.00,116595853.53,116595853.53,2022-12-20,2023-12-19,2024-12-19,DETENTION COMPLIANCE AND REMOVALS,,Full And Open Competition,,Negotiated Proposal/Quote,,S206,Guard Services,561612,Security Guards and Patrol Services ,ADDING FUNDS FOR DETENTION SERVICES IN THE LOS ANGELES AREA OF RESPONSIBILITY,NEW TASK ORDER FOR DETENTION SERVICES IN THE LOS ANGELES AREA OF RESPONSIBILITY,https://www.usaspending.gov/award/CONT_AWD_70CDCR23FR0000014_7012_70CDCR20D00000009_7012
7ff49ab823060660fb3593a7c01d73ecbb4fe7c09d1057a173301d0aa84b940a,ICE,Biden,ICE detention services,2023-08-29,70CDCR22FR0000044,70CDCR21D00000004,Delivery Order,P00007,yes,"THE GEO GROUP, INC.",JMLKZZ1NL2Z6,3JMR1,455270.80,36788066.45,39380858.91,2022-09-01,2023-08-31,2024-01-27,DETENTION COMPLIANCE AND REMOVALS,,Full And Open Competition,,Negotiated Proposal/Quote,,S206,Guard Services,561612,Security Guards and Patrol Services ,MIA AOR DETENTION AND TRANSPORTATION SERVICES,MIA AOR DETENTION AND TRANSPORTATION SERVICES,https://www.usaspending.gov/award/CONT_AWD_70CDCR22FR0000044_7012_70CDCR21D00000004_7012
6e0ba8b259ff83f10b941a6c94487af203f36fc10792be8b1a0bd67b6e986cc6,ICE,Biden,ICE detention services,2023-08-30,70CDCR23FR0000014,70CDCR20D00000009,Delivery Order,P00006,yes,"THE GEO GROUP, INC.",JMLKZZ1NL2Z6,3JMR1,673567.90,116595853.53,116595853.53,2022-12-20,2023-12-19,2024-12-19,DETENTION COMPLIANCE AND REMOVALS,,Full And Open Competition,,Negotiated Proposal/Quote,,S206,Guard Services,561612,Security Guards and Patrol Services ,ADDING FUNDS FOR DETENTION SERVICES IN THE LOS ANGELES AREA OF RESPONSIBILITY,NEW TASK ORDER FOR DETENTION SERVICES IN THE LOS ANGELES AREA OF RESPONSIBILITY,https://www.usaspending.gov/award/CONT_AWD_70CDCR23FR0000014_7012_70CDCR20D00000009_7012
4459407cbe25581960949e63d30beb3bef795c8a7ecfb63c79e5f3ce1d0a980b,ICE,Biden,ICE detention services,2023-09-05,70CDCR23FR0000001,70CDCR22D00000001,Delivery Order,P00007,yes,"THE GEO GROUP, INC.",JMLKZZ1NL2Z6,3JMR1,3711100.00,47344096.11,47344096.11,2022-10-16,2023-10-15,2023-12-27,DETENTION COMPLIANCE AND REMOVALS,,Full And Open Competition,,Negotiated Proposal/Quote,,S206,Guard Services,561210,Facilities Support Services,"FUNDS FOR DETENTION, TRANSPORTATION, AND MEDICAL SERVICES FOR DENVER (AURORA) CONTRACT DETENTION FACILITY","NEW TASK ORDER FOR DETENTION, TRANSPORTATION AND MEDICAL SERVICES FOR DENVER (AURORA) CONTRACT DETENTION FACILITY",https://www.usaspending.gov/award/CONT_AWD_70CDCR23FR0000001_7012_70CDCR22D00000001_7012
3552e9dc1043e2769f6bd83f5b4f4ea6f8ab73f977183c622ce2124901ce18c3,ICE,Biden,ICE detention services,2023-09-07,70CDCR23FR0000009,70CDCR20D00000008,Delivery Order,P00004,yes,"THE GEO GROUP, INC.",JMLKZZ1NL2Z6,3JMR1,7170116.86,54862887.20,54862887.20,2022-12-20,2023-12-19,2023-12-19,DETENTION COMPLIANCE AND REMOVALS,,Full And Open Competition,,Negotiated Proposal/Quote,,S206,Guard Services,561612,Security Guards and Patrol Services ,THE PURPOSE OF THIS MODIFICATION IS TO INCREASE FUNDING UNDER THE TASK ORDER.,NEW TASK ORDER FOR DETENTION SERVICES AT MESA VERDE AND GOLDEN STATE FACILITIES.,https://www.usaspending.gov/award/CONT_AWD_70CDCR23FR0000009_7012_70CDCR20D00000008_7012
afc03ec2a8d378e109b49845dfdb8ab5b98bf2d66915dafbcb462647a923e0d3,ICE,Biden,ICE detention services,2023-09-07,70CDCR23FR0000014,70CDCR20D00000009,Delivery Order,P00007,yes,"THE GEO GROUP, INC.",JMLKZZ1NL2Z6,3JMR1,9849216.00,116595853.53,116595853.53,2022-12-20,2023-12-19,2024-12-19,DETENTION COMPLIANCE AND REMOVALS,,Full And Open Competition,,Negotiated Proposal/Quote,,S206,Guard Services,561612,Security Guards and Patrol Services ,ADDING FUNDS FOR DETENTION SERVICES IN THE LOS ANGELES AREA OF RESPONSIBILITY,NEW TASK ORDER FOR DETENTION SERVICES IN THE LOS ANGELES AREA OF RESPONSIBILITY,https://www.usaspending.gov/award/CONT_AWD_70CDCR23FR0000014_7012_70CDCR20D00000009_7012
92ddddc3136034076b1016d8585d634edca7b2efe38bd99619fde9dde919016f,ICE,Biden,ICE ISAP/electronic monitoring,2023-09-11,70CDCR22FR0000034,70CDCR20D00000011,Delivery Order,P00012,yes,B.I. INCORPORATED,PKK6L9KLMYR5,3CUH9,-3105396.07,440305597.58,440305597.58,2022-08-01,2023-07-31,2023-07-31,DETENTION COMPLIANCE AND REMOVALS,,Full And Open Competition,,Negotiated Proposal/Quote,,R408,Program Management/Support Services,561210,Facilities Support Services,DEOBLIGATION,INTENSIVE SUPERVISION APPEARANCE PROGRAM (ISAP IV),https://www.usaspending.gov/award/CONT_AWD_70CDCR22FR0000034_7012_70CDCR20D00000011_7012
3a6fc303d242a3fa815da03ca0f42b6c674852e07109a1e857ed89565baa376e,ICE,Biden,ICE detention services,2023-09-12,70CDCR23FR0000001,70CDCR22D00000001,Delivery Order,P00008,yes,"THE GEO GROUP, INC.",JMLKZZ1NL2Z6,3JMR1,5286100.00,47344096.11,47344096.11,2022-10-16,2023-10-15,2023-12-27,DETENTION COMPLIANCE AND REMOVALS,,Full And Open Competition,,Negotiated Proposal/Quote,,S206,Guard Services,561210,Facilities Support Services,"FUNDS FOR DETENTION, TRANSPORTATION, AND MEDICAL SERVICES FOR DENVER (AURORA) CONTRACT DETENTION FACILITY","NEW TASK ORDER FOR DETENTION, TRANSPORTATION AND MEDICAL SERVICES FOR DENVER (AURORA) CONTRACT DETENTION FACILITY",https://www.usaspending.gov/award/CONT_AWD_70CDCR23FR0000001_7012_70CDCR22D00000001_7012
0f52fc6153ec9499a3eb1d46f83c2e0feb7dac74f51f5d5f5940cdd8eebaf364,ICE,Biden,ICE detention services,2023-09-12,70CDCR23FR0000014,70CDCR20D00000009,Delivery Order,P00008,yes,"THE GEO GROUP, INC.",JMLKZZ1NL2Z6,3JMR1,9895883.00,116595853.53,116595853.53,2022-12-20,2023-12-19,2024-12-19,DETENTION COMPLIANCE AND REMOVALS,,Full And Open Competition,,Negotiated Proposal/Quote,,S206,Guard Services,561612,Security Guards and Patrol Services ,ADDING FUNDS FOR DETENTION SERVICES IN THE LOS ANGELES AREA OF RESPONSIBILITY,NEW TASK ORDER FOR DETENTION SERVICES IN THE LOS ANGELES AREA OF RESPONSIBILITY,https://www.usaspending.gov/award/CONT_AWD_70CDCR23FR0000014_7012_70CDCR20D00000009_7012
2e489fe5cab08623bf478752d9a09d2b9f5201b179b107bb76ac4cf9c4a79016,ICE,Biden,ICE ISAP/electronic monitoring,2023-09-13,70CDCR22FR0000034,70CDCR20D00000011,Delivery Order,P00013,yes,B.I. INCORPORATED,PKK6L9KLMYR5,3CUH9,0.00,440305597.58,440305597.58,2022-08-01,2023-07-31,2023-07-31,DETENTION COMPLIANCE AND REMOVALS,,Full And Open Competition,,Negotiated Proposal/Quote,,R408,Program Management/Support Services,561210,Facilities Support Services,MOVE/RE-ALIGN FUNDS,INTENSIVE SUPERVISION APPEARANCE PROGRAM (ISAP IV),https://www.usaspending.gov/award/CONT_AWD_70CDCR22FR0000034_7012_70CDCR20D00000011_7012
c016822b643136030cdbf5fa97ca88e0b66eab940d97d5afa0a779a6a41b94fd,ICE,Biden,ICE detention services,2023-09-13,70CDCR23FR0000002,HSCEDM15D00015,Delivery Order,P00005,yes,"THE GEO GROUP, INC.",JMLKZZ1NL2Z6,3JMR1,10535466.00,69539507.19,69539507.19,2022-10-28,2023-10-27,2023-10-27,DETENTION COMPLIANCE AND REMOVALS,,Full And Open Competition,,Negotiated Proposal/Quote,,S206,Guard Services,561210,Facilities Support Services,"ADDING FUNDS FOR DETENTION AND TRANSPORTATION SERVICES AT NORTHWEST DETENTION CENTER, TACOMA","NEW TASK ORDER FOR DETENTION AND TRANSPORTATION SERVICES AT NORTHWEST DETENTION CENTER, TACOMA",https://www.usaspending.gov/award/CONT_AWD_70CDCR23FR0000002_7012_HSCEDM15D00015_7012
4d978607b2d6eb80c20b8188a35330618b22ef348bf6443938d16fdfa958ef49,ICE,Biden,ICE detention services,2023-09-14,70CDCR23FR0000045,70CDCR20D00000012,Delivery Order,P00002,yes,"THE GEO GROUP, INC.",JMLKZZ1NL2Z6,3JMR1,3578601.00,57272944.90,57272944.90,2023-08-06,2024-08-05,2024-10-17,DETENTION COMPLIANCE AND REMOVALS,,Full And Open Competition,,Negotiated Proposal/Quote,,S206,Guard Services,922140,Correctional Institutions ,DETENTION AND TRANSPORTATION SERVICES - SOUTH TEXAS ICE PROCESSING CENTER (STIPC)  POP 06 AUG 2023  - 05 AUG 2024,"DETENTION AND TRANSPORTATION SERVICES - SOUTH TEXAS ICE PROCESSING CENTER (STIPC)

POP 06 AUG 2023 - 05 AUG 2024",https://www.usaspending.gov/award/CONT_AWD_70CDCR23FR0000045_7012_70CDCR20D00000012_7012
b084fc6671385c854b3cbb91fc0cf9d39abf9dd663649213916239ede6dd2f29,ICE,Biden,ICE detention services,2023-09-14,70CDCR23FR0000050,HSCEDM17D00009,Delivery Order,P00001,yes,"THE GEO GROUP, INC.",JMLKZZ1NL2Z6,3JMR1,4181900.00,55018504.16,55018504.16,2023-08-18,2024-06-30,2024-06-30,DETENTION COMPLIANCE AND REMOVALS,,Full And Open Competition,,Negotiated Proposal/Quote,HSCEDM15R00004,S206,Guard Services,561210,Facilities Support Services,MONTGOMERY PROCESSING CENTER DETENTION SERVICES,MONTGOMERY PROCESSING CENTER DETENTION SERVICES,https://www.usaspending.gov/award/CONT_AWD_70CDCR23FR0000050_7012_HSCEDM17D00009_7012
932961885e8e9381bef6265309cc342f429e11c9d8d525d619849e0045bb7c23,ICE,Biden,ICE detention services,2023-09-15,70CDCR23FR0000050,HSCEDM17D00009,Delivery Order,P00002,yes,"THE GEO GROUP, INC.",JMLKZZ1NL2Z6,3JMR1,0.00,55018504.16,55018504.16,2023-08-18,2024-06-30,2024-06-30,DETENTION COMPLIANCE AND REMOVALS,,Full And Open Competition,,Negotiated Proposal/Quote,HSCEDM15R00004,S206,Guard Services,561210,Facilities Support Services,MONTGOMERY PROCESSING CENTER DETENTION SERVICES,MONTGOMERY PROCESSING CENTER DETENTION SERVICES,https://www.usaspending.gov/award/CONT_AWD_70CDCR23FR0000050_7012_HSCEDM17D00009_7012
65028dd52b608a1fc19f1a473e72968dc28deee32bf549fdb6c8e7f6511571cb,ICE,Biden,ICE detention services,2023-09-18,70CDCR23FC0000010,HSCEDM14A00001,BPA Call,P00004,yes,"THE GEO GROUP, INC.",JMLKZZ1NL2Z6,3JMR1,205000.00,5338926.75,5338926.75,2023-04-01,2024-03-31,2024-09-08,DETENTION COMPLIANCE AND REMOVALS,,Competed Under Simplified Acquisition Procedures,1,Simplified Acquisition,,S206,Guard Services,922140,Correctional Institutions ,RIO GRANDE DETENTION CENTER FUNDING MODIFICATION,"RIO GRANDE DETENTION CENTER

COR: JOSE LONGORIA",https://www.usaspending.gov/award/CONT_AWD_70CDCR23FC0000010_7012_HSCEDM14A00001_7012
5d9d6e12412ab40b3d3e151eea6a30f008419f2c91ab3d3e0033ea2f3a43f78b,ICE,Biden,ICE ISAP/electronic monitoring,2023-09-18,70CDCR23FR0000042,70CDCR20D00000011,Delivery Order,P00001,yes,B.I. INCORPORATED,PKK6L9KLMYR5,3CUH9,28775396.07,286112087.46,286112087.46,2023-08-01,2024-07-31,2024-07-31,DETENTION COMPLIANCE AND REMOVALS,,Full And Open Competition,,Negotiated Proposal/Quote,70CDCR19R00000002,R408,Program Management/Support Services,561210,Facilities Support Services,ADD FUNDING,INTENSIVE SUPERVISION APPEARANCE PROGRAM (ISAP IV),https://www.usaspending.gov/award/CONT_AWD_70CDCR23FR0000042_7012_70CDCR20D00000011_7012
0688d8cfe9ca3d9f74025618e129e3cd2776bc2d7dd3835781f13339962dc855,ICE,Biden,ICE detention services,2023-09-18,70CDCR23FR0000048,70CDCR21D00000004,Delivery Order,P00001,yes,"THE GEO GROUP, INC.",JMLKZZ1NL2Z6,3JMR1,50042.40,38861166.19,39381907.94,2023-09-01,2025-09-15,2025-09-15,DETENTION COMPLIANCE AND REMOVALS,,Full And Open Competition,,Negotiated Proposal/Quote,,S206,Guard Services,561612,Security Guards and Patrol Services ,BROWARD COUNTY FL DETENTION AND TRANSPORTATION SERVICES,"BROWARD COUNTY, FL DETENTION AND TRANSPORTATION SERVICES",https://www.usaspending.gov/award/CONT_AWD_70CDCR23FR0000048_7012_70CDCR21D00000004_7012
9b4420f8ca92ac784336c8db29e28d99f68596ef73b925cb0434eb295b514dad,ICE,Biden,ICE detention services,2023-09-19,70CDCR23FC0000014,70CDCR18A00000007,BPA Call,P00001,yes,"THE GEO GROUP, INC.",JMLKZZ1NL2Z6,3JMR1,0.00,137180.56,137180.56,2023-07-23,2024-07-22,2024-07-22,DETENTION COMPLIANCE AND REMOVALS,,Competed Under Simplified Acquisition Procedures,1,Simplified Acquisition,,S206,Guard Services,922140,Correctional Institutions ,THE PURPOSE OF THIS MODIFICATION IS TO CHANGE THE CORS.,DETAINEE BED DAYS AT THE ROBERT A. DEYTON DETENTION FACILITY,https://www.usaspending.gov/award/CONT_AWD_70CDCR23FC0000014_7012_70CDCR18A00000007_7012
757f9db3ce9389f84e0d33055a6a18e23745aaa257b3f678ba2cd07660620b2d,CBP,Biden,CBP detention/jail space,2023-09-20,70B03C23P00000166,,PURCHASE ORDER,P00001,yes,"THE GEO GROUP, INC.",JMLKZZ1NL2Z6,3JMR1,0.00,142298.68,142298.68,2023-05-01,2024-04-30,2024-04-30,BORDER ENFORCEMENT CONTRACTING DIVISION,US BORDER PATROL,NOT COMPETED,1,ONLY ONE SOURCE,,X1FF,LEASE/RENTAL OF PENAL FACILITIES,922140,CORRECTIONAL INSTITUTIONS,CHANGE IN UNION WAGES,JAIL SPACE ISSUED AGAINST UNITED STATES MARSHALL IGA PER DIEM RATES,https://www.usaspending.gov/award/CONT_AWD_70B03C23P00000166_7014_-NONE-_-NONE-
7360bdef6b2b189fe6899ea4d5e9b7049a9194f8d4b76ebdb6f06a7a06f7bbb6,ICE,Biden,ICE detention services,2023-09-20,70CDCR22FR0000044,70CDCR21D00000004,Delivery Order,P00008,yes,"THE GEO GROUP, INC.",JMLKZZ1NL2Z6,3JMR1,5234.32,36788066.45,39380858.91,2022-09-01,2023-08-31,2024-01-27,DETENTION COMPLIANCE AND REMOVALS,,Full And Open Competition,,Negotiated Proposal/Quote,,S206,Guard Services,561612,Security Guards and Patrol Services ,MIA AOR DETENTION AND TRANSPORTATION SERVICES FUNDING,MIA AOR DETENTION AND TRANSPORTATION SERVICES,https://www.usaspending.gov/award/CONT_AWD_70CDCR22FR0000044_7012_70CDCR21D00000004_7012
b0061d92314af7b167db0bf51b25dbbfcff2c6d0259caebf2b0d69d26cb72f94,ICE,Biden,ICE detention services,2023-09-25,70CDCR20FR0000005,70CDCR20D00000003,Delivery Order,P00007,yes,"THE GEO GROUP, INC.",JMLKZZ1NL2Z6,3JMR1,0.00,32325878.24,32325878.24,2019-12-06,2020-08-05,2021-01-06,DETENTION COMPLIANCE AND REMOVALS,,Not Competed,,Sole Source,,S206,Guard Services,561612,Security Guards and Patrol Services ,DETENTION AND DETENTION RELATED SERVICES AT THE SOUTH TEXAS DETENTION COMPLEX (STDC),DETENTION AND DETENTION RELATED SERVICES AT THE SOUTH TEXAS DETENTION COMPLEX (STDC),https://www.usaspending.gov/award/CONT_AWD_70CDCR20FR0000005_7012_70CDCR20D00000003_7012
cbffbe0469ff4f666fc2c557f5f67dffb47d25a6ddc27bf02eafdef01271548f,ICE,Biden,ICE detention services,2023-09-25,70CDCR23FR0000002,HSCEDM15D00015,Delivery Order,P00006,yes,"THE GEO GROUP, INC.",JMLKZZ1NL2Z6,3JMR1,316238.00,69539507.19,69539507.19,2022-10-28,2023-10-27,2023-10-27,DETENTION COMPLIANCE AND REMOVALS,,Full And Open Competition,,Negotiated Proposal/Quote,,S206,Guard Services,561210,Facilities Support Services,"ADDING FUNDS FOR VIRTUAL ATTORNEY VISITATION (VAV) AND WINDOW TINT AT NORTHWEST DETENTION CENTER, TACOMA","NEW TASK ORDER FOR DETENTION AND TRANSPORTATION SERVICES AT NORTHWEST DETENTION CENTER, TACOMA",https://www.usaspending.gov/award/CONT_AWD_70CDCR23FR0000002_7012_HSCEDM15D00015_7012
0787127bcbec673d15b42d43966474879cea5a060249e6303775efcc969f4d12,ICE,Biden,ICE detention services,2023-09-25,70CDCR23FR0000050,HSCEDM17D00009,Delivery Order,P00003,yes,"THE GEO GROUP, INC.",JMLKZZ1NL2Z6,3JMR1,3855157.50,55018504.16,55018504.16,2023-08-18,2024-06-30,2024-06-30,DETENTION COMPLIANCE AND REMOVALS,,Full And Open Competition,,Negotiated Proposal/Quote,HSCEDM15R00004,S206,Guard Services,561210,Facilities Support Services,MONTGOMERY PROCESSING CENTER DETENTION SERVICES,MONTGOMERY PROCESSING CENTER DETENTION SERVICES,https://www.usaspending.gov/award/CONT_AWD_70CDCR23FR0000050_7012_HSCEDM17D00009_7012
9d60deb6cdcdcfcabd462e2c45e1a5f53d511dcfe3d46fb3627599b9eddd2a87,ICE,Biden,ICE detention services,2023-09-26,70CDCR23FC0000010,HSCEDM14A00001,BPA Call,P00005,yes,"THE GEO GROUP, INC.",JMLKZZ1NL2Z6,3JMR1,627455.00,5338926.75,5338926.75,2023-04-01,2024-03-31,2024-09-08,DETENTION COMPLIANCE AND REMOVALS,,Competed Under Simplified Acquisition Procedures,1,Simplified Acquisition,,S206,Guard Services,922140,Correctional Institutions ,RIO GRANDE DETENTION CENTER FUNDING MODIFICATION,"RIO GRANDE DETENTION CENTER

COR: JOSE LONGORIA",https://www.usaspending.gov/award/CONT_AWD_70CDCR23FC0000010_7012_HSCEDM14A00001_7012
6e926245a78075f15b0f6ab7b450217baa44fcdadf9c8b8a52e79e2f4acbe2e6,ICE,Biden,ICE detention services,2023-09-26,70CDCR23FR0000048,70CDCR21D00000004,Delivery Order,P00002,yes,"THE GEO GROUP, INC.",JMLKZZ1NL2Z6,3JMR1,304693.44,38861166.19,39381907.94,2023-09-01,2025-09-15,2025-09-15,DETENTION COMPLIANCE AND REMOVALS,,Full And Open Competition,,Negotiated Proposal/Quote,,S206,Guard Services,561612,Security Guards and Patrol Services ,VIRTUAL ATTORNEY VISITATION (VAV) BOOTHS INSTALLATION,"BROWARD COUNTY, FL DETENTION AND TRANSPORTATION SERVICES",https://www.usaspending.gov/award/CONT_AWD_70CDCR23FR0000048_7012_70CDCR21D00000004_7012
77fb50f228d5ef6fcf84c9ac06d202a735086a6a57845cc64aec7819861c81d2,ICE,Biden,ICE detention services,2023-09-27,70CDCR23FR0000050,HSCEDM17D00009,Delivery Order,P00004,yes,"THE GEO GROUP, INC.",JMLKZZ1NL2Z6,3JMR1,0.00,55018504.16,55018504.16,2023-08-18,2024-06-30,2024-06-30,DETENTION COMPLIANCE AND REMOVALS,,Full And Open Competition,,Negotiated Proposal/Quote,HSCEDM15R00004,S206,Guard Services,561210,Facilities Support Services,MONTGOMERY PROCESSING CENTER DETENTION SERVICES,MONTGOMERY PROCESSING CENTER DETENTION SERVICES,https://www.usaspending.gov/award/CONT_AWD_70CDCR23FR0000050_7012_HSCEDM17D00009_7012
4d1ed3cb3b3de1aeeda048bf9122c8254b27e482d6e1e1442bb4b86fab693621,ICE,Biden,ICE detention services,2023-09-28,70CDCR23FC0000010,HSCEDM14A00001,BPA Call,P00006,yes,"THE GEO GROUP, INC.",JMLKZZ1NL2Z6,3JMR1,0.00,5338926.75,5338926.75,2023-04-01,2024-03-31,2024-09-08,DETENTION COMPLIANCE AND REMOVALS,,Competed Under Simplified Acquisition Procedures,1,Simplified Acquisition,,S206,Guard Services,922140,Correctional Institutions ,RIO GRANDE DETENTION CENTER POP EXTENSION,"RIO GRANDE DETENTION CENTER

COR: JOSE LONGORIA",https://www.usaspending.gov/award/CONT_AWD_70CDCR23FC0000010_7012_HSCEDM14A00001_7012
ecccabae0da9ffd5e9f5f2271afc5fc5e3a20916358a44272a8249181eaec422,ICE,Biden,ICE detention services,2023-09-28,70CDCR23FR0000001,70CDCR22D00000001,Delivery Order,P00009,yes,"THE GEO GROUP, INC.",JMLKZZ1NL2Z6,3JMR1,0.00,47344096.11,47344096.11,2022-10-16,2023-10-15,2023-12-27,DETENTION COMPLIANCE AND REMOVALS,,Full And Open Competition,,Negotiated Proposal/Quote,,S206,Guard Services,561210,Facilities Support Services,"FUNDS FOR DETENTION, TRANSPORTATION, AND MEDICAL SERVICES FOR DENVER (AURORA) CONTRACT DETENTION FACILITY","NEW TASK ORDER FOR DETENTION, TRANSPORTATION AND MEDICAL SERVICES FOR DENVER (AURORA) CONTRACT DETENTION FACILITY",https://www.usaspending.gov/award/CONT_AWD_70CDCR23FR0000001_7012_70CDCR22D00000001_7012
93c42c31a99cec9d4653ccad616c134192b8e82dfbc5d4161ebd7dff78f7cc5b,ICE,Biden,ICE ISAP/electronic monitoring,2023-09-28,70CDCR23FR0000042,70CDCR20D00000011,Delivery Order,P00002,yes,B.I. INCORPORATED,PKK6L9KLMYR5,3CUH9,2524375.19,286112087.46,286112087.46,2023-08-01,2024-07-31,2024-07-31,DETENTION COMPLIANCE AND REMOVALS,,Full And Open Competition,,Negotiated Proposal/Quote,70CDCR19R00000002,R408,Program Management/Support Services,561210,Facilities Support Services,ADD FUNDING,INTENSIVE SUPERVISION APPEARANCE PROGRAM (ISAP IV),https://www.usaspending.gov/award/CONT_AWD_70CDCR23FR0000042_7012_70CDCR20D00000011_7012
524f0fc2fcd902c50ecd49120d5c54c6f5710a5fd0b513d615faa8c111e6e946,ICE,Biden,ICE detention services,2023-10-14,70CDCR24FR0000001,70CDCR22D00000001,Delivery Order,0,no,"THE GEO GROUP, INC.",JMLKZZ1NL2Z6,3JMR1,6820696.00,56009252.93,56009252.93,2023-10-16,2024-10-15,2024-10-15,DETENTION COMPLIANCE AND REMOVALS,,Full And Open Competition,,Negotiated Proposal/Quote,,S206,Guard Services,561210,Facilities Support Services,"DETENTION, TRANSPORTATION, AND MEDICAL SERVICES FOR DENVER (AURORA) CONTRACT DETENTION FACILITY","DETENTION, TRANSPORTATION, AND MEDICAL SERVICES FOR DENVER (AURORA) CONTRACT DETENTION FACILITY",https://www.usaspending.gov/award/CONT_AWD_70CDCR24FR0000001_7012_70CDCR22D00000001_7012
518a2f7e63f47d2532980be64e1e4718855dce94ce13fcec1632d678af4ac25c,ICE,Biden,ICE detention services,2023-10-24,70CDCR23FC0000010,HSCEDM14A00001,BPA Call,P00007,yes,"THE GEO GROUP, INC.",JMLKZZ1NL2Z6,3JMR1,223164.00,5338926.75,5338926.75,2023-04-01,2024-03-31,2024-09-08,DETENTION COMPLIANCE AND REMOVALS,,Competed Under Simplified Acquisition Procedures,1,Simplified Acquisition,,S206,Guard Services,922140,Correctional Institutions ,RIO GRANDE DETENTION CENTER FUNDING MODIFICATION,"RIO GRANDE DETENTION CENTER

COR: JOSE LONGORIA",https://www.usaspending.gov/award/CONT_AWD_70CDCR23FC0000010_7012_HSCEDM14A00001_7012
6358f585e2e62d3bb2925542d04f0c023ed59f61352d02de0bedff65c0c9add7,ICE,Biden,ICE detention services,2023-10-25,70CDCR23FC0000014,70CDCR18A00000007,BPA Call,P00002,yes,"THE GEO GROUP, INC.",JMLKZZ1NL2Z6,3JMR1,30000.00,137180.56,137180.56,2023-07-23,2024-07-22,2024-07-22,DETENTION COMPLIANCE AND REMOVALS,,Competed Under Simplified Acquisition Procedures,1,Simplified Acquisition,,S206,Guard Services,922140,Correctional Institutions ,THE PURPOSE OF THIS MODIFICATION IS TO OBLIGATE FUNDING.,DETAINEE BED DAYS AT THE ROBERT A. DEYTON DETENTION FACILITY,https://www.usaspending.gov/award/CONT_AWD_70CDCR23FC0000014_7012_70CDCR18A00000007_7012
69e7181f08120294c2aa1529f967adee1f4cee2fd6246720cef6b77b3c0da33c,ICE,Biden,ICE detention services,2023-10-25,70CDCR23FR0000045,70CDCR20D00000012,Delivery Order,P00003,yes,"THE GEO GROUP, INC.",JMLKZZ1NL2Z6,3JMR1,9059253.98,57272944.90,57272944.90,2023-08-06,2024-08-05,2024-10-17,DETENTION COMPLIANCE AND REMOVALS,,Full And Open Competition,,Negotiated Proposal/Quote,,S206,Guard Services,922140,Correctional Institutions ,DETENTION AND TRANSPORTATION SERVICES - SOUTH TEXAS ICE PROCESSING CENTER (STIPC)  POP 06 AUG 2023  - 05 AUG 2024,"DETENTION AND TRANSPORTATION SERVICES - SOUTH TEXAS ICE PROCESSING CENTER (STIPC)

POP 06 AUG 2023 - 05 AUG 2024",https://www.usaspending.gov/award/CONT_AWD_70CDCR23FR0000045_7012_70CDCR20D00000012_7012
876f62e954fc4fd22f7e950e6c61b41d3f59ac89566fe16fe82566a485a9b7ec,ICE,Biden,ICE detention services,2023-10-27,70CDCR24FR0000003,HSCEDM15D00015,Delivery Order,0,no,"THE GEO GROUP, INC.",JMLKZZ1NL2Z6,3JMR1,6447250.18,72727938.31,72727938.31,2023-10-28,2024-09-27,2025-09-27,DETENTION COMPLIANCE AND REMOVALS,,Full And Open Competition,,Negotiated Proposal/Quote,,S206,Guard Services,561210,Facilities Support Services,NEW TASK ORDER FOR DETENTION AND TRANSPORTATION SERVICES FOR NORTHWEST DETENTION CENTER.,NEW TASK ORDER FOR DETENTION AND TRANSPORTATION SERVICES FOR NORTHWEST DETENTION CENTER.,https://www.usaspending.gov/award/CONT_AWD_70CDCR24FR0000003_7012_HSCEDM15D00015_7012
30a9602813571611c3b409dc4c863e65a57d2a7a31d308475db4f9c99db412cb,ICE,Biden,ICE detention services,2023-10-30,70CDCR23FR0000014,70CDCR20D00000009,Delivery Order,P00009,yes,"THE GEO GROUP, INC.",JMLKZZ1NL2Z6,3JMR1,17807415.00,116595853.53,116595853.53,2022-12-20,2023-12-19,2024-12-19,DETENTION COMPLIANCE AND REMOVALS,,Full And Open Competition,,Negotiated Proposal/Quote,,S206,Guard Services,561612,Security Guards and Patrol Services ,ADDING FUNDS FOR DETENTION SERVICES IN THE LOS ANGELES AREA OF RESPONSIBILITY,NEW TASK ORDER FOR DETENTION SERVICES IN THE LOS ANGELES AREA OF RESPONSIBILITY,https://www.usaspending.gov/award/CONT_AWD_70CDCR23FR0000014_7012_70CDCR20D00000009_7012
01a6ef3deccce0724cb8f15aee92c99210945d3eb1e6a2639721cc19c536dc73,ICE,Biden,ICE detention services,2023-11-01,70CDCR23FR0000009,70CDCR20D00000008,Delivery Order,P00005,yes,"THE GEO GROUP, INC.",JMLKZZ1NL2Z6,3JMR1,9232121.07,54862887.20,54862887.20,2022-12-20,2023-12-19,2023-12-19,DETENTION COMPLIANCE AND REMOVALS,,Full And Open Competition,,Negotiated Proposal/Quote,,S206,Guard Services,561612,Security Guards and Patrol Services ,THE PURPOSE OF THIS MODIFICATION IS TO INCREASE FUNDING UNDER THE TASK ORDER.,NEW TASK ORDER FOR DETENTION SERVICES AT MESA VERDE AND GOLDEN STATE FACILITIES.,https://www.usaspending.gov/award/CONT_AWD_70CDCR23FR0000009_7012_70CDCR20D00000008_7012
5e548d420930377d640701e982814cd905059ddcb148d554925c4ff3c7ef36c6,ICE,Biden,ICE ISAP/electronic monitoring,2023-11-01,70CDCR23FR0000042,70CDCR20D00000011,Delivery Order,P00003,yes,B.I. INCORPORATED,PKK6L9KLMYR5,3CUH9,24990420.00,286112087.46,286112087.46,2023-08-01,2024-07-31,2024-07-31,DETENTION COMPLIANCE AND REMOVALS,,Full And Open Competition,,Negotiated Proposal/Quote,70CDCR19R00000002,R408,Program Management/Support Services,561210,Facilities Support Services,ADD FUNDING,INTENSIVE SUPERVISION APPEARANCE PROGRAM (ISAP IV),https://www.usaspending.gov/award/CONT_AWD_70CDCR23FR0000042_7012_70CDCR20D00000011_7012
87066384308fa921318612dea9ece284d6b5ca2211daa0d6114ba04689f5db3a,ICE,Biden,ICE detention services,2023-11-02,70CDCR23FR0000050,HSCEDM17D00009,Delivery Order,P00005,yes,"THE GEO GROUP, INC.",JMLKZZ1NL2Z6,3JMR1,1561255.00,55018504.16,55018504.16,2023-08-18,2024-06-30,2024-06-30,DETENTION COMPLIANCE AND REMOVALS,,Full And Open Competition,,Negotiated Proposal/Quote,HSCEDM15R00004,S206,Guard Services,561210,Facilities Support Services,MONTGOMERY PROCESSING CENTER DETENTION SERVICES,MONTGOMERY PROCESSING CENTER DETENTION SERVICES,https://www.usaspending.gov/award/CONT_AWD_70CDCR23FR0000050_7012_HSCEDM17D00009_7012
712aa4eec7bfba890fd49fdc169ddaeaef9cc03ce160a541c0c24f185ad34fd4,ICE,Biden,ICE detention services,2023-11-07,70CDCR23FR0000002,HSCEDM15D00015,Delivery Order,P00007,yes,"THE GEO GROUP, INC.",JMLKZZ1NL2Z6,3JMR1,4876433.18,69539507.19,69539507.19,2022-10-28,2023-10-27,2023-10-27,DETENTION COMPLIANCE AND REMOVALS,,Full And Open Competition,,Negotiated Proposal/Quote,,S206,Guard Services,561210,Facilities Support Services,"ADDITIONAL FUNDING AT NORTHWEST DETENTION CENTER, TACOMA","NEW TASK ORDER FOR DETENTION AND TRANSPORTATION SERVICES AT NORTHWEST DETENTION CENTER, TACOMA",https://www.usaspending.gov/award/CONT_AWD_70CDCR23FR0000002_7012_HSCEDM15D00015_7012
eb34925f56dcc70834d06c7b74f990c69d01834da68c9f0fa95d485e69c5d664,ICE,Biden,ICE detention services,2023-11-07,70CDCR23FR0000048,70CDCR21D00000004,Delivery Order,P00003,yes,"THE GEO GROUP, INC.",JMLKZZ1NL2Z6,3JMR1,6444147.00,38861166.19,39381907.94,2023-09-01,2025-09-15,2025-09-15,DETENTION COMPLIANCE AND REMOVALS,,Full And Open Competition,,Negotiated Proposal/Quote,,S206,Guard Services,561612,Security Guards and Patrol Services ,VIRTUAL ATTORNEY VISITATION (VAV) BOOTHS INSTALLATION,"BROWARD COUNTY, FL DETENTION AND TRANSPORTATION SERVICES",https://www.usaspending.gov/award/CONT_AWD_70CDCR23FR0000048_7012_70CDCR21D00000004_7012
30f0131d674ba5faaa2adea3306f28442c6ecfbfbcfb0a254680ddede998beea,CBP,Biden,CBP detention/jail space,2023-11-08,70B03C23P00000166,,PURCHASE ORDER,P00002,yes,"THE GEO GROUP, INC.",JMLKZZ1NL2Z6,3JMR1,0.00,142298.68,142298.68,2023-05-01,2024-04-30,2024-04-30,BORDER ENFORCEMENT CONTRACTING DIVISION,US BORDER PATROL,NOT COMPETED,1,ONLY ONE SOURCE,,X1FF,LEASE/RENTAL OF PENAL FACILITIES,922140,CORRECTIONAL INSTITUTIONS,CHANGE IN CBA,JAIL SPACE ISSUED AGAINST UNITED STATES MARSHALL IGA PER DIEM RATES,https://www.usaspending.gov/award/CONT_AWD_70B03C23P00000166_7014_-NONE-_-NONE-
c32279944412520e4f32db4baccf11fc8e4ad7463136ec7c205758c1396b45a9,ICE,Biden,ICE detention services,2023-11-15,HSCEDM17J00032,HSCEDM15D00015,Delivery Order,P00008,yes,"THE GEO GROUP, INC.",JMLKZZ1NL2Z6,3JMR1,0.00,65718510.49,65718510.49,2017-09-14,2018-09-27,2018-09-27,DETENTION MANAGEMENT LAGUNA,,Full And Open Competition,,Negotiated Proposal/Quote,,S206,Guard Services,561210,Facilities Support Services,"DETENTION, TRANSPORTATION AND FOOD SERVICES","DETENTION, TRANSPORTATION AND FOOD SERVICES",https://www.usaspending.gov/award/CONT_AWD_HSCEDM17J00032_7012_HSCEDM15D00015_7012
48dd9c992b28863edfa32eb13b66227297e6f5aabb33fc3c5abe777991bfe03a,ICE,Biden,ICE detention services,2023-11-27,70CDCR23FR0000001,70CDCR22D00000001,Delivery Order,P00010,yes,"THE GEO GROUP, INC.",JMLKZZ1NL2Z6,3JMR1,989982.23,47344096.11,47344096.11,2022-10-16,2023-10-15,2023-12-27,DETENTION COMPLIANCE AND REMOVALS,,Full And Open Competition,,Negotiated Proposal/Quote,,S206,Guard Services,561210,Facilities Support Services,"FUNDS FOR DETENTION, TRANSPORTATION, AND MEDICAL SERVICES FOR DENVER (AURORA) CONTRACT DETENTION FACILITY","NEW TASK ORDER FOR DETENTION, TRANSPORTATION AND MEDICAL SERVICES FOR DENVER (AURORA) CONTRACT DETENTION FACILITY",https://www.usaspending.gov/award/CONT_AWD_70CDCR23FR0000001_7012_70CDCR22D00000001_7012
d2e68d8bc7c592d104e02bbac8a34d80a3341e104ada04e2b760536b81c6878f,ICE,Biden,ICE detention services,2023-12-08,70CDCR23FR0000002,HSCEDM15D00015,Delivery Order,P00008,yes,"THE GEO GROUP, INC.",JMLKZZ1NL2Z6,3JMR1,25453.90,69539507.19,69539507.19,2022-10-28,2023-10-27,2023-10-27,DETENTION COMPLIANCE AND REMOVALS,,Full And Open Competition,,Negotiated Proposal/Quote,,S206,Guard Services,561210,Facilities Support Services,"ADDITIONAL FUNDING AT NORTHWEST DETENTION CENTER, TACOMA","NEW TASK ORDER FOR DETENTION AND TRANSPORTATION SERVICES AT NORTHWEST DETENTION CENTER, TACOMA",https://www.usaspending.gov/award/CONT_AWD_70CDCR23FR0000002_7012_HSCEDM15D00015_7012
ce05e55f5cfee0d66367d689978d37531e9b70298512e69a34b79ee8afa79f0c,ICE,Biden,ICE other/unresolved,2023-12-11,70CDCR22FR0000045,HSCEDM17D00009,Delivery Order,P00008,yes,"THE GEO GROUP, INC.",JMLKZZ1NL2Z6,3JMR1,-1625717.64,48312099.25,48312099.25,2022-08-18,2023-08-17,2024-08-08,DETENTION COMPLIANCE AND REMOVALS,,Full And Open Competition,,Negotiated Proposal/Quote,HSCEDM15R00004,S206,Guard Services,561210,Facilities Support Services,DEOBLIGATION ACTION,"**NEW TASK ORDER NUMBER ( MONTGOMERY PROCESSING CENTER (MPC) /GEO)
CONTRACT PERIOD OF PERFORMANCE- 18 AUG 2022 - 17 AUG 2023
FUNDING PERIOD OF PERFORMANCE - 18 AUG 2022 - 30 SEP 2022",https://www.usaspending.gov/award/CONT_AWD_70CDCR22FR0000045_7012_HSCEDM17D00009_7012
9cd352b07cd110320286b1a77ff805fc27b0529c72fa1f0f1720bac9c009cc52,ICE,Biden,ICE detention services,2023-12-13,70CDCR23FR0000009,70CDCR20D00000008,Delivery Order,P00006,yes,"THE GEO GROUP, INC.",JMLKZZ1NL2Z6,3JMR1,2714440.44,54862887.20,54862887.20,2022-12-20,2023-12-19,2023-12-19,DETENTION COMPLIANCE AND REMOVALS,,Full And Open Competition,,Negotiated Proposal/Quote,,S206,Guard Services,561612,Security Guards and Patrol Services ,THE PURPOSE OF THIS MODIFICATION IS TO INCREASE FUNDING UNDER THE TASK ORDER.,NEW TASK ORDER FOR DETENTION SERVICES AT MESA VERDE AND GOLDEN STATE FACILITIES.,https://www.usaspending.gov/award/CONT_AWD_70CDCR23FR0000009_7012_70CDCR20D00000008_7012
bf5604aba9cd2aa544b487f085bfc698c4490053431d15168e7dd17b8c4bfe75,ICE,Biden,ICE detention services,2023-12-14,70CDCR23FR0000050,HSCEDM17D00009,Delivery Order,P00006,yes,"THE GEO GROUP, INC.",JMLKZZ1NL2Z6,3JMR1,8167703.00,55018504.16,55018504.16,2023-08-18,2024-06-30,2024-06-30,DETENTION COMPLIANCE AND REMOVALS,,Full And Open Competition,,Negotiated Proposal/Quote,HSCEDM15R00004,S206,Guard Services,561210,Facilities Support Services,MONTGOMERY PROCESSING CENTER DETENTION SERVICES,MONTGOMERY PROCESSING CENTER DETENTION SERVICES,https://www.usaspending.gov/award/CONT_AWD_70CDCR23FR0000050_7012_HSCEDM17D00009_7012
10193de83fefbe678559890ef10cbf0a138bb52e859393d7eca884e39a3342c1,ICE,Biden,ICE detention services,2023-12-18,70CDCR23FR0000014,70CDCR20D00000009,Delivery Order,P00010,yes,"THE GEO GROUP, INC.",JMLKZZ1NL2Z6,3JMR1,5604204.00,116595853.53,116595853.53,2022-12-20,2023-12-19,2024-12-19,DETENTION COMPLIANCE AND REMOVALS,,Full And Open Competition,,Negotiated Proposal/Quote,,S206,Guard Services,561612,Security Guards and Patrol Services ,ADDING FUNDS FOR DETENTION SERVICES IN THE LOS ANGELES AREA OF RESPONSIBILITY,NEW TASK ORDER FOR DETENTION SERVICES IN THE LOS ANGELES AREA OF RESPONSIBILITY,https://www.usaspending.gov/award/CONT_AWD_70CDCR23FR0000014_7012_70CDCR20D00000009_7012
b65e50078555b3b13656846444b9fedaa7f1ffb1ffe3d3eb7ac9dc3285aedd8d,ICE,Biden,ICE detention services,2023-12-18,70CDCR24FR0000011,70CDCR20D00000009,Delivery Order,0,no,"THE GEO GROUP, INC.",JMLKZZ1NL2Z6,3JMR1,7100303.55,83367984.37,83367984.37,2023-12-20,2024-12-19,2024-12-19,DETENTION COMPLIANCE AND REMOVALS,,Full And Open Competition,,Negotiated Proposal/Quote,,S206,Guard Services,561612,Security Guards and Patrol Services ,ESTABLISH NEW TASK ORDER FOR DETENTION SERVICES AT ADELANTO,ESTABLISH NEW TASK ORDER FOR DETENTION SERVICES AT ADELANTO,https://www.usaspending.gov/award/CONT_AWD_70CDCR24FR0000011_7012_70CDCR20D00000009_7012
796047100651663700ca6de7159ab96ff984864cb6f46322406ea0eb8a537360,ICE,Biden,ICE detention services,2023-12-19,70CDCR24FR0000010,70CDCR20D00000008,Delivery Order,0,no,"THE GEO GROUP, INC.",JMLKZZ1NL2Z6,3JMR1,4790099.20,57183778.57,57183778.57,2019-12-20,2024-12-19,2024-12-19,DETENTION COMPLIANCE AND REMOVALS,,Full And Open Competition,,Negotiated Proposal/Quote,70CDCR20R00000002,S206,Guard Services,561612,Security Guards and Patrol Services ,NEW TASK ORDER FOR DETENTION SERVICES AT MESA VERDE AND GOLDEN STATE FACILITIES. TASK ORDER POP: 12/20/23 - 12/19/24,"NEW TASK ORDER FOR DETENTION SERVICES AT MESA VERDE AND GOLDEN STATE FACILITIES.
TASK ORDER POP: 12/20/23 - 12/19/24",https://www.usaspending.gov/award/CONT_AWD_70CDCR24FR0000010_7012_70CDCR20D00000008_7012
439d2909346497167182404f9f29ce728712654f61030d57b1306c2eabea3a71,ICE,Biden,ICE detention services,2023-12-19,70CDCR24FR0000012,70CDCR20D00000009,Delivery Order,0,no,"THE GEO GROUP, INC.",JMLKZZ1NL2Z6,3JMR1,2400000.00,32758675.92,32758675.92,2023-12-20,2024-12-19,2024-12-19,DETENTION COMPLIANCE AND REMOVALS,,Full And Open Competition,,Negotiated Proposal/Quote,,S206,Guard Services,561612,Security Guards and Patrol Services ,NEW TASK ORDER FOR DETENTION SERVICES DESERT VIEW (DV) ANNEX IN THE LOS ANGELES AREA OF RESPONSIBILITY,NEW TASK ORDER FOR DETENTION SERVICES DESERT VIEW (DV) ANNEX IN THE LOS ANGELES AREA OF RESPONSIBILITY,https://www.usaspending.gov/award/CONT_AWD_70CDCR24FR0000012_7012_70CDCR20D00000009_7012
d8e6a473996e2b34dc53e64edd7b87a98087e333bb0cc5390144592850ad0226,ICE,Biden,ICE detention services,2023-12-20,70CDCR23FR0000045,70CDCR20D00000012,Delivery Order,P00004,yes,"THE GEO GROUP, INC.",JMLKZZ1NL2Z6,3JMR1,9143500.00,57272944.90,57272944.90,2023-08-06,2024-08-05,2024-10-17,DETENTION COMPLIANCE AND REMOVALS,,Full And Open Competition,,Negotiated Proposal/Quote,,S206,Guard Services,922140,Correctional Institutions ,DETENTION AND TRANSPORTATION SERVICES - SOUTH TEXAS ICE PROCESSING CENTER (STIPC)  POP 06 AUG 2023  - 05 AUG 2024,"DETENTION AND TRANSPORTATION SERVICES - SOUTH TEXAS ICE PROCESSING CENTER (STIPC)

POP 06 AUG 2023 - 05 AUG 2024",https://www.usaspending.gov/award/CONT_AWD_70CDCR23FR0000045_7012_70CDCR20D00000012_7012
1a707aa2f736756dc4cabf35debf4bde2aa276a8188bef64ba818e69e56726b5,ICE,Biden,ICE detention services,2023-12-20,70CDCR24FR0000012,70CDCR20D00000009,Delivery Order,P00001,yes,"THE GEO GROUP, INC.",JMLKZZ1NL2Z6,3JMR1,299957.00,32758675.92,32758675.92,2023-12-20,2024-12-19,2024-12-19,DETENTION COMPLIANCE AND REMOVALS,,Full And Open Competition,,Negotiated Proposal/Quote,,S206,Guard Services,561612,Security Guards and Patrol Services ,ADDING FUNDS FOR DETENTION SERVICES IN THE LOS ANGELES AREA OF RESPONSIBILITY,NEW TASK ORDER FOR DETENTION SERVICES DESERT VIEW (DV) ANNEX IN THE LOS ANGELES AREA OF RESPONSIBILITY,https://www.usaspending.gov/award/CONT_AWD_70CDCR24FR0000012_7012_70CDCR20D00000009_7012
2e447115f819456cb59c1087db15f4b1da9ac870df4c15079f87eeeebdf0b4c3,ICE,Biden,ICE ISAP/electronic monitoring,2023-12-21,70CDCR23FR0000042,70CDCR20D00000011,Delivery Order,P00004,yes,B.I. INCORPORATED,PKK6L9KLMYR5,3CUH9,48575543.00,286112087.46,286112087.46,2023-08-01,2024-07-31,2024-07-31,DETENTION COMPLIANCE AND REMOVALS,,Full And Open Competition,,Negotiated Proposal/Quote,70CDCR19R00000002,R408,Program Management/Support Services,561210,Facilities Support Services,ADD FUNDING,INTENSIVE SUPERVISION APPEARANCE PROGRAM (ISAP IV),https://www.usaspending.gov/award/CONT_AWD_70CDCR23FR0000042_7012_70CDCR20D00000011_7012
234406f20a3708046562c1da2ac825a2673f4e4d38d7deb4ec63d51e2b809147,ICE,Biden,ICE detention services,2023-12-22,70CDCR23FC0000010,HSCEDM14A00001,BPA Call,P00008,yes,"THE GEO GROUP, INC.",JMLKZZ1NL2Z6,3JMR1,1201000.00,5338926.75,5338926.75,2023-04-01,2024-03-31,2024-09-08,DETENTION COMPLIANCE AND REMOVALS,,Competed Under Simplified Acquisition Procedures,1,Simplified Acquisition,,S206,Guard Services,922140,Correctional Institutions ,RIO GRANDE DETENTION CENTER FUNDING MODIFICATION,"RIO GRANDE DETENTION CENTER

COR: JOSE LONGORIA",https://www.usaspending.gov/award/CONT_AWD_70CDCR23FC0000010_7012_HSCEDM14A00001_7012
8409254a469b8ae5f94c1e955dea214b594e0703395ddc138343ea854b0ee3de,ICE,Biden,ICE detention services,2023-12-28,70CDCR22FR0000044,70CDCR21D00000004,Delivery Order,P00009,yes,"THE GEO GROUP, INC.",JMLKZZ1NL2Z6,3JMR1,-242.63,36788066.45,39380858.91,2022-09-01,2023-08-31,2024-01-27,DETENTION COMPLIANCE AND REMOVALS,,Full And Open Competition,,Negotiated Proposal/Quote,,S206,Guard Services,561612,Security Guards and Patrol Services ,DE-OB EXCESS FUNDS AND CLOSE-OUT,MIA AOR DETENTION AND TRANSPORTATION SERVICES,https://www.usaspending.gov/award/CONT_AWD_70CDCR22FR0000044_7012_70CDCR21D00000004_7012
276033b738fd91ed6aceba89dc98859bfd6d9fe50555b8e84dac8fd8abc250d2,ICE,Biden,ICE detention services,2023-12-28,70CDCR23FR0000045,70CDCR20D00000012,Delivery Order,P00005,yes,"THE GEO GROUP, INC.",JMLKZZ1NL2Z6,3JMR1,0.00,57272944.90,57272944.90,2023-08-06,2024-08-05,2024-10-17,DETENTION COMPLIANCE AND REMOVALS,,Full And Open Competition,,Negotiated Proposal/Quote,,S206,Guard Services,922140,Correctional Institutions ,DETENTION AND TRANSPORTATION SERVICES - SOUTH TEXAS ICE PROCESSING CENTER (STIPC)  POP 06 AUG 2023  - 05 AUG 2024,"DETENTION AND TRANSPORTATION SERVICES - SOUTH TEXAS ICE PROCESSING CENTER (STIPC)

POP 06 AUG 2023 - 05 AUG 2024",https://www.usaspending.gov/award/CONT_AWD_70CDCR23FR0000045_7012_70CDCR20D00000012_7012
c7faad62e43d8fda30fb6a719a0cbe417a71c65a12a146979e588efcc6462294,ICE,Biden,ICE detention services,2023-12-28,70CDCR23FR0000048,70CDCR21D00000004,Delivery Order,P00004,yes,"THE GEO GROUP, INC.",JMLKZZ1NL2Z6,3JMR1,7141626.06,38861166.19,39381907.94,2023-09-01,2025-09-15,2025-09-15,DETENTION COMPLIANCE AND REMOVALS,,Full And Open Competition,,Negotiated Proposal/Quote,,S206,Guard Services,561612,Security Guards and Patrol Services ,ADDITIONAL FUNDING FOR DETENTION SERVICES,"BROWARD COUNTY, FL DETENTION AND TRANSPORTATION SERVICES",https://www.usaspending.gov/award/CONT_AWD_70CDCR23FR0000048_7012_70CDCR21D00000004_7012
cbdc01feffd5f0f15e35b3123d5b891100169160dc88fc16416878bf6657bbee,ICE,Biden,ICE detention services,2024-01-05,70CDCR24FR0000001,70CDCR22D00000001,Delivery Order,P00001,yes,"THE GEO GROUP, INC.",JMLKZZ1NL2Z6,3JMR1,4625584.00,56009252.93,56009252.93,2023-10-16,2024-10-15,2024-10-15,DETENTION COMPLIANCE AND REMOVALS,,Full And Open Competition,,Negotiated Proposal/Quote,,S206,Guard Services,561210,Facilities Support Services,"DETENTION, TRANSPORTATION, AND MEDICAL SERVICES FOR DENVER (AURORA) CONTRACT DETENTION FACILITY","DETENTION, TRANSPORTATION, AND MEDICAL SERVICES FOR DENVER (AURORA) CONTRACT DETENTION FACILITY",https://www.usaspending.gov/award/CONT_AWD_70CDCR24FR0000001_7012_70CDCR22D00000001_7012
7486d053f6e80c419da62e9a8fc213a3ab6a9540c1438800b600f47a03fe167b,ICE,Biden,ICE detention services,2024-01-05,70CDCR24FR0000003,HSCEDM15D00015,Delivery Order,P00001,yes,"THE GEO GROUP, INC.",JMLKZZ1NL2Z6,3JMR1,6821300.00,72727938.31,72727938.31,2023-10-28,2024-09-27,2025-09-27,DETENTION COMPLIANCE AND REMOVALS,,Full And Open Competition,,Negotiated Proposal/Quote,,S206,Guard Services,561210,Facilities Support Services,ADDITIONAL FUNDING,NEW TASK ORDER FOR DETENTION AND TRANSPORTATION SERVICES FOR NORTHWEST DETENTION CENTER.,https://www.usaspending.gov/award/CONT_AWD_70CDCR24FR0000003_7012_HSCEDM15D00015_7012
a2db162e42e49e5c4dc07a20c8916ee495a291e532b3b06fe742a32f83bfb58b,ICE,Biden,ICE detention services,2024-01-11,70CDCR23FC0000014,70CDCR18A00000007,BPA Call,P00003,yes,"THE GEO GROUP, INC.",JMLKZZ1NL2Z6,3JMR1,10000.00,137180.56,137180.56,2023-07-23,2024-07-22,2024-07-22,DETENTION COMPLIANCE AND REMOVALS,,Competed Under Simplified Acquisition Procedures,1,Simplified Acquisition,,S206,Guard Services,922140,Correctional Institutions ,DETAINEE BED DAYS AT THE ROBERT A. DEYTON DETENTION FACILITY,DETAINEE BED DAYS AT THE ROBERT A. DEYTON DETENTION FACILITY,https://www.usaspending.gov/award/CONT_AWD_70CDCR23FC0000014_7012_70CDCR18A00000007_7012
eda088bf753ba2108b51973cfd71213b86eb8870d933edb3e08b0b2927920577,ICE,Biden,ICE detention services,2024-01-17,70CDCR24FR0000003,HSCEDM15D00015,Delivery Order,P00002,yes,"THE GEO GROUP, INC.",JMLKZZ1NL2Z6,3JMR1,0.00,72727938.31,72727938.31,2023-10-28,2024-09-27,2025-09-27,DETENTION COMPLIANCE AND REMOVALS,,Full And Open Competition,,Negotiated Proposal/Quote,,S206,Guard Services,561210,Facilities Support Services,ADD ALTERNATE CONTRACTING OFFICER'S REPRESENTATIVE (ACOR),NEW TASK ORDER FOR DETENTION AND TRANSPORTATION SERVICES FOR NORTHWEST DETENTION CENTER.,https://www.usaspending.gov/award/CONT_AWD_70CDCR24FR0000003_7012_HSCEDM15D00015_7012
800ecc4b58068ad6ae86e8359086c704a9d1a7680653ee72b6ff986581ff773d,ICE,Biden,ICE detention services,2024-01-18,70CDCR24FR0000011,70CDCR20D00000009,Delivery Order,P00001,yes,"THE GEO GROUP, INC.",JMLKZZ1NL2Z6,3JMR1,6920776.52,83367984.37,83367984.37,2023-12-20,2024-12-19,2024-12-19,DETENTION COMPLIANCE AND REMOVALS,,Full And Open Competition,,Negotiated Proposal/Quote,,S206,Guard Services,561612,Security Guards and Patrol Services ,EXTENSION AND FUNDING DETENTION SERVICES AT ADELANTO,ESTABLISH NEW TASK ORDER FOR DETENTION SERVICES AT ADELANTO,https://www.usaspending.gov/award/CONT_AWD_70CDCR24FR0000011_7012_70CDCR20D00000009_7012
770eb257bfb2da2293ebeb58e7fdd5a0c2ed0835091e64ed07a75557e359c0d8,CBP,Biden,CBP detention/jail space,2024-01-19,70B03C23P00000166,,PURCHASE ORDER,P00003,yes,"THE GEO GROUP, INC.",JMLKZZ1NL2Z6,3JMR1,0.00,142298.68,142298.68,2023-05-01,2024-04-30,2024-04-30,BORDER ENFORCEMENT CONTRACTING DIVISION,US BORDER PATROL,NOT COMPETED,1,ONLY ONE SOURCE,,X1FF,LEASE/RENTAL OF PENAL FACILITIES,922140,CORRECTIONAL INSTITUTIONS,CBA UPDATE-HIDALGO,JAIL SPACE ISSUED AGAINST UNITED STATES MARSHALL IGA PER DIEM RATES,https://www.usaspending.gov/award/CONT_AWD_70B03C23P00000166_7014_-NONE-_-NONE-
c13bdc5dc6a92098fb6ae7e61bffd04105c5b7e42ab2b80b9a1d133c8f4af27d,ICE,Biden,ICE detention services,2024-01-19,70CDCR24FR0000012,70CDCR20D00000009,Delivery Order,P00002,yes,"THE GEO GROUP, INC.",JMLKZZ1NL2Z6,3JMR1,2699957.00,32758675.92,32758675.92,2023-12-20,2024-12-19,2024-12-19,DETENTION COMPLIANCE AND REMOVALS,,Full And Open Competition,,Negotiated Proposal/Quote,,S206,Guard Services,561612,Security Guards and Patrol Services ,ADDING FUNDS FOR DETENTION SERVICES IN THE LOS ANGELES AREA OF RESPONSIBILITY,NEW TASK ORDER FOR DETENTION SERVICES DESERT VIEW (DV) ANNEX IN THE LOS ANGELES AREA OF RESPONSIBILITY,https://www.usaspending.gov/award/CONT_AWD_70CDCR24FR0000012_7012_70CDCR20D00000009_7012
96dac7e4c4474a8150d8a8fd7316949a370a8e002d2afc06090df4c7351c39ca,ICE,Biden,ICE other/unresolved,2024-01-25,70CDCR20FR0000039,HSCEDM15D00006,Delivery Order,P00007,yes,"THE GEO GROUP, INC.",JMLKZZ1NL2Z6,3JMR1,-599465.59,39209369.78,39209369.78,2020-06-17,2024-01-25,2024-02-24,DETENTION COMPLIANCE AND REMOVALS,,Full And Open Competition,,Negotiated Proposal/Quote,,S206,Guard Services,561210,Facilities Support Services,DE-OB EXCESS FUNDING AND CLOSE-OUT,SERVICES AT BROWARD TRANSITIONAL CENTER,https://www.usaspending.gov/award/CONT_AWD_70CDCR20FR0000039_7012_HSCEDM15D00006_7012
56c02e5e7ce6f0b4d2f9c70b34a868707bae0be27e6b73d298ed96b9967ea86d,ICE,Biden,ICE detention services,2024-01-30,70CDCR24FR0000001,70CDCR22D00000001,Delivery Order,P00002,yes,"THE GEO GROUP, INC.",JMLKZZ1NL2Z6,3JMR1,4216000.00,56009252.93,56009252.93,2023-10-16,2024-10-15,2024-10-15,DETENTION COMPLIANCE AND REMOVALS,,Full And Open Competition,,Negotiated Proposal/Quote,,S206,Guard Services,561210,Facilities Support Services,"DETENTION, TRANSPORTATION, AND MEDICAL SERVICES FOR DENVER (AURORA) CONTRACT DETENTION FACILITY","DETENTION, TRANSPORTATION, AND MEDICAL SERVICES FOR DENVER (AURORA) CONTRACT DETENTION FACILITY",https://www.usaspending.gov/award/CONT_AWD_70CDCR24FR0000001_7012_70CDCR22D00000001_7012
2b961c60435709c3874e8e8302a814353d864fb21ea7386b9db49689eebf2f17,ICE,Biden,ICE detention services,2024-01-30,70CDCR24FR0000003,HSCEDM15D00015,Delivery Order,P00003,yes,"THE GEO GROUP, INC.",JMLKZZ1NL2Z6,3JMR1,5941000.00,72727938.31,72727938.31,2023-10-28,2024-09-27,2025-09-27,DETENTION COMPLIANCE AND REMOVALS,,Full And Open Competition,,Negotiated Proposal/Quote,,S206,Guard Services,561210,Facilities Support Services,ADD FUNDS,NEW TASK ORDER FOR DETENTION AND TRANSPORTATION SERVICES FOR NORTHWEST DETENTION CENTER.,https://www.usaspending.gov/award/CONT_AWD_70CDCR24FR0000003_7012_HSCEDM15D00015_7012
3df41e0ce7defa499eeb6e1683d17bbe9e8017a2dea98c6e7df7becd1853f6fa,ICE,Biden,ICE detention services,2024-02-07,70CDCR24FR0000001,70CDCR22D00000001,Delivery Order,P00003,yes,"THE GEO GROUP, INC.",JMLKZZ1NL2Z6,3JMR1,500000.00,56009252.93,56009252.93,2023-10-16,2024-10-15,2024-10-15,DETENTION COMPLIANCE AND REMOVALS,,Full And Open Competition,,Negotiated Proposal/Quote,,S206,Guard Services,561210,Facilities Support Services,"DETENTION, TRANSPORTATION, AND MEDICAL SERVICES FOR DENVER (AURORA) CONTRACT DETENTION FACILITY","DETENTION, TRANSPORTATION, AND MEDICAL SERVICES FOR DENVER (AURORA) CONTRACT DETENTION FACILITY",https://www.usaspending.gov/award/CONT_AWD_70CDCR24FR0000001_7012_70CDCR22D00000001_7012
55dcad0a20b6176be4731add5dc60ff54ee503bd62c91f0a6d513a09c26f8eff,ICE,Biden,ICE detention services,2024-02-08,70CDCR23FC0000010,HSCEDM14A00001,BPA Call,P00009,yes,"THE GEO GROUP, INC.",JMLKZZ1NL2Z6,3JMR1,257460.00,5338926.75,5338926.75,2023-04-01,2024-03-31,2024-09-08,DETENTION COMPLIANCE AND REMOVALS,,Competed Under Simplified Acquisition Procedures,1,Simplified Acquisition,,S206,Guard Services,922140,Correctional Institutions ,RIO GRANDE DETENTION CENTER FUNDING MODIFICATION,"RIO GRANDE DETENTION CENTER

COR: JOSE LONGORIA",https://www.usaspending.gov/award/CONT_AWD_70CDCR23FC0000010_7012_HSCEDM14A00001_7012
d1190bc75b8c3afc89d810bb92d567e72cb2d751461f7681fc73366272a394b0,ICE,Biden,ICE detention services,2024-02-08,70CDCR23FR0000048,70CDCR21D00000004,Delivery Order,P00005,yes,"THE GEO GROUP, INC.",JMLKZZ1NL2Z6,3JMR1,3177200.00,38861166.19,39381907.94,2023-09-01,2025-09-15,2025-09-15,DETENTION COMPLIANCE AND REMOVALS,,Full And Open Competition,,Negotiated Proposal/Quote,,S206,Guard Services,561612,Security Guards and Patrol Services ,ADDITIONAL FUNDING FOR DETENTION SERVICES,"BROWARD COUNTY, FL DETENTION AND TRANSPORTATION SERVICES",https://www.usaspending.gov/award/CONT_AWD_70CDCR23FR0000048_7012_70CDCR21D00000004_7012
13a1b6b9a31f8c278eb46ccbdb353a6bc0d963ff45423483659288b318e090d8,ICE,Biden,ICE detention services,2024-02-13,70CDCR23FR0000045,70CDCR20D00000012,Delivery Order,P00006,yes,"THE GEO GROUP, INC.",JMLKZZ1NL2Z6,3JMR1,1167486.14,57272944.90,57272944.90,2023-08-06,2024-08-05,2024-10-17,DETENTION COMPLIANCE AND REMOVALS,,Full And Open Competition,,Negotiated Proposal/Quote,,S206,Guard Services,922140,Correctional Institutions ,DETENTION AND TRANSPORTATION SERVICES - SOUTH TEXAS ICE PROCESSING CENTER (STIPC)  POP 06 AUG 2023  - 05 AUG 2024,"DETENTION AND TRANSPORTATION SERVICES - SOUTH TEXAS ICE PROCESSING CENTER (STIPC)

POP 06 AUG 2023 - 05 AUG 2024",https://www.usaspending.gov/award/CONT_AWD_70CDCR23FR0000045_7012_70CDCR20D00000012_7012
4c1a6c56cf7dc043954d91a287c06be59bf08b1cc782d5dbb78a3f39239f647e,ICE,Biden,ICE detention services,2024-02-13,70CDCR24FR0000010,70CDCR20D00000008,Delivery Order,P00001,yes,"THE GEO GROUP, INC.",JMLKZZ1NL2Z6,3JMR1,1801978.00,57183778.57,57183778.57,2019-12-20,2024-12-19,2024-12-19,DETENTION COMPLIANCE AND REMOVALS,,Full And Open Competition,,Negotiated Proposal/Quote,70CDCR20R00000002,S206,Guard Services,561612,Security Guards and Patrol Services ,ADD FUNDS FOR DETENTION SERVICES AT MESA VERDE AND GOLDEN STATE FACILITIES,"NEW TASK ORDER FOR DETENTION SERVICES AT MESA VERDE AND GOLDEN STATE FACILITIES.
TASK ORDER POP: 12/20/23 - 12/19/24",https://www.usaspending.gov/award/CONT_AWD_70CDCR24FR0000010_7012_70CDCR20D00000008_7012
f0a269b1f9895f6eff9fa17ce0ee8f50a8b409ac0d11dd749706bb35b2796520,ICE,Biden,ICE detention services,2024-02-20,70CDCR23FR0000048,70CDCR21D00000004,Delivery Order,P00006,yes,"THE GEO GROUP, INC.",JMLKZZ1NL2Z6,3JMR1,0.00,38861166.19,39381907.94,2023-09-01,2025-09-15,2025-09-15,DETENTION COMPLIANCE AND REMOVALS,,Full And Open Competition,,Negotiated Proposal/Quote,,S206,Guard Services,561612,Security Guards and Patrol Services ,UPDATE PRICING FOR DETENTION SERVICES,"BROWARD COUNTY, FL DETENTION AND TRANSPORTATION SERVICES",https://www.usaspending.gov/award/CONT_AWD_70CDCR23FR0000048_7012_70CDCR21D00000004_7012
fc9ccf4efc87097a327ce5d0b8770cfb4e6ba361344375ebedb2b9d1b095a364,ICE,Biden,ICE detention services,2024-02-23,70CDCR24FR0000011,70CDCR20D00000009,Delivery Order,P00002,yes,"THE GEO GROUP, INC.",JMLKZZ1NL2Z6,3JMR1,6741520.00,83367984.37,83367984.37,2023-12-20,2024-12-19,2024-12-19,DETENTION COMPLIANCE AND REMOVALS,,Full And Open Competition,,Negotiated Proposal/Quote,,S206,Guard Services,561612,Security Guards and Patrol Services ,EXTENSION AND FUNDING DETENTION SERVICES AT ADELANTO,ESTABLISH NEW TASK ORDER FOR DETENTION SERVICES AT ADELANTO,https://www.usaspending.gov/award/CONT_AWD_70CDCR24FR0000011_7012_70CDCR20D00000009_7012
4dcb7a3c64aaab2a6116778377c4ee67f8d59a8d3fb97c16173813112bad4185,ICE,Biden,ICE detention services,2024-02-23,70CDCR24FR0000012,70CDCR20D00000009,Delivery Order,P00003,yes,"THE GEO GROUP, INC.",JMLKZZ1NL2Z6,3JMR1,2699956.12,32758675.92,32758675.92,2023-12-20,2024-12-19,2024-12-19,DETENTION COMPLIANCE AND REMOVALS,,Full And Open Competition,,Negotiated Proposal/Quote,,S206,Guard Services,561612,Security Guards and Patrol Services ,ADDING FUNDS FOR DETENTION SERVICES IN THE LOS ANGELES AREA OF RESPONSIBILITY,NEW TASK ORDER FOR DETENTION SERVICES DESERT VIEW (DV) ANNEX IN THE LOS ANGELES AREA OF RESPONSIBILITY,https://www.usaspending.gov/award/CONT_AWD_70CDCR24FR0000012_7012_70CDCR20D00000009_7012
c7baa4b8560f4317c864969698f32d13b5e83da3d4f8b3d24b01e749423cf32d,ICE,Biden,ICE ISAP/electronic monitoring,2024-02-27,70CDCR23FR0000042,70CDCR20D00000011,Delivery Order,P00005,yes,B.I. INCORPORATED,PKK6L9KLMYR5,3CUH9,45592912.00,286112087.46,286112087.46,2023-08-01,2024-07-31,2024-07-31,DETENTION COMPLIANCE AND REMOVALS,,Full And Open Competition,,Negotiated Proposal/Quote,70CDCR19R00000002,R408,Program Management/Support Services,561210,Facilities Support Services,ADD FUNDING,INTENSIVE SUPERVISION APPEARANCE PROGRAM (ISAP IV),https://www.usaspending.gov/award/CONT_AWD_70CDCR23FR0000042_7012_70CDCR20D00000011_7012
a138694bfdd90b071778918edf985a5ace2526a2422365a92e018ffb8537f2cf,ICE,Biden,ICE detention services,2024-02-27,70CDCR24FR0000001,70CDCR22D00000001,Delivery Order,P00004,yes,"THE GEO GROUP, INC.",JMLKZZ1NL2Z6,3JMR1,5138047.00,56009252.93,56009252.93,2023-10-16,2024-10-15,2024-10-15,DETENTION COMPLIANCE AND REMOVALS,,Full And Open Competition,,Negotiated Proposal/Quote,,S206,Guard Services,561210,Facilities Support Services,"DETENTION, TRANSPORTATION, AND MEDICAL SERVICES FOR DENVER (AURORA) CONTRACT DETENTION FACILITY","DETENTION, TRANSPORTATION, AND MEDICAL SERVICES FOR DENVER (AURORA) CONTRACT DETENTION FACILITY",https://www.usaspending.gov/award/CONT_AWD_70CDCR24FR0000001_7012_70CDCR22D00000001_7012
5af5cd0176c04215898793f5116459e2e98b2b9b2686765b2283ad935fdf4440,ICE,Biden,ICE detention services,2024-02-28,70CDCR23FR0000050,HSCEDM17D00009,Delivery Order,P00007,yes,"THE GEO GROUP, INC.",JMLKZZ1NL2Z6,3JMR1,1340400.00,55018504.16,55018504.16,2023-08-18,2024-06-30,2024-06-30,DETENTION COMPLIANCE AND REMOVALS,,Full And Open Competition,,Negotiated Proposal/Quote,HSCEDM15R00004,S206,Guard Services,561210,Facilities Support Services,MONTGOMERY PROCESSING CENTER DETENTION SERVICES FUNDING MOD,MONTGOMERY PROCESSING CENTER DETENTION SERVICES,https://www.usaspending.gov/award/CONT_AWD_70CDCR23FR0000050_7012_HSCEDM17D00009_7012
c78b8e6c2058b970ecc090006c0b1829b349264dafa91c6b0060925b7e875356,ICE,Biden,ICE detention services,2024-02-28,70CDCR24FR0000003,HSCEDM15D00015,Delivery Order,P00004,yes,"THE GEO GROUP, INC.",JMLKZZ1NL2Z6,3JMR1,5860950.00,72727938.31,72727938.31,2023-10-28,2024-09-27,2025-09-27,DETENTION COMPLIANCE AND REMOVALS,,Full And Open Competition,,Negotiated Proposal/Quote,,S206,Guard Services,561210,Facilities Support Services,ADD FUNDS,NEW TASK ORDER FOR DETENTION AND TRANSPORTATION SERVICES FOR NORTHWEST DETENTION CENTER.,https://www.usaspending.gov/award/CONT_AWD_70CDCR24FR0000003_7012_HSCEDM15D00015_7012
3d538d72e3dc02f79e1d49e260ad3321194c66f060fdc5a2229aa825e3bffc86,ICE,Biden,ICE detention services,2024-02-29,70CDCR23FC0000010,HSCEDM14A00001,BPA Call,P00010,yes,"THE GEO GROUP, INC.",JMLKZZ1NL2Z6,3JMR1,19027.94,5338926.75,5338926.75,2023-04-01,2024-03-31,2024-09-08,DETENTION COMPLIANCE AND REMOVALS,,Competed Under Simplified Acquisition Procedures,1,Simplified Acquisition,,S206,Guard Services,922140,Correctional Institutions ,RIO GRANDE DETENTION CENTER FUNDING MODIFICATION,"RIO GRANDE DETENTION CENTER

COR: JOSE LONGORIA",https://www.usaspending.gov/award/CONT_AWD_70CDCR23FC0000010_7012_HSCEDM14A00001_7012
cfaae3a869aab04bed0e0e223b8bc08b25d06d2a9005e4b805bc75f8ee8cf765,ICE,Biden,ICE detention services,2024-03-04,70CDCR23FR0000009,70CDCR20D00000008,Delivery Order,P00007,yes,"THE GEO GROUP, INC.",JMLKZZ1NL2Z6,3JMR1,-295815.67,54862887.20,54862887.20,2022-12-20,2023-12-19,2023-12-19,DETENTION COMPLIANCE AND REMOVALS,,Full And Open Competition,,Negotiated Proposal/Quote,,S206,Guard Services,561612,Security Guards and Patrol Services ,DE-OBLIGATION OF EXCESS FUNDS AND CLOSEOUT,NEW TASK ORDER FOR DETENTION SERVICES AT MESA VERDE AND GOLDEN STATE FACILITIES.,https://www.usaspending.gov/award/CONT_AWD_70CDCR23FR0000009_7012_70CDCR20D00000008_7012
3b2ae2d39f6a29a09979bc155960f35b7770223ee505ebc0fc16671823ff3d5c,ICE,Biden,ICE detention services,2024-03-06,70CDCR24FR0000010,70CDCR20D00000008,Delivery Order,P00002,yes,"THE GEO GROUP, INC.",JMLKZZ1NL2Z6,3JMR1,3463600.00,57183778.57,57183778.57,2019-12-20,2024-12-19,2024-12-19,DETENTION COMPLIANCE AND REMOVALS,,Full And Open Competition,,Negotiated Proposal/Quote,70CDCR20R00000002,S206,Guard Services,561612,Security Guards and Patrol Services ,ADD FUNDS FOR DETENTION SERVICES AT MESA VERDE AND GOLDEN STATE FACILITIES,"NEW TASK ORDER FOR DETENTION SERVICES AT MESA VERDE AND GOLDEN STATE FACILITIES.
TASK ORDER POP: 12/20/23 - 12/19/24",https://www.usaspending.gov/award/CONT_AWD_70CDCR24FR0000010_7012_70CDCR20D00000008_7012
34f590d67d9ba7619f6279f3c3b34fd653ca2a65d21c6749dbe1ff88c4a3bd2d,ICE,Biden,ICE detention services,2024-03-07,70CDCR24FR0000001,70CDCR22D00000001,Delivery Order,P00005,yes,"THE GEO GROUP, INC.",JMLKZZ1NL2Z6,3JMR1,4059000.00,56009252.93,56009252.93,2023-10-16,2024-10-15,2024-10-15,DETENTION COMPLIANCE AND REMOVALS,,Full And Open Competition,,Negotiated Proposal/Quote,,S206,Guard Services,561210,Facilities Support Services,"DETENTION, TRANSPORTATION, AND MEDICAL SERVICES FOR DENVER (AURORA) CONTRACT DETENTION FACILITY","DETENTION, TRANSPORTATION, AND MEDICAL SERVICES FOR DENVER (AURORA) CONTRACT DETENTION FACILITY",https://www.usaspending.gov/award/CONT_AWD_70CDCR24FR0000001_7012_70CDCR22D00000001_7012
88d00d6c4ed8ca229f334f2ec8517afdd41624f5250f9617f7fd3895948dc0df,ICE,Biden,ICE detention services,2024-03-11,70CDCR24FR0000010,70CDCR20D00000008,Delivery Order,P00003,yes,"THE GEO GROUP, INC.",JMLKZZ1NL2Z6,3JMR1,5505900.20,57183778.57,57183778.57,2019-12-20,2024-12-19,2024-12-19,DETENTION COMPLIANCE AND REMOVALS,,Full And Open Competition,,Negotiated Proposal/Quote,70CDCR20R00000002,S206,Guard Services,561612,Security Guards and Patrol Services ,ADD FUNDS FOR DETENTION SERVICES AT MESA VERDE AND GOLDEN STATE FACILITIES,"NEW TASK ORDER FOR DETENTION SERVICES AT MESA VERDE AND GOLDEN STATE FACILITIES.
TASK ORDER POP: 12/20/23 - 12/19/24",https://www.usaspending.gov/award/CONT_AWD_70CDCR24FR0000010_7012_70CDCR20D00000008_7012
535841595d5f50a1a9116250537b000c71d99b98a96883dffe4c25890260f605,ICE,Biden,ICE other/unresolved,2024-03-12,70CDCR20FR0000039,HSCEDM15D00006,Delivery Order,P00008,yes,"THE GEO GROUP, INC.",JMLKZZ1NL2Z6,3JMR1,0.00,39209369.78,39209369.78,2020-06-17,2024-01-25,2024-02-24,DETENTION COMPLIANCE AND REMOVALS,,Full And Open Competition,,Negotiated Proposal/Quote,,S206,Guard Services,561210,Facilities Support Services,DE-OB EXCESS FUNDING AND CLOSE-OUT,SERVICES AT BROWARD TRANSITIONAL CENTER,https://www.usaspending.gov/award/CONT_AWD_70CDCR20FR0000039_7012_HSCEDM15D00006_7012
4f10965f650475ca941fcadd1363d8038ac239f666610ad0df692815438dc10e,ICE,Biden,ICE detention services,2024-03-12,70CDCR23FC0000010,HSCEDM14A00001,BPA Call,P00011,yes,"THE GEO GROUP, INC.",JMLKZZ1NL2Z6,3JMR1,1216600.00,5338926.75,5338926.75,2023-04-01,2024-03-31,2024-09-08,DETENTION COMPLIANCE AND REMOVALS,,Competed Under Simplified Acquisition Procedures,1,Simplified Acquisition,,S206,Guard Services,922140,Correctional Institutions ,RIO GRANDE DETENTION CENTER FUNDING MODIFICATION,"RIO GRANDE DETENTION CENTER

COR: JOSE LONGORIA",https://www.usaspending.gov/award/CONT_AWD_70CDCR23FC0000010_7012_HSCEDM14A00001_7012
39d858d8273cc74dc5115c772cb1092b5feac79d423f2c7f82b1d40756aeed57,ICE,Biden,ICE detention services,2024-03-12,70CDCR23FR0000048,70CDCR21D00000004,Delivery Order,P00007,yes,"THE GEO GROUP, INC.",JMLKZZ1NL2Z6,3JMR1,2397600.00,38861166.19,39381907.94,2023-09-01,2025-09-15,2025-09-15,DETENTION COMPLIANCE AND REMOVALS,,Full And Open Competition,,Negotiated Proposal/Quote,,S206,Guard Services,561612,Security Guards and Patrol Services ,ADDITIONAL FUNDING IN SUPPORT OF DETENTION FACILITY.,"BROWARD COUNTY, FL DETENTION AND TRANSPORTATION SERVICES",https://www.usaspending.gov/award/CONT_AWD_70CDCR23FR0000048_7012_70CDCR21D00000004_7012
5c56876e0625b5334a0958d5f1bc7a3c12e36099c8681faa162da0e733912810,ICE,Biden,ICE detention services,2024-03-13,70CDCR23FR0000045,70CDCR20D00000012,Delivery Order,P00007,yes,"THE GEO GROUP, INC.",JMLKZZ1NL2Z6,3JMR1,9140900.00,57272944.90,57272944.90,2023-08-06,2024-08-05,2024-10-17,DETENTION COMPLIANCE AND REMOVALS,,Full And Open Competition,,Negotiated Proposal/Quote,,S206,Guard Services,922140,Correctional Institutions ,DETENTION AND TRANSPORTATION SERVICES - SOUTH TEXAS ICE PROCESSING CENTER (STIPC) FUNDING MODIFICATION,"DETENTION AND TRANSPORTATION SERVICES - SOUTH TEXAS ICE PROCESSING CENTER (STIPC)

POP 06 AUG 2023 - 05 AUG 2024",https://www.usaspending.gov/award/CONT_AWD_70CDCR23FR0000045_7012_70CDCR20D00000012_7012
fe154dd092860603d02a0ba355620b94852640796bb57201fc5a053e1fcdb2d1,ICE,Biden,ICE detention services,2024-03-14,70CDCR22FR0000044,70CDCR21D00000004,Delivery Order,P00010,yes,"THE GEO GROUP, INC.",JMLKZZ1NL2Z6,3JMR1,0.00,36788066.45,39380858.91,2022-09-01,2023-08-31,2024-01-27,DETENTION COMPLIANCE AND REMOVALS,,Full And Open Competition,,Negotiated Proposal/Quote,,S206,Guard Services,561612,Security Guards and Patrol Services ,DE-OB EXCESS FUNDS AND CLOSE-OUT,MIA AOR DETENTION AND TRANSPORTATION SERVICES,https://www.usaspending.gov/award/CONT_AWD_70CDCR22FR0000044_7012_70CDCR21D00000004_7012
e4046ef6746eb02dcb2ba54c2a0f49a79182145f90e868eedbe2baf0ff0a3d1d,ICE,Biden,ICE detention services,2024-03-19,70CDCR23FR0000050,HSCEDM17D00009,Delivery Order,P00008,yes,"THE GEO GROUP, INC.",JMLKZZ1NL2Z6,3JMR1,8428400.00,55018504.16,55018504.16,2023-08-18,2024-06-30,2024-06-30,DETENTION COMPLIANCE AND REMOVALS,,Full And Open Competition,,Negotiated Proposal/Quote,HSCEDM15R00004,S206,Guard Services,561210,Facilities Support Services,MONTGOMERY PROCESSING CENTER DETENTION SERVICES FUNDING MOD,MONTGOMERY PROCESSING CENTER DETENTION SERVICES,https://www.usaspending.gov/award/CONT_AWD_70CDCR23FR0000050_7012_HSCEDM17D00009_7012
edde0339ec090e2e56606c3a0322560f587b8918f10a1b5b7d132dc2f99fca92,ICE,Biden,ICE detention services,2024-03-20,70CDCR24FR0000001,70CDCR22D00000001,Delivery Order,P00006,yes,"THE GEO GROUP, INC.",JMLKZZ1NL2Z6,3JMR1,112400.00,56009252.93,56009252.93,2023-10-16,2024-10-15,2024-10-15,DETENTION COMPLIANCE AND REMOVALS,,Full And Open Competition,,Negotiated Proposal/Quote,,S206,Guard Services,561210,Facilities Support Services,"DETENTION, TRANSPORTATION, AND MEDICAL SERVICES FOR DENVER (AURORA) CONTRACT DETENTION FACILITY","DETENTION, TRANSPORTATION, AND MEDICAL SERVICES FOR DENVER (AURORA) CONTRACT DETENTION FACILITY",https://www.usaspending.gov/award/CONT_AWD_70CDCR24FR0000001_7012_70CDCR22D00000001_7012
445709b05f00f825cfea36c33b4ab1abbc61f6bdb7dbe5e5727f45762f25266f,ICE,Biden,ICE detention services,2024-03-21,70CDCR23FR0000045,70CDCR20D00000012,Delivery Order,P00008,yes,"THE GEO GROUP, INC.",JMLKZZ1NL2Z6,3JMR1,726659.24,57272944.90,57272944.90,2023-08-06,2024-08-05,2024-10-17,DETENTION COMPLIANCE AND REMOVALS,,Full And Open Competition,,Negotiated Proposal/Quote,,S206,Guard Services,922140,Correctional Institutions ,DETENTION AND TRANSPORTATION SERVICES - SOUTH TEXAS ICE PROCESSING CENTER (STIPC) FUNDING MODIFICATION,"DETENTION AND TRANSPORTATION SERVICES - SOUTH TEXAS ICE PROCESSING CENTER (STIPC)

POP 06 AUG 2023 - 05 AUG 2024",https://www.usaspending.gov/award/CONT_AWD_70CDCR23FR0000045_7012_70CDCR20D00000012_7012
103ec718f8622132f96bf9f31150afcb3d6d4069f9491b6669162fe891358d45,ICE,Biden,ICE detention services,2024-03-21,70CDCR24FR0000003,HSCEDM15D00015,Delivery Order,P00005,yes,"THE GEO GROUP, INC.",JMLKZZ1NL2Z6,3JMR1,5113700.00,72727938.31,72727938.31,2023-10-28,2024-09-27,2025-09-27,DETENTION COMPLIANCE AND REMOVALS,,Full And Open Competition,,Negotiated Proposal/Quote,,S206,Guard Services,561210,Facilities Support Services,ADD FUNDS,NEW TASK ORDER FOR DETENTION AND TRANSPORTATION SERVICES FOR NORTHWEST DETENTION CENTER.,https://www.usaspending.gov/award/CONT_AWD_70CDCR24FR0000003_7012_HSCEDM15D00015_7012
8167a3863dba51f8619012baf24ca5374a99655cbb67e40dbb1b9631f194215d,ICE,Biden,ICE detention services,2024-03-21,70CDCR24FR0000011,70CDCR20D00000009,Delivery Order,P00003,yes,"THE GEO GROUP, INC.",JMLKZZ1NL2Z6,3JMR1,6730787.11,83367984.37,83367984.37,2023-12-20,2024-12-19,2024-12-19,DETENTION COMPLIANCE AND REMOVALS,,Full And Open Competition,,Negotiated Proposal/Quote,,S206,Guard Services,561612,Security Guards and Patrol Services ,FUNDING DETENTION SERVICES AT ADELANTO,ESTABLISH NEW TASK ORDER FOR DETENTION SERVICES AT ADELANTO,https://www.usaspending.gov/award/CONT_AWD_70CDCR24FR0000011_7012_70CDCR20D00000009_7012
64c1fc6ab7dc9c4052c146470b12d462f72c3ef253918083ed612b736e8e6b3c,ICE,Biden,ICE detention services,2024-03-21,70CDCR24FR0000012,70CDCR20D00000009,Delivery Order,P00004,yes,"THE GEO GROUP, INC.",JMLKZZ1NL2Z6,3JMR1,2653396.00,32758675.92,32758675.92,2023-12-20,2024-12-19,2024-12-19,DETENTION COMPLIANCE AND REMOVALS,,Full And Open Competition,,Negotiated Proposal/Quote,,S206,Guard Services,561612,Security Guards and Patrol Services ,ADDING FUNDS FOR DETENTION SERVICES IN THE LOS ANGELES AREA OF RESPONSIBILITY,NEW TASK ORDER FOR DETENTION SERVICES DESERT VIEW (DV) ANNEX IN THE LOS ANGELES AREA OF RESPONSIBILITY,https://www.usaspending.gov/award/CONT_AWD_70CDCR24FR0000012_7012_70CDCR20D00000009_7012
d6b28e5ba46afea18e7734050649394b583841303baf6159f54647dd0400c11d,ICE,Biden,ICE detention services,2024-03-22,70CDCR24FR0000010,70CDCR20D00000008,Delivery Order,P00004,yes,"THE GEO GROUP, INC.",JMLKZZ1NL2Z6,3JMR1,249306.00,57183778.57,57183778.57,2019-12-20,2024-12-19,2024-12-19,DETENTION COMPLIANCE AND REMOVALS,,Full And Open Competition,,Negotiated Proposal/Quote,70CDCR20R00000002,S206,Guard Services,561612,Security Guards and Patrol Services ,ADD FUNDS FOR DETENTION SERVICES AT MESA VERDE AND GOLDEN STATE FACILITIES,"NEW TASK ORDER FOR DETENTION SERVICES AT MESA VERDE AND GOLDEN STATE FACILITIES.
TASK ORDER POP: 12/20/23 - 12/19/24",https://www.usaspending.gov/award/CONT_AWD_70CDCR24FR0000010_7012_70CDCR20D00000008_7012
1e5e77bba896d199e1008733d6a8c6acbc45f455de54b4f241f6c1c25b4129d6,ICE,Biden,ICE ISAP/electronic monitoring,2024-03-26,70CDCR22FR0000034,70CDCR20D00000011,Delivery Order,P00014,yes,B.I. INCORPORATED,PKK6L9KLMYR5,3CUH9,0.00,440305597.58,440305597.58,2022-08-01,2023-07-31,2023-07-31,DETENTION COMPLIANCE AND REMOVALS,,Full And Open Competition,,Negotiated Proposal/Quote,,R408,Program Management/Support Services,561210,Facilities Support Services,MOVE/RE-ALIGN FUNDS,INTENSIVE SUPERVISION APPEARANCE PROGRAM (ISAP IV),https://www.usaspending.gov/award/CONT_AWD_70CDCR22FR0000034_7012_70CDCR20D00000011_7012
8d3b3a0534716b4b3da6a45c6dbff88a352df47e69cc7035b68e4a452accc864,ICE,Biden,ICE detention services,2024-03-26,70CDCR23FR0000050,HSCEDM17D00009,Delivery Order,P00009,yes,"THE GEO GROUP, INC.",JMLKZZ1NL2Z6,3JMR1,1764900.00,55018504.16,55018504.16,2023-08-18,2024-06-30,2024-06-30,DETENTION COMPLIANCE AND REMOVALS,,Full And Open Competition,,Negotiated Proposal/Quote,HSCEDM15R00004,S206,Guard Services,561210,Facilities Support Services,MONTGOMERY PROCESSING CENTER DETENTION SERVICES FUNDING MOD,MONTGOMERY PROCESSING CENTER DETENTION SERVICES,https://www.usaspending.gov/award/CONT_AWD_70CDCR23FR0000050_7012_HSCEDM17D00009_7012
9402d951992db4ed6900657f114d89d44b6cb1f58119568d3288344b95d5d29c,ICE,Biden,ICE detention services,2024-03-26,70CDCR24FC0000004,HSCEDM14A00001,BPA Call,0,no,"THE GEO GROUP, INC.",JMLKZZ1NL2Z6,3JMR1,578200.00,6796406.43,6796406.43,2024-04-01,2025-03-31,2025-03-31,DETENTION COMPLIANCE AND REMOVALS,,Competed Under Simplified Acquisition Procedures,1,Simplified Acquisition,,S206,Guard Services,922140,Correctional Institutions ,RIO GRANDE DETENTION CENTER FY24 BPA CALL,RIO GRANDE DETENTION CENTER FY24 BPA CALL,https://www.usaspending.gov/award/CONT_AWD_70CDCR24FC0000004_7012_HSCEDM14A00001_7012
62d2b8f2cd7b62fa55937d5418248b70ca6a2dacfc3ca3c62833d28edcedac7d,ICE,Biden,ICE detention services,2024-04-11,70CDCR24FR0000001,70CDCR22D00000001,Delivery Order,P00007,yes,"THE GEO GROUP, INC.",JMLKZZ1NL2Z6,3JMR1,4291267.00,56009252.93,56009252.93,2023-10-16,2024-10-15,2024-10-15,DETENTION COMPLIANCE AND REMOVALS,,Full And Open Competition,,Negotiated Proposal/Quote,,S206,Guard Services,561210,Facilities Support Services,"DETENTION, TRANSPORTATION, AND MEDICAL SERVICES FOR DENVER (AURORA) CONTRACT DETENTION FACILITY","DETENTION, TRANSPORTATION, AND MEDICAL SERVICES FOR DENVER (AURORA) CONTRACT DETENTION FACILITY",https://www.usaspending.gov/award/CONT_AWD_70CDCR24FR0000001_7012_70CDCR22D00000001_7012
d08da2e708b8c2960312cf814b8e7557d4c37ceb60096da839131463ff1596d1,ICE,Biden,ICE detention services,2024-04-15,70CDCR24FC0000004,HSCEDM14A00001,BPA Call,P00001,yes,"THE GEO GROUP, INC.",JMLKZZ1NL2Z6,3JMR1,577300.00,6796406.43,6796406.43,2024-04-01,2025-03-31,2025-03-31,DETENTION COMPLIANCE AND REMOVALS,,Competed Under Simplified Acquisition Procedures,1,Simplified Acquisition,,S206,Guard Services,922140,Correctional Institutions ,RIO GRANDE DETENTION CENTER FUNDING MOD,RIO GRANDE DETENTION CENTER FY24 BPA CALL,https://www.usaspending.gov/award/CONT_AWD_70CDCR24FC0000004_7012_HSCEDM14A00001_7012
0b836c871965c36b690324c41ab4a84e7ea4f324dd504fa3da04d0076e878693,ICE,Biden,ICE detention services,2024-04-22,70CDCR22FC0000012,70CDCR18A00000007,BPA Call,P00004,yes,"THE GEO GROUP, INC.",JMLKZZ1NL2Z6,3JMR1,-17870.85,211329.15,211329.15,2022-07-23,2023-07-22,2023-07-22,DETENTION COMPLIANCE AND REMOVALS,,Competed Under Simplified Acquisition Procedures,1,Simplified Acquisition,,S206,Guard Services,922140,Correctional Institutions ,THE PURPOSE OF THIS MOD IS TO DEOB EXCESS FUNDS AND CLOSEOUT THE ORDER.,DETAINEE BED DAYS AT THE ROBERT A. DEYTON DETENTION FACILITY,https://www.usaspending.gov/award/CONT_AWD_70CDCR22FC0000012_7012_70CDCR18A00000007_7012
05fc4e95030b39d1a59a79e91d4744a73cf99cb4b9283949b97fbd89157f0b1a,ICE,Biden,ICE detention services,2024-04-23,70CDCR23FR0000050,HSCEDM17D00009,Delivery Order,P00010,yes,"THE GEO GROUP, INC.",JMLKZZ1NL2Z6,3JMR1,4581000.00,55018504.16,55018504.16,2023-08-18,2024-06-30,2024-06-30,DETENTION COMPLIANCE AND REMOVALS,,Full And Open Competition,,Negotiated Proposal/Quote,HSCEDM15R00004,S206,Guard Services,561210,Facilities Support Services,MONTGOMERY PROCESSING CENTER DETENTION SERVICES FUNDING MOD,MONTGOMERY PROCESSING CENTER DETENTION SERVICES,https://www.usaspending.gov/award/CONT_AWD_70CDCR23FR0000050_7012_HSCEDM17D00009_7012
a3447e9438dc5daa41374fbb3eaaeaabe35b627651e63b9f0337b3e3a2d19dbb,ICE,Biden,ICE detention services,2024-04-23,70CDCR24FR0000003,HSCEDM15D00015,Delivery Order,P00006,yes,"THE GEO GROUP, INC.",JMLKZZ1NL2Z6,3JMR1,99500.00,72727938.31,72727938.31,2023-10-28,2024-09-27,2025-09-27,DETENTION COMPLIANCE AND REMOVALS,,Full And Open Competition,,Negotiated Proposal/Quote,,S206,Guard Services,561210,Facilities Support Services,ADD FUNDS,NEW TASK ORDER FOR DETENTION AND TRANSPORTATION SERVICES FOR NORTHWEST DETENTION CENTER.,https://www.usaspending.gov/award/CONT_AWD_70CDCR24FR0000003_7012_HSCEDM15D00015_7012
16088d0e035a12db3f89128dd29512e74744632a1d5c5fe3308ec25e0af9549c,ICE,Biden,ICE detention services,2024-04-30,70CDCR22FR0000041,70CDCR20D00000012,Delivery Order,P00011,yes,"THE GEO GROUP, INC.",JMLKZZ1NL2Z6,3JMR1,-799182.78,54162847.22,54162847.22,2022-08-06,2023-09-05,2024-05-30,DETENTION COMPLIANCE AND REMOVALS,,Full And Open Competition,,Negotiated Proposal/Quote,,S206,Guard Services,922140,Correctional Institutions ,SOUTH TEXAS DETENTION COMPLEX - CLOSEOUT MODIFICATION,SOUTH TEXAS DETENTION COMPLEX NEW TASK ORDER - POP 06 AUG 2022 - 05 AUG 2023.,https://www.usaspending.gov/award/CONT_AWD_70CDCR22FR0000041_7012_70CDCR20D00000012_7012
abcb3964b2ca3af8a62a2b449dc5260f0ab7e9869dea95168fb1004ea281b196,ICE,Biden,ICE detention services,2024-04-30,70CDCR23FR0000045,70CDCR20D00000012,Delivery Order,P00009,yes,"THE GEO GROUP, INC.",JMLKZZ1NL2Z6,3JMR1,9622100.96,57272944.90,57272944.90,2023-08-06,2024-08-05,2024-10-17,DETENTION COMPLIANCE AND REMOVALS,,Full And Open Competition,,Negotiated Proposal/Quote,,S206,Guard Services,922140,Correctional Institutions ,DETENTION AND TRANSPORTATION SERVICES - SOUTH TEXAS ICE PROCESSING CENTER (STIPC) FUNDING MODIFICATION,"DETENTION AND TRANSPORTATION SERVICES - SOUTH TEXAS ICE PROCESSING CENTER (STIPC)

POP 06 AUG 2023 - 05 AUG 2024",https://www.usaspending.gov/award/CONT_AWD_70CDCR23FR0000045_7012_70CDCR20D00000012_7012
b2becebe7bb5df89a4f3d2e78865cdf2d156411aee877ab6c5b65628867f7fc4,ICE,Biden,ICE other/unresolved,2024-05-01,70CDCR22FR0000045,HSCEDM17D00009,Delivery Order,P00009,yes,"THE GEO GROUP, INC.",JMLKZZ1NL2Z6,3JMR1,2462.45,48312099.25,48312099.25,2022-08-18,2023-08-17,2024-08-08,DETENTION COMPLIANCE AND REMOVALS,,Full And Open Competition,,Negotiated Proposal/Quote,HSCEDM15R00004,S206,Guard Services,561210,Facilities Support Services,ADMIN MOD,"**NEW TASK ORDER NUMBER ( MONTGOMERY PROCESSING CENTER (MPC) /GEO)
CONTRACT PERIOD OF PERFORMANCE- 18 AUG 2022 - 17 AUG 2023
FUNDING PERIOD OF PERFORMANCE - 18 AUG 2022 - 30 SEP 2022",https://www.usaspending.gov/award/CONT_AWD_70CDCR22FR0000045_7012_HSCEDM17D00009_7012
9ae2d06cde619395bf6ed2f29029181024c352662f689d9cd0bb54324d75386b,ICE,Biden,ICE detention services,2024-05-03,70CDCR24FR0000003,HSCEDM15D00015,Delivery Order,P00007,yes,"THE GEO GROUP, INC.",JMLKZZ1NL2Z6,3JMR1,0.00,72727938.31,72727938.31,2023-10-28,2024-09-27,2025-09-27,DETENTION COMPLIANCE AND REMOVALS,,Full And Open Competition,,Negotiated Proposal/Quote,,S206,Guard Services,561210,Facilities Support Services,MOVE FUNDING BETWEEN CLINS,NEW TASK ORDER FOR DETENTION AND TRANSPORTATION SERVICES FOR NORTHWEST DETENTION CENTER.,https://www.usaspending.gov/award/CONT_AWD_70CDCR24FR0000003_7012_HSCEDM15D00015_7012
82726ba0a18e751b7b4057022a32a6c662749773ddc45c14ccfe39f4b0dc60a7,ICE,Biden,ICE detention services,2024-05-03,70CDCR24FR0000010,70CDCR20D00000008,Delivery Order,P00005,yes,"THE GEO GROUP, INC.",JMLKZZ1NL2Z6,3JMR1,9332174.45,57183778.57,57183778.57,2019-12-20,2024-12-19,2024-12-19,DETENTION COMPLIANCE AND REMOVALS,,Full And Open Competition,,Negotiated Proposal/Quote,70CDCR20R00000002,S206,Guard Services,561612,Security Guards and Patrol Services ,COR CHANGE AND ADD FUNDING,"NEW TASK ORDER FOR DETENTION SERVICES AT MESA VERDE AND GOLDEN STATE FACILITIES.
TASK ORDER POP: 12/20/23 - 12/19/24",https://www.usaspending.gov/award/CONT_AWD_70CDCR24FR0000010_7012_70CDCR20D00000008_7012
4dfc3b78b8caaf14b56ad89abe03f88eb2e7e4f2c16664f299563c611d75c607,ICE,Biden,ICE detention services,2024-05-08,70CDCR24FR0000011,70CDCR20D00000009,Delivery Order,P00004,yes,"THE GEO GROUP, INC.",JMLKZZ1NL2Z6,3JMR1,14343284.00,83367984.37,83367984.37,2023-12-20,2024-12-19,2024-12-19,DETENTION COMPLIANCE AND REMOVALS,,Full And Open Competition,,Negotiated Proposal/Quote,,S206,Guard Services,561612,Security Guards and Patrol Services ,FUNDING DETENTION SERVICES AT ADELANTO,ESTABLISH NEW TASK ORDER FOR DETENTION SERVICES AT ADELANTO,https://www.usaspending.gov/award/CONT_AWD_70CDCR24FR0000011_7012_70CDCR20D00000009_7012
c91ab5e38fc976fdb3c10f3b4e3f9239b0cbf178632391419b0f1c75967070f3,ICE,Biden,ICE detention services,2024-05-13,70CDCR24FC0000004,HSCEDM14A00001,BPA Call,P00002,yes,"THE GEO GROUP, INC.",JMLKZZ1NL2Z6,3JMR1,577300.00,6796406.43,6796406.43,2024-04-01,2025-03-31,2025-03-31,DETENTION COMPLIANCE AND REMOVALS,,Competed Under Simplified Acquisition Procedures,1,Simplified Acquisition,,S206,Guard Services,922140,Correctional Institutions ,RIO GRANDE DETENTION CENTER FUNDING MOD,RIO GRANDE DETENTION CENTER FY24 BPA CALL,https://www.usaspending.gov/award/CONT_AWD_70CDCR24FC0000004_7012_HSCEDM14A00001_7012
099d468735edb5290ec69155384a329b44fabf7d37cf0fca263275ad78331ec5,ICE,Biden,ICE detention services,2024-05-14,70CDCR24FR0000001,70CDCR22D00000001,Delivery Order,P00008,yes,"THE GEO GROUP, INC.",JMLKZZ1NL2Z6,3JMR1,5010601.00,56009252.93,56009252.93,2023-10-16,2024-10-15,2024-10-15,DETENTION COMPLIANCE AND REMOVALS,,Full And Open Competition,,Negotiated Proposal/Quote,,S206,Guard Services,561210,Facilities Support Services,"DETENTION, TRANSPORTATION, AND MEDICAL SERVICES FOR DENVER (AURORA) CONTRACT DETENTION FACILITY","DETENTION, TRANSPORTATION, AND MEDICAL SERVICES FOR DENVER (AURORA) CONTRACT DETENTION FACILITY",https://www.usaspending.gov/award/CONT_AWD_70CDCR24FR0000001_7012_70CDCR22D00000001_7012
3601dc292ed8e37e39d7da6ba5ce84cb3b0514d15e81f881426ee74538af0570,ICE,Biden,ICE detention services,2024-05-14,70CDCR24FR0000012,70CDCR20D00000009,Delivery Order,P00005,yes,"THE GEO GROUP, INC.",JMLKZZ1NL2Z6,3JMR1,5744227.00,32758675.92,32758675.92,2023-12-20,2024-12-19,2024-12-19,DETENTION COMPLIANCE AND REMOVALS,,Full And Open Competition,,Negotiated Proposal/Quote,,S206,Guard Services,561612,Security Guards and Patrol Services ,ADDING FUNDS FOR DETENTION SERVICES AT DESERT VIEW,NEW TASK ORDER FOR DETENTION SERVICES DESERT VIEW (DV) ANNEX IN THE LOS ANGELES AREA OF RESPONSIBILITY,https://www.usaspending.gov/award/CONT_AWD_70CDCR24FR0000012_7012_70CDCR20D00000009_7012
beb5c853d5ec6a0ecc5e169af4668e6bb4b71f329c125eec199cbdda8df22713,ICE,Biden,ICE detention services,2024-05-16,70CDCR21FR0000057,HSCEDM17D00009,Delivery Order,P00017,yes,"THE GEO GROUP, INC.",JMLKZZ1NL2Z6,3JMR1,-27498.68,39294732.79,39294732.79,2021-08-17,2022-08-17,2022-08-17,DETENTION COMPLIANCE AND REMOVALS,,Full And Open Competition,,Negotiated Proposal/Quote,HSCEDM15R00004,S206,Guard Services,561210,Facilities Support Services,DE-OBLIGATE AND CLOSEOUT,MONTGOMERY PROCESSING CENTER DETENTION SERVICES,https://www.usaspending.gov/award/CONT_AWD_70CDCR21FR0000057_7012_HSCEDM17D00009_7012
6625c943008ff25259cee6cd999e979901f379bab15dacb11252a2cbd4c4349c,ICE,Biden,ICE detention services,2024-05-16,70CDCR24FR0000003,HSCEDM15D00015,Delivery Order,P00008,yes,"THE GEO GROUP, INC.",JMLKZZ1NL2Z6,3JMR1,11528271.00,72727938.31,72727938.31,2023-10-28,2024-09-27,2025-09-27,DETENTION COMPLIANCE AND REMOVALS,,Full And Open Competition,,Negotiated Proposal/Quote,,S206,Guard Services,561210,Facilities Support Services,ADDITIONAL FUNDING,NEW TASK ORDER FOR DETENTION AND TRANSPORTATION SERVICES FOR NORTHWEST DETENTION CENTER.,https://www.usaspending.gov/award/CONT_AWD_70CDCR24FR0000003_7012_HSCEDM15D00015_7012
2f2fe84031aef26a041094dd2650f9a19471a28d2ed2c2e222cdc1974478818b,ICE,Biden,ICE ISAP/electronic monitoring,2024-05-17,70CDCR23FR0000042,70CDCR20D00000011,Delivery Order,P00006,yes,B.I. INCORPORATED,PKK6L9KLMYR5,3CUH9,31575543.00,286112087.46,286112087.46,2023-08-01,2024-07-31,2024-07-31,DETENTION COMPLIANCE AND REMOVALS,,Full And Open Competition,,Negotiated Proposal/Quote,70CDCR19R00000002,R408,Program Management/Support Services,561210,Facilities Support Services,ADD FUNDING,INTENSIVE SUPERVISION APPEARANCE PROGRAM (ISAP IV),https://www.usaspending.gov/award/CONT_AWD_70CDCR23FR0000042_7012_70CDCR20D00000011_7012
ccc2559115da899f421c451a332433f3196014d58a76d12660a2ab83eb78888d,ICE,Biden,ICE detention services,2024-05-21,70CDCR23FR0000050,HSCEDM17D00009,Delivery Order,P00011,yes,"THE GEO GROUP, INC.",JMLKZZ1NL2Z6,3JMR1,5488650.00,55018504.16,55018504.16,2023-08-18,2024-06-30,2024-06-30,DETENTION COMPLIANCE AND REMOVALS,,Full And Open Competition,,Negotiated Proposal/Quote,HSCEDM15R00004,S206,Guard Services,561210,Facilities Support Services,MONTGOMERY PROCESSING CENTER DETENTION SERVICES FUNDING MOD,MONTGOMERY PROCESSING CENTER DETENTION SERVICES,https://www.usaspending.gov/award/CONT_AWD_70CDCR23FR0000050_7012_HSCEDM17D00009_7012
5e44ea8e54a787a18ad87e291ac04205b4bb2ba835a33cc972aa05fef77c4a2d,ICE,Biden,ICE detention services,2024-05-24,70CDCR23FR0000048,70CDCR21D00000004,Delivery Order,P00008,yes,"THE GEO GROUP, INC.",JMLKZZ1NL2Z6,3JMR1,6560534.00,38861166.19,39381907.94,2023-09-01,2025-09-15,2025-09-15,DETENTION COMPLIANCE AND REMOVALS,,Full And Open Competition,,Negotiated Proposal/Quote,,S206,Guard Services,561612,Security Guards and Patrol Services ,ADDITIONAL FUNDING IN SUPPORT OF DETENTION FACILITY.,"BROWARD COUNTY, FL DETENTION AND TRANSPORTATION SERVICES",https://www.usaspending.gov/award/CONT_AWD_70CDCR23FR0000048_7012_70CDCR21D00000004_7012
764ea85a0ec8e1ee92f706b3240775bc4cd2c62b629d480a87e6e4bf5b264f72,ICE,Biden,ICE detention services,2024-05-28,70CDCR23FR0000014,70CDCR20D00000009,Delivery Order,P00011,yes,"THE GEO GROUP, INC.",JMLKZZ1NL2Z6,3JMR1,-406521.50,116595853.53,116595853.53,2022-12-20,2023-12-19,2024-12-19,DETENTION COMPLIANCE AND REMOVALS,,Full And Open Competition,,Negotiated Proposal/Quote,,S206,Guard Services,561612,Security Guards and Patrol Services ,DE-OBLIGATE AND CLOSEOUT,NEW TASK ORDER FOR DETENTION SERVICES IN THE LOS ANGELES AREA OF RESPONSIBILITY,https://www.usaspending.gov/award/CONT_AWD_70CDCR23FR0000014_7012_70CDCR20D00000009_7012
a0389021e8a9245923dbca6a961e51ffeb024ac03e628aa6ec5c1e33ab63fa9c,ICE,Biden,ICE detention services,2024-05-28,70CDCR24FR0000003,HSCEDM15D00015,Delivery Order,P00009,yes,"THE GEO GROUP, INC.",JMLKZZ1NL2Z6,3JMR1,5806934.00,72727938.31,72727938.31,2023-10-28,2024-09-27,2025-09-27,DETENTION COMPLIANCE AND REMOVALS,,Full And Open Competition,,Negotiated Proposal/Quote,,S206,Guard Services,561210,Facilities Support Services,ADDITIONAL FUNDING,NEW TASK ORDER FOR DETENTION AND TRANSPORTATION SERVICES FOR NORTHWEST DETENTION CENTER.,https://www.usaspending.gov/award/CONT_AWD_70CDCR24FR0000003_7012_HSCEDM15D00015_7012
3a742bfc138610357cac2fcb645d8af014ecef770e063bfdf9fde62ee2094843,ICE,Biden,ICE detention services,2024-05-29,70CDCR23FR0000045,70CDCR20D00000012,Delivery Order,P00010,yes,"THE GEO GROUP, INC.",JMLKZZ1NL2Z6,3JMR1,4050336.92,57272944.90,57272944.90,2023-08-06,2024-08-05,2024-10-17,DETENTION COMPLIANCE AND REMOVALS,,Full And Open Competition,,Negotiated Proposal/Quote,,S206,Guard Services,922140,Correctional Institutions ,DETENTION AND TRANSPORTATION SERVICES - SOUTH TEXAS ICE PROCESSING CENTER (STIPC) FUNDING MODIFICATION,"DETENTION AND TRANSPORTATION SERVICES - SOUTH TEXAS ICE PROCESSING CENTER (STIPC)

POP 06 AUG 2023 - 05 AUG 2024",https://www.usaspending.gov/award/CONT_AWD_70CDCR23FR0000045_7012_70CDCR20D00000012_7012
6594378c34ca608622e915d082194e428877dd7e19512a28182efc01ef6caf73,ICE,Biden,ICE detention services,2024-05-29,70CDCR24FC0000004,HSCEDM14A00001,BPA Call,P00003,yes,"THE GEO GROUP, INC.",JMLKZZ1NL2Z6,3JMR1,577300.00,6796406.43,6796406.43,2024-04-01,2025-03-31,2025-03-31,DETENTION COMPLIANCE AND REMOVALS,,Competed Under Simplified Acquisition Procedures,1,Simplified Acquisition,,S206,Guard Services,922140,Correctional Institutions ,RIO GRANDE DETENTION CENTER FUNDING MOD,RIO GRANDE DETENTION CENTER FY24 BPA CALL,https://www.usaspending.gov/award/CONT_AWD_70CDCR24FC0000004_7012_HSCEDM14A00001_7012
207c694ec5cc9767ad0497cbf181b20cbb12a7f64ad7a686f2a344bbaed6ca54,ICE,Biden,ICE detention services,2024-05-30,70CDCR23FR0000050,HSCEDM17D00009,Delivery Order,P00012,yes,"THE GEO GROUP, INC.",JMLKZZ1NL2Z6,3JMR1,4886223.00,55018504.16,55018504.16,2023-08-18,2024-06-30,2024-06-30,DETENTION COMPLIANCE AND REMOVALS,,Full And Open Competition,,Negotiated Proposal/Quote,HSCEDM15R00004,S206,Guard Services,561210,Facilities Support Services,MONTGOMERY PROCESSING CENTER DETENTION SERVICES FUNDING MOD,MONTGOMERY PROCESSING CENTER DETENTION SERVICES,https://www.usaspending.gov/award/CONT_AWD_70CDCR23FR0000050_7012_HSCEDM17D00009_7012
56bc29f3838772bcb3c96b67d722a3ff103f80f96dcf5f3a481701d24a22256d,ICE,Biden,ICE detention services,2024-06-04,70CDCR23FC0000014,70CDCR18A00000007,BPA Call,P00004,yes,"THE GEO GROUP, INC.",JMLKZZ1NL2Z6,3JMR1,0.00,137180.56,137180.56,2023-07-23,2024-07-22,2024-07-22,DETENTION COMPLIANCE AND REMOVALS,,Competed Under Simplified Acquisition Procedures,1,Simplified Acquisition,,S206,Guard Services,922140,Correctional Institutions ,THE PURPOSE OF THIS MODIFICATION IS TO UPDATE THE COR.,DETAINEE BED DAYS AT THE ROBERT A. DEYTON DETENTION FACILITY,https://www.usaspending.gov/award/CONT_AWD_70CDCR23FC0000014_7012_70CDCR18A00000007_7012
a2f9cb2c75389e5902460ea9f4c9e759b947c217df32e76f88f5f36423876d6a,ICE,Biden,ICE detention services,2024-06-05,70CDCR24FR0000001,70CDCR22D00000001,Delivery Order,P00009,yes,"THE GEO GROUP, INC.",JMLKZZ1NL2Z6,3JMR1,4650934.00,56009252.93,56009252.93,2023-10-16,2024-10-15,2024-10-15,DETENTION COMPLIANCE AND REMOVALS,,Full And Open Competition,,Negotiated Proposal/Quote,,S206,Guard Services,561210,Facilities Support Services,"DETENTION, TRANSPORTATION, AND MEDICAL SERVICES FOR DENVER (AURORA) CONTRACT DETENTION FACILITY","DETENTION, TRANSPORTATION, AND MEDICAL SERVICES FOR DENVER (AURORA) CONTRACT DETENTION FACILITY",https://www.usaspending.gov/award/CONT_AWD_70CDCR24FR0000001_7012_70CDCR22D00000001_7012
5a19ba7d4c564370f7a49fd9e8f05743f09c589d6bc0ad03e42b9bc70ca0f939,ICE,Biden,ICE detention services,2024-06-06,70CDCR23FR0000001,70CDCR22D00000001,Delivery Order,P00011,yes,"THE GEO GROUP, INC.",JMLKZZ1NL2Z6,3JMR1,-814900.00,47344096.11,47344096.11,2022-10-16,2023-10-15,2023-12-27,DETENTION COMPLIANCE AND REMOVALS,,Full And Open Competition,,Negotiated Proposal/Quote,,S206,Guard Services,561210,Facilities Support Services,"FUNDS FOR DETENTION, TRANSPORTATION, AND MEDICAL SERVICES FOR DENVER (AURORA) CONTRACT DETENTION FACILITY","NEW TASK ORDER FOR DETENTION, TRANSPORTATION AND MEDICAL SERVICES FOR DENVER (AURORA) CONTRACT DETENTION FACILITY",https://www.usaspending.gov/award/CONT_AWD_70CDCR23FR0000001_7012_70CDCR22D00000001_7012
a49555be65baf7d5d86cd513a1e3818967c924d555b523231e8f59e3b2994ac0,ICE,Biden,ICE detention services,2024-06-14,70CDCR23FR0000001,70CDCR22D00000001,Delivery Order,P00012,yes,"THE GEO GROUP, INC.",JMLKZZ1NL2Z6,3JMR1,-3925.39,47344096.11,47344096.11,2022-10-16,2023-10-15,2023-12-27,DETENTION COMPLIANCE AND REMOVALS,,Full And Open Competition,,Negotiated Proposal/Quote,,S206,Guard Services,561210,Facilities Support Services,"FUNDS FOR DETENTION, TRANSPORTATION, AND MEDICAL SERVICES FOR DENVER (AURORA) CONTRACT DETENTION FACILITY","NEW TASK ORDER FOR DETENTION, TRANSPORTATION AND MEDICAL SERVICES FOR DENVER (AURORA) CONTRACT DETENTION FACILITY",https://www.usaspending.gov/award/CONT_AWD_70CDCR23FR0000001_7012_70CDCR22D00000001_7012
7d91a2237095f31a53c34b60526ef8e2e2110c350eed93a6ea6d0b1364a6af36,ICE,Biden,ICE detention services,2024-06-14,70CDCR24FR0000010,70CDCR20D00000008,Delivery Order,P00006,yes,"THE GEO GROUP, INC.",JMLKZZ1NL2Z6,3JMR1,4678531.60,57183778.57,57183778.57,2019-12-20,2024-12-19,2024-12-19,DETENTION COMPLIANCE AND REMOVALS,,Full And Open Competition,,Negotiated Proposal/Quote,70CDCR20R00000002,S206,Guard Services,561612,Security Guards and Patrol Services ,ADD FUNDING,"NEW TASK ORDER FOR DETENTION SERVICES AT MESA VERDE AND GOLDEN STATE FACILITIES.
TASK ORDER POP: 12/20/23 - 12/19/24",https://www.usaspending.gov/award/CONT_AWD_70CDCR24FR0000010_7012_70CDCR20D00000008_7012
b736a43065e1e466da3a32fd187fd8419fc9cadc93f9f3a11930e21a134e8a8f,ICE,Biden,ICE detention services,2024-06-20,70CDCR24FR0000012,70CDCR20D00000009,Delivery Order,P00006,yes,"THE GEO GROUP, INC.",JMLKZZ1NL2Z6,3JMR1,2727493.98,32758675.92,32758675.92,2023-12-20,2024-12-19,2024-12-19,DETENTION COMPLIANCE AND REMOVALS,,Full And Open Competition,,Negotiated Proposal/Quote,,S206,Guard Services,561612,Security Guards and Patrol Services ,ADDING FUNDS FOR DETENTION SERVICES AT DESERT VIEW,NEW TASK ORDER FOR DETENTION SERVICES DESERT VIEW (DV) ANNEX IN THE LOS ANGELES AREA OF RESPONSIBILITY,https://www.usaspending.gov/award/CONT_AWD_70CDCR24FR0000012_7012_70CDCR20D00000009_7012
d212790a830c03afaed963b988e411997837a29dc362a0c9adb28ac0b0fd5ff1,ICE,Biden,ICE detention services,2024-06-21,70CDCR23FR0000048,70CDCR21D00000004,Delivery Order,P00009,yes,"THE GEO GROUP, INC.",JMLKZZ1NL2Z6,3JMR1,3240266.00,38861166.19,39381907.94,2023-09-01,2025-09-15,2025-09-15,DETENTION COMPLIANCE AND REMOVALS,,Full And Open Competition,,Negotiated Proposal/Quote,,S206,Guard Services,561612,Security Guards and Patrol Services ,ADDITIONAL FUNDING IN SUPPORT OF DETENTION FACILITY.,"BROWARD COUNTY, FL DETENTION AND TRANSPORTATION SERVICES",https://www.usaspending.gov/award/CONT_AWD_70CDCR23FR0000048_7012_70CDCR21D00000004_7012
37b2833943031749339121bac53fab0ddce7af1d992eb3759e1e5ab5a42089ad,ICE,Biden,ICE detention services,2024-06-21,70CDCR24FR0000011,70CDCR20D00000009,Delivery Order,P00005,yes,"THE GEO GROUP, INC.",JMLKZZ1NL2Z6,3JMR1,7030972.29,83367984.37,83367984.37,2023-12-20,2024-12-19,2024-12-19,DETENTION COMPLIANCE AND REMOVALS,,Full And Open Competition,,Negotiated Proposal/Quote,,S206,Guard Services,561612,Security Guards and Patrol Services ,FUNDING DETENTION SERVICES AT ADELANTO,ESTABLISH NEW TASK ORDER FOR DETENTION SERVICES AT ADELANTO,https://www.usaspending.gov/award/CONT_AWD_70CDCR24FR0000011_7012_70CDCR20D00000009_7012
49582b1dd751d491ef3f840cde542d299cece8e623326a0ac6636fb4f5c49dfd,ICE,Biden,ICE ISAP/electronic monitoring,2024-06-27,70CDCR23FR0000042,70CDCR20D00000011,Delivery Order,P00007,yes,B.I. INCORPORATED,PKK6L9KLMYR5,3CUH9,27575542.00,286112087.46,286112087.46,2023-08-01,2024-07-31,2024-07-31,DETENTION COMPLIANCE AND REMOVALS,,Full And Open Competition,,Negotiated Proposal/Quote,70CDCR19R00000002,R408,Program Management/Support Services,561210,Facilities Support Services,ADD FUNDING,INTENSIVE SUPERVISION APPEARANCE PROGRAM (ISAP IV),https://www.usaspending.gov/award/CONT_AWD_70CDCR23FR0000042_7012_70CDCR20D00000011_7012
52ae646daa6a641bc9d75838030dd7285a0140ab3b4a0f75cecd1e77fbb4e221,ICE,Biden,ICE detention services,2024-06-28,70CDCR23FR0000045,70CDCR20D00000012,Delivery Order,P00011,yes,"THE GEO GROUP, INC.",JMLKZZ1NL2Z6,3JMR1,5620996.20,57272944.90,57272944.90,2023-08-06,2024-08-05,2024-10-17,DETENTION COMPLIANCE AND REMOVALS,,Full And Open Competition,,Negotiated Proposal/Quote,,S206,Guard Services,922140,Correctional Institutions ,DETENTION AND TRANSPORTATION SERVICES - SOUTH TEXAS ICE PROCESSING CENTER (STIPC) FUNDING MODIFICATION,"DETENTION AND TRANSPORTATION SERVICES - SOUTH TEXAS ICE PROCESSING CENTER (STIPC)

POP 06 AUG 2023 - 05 AUG 2024",https://www.usaspending.gov/award/CONT_AWD_70CDCR23FR0000045_7012_70CDCR20D00000012_7012
76e74e249ca18c9202403a84faba2d26d772545faf8515030a61d73e8b09d03c,ICE,Biden,ICE detention services,2024-06-28,70CDCR24FC0000004,HSCEDM14A00001,BPA Call,P00004,yes,"THE GEO GROUP, INC.",JMLKZZ1NL2Z6,3JMR1,863285.00,6796406.43,6796406.43,2024-04-01,2025-03-31,2025-03-31,DETENTION COMPLIANCE AND REMOVALS,,Competed Under Simplified Acquisition Procedures,1,Simplified Acquisition,,S206,Guard Services,922140,Correctional Institutions ,RIO GRANDE DETENTION CENTER FUNDING MOD,RIO GRANDE DETENTION CENTER FY24 BPA CALL,https://www.usaspending.gov/award/CONT_AWD_70CDCR24FC0000004_7012_HSCEDM14A00001_7012
80167aeec9282132ca9e2f65456fa0bd357e3635ba7a21c973aaa849e6879761,ICE,Biden,ICE detention services,2024-06-30,70CDCR23FR0000050,HSCEDM17D00009,Delivery Order,P00013,yes,"THE GEO GROUP, INC.",JMLKZZ1NL2Z6,3JMR1,5863000.00,55018504.16,55018504.16,2023-08-18,2024-06-30,2024-06-30,DETENTION COMPLIANCE AND REMOVALS,,Full And Open Competition,,Negotiated Proposal/Quote,HSCEDM15R00004,S206,Guard Services,561210,Facilities Support Services,MONTGOMERY PROCESSING CENTER DETENTION SERVICES FUNDING MOD,MONTGOMERY PROCESSING CENTER DETENTION SERVICES,https://www.usaspending.gov/award/CONT_AWD_70CDCR23FR0000050_7012_HSCEDM17D00009_7012
e194113fc76dfb008e0c125e8f328374666f2ed0141ea5280179b4b452adf51f,ICE,Biden,ICE detention services,2024-07-01,70CDCR23FC0000014,70CDCR18A00000007,BPA Call,P00005,yes,"THE GEO GROUP, INC.",JMLKZZ1NL2Z6,3JMR1,24000.00,137180.56,137180.56,2023-07-23,2024-07-22,2024-07-22,DETENTION COMPLIANCE AND REMOVALS,,Competed Under Simplified Acquisition Procedures,1,Simplified Acquisition,,S206,Guard Services,922140,Correctional Institutions ,"THE PURPOSE OF THIS MODIFICATION IS TO OBLIGATE FUNDING IN THE AMOUNT OF $24,000.00.",DETAINEE BED DAYS AT THE ROBERT A. DEYTON DETENTION FACILITY,https://www.usaspending.gov/award/CONT_AWD_70CDCR23FC0000014_7012_70CDCR18A00000007_7012
0f1e9222e4e94285252639c2fb382af4762ab59d4369627c8225f3ecb926fdec,ICE,Biden,ICE detention services,2024-07-03,70CDCR24FR0000003,HSCEDM15D00015,Delivery Order,P00010,yes,"THE GEO GROUP, INC.",JMLKZZ1NL2Z6,3JMR1,17844328.00,72727938.31,72727938.31,2023-10-28,2024-09-27,2025-09-27,DETENTION COMPLIANCE AND REMOVALS,,Full And Open Competition,,Negotiated Proposal/Quote,,S206,Guard Services,561210,Facilities Support Services,ADDITIONAL FUNDING,NEW TASK ORDER FOR DETENTION AND TRANSPORTATION SERVICES FOR NORTHWEST DETENTION CENTER.,https://www.usaspending.gov/award/CONT_AWD_70CDCR24FR0000003_7012_HSCEDM15D00015_7012
349d49a4af97be8bec086d64dd980f4535c5a16aab27c963695e06475c001026,ICE,Biden,ICE other/unresolved,2024-07-09,70CDCR22FR0000045,HSCEDM17D00009,Delivery Order,P00010,yes,"THE GEO GROUP, INC.",JMLKZZ1NL2Z6,3JMR1,-287437.50,48312099.25,48312099.25,2022-08-18,2023-08-17,2024-08-08,DETENTION COMPLIANCE AND REMOVALS,,Full And Open Competition,,Negotiated Proposal/Quote,HSCEDM15R00004,S206,Guard Services,561210,Facilities Support Services,DEOBLIGATION MODIFICATION,"**NEW TASK ORDER NUMBER ( MONTGOMERY PROCESSING CENTER (MPC) /GEO)
CONTRACT PERIOD OF PERFORMANCE- 18 AUG 2022 - 17 AUG 2023
FUNDING PERIOD OF PERFORMANCE - 18 AUG 2022 - 30 SEP 2022",https://www.usaspending.gov/award/CONT_AWD_70CDCR22FR0000045_7012_HSCEDM17D00009_7012
8fd61bfacf54b2cbeff7448f0f899816ff0636f95966f9067c5d86f70689eddf,ICE,Biden,ICE detention services,2024-07-09,70CDCR24FR0000001,70CDCR22D00000001,Delivery Order,P00010,yes,"THE GEO GROUP, INC.",JMLKZZ1NL2Z6,3JMR1,13833876.42,56009252.93,56009252.93,2023-10-16,2024-10-15,2024-10-15,DETENTION COMPLIANCE AND REMOVALS,,Full And Open Competition,,Negotiated Proposal/Quote,,S206,Guard Services,561210,Facilities Support Services,"DETENTION, TRANSPORTATION, AND MEDICAL SERVICES FOR DENVER (AURORA) CONTRACT DETENTION FACILITY","DETENTION, TRANSPORTATION, AND MEDICAL SERVICES FOR DENVER (AURORA) CONTRACT DETENTION FACILITY",https://www.usaspending.gov/award/CONT_AWD_70CDCR24FR0000001_7012_70CDCR22D00000001_7012
bdac1a85dee759d636542196e61ec01115129db98b396bd71927c1167163a6ab,ICE,Biden,ICE detention services,2024-07-09,70CDCR24FR0000010,70CDCR20D00000008,Delivery Order,P00007,yes,"THE GEO GROUP, INC.",JMLKZZ1NL2Z6,3JMR1,14814014.63,57183778.57,57183778.57,2019-12-20,2024-12-19,2024-12-19,DETENTION COMPLIANCE AND REMOVALS,,Full And Open Competition,,Negotiated Proposal/Quote,70CDCR20R00000002,S206,Guard Services,561612,Security Guards and Patrol Services ,ADD FUNDING,"NEW TASK ORDER FOR DETENTION SERVICES AT MESA VERDE AND GOLDEN STATE FACILITIES.
TASK ORDER POP: 12/20/23 - 12/19/24",https://www.usaspending.gov/award/CONT_AWD_70CDCR24FR0000010_7012_70CDCR20D00000008_7012
b6043a89d4818a214a1167f0b1e92f207b2df6d2b036618491150237067ca7da,ICE,Biden,ICE detention services,2024-07-09,70CDCR24FR0000012,70CDCR20D00000009,Delivery Order,P00007,yes,"THE GEO GROUP, INC.",JMLKZZ1NL2Z6,3JMR1,8208700.00,32758675.92,32758675.92,2023-12-20,2024-12-19,2024-12-19,DETENTION COMPLIANCE AND REMOVALS,,Full And Open Competition,,Negotiated Proposal/Quote,,S206,Guard Services,561612,Security Guards and Patrol Services ,ADDING FUNDS FOR DETENTION SERVICES AT DESERT VIEW,NEW TASK ORDER FOR DETENTION SERVICES DESERT VIEW (DV) ANNEX IN THE LOS ANGELES AREA OF RESPONSIBILITY,https://www.usaspending.gov/award/CONT_AWD_70CDCR24FR0000012_7012_70CDCR20D00000009_7012
57cb996b5ba06708cf8b3fdf81821b9d3f6c0100771d51b4aac5f875084e56df,ICE,Biden,ICE detention services,2024-07-11,70CDCR24FR0000011,70CDCR20D00000009,Delivery Order,P00006,yes,"THE GEO GROUP, INC.",JMLKZZ1NL2Z6,3JMR1,20740800.00,83367984.37,83367984.37,2023-12-20,2024-12-19,2024-12-19,DETENTION COMPLIANCE AND REMOVALS,,Full And Open Competition,,Negotiated Proposal/Quote,,S206,Guard Services,561612,Security Guards and Patrol Services ,FUNDING DETENTION SERVICES AT ADELANTO,ESTABLISH NEW TASK ORDER FOR DETENTION SERVICES AT ADELANTO,https://www.usaspending.gov/award/CONT_AWD_70CDCR24FR0000011_7012_70CDCR20D00000009_7012
cd3bb29b423a25dd5f49a4782410a347d5a6c99ba3a44c5f984fd0cd3011d170,CBP,Biden,CBP detention/jail space,2024-07-16,70B03C24C00000054,,DEFINITIVE CONTRACT,0,no,"THE GEO GROUP, INC.",JMLKZZ1NL2Z6,3JMR1,333462.46,857297.98,1175318.50,2024-07-09,2027-06-30,2028-06-30,BORDER ENFORCEMENT CONTRACTING DIVISION,US BORDER PATROL,NOT COMPETED,1,ONLY ONE SOURCE,70B03C24Q00000075,X1FF,LEASE/RENTAL OF PENAL FACILITIES,922140,CORRECTIONAL INSTITUTIONS,DETENTION SPACE FOR MIGRANTS,DETENTION SPACE FOR MIGRANTS,https://www.usaspending.gov/award/CONT_AWD_70B03C24C00000054_7014_-NONE-_-NONE-
694f2874535d662f5f2ded067720588a04dc881c8514e931b6bf4d01d4468431,ICE,Biden,ICE detention services,2024-07-17,70CDCR24FC0000005,70CDCR18A00000007,BPA Call,0,no,"THE GEO GROUP, INC.",JMLKZZ1NL2Z6,3JMR1,39600.00,489732.40,489732.40,2024-07-23,2025-07-22,2025-07-22,DETENTION COMPLIANCE AND REMOVALS,,Competed Under Simplified Acquisition Procedures,1,Simplified Acquisition,,S206,Guard Services,922140,Correctional Institutions ,DETAINEE BED DAYS AT THE ROBERT A. DEYTON DETENTION FACILITY,DETAINEE BED DAYS AT THE ROBERT A. DEYTON DETENTION FACILITY,https://www.usaspending.gov/award/CONT_AWD_70CDCR24FC0000005_7012_70CDCR18A00000007_7012
6809fc839cb28375e70e45c2b0b8c29eb2a1ececa83129a0a2ab67351ef7052d,ICE,Biden,ICE detention services,2024-07-24,70CDCR22FR0000002,HSCEDM15D00015,Delivery Order,P00019,yes,"THE GEO GROUP, INC.",JMLKZZ1NL2Z6,3JMR1,-40076.03,65941447.91,65941447.91,2021-10-27,2022-10-27,2022-11-26,DETENTION COMPLIANCE AND REMOVALS,,Full And Open Competition,,Negotiated Proposal/Quote,HSCEDM15R00001,S206,Guard Services,561210,Facilities Support Services,DEOBLIGATION AND CLOSEOUT,DETENTION AND TRANSPORTATION SERVICES NORTHWEST DETENTION CENTER TACOMA,https://www.usaspending.gov/award/CONT_AWD_70CDCR22FR0000002_7012_HSCEDM15D00015_7012
9fff1ef1571758bd5e8dc2858cd1f166e9bf3af4129b49a0ee561db1472c0325,ICE,Biden,ICE ISAP/electronic monitoring,2024-07-25,70CDCR23FR0000042,70CDCR20D00000011,Delivery Order,P00008,yes,B.I. INCORPORATED,PKK6L9KLMYR5,3CUH9,7545630.00,286112087.46,286112087.46,2023-08-01,2024-07-31,2024-07-31,DETENTION COMPLIANCE AND REMOVALS,,Full And Open Competition,,Negotiated Proposal/Quote,70CDCR19R00000002,R408,Program Management/Support Services,561210,Facilities Support Services,ADD FUNDING,INTENSIVE SUPERVISION APPEARANCE PROGRAM (ISAP IV),https://www.usaspending.gov/award/CONT_AWD_70CDCR23FR0000042_7012_70CDCR20D00000011_7012
5aaecca5919d942d381d1fe249e1eda6fb0c923f0aa8717b9bd57ed26459249e,ICE,Biden,ICE ISAP/electronic monitoring,2024-07-30,70CDCR24FR0000049,70CDCR20D00000011,Delivery Order,0,no,B.I. INCORPORATED,PKK6L9KLMYR5,3CUH9,46503027.00,270648323.50,270648323.50,2024-08-01,2025-09-30,2025-09-30,DETENTION COMPLIANCE AND REMOVALS,,Full And Open Competition,,Negotiated Proposal/Quote,70CDCR19R00000002,R408,Program Management/Support Services,561210,Facilities Support Services,INTENSIVE SUPERVISION APPEARANCE PROGRAM (ISAP IV),INTENSIVE SUPERVISION APPEARANCE PROGRAM (ISAP IV),https://www.usaspending.gov/award/CONT_AWD_70CDCR24FR0000049_7012_70CDCR20D00000011_7012
0dcb2e00abaebc1e9ebe5adcb00f4bbe4913f8034708ecae0dbb62b5fcc7d783,ICE,Biden,ICE detention services,2024-08-01,70CDCR23FR0000048,70CDCR21D00000004,Delivery Order,P00010,yes,"THE GEO GROUP, INC.",JMLKZZ1NL2Z6,3JMR1,6593143.23,38861166.19,39381907.94,2023-09-01,2025-09-15,2025-09-15,DETENTION COMPLIANCE AND REMOVALS,,Full And Open Competition,,Negotiated Proposal/Quote,,S206,Guard Services,561612,Security Guards and Patrol Services ,ADDITIONAL FUNDING IN SUPPORT OF DETENTION FACILITY.,"BROWARD COUNTY, FL DETENTION AND TRANSPORTATION SERVICES",https://www.usaspending.gov/award/CONT_AWD_70CDCR23FR0000048_7012_70CDCR21D00000004_7012
8ffd6e657c0ccb0af6fd3727e40337d956f9a2a7aa2fb78cfa0a80e0e789fbc8,ICE,Biden,ICE detention services,2024-08-06,70CDCR24FR0000038,70CDCR20D00000012,Delivery Order,0,no,"THE GEO GROUP, INC.",JMLKZZ1NL2Z6,3JMR1,9571499.92,60523845.63,61052936.90,2024-08-06,2025-08-05,2025-08-05,DETENTION COMPLIANCE AND REMOVALS,,Full And Open Competition,,Negotiated Proposal/Quote,,S206,Guard Services,922140,Correctional Institutions ,DETENTION AND TRANSPORTATION SERVICES - SOUTH TEXAS ICE PROCESSING CENTER (STIPC) FY24 TASK ORDER,DETENTION AND TRANSPORTATION SERVICES - SOUTH TEXAS ICE PROCESSING CENTER (STIPC) FY24 TASK ORDER,https://www.usaspending.gov/award/CONT_AWD_70CDCR24FR0000038_7012_70CDCR20D00000012_7012
df3b10c5cb1974d0d9b34301d7cead9aeef873b9751be243afb0a10d2c102608,ICE,Biden,ICE detention services,2024-08-09,70CDCR23FC0000010,HSCEDM14A00001,BPA Call,P00012,yes,"THE GEO GROUP, INC.",JMLKZZ1NL2Z6,3JMR1,-123480.19,5338926.75,5338926.75,2023-04-01,2024-03-31,2024-09-08,DETENTION COMPLIANCE AND REMOVALS,,Competed Under Simplified Acquisition Procedures,1,Simplified Acquisition,,S206,Guard Services,922140,Correctional Institutions ,RIO GRANDE DETENTION CENTER FUNDING MODIFICATION,"RIO GRANDE DETENTION CENTER

COR: JOSE LONGORIA",https://www.usaspending.gov/award/CONT_AWD_70CDCR23FC0000010_7012_HSCEDM14A00001_7012
62a9b96fac90c9ba32ae5bb3d8691904f13e7cfc1c17854efe6d37c867b6a5ae,ICE,Biden,ICE transportation/removal services,2024-08-13,70CDCR24FR0000053,70CDCR21D00000004,Delivery Order,0,no,"THE GEO GROUP, INC.",JMLKZZ1NL2Z6,3JMR1,3352598.00,42926174.75,43191291.32,2024-09-01,2025-09-30,2025-09-30,DETENTION COMPLIANCE AND REMOVALS,,Full And Open Competition,,Negotiated Proposal/Quote,,S206,Guard Services,561612,Security Guards and Patrol Services ,NEW TASK ORDER TO PROVIDE FUNDING TO HOUSE AND TRANSPORT ICE DETAINEES AT BROWARD TRANSITIONAL CENTER,NEW TASK ORDER TO PROVIDE FUNDING TO HOUSE AND TRANSPORT ICE DETAINEES AT BROWARD TRANSITIONAL CENTER,https://www.usaspending.gov/award/CONT_AWD_70CDCR24FR0000053_7012_70CDCR21D00000004_7012
5f09f5da24ffbede1dfd02c46fb746eecb0cad95fe655d53b1d30e5bfc131158,ICE,Biden,ICE other/unresolved,2024-08-16,70CDCR24FR0000056,HSCEDM17D00009,Delivery Order,0,no,"THE GEO GROUP, INC.",JMLKZZ1NL2Z6,3JMR1,9641400.00,61884954.77,61884954.77,2024-08-17,2025-08-17,2025-08-17,DETENTION COMPLIANCE AND REMOVALS,,Full And Open Competition,,Negotiated Proposal/Quote,HSCEDM15R00004,S206,Guard Services,561210,Facilities Support Services,MONTGOMERY PROCESSING CTR FY24,MONTGOMERY PROCESSING CTR FY24,https://www.usaspending.gov/award/CONT_AWD_70CDCR24FR0000056_7012_HSCEDM17D00009_7012
0474ec3a6feb801143d2d3474b2e267cc8c55638d4fc9046b844a8de9b9cd1be,ICE,Biden,ICE detention services,2024-08-19,70CDCR23FR0000045,70CDCR20D00000012,Delivery Order,P00012,yes,"THE GEO GROUP, INC.",JMLKZZ1NL2Z6,3JMR1,160000.00,57272944.90,57272944.90,2023-08-06,2024-08-05,2024-10-17,DETENTION COMPLIANCE AND REMOVALS,,Full And Open Competition,,Negotiated Proposal/Quote,,S206,Guard Services,922140,Correctional Institutions ,DETENTION AND TRANSPORTATION SERVICES - SOUTH TEXAS ICE PROCESSING CENTER (STIPC) FUNDING MODIFICATION,"DETENTION AND TRANSPORTATION SERVICES - SOUTH TEXAS ICE PROCESSING CENTER (STIPC)

POP 06 AUG 2023 - 05 AUG 2024",https://www.usaspending.gov/award/CONT_AWD_70CDCR23FR0000045_7012_70CDCR20D00000012_7012
4a9bc3ea24f254405451f13b592b8db6f78ecf35cbbb55ac102be85f27e8c84a,ICE,Biden,ICE ISAP/electronic monitoring,2024-08-22,70CDCR23FR0000042,70CDCR20D00000011,Delivery Order,P00009,yes,B.I. INCORPORATED,PKK6L9KLMYR5,3CUH9,186477.51,286112087.46,286112087.46,2023-08-01,2024-07-31,2024-07-31,DETENTION COMPLIANCE AND REMOVALS,,Full And Open Competition,,Negotiated Proposal/Quote,70CDCR19R00000002,R408,Program Management/Support Services,561210,Facilities Support Services,ADD FUNDING,INTENSIVE SUPERVISION APPEARANCE PROGRAM (ISAP IV),https://www.usaspending.gov/award/CONT_AWD_70CDCR23FR0000042_7012_70CDCR20D00000011_7012
f49ddefb8a81aab86c0d746ebee58f6978cfde548483583ecb21ac0caf2bf053,ICE,Biden,ICE ISAP/electronic monitoring,2024-08-23,70CDCR24FR0000049,70CDCR20D00000011,Delivery Order,P00001,yes,B.I. INCORPORATED,PKK6L9KLMYR5,3CUH9,34039522.49,270648323.50,270648323.50,2024-08-01,2025-09-30,2025-09-30,DETENTION COMPLIANCE AND REMOVALS,,Full And Open Competition,,Negotiated Proposal/Quote,70CDCR19R00000002,R408,Program Management/Support Services,561210,Facilities Support Services,INTENSIVE SUPERVISION APPEARANCE PROGRAM (ISAP) IV SUPPORT SERVICES,INTENSIVE SUPERVISION APPEARANCE PROGRAM (ISAP IV),https://www.usaspending.gov/award/CONT_AWD_70CDCR24FR0000049_7012_70CDCR20D00000011_7012
3b959d19f6c61015f63509110e75f0cdfe519c75c58493db87e18db859d6c3ee,ICE,Biden,ICE other/unresolved,2024-09-03,70CDCR24FR0000056,HSCEDM17D00009,Delivery Order,P00001,yes,"THE GEO GROUP, INC.",JMLKZZ1NL2Z6,3JMR1,0.00,61884954.77,61884954.77,2024-08-17,2025-08-17,2025-08-17,DETENTION COMPLIANCE AND REMOVALS,,Full And Open Competition,,Negotiated Proposal/Quote,HSCEDM15R00004,S206,Guard Services,561210,Facilities Support Services,MONTGOMERY PROCESSING CTR FY24,MONTGOMERY PROCESSING CTR FY24,https://www.usaspending.gov/award/CONT_AWD_70CDCR24FR0000056_7012_HSCEDM17D00009_7012
6f08bb829763a04e1d72b906a1e680e1448bcbb6b4dc656b1d44a87ed1ea75f6,ICE,Biden,ICE detention services,2024-09-04,70CDCR24FR0000011,70CDCR20D00000009,Delivery Order,P00007,yes,"THE GEO GROUP, INC.",JMLKZZ1NL2Z6,3JMR1,0.00,83367984.37,83367984.37,2023-12-20,2024-12-19,2024-12-19,DETENTION COMPLIANCE AND REMOVALS,,Full And Open Competition,,Negotiated Proposal/Quote,,S206,Guard Services,561612,Security Guards and Patrol Services ,MOVE FUNDS,ESTABLISH NEW TASK ORDER FOR DETENTION SERVICES AT ADELANTO,https://www.usaspending.gov/award/CONT_AWD_70CDCR24FR0000011_7012_70CDCR20D00000009_7012
e8a4113c4fe158851489cfd1e917984886abf8696f0662bd51ead0d898e42a22,ICE,Biden,ICE detention services,2024-09-16,70CDCR24FR0000001,70CDCR22D00000001,Delivery Order,P00011,yes,"THE GEO GROUP, INC.",JMLKZZ1NL2Z6,3JMR1,600000.00,56009252.93,56009252.93,2023-10-16,2024-10-15,2024-10-15,DETENTION COMPLIANCE AND REMOVALS,,Full And Open Competition,,Negotiated Proposal/Quote,,S206,Guard Services,561210,Facilities Support Services,"DETENTION, TRANSPORTATION, AND MEDICAL SERVICES FOR DENVER (AURORA) CONTRACT DETENTION FACILITY","DETENTION, TRANSPORTATION, AND MEDICAL SERVICES FOR DENVER (AURORA) CONTRACT DETENTION FACILITY",https://www.usaspending.gov/award/CONT_AWD_70CDCR24FR0000001_7012_70CDCR22D00000001_7012
4375eda93279ed3d4379fa93396153df96719736de825426c1df9d45b34b6d6c,ICE,Biden,ICE detention services,2024-09-17,70CDCR23FR0000045,70CDCR20D00000012,Delivery Order,P00013,yes,"THE GEO GROUP, INC.",JMLKZZ1NL2Z6,3JMR1,-185517.54,57272944.90,57272944.90,2023-08-06,2024-08-05,2024-10-17,DETENTION COMPLIANCE AND REMOVALS,,Full And Open Competition,,Negotiated Proposal/Quote,,S206,Guard Services,922140,Correctional Institutions ,DETENTION AND TRANSPORTATION SERVICES - SOUTH TEXAS ICE PROCESSING CENTER (STIPC) FUNDING MODIFICATION,"DETENTION AND TRANSPORTATION SERVICES - SOUTH TEXAS ICE PROCESSING CENTER (STIPC)

POP 06 AUG 2023 - 05 AUG 2024",https://www.usaspending.gov/award/CONT_AWD_70CDCR23FR0000045_7012_70CDCR20D00000012_7012
64a57eb5b22dc48446aedb98c8348c94af22d55d4e3e18ad2fd5a50ba1082a92,ICE,Biden,ICE detention services,2024-09-18,70CDCR24FR0000003,HSCEDM15D00015,Delivery Order,P00011,yes,"THE GEO GROUP, INC.",JMLKZZ1NL2Z6,3JMR1,1842022.44,72727938.31,72727938.31,2023-10-28,2024-09-27,2025-09-27,DETENTION COMPLIANCE AND REMOVALS,,Full And Open Competition,,Negotiated Proposal/Quote,,S206,Guard Services,561210,Facilities Support Services,DETENTION AND TRANSPORTATION SERVICES FOR NORTHWEST DETENTION CENTER,NEW TASK ORDER FOR DETENTION AND TRANSPORTATION SERVICES FOR NORTHWEST DETENTION CENTER.,https://www.usaspending.gov/award/CONT_AWD_70CDCR24FR0000003_7012_HSCEDM15D00015_7012
4f825aa1822e2c611e796295ee7fc28d5352a30d9a8895de97ec9692710c2e3b,ICE,Biden,ICE ISAP/electronic monitoring,2024-09-18,70CDCR24FR0000049,70CDCR20D00000011,Delivery Order,P00002,yes,B.I. INCORPORATED,PKK6L9KLMYR5,3CUH9,19165274.75,270648323.50,270648323.50,2024-08-01,2025-09-30,2025-09-30,DETENTION COMPLIANCE AND REMOVALS,,Full And Open Competition,,Negotiated Proposal/Quote,70CDCR19R00000002,R408,Program Management/Support Services,561210,Facilities Support Services,INTENSIVE SUPERVISION APPEARANCE PROGRAM (ISAP) IV SUPPORT SERVICES,INTENSIVE SUPERVISION APPEARANCE PROGRAM (ISAP IV),https://www.usaspending.gov/award/CONT_AWD_70CDCR24FR0000049_7012_70CDCR20D00000011_7012
741fc27ef0401a83bd8920caf812198d929e6b05a297e5c75ac1fa19c6460189,CBP,Biden,CBP detention/jail space,2024-09-25,70B03C24C00000054,,DEFINITIVE CONTRACT,P00001,yes,"THE GEO GROUP, INC.",JMLKZZ1NL2Z6,3JMR1,0.00,857297.98,1175318.50,2024-07-09,2027-06-30,2028-06-30,BORDER ENFORCEMENT CONTRACTING DIVISION,US BORDER PATROL,NOT COMPETED,1,ONLY ONE SOURCE,70B03C24Q00000075,X1FF,LEASE/RENTAL OF PENAL FACILITIES,922140,CORRECTIONAL INSTITUTIONS,CHANGES IN CBA,DETENTION SPACE FOR MIGRANTS,https://www.usaspending.gov/award/CONT_AWD_70B03C24C00000054_7014_-NONE-_-NONE-
b8366537e569f9ccdbfe62008c1e09af178614b689fb49cabe543cfb96298b6d,ICE,Biden,ICE ISAP/electronic monitoring,2024-09-25,70CDCR24FR0000049,70CDCR20D00000011,Delivery Order,P00003,yes,B.I. INCORPORATED,PKK6L9KLMYR5,3CUH9,2200000.00,270648323.50,270648323.50,2024-08-01,2025-09-30,2025-09-30,DETENTION COMPLIANCE AND REMOVALS,,Full And Open Competition,,Negotiated Proposal/Quote,70CDCR19R00000002,R408,Program Management/Support Services,561210,Facilities Support Services,INTENSIVE SUPERVISION APPEARANCE PROGRAM (ISAP) IV SUPPORT SERVICES,INTENSIVE SUPERVISION APPEARANCE PROGRAM (ISAP IV),https://www.usaspending.gov/award/CONT_AWD_70CDCR24FR0000049_7012_70CDCR20D00000011_7012
0a110f4d5ebdf51eb0429f8f483e02027ceb92552434f2316fb73cf2fff4903c,CBP,Biden,CBP detention/jail space,2024-09-26,70B03C24P00000592,,PURCHASE ORDER,0,no,"THE GEO GROUP, INC.",JMLKZZ1NL2Z6,3JMR1,30575.33,31955.33,31955.33,2024-09-26,2024-12-05,2024-12-05,BORDER ENFORCEMENT CONTRACTING DIVISION,US BORDER PATROL,NOT COMPETED UNDER SAP,1,SIMPLIFIED ACQUISITION,,X1FF,LEASE/RENTAL OF PENAL FACILITIES,922140,CORRECTIONAL INSTITUTIONS,DETENTION SPACE-RATIFICATION,DETENTION SPACE-RATIFICATION,https://www.usaspending.gov/award/CONT_AWD_70B03C24P00000592_7014_-NONE-_-NONE-
4bc10c0dc6fc93e4782b2e3170c341811dd8f7c50e3d14e8cfdc9ca1e59cc1e8,ICE,Biden,ICE detention services,2024-09-26,70CDCR24FR0000003,HSCEDM15D00015,Delivery Order,P00012,yes,"THE GEO GROUP, INC.",JMLKZZ1NL2Z6,3JMR1,4817349.00,72727938.31,72727938.31,2023-10-28,2024-09-27,2025-09-27,DETENTION COMPLIANCE AND REMOVALS,,Full And Open Competition,,Negotiated Proposal/Quote,,S206,Guard Services,561210,Facilities Support Services,FUNDING FOR DETENTION SERVICES,NEW TASK ORDER FOR DETENTION AND TRANSPORTATION SERVICES FOR NORTHWEST DETENTION CENTER.,https://www.usaspending.gov/award/CONT_AWD_70CDCR24FR0000003_7012_HSCEDM15D00015_7012
95878c66fd4af5563da41c71c1cea35d01ebdd1482f86a562cdfe13837021ad1,ICE,Biden,ICE detention services,2024-09-27,70CDCR24FR0000010,70CDCR20D00000008,Delivery Order,P00008,yes,"THE GEO GROUP, INC.",JMLKZZ1NL2Z6,3JMR1,315800.00,57183778.57,57183778.57,2019-12-20,2024-12-19,2024-12-19,DETENTION COMPLIANCE AND REMOVALS,,Full And Open Competition,,Negotiated Proposal/Quote,70CDCR20R00000002,S206,Guard Services,561612,Security Guards and Patrol Services ,ADD FUNDING FOR DETENTION SERVICES,"NEW TASK ORDER FOR DETENTION SERVICES AT MESA VERDE AND GOLDEN STATE FACILITIES.
TASK ORDER POP: 12/20/23 - 12/19/24",https://www.usaspending.gov/award/CONT_AWD_70CDCR24FR0000010_7012_70CDCR20D00000008_7012
5fe0e306625504e582a9cdb0b843996cf8955a5e835460580f53f2f6f04be15d,ICE,Biden,ICE ISAP/electronic monitoring,2024-09-30,70CDCR24FR0000049,70CDCR20D00000011,Delivery Order,P00004,yes,B.I. INCORPORATED,PKK6L9KLMYR5,3CUH9,342921.33,270648323.50,270648323.50,2024-08-01,2025-09-30,2025-09-30,DETENTION COMPLIANCE AND REMOVALS,,Full And Open Competition,,Negotiated Proposal/Quote,70CDCR19R00000002,R408,Program Management/Support Services,561210,Facilities Support Services,FUNDING FOR INTENSIVE SUPERVISION APPEARANCE PROGRAM (ISAP) IV SUPPORT SERVICES,INTENSIVE SUPERVISION APPEARANCE PROGRAM (ISAP IV),https://www.usaspending.gov/award/CONT_AWD_70CDCR24FR0000049_7012_70CDCR20D00000011_7012
644ea60976da5d0ec3868f08cf634af97f7e00e6ad20f00abc5ef40df8006003,ICE,Biden,ICE ISAP/electronic monitoring,2024-09-30,70CDCR24FR0000049,70CDCR20D00000011,Delivery Order,P00005,yes,B.I. INCORPORATED,PKK6L9KLMYR5,3CUH9,23784.66,270648323.50,270648323.50,2024-08-01,2025-09-30,2025-09-30,DETENTION COMPLIANCE AND REMOVALS,,Full And Open Competition,,Negotiated Proposal/Quote,70CDCR19R00000002,R408,Program Management/Support Services,561210,Facilities Support Services,FUNDING FOR INTENSIVE SUPERVISION APPEARANCE PROGRAM (ISAP) IV SUPPORT SERVICES,INTENSIVE SUPERVISION APPEARANCE PROGRAM (ISAP IV),https://www.usaspending.gov/award/CONT_AWD_70CDCR24FR0000049_7012_70CDCR20D00000011_7012
872ec0f735068b5acda51fd7b67a52b73055da4b0ca96627f001433d52fc144a,ICE,Biden,ICE transportation/removal services,2024-10-09,70CDCR24FR0000053,70CDCR21D00000004,Delivery Order,P00001,yes,"THE GEO GROUP, INC.",JMLKZZ1NL2Z6,3JMR1,0.00,42926174.75,43191291.32,2024-09-01,2025-09-30,2025-09-30,DETENTION COMPLIANCE AND REMOVALS,,Full And Open Competition,,Negotiated Proposal/Quote,,S206,Guard Services,561612,Security Guards and Patrol Services ,ADMIN MOD,NEW TASK ORDER TO PROVIDE FUNDING TO HOUSE AND TRANSPORT ICE DETAINEES AT BROWARD TRANSITIONAL CENTER,https://www.usaspending.gov/award/CONT_AWD_70CDCR24FR0000053_7012_70CDCR21D00000004_7012
a938d8aa580e3fdb132c7bc7c2d30c27c023a91b8a91400a016bcb29129f9a82,ICE,Biden,ICE detention services,2024-10-16,70CDCR24FR0000011,70CDCR20D00000009,Delivery Order,P00008,yes,"THE GEO GROUP, INC.",JMLKZZ1NL2Z6,3JMR1,14144700.00,83367984.37,83367984.37,2023-12-20,2024-12-19,2024-12-19,DETENTION COMPLIANCE AND REMOVALS,,Full And Open Competition,,Negotiated Proposal/Quote,,S206,Guard Services,561612,Security Guards and Patrol Services ,FUNDING DETENTION BEDS AT ADELANTO,ESTABLISH NEW TASK ORDER FOR DETENTION SERVICES AT ADELANTO,https://www.usaspending.gov/award/CONT_AWD_70CDCR24FR0000011_7012_70CDCR20D00000009_7012
2a5c7b15556cb93b24b08091ce077dc0d744174a1cdfeeb03616126cd3b9ebf9,ICE,Biden,ICE detention services,2024-10-16,70CDCR25FR0000005,70CDCR22D00000001,Delivery Order,0,no,"THE GEO GROUP, INC.",JMLKZZ1NL2Z6,3JMR1,9724800.00,59993453.20,59993453.20,2024-10-16,2025-10-15,2025-10-15,DETENTION COMPLIANCE AND REMOVALS,,Full And Open Competition,,Negotiated Proposal/Quote,,S206,Guard Services,561210,Facilities Support Services,"DETENTION, TRANSPORTATION, AND MEDICAL SERVICES FOR DENVER (AURORA) CONTRACT DETENTION FACILITY","DETENTION, TRANSPORTATION, AND MEDICAL SERVICES FOR DENVER (AURORA) CONTRACT DETENTION FACILITY",https://www.usaspending.gov/award/CONT_AWD_70CDCR25FR0000005_7012_70CDCR22D00000001_7012
03b6c52f70b5ec26c328eb3be41a86d584670baa087e931038f4afa8a2c1f949,CBP,Biden,CBP detention/jail space,2024-10-17,70B03C20P00000219,,PURCHASE ORDER,P00008,yes,"THE GEO GROUP, INC.",JMLKZZ1NL2Z6,3JMR1,-338339.52,585781.54,987051.30,2020-05-01,2024-10-31,2024-10-31,BORDER ENFORCEMENT CONTRACTING DIVISION,US BORDER PATROL,NOT COMPETED,1,ONLY ONE SOURCE,70B03C20R00000062,X1FF,LEASE/RENTAL OF PENAL FACILITIES,922140,CORRECTIONAL INSTITUTIONS,DE-OBLIGATION OF UNSPENT FUNDS.,PURCHASE OF DETENTION/JAIL SPACE FOR THE RGV SECTOR.,https://www.usaspending.gov/award/CONT_AWD_70B03C20P00000219_7014_-NONE-_-NONE-
099ebbbfc780fe59441ebba58e9d5a61b76df0360e293ed53566be1d59f7db3b,ICE,Biden,ICE detention services,2024-10-24,70CDCR24FC0000005,70CDCR18A00000007,BPA Call,P00001,yes,"THE GEO GROUP, INC.",JMLKZZ1NL2Z6,3JMR1,6000.00,489732.40,489732.40,2024-07-23,2025-07-22,2025-07-22,DETENTION COMPLIANCE AND REMOVALS,,Competed Under Simplified Acquisition Procedures,1,Simplified Acquisition,,S206,Guard Services,922140,Correctional Institutions ,DETAINEE BED DAYS AT THE ROBERT A. DEYTON DETENTION FACILITY,DETAINEE BED DAYS AT THE ROBERT A. DEYTON DETENTION FACILITY,https://www.usaspending.gov/award/CONT_AWD_70CDCR24FC0000005_7012_70CDCR18A00000007_7012
31eb1553c688900da2d86125a995ffec6b382047bc797e295b1517905e7e9d2a,ICE,Biden,ICE detention services,2024-10-24,70CDCR24FR0000003,HSCEDM15D00015,Delivery Order,P00013,yes,"THE GEO GROUP, INC.",JMLKZZ1NL2Z6,3JMR1,5473158.00,72727938.31,72727938.31,2023-10-28,2024-09-27,2025-09-27,DETENTION COMPLIANCE AND REMOVALS,,Full And Open Competition,,Negotiated Proposal/Quote,,S206,Guard Services,561210,Facilities Support Services,"FUNDING FOR DETENTION SERVICES AT TACOMA, WA",NEW TASK ORDER FOR DETENTION AND TRANSPORTATION SERVICES FOR NORTHWEST DETENTION CENTER.,https://www.usaspending.gov/award/CONT_AWD_70CDCR24FR0000003_7012_HSCEDM15D00015_7012
b0e5e135e7eaaa16bea2dc35b8efb2f8446effef6424651b7294268f96c38547,ICE,Biden,ICE ISAP/electronic monitoring,2024-10-24,70CDCR24FR0000049,70CDCR20D00000011,Delivery Order,P00006,yes,B.I. INCORPORATED,PKK6L9KLMYR5,3CUH9,30339560.00,270648323.50,270648323.50,2024-08-01,2025-09-30,2025-09-30,DETENTION COMPLIANCE AND REMOVALS,,Full And Open Competition,,Negotiated Proposal/Quote,70CDCR19R00000002,R408,Program Management/Support Services,561210,Facilities Support Services,FUNDING FOR INTENSIVE SUPERVISION APPEARANCE PROGRAM (ISAP) IV ALTERNATIVES TO DETENTION OPERATIONAL SUPPORT,INTENSIVE SUPERVISION APPEARANCE PROGRAM (ISAP IV),https://www.usaspending.gov/award/CONT_AWD_70CDCR24FR0000049_7012_70CDCR20D00000011_7012
0ea9115da618fc79f7a7d66498dc0e4653de363c2450df6a186e9f95ae3cdbd0,ICE,Biden,ICE detention services,2024-10-24,70CDCR25FR0000004,HSCEDM15D00015,Delivery Order,0,no,"THE GEO GROUP, INC.",JMLKZZ1NL2Z6,3JMR1,13617122.00,117431349.50,117431349.50,2024-10-28,2026-03-27,2026-03-27,DETENTION COMPLIANCE AND REMOVALS,,Full And Open Competition,,Negotiated Proposal/Quote,,S206,Guard Services,561210,Facilities Support Services,"NEW TASK ORDER FOR DETENTION AND TRANSPORTATION SERVICES AT TACOMA, WA FOR SEATTLE AOR","NEW TASK ORDER FOR DETENTION AND TRANSPORTATION SERVICES AT TACOMA, WA FOR SEATTLE AOR",https://www.usaspending.gov/award/CONT_AWD_70CDCR25FR0000004_7012_HSCEDM15D00015_7012
fe65e0949a81e934f14697b949a2af5602f53a8d99b745388b100612093caa05,ICE,Biden,ICE detention services,2024-10-25,70CDCR24FC0000004,HSCEDM14A00001,BPA Call,P00005,yes,"THE GEO GROUP, INC.",JMLKZZ1NL2Z6,3JMR1,1025800.00,6796406.43,6796406.43,2024-04-01,2025-03-31,2025-03-31,DETENTION COMPLIANCE AND REMOVALS,,Competed Under Simplified Acquisition Procedures,1,Simplified Acquisition,,S206,Guard Services,922140,Correctional Institutions ,RIO GRANDE DETENTION CENTER FUNDING MOD,RIO GRANDE DETENTION CENTER FY24 BPA CALL,https://www.usaspending.gov/award/CONT_AWD_70CDCR24FC0000004_7012_HSCEDM14A00001_7012
2e7428c150bd13bc36830110388f3c59faf66ec6a815f2973839cf76ea5d1c32,ICE,Biden,ICE other/unresolved,2024-10-25,70CDCR24FR0000056,HSCEDM17D00009,Delivery Order,P00002,yes,"THE GEO GROUP, INC.",JMLKZZ1NL2Z6,3JMR1,11943800.00,61884954.77,61884954.77,2024-08-17,2025-08-17,2025-08-17,DETENTION COMPLIANCE AND REMOVALS,,Full And Open Competition,,Negotiated Proposal/Quote,HSCEDM15R00004,S206,Guard Services,561210,Facilities Support Services,MONTGOMERY PROCESSING CTR FY24,MONTGOMERY PROCESSING CTR FY24,https://www.usaspending.gov/award/CONT_AWD_70CDCR24FR0000056_7012_HSCEDM17D00009_7012
7aa42444b7dc8389dd3e74737c48af3ca7c3529909e4d9b01f80e7931751383c,ICE,Biden,ICE detention services,2024-10-30,70CDCR24FR0000001,70CDCR22D00000001,Delivery Order,P00012,yes,"THE GEO GROUP, INC.",JMLKZZ1NL2Z6,3JMR1,2475700.00,56009252.93,56009252.93,2023-10-16,2024-10-15,2024-10-15,DETENTION COMPLIANCE AND REMOVALS,,Full And Open Competition,,Negotiated Proposal/Quote,,S206,Guard Services,561210,Facilities Support Services,"DETENTION, TRANSPORTATION, AND MEDICAL SERVICES FOR DENVER (AURORA) CONTRACT DETENTION FACILITY","DETENTION, TRANSPORTATION, AND MEDICAL SERVICES FOR DENVER (AURORA) CONTRACT DETENTION FACILITY",https://www.usaspending.gov/award/CONT_AWD_70CDCR24FR0000001_7012_70CDCR22D00000001_7012
efd7c1c649ecf8ec4435f0612e558ee8e57e224cc7d21bddbd8f368287f16064,ICE,Biden,ICE detention services,2024-10-30,70CDCR24FR0000012,70CDCR20D00000009,Delivery Order,P00008,yes,"THE GEO GROUP, INC.",JMLKZZ1NL2Z6,3JMR1,5393093.12,32758675.92,32758675.92,2023-12-20,2024-12-19,2024-12-19,DETENTION COMPLIANCE AND REMOVALS,,Full And Open Competition,,Negotiated Proposal/Quote,,S206,Guard Services,561612,Security Guards and Patrol Services ,ADDING FUNDS FOR DETENTION SERVICES AT DESERT VIEW FOR LOS AOR,NEW TASK ORDER FOR DETENTION SERVICES DESERT VIEW (DV) ANNEX IN THE LOS ANGELES AREA OF RESPONSIBILITY,https://www.usaspending.gov/award/CONT_AWD_70CDCR24FR0000012_7012_70CDCR20D00000009_7012
b9728dab7a3884723d2a73b2734eb1e79d3587e3512c5835b9680f9131153739,ICE,Biden,ICE detention services,2024-10-31,70CDCR24FR0000010,70CDCR20D00000008,Delivery Order,P00009,yes,"THE GEO GROUP, INC.",JMLKZZ1NL2Z6,3JMR1,12644764.00,57183778.57,57183778.57,2019-12-20,2024-12-19,2024-12-19,DETENTION COMPLIANCE AND REMOVALS,,Full And Open Competition,,Negotiated Proposal/Quote,70CDCR20R00000002,S206,Guard Services,561612,Security Guards and Patrol Services ,ADD FUNDING FOR DETENTION SERVICES AT MESA VERDE,"NEW TASK ORDER FOR DETENTION SERVICES AT MESA VERDE AND GOLDEN STATE FACILITIES.
TASK ORDER POP: 12/20/23 - 12/19/24",https://www.usaspending.gov/award/CONT_AWD_70CDCR24FR0000010_7012_70CDCR20D00000008_7012
f5c2c3d9791201a79c309a2ef76d9783f8dac74f3ee6f805470377722e6e81db,ICE,Biden,ICE detention services,2024-11-06,70CDCR24FR0000038,70CDCR20D00000012,Delivery Order,P00001,yes,"THE GEO GROUP, INC.",JMLKZZ1NL2Z6,3JMR1,13882474.14,60523845.63,61052936.90,2024-08-06,2025-08-05,2025-08-05,DETENTION COMPLIANCE AND REMOVALS,,Full And Open Competition,,Negotiated Proposal/Quote,,S206,Guard Services,922140,Correctional Institutions ,DETENTION AND TRANSPORTATION SERVICES - SOUTH TEXAS ICE PROCESSING CENTER (STIPC) FY24 TASK ORDER,DETENTION AND TRANSPORTATION SERVICES - SOUTH TEXAS ICE PROCESSING CENTER (STIPC) FY24 TASK ORDER,https://www.usaspending.gov/award/CONT_AWD_70CDCR24FR0000038_7012_70CDCR20D00000012_7012
f8fc4528f7af123e508e2d6b6a66862f967e7db184cd7047aae356249129682f,ICE,Biden,ICE transportation/removal services,2024-11-06,70CDCR24FR0000053,70CDCR21D00000004,Delivery Order,P00002,yes,"THE GEO GROUP, INC.",JMLKZZ1NL2Z6,3JMR1,9992300.00,42926174.75,43191291.32,2024-09-01,2025-09-30,2025-09-30,DETENTION COMPLIANCE AND REMOVALS,,Full And Open Competition,,Negotiated Proposal/Quote,,S206,Guard Services,561612,Security Guards and Patrol Services ,FUNDING MODIFICATION TO PROVIDE ADDITIONAL FUNDING.,NEW TASK ORDER TO PROVIDE FUNDING TO HOUSE AND TRANSPORT ICE DETAINEES AT BROWARD TRANSITIONAL CENTER,https://www.usaspending.gov/award/CONT_AWD_70CDCR24FR0000053_7012_70CDCR21D00000004_7012
c270c792c52c3763254726f342f7047ddd71fd2b7db3801c476131bdbe73295f,CBP,Biden,CBP detention/jail space,2024-11-14,70B03C24P00000592,,PURCHASE ORDER,P00001,yes,"THE GEO GROUP, INC.",JMLKZZ1NL2Z6,3JMR1,1288.00,31955.33,31955.33,2024-09-26,2024-12-05,2024-12-05,BORDER ENFORCEMENT CONTRACTING DIVISION,US BORDER PATROL,NOT COMPETED UNDER SAP,1,SIMPLIFIED ACQUISITION,,X1FF,LEASE/RENTAL OF PENAL FACILITIES,922140,CORRECTIONAL INSTITUTIONS,FUNDING ACTION ONLY,DETENTION SPACE-RATIFICATION,https://www.usaspending.gov/award/CONT_AWD_70B03C24P00000592_7014_-NONE-_-NONE-
74f069619b594e09f8d09bfc09450f958e981cb1bdeb1c6ef7ca2c0c0121eb1f,ICE,Biden,ICE detention services,2024-11-15,70CDCR24FR0000038,70CDCR20D00000012,Delivery Order,P00002,yes,"THE GEO GROUP, INC.",JMLKZZ1NL2Z6,3JMR1,0.00,60523845.63,61052936.90,2024-08-06,2025-08-05,2025-08-05,DETENTION COMPLIANCE AND REMOVALS,,Full And Open Competition,,Negotiated Proposal/Quote,,S206,Guard Services,922140,Correctional Institutions ,DETENTION AND TRANSPORTATION SERVICES - SOUTH TEXAS ICE PROCESSING CENTER (STIPC) FY24 TASK ORDER,DETENTION AND TRANSPORTATION SERVICES - SOUTH TEXAS ICE PROCESSING CENTER (STIPC) FY24 TASK ORDER,https://www.usaspending.gov/award/CONT_AWD_70CDCR24FR0000038_7012_70CDCR20D00000012_7012
ac731525f831a7335df29fe2fa127cab07377d47a15125b89f6a272e7ee5c273,ICE,Biden,ICE detention services,2024-11-21,70CDCR24FR0000012,70CDCR20D00000009,Delivery Order,P00009,yes,"THE GEO GROUP, INC.",JMLKZZ1NL2Z6,3JMR1,0.00,32758675.92,32758675.92,2023-12-20,2024-12-19,2024-12-19,DETENTION COMPLIANCE AND REMOVALS,,Full And Open Competition,,Negotiated Proposal/Quote,,S206,Guard Services,561612,Security Guards and Patrol Services ,ADDING FUNDS FOR DETENTION SERVICES AT DESERT VIEW FOR LOS AOR,NEW TASK ORDER FOR DETENTION SERVICES DESERT VIEW (DV) ANNEX IN THE LOS ANGELES AREA OF RESPONSIBILITY,https://www.usaspending.gov/award/CONT_AWD_70CDCR24FR0000012_7012_70CDCR20D00000009_7012
3ae090c0acc4ff7f6293e7cc998a1d0cbdcef6194d53b281bda1e9ffa5138eb4,ICE,Biden,ICE detention services,2024-11-22,70CDCR25FR0000005,70CDCR22D00000001,Delivery Order,P00002,yes,"THE GEO GROUP, INC.",JMLKZZ1NL2Z6,3JMR1,4865200.00,59993453.20,59993453.20,2024-10-16,2025-10-15,2025-10-15,DETENTION COMPLIANCE AND REMOVALS,,Full And Open Competition,,Negotiated Proposal/Quote,,S206,Guard Services,561210,Facilities Support Services,"DETENTION, TRANSPORTATION, AND MEDICAL SERVICES FOR DENVER (AURORA) CONTRACT DETENTION FACILITY","DETENTION, TRANSPORTATION, AND MEDICAL SERVICES FOR DENVER (AURORA) CONTRACT DETENTION FACILITY",https://www.usaspending.gov/award/CONT_AWD_70CDCR25FR0000005_7012_70CDCR22D00000001_7012
7b64593b6e0f541c5d15bdb2acdfd6dd68d549f6823cf63157c078dba4b6c259,ICE,Biden,ICE ISAP/electronic monitoring,2024-11-29,70CDCR24FR0000049,70CDCR20D00000011,Delivery Order,P00007,yes,B.I. INCORPORATED,PKK6L9KLMYR5,3CUH9,466062.24,270648323.50,270648323.50,2024-08-01,2025-09-30,2025-09-30,DETENTION COMPLIANCE AND REMOVALS,,Full And Open Competition,,Negotiated Proposal/Quote,70CDCR19R00000002,R408,Program Management/Support Services,561210,Facilities Support Services,"FUNDING FOR INTENSIVE SUPERVISION APPEARANCE PROGRAM (ISAP) IV CLIN 4001, IN RESPONSE TO AN UPDATED WAGE DETERMINATION REQUEST FOR EQUITABLE ADJUSTMENT",INTENSIVE SUPERVISION APPEARANCE PROGRAM (ISAP IV),https://www.usaspending.gov/award/CONT_AWD_70CDCR24FR0000049_7012_70CDCR20D00000011_7012
9c93669e848c662a21809dc2b153faf8a1504210ec5b4b74d72c8385b3346aa0,CBP,Biden,CBP detention/jail space,2024-12-03,70B03C24P00000592,,PURCHASE ORDER,P00002,yes,"THE GEO GROUP, INC.",JMLKZZ1NL2Z6,3JMR1,92.00,31955.33,31955.33,2024-09-26,2024-12-05,2024-12-05,BORDER ENFORCEMENT CONTRACTING DIVISION,US BORDER PATROL,NOT COMPETED UNDER SAP,1,SIMPLIFIED ACQUISITION,,X1FF,LEASE/RENTAL OF PENAL FACILITIES,922140,CORRECTIONAL INSTITUTIONS,FUNDING ONLY,DETENTION SPACE-RATIFICATION,https://www.usaspending.gov/award/CONT_AWD_70B03C24P00000592_7014_-NONE-_-NONE-
8e9243830e5e4721f104650766503040e6a2c55ee097cb1a1bbc4646ee60be0a,CBP,Biden,CBP detention/jail space,2024-12-06,70B03C25P00000029,,PURCHASE ORDER,0,no,"THE GEO GROUP, INC.",JMLKZZ1NL2Z6,3JMR1,9899.85,0.00,0.00,2024-12-01,2025-03-21,2025-03-21,BORDER ENFORCEMENT CONTRACTING DIVISION,US BORDER PATROL,NOT COMPETED,1,ONLY ONE SOURCE,70B03C25Q00000041,X1FF,LEASE/RENTAL OF PENAL FACILITIES,922140,CORRECTIONAL INSTITUTIONS,DETENTION SPACE,DETENTION SPACE,https://www.usaspending.gov/award/CONT_AWD_70B03C25P00000029_7014_-NONE-_-NONE-
7aac9d688698271260fd7408f7d00b8e2a8f107a5a84a8142a5b1acfd4595739,ICE,Biden,ICE detention services,2024-12-20,70CDCR25FR0000009,70CDCR20D00000009,Delivery Order,0,no,"THE GEO GROUP, INC.",JMLKZZ1NL2Z6,3JMR1,7277608.26,120393306.26,120393306.26,2024-12-20,2025-12-19,2029-12-19,DETENTION COMPLIANCE AND REMOVALS,,Full And Open Competition,,Negotiated Proposal/Quote,,S206,Guard Services,561612,Security Guards and Patrol Services ,DETENTION SERVICES FOR LOS ANGELES AOR AT ADELANTO DETENTION FACILITY,DETENTION SERVICES FOR LOS ANGELES AOR AT ADELANTO DETENTION FACILITY,https://www.usaspending.gov/award/CONT_AWD_70CDCR25FR0000009_7012_70CDCR20D00000009_7012
84db1ec334e72ee034b0e06beb0f0391621b453aedd8aa9eea1cc518528fb1d6,ICE,Biden,ICE detention services,2024-12-20,70CDCR25FR0000010,70CDCR20D00000009,Delivery Order,0,no,"THE GEO GROUP, INC.",JMLKZZ1NL2Z6,3JMR1,2810964.09,34270827.48,34270827.48,2024-12-20,2025-12-19,2025-12-19,DETENTION COMPLIANCE AND REMOVALS,,Full And Open Competition,,Negotiated Proposal/Quote,,S206,Guard Services,561612,Security Guards and Patrol Services ,DETENTION SERVICES DESERT VIEW (DV) ANNEX IN THE LOS ANGELES AREA OF RESPONSIBILITY,DETENTION SERVICES DESERT VIEW (DV) ANNEX IN THE LOS ANGELES AREA OF RESPONSIBILITY,https://www.usaspending.gov/award/CONT_AWD_70CDCR25FR0000010_7012_70CDCR20D00000009_7012
4005497f2af1a9286cba7fb01444c6a516b8c43fc31dbc842e66ed8ebb0d9a2c,ICE,Biden,ICE detention services,2024-12-20,70CDCR25FR0000013,70CDCR20D00000008,Delivery Order,0,no,"THE GEO GROUP, INC.",JMLKZZ1NL2Z6,3JMR1,4936059.23,66190762.72,66190762.72,2024-12-20,2025-12-19,2025-12-19,DETENTION COMPLIANCE AND REMOVALS,,Full And Open Competition,,Negotiated Proposal/Quote,70CDCR20R00000002,S206,Guard Services,561612,Security Guards and Patrol Services ,HOUSING FOR DETAINEES,HOUSING FOR DETAINEES IS PROVIDED AT THE MESA VERDE AND GOLDEN STATE ICE DETENTION FACILITIES IN THE SAN FRANCISCO AREA OF RESPONSIBILITY.,https://www.usaspending.gov/award/CONT_AWD_70CDCR25FR0000013_7012_70CDCR20D00000008_7012
363437c0755f930ec4e7e74fd1108c0ed22e8303cf449933616c209661e76eca,ICE,Biden,ICE detention services,2024-12-27,70CDCR24FC0000004,HSCEDM14A00001,BPA Call,P00006,yes,"THE GEO GROUP, INC.",JMLKZZ1NL2Z6,3JMR1,732955.00,6796406.43,6796406.43,2024-04-01,2025-03-31,2025-03-31,DETENTION COMPLIANCE AND REMOVALS,,Competed Under Simplified Acquisition Procedures,1,Simplified Acquisition,,S206,Guard Services,922140,Correctional Institutions ,RIO GRANDE DETENTION CENTER FUNDING MOD,RIO GRANDE DETENTION CENTER FY24 BPA CALL,https://www.usaspending.gov/award/CONT_AWD_70CDCR24FC0000004_7012_HSCEDM14A00001_7012
acd6ee88de3cca828d19170fcb87d6c1b7d0ed50dc8198f77543b84bf81d0236,ICE,Biden,ICE detention services,2025-01-13,70CDCR24FR0000001,70CDCR22D00000001,Delivery Order,P00013,yes,"THE GEO GROUP, INC.",JMLKZZ1NL2Z6,3JMR1,-324852.49,56009252.93,56009252.93,2023-10-16,2024-10-15,2024-10-15,DETENTION COMPLIANCE AND REMOVALS,,Full And Open Competition,,Negotiated Proposal/Quote,,S206,Guard Services,561210,Facilities Support Services,"DETENTION, TRANSPORTATION, AND MEDICAL SERVICES FOR DENVER (AURORA) CONTRACT DETENTION FACILITY","DETENTION, TRANSPORTATION, AND MEDICAL SERVICES FOR DENVER (AURORA) CONTRACT DETENTION FACILITY",https://www.usaspending.gov/award/CONT_AWD_70CDCR24FR0000001_7012_70CDCR22D00000001_7012
9080d9f024e71ac48147db1bb63ee489e570bc0da802f8e2729bd6a8c3ffddd4,ICE,Biden,ICE detention services,2025-01-13,70CDCR24FR0000038,70CDCR20D00000012,Delivery Order,P00003,yes,"THE GEO GROUP, INC.",JMLKZZ1NL2Z6,3JMR1,5079487.09,60523845.63,61052936.90,2024-08-06,2025-08-05,2025-08-05,DETENTION COMPLIANCE AND REMOVALS,,Full And Open Competition,,Negotiated Proposal/Quote,,S206,Guard Services,922140,Correctional Institutions ,DETENTION AND TRANSPORTATION SERVICES - SOUTH TEXAS ICE PROCESSING CENTER (STIPC) FY24 TASK ORDER,DETENTION AND TRANSPORTATION SERVICES - SOUTH TEXAS ICE PROCESSING CENTER (STIPC) FY24 TASK ORDER,https://www.usaspending.gov/award/CONT_AWD_70CDCR24FR0000038_7012_70CDCR20D00000012_7012
e1bfad3eff970440ce0cc8c6df317c48b7d9ab617c5c603c1f8258719baaa6a4,ICE,Biden,ICE other/unresolved,2025-01-13,70CDCR24FR0000056,HSCEDM17D00009,Delivery Order,P00003,yes,"THE GEO GROUP, INC.",JMLKZZ1NL2Z6,3JMR1,4766834.00,61884954.77,61884954.77,2024-08-17,2025-08-17,2025-08-17,DETENTION COMPLIANCE AND REMOVALS,,Full And Open Competition,,Negotiated Proposal/Quote,HSCEDM15R00004,S206,Guard Services,561210,Facilities Support Services,MONTGOMERY PROCESSING CTR FY24,MONTGOMERY PROCESSING CTR FY24,https://www.usaspending.gov/award/CONT_AWD_70CDCR24FR0000056_7012_HSCEDM17D00009_7012
6bf7a3344681b040dd637065c4f056b55c4e25439bbcab322c12c39dc052801f,ICE,Biden,ICE detention services,2025-01-14,70CDCR24FC0000005,70CDCR18A00000007,BPA Call,P00002,yes,"THE GEO GROUP, INC.",JMLKZZ1NL2Z6,3JMR1,38500.00,489732.40,489732.40,2024-07-23,2025-07-22,2025-07-22,DETENTION COMPLIANCE AND REMOVALS,,Competed Under Simplified Acquisition Procedures,1,Simplified Acquisition,,S206,Guard Services,922140,Correctional Institutions ,OBLIGATE FUNDING FOR BED DAYS,DETAINEE BED DAYS AT THE ROBERT A. DEYTON DETENTION FACILITY,https://www.usaspending.gov/award/CONT_AWD_70CDCR24FC0000005_7012_70CDCR18A00000007_7012
bdc7617a5cf7466fa5c97e477a2ffc90e066bbf460d192a0e6ab59b07205321b,ICE,Biden,ICE detention services,2025-01-17,70CDCR25FR0000005,70CDCR22D00000001,Delivery Order,P00003,yes,"THE GEO GROUP, INC.",JMLKZZ1NL2Z6,3JMR1,9722800.00,59993453.20,59993453.20,2024-10-16,2025-10-15,2025-10-15,DETENTION COMPLIANCE AND REMOVALS,,Full And Open Competition,,Negotiated Proposal/Quote,,S206,Guard Services,561210,Facilities Support Services,"DETENTION, TRANSPORTATION, AND MEDICAL SERVICES FOR DENVER (AURORA) CONTRACT DETENTION FACILITY","DETENTION, TRANSPORTATION, AND MEDICAL SERVICES FOR DENVER (AURORA) CONTRACT DETENTION FACILITY",https://www.usaspending.gov/award/CONT_AWD_70CDCR25FR0000005_7012_70CDCR22D00000001_7012
fca749a152c2b50af9a5130e611be61a335bad08a32fc5fb32309ffb92175fda,ICE,Trump_II,ICE detention services,2025-01-24,70CDCR24FC0000004,HSCEDM14A00001,BPA Call,P00007,yes,"THE GEO GROUP, INC.",JMLKZZ1NL2Z6,3JMR1,878268.00,6796406.43,6796406.43,2024-04-01,2025-03-31,2025-03-31,DETENTION COMPLIANCE AND REMOVALS,,Competed Under Simplified Acquisition Procedures,1,Simplified Acquisition,,S206,Guard Services,922140,Correctional Institutions ,RIO GRANDE DETENTION CENTER FUNDING MOD,RIO GRANDE DETENTION CENTER FY24 BPA CALL,https://www.usaspending.gov/award/CONT_AWD_70CDCR24FC0000004_7012_HSCEDM14A00001_7012
80b0f6fc58789436fbdcde201ca27aa5e780f803f54b8ec82da4a5ec99eb9bd1,ICE,Trump_II,ICE detention services,2025-01-24,70CDCR25FR0000004,HSCEDM15D00015,Delivery Order,P00001,yes,"THE GEO GROUP, INC.",JMLKZZ1NL2Z6,3JMR1,11628517.45,117431349.50,117431349.50,2024-10-28,2026-03-27,2026-03-27,DETENTION COMPLIANCE AND REMOVALS,,Full And Open Competition,,Negotiated Proposal/Quote,,S206,Guard Services,561210,Facilities Support Services,"DETENTION AND TRANSPORTATION SERVICES AT TACOMA, WA FOR SEATTLE AOR","NEW TASK ORDER FOR DETENTION AND TRANSPORTATION SERVICES AT TACOMA, WA FOR SEATTLE AOR",https://www.usaspending.gov/award/CONT_AWD_70CDCR25FR0000004_7012_HSCEDM15D00015_7012
241aa4c1b171f6dd8e5d4b42e0c1e2486938ec641ecfb25179c59ceb012b8b4c,ICE,Trump_II,ICE detention services,2025-01-27,70CDCR24FR0000038,70CDCR20D00000012,Delivery Order,P00004,yes,"THE GEO GROUP, INC.",JMLKZZ1NL2Z6,3JMR1,5109488.54,60523845.63,61052936.90,2024-08-06,2025-08-05,2025-08-05,DETENTION COMPLIANCE AND REMOVALS,,Full And Open Competition,,Negotiated Proposal/Quote,,S206,Guard Services,922140,Correctional Institutions ,DETENTION AND TRANSPORTATION SERVICES - SOUTH TEXAS ICE PROCESSING CENTER (STIPC) FY24 TASK ORDER,DETENTION AND TRANSPORTATION SERVICES - SOUTH TEXAS ICE PROCESSING CENTER (STIPC) FY24 TASK ORDER,https://www.usaspending.gov/award/CONT_AWD_70CDCR24FR0000038_7012_70CDCR20D00000012_7012
8e8d9983a3c98782ddf3e965340a96899bc56ccfb76c5e06df50bfe343b742e3,ICE,Trump_II,ICE ISAP/electronic monitoring,2025-01-28,70CDCR23FR0000042,70CDCR20D00000011,Delivery Order,P00010,yes,B.I. INCORPORATED,PKK6L9KLMYR5,3CUH9,-14166.31,286112087.46,286112087.46,2023-08-01,2024-07-31,2024-07-31,DETENTION COMPLIANCE AND REMOVALS,,Full And Open Competition,,Negotiated Proposal/Quote,70CDCR19R00000002,R408,Program Management/Support Services,561210,Facilities Support Services,DE-OBGLIATE FROM CLIN 3020 - ATD OPERATIONAL SUPPORT AND CLOSE OUT TASK ORDER,INTENSIVE SUPERVISION APPEARANCE PROGRAM (ISAP IV),https://www.usaspending.gov/award/CONT_AWD_70CDCR23FR0000042_7012_70CDCR20D00000011_7012
4ce691e3b8b5f0c532a26714fb9655ab0c14f2ac57b2f5ce6aba3411bfe32349,ICE,Trump_II,ICE transportation/removal services,2025-01-29,70CDCR24FR0000053,70CDCR21D00000004,Delivery Order,P00003,yes,"THE GEO GROUP, INC.",JMLKZZ1NL2Z6,3JMR1,6777267.00,42926174.75,43191291.32,2024-09-01,2025-09-30,2025-09-30,DETENTION COMPLIANCE AND REMOVALS,,Full And Open Competition,,Negotiated Proposal/Quote,,S206,Guard Services,561612,Security Guards and Patrol Services ,FUNDING MODIFICATION TO PROVIDE ADDITIONAL FUNDING.,NEW TASK ORDER TO PROVIDE FUNDING TO HOUSE AND TRANSPORT ICE DETAINEES AT BROWARD TRANSITIONAL CENTER,https://www.usaspending.gov/award/CONT_AWD_70CDCR24FR0000053_7012_70CDCR21D00000004_7012
7a0be96e96fcdca34e51160d60a545888bfbb7a76d43869c7e063b42bd020a47,ICE,Trump_II,ICE detention services,2025-02-05,70CDCR24FR0000003,HSCEDM15D00015,Delivery Order,P00014,yes,"THE GEO GROUP, INC.",JMLKZZ1NL2Z6,3JMR1,-4867824.31,72727938.31,72727938.31,2023-10-28,2024-09-27,2025-09-27,DETENTION COMPLIANCE AND REMOVALS,,Full And Open Competition,,Negotiated Proposal/Quote,,S206,Guard Services,561210,Facilities Support Services,"DE-OBLIGATION OF DETENTION AND TRANSPORTATION FUNDS AND CLOSE OUT OF TASK ORDER FOR DETENTION SERVICES IN TACOMA, WA",NEW TASK ORDER FOR DETENTION AND TRANSPORTATION SERVICES FOR NORTHWEST DETENTION CENTER.,https://www.usaspending.gov/award/CONT_AWD_70CDCR24FR0000003_7012_HSCEDM15D00015_7012
09a0da2b3d8d7ad9ed4e2b7a42de0040a62d20bd33f7019566c233278467798d,ICE,Trump_II,ICE ISAP/electronic monitoring,2025-02-07,70CDCR24FR0000049,70CDCR20D00000011,Delivery Order,P00008,yes,B.I. INCORPORATED,PKK6L9KLMYR5,3CUH9,59477400.00,270648323.50,270648323.50,2024-08-01,2025-09-30,2025-09-30,DETENTION COMPLIANCE AND REMOVALS,,Full And Open Competition,,Negotiated Proposal/Quote,70CDCR19R00000002,R408,Program Management/Support Services,561210,Facilities Support Services,FUNDING FOR INTENSIVE SUPERVISION APPEARANCE PROGRAM (ISAP) IV,INTENSIVE SUPERVISION APPEARANCE PROGRAM (ISAP IV),https://www.usaspending.gov/award/CONT_AWD_70CDCR24FR0000049_7012_70CDCR20D00000011_7012
a16f46129d0c6c72bb03b85a9a1572278dfd27d69f64ecb6532a0615ea5dd669,ICE,Trump_II,ICE other/unresolved,2025-02-13,70CDCR24FR0000056,HSCEDM17D00009,Delivery Order,P00004,yes,"THE GEO GROUP, INC.",JMLKZZ1NL2Z6,3JMR1,4766833.00,61884954.77,61884954.77,2024-08-17,2025-08-17,2025-08-17,DETENTION COMPLIANCE AND REMOVALS,,Full And Open Competition,,Negotiated Proposal/Quote,HSCEDM15R00004,S206,Guard Services,561210,Facilities Support Services,MONTGOMERY PROCESSING CTR FUNDING MODIFICATION,MONTGOMERY PROCESSING CTR FY24,https://www.usaspending.gov/award/CONT_AWD_70CDCR24FR0000056_7012_HSCEDM17D00009_7012
1fe2aded91a72b735debdd21dc3f24d5b893b767d404beac5eb1e2c71f5cdd8f,ICE,Trump_II,ICE detention services,2025-02-13,70CDCR25FR0000005,70CDCR22D00000001,Delivery Order,P00004,yes,"THE GEO GROUP, INC.",JMLKZZ1NL2Z6,3JMR1,0.00,59993453.20,59993453.20,2024-10-16,2025-10-15,2025-10-15,DETENTION COMPLIANCE AND REMOVALS,,Full And Open Competition,,Negotiated Proposal/Quote,,S206,Guard Services,561210,Facilities Support Services,"DETENTION, TRANSPORTATION, AND MEDICAL SERVICES FOR DENVER (AURORA) CONTRACT DETENTION FACILITY","DETENTION, TRANSPORTATION, AND MEDICAL SERVICES FOR DENVER (AURORA) CONTRACT DETENTION FACILITY",https://www.usaspending.gov/award/CONT_AWD_70CDCR25FR0000005_7012_70CDCR22D00000001_7012
70cf31a9bc4dcd6e44bcc886b558bd33f79e36c236ca8cc107184e3dbfd25a41,ICE,Trump_II,ICE detention services,2025-02-13,70CDCR25FR0000013,70CDCR20D00000008,Delivery Order,P00001,yes,"THE GEO GROUP, INC.",JMLKZZ1NL2Z6,3JMR1,4956515.81,66190762.72,66190762.72,2024-12-20,2025-12-19,2025-12-19,DETENTION COMPLIANCE AND REMOVALS,,Full And Open Competition,,Negotiated Proposal/Quote,70CDCR20R00000002,S206,Guard Services,561612,Security Guards and Patrol Services ,HOUSING FOR DETAINEES,HOUSING FOR DETAINEES IS PROVIDED AT THE MESA VERDE AND GOLDEN STATE ICE DETENTION FACILITIES IN THE SAN FRANCISCO AREA OF RESPONSIBILITY.,https://www.usaspending.gov/award/CONT_AWD_70CDCR25FR0000013_7012_70CDCR20D00000008_7012
9490bc56aef4a842dcb1e5d6af446485c1784699c37c0a28d1158c5fad560c7a,ICE,Trump_II,ICE detention services,2025-02-19,70CDCR25FR0000009,70CDCR20D00000009,Delivery Order,P00001,yes,"THE GEO GROUP, INC.",JMLKZZ1NL2Z6,3JMR1,7341784.00,120393306.26,120393306.26,2024-12-20,2025-12-19,2029-12-19,DETENTION COMPLIANCE AND REMOVALS,,Full And Open Competition,,Negotiated Proposal/Quote,,S206,Guard Services,561612,Security Guards and Patrol Services ,"FUNDING FOR ADELANTO DETENTION SERVICES FACILITY OPERATING CHARGE, TRANSPORTATION, AND GUARD SERVICES AT ADELANTO DETENTION CENTER IN LOS ANGELES CALIFORNIA",DETENTION SERVICES FOR LOS ANGELES AOR AT ADELANTO DETENTION FACILITY,https://www.usaspending.gov/award/CONT_AWD_70CDCR25FR0000009_7012_70CDCR20D00000009_7012
ed3a5ae7bb101b96c403a5fa54841d29b5c4bf26d862f9dea6149e0e89d07852,ICE,Trump_II,ICE detention services,2025-02-21,70CDCR25FR0000010,70CDCR20D00000009,Delivery Order,P00001,yes,"THE GEO GROUP, INC.",JMLKZZ1NL2Z6,3JMR1,2811134.00,34270827.48,34270827.48,2024-12-20,2025-12-19,2025-12-19,DETENTION COMPLIANCE AND REMOVALS,,Full And Open Competition,,Negotiated Proposal/Quote,,S206,Guard Services,561612,Security Guards and Patrol Services ,FUNDING FOR DESERT VIEW DETENTION SERVICES FACILITY OPERATING CHARGE & PER DIEM RATES AT THE DESERT VIEW ANNEX IN LOS ANGELES CALIFORNIA,DETENTION SERVICES DESERT VIEW (DV) ANNEX IN THE LOS ANGELES AREA OF RESPONSIBILITY,https://www.usaspending.gov/award/CONT_AWD_70CDCR25FR0000010_7012_70CDCR20D00000009_7012
ed5dcceca4b44674699bceda7380727c46135c90863879ae3310506b1d205edf,ICE,Trump_II,ICE detention services,2025-02-24,70CDCR24FR0000056,HSCEDM17D00009,Delivery Order,P00005,yes,"THE GEO GROUP, INC.",JMLKZZ1NL2Z6,3JMR1,0.00,61884954.77,61884954.77,2024-08-17,2025-08-17,2025-08-17,DETENTION COMPLIANCE AND REMOVALS,,Full And Open Competition,,Negotiated Proposal/Quote,HSCEDM15R00004,S206,Guard Services,561210,Facilities Support Services,"THE PURPOSE OF THIS MODIFICATION IS TO ADJUST THE GUARD, TRANSPORTATION, AND BED DAY RATES IN ACCORDANCE WITH THE APPROVED SERVICE CONTRACT ACT WAGE ADJUSTMENT FOR DETENTION SERVICES AT MONTGOMERY PROCESSING CENTER.",MONTGOMERY PROCESSING CTR FY24,https://www.usaspending.gov/award/CONT_AWD_70CDCR24FR0000056_7012_HSCEDM17D00009_7012
acc485f77c0b9d1e33b8f8959719934ac0b06df68bf4442c159e5ae0506516b4,ICE,Trump_II,ICE detention services,2025-02-24,70CDCR25FR0000009,70CDCR20D00000009,Delivery Order,P00002,yes,"THE GEO GROUP, INC.",JMLKZZ1NL2Z6,3JMR1,14335200.00,120393306.26,120393306.26,2024-12-20,2025-12-19,2029-12-19,DETENTION COMPLIANCE AND REMOVALS,,Full And Open Competition,,Negotiated Proposal/Quote,,S206,Guard Services,561612,Security Guards and Patrol Services ,"FUNDING FOR ADELANTO DETENTION SERVICES FACILITY OPERATING CHARGE, DAILY OCCUPANCY, TRANSPORTATION, GUARD SERVICES, AND COVID TESTS AT ADELANTO DETENTION CENTER IN LOS ANGELES CALIFORNIA",DETENTION SERVICES FOR LOS ANGELES AOR AT ADELANTO DETENTION FACILITY,https://www.usaspending.gov/award/CONT_AWD_70CDCR25FR0000009_7012_70CDCR20D00000009_7012
618fc7d7ce66eeeefa26d7ea8938e8c6d5f39b9baaa03dc402ea812f8bda6633,ICE,Trump_II,ICE detention services,2025-02-26,70CDCR25FR0000005,70CDCR22D00000001,Delivery Order,P00005,yes,"THE GEO GROUP, INC.",JMLKZZ1NL2Z6,3JMR1,0.00,59993453.20,59993453.20,2024-10-16,2025-10-15,2025-10-15,DETENTION COMPLIANCE AND REMOVALS,,Full And Open Competition,,Negotiated Proposal/Quote,,S206,Guard Services,561210,Facilities Support Services,"DETENTION, TRANSPORTATION, AND MEDICAL SERVICES FOR DENVER (AURORA) CONTRACT DETENTION FACILITY","DETENTION, TRANSPORTATION, AND MEDICAL SERVICES FOR DENVER (AURORA) CONTRACT DETENTION FACILITY",https://www.usaspending.gov/award/CONT_AWD_70CDCR25FR0000005_7012_70CDCR22D00000001_7012
4feead8a7a40984c511b2b1c195ae149dda7586beb201111adb35373c866a763,ICE,Trump_II,ICE detention services,2025-02-28,70CDCR24FR0000053,70CDCR21D00000004,Delivery Order,P00004,yes,"THE GEO GROUP, INC.",JMLKZZ1NL2Z6,3JMR1,2790904.00,42926174.75,43191291.32,2024-09-01,2025-09-30,2025-09-30,DETENTION COMPLIANCE AND REMOVALS,,Full And Open Competition,,Negotiated Proposal/Quote,,S206,Guard Services,561612,Security Guards and Patrol Services ,THIS MODIFICATION OBLIGATES FUNDS FOR DETENTION AND TRANSPORTATION SERVICES TO HOUSE AND SAFEGUARD ILLEGAL ALIEN DETAINEES AT BROWARD TRANSITIONAL CENTER WITHIN ENFORCEMENT AND REMOVAL OPERATIONS (ERO) MIAMI AREA OF RESPONSIBILITY (AOR),NEW TASK ORDER TO PROVIDE FUNDING TO HOUSE AND TRANSPORT ICE DETAINEES AT BROWARD TRANSITIONAL CENTER,https://www.usaspending.gov/award/CONT_AWD_70CDCR24FR0000053_7012_70CDCR21D00000004_7012
4273bd2ac822c22f0fe44278438ba5eb5a2fe9a02aa6b5ed0099d2da34058f7e,ICE,Trump_II,ICE detention services,2025-03-03,70CDCR23FR0000002,HSCEDM15D00015,Delivery Order,P00009,yes,"THE GEO GROUP, INC.",JMLKZZ1NL2Z6,3JMR1,-114145.78,69539507.19,69539507.19,2022-10-28,2023-10-27,2023-10-27,DETENTION COMPLIANCE AND REMOVALS,,Full And Open Competition,,Negotiated Proposal/Quote,,S206,Guard Services,561210,Facilities Support Services,"THE MODIFICATION IS TO CLOSE OUT THE CONTRACT AND DE-OBLIGATE FUNDING FOR THE NORTHWEST DETENTION CENTER, TACOMA","NEW TASK ORDER FOR DETENTION AND TRANSPORTATION SERVICES AT NORTHWEST DETENTION CENTER, TACOMA",https://www.usaspending.gov/award/CONT_AWD_70CDCR23FR0000002_7012_HSCEDM15D00015_7012
90ee54b0e95979f268ae26cf35769aadc646c57d104b2c5a129b119562df49fc,ICE,Trump_II,ICE detention services,2025-03-03,70CDCR25FR0000010,70CDCR20D00000009,Delivery Order,P00002,yes,"THE GEO GROUP, INC.",JMLKZZ1NL2Z6,3JMR1,5622400.00,34270827.48,34270827.48,2024-12-20,2025-12-19,2025-12-19,DETENTION COMPLIANCE AND REMOVALS,,Full And Open Competition,,Negotiated Proposal/Quote,,S206,Guard Services,561612,Security Guards and Patrol Services ,FUNDING FOR DESERT VIEW DETENTION SERVICES FACILITY OPERATING CHARGE & PER DIEM RATES AT THE DESERT VIEW ANNEX IN LOS ANGELES CALIFORNIA,DETENTION SERVICES DESERT VIEW (DV) ANNEX IN THE LOS ANGELES AREA OF RESPONSIBILITY,https://www.usaspending.gov/award/CONT_AWD_70CDCR25FR0000010_7012_70CDCR20D00000009_7012
36a21f0534b4c5c7f6e4c31ea7005517319d63422628d0c9c8713af553ca1901,ICE,Trump_II,ICE detention services,2025-03-04,70CDCR25FR0000004,HSCEDM15D00015,Delivery Order,P00002,yes,"THE GEO GROUP, INC.",JMLKZZ1NL2Z6,3JMR1,6385200.00,117431349.50,117431349.50,2024-10-28,2026-03-27,2026-03-27,DETENTION COMPLIANCE AND REMOVALS,,Full And Open Competition,,Negotiated Proposal/Quote,,S206,Guard Services,561210,Facilities Support Services,THIS MODIFICATION ADDS FUNDING TO THE AWARD FOR DETENTION AND TRANSPORTATION SERVICES AT A DETENTION FACILITY IN THE SEATTLE AREA OF RESPONSIBILITY,"NEW TASK ORDER FOR DETENTION AND TRANSPORTATION SERVICES AT TACOMA, WA FOR SEATTLE AOR",https://www.usaspending.gov/award/CONT_AWD_70CDCR25FR0000004_7012_HSCEDM15D00015_7012
2b6ea56f9016565821839015f25606271614dab9a8b2f4d427a1043537a4cc4d,ICE,Trump_II,ICE detention services,2025-03-05,70CDCR25FR0000005,70CDCR22D00000001,Delivery Order,P00006,yes,"THE GEO GROUP, INC.",JMLKZZ1NL2Z6,3JMR1,4970776.00,59993453.20,59993453.20,2024-10-16,2025-10-15,2025-10-15,DETENTION COMPLIANCE AND REMOVALS,,Full And Open Competition,,Negotiated Proposal/Quote,,S206,Guard Services,561210,Facilities Support Services,"THIS TASK ORDER PROVIDES DETENTION, TRANSPORTATION, AND MEDICAL SERVICES FOR DENVER AURORA CONTRACT DETENTION FACILITY TO ACHIEVE THE ICE MISSION TO SAFELY HOUSE DETAINED ALIENS. THIS MODIFICATION OBLIGATES INCREMENTAL FUNDING FOR THESE SERVICES.","DETENTION, TRANSPORTATION, AND MEDICAL SERVICES FOR DENVER (AURORA) CONTRACT DETENTION FACILITY",https://www.usaspending.gov/award/CONT_AWD_70CDCR25FR0000005_7012_70CDCR22D00000001_7012
99e15255abe5df420845e6a828a315aac2db3a49e4741d6883debffc848a8eb6,ICE,Trump_II,ICE detention services,2025-03-05,70CDCR25FR0000013,70CDCR20D00000008,Delivery Order,P00002,yes,"THE GEO GROUP, INC.",JMLKZZ1NL2Z6,3JMR1,15457395.19,66190762.72,66190762.72,2024-12-20,2025-12-19,2025-12-19,DETENTION COMPLIANCE AND REMOVALS,,Full And Open Competition,,Negotiated Proposal/Quote,70CDCR20R00000002,S206,Guard Services,561612,Security Guards and Patrol Services ,THE PURPOSE OF THIS MODIFICATION IS TO ADD FUNDING FOR DETENTION SERVICES IN MESSA VERDE AND GOLDEN STATES ICE DETENTION FACILITIES.,HOUSING FOR DETAINEES IS PROVIDED AT THE MESA VERDE AND GOLDEN STATE ICE DETENTION FACILITIES IN THE SAN FRANCISCO AREA OF RESPONSIBILITY.,https://www.usaspending.gov/award/CONT_AWD_70CDCR25FR0000013_7012_70CDCR20D00000008_7012
b1b0def600410523a8d576db2e2120e9de3185d0cb172026e3426d5a619b8440,ICE,Trump_II,ICE detention services,2025-03-06,70CDCR25FR0000029,70CDCR25D00000007,Delivery Order,0,no,"THE GEO GROUP, INC.",JMLKZZ1NL2Z6,3JMR1,4448573.90,58637673.24,58637673.24,2025-03-01,2026-02-28,2026-04-10,DETENTION COMPLIANCE AND REMOVALS,,Full And Open Competition,,Negotiated Proposal/Quote,,S206,Guard Services,561612,Security Guards and Patrol Services ,"THE PURPOSE OF THIS NEW TASK ORDER IS TO PROVIDE THE FUNDING NECESSARY FOR TRANSITION, DETENTION, AND TRANSPORTATION SERVICES FOR HOUSING ICE ALIENS AT THE DELANEY HALL CONTRACT DETENTION FACILITY IN NEWARK NEW JERSEY.","THE PURPOSE OF THIS NEW TASK ORDER IS TO PROVIDE THE FUNDING NECESSARY FOR TRANSITION, DETENTION, AND TRANSPORTATION SERVICES FOR HOUSING ICE ALIENS AT THE DELANEY HALL CONTRACT DETENTION FACILITY IN NEWARK NEW JERSEY.",https://www.usaspending.gov/award/CONT_AWD_70CDCR25FR0000029_7012_70CDCR25D00000007_7012
8fa8467475ef1f3ae21349efb6687f630ed73b6c83ef430662024b6cf4a02e46,ICE,Trump_II,ICE detention services,2025-03-11,70CDCR25FR0000004,HSCEDM15D00015,Delivery Order,P00003,yes,"THE GEO GROUP, INC.",JMLKZZ1NL2Z6,3JMR1,15505.85,117431349.50,117431349.50,2024-10-28,2026-03-27,2026-03-27,DETENTION COMPLIANCE AND REMOVALS,,Full And Open Competition,,Negotiated Proposal/Quote,,S206,Guard Services,561210,Facilities Support Services,THIS MODIFICATION ADDS FUNDING TO THE AWARD FOR DETENTION AND TRANSPORTATION SERVICES AT A DETENTION FACILITY IN THE SEATTLE AREA OF RESPONSIBILITY,"NEW TASK ORDER FOR DETENTION AND TRANSPORTATION SERVICES AT TACOMA, WA FOR SEATTLE AOR",https://www.usaspending.gov/award/CONT_AWD_70CDCR25FR0000004_7012_HSCEDM15D00015_7012
ed83fe98ddcd2628bdfb6a0fae3e4cb20e7ad8285e8b20e962b2d440b7083357,ICE,Trump_II,ICE detention services,2025-03-12,70CDCR24FC0000004,HSCEDM14A00001,BPA Call,P00008,yes,"THE GEO GROUP, INC.",JMLKZZ1NL2Z6,3JMR1,1140975.93,6796406.43,6796406.43,2024-04-01,2025-03-31,2025-03-31,DETENTION COMPLIANCE AND REMOVALS,,Competed Under Simplified Acquisition Procedures,1,Simplified Acquisition,,S206,Guard Services,922140,Correctional Institutions ,THE PURPOSE OF THIS MODIFICATION IS TO ADD FUNDING FOR DETENTION SERVICES AT RIO GRANDE DETENTION CENTER.,RIO GRANDE DETENTION CENTER FY24 BPA CALL,https://www.usaspending.gov/award/CONT_AWD_70CDCR24FC0000004_7012_HSCEDM14A00001_7012
0c07e19f198c99ffb06faf86f92041ee376b204bdcb72ca62094225c25e48871,ICE,Trump_II,ICE detention services,2025-03-12,70CDCR24FR0000038,70CDCR20D00000012,Delivery Order,P00005,yes,"THE GEO GROUP, INC.",JMLKZZ1NL2Z6,3JMR1,5840393.54,60523845.63,61052936.90,2024-08-06,2025-08-05,2025-08-05,DETENTION COMPLIANCE AND REMOVALS,,Full And Open Competition,,Negotiated Proposal/Quote,,S206,Guard Services,922140,Correctional Institutions ,THE PURPOSE OF THIS MODIFICATION IS TO PROVIDE DETENTION AND TRANSPORTATION SERVICES FOR ALIEN DETAINEES AT THE ICE SOUTH TEXAS ICE PROCESSING CENTER (STIPC).,DETENTION AND TRANSPORTATION SERVICES - SOUTH TEXAS ICE PROCESSING CENTER (STIPC) FY24 TASK ORDER,https://www.usaspending.gov/award/CONT_AWD_70CDCR24FR0000038_7012_70CDCR20D00000012_7012
d2ba1e996af1535e1420a1cc7efc7f8fd6416029a986043ee020a1fee54f1eb3,ICE,Trump_II,ICE detention services,2025-03-19,70CDCR24FR0000010,70CDCR20D00000008,Delivery Order,P00010,yes,"THE GEO GROUP, INC.",JMLKZZ1NL2Z6,3JMR1,-412389.51,57183778.57,57183778.57,2019-12-20,2024-12-19,2024-12-19,DETENTION COMPLIANCE AND REMOVALS,,Full And Open Competition,,Negotiated Proposal/Quote,70CDCR20R00000002,S206,Guard Services,561612,Security Guards and Patrol Services ,THE PURPOSE OF THIS MODIFICATION IS TO DE-OBLIGATE EXCESS FUNDS FOR DETENTION SERVICES AT MESA VERDE AND CLOSEOUT THIS TASK ORDER.,"NEW TASK ORDER FOR DETENTION SERVICES AT MESA VERDE AND GOLDEN STATE FACILITIES.
TASK ORDER POP: 12/20/23 - 12/19/24",https://www.usaspending.gov/award/CONT_AWD_70CDCR24FR0000010_7012_70CDCR20D00000008_7012
23356628c34563339356b47c8774c41cf4a0a0e2f3c40d28759ff19ef3b923ec,ICE,Trump_II,ICE detention services,2025-03-19,70CDCR25FR0000004,HSCEDM15D00015,Delivery Order,P00004,yes,"THE GEO GROUP, INC.",JMLKZZ1NL2Z6,3JMR1,131272.47,117431349.50,117431349.50,2024-10-28,2026-03-27,2026-03-27,DETENTION COMPLIANCE AND REMOVALS,,Full And Open Competition,,Negotiated Proposal/Quote,,S206,Guard Services,561210,Facilities Support Services,"THIS MODIFICATION ADDS FUNDING FOR DETENTION SERVICES ABOVE THE GUARANTEED MINIMUM, OVERTIME TRANSPORTATION SERVICES, AND REMOTE POSTS AT A DETENTION FACILITY IN THE SEATTLE AREA OF RESPONSIBILITY","NEW TASK ORDER FOR DETENTION AND TRANSPORTATION SERVICES AT TACOMA, WA FOR SEATTLE AOR",https://www.usaspending.gov/award/CONT_AWD_70CDCR25FR0000004_7012_HSCEDM15D00015_7012
e65ad2e754befa328d529c9f548cd64e435983a7882dbd7197c24c45c79221f1,CBP,Trump_II,CBP detention/jail space,2025-03-21,70B03C25P00000029,,PURCHASE ORDER,P00001,yes,"THE GEO GROUP, INC.",JMLKZZ1NL2Z6,3JMR1,-9899.85,0.00,0.00,2024-12-01,2025-03-21,2025-03-21,BORDER ENFORCEMENT CONTRACTING DIVISION,US BORDER PATROL,NOT COMPETED,1,ONLY ONE SOURCE,70B03C25Q00000041,X1FF,LEASE/RENTAL OF PENAL FACILITIES,922140,CORRECTIONAL INSTITUTIONS,DE-OBLIGATE FUNDS AND REPLACE WITH 03C25P0150,DETENTION SPACE,https://www.usaspending.gov/award/CONT_AWD_70B03C25P00000029_7014_-NONE-_-NONE-
b0d7160ff9f53e71b49c1b4d45d909cd16d6c6afd4f492fee202ca60a859b1a1,ICE,Trump_II,ICE detention services,2025-03-21,70CDCR24FR0000056,HSCEDM17D00009,Delivery Order,P00006,yes,"THE GEO GROUP, INC.",JMLKZZ1NL2Z6,3JMR1,5736700.00,61884954.77,61884954.77,2024-08-17,2025-08-17,2025-08-17,DETENTION COMPLIANCE AND REMOVALS,,Full And Open Competition,,Negotiated Proposal/Quote,HSCEDM15R00004,S206,Guard Services,561210,Facilities Support Services,THE PURPOSE OF THIS MODIFICATION IS TO ADD FUNDING FOR DETENTION AND TRANSPORTATION SERVICES AT MONTGOMERY PROCESSING CENTER.,MONTGOMERY PROCESSING CTR FY24,https://www.usaspending.gov/award/CONT_AWD_70CDCR24FR0000056_7012_HSCEDM17D00009_7012
aa666fb2f350953c5b7a48fb2199a74860945d49a66dd00ce11a81270240acef,ICE,Trump_II,ICE detention services,2025-03-31,70CDCR25FC0000002,HSCEDM14A00001,BPA Call,0,no,"THE GEO GROUP, INC.",JMLKZZ1NL2Z6,3JMR1,655200.00,8722448.00,8722448.00,2025-04-01,2026-03-31,2026-03-31,DETENTION COMPLIANCE AND REMOVALS,,Competed Under Simplified Acquisition Procedures,1,Simplified Acquisition,,S206,Guard Services,922140,Correctional Institutions ,"THE PURPOSE OF THIS CONTRACT IS TO PROVIDE DETENTION AND TRANSPORTATION SERVICES AT RIO GRANDE DETENTION CENTER IN LAREDO, TX.","THE PURPOSE OF THIS CONTRACT IS TO PROVIDE DETENTION AND TRANSPORTATION SERVICES AT RIO GRANDE DETENTION CENTER IN LAREDO, TX.",https://www.usaspending.gov/award/CONT_AWD_70CDCR25FC0000002_7012_HSCEDM14A00001_7012
d0ca0741493603942e27f42c2fe55a26697cc0e1ee1c84ecb03eef6b2212c377,ICE,Trump_II,ICE detention services,2025-04-01,70CDCR23FR0000045,70CDCR20D00000012,Delivery Order,P00014,yes,"THE GEO GROUP, INC.",JMLKZZ1NL2Z6,3JMR1,0.00,57272944.90,57272944.90,2023-08-06,2024-08-05,2024-10-17,DETENTION COMPLIANCE AND REMOVALS,,Full And Open Competition,,Negotiated Proposal/Quote,,S206,Guard Services,922140,Correctional Institutions ,DETENTION AND TRANSPORTATION SERVICES - SOUTH TEXAS ICE PROCESSING CENTER (STIPC) FUNDING MODIFICATION  THIS IS A CLOSEOUT MODIFICATION,"DETENTION AND TRANSPORTATION SERVICES - SOUTH TEXAS ICE PROCESSING CENTER (STIPC)

POP 06 AUG 2023 - 05 AUG 2024",https://www.usaspending.gov/award/CONT_AWD_70CDCR23FR0000045_7012_70CDCR20D00000012_7012
11d1e272764ab4ca8d87a4b61882dbdb011eceb27146641a33816a72c8786907,ICE,Trump_II,ICE detention services,2025-04-01,70CDCR24FR0000056,HSCEDM17D00009,Delivery Order,P00007,yes,"THE GEO GROUP, INC.",JMLKZZ1NL2Z6,3JMR1,200000.00,61884954.77,61884954.77,2024-08-17,2025-08-17,2025-08-17,DETENTION COMPLIANCE AND REMOVALS,,Full And Open Competition,,Negotiated Proposal/Quote,HSCEDM15R00004,S206,Guard Services,561210,Facilities Support Services,THE PURPOSE OF THIS CONTRACT IS TO PROVIDE DETENTION AND TRANSPORTATION SERVICES AT MONTGOMERY PROCESSING CENTER IN TX. THE PURPOSE OF THIS ORDER IS TO UPDATE THE PERIOD OF PERFORMANCE AND ADD FUNDING FOR THE CONTINUANCE OF SERVICES.,MONTGOMERY PROCESSING CTR FY24,https://www.usaspending.gov/award/CONT_AWD_70CDCR24FR0000056_7012_HSCEDM17D00009_7012
7d16688f092ab4f5a101aedee61815fa00687027880d975b721c8873f0abe5f0,ICE,Trump_II,ICE detention services,2025-04-01,70CDCR25FR0000037,70CDCR25D00000009,Delivery Order,0,no,"THE GEO GROUP, INC.",JMLKZZ1NL2Z6,3JMR1,7001000.00,7350371.31,7350371.31,2025-04-01,2025-09-30,2026-03-19,DETENTION COMPLIANCE AND REMOVALS,,Not Competed,,Sole Source,,S206,Guard Services,561612,Security Guards and Patrol Services ,THE PURPOSE OF THIS TASK ORDER IS TO ESTABLISH A DETENTION FACILITY WITHIN THE NORTH LAKE CORRECTIONAL FACILITY IN SUPPORT OF THE PRESIDENT'S DECLARATION OF A NATIONAL EMERGENCY AT THE SOUTHERN BORDER.,THE PURPOSE OF THIS TASK ORDER IS TO ESTABLISH A DETENTION FACILITY WITHIN THE NORTH LAKE CORRECTIONAL FACILITY IN SUPPORT OF THE PRESIDENT'S DECLARATION OF A NATIONAL EMERGENCY AT THE SOUTHERN BORDER.,https://www.usaspending.gov/award/CONT_AWD_70CDCR25FR0000037_7012_70CDCR25D00000009_7012
f0dff3c2fac242cf435679da815bc0b4a2872edbeafdf2f72d36d7ad98b31ce0,ICE,Trump_II,ICE detention services,2025-04-02,70CDCR25FR0000029,70CDCR25D00000007,Delivery Order,P00001,yes,"THE GEO GROUP, INC.",JMLKZZ1NL2Z6,3JMR1,822109.34,58637673.24,58637673.24,2025-03-01,2026-02-28,2026-04-10,DETENTION COMPLIANCE AND REMOVALS,,Full And Open Competition,,Negotiated Proposal/Quote,,S206,Guard Services,561612,Security Guards and Patrol Services ,"THE PURPOSE OF THIS TASK ORDER IS TO PROVIDE THE FUNDING NECESSARY FOR TRANSITION, DETENTION, AND TRANSPORTATION SERVICES FOR HOUSING ICE ALIENS AT THE DELANEY HALL CONTRACT DETENTION FACILITY.  THIS MODIFICATION PROVIDES ADDITIONAL FUNDING.","THE PURPOSE OF THIS NEW TASK ORDER IS TO PROVIDE THE FUNDING NECESSARY FOR TRANSITION, DETENTION, AND TRANSPORTATION SERVICES FOR HOUSING ICE ALIENS AT THE DELANEY HALL CONTRACT DETENTION FACILITY IN NEWARK NEW JERSEY.",https://www.usaspending.gov/award/CONT_AWD_70CDCR25FR0000029_7012_70CDCR25D00000007_7012
1f59dc28fef3f3b4d9a46bbd503022b9d98cde103191be8c19cf0d8eeb169655,ICE,Trump_II,ICE detention services,2025-04-04,70CDCR24FR0000053,70CDCR21D00000004,Delivery Order,P00005,yes,"THE GEO GROUP, INC.",JMLKZZ1NL2Z6,3JMR1,913383.00,42926174.75,43191291.32,2024-09-01,2025-09-30,2025-09-30,DETENTION COMPLIANCE AND REMOVALS,,Full And Open Competition,,Negotiated Proposal/Quote,,S206,Guard Services,561612,Security Guards and Patrol Services ,THIS MODIFICATION OBLIGATES FUNDS FOR DETENTION AND TRANSPORTATION SERVICES TO HOUSE AND SAFEGUARD ILLEGAL ALIEN DETAINEES AT BROWARD TRANSITIONAL CENTER WITHIN ENFORCEMENT AND REMOVAL OPERATIONS (ERO) MIAMI AREA OF RESPONSIBILITY (AOR),NEW TASK ORDER TO PROVIDE FUNDING TO HOUSE AND TRANSPORT ICE DETAINEES AT BROWARD TRANSITIONAL CENTER,https://www.usaspending.gov/award/CONT_AWD_70CDCR24FR0000053_7012_70CDCR21D00000004_7012
32d965eeed0e33e6ee0858da444df1374e9a0dfcca30aedd6a532ad7aa34755a,ICE,Trump_II,ICE detention services,2025-04-07,70CDCR24FC0000005,70CDCR18A00000007,BPA Call,P00003,yes,"THE GEO GROUP, INC.",JMLKZZ1NL2Z6,3JMR1,167600.00,489732.40,489732.40,2024-07-23,2025-07-22,2025-07-22,DETENTION COMPLIANCE AND REMOVALS,,Competed Under Simplified Acquisition Procedures,1,Simplified Acquisition,,S206,Guard Services,922140,Correctional Institutions ,THIS MODIFICATION FUNDS DETENTION SERVICES TO HOUSE AND SAFEGUARD ILLEGAL ALIENS IN SUPPORT OF ENFORCEMENT AND REMOVAL OPERATIONS (ERO) AT ROBERT A. DEYTON DETENTION FACILITY,DETAINEE BED DAYS AT THE ROBERT A. DEYTON DETENTION FACILITY,https://www.usaspending.gov/award/CONT_AWD_70CDCR24FC0000005_7012_70CDCR18A00000007_7012
076ef306805f4e1a64fafddede9799305c5408b8da297e61bce60d41d87dceb6,ICE,Trump_II,ICE detention services,2025-04-08,70CDCR24FR0000001,70CDCR22D00000001,Delivery Order,P00014,yes,"THE GEO GROUP, INC.",JMLKZZ1NL2Z6,3JMR1,0.00,56009252.93,56009252.93,2023-10-16,2024-10-15,2024-10-15,DETENTION COMPLIANCE AND REMOVALS,,Full And Open Competition,,Negotiated Proposal/Quote,,S206,Guard Services,561210,Facilities Support Services,"DETENTION, TRANSPORTATION, AND MEDICAL SERVICES FOR DENVER (AURORA) CONTRACT DETENTION FACILITY  THIS IS A CLOSEOUT MODIFICATION","DETENTION, TRANSPORTATION, AND MEDICAL SERVICES FOR DENVER (AURORA) CONTRACT DETENTION FACILITY",https://www.usaspending.gov/award/CONT_AWD_70CDCR24FR0000001_7012_70CDCR22D00000001_7012
91817913c67df3782f1df90f3535de33023b4bb5e9ce7bc5db1b7f4fbd9cb148,ICE,Trump_II,ICE detention services,2025-04-10,70CDCR24FR0000056,HSCEDM17D00009,Delivery Order,P00008,yes,"THE GEO GROUP, INC.",JMLKZZ1NL2Z6,3JMR1,5523267.00,61884954.77,61884954.77,2024-08-17,2025-08-17,2025-08-17,DETENTION COMPLIANCE AND REMOVALS,,Full And Open Competition,,Negotiated Proposal/Quote,HSCEDM15R00004,S206,Guard Services,561210,Facilities Support Services,THE PURPOSE OF THIS CONTRACT IS TO PROVIDE DETENTION AND TRANSPORTATION SERVICES AT MONTGOMERY PROCESSING CENTER IN TX. THE PURPOSE OF THIS ORDER IS TO UPDATE THE PERIOD OF PERFORMANCE AND ADD FUNDING FOR THE CONTINUANCE OF SERVICES.,MONTGOMERY PROCESSING CTR FY24,https://www.usaspending.gov/award/CONT_AWD_70CDCR24FR0000056_7012_HSCEDM17D00009_7012
14cdac794f3698c8579db0b82bbf837d058b3d16cecd35897d8d92e45c89fc04,ICE,Trump_II,ICE detention services,2025-04-11,70CDCR25FR0000005,70CDCR22D00000001,Delivery Order,P00007,yes,"THE GEO GROUP, INC.",JMLKZZ1NL2Z6,3JMR1,4367600.00,59993453.20,59993453.20,2024-10-16,2025-10-15,2025-10-15,DETENTION COMPLIANCE AND REMOVALS,,Full And Open Competition,,Negotiated Proposal/Quote,,S206,Guard Services,561210,Facilities Support Services,"THIS TASK ORDER PROVIDES DETENTION, TRANSPORTATION, AND MEDICAL SERVICES FOR DENVER AURORA CONTRACT DETENTION FACILITY TO ACHIEVE THE ICE MISSION TO SAFELY HOUSE DETAINED ALIENS. THIS MODIFICATION OBLIGATES INCREMENTAL FUNDING FOR THESE SERVICES.","DETENTION, TRANSPORTATION, AND MEDICAL SERVICES FOR DENVER (AURORA) CONTRACT DETENTION FACILITY",https://www.usaspending.gov/award/CONT_AWD_70CDCR25FR0000005_7012_70CDCR22D00000001_7012
01584d03d890ad918be202d2d0cfc903a318dc5cb61f45a3985bed70231ac6c3,ICE,Trump_II,ICE detention services,2025-04-14,70CDCR24FR0000038,70CDCR20D00000012,Delivery Order,P00006,yes,"THE GEO GROUP, INC.",JMLKZZ1NL2Z6,3JMR1,4961770.80,60523845.63,61052936.90,2024-08-06,2025-08-05,2025-08-05,DETENTION COMPLIANCE AND REMOVALS,,Full And Open Competition,,Negotiated Proposal/Quote,,S206,Guard Services,922140,Correctional Institutions ,THIS TASK ORDER PROVIDES DETENTION AND TRANSPORTATION SERVICES FOR ALIEN DETAINEES AT THE SOUTH TEXAS ICE PROCESSING CENTER (STIPC). THIS CURRENT MODIFICATION OBLIGATES FUNDS TO SUPPORT THE DETENTION AND TRANSPORTATION SERVICES.,DETENTION AND TRANSPORTATION SERVICES - SOUTH TEXAS ICE PROCESSING CENTER (STIPC) FY24 TASK ORDER,https://www.usaspending.gov/award/CONT_AWD_70CDCR24FR0000038_7012_70CDCR20D00000012_7012
5232fb296c94699b9dfb7d9c0d1965e380e1966bd83ade5a3b15dab99f1cb4d2,ICE,Trump_II,ICE detention services,2025-04-14,70CDCR25FR0000009,70CDCR20D00000009,Delivery Order,P00003,yes,"THE GEO GROUP, INC.",JMLKZZ1NL2Z6,3JMR1,178419.00,120393306.26,120393306.26,2024-12-20,2025-12-19,2029-12-19,DETENTION COMPLIANCE AND REMOVALS,,Full And Open Competition,,Negotiated Proposal/Quote,,S206,Guard Services,561612,Security Guards and Patrol Services ,FUNDING FOR ADELANTO DETENTION DAILY OCCUPANCY SERVICES AND OTHER DIRECT COSTS AT ADELANTO DETENTION CENTER IN LOS ANGELES CALIFORNIA,DETENTION SERVICES FOR LOS ANGELES AOR AT ADELANTO DETENTION FACILITY,https://www.usaspending.gov/award/CONT_AWD_70CDCR25FR0000009_7012_70CDCR20D00000009_7012
0a9b9099346ecbd8a350ccaedbf567db9a0211f8bfd53e57bd8bdcbada1a94e1,ICE,Trump_II,ICE detention services,2025-04-15,70CDCR20FR0000036,HSCEDM17D00009,Delivery Order,P00007,yes,"THE GEO GROUP, INC.",JMLKZZ1NL2Z6,3JMR1,-100235.21,36721590.90,36721590.90,2020-06-09,2021-08-17,2021-08-17,DETENTION COMPLIANCE AND REMOVALS,,Full And Open Competition,,Negotiated Proposal/Quote,HSCEDM15R00004,S206,Guard Services,561210,Facilities Support Services,THE PURPOSE OF THIS CONTRACT IS TO PROVIDE DETENTION AND TRANSPORTATION SERVICES AT MONTGOMERY PROCESSING CENTER (MPC). THE PURPOSE OF THIS MODIFICATION IS TO DEOBLIGATE UNEXPENDED FUNDS.,HOUSTON DETENTION FACILITY,https://www.usaspending.gov/award/CONT_AWD_70CDCR20FR0000036_7012_HSCEDM17D00009_7012
20d028f3da039805eee345a268a7f636d0339a2e4e107e7d1826912535423442,ICE,Trump_II,ICE detention services,2025-04-18,70CDCR25FR0000004,HSCEDM15D00015,Delivery Order,P00005,yes,"THE GEO GROUP, INC.",JMLKZZ1NL2Z6,3JMR1,6764458.00,117431349.50,117431349.50,2024-10-28,2026-03-27,2026-03-27,DETENTION COMPLIANCE AND REMOVALS,,Full And Open Competition,,Negotiated Proposal/Quote,,S206,Guard Services,561210,Facilities Support Services,"THIS MODIFICATION ADDS FUNDING FOR DETENTION AND TRANSPORTATION SERVICES, FUEL, OVERTIME TRANSPORTATION SERVICES, AND REMOTE POST AT A DETENTION FACILITY IN THE SEATTLE AREA OF RESPONSIBILITY.","NEW TASK ORDER FOR DETENTION AND TRANSPORTATION SERVICES AT TACOMA, WA FOR SEATTLE AOR",https://www.usaspending.gov/award/CONT_AWD_70CDCR25FR0000004_7012_HSCEDM15D00015_7012
4df27c7b5f2c314d0d8ebfeeb21601a9517bba0fe07392450511673f7ba17831,ICE,Trump_II,ICE detention services,2025-04-22,70CDCR25FR0000029,70CDCR25D00000007,Delivery Order,P00002,yes,"THE GEO GROUP, INC.",JMLKZZ1NL2Z6,3JMR1,5635200.00,58637673.24,58637673.24,2025-03-01,2026-02-28,2026-04-10,DETENTION COMPLIANCE AND REMOVALS,,Full And Open Competition,,Negotiated Proposal/Quote,,S206,Guard Services,561612,Security Guards and Patrol Services ,THE PURPOSE OF THIS CONTRACT IS TO PROVIDE DETENTION AND TRANSPORTATION SERVICES FOR HOUSING ICE ALIENS AT THE DELANEY HALL CONTRACT DETENTION FACILITY. THIS TASK ORDER MODIFICATION PROVIDES ADDITIONAL FUNDING FOR THESE SERVICES.,"THE PURPOSE OF THIS NEW TASK ORDER IS TO PROVIDE THE FUNDING NECESSARY FOR TRANSITION, DETENTION, AND TRANSPORTATION SERVICES FOR HOUSING ICE ALIENS AT THE DELANEY HALL CONTRACT DETENTION FACILITY IN NEWARK NEW JERSEY.",https://www.usaspending.gov/award/CONT_AWD_70CDCR25FR0000029_7012_70CDCR25D00000007_7012
59f1048a7114e625450fffb5197ddf67fd270090001ed0bce471ffba02efc797,ICE,Trump_II,ICE detention services,2025-04-23,70CDCR25FR0000013,70CDCR20D00000008,Delivery Order,P00003,yes,"THE GEO GROUP, INC.",JMLKZZ1NL2Z6,3JMR1,5224367.92,66190762.72,66190762.72,2024-12-20,2025-12-19,2025-12-19,DETENTION COMPLIANCE AND REMOVALS,,Full And Open Competition,,Negotiated Proposal/Quote,70CDCR20R00000002,S206,Guard Services,561612,Security Guards and Patrol Services ,THE PURPOSE OF THIS MODIFICATION IS TO ADD FUNDING FOR DETENTION SERVICES IN MESA VERDE AND GOLDEN STATE DETENTION FACILITIES.,HOUSING FOR DETAINEES IS PROVIDED AT THE MESA VERDE AND GOLDEN STATE ICE DETENTION FACILITIES IN THE SAN FRANCISCO AREA OF RESPONSIBILITY.,https://www.usaspending.gov/award/CONT_AWD_70CDCR25FR0000013_7012_70CDCR20D00000008_7012
e310953f52bf40b8c688db62a9856039b868a7748f831bb0adaaa4413e93e74c,ICE,Trump_II,ICE detention services,2025-04-25,70CDCR25FC0000002,HSCEDM14A00001,BPA Call,P00001,yes,"THE GEO GROUP, INC.",JMLKZZ1NL2Z6,3JMR1,711000.00,8722448.00,8722448.00,2025-04-01,2026-03-31,2026-03-31,DETENTION COMPLIANCE AND REMOVALS,,Competed Under Simplified Acquisition Procedures,1,Simplified Acquisition,,S206,Guard Services,922140,Correctional Institutions ,THE PURPOSE OF THIS CONTRACT IS TO PROVIDE DETENTION AND TRANSPORTATION SERVICES AT RIO GRANDE DETENTION CENTER. THE PURPOSE OF THIS MODIFICATION IS TO ADD FUNDING FOR DETENTION AND TRANSPORTATION SERVICES.,"THE PURPOSE OF THIS CONTRACT IS TO PROVIDE DETENTION AND TRANSPORTATION SERVICES AT RIO GRANDE DETENTION CENTER IN LAREDO, TX.",https://www.usaspending.gov/award/CONT_AWD_70CDCR25FC0000002_7012_HSCEDM14A00001_7012
774498ed2fc8de8dd17172e0737954763348f869ab0c0b172e744cef19342ebd,ICE,Trump_II,ICE detention services,2025-04-28,70CDCR24FR0000053,70CDCR21D00000004,Delivery Order,P00006,yes,"THE GEO GROUP, INC.",JMLKZZ1NL2Z6,3JMR1,3616900.00,42926174.75,43191291.32,2024-09-01,2025-09-30,2025-09-30,DETENTION COMPLIANCE AND REMOVALS,,Full And Open Competition,,Negotiated Proposal/Quote,,S206,Guard Services,561612,Security Guards and Patrol Services ,THIS MODIFICATION OBLIGATES FUNDS FOR DETENTION AND TRANSPORTATION SERVICES TO HOUSE AND SAFEGUARD ILLEGAL ALIEN DETAINEES AT BROWARD TRANSITIONAL CENTER WITHIN ENFORCEMENT AND REMOVAL OPERATIONS (ERO) MIAMI AREA OF RESPONSIBILITY (AOR),NEW TASK ORDER TO PROVIDE FUNDING TO HOUSE AND TRANSPORT ICE DETAINEES AT BROWARD TRANSITIONAL CENTER,https://www.usaspending.gov/award/CONT_AWD_70CDCR24FR0000053_7012_70CDCR21D00000004_7012
878d6fe843603c3a03d348969cf1b38d3db4ada7f697920f72cd3bc207bd13e1,ICE,Trump_II,ICE detention services,2025-04-29,70CDCR24FR0000038,70CDCR20D00000012,Delivery Order,P00007,yes,"THE GEO GROUP, INC.",JMLKZZ1NL2Z6,3JMR1,10142664.24,60523845.63,61052936.90,2024-08-06,2025-08-05,2025-08-05,DETENTION COMPLIANCE AND REMOVALS,,Full And Open Competition,,Negotiated Proposal/Quote,,S206,Guard Services,922140,Correctional Institutions ,THIS TASK ORDER PROVIDES DETENTION AND TRANSPORTATION SERVICES FOR ALIEN DETAINEES AT THE SOUTH TEXAS ICE PROCESSING CENTER (STIPC). THIS CURRENT MODIFICATION OBLIGATES FUNDS TO SUPPORT THE DETENTION AND TRANSPORTATION SERVICES.,DETENTION AND TRANSPORTATION SERVICES - SOUTH TEXAS ICE PROCESSING CENTER (STIPC) FY24 TASK ORDER,https://www.usaspending.gov/award/CONT_AWD_70CDCR24FR0000038_7012_70CDCR20D00000012_7012
32568e242bd2da73617ba3a6a70b62ccbbd2abfd9a64c996973ef1e2b9391a6a,ICE,Trump_II,ICE detention services,2025-04-30,70CDCR24FR0000056,HSCEDM17D00009,Delivery Order,P00009,yes,"THE GEO GROUP, INC.",JMLKZZ1NL2Z6,3JMR1,11089200.00,61884954.77,61884954.77,2024-08-17,2025-08-17,2025-08-17,DETENTION COMPLIANCE AND REMOVALS,,Full And Open Competition,,Negotiated Proposal/Quote,HSCEDM15R00004,S206,Guard Services,561210,Facilities Support Services,"THE PURPOSE OF THIS CONTRACT IS TO PROVIDE DETENTION AND TRANSPORTATION SERVICES AT MONTGOMERY PROCESSING CENTER IN CONROE, TX. THE PURPOSE OF THIS ORDER IS TO UPDATE THE PERIOD OF PERFORMANCE AND ADD FUNDING FOR THE CONTINUANCE OF SERVICES.",MONTGOMERY PROCESSING CTR FY24,https://www.usaspending.gov/award/CONT_AWD_70CDCR24FR0000056_7012_HSCEDM17D00009_7012
261852015a7f825f9c010d59f4fc6b031eab26574cda2550b637f50f2aaf7b1f,CBP,Trump_II,CBP detention/jail space,2025-05-05,70B03C24C00000054,,DEFINITIVE CONTRACT,P00002,yes,"THE GEO GROUP, INC.",JMLKZZ1NL2Z6,3JMR1,0.00,857297.98,1175318.50,2024-07-09,2027-06-30,2028-06-30,BORDER ENFORCEMENT CONTRACTING DIVISION,US BORDER PATROL,NOT COMPETED,1,ONLY ONE SOURCE,70B03C24Q00000075,X1FF,LEASE/RENTAL OF PENAL FACILITIES,922140,CORRECTIONAL INSTITUTIONS,CHANGE IN DAILY RATE,DETENTION SPACE FOR MIGRANTS,https://www.usaspending.gov/award/CONT_AWD_70B03C24C00000054_7014_-NONE-_-NONE-
401b2bd1d0dcb06f93e222701dcfb2d38030725daf45302afd669facd7cbc2c6,ICE,Trump_II,ICE detention services,2025-05-05,70CDCR25FR0000009,70CDCR20D00000009,Delivery Order,P00004,yes,"THE GEO GROUP, INC.",JMLKZZ1NL2Z6,3JMR1,7325766.00,120393306.26,120393306.26,2024-12-20,2025-12-19,2029-12-19,DETENTION COMPLIANCE AND REMOVALS,,Full And Open Competition,,Negotiated Proposal/Quote,,S206,Guard Services,561612,Security Guards and Patrol Services ,"FUNDING FOR ADELANTO DETENTION SERVICES FACILITY OPERATING CHARGE, DAILY OCCUPANCY, TRANSPORTATION, GUARD SERVICES, AND OTHER DIRECT COSTS AT ADELANTO DETENTION CENTER IN LOS ANGELES CALIFORNIA.",DETENTION SERVICES FOR LOS ANGELES AOR AT ADELANTO DETENTION FACILITY,https://www.usaspending.gov/award/CONT_AWD_70CDCR25FR0000009_7012_70CDCR20D00000009_7012
5fce29e53ad2ef6a2ec4df6e9b101eebb5afba2ee9f0c8b0f721a15b0ca357be,ICE,Trump_II,ICE detention services,2025-05-06,70CDCR25FR0000004,HSCEDM15D00015,Delivery Order,P00006,yes,"THE GEO GROUP, INC.",JMLKZZ1NL2Z6,3JMR1,15045785.73,117431349.50,117431349.50,2024-10-28,2026-03-27,2026-03-27,DETENTION COMPLIANCE AND REMOVALS,,Full And Open Competition,,Negotiated Proposal/Quote,,S206,Guard Services,561210,Facilities Support Services,"THIS MODIFICATION ADDS FUNDING FOR DETENTION AND TRANSPORTATION SERVICES, FUEL, OVERTIME TRANSPORTATION SERVICES, AND REMOTE POST AT A DETENTION FACILITY IN THE SEATTLE AREA OF RESPONSIBILITY.","NEW TASK ORDER FOR DETENTION AND TRANSPORTATION SERVICES AT TACOMA, WA FOR SEATTLE AOR",https://www.usaspending.gov/award/CONT_AWD_70CDCR25FR0000004_7012_HSCEDM15D00015_7012
83254c7470f4f2350ed9f23a436741edd684498c34e4abd1ce3b52fb84324420,ICE,Trump_II,ICE detention services,2025-05-07,70CDCR24FR0000053,70CDCR21D00000004,Delivery Order,P00007,yes,"THE GEO GROUP, INC.",JMLKZZ1NL2Z6,3JMR1,7733800.00,42926174.75,43191291.32,2024-09-01,2025-09-30,2025-09-30,DETENTION COMPLIANCE AND REMOVALS,,Full And Open Competition,,Negotiated Proposal/Quote,,S206,Guard Services,561612,Security Guards and Patrol Services ,THIS MODIFICATION OBLIGATES FUNDS FOR DETENTION AND TRANSPORTATION SERVICES TO HOUSE AND SAFEGUARD ILLEGAL ALIEN DETAINEES AT BROWARD TRANSITIONAL CENTER WITHIN ENFORCEMENT AND REMOVAL OPERATIONS (ERO) MIAMI AREA OF RESPONSIBILITY (AOR),NEW TASK ORDER TO PROVIDE FUNDING TO HOUSE AND TRANSPORT ICE DETAINEES AT BROWARD TRANSITIONAL CENTER,https://www.usaspending.gov/award/CONT_AWD_70CDCR24FR0000053_7012_70CDCR21D00000004_7012
16c1468dd85c2957668dabad3e931fa1ea2d831db0c0708cf8b160a0997ecb54,ICE,Trump_II,ICE detention services,2025-05-07,70CDCR25FC0000002,HSCEDM14A00001,BPA Call,P00002,yes,"THE GEO GROUP, INC.",JMLKZZ1NL2Z6,3JMR1,711000.00,8722448.00,8722448.00,2025-04-01,2026-03-31,2026-03-31,DETENTION COMPLIANCE AND REMOVALS,,Competed Under Simplified Acquisition Procedures,1,Simplified Acquisition,,S206,Guard Services,922140,Correctional Institutions ,THE PURPOSE OF THIS CONTRACT IS TO PROVIDE DETENTION AND TRANSPORTATION SERVICES AT RIO GRANDE DETENTION CENTER. THE PURPOSE OF THIS MODIFICATION IS TO ADD FUNDING FOR DETENTION AND TRANSPORTATION SERVICES.,"THE PURPOSE OF THIS CONTRACT IS TO PROVIDE DETENTION AND TRANSPORTATION SERVICES AT RIO GRANDE DETENTION CENTER IN LAREDO, TX.",https://www.usaspending.gov/award/CONT_AWD_70CDCR25FC0000002_7012_HSCEDM14A00001_7012
2ddbdccd18d8b30344ec8248bd30b59b2dcf1cef84a16550842a8692bec26733,ICE,Trump_II,ICE detention services,2025-05-07,70CDCR25FR0000005,70CDCR22D00000001,Delivery Order,P00008,yes,"THE GEO GROUP, INC.",JMLKZZ1NL2Z6,3JMR1,8735199.99,59993453.20,59993453.20,2024-10-16,2025-10-15,2025-10-15,DETENTION COMPLIANCE AND REMOVALS,,Full And Open Competition,,Negotiated Proposal/Quote,,S206,Guard Services,561210,Facilities Support Services,"THIS AWARD PROVIDES DETENTION, TRANSPORTATION, AND MEDICAL SERVICES FOR DENVER AURORA CONTRACT DETENTION FACILITY TO ACHIEVE THE ICE MISSION TO SAFELY HOUSE DETAINED ALIENS. THIS MODIFICATION OBLIGATES ADDITIONAL FUNDING FOR THESE SERVICES.","DETENTION, TRANSPORTATION, AND MEDICAL SERVICES FOR DENVER (AURORA) CONTRACT DETENTION FACILITY",https://www.usaspending.gov/award/CONT_AWD_70CDCR25FR0000005_7012_70CDCR22D00000001_7012
0f76f8630522b04ce2c198bc7992754403aeeed02119a30295891ec00343b708,ICE,Trump_II,ICE detention services,2025-05-08,70CDCR25FR0000010,70CDCR20D00000009,Delivery Order,P00003,yes,"THE GEO GROUP, INC.",JMLKZZ1NL2Z6,3JMR1,2853167.00,34270827.48,34270827.48,2024-12-20,2025-12-19,2025-12-19,DETENTION COMPLIANCE AND REMOVALS,,Full And Open Competition,,Negotiated Proposal/Quote,,S206,Guard Services,561612,Security Guards and Patrol Services ,FUNDING FOR DESERT VIEW DETENTION SERVICES FACILITY OPERATING CHARGE AND PER DIEM RATES AT THE DESERT VIEW ANNEX IN LOS ANGELES CALIFORNIA.,DETENTION SERVICES DESERT VIEW (DV) ANNEX IN THE LOS ANGELES AREA OF RESPONSIBILITY,https://www.usaspending.gov/award/CONT_AWD_70CDCR25FR0000010_7012_70CDCR20D00000009_7012
9f5ba8595b1fb8015ecf30d752b18bd42963b8a5ba9da5d291ad392bd898f0b7,ICE,Trump_II,ICE detention services,2025-05-09,70CDCR25FR0000029,70CDCR25D00000007,Delivery Order,P00003,yes,"THE GEO GROUP, INC.",JMLKZZ1NL2Z6,3JMR1,9616100.00,58637673.24,58637673.24,2025-03-01,2026-02-28,2026-04-10,DETENTION COMPLIANCE AND REMOVALS,,Full And Open Competition,,Negotiated Proposal/Quote,,S206,Guard Services,561612,Security Guards and Patrol Services ,THIS AWARD PROVIDES DETENTION AND TRANSPORTATION SERVICES WHICH IS REQUIRED FOR HOUSING ICE ALIENS AT THE DELANEY HALL CONTRACT DETENTION FACILITY. THIS MODIFICATION PROVIDES ADDITIONAL FUNDING FOR THESE SERVICES.,"THE PURPOSE OF THIS NEW TASK ORDER IS TO PROVIDE THE FUNDING NECESSARY FOR TRANSITION, DETENTION, AND TRANSPORTATION SERVICES FOR HOUSING ICE ALIENS AT THE DELANEY HALL CONTRACT DETENTION FACILITY IN NEWARK NEW JERSEY.",https://www.usaspending.gov/award/CONT_AWD_70CDCR25FR0000029_7012_70CDCR25D00000007_7012
a436f942065669be1ef77b661160f5c2540a1b9a251a2204a59437d08ce083c7,CBP,Trump_II,CBP detention/jail space,2025-05-16,70B03C24C00000054,,DEFINITIVE CONTRACT,P00003,yes,"THE GEO GROUP, INC.",JMLKZZ1NL2Z6,3JMR1,333462.46,857297.98,1175318.50,2024-07-09,2027-06-30,2028-06-30,BORDER ENFORCEMENT CONTRACTING DIVISION,US BORDER PATROL,NOT COMPETED,1,ONLY ONE SOURCE,70B03C24Q00000075,X1FF,LEASE/RENTAL OF PENAL FACILITIES,922140,CORRECTIONAL INSTITUTIONS,DETENTION SPACE,DETENTION SPACE FOR MIGRANTS,https://www.usaspending.gov/award/CONT_AWD_70B03C24C00000054_7014_-NONE-_-NONE-
843893dff18ab9fe49f3f8b01149335d868385f84b7c2611e2f1628166bcceac,ICE,Trump_II,ICE detention services,2025-05-17,70CDCR25FR0000075,70CDCR25D00000016,Delivery Order,0,no,"THE GEO GROUP, INC.",JMLKZZ1NL2Z6,3JMR1,250.00,250.00,250.00,2025-05-17,2027-05-16,2027-05-16,DETENTION COMPLIANCE AND REMOVALS,,Full And Open Competition,54,Subject To Multiple Award Fair Opportunity,,S206,Guard Services,561612,Security Guards and Patrol Services ,THIS IS A TASK ORDER FOR THE MINIMUM OBLIGATION UNDER THE MULTIPLE-AWARD STRATEGIC SOURCING VEHICLE FOR EMERGENCY DETENTION AND RELATED SERVICES FOR ALIENS IN IMMIGRATION AND CUSTOMS ENFORCEMENT CUSTODY IN RESPONSE TO THE BORDER EMERGENCY.,THIS IS A TASK ORDER FOR THE MINIMUM OBLIGATION UNDER THE MULTIPLE-AWARD STRATEGIC SOURCING VEHICLE FOR EMERGENCY DETENTION AND RELATED SERVICES FOR ALIENS IN IMMIGRATION AND CUSTOMS ENFORCEMENT CUSTODY IN RESPONSE TO THE BORDER EMERGENCY.,https://www.usaspending.gov/award/CONT_AWD_70CDCR25FR0000075_7012_70CDCR25D00000016_7012
df92c53558676929c67cd5a681d0ec5c72cd3e1b73ffe1e134c0f41e263f3209,ICE,Trump_II,ICE detention services,2025-05-21,70CDCR25FR0000013,70CDCR20D00000008,Delivery Order,P00004,yes,"THE GEO GROUP, INC.",JMLKZZ1NL2Z6,3JMR1,8576503.00,66190762.72,66190762.72,2024-12-20,2025-12-19,2025-12-19,DETENTION COMPLIANCE AND REMOVALS,,Full And Open Competition,,Negotiated Proposal/Quote,70CDCR20R00000002,S206,Guard Services,561612,Security Guards and Patrol Services ,THIS MODIFICATION ADDS FUNDING FOR DETENTION SERVICES AT THE MESA VERDE AND GOLDEN STATE ICE DETENTION FACILITIES IN THE SAN FRANCISCO AREA OF RESPONSIBILITY.,HOUSING FOR DETAINEES IS PROVIDED AT THE MESA VERDE AND GOLDEN STATE ICE DETENTION FACILITIES IN THE SAN FRANCISCO AREA OF RESPONSIBILITY.,https://www.usaspending.gov/award/CONT_AWD_70CDCR25FR0000013_7012_70CDCR20D00000008_7012
4b240674a89027b138b4ae7fa49a9fa103d93b117b6332319c38a79610f52a1f,ICE,Trump_II,ICE detention services,2025-05-28,70CDCR25FR0000009,70CDCR20D00000009,Delivery Order,P00005,yes,"THE GEO GROUP, INC.",JMLKZZ1NL2Z6,3JMR1,14651600.00,120393306.26,120393306.26,2024-12-20,2025-12-19,2029-12-19,DETENTION COMPLIANCE AND REMOVALS,,Full And Open Competition,,Negotiated Proposal/Quote,,S206,Guard Services,561612,Security Guards and Patrol Services ,"FUNDING FOR ADELANTO DETENTION SERVICES FACILITY OPERATING CHARGE, DAILY OCCUPANCY, TRANSPORTATION, GUARD SERVICES, AND OTHER DIRECT COSTS AT ADELANTO DETENTION CENTER IN LOS ANGELES CALIFORNIA.",DETENTION SERVICES FOR LOS ANGELES AOR AT ADELANTO DETENTION FACILITY,https://www.usaspending.gov/award/CONT_AWD_70CDCR25FR0000009_7012_70CDCR20D00000009_7012
5967c5b7e9ac42e8c95526a83c14cb68f6c5179c0548d595580fd0a734e77c45,ICE,Trump_II,ICE detention services,2025-05-28,70CDCR25FR0000010,70CDCR20D00000009,Delivery Order,P00004,yes,"THE GEO GROUP, INC.",JMLKZZ1NL2Z6,3JMR1,5706400.00,34270827.48,34270827.48,2024-12-20,2025-12-19,2025-12-19,DETENTION COMPLIANCE AND REMOVALS,,Full And Open Competition,,Negotiated Proposal/Quote,,S206,Guard Services,561612,Security Guards and Patrol Services ,FUNDING FOR DESERT VIEW DETENTION SERVICES FACILITY OPERATING CHARGE AND PER DIEM RATES AT THE DESERT VIEW ANNEX IN LOS ANGELES CALIFORNIA.,DETENTION SERVICES DESERT VIEW (DV) ANNEX IN THE LOS ANGELES AREA OF RESPONSIBILITY,https://www.usaspending.gov/award/CONT_AWD_70CDCR25FR0000010_7012_70CDCR20D00000009_7012
a8f9b705defb24a01a450442cdfcaa3e7e29e05d93a2a48b8b035f7b66b7c024,ICE,Trump_II,ICE detention services,2025-05-30,70CDCR24FC0000005,70CDCR18A00000007,BPA Call,P00004,yes,"THE GEO GROUP, INC.",JMLKZZ1NL2Z6,3JMR1,300000.00,489732.40,489732.40,2024-07-23,2025-07-22,2025-07-22,DETENTION COMPLIANCE AND REMOVALS,,Competed Under Simplified Acquisition Procedures,1,Simplified Acquisition,,S206,Guard Services,922140,Correctional Institutions ,THIS MODIFICATION FUNDS DETENTION SERVICES TO HOUSE AND SAFEGUARD ILLEGAL ALIENS IN SUPPORT OF ENFORCEMENT AND REMOVAL OPERATIONS (ERO) AT ROBERT A. DEYTON DETENTION FACILITY,DETAINEE BED DAYS AT THE ROBERT A. DEYTON DETENTION FACILITY,https://www.usaspending.gov/award/CONT_AWD_70CDCR24FC0000005_7012_70CDCR18A00000007_7012
a93b3b6757c019a1225df92856678afb28acaabda5f22144c19d202d21f3df4e,ICE,Trump_II,ICE detention services,2025-06-04,70CDCR24FR0000011,70CDCR20D00000009,Delivery Order,P00009,yes,"THE GEO GROUP, INC.",JMLKZZ1NL2Z6,3JMR1,-385159.10,83367984.37,83367984.37,2023-12-20,2024-12-19,2024-12-19,DETENTION COMPLIANCE AND REMOVALS,,Full And Open Competition,,Negotiated Proposal/Quote,,S206,Guard Services,561612,Security Guards and Patrol Services ,DE-OBLIGATION OF FUNDING FOR DETENTION BEDS AT ADELANTO,ESTABLISH NEW TASK ORDER FOR DETENTION SERVICES AT ADELANTO,https://www.usaspending.gov/award/CONT_AWD_70CDCR24FR0000011_7012_70CDCR20D00000009_7012
32081d441a6ffefcd4b680eb833f0dba7bfe3ca078f103db583d582c34801637,ICE,Trump_II,ICE ISAP/electronic monitoring,2025-06-06,70CDCR24FR0000049,70CDCR20D00000011,Delivery Order,P00009,yes,B.I. INCORPORATED,PKK6L9KLMYR5,3CUH9,18349546.68,270648323.50,270648323.50,2024-08-01,2025-09-30,2025-09-30,DETENTION COMPLIANCE AND REMOVALS,,Full And Open Competition,,Negotiated Proposal/Quote,70CDCR19R00000002,R408,Program Management/Support Services,561210,Facilities Support Services,ADDITIONAL FUNDING FOR CONTRACT MANAGEMENT AND OPERATIONAL SUPPORT FOR THE INTENSIVE SUPERVISION APPEARANCE PROGRAM IN SUPPORT OF ALTERNATIVES TO DETENTION FOR IMMIGRATION AND CUSTOMS ENFORCEMENT,INTENSIVE SUPERVISION APPEARANCE PROGRAM (ISAP IV),https://www.usaspending.gov/award/CONT_AWD_70CDCR24FR0000049_7012_70CDCR20D00000011_7012
2051a50313f3b0a1d2e470f2af05d3253b42fe090084d5f528be7b060c79c003,ICE,Trump_II,ICE detention services,2025-06-06,70CDCR24FR0000053,70CDCR21D00000004,Delivery Order,P00008,yes,"THE GEO GROUP, INC.",JMLKZZ1NL2Z6,3JMR1,540287.00,42926174.75,43191291.32,2024-09-01,2025-09-30,2025-09-30,DETENTION COMPLIANCE AND REMOVALS,,Full And Open Competition,,Negotiated Proposal/Quote,,S206,Guard Services,561612,Security Guards and Patrol Services ,THIS MODIFICATION OBLIGATES FUNDS FOR DETENTION AND TRANSPORTATION SERVICES TO HOUSE AND SAFEGUARD ILLEGAL ALIEN DETAINEES AT BROWARD TRANSITIONAL CENTER WITHIN ENFORCEMENT AND REMOVAL OPERATIONS (ERO) MIAMI AREA OF RESPONSIBILITY (AOR),NEW TASK ORDER TO PROVIDE FUNDING TO HOUSE AND TRANSPORT ICE DETAINEES AT BROWARD TRANSITIONAL CENTER,https://www.usaspending.gov/award/CONT_AWD_70CDCR24FR0000053_7012_70CDCR21D00000004_7012
616b63a6e69edaa07e5ba82603140eaeddb2b8815ad55a7c528016b0ca396807,ICE,Trump_II,ICE detention services,2025-06-13,70CDCR25FR0000005,70CDCR22D00000001,Delivery Order,P00009,yes,"THE GEO GROUP, INC.",JMLKZZ1NL2Z6,3JMR1,1768206.53,59993453.20,59993453.20,2024-10-16,2025-10-15,2025-10-15,DETENTION COMPLIANCE AND REMOVALS,,Full And Open Competition,,Negotiated Proposal/Quote,,S206,Guard Services,561210,Facilities Support Services,"THIS AWARD PROVIDES DETENTION, TRANSPORTATION, AND MEDICAL SERVICES FOR DENVER AURORA CONTRACT DETENTION FACILITY TO ACHIEVE THE ICE MISSION TO SAFELY HOUSE DETAINED ALIENS. THIS MODIFICATION OBLIGATES ADDITIONAL FUNDING FOR THESE SERVICES.","DETENTION, TRANSPORTATION, AND MEDICAL SERVICES FOR DENVER (AURORA) CONTRACT DETENTION FACILITY",https://www.usaspending.gov/award/CONT_AWD_70CDCR25FR0000005_7012_70CDCR22D00000001_7012
7de49644f70a417746d640e09bb745fd98d50c4c1019ab6521e53acd3c884c52,ICE,Trump_II,ICE detention services,2025-06-30,70CDCR25FC0000002,HSCEDM14A00001,BPA Call,P00004,yes,"THE GEO GROUP, INC.",JMLKZZ1NL2Z6,3JMR1,1941188.00,8722448.00,8722448.00,2025-04-01,2026-03-31,2026-03-31,DETENTION COMPLIANCE AND REMOVALS,,Competed Under Simplified Acquisition Procedures,1,Simplified Acquisition,,S206,Guard Services,922140,Correctional Institutions ,THE PURPOSE OF THIS CONTRACT IS TO PROVIDE DETENTION AND TRANSPORTATION SERVICES AT RIO GRANDE DETENTION CENTER. THE PURPOSE OF THIS MODIFICATION IS TO ADD FUNDING FOR GUARD SERVICES.,"THE PURPOSE OF THIS CONTRACT IS TO PROVIDE DETENTION AND TRANSPORTATION SERVICES AT RIO GRANDE DETENTION CENTER IN LAREDO, TX.",https://www.usaspending.gov/award/CONT_AWD_70CDCR25FC0000002_7012_HSCEDM14A00001_7012
4d80fec3403d4a5c0aba36b8674506c8c30ef225e63acd4c6359e66e5a5c3a74,ICE,Trump_II,ICE detention services,2025-07-01,70CDCR25FR0000005,70CDCR22D00000001,Delivery Order,P00010,yes,"THE GEO GROUP, INC.",JMLKZZ1NL2Z6,3JMR1,10630000.00,59993453.20,59993453.20,2024-10-16,2025-10-15,2025-10-15,DETENTION COMPLIANCE AND REMOVALS,,Full And Open Competition,,Negotiated Proposal/Quote,,S206,Guard Services,561210,Facilities Support Services,"THIS AWARD PROVIDES DETENTION, TRANSPORTATION, AND MEDICAL SERVICES FOR DENVER AURORA CONTRACT DETENTION FACILITY TO ACHIEVE THE ICE MISSION TO SAFELY HOUSE DETAINED ALIENS. THIS MODIFICATION OBLIGATES ADDITIONAL FUNDING FOR THESE SERVICES.","DETENTION, TRANSPORTATION, AND MEDICAL SERVICES FOR DENVER (AURORA) CONTRACT DETENTION FACILITY",https://www.usaspending.gov/award/CONT_AWD_70CDCR25FR0000005_7012_70CDCR22D00000001_7012
bd913b350cfb3cf0339632b17b6c4a1036dc95b5d62ad3d79f93c86c8183ecde,ICE,Trump_II,ICE detention services,2025-07-14,70CDCR24FR0000056,HSCEDM17D00009,Delivery Order,P00010,yes,"THE GEO GROUP, INC.",JMLKZZ1NL2Z6,3JMR1,7428000.00,61884954.77,61884954.77,2024-08-17,2025-08-17,2025-08-17,DETENTION COMPLIANCE AND REMOVALS,,Full And Open Competition,,Negotiated Proposal/Quote,HSCEDM15R00004,S206,Guard Services,561210,Facilities Support Services,"THE PURPOSE OF THIS CONTRACT IS TO PROVIDE DETENTION AND TRANSPORTATION SERVICES AT MONTGOMERY PROCESSING CENTER IN CONROE, TX. THE PURPOSE OF THIS ORDER IS TO UPDATE THE PERIOD OF PERFORMANCE AND ADD FUNDING FOR THE CONTINUANCE OF SERVICES.",MONTGOMERY PROCESSING CTR FY24,https://www.usaspending.gov/award/CONT_AWD_70CDCR24FR0000056_7012_HSCEDM17D00009_7012
f9d8f10d36e9321cbd5c49eced1c2d2a3c8cb9853c0615ea2c0fc284d0f6391c,ICE,Trump_II,ICE detention services,2025-07-21,70CDCR25FC0000007,70CDCR18A00000007,BPA Call,0,no,"THE GEO GROUP, INC.",JMLKZZ1NL2Z6,3JMR1,35300.00,1896600.00,1896600.00,2025-07-23,2026-07-22,2026-07-22,DETENTION COMPLIANCE AND REMOVALS,,Competed Under Simplified Acquisition Procedures,1,Simplified Acquisition,,S206,Guard Services,922140,Correctional Institutions ,THIS TASK ORDER FUNDS DETENTION SERVICES TO HOUSE AND SAFEGUARD ILLEGAL ALIENS IN SUPPORT OF ENFORCEMENT AND REMOVAL OPERATIONS (ERO) AT ROBERT A. DEYTON DETENTION FACILITY,THIS TASK ORDER FUNDS DETENTION SERVICES TO HOUSE AND SAFEGUARD ILLEGAL ALIENS IN SUPPORT OF ENFORCEMENT AND REMOVAL OPERATIONS (ERO) AT ROBERT A. DEYTON DETENTION FACILITY,https://www.usaspending.gov/award/CONT_AWD_70CDCR25FC0000007_7012_70CDCR18A00000007_7012
6c548e6db57823d759b1a65f8eb07996fe60cf156b32ffe36bafe40d65de507b,ICE,Trump_II,ICE detention services,2025-07-22,70CDCR23FC0000014,70CDCR18A00000007,BPA Call,P00006,yes,"THE GEO GROUP, INC.",JMLKZZ1NL2Z6,3JMR1,-2219.44,137180.56,137180.56,2023-07-23,2024-07-22,2024-07-22,DETENTION COMPLIANCE AND REMOVALS,,Competed Under Simplified Acquisition Procedures,1,Simplified Acquisition,,S206,Guard Services,922140,Correctional Institutions ,THE PURPOSE OF THIS MODIFICATION IS TO ODE-OBLIGATE UNUSED FUNDING AND CLOSE THIS TASK ORDER.,DETAINEE BED DAYS AT THE ROBERT A. DEYTON DETENTION FACILITY,https://www.usaspending.gov/award/CONT_AWD_70CDCR23FC0000014_7012_70CDCR18A00000007_7012
39b9004c9d8ecd31af38df183f496537c15beb9a56d2f66d51d1ef88f5784e7f,ICE,Trump_II,ICE detention services,2025-07-22,70CDCR23FR0000002,HSCEDM15D00015,Delivery Order,P00010,yes,"THE GEO GROUP, INC.",JMLKZZ1NL2Z6,3JMR1,-3150.00,69539507.19,69539507.19,2022-10-28,2023-10-27,2023-10-27,DETENTION COMPLIANCE AND REMOVALS,,Full And Open Competition,,Negotiated Proposal/Quote,,S206,Guard Services,561210,Facilities Support Services,"THE MODIFICATION IS TO CLOSE OUT THE CONTRACT AND DE-OBLIGATE FUNDING FOR THE NORTHWEST DETENTION CENTER, TACOMA","NEW TASK ORDER FOR DETENTION AND TRANSPORTATION SERVICES AT NORTHWEST DETENTION CENTER, TACOMA",https://www.usaspending.gov/award/CONT_AWD_70CDCR23FR0000002_7012_HSCEDM15D00015_7012
62e0aa8445c33058f02756e33ac5db7a22e4e84e364c820d6d84ffe3bad59d70,ICE,Trump_II,ICE detention services,2025-07-23,70CDCR24FR0000012,70CDCR20D00000009,Delivery Order,P00010,yes,"THE GEO GROUP, INC.",JMLKZZ1NL2Z6,3JMR1,-68104.30,32758675.92,32758675.92,2023-12-20,2024-12-19,2024-12-19,DETENTION COMPLIANCE AND REMOVALS,,Full And Open Competition,,Negotiated Proposal/Quote,,S206,Guard Services,561612,Security Guards and Patrol Services ,CLOSE OUT AND DEOBLIGATION OF FUNDS FOR DETENTION SERVICES AT DESERT VIEW FOR LOS AOR,NEW TASK ORDER FOR DETENTION SERVICES DESERT VIEW (DV) ANNEX IN THE LOS ANGELES AREA OF RESPONSIBILITY,https://www.usaspending.gov/award/CONT_AWD_70CDCR24FR0000012_7012_70CDCR20D00000009_7012
a1e420ce9211b0a5a2a84b06bb80e6ea22d76dd37e6df9f8d524c192ffd6cb26,ICE,Trump_II,ICE detention services,2025-07-24,70CDCR25FC0000002,HSCEDM14A00001,BPA Call,P00005,yes,"THE GEO GROUP, INC.",JMLKZZ1NL2Z6,3JMR1,600.00,8722448.00,8722448.00,2025-04-01,2026-03-31,2026-03-31,DETENTION COMPLIANCE AND REMOVALS,,Competed Under Simplified Acquisition Procedures,1,Simplified Acquisition,,S206,Guard Services,922140,Correctional Institutions ,THE PURPOSE OF THIS CONTRACT IS TO PROVIDE DETENTION AND TRANSPORTATION SERVICES AT RIO GRANDE DETENTION CENTER. THE PURPOSE OF THIS MODIFICATION IS TO ADD FUNDING FOR GUARD SERVICES.,"THE PURPOSE OF THIS CONTRACT IS TO PROVIDE DETENTION AND TRANSPORTATION SERVICES AT RIO GRANDE DETENTION CENTER IN LAREDO, TX.",https://www.usaspending.gov/award/CONT_AWD_70CDCR25FC0000002_7012_HSCEDM14A00001_7012
479a2a31a10c70ab45f53e6154b77da0b1c2740e4fe83485173708cd3ac73870,ICE,Trump_II,ICE detention services,2025-07-24,70CDCR25FR0000004,HSCEDM15D00015,Delivery Order,P00007,yes,"THE GEO GROUP, INC.",JMLKZZ1NL2Z6,3JMR1,13700853.00,117431349.50,117431349.50,2024-10-28,2026-03-27,2026-03-27,DETENTION COMPLIANCE AND REMOVALS,,Full And Open Competition,,Negotiated Proposal/Quote,,S206,Guard Services,561210,Facilities Support Services,"THIS MODIFICATION ADDS FUNDING FOR DETENTION AND TRANSPORTATION SERVICES, FUEL, EXPANSION, REMOTE POST, AND OVERTIME BEDS AT A DETENTION FACILITY IN THE SEATTLE AREA OF RESPONSIBILITY.","NEW TASK ORDER FOR DETENTION AND TRANSPORTATION SERVICES AT TACOMA, WA FOR SEATTLE AOR",https://www.usaspending.gov/award/CONT_AWD_70CDCR25FR0000004_7012_HSCEDM15D00015_7012
7f2c8b24a29de69152b38a45bc2d90171481d1164fd105eca8a68d95482a96fa,ICE,Trump_II,ICE detention services,2025-08-01,70CDCR25FR0000096,70CDCR25D00000009,Delivery Order,0,no,"THE GEO GROUP, INC.",JMLKZZ1NL2Z6,3JMR1,17999289.00,85650421.00,85650421.00,2025-07-21,2026-07-20,2026-07-20,DETENTION COMPLIANCE AND REMOVALS,,Not Competed,,Sole Source,,S206,Guard Services,561612,Security Guards and Patrol Services ,THE PURPOSE OF THIS TASK ORDER IS FOR COMPREHENSIVE DETENTION AND TRANSPORATION SERVICES FOR HOUSING CRIMINAL ALIENS AT NORTH LAKE DETENTION CENTER IN BALDWIN MI.,THE PURPOSE OF THIS TASK ORDER IS FOR COMPREHENSIVE DETENTION AND TRANSPORATION SERVICES FOR HOUSING CRIMINAL ALIENS AT NORTH LAKE DETENTION CENTER IN BALDWIN MI.,https://www.usaspending.gov/award/CONT_AWD_70CDCR25FR0000096_7012_70CDCR25D00000009_7012
fa784532903450e4107966f8622c5d90a8987548ced63da4f663646a0d870164,ICE,Trump_II,ICE detention services,2025-08-04,70CDCR24FC0000004,HSCEDM14A00001,BPA Call,P00009,yes,"THE GEO GROUP, INC.",JMLKZZ1NL2Z6,3JMR1,-154977.50,6796406.43,6796406.43,2024-04-01,2025-03-31,2025-03-31,DETENTION COMPLIANCE AND REMOVALS,,Competed Under Simplified Acquisition Procedures,1,Simplified Acquisition,,S206,Guard Services,922140,Correctional Institutions ,THIS IS A TASK ORDER FOR DETENTION SERVICES AT THE RIO GRANDE DETENTION CENTER. THE PURPOSE OF THIS MODIFICATION IS TO DEOBLIGATE EXCESS FUNDS AND CLOSEOUT THE TASK ORDER.,RIO GRANDE DETENTION CENTER FY24 BPA CALL,https://www.usaspending.gov/award/CONT_AWD_70CDCR24FC0000004_7012_HSCEDM14A00001_7012
485c14a357e8e86a9e679d874fc131cb2dbfb388f5c6a85c96f23c06daff014a,ICE,Trump_II,ICE detention services,2025-08-07,70CDCR25FR0000010,70CDCR20D00000009,Delivery Order,P00005,yes,"THE GEO GROUP, INC.",JMLKZZ1NL2Z6,3JMR1,4633800.00,34270827.48,34270827.48,2024-12-20,2025-12-19,2025-12-19,DETENTION COMPLIANCE AND REMOVALS,,Full And Open Competition,,Negotiated Proposal/Quote,,S206,Guard Services,561612,Security Guards and Patrol Services ,FUNDING FOR DESERT VIEW DETENTION SERVICES FACILITY OPERATING CHARGE AND PER DIEM RATES AT THE DESERT VIEW ANNEX IN LOS ANGELES CALIFORNIA.,DETENTION SERVICES DESERT VIEW (DV) ANNEX IN THE LOS ANGELES AREA OF RESPONSIBILITY,https://www.usaspending.gov/award/CONT_AWD_70CDCR25FR0000010_7012_70CDCR20D00000009_7012
e15e1690a4e0976ff82e2eeff9bc031ae3f2ac1191f68f9c6724241859a06dbd,ICE,Trump_II,ICE detention services,2025-08-12,70CDCR25FR0000091,70CDCR20D00000012,Delivery Order,0,no,"THE GEO GROUP, INC.",JMLKZZ1NL2Z6,3JMR1,10260749.45,57517165.28,57517165.28,2025-08-06,2026-08-05,2026-08-05,DETENTION COMPLIANCE AND REMOVALS,,Full And Open Competition,,Negotiated Proposal/Quote,,S206,Guard Services,922140,Correctional Institutions ,THIS TASK ORDER PROVIDES DETENTION AND TRANSPORTATION SERVICES AT THE SOUTH TEXAS ICE IMMIGRATION PROCESSING CENTER (STIPC).,THIS TASK ORDER PROVIDES DETENTION AND TRANSPORTATION SERVICES AT THE SOUTH TEXAS ICE IMMIGRATION PROCESSING CENTER (STIPC).,https://www.usaspending.gov/award/CONT_AWD_70CDCR25FR0000091_7012_70CDCR20D00000012_7012
c2d03e11c3c441ac08b64b5009aa6bcbd4454bdf1e3941048bc5fb59732569da,ICE,Trump_II,ICE detention services,2025-08-13,70CDCR25FR0000009,70CDCR20D00000009,Delivery Order,P00006,yes,"THE GEO GROUP, INC.",JMLKZZ1NL2Z6,3JMR1,17707729.00,120393306.26,120393306.26,2024-12-20,2025-12-19,2029-12-19,DETENTION COMPLIANCE AND REMOVALS,,Full And Open Competition,,Negotiated Proposal/Quote,,S206,Guard Services,561612,Security Guards and Patrol Services ,"FUNDING FOR ADELANTO DETENTION SERVICES FACILITY OPERATING CHARGE, DAILY OCCUPANCY, TRANSPORTATION, GUARD SERVICES, AND OTHER DIRECT COSTS AT ADELANTO DETENTION CENTER IN LOS ANGELES CALIFORNIA.",DETENTION SERVICES FOR LOS ANGELES AOR AT ADELANTO DETENTION FACILITY,https://www.usaspending.gov/award/CONT_AWD_70CDCR25FR0000009_7012_70CDCR20D00000009_7012
538bcfe91ef22f0c6099421b924576e4505c0eea41375f9034b41c73dd0b74b0,ICE,Trump_II,ICE detention services,2025-08-14,70CDCR24FR0000038,70CDCR20D00000012,Delivery Order,P00008,yes,"THE GEO GROUP, INC.",JMLKZZ1NL2Z6,3JMR1,6465158.63,60523845.63,61052936.90,2024-08-06,2025-08-05,2025-08-05,DETENTION COMPLIANCE AND REMOVALS,,Full And Open Competition,,Negotiated Proposal/Quote,,S206,Guard Services,922140,Correctional Institutions ,THIS TASK ORDER PROVIDES DETENTION AND TRANSPORTATION SERVICES FOR ALIEN DETAINEES AT THE SOUTH TEXAS ICE PROCESSING CENTER (STIPC). THIS CURRENT MODIFICATION OBLIGATES FUNDS TO SUPPORT THE DETENTION AND TRANSPORTATION SERVICES.,DETENTION AND TRANSPORTATION SERVICES - SOUTH TEXAS ICE PROCESSING CENTER (STIPC) FY24 TASK ORDER,https://www.usaspending.gov/award/CONT_AWD_70CDCR24FR0000038_7012_70CDCR20D00000012_7012
843aa5c375a6026792a465f27543b026773f7f02b74f6fdd17ebaa4661355d38,ICE,Trump_II,ICE detention services,2025-08-18,70CDCR24FR0000053,70CDCR21D00000004,Delivery Order,P00009,yes,"THE GEO GROUP, INC.",JMLKZZ1NL2Z6,3JMR1,6135050.00,42926174.75,43191291.32,2024-09-01,2025-09-30,2025-09-30,DETENTION COMPLIANCE AND REMOVALS,,Full And Open Competition,,Negotiated Proposal/Quote,,S206,Guard Services,561612,Security Guards and Patrol Services ,THIS MODIFICATION OBLIGATES FUNDS FOR DETENTION AND TRANSPORTATION SERVICES TO HOUSE AND SAFEGUARD ILLEGAL ALIEN DETAINEES AT BROWARD TRANSITIONAL CENTER WITHIN ENFORCEMENT AND REMOVAL OPERATIONS (ERO) MIAMI AREA OF RESPONSIBILITY (AOR),NEW TASK ORDER TO PROVIDE FUNDING TO HOUSE AND TRANSPORT ICE DETAINEES AT BROWARD TRANSITIONAL CENTER,https://www.usaspending.gov/award/CONT_AWD_70CDCR24FR0000053_7012_70CDCR21D00000004_7012
1652f56bce7729340bd19ca57a389e5a3d871444bf6dbd2b3badf88bafb185d5,ICE,Trump_II,ICE transportation/removal services,2025-08-28,70CDCR25FR0000100,70CDCR21D00000004,Delivery Order,0,no,"THE GEO GROUP, INC.",JMLKZZ1NL2Z6,3JMR1,2637300.00,43615535.00,43615535.00,2025-09-01,2026-08-31,2026-08-31,DETENTION COMPLIANCE AND REMOVALS,,Full And Open Competition,,Negotiated Proposal/Quote,,S206,Guard Services,561612,Security Guards and Patrol Services ,"THIS IS A NEW TASK ORDER TO OBLIGATE FUNDING FOR HOUSING AND SAFEGUARDING ILLEGAL ALIENS IN SUPPORT OF ENFORCEMENT AND REMOVAL OPERATIONS (ERO) AT BROWARD TRANSITIONAL CENTER IN POMPANO, FL.","THIS IS A NEW TASK ORDER TO OBLIGATE FUNDING FOR HOUSING AND SAFEGUARDING ILLEGAL ALIENS IN SUPPORT OF ENFORCEMENT AND REMOVAL OPERATIONS (ERO) AT BROWARD TRANSITIONAL CENTER IN POMPANO, FL.",https://www.usaspending.gov/award/CONT_AWD_70CDCR25FR0000100_7012_70CDCR21D00000004_7012
c7dc48310fc5f732ddb1ec78cac399c9e1463e41d1b7a28b64c9c8413a0d8994,ICE,Trump_II,ICE detention services,2025-09-04,70CDCR23FR0000048,70CDCR21D00000004,Delivery Order,P00011,yes,"THE GEO GROUP, INC.",JMLKZZ1NL2Z6,3JMR1,-266874.17,38861166.19,39381907.94,2023-09-01,2025-09-15,2025-09-15,DETENTION COMPLIANCE AND REMOVALS,,Full And Open Competition,,Negotiated Proposal/Quote,,S206,Guard Services,561612,Security Guards and Patrol Services ,THIS IS A CONTRACT FOR DETENTION AND TRANSPORTATION SERVICES FOR ILLEGAL ALIEN DETAINEES AT BROWARD TRANSITIONAL CENTER WITHIN ENFORCEMENT AND REMOVAL OPERATIONS (ERO). THIS MODIFICATION DE-OBLIGATES EXCESS FUNDS.,"BROWARD COUNTY, FL DETENTION AND TRANSPORTATION SERVICES",https://www.usaspending.gov/award/CONT_AWD_70CDCR23FR0000048_7012_70CDCR21D00000004_7012
0be49d67c704cb2987ba201750cf368638fdcbcca1a804365207dff58bc640d1,ICE,Trump_II,ICE detention services,2025-09-15,70CDCR25FR0000009,70CDCR20D00000009,Delivery Order,P00007,yes,"THE GEO GROUP, INC.",JMLKZZ1NL2Z6,3JMR1,19153000.00,120393306.26,120393306.26,2024-12-20,2025-12-19,2029-12-19,DETENTION COMPLIANCE AND REMOVALS,,Full And Open Competition,,Negotiated Proposal/Quote,,S206,Guard Services,561612,Security Guards and Patrol Services ,"FUNDING FOR ADELANTO DETENTION SERVICES FACILITY OPERATING CHARGE, TRANSPORTATION, AND GUARD SERVICES AT ADELANTO DETENTION CENTER TO SUPPORT LOS ANGELES AOR.",DETENTION SERVICES FOR LOS ANGELES AOR AT ADELANTO DETENTION FACILITY,https://www.usaspending.gov/award/CONT_AWD_70CDCR25FR0000009_7012_70CDCR20D00000009_7012
635884cd191da9aef5e3d5e24e168299919bab380cd41339046e0979641ffc27,ICE,Trump_II,ICE detention services,2025-09-15,70CDCR25FR0000010,70CDCR20D00000009,Delivery Order,P00006,yes,"THE GEO GROUP, INC.",JMLKZZ1NL2Z6,3JMR1,5174000.00,34270827.48,34270827.48,2024-12-20,2025-12-19,2025-12-19,DETENTION COMPLIANCE AND REMOVALS,,Full And Open Competition,,Negotiated Proposal/Quote,,S206,Guard Services,561612,Security Guards and Patrol Services ,FUNDING FOR DESERT VIEW DETENTION SERVICES FACILITY OPERATING CHARGE AND PER DIEM RATES AT THE DESERT VIEW ANNEX IN LOS ANGELES CALIFORNIA.,DETENTION SERVICES DESERT VIEW (DV) ANNEX IN THE LOS ANGELES AREA OF RESPONSIBILITY,https://www.usaspending.gov/award/CONT_AWD_70CDCR25FR0000010_7012_70CDCR20D00000009_7012
def182543eccb35a63aad190480559d797acf5c748640f2dd85c22d42c7e99df,ICE,Trump_II,ICE detention services,2025-09-16,70CDCR25FR0000091,70CDCR20D00000012,Delivery Order,P00001,yes,"THE GEO GROUP, INC.",JMLKZZ1NL2Z6,3JMR1,0.00,57517165.28,57517165.28,2025-08-06,2026-08-05,2026-08-05,DETENTION COMPLIANCE AND REMOVALS,,Full And Open Competition,,Negotiated Proposal/Quote,,S206,Guard Services,922140,Correctional Institutions ,THIS TASK ORDER PROVIDES DETENTION AND TRANSPORTATION SERVICES AT THE SOUTH TEXAS ICE IMMIGRATION PROCESSING CENTER (STIPC). THIS MODIFICATION INCORPORATES EMERGENCY BEDS TO THE TASK ORDER.,THIS TASK ORDER PROVIDES DETENTION AND TRANSPORTATION SERVICES AT THE SOUTH TEXAS ICE IMMIGRATION PROCESSING CENTER (STIPC).,https://www.usaspending.gov/award/CONT_AWD_70CDCR25FR0000091_7012_70CDCR20D00000012_7012
4ff8cb4097b0340d42c3db3706b64f7cf4b76bce97aee762a678981df4f7f710,ICE,Trump_II,ICE detention services,2025-09-17,70CDCR25FR0000100,70CDCR21D00000004,Delivery Order,P00001,yes,"THE GEO GROUP, INC.",JMLKZZ1NL2Z6,3JMR1,2649500.00,43615535.00,43615535.00,2025-09-01,2026-08-31,2026-08-31,DETENTION COMPLIANCE AND REMOVALS,,Full And Open Competition,,Negotiated Proposal/Quote,,S206,Guard Services,561612,Security Guards and Patrol Services ,THIS MODIFICATION ADDS FUNDING TO THE TASK ORDER FOR PROVIDING DETENTION SERVICES IN SUPPORT OF ENFORCEMENT AND REMOVAL OPERATIONS AT BROWARD TRANSITIONAL CENTER,"THIS IS A NEW TASK ORDER TO OBLIGATE FUNDING FOR HOUSING AND SAFEGUARDING ILLEGAL ALIENS IN SUPPORT OF ENFORCEMENT AND REMOVAL OPERATIONS (ERO) AT BROWARD TRANSITIONAL CENTER IN POMPANO, FL.",https://www.usaspending.gov/award/CONT_AWD_70CDCR25FR0000100_7012_70CDCR21D00000004_7012
4486a6eb3fc53246112bb739615bc353aa348bdc032bb53198e5f0e8cd12f92e,ICE,Trump_II,ICE detention services,2025-09-19,70CDCR24FR0000056,HSCEDM17D00009,Delivery Order,P00011,yes,"THE GEO GROUP, INC.",JMLKZZ1NL2Z6,3JMR1,650000.00,61884954.77,61884954.77,2024-08-17,2025-08-17,2025-08-17,DETENTION COMPLIANCE AND REMOVALS,,Full And Open Competition,,Negotiated Proposal/Quote,HSCEDM15R00004,S206,Guard Services,561210,Facilities Support Services,"THE PURPOSE OF THIS CONTRACT IS TO PROVIDE DETENTION AND TRANSPORTATION SERVICES AT MONTGOMERY PROCESSING CENTER IN CONROE, TX. THE PURPOSE OF THIS ORDER IS TO ADD FUNDING FOR THE CONTINUANCE OF SERVICES.",MONTGOMERY PROCESSING CTR FY24,https://www.usaspending.gov/award/CONT_AWD_70CDCR24FR0000056_7012_HSCEDM17D00009_7012
2eb5af88cba21262aca47d2ab87e18a4e47564d897cccaeb9f7e3ce4e03532e8,ICE,Trump_II,ICE detention services,2025-09-19,70CDCR25FR0000091,70CDCR20D00000012,Delivery Order,P00002,yes,"THE GEO GROUP, INC.",JMLKZZ1NL2Z6,3JMR1,5485800.00,57517165.28,57517165.28,2025-08-06,2026-08-05,2026-08-05,DETENTION COMPLIANCE AND REMOVALS,,Full And Open Competition,,Negotiated Proposal/Quote,,S206,Guard Services,922140,Correctional Institutions ,THIS TASK ORDER PROVIDES DETENTION AND TRANSPORTATION SERVICES AT THE SOUTH TEXAS ICE IMMIGRATION PROCESSING CENTER (STIPC). THIS MODIFICATION OBLIGATES FUND TO THE TASK ORDER.,THIS TASK ORDER PROVIDES DETENTION AND TRANSPORTATION SERVICES AT THE SOUTH TEXAS ICE IMMIGRATION PROCESSING CENTER (STIPC).,https://www.usaspending.gov/award/CONT_AWD_70CDCR25FR0000091_7012_70CDCR20D00000012_7012
82c29cb97e8c232633d6b739f921f12f64d4f5aeb54f07e80a0129456742711b,ICE,Trump_II,ICE detention services,2025-09-19,70CDCR25FR0000096,70CDCR25D00000009,Delivery Order,P00001,yes,"THE GEO GROUP, INC.",JMLKZZ1NL2Z6,3JMR1,4922500.00,85650421.00,85650421.00,2025-07-21,2026-07-20,2026-07-20,DETENTION COMPLIANCE AND REMOVALS,,Not Competed,,Sole Source,,S206,Guard Services,561612,Security Guards and Patrol Services ,THE PURPOSE OF THIS MODIFICATION IS TO PROVIDE CONTINUING FUNDING FOR DETENTION AND TRANSPORTATION SERVICES FOR HOUSING CRIMINAL ALIENS AT NORTH LAKE DETENTION CENTER IN BALDWIN MI.,THE PURPOSE OF THIS TASK ORDER IS FOR COMPREHENSIVE DETENTION AND TRANSPORATION SERVICES FOR HOUSING CRIMINAL ALIENS AT NORTH LAKE DETENTION CENTER IN BALDWIN MI.,https://www.usaspending.gov/award/CONT_AWD_70CDCR25FR0000096_7012_70CDCR25D00000009_7012
0fcc966bf7c1793f6e4d98ab6cb30bce6d0c85bff6daadc19b230ae323b4f501,ICE,Trump_II,ICE detention services,2025-09-21,70CDCR24FR0000056,HSCEDM17D00009,Delivery Order,P00012,yes,"THE GEO GROUP, INC.",JMLKZZ1NL2Z6,3JMR1,88920.77,61884954.77,61884954.77,2024-08-17,2025-08-17,2025-08-17,DETENTION COMPLIANCE AND REMOVALS,,Full And Open Competition,,Negotiated Proposal/Quote,HSCEDM15R00004,S206,Guard Services,561210,Facilities Support Services,THE PURPOSE OF THIS CONTRACT IS TO PROVIDE DETENTION AND TRANSPORTATION SERVICES AT MONTGOMERY PROCESSING CENTER (MPC) IN TEXAS. THE PURPOSE OF THIS ORDER IS TO ADD FUNDING FOR THE CONTINUANCE OF SERVICES.,MONTGOMERY PROCESSING CTR FY24,https://www.usaspending.gov/award/CONT_AWD_70CDCR24FR0000056_7012_HSCEDM17D00009_7012
673694128c192f688c869bed8430aced47224e6fe8abdeee9066fa8647d14bd9,ICE,Trump_II,ICE detention services,2025-09-22,70CDCR25FR0000013,70CDCR20D00000008,Delivery Order,P00005,yes,"THE GEO GROUP, INC.",JMLKZZ1NL2Z6,3JMR1,11324797.31,66190762.72,66190762.72,2024-12-20,2025-12-19,2025-12-19,DETENTION COMPLIANCE AND REMOVALS,,Full And Open Competition,,Negotiated Proposal/Quote,70CDCR20R00000002,S206,Guard Services,561612,Security Guards and Patrol Services ,THIS MODIFICATION ADDS FUNDING FOR DETENTION SERVICES AT THE MESA VERDE AND GOLDEN STATE ICE DETENTION FACILITIES IN THE SAN FRANCISCO AREA OF RESPONSIBILITY.,HOUSING FOR DETAINEES IS PROVIDED AT THE MESA VERDE AND GOLDEN STATE ICE DETENTION FACILITIES IN THE SAN FRANCISCO AREA OF RESPONSIBILITY.,https://www.usaspending.gov/award/CONT_AWD_70CDCR25FR0000013_7012_70CDCR20D00000008_7012
3df92832aee911030c3c309ab458f551720492bc8a3db4f457796d6cac8787dd,ICE,Trump_II,ICE detention services,2025-09-22,70CDCR25FR0000029,70CDCR25D00000007,Delivery Order,P00004,yes,"THE GEO GROUP, INC.",JMLKZZ1NL2Z6,3JMR1,90000.00,58637673.24,58637673.24,2025-03-01,2026-02-28,2026-04-10,DETENTION COMPLIANCE AND REMOVALS,,Full And Open Competition,,Negotiated Proposal/Quote,,S206,Guard Services,561612,Security Guards and Patrol Services ,THIS AWARD PROVIDES DETENTION AND TRANSPORTATION SERVICES WHICH IS REQUIRED FOR HOUSING ICE ALIENS AT THE DELANEY HALL CONTRACT DETENTION FACILITY. THIS MODIFICATION PROVIDES ADDITIONAL FUNDING FOR THESE SERVICES.,"THE PURPOSE OF THIS NEW TASK ORDER IS TO PROVIDE THE FUNDING NECESSARY FOR TRANSITION, DETENTION, AND TRANSPORTATION SERVICES FOR HOUSING ICE ALIENS AT THE DELANEY HALL CONTRACT DETENTION FACILITY IN NEWARK NEW JERSEY.",https://www.usaspending.gov/award/CONT_AWD_70CDCR25FR0000029_7012_70CDCR25D00000007_7012
c53678667aae2b27ef4a77075061e9918037e7f92c836acb0b75d049e9f254e6,ICE,Trump_II,ICE detention services,2025-09-23,70CDCR24FR0000056,HSCEDM17D00009,Delivery Order,P00013,yes,"THE GEO GROUP, INC.",JMLKZZ1NL2Z6,3JMR1,50000.00,61884954.77,61884954.77,2024-08-17,2025-08-17,2025-08-17,DETENTION COMPLIANCE AND REMOVALS,,Full And Open Competition,,Negotiated Proposal/Quote,HSCEDM15R00004,S206,Guard Services,561210,Facilities Support Services,THE PURPOSE OF THIS CONTRACT IS TO PROVIDE DETENTION AND TRANSPORTATION SERVICES AT MONTGOMERY PROCESSING CENTER (MPC) IN TEXAS. THE PURPOSE OF THIS ORDER IS TO ADD FUNDING FOR THE CONTINUANCE OF SERVICES.,MONTGOMERY PROCESSING CTR FY24,https://www.usaspending.gov/award/CONT_AWD_70CDCR24FR0000056_7012_HSCEDM17D00009_7012
f90ae1111af0ca0b8aec226c182921bce7f18db1b534610e15cc99c772aa6b53,ICE,Trump_II,ICE detention services,2025-09-23,70CDCR25FR0000005,70CDCR22D00000001,Delivery Order,P00011,yes,"THE GEO GROUP, INC.",JMLKZZ1NL2Z6,3JMR1,7004194.70,59993453.20,59993453.20,2024-10-16,2025-10-15,2025-10-15,DETENTION COMPLIANCE AND REMOVALS,,Full And Open Competition,,Negotiated Proposal/Quote,,S206,Guard Services,561210,Facilities Support Services,"THIS AWARD PROVIDES DETENTION, TRANSPORTATION, AND MEDICAL SERVICES FOR DENVER AURORA CONTRACT DETENTION FACILITY. THIS MODIFICATION INCREASES THE MAXIMUM NUMBER OF BEDS AND OBLIGATES ADDITIONAL FUNDING FOR THESE SERVICES.","DETENTION, TRANSPORTATION, AND MEDICAL SERVICES FOR DENVER (AURORA) CONTRACT DETENTION FACILITY",https://www.usaspending.gov/award/CONT_AWD_70CDCR25FR0000005_7012_70CDCR22D00000001_7012
4766f3b98556effc6bba0c3f09456bec539153fad6aeeaf56c703ea698231818,ICE,Trump_II,ICE detention services,2025-09-24,70CDCR24FR0000053,70CDCR21D00000004,Delivery Order,P00010,yes,"THE GEO GROUP, INC.",JMLKZZ1NL2Z6,3JMR1,81518.99,42926174.75,43191291.32,2024-09-01,2025-09-30,2025-09-30,DETENTION COMPLIANCE AND REMOVALS,,Full And Open Competition,,Negotiated Proposal/Quote,,S206,Guard Services,561612,Security Guards and Patrol Services ,THIS MODIFICATION PROVIDES ADDITIONAL FUNDS FOR DETENTION AND TRANSPORTATION SERVICES TO HOUSE AND SAFEGUARD ILLEGAL ALIEN DETAINEES AT BROWARD TRANSITIONAL CENTER WITHIN ENFORCEMENT AND REMOVAL OPERATIONS (ERO) MIAMI AREA OF RESPONSIBILITY (AOR),NEW TASK ORDER TO PROVIDE FUNDING TO HOUSE AND TRANSPORT ICE DETAINEES AT BROWARD TRANSITIONAL CENTER,https://www.usaspending.gov/award/CONT_AWD_70CDCR24FR0000053_7012_70CDCR21D00000004_7012
8b979b690ba20dc3f5c7e22b017ca43e1df3d503bbd93ec22ba87416c4b18312,ICE,Trump_II,ICE detention services,2025-09-24,70CDCR25FR0000111,70CDCR22D00000001,Delivery Order,0,no,"THE GEO GROUP, INC.",JMLKZZ1NL2Z6,3JMR1,6103000.00,66893395.00,66893395.00,2025-10-16,2026-08-15,2026-08-15,DETENTION COMPLIANCE AND REMOVALS,,Full And Open Competition,,Negotiated Proposal/Quote,,S206,Guard Services,561210,Facilities Support Services,"THIS TASK ORDER PROVIDES DETENTION, TRANSPORTATION, AND MEDICAL SERVICES AT THE AURORA, CO CONTRACT DETENTION FACILITY.","THIS TASK ORDER PROVIDES DETENTION, TRANSPORTATION, AND MEDICAL SERVICES AT THE AURORA, CO CONTRACT DETENTION FACILITY.",https://www.usaspending.gov/award/CONT_AWD_70CDCR25FR0000111_7012_70CDCR22D00000001_7012
e7067934031fe7b2f156a0d46ee3154d9171eae51990c3c4ac6d43c0fa40a8f6,ICE,Trump_II,ICE detention services,2025-09-25,70CDCR25FR0000029,70CDCR25D00000007,Delivery Order,P00005,yes,"THE GEO GROUP, INC.",JMLKZZ1NL2Z6,3JMR1,10144100.00,58637673.24,58637673.24,2025-03-01,2026-02-28,2026-04-10,DETENTION COMPLIANCE AND REMOVALS,,Full And Open Competition,,Negotiated Proposal/Quote,,S206,Guard Services,561612,Security Guards and Patrol Services ,THIS AWARD PROVIDES DETENTION AND TRANSPORTATION SERVICES WHICH ARE REQUIRED FOR HOUSING ICE ALIENS AT THE DELANEY HALL CONTRACT DETENTION FACILITY. THIS MODIFICATION PROVIDES ADDITIONAL FUNDING FOR THESE SERVICES.,"THE PURPOSE OF THIS NEW TASK ORDER IS TO PROVIDE THE FUNDING NECESSARY FOR TRANSITION, DETENTION, AND TRANSPORTATION SERVICES FOR HOUSING ICE ALIENS AT THE DELANEY HALL CONTRACT DETENTION FACILITY IN NEWARK NEW JERSEY.",https://www.usaspending.gov/award/CONT_AWD_70CDCR25FR0000029_7012_70CDCR25D00000007_7012
00eaa9a142700b11cbea9f93eecfc24555787dc6bb1e24b5b56bdea8e0ab4e19,ICE,Trump_II,ICE detention services,2025-09-25,70CDCR25FR0000100,70CDCR21D00000004,Delivery Order,P00002,yes,"THE GEO GROUP, INC.",JMLKZZ1NL2Z6,3JMR1,3002400.00,43615535.00,43615535.00,2025-09-01,2026-08-31,2026-08-31,DETENTION COMPLIANCE AND REMOVALS,,Full And Open Competition,,Negotiated Proposal/Quote,,S206,Guard Services,561612,Security Guards and Patrol Services ,THIS MODIFICATION ADDS FUNDING TO THE TASK ORDER FOR PROVIDING DETENTION SERVICES IN SUPPORT OF ENFORCEMENT AND REMOVAL OPERATIONS AT BROWARD TRANSITIONAL CENTER,"THIS IS A NEW TASK ORDER TO OBLIGATE FUNDING FOR HOUSING AND SAFEGUARDING ILLEGAL ALIENS IN SUPPORT OF ENFORCEMENT AND REMOVAL OPERATIONS (ERO) AT BROWARD TRANSITIONAL CENTER IN POMPANO, FL.",https://www.usaspending.gov/award/CONT_AWD_70CDCR25FR0000100_7012_70CDCR21D00000004_7012
c7c9e29e27b74b12cc5bc0a1294b643814c6d13c8e07b22fd3c2e86c5f8aa4f2,ICE,Trump_II,ICE ISAP/electronic monitoring,2025-09-26,70CDCR24FR0000049,70CDCR20D00000011,Delivery Order,P00010,yes,B.I. INCORPORATED,PKK6L9KLMYR5,3CUH9,59741224.35,270648323.50,270648323.50,2024-08-01,2025-09-30,2025-09-30,DETENTION COMPLIANCE AND REMOVALS,,Full And Open Competition,,Negotiated Proposal/Quote,70CDCR19R00000002,R408,Program Management/Support Services,561210,Facilities Support Services,ADDITIONAL FUNDING FOR CONTRACT MANAGEMENT AND OPERATIONAL SUPPORT FOR THE INTENSIVE SUPERVISION APPEARANCE PROGRAM IN SUPPORT OF ALTERNATIVES TO DETENTION FOR IMMIGRATION AND CUSTOMS ENFORCEMENT,INTENSIVE SUPERVISION APPEARANCE PROGRAM (ISAP IV),https://www.usaspending.gov/award/CONT_AWD_70CDCR24FR0000049_7012_70CDCR20D00000011_7012
36b7b10efec11037925f1213170a2c0044d6f11ae8fa5149cc962e1ff0c281da,ICE,Trump_II,ICE detention services,2025-09-26,70CDCR25FR0000004,HSCEDM15D00015,Delivery Order,P00008,yes,"THE GEO GROUP, INC.",JMLKZZ1NL2Z6,3JMR1,11894500.00,117431349.50,117431349.50,2024-10-28,2026-03-27,2026-03-27,DETENTION COMPLIANCE AND REMOVALS,,Full And Open Competition,,Negotiated Proposal/Quote,,S206,Guard Services,561210,Facilities Support Services,"THIS MODIFICATION EXTENDS THE TERM OF THE TASK ORDER AND ADDS FUNDING FOR DETENTION AND TRANSPORTATION SERVICES, FUEL, EXPANSION, REMOTE POST, AND OVERTIME BEDS AT A DETENTION FACILITY IN THE SEATTLE AREA OF RESPONSIBILITY.","NEW TASK ORDER FOR DETENTION AND TRANSPORTATION SERVICES AT TACOMA, WA FOR SEATTLE AOR",https://www.usaspending.gov/award/CONT_AWD_70CDCR25FR0000004_7012_HSCEDM15D00015_7012
f9236630d798fa7572d23955bd1b17b4c70b4c857a861f9186c1b686dd80e679,ICE,Trump_II,ICE detention services,2025-09-27,70CDCR24FR0000053,70CDCR21D00000004,Delivery Order,P00011,yes,"THE GEO GROUP, INC.",JMLKZZ1NL2Z6,3JMR1,992166.76,42926174.75,43191291.32,2024-09-01,2025-09-30,2025-09-30,DETENTION COMPLIANCE AND REMOVALS,,Full And Open Competition,,Negotiated Proposal/Quote,,S206,Guard Services,561612,Security Guards and Patrol Services ,THIS MODIFICATION PROVIDES ADDITIONAL FUNDS FOR DETENTION AND TRANSPORTATION SERVICES TO HOUSE AND SAFEGUARD ILLEGAL ALIEN DETAINEES AT BROWARD TRANSITIONAL CENTER WITHIN ENFORCEMENT AND REMOVAL OPERATIONS (ERO) MIAMI AREA OF RESPONSIBILITY (AOR),NEW TASK ORDER TO PROVIDE FUNDING TO HOUSE AND TRANSPORT ICE DETAINEES AT BROWARD TRANSITIONAL CENTER,https://www.usaspending.gov/award/CONT_AWD_70CDCR24FR0000053_7012_70CDCR21D00000004_7012
f43a60e1771b2e36bf92e7b0d1a15fd8a4305991e738d933ef1ee4f314ecb99c,ICE,Trump_II,ICE detention services,2025-09-29,70CDCR25FR0000097,HSCEDM17D00009,Delivery Order,0,no,"THE GEO GROUP, INC.",JMLKZZ1NL2Z6,3JMR1,10038100.00,51978428.00,51978428.00,2024-08-18,2026-08-17,2026-08-17,DETENTION COMPLIANCE AND REMOVALS,,Full And Open Competition,,Negotiated Proposal/Quote,HSCEDM15R00004,S206,Guard Services,561210,Facilities Support Services,"THE PURPOSE OF THIS CONTRACT IS TO PROVIDE DETENTION AND TRANSPORTATION SERVICES AT MONTGOMERY PROCESSING CENTER (MPC) IN HOUSTON, TX. THE PURPOSE OF THIS NEW TASK ORDER IS TO ADD FUNDING FOR THE CONTINUANCE OF SERVICES.","THE PURPOSE OF THIS CONTRACT IS TO PROVIDE DETENTION AND TRANSPORTATION SERVICES AT MONTGOMERY PROCESSING CENTER (MPC) IN HOUSTON, TX. THE PURPOSE OF THIS NEW TASK ORDER IS TO ADD FUNDING FOR THE CONTINUANCE OF SERVICES.",https://www.usaspending.gov/award/CONT_AWD_70CDCR25FR0000097_7012_HSCEDM17D00009_7012
76a4ab9e4c3e2af6c17966d3dc61f832b777bef7f3c28210183175b7cee3e188,ICE,Trump_II,ICE detention services,2025-09-29,70CDCR25FR0000097,HSCEDM17D00009,Delivery Order,P00001,yes,"THE GEO GROUP, INC.",JMLKZZ1NL2Z6,3JMR1,11297900.00,51978428.00,51978428.00,2024-08-18,2026-08-17,2026-08-17,DETENTION COMPLIANCE AND REMOVALS,,Full And Open Competition,,Negotiated Proposal/Quote,HSCEDM15R00004,S206,Guard Services,561210,Facilities Support Services,"THE PURPOSE OF THIS CONTRACT IS TO PROVIDE DETENTION AND TRANSPORTATION SERVICES AT MONTGOMERY PROCESSING CENTER (MPC) IN HOUSTON, TX. THE PURPOSE OF THIS MODIFICATION IS TO ADD FUNDING FOR THE CONTINUANCE OF SERVICES.","THE PURPOSE OF THIS CONTRACT IS TO PROVIDE DETENTION AND TRANSPORTATION SERVICES AT MONTGOMERY PROCESSING CENTER (MPC) IN HOUSTON, TX. THE PURPOSE OF THIS NEW TASK ORDER IS TO ADD FUNDING FOR THE CONTINUANCE OF SERVICES.",https://www.usaspending.gov/award/CONT_AWD_70CDCR25FR0000097_7012_HSCEDM17D00009_7012
e48600a34b9d104d408275f865d5f95b0917c150297f24da6c898b78dedbaa3f,CBP,Trump_II,CBP detention/jail space,2025-09-30,70B03C24C00000054,,DEFINITIVE CONTRACT,P00004,yes,"THE GEO GROUP, INC.",JMLKZZ1NL2Z6,3JMR1,0.00,857297.98,1175318.50,2024-07-09,2027-06-30,2028-06-30,BORDER ENFORCEMENT CONTRACTING DIVISION,US BORDER PATROL,NOT COMPETED,1,ONLY ONE SOURCE,70B03C24Q00000075,X1FF,LEASE/RENTAL OF PENAL FACILITIES,922140,CORRECTIONAL INSTITUTIONS,UPDATE RATES DUE TO UPDATED CBAS,DETENTION SPACE FOR MIGRANTS,https://www.usaspending.gov/award/CONT_AWD_70B03C24C00000054_7014_-NONE-_-NONE-
d5a46cb750a67718e7409fa1ecbd3ee2f3b6558859ddf94930549a91963519ed,ICE,Trump_II,ICE detention services,2025-09-30,70CDCR25FR0000091,70CDCR20D00000012,Delivery Order,P00003,yes,"THE GEO GROUP, INC.",JMLKZZ1NL2Z6,3JMR1,15127573.40,57517165.28,57517165.28,2025-08-06,2026-08-05,2026-08-05,DETENTION COMPLIANCE AND REMOVALS,,Full And Open Competition,,Negotiated Proposal/Quote,,S206,Guard Services,922140,Correctional Institutions ,THIS TASK ORDER PROVIDES DETENTION AND TRANSPORTATION SERVICES AT THE SOUTH TEXAS ICE IMMIGRATION PROCESSING CENTER (STIPC). THIS MODIFICATION OBLIGATES FUND TO THE TASK ORDER.,THIS TASK ORDER PROVIDES DETENTION AND TRANSPORTATION SERVICES AT THE SOUTH TEXAS ICE IMMIGRATION PROCESSING CENTER (STIPC).,https://www.usaspending.gov/award/CONT_AWD_70CDCR25FR0000091_7012_70CDCR20D00000012_7012
9a1bf1c2d9d089fe3e9f7b1ef7dd0d6097fdf5eaac2ce01acff391f41736a72c,ICE,Trump_II,ICE ISAP/electronic monitoring,2025-09-30,70CDCR25FR0000127,70CDCR25D00000062,Delivery Order,0,no,B.I. INCORPORATED,PKK6L9KLMYR5,3CUH9,21966324.91,108343853.00,108343853.00,2025-09-30,2026-09-29,2026-09-29,DETENTION COMPLIANCE AND REMOVALS,,Full And Open Competition,,Negotiated Proposal/Quote,70CDCR25R00000018,R408,Program Management/Support Services,561210,Facilities Support Services,"THIS TASK ORDER FACILITATES THE INTENSIVE SUPERVISION APPEARANCE PROGRAM (ISAP) V. ISAP PROVIDES ENFORCEMENT AND REMOVAL OPERATIONS (ERO) WITH A COST-EFFECTIVE ALTERNATIVE TO DETENTION, UTILIZING TECHNOLOGY AND CASE MANAGEMENT.","THIS TASK ORDER FACILITATES THE INTENSIVE SUPERVISION APPEARANCE PROGRAM (ISAP) V. ISAP PROVIDES ENFORCEMENT AND REMOVAL OPERATIONS (ERO) WITH A COST-EFFECTIVE ALTERNATIVE TO DETENTION, UTILIZING TECHNOLOGY AND CASE MANAGEMENT.",https://www.usaspending.gov/award/CONT_AWD_70CDCR25FR0000127_7012_70CDCR25D00000062_7012
c924053cf7826f44086ba01a95b6bcb5138e0d68604e43408db374349940c7e8,ICE,Trump_II,ICE ISAP/electronic monitoring,2025-09-30,70CDCR25FR0000127,70CDCR25D00000062,Delivery Order,P00001,yes,B.I. INCORPORATED,PKK6L9KLMYR5,3CUH9,16103.09,108343853.00,108343853.00,2025-09-30,2026-09-29,2026-09-29,DETENTION COMPLIANCE AND REMOVALS,,Full And Open Competition,,Negotiated Proposal/Quote,70CDCR25R00000018,R408,Program Management/Support Services,561210,Facilities Support Services,"THIS MODIFICATION PROVIDES ADDITIONAL FUNDING FOR THE INTENSIVE SUPERVISION APPEARANCE PROGRAM (ISAP) V. ISAP PROVIDES ENFORCEMENT AND REMOVAL OPERATIONS (ERO) WITH A COST-EFFECTIVE ALTERNATIVE TO DETENTION, UTILIZING TECHNOLOGY AND CASE MANAGEMENT.","THIS TASK ORDER FACILITATES THE INTENSIVE SUPERVISION APPEARANCE PROGRAM (ISAP) V. ISAP PROVIDES ENFORCEMENT AND REMOVAL OPERATIONS (ERO) WITH A COST-EFFECTIVE ALTERNATIVE TO DETENTION, UTILIZING TECHNOLOGY AND CASE MANAGEMENT.",https://www.usaspending.gov/award/CONT_AWD_70CDCR25FR0000127_7012_70CDCR25D00000062_7012
e71f5a624b7bd7ee66dfecace1d2b65993390b77fbd8c45b5fee03cb67fe3c39,ICE,Trump_II,ICE skip tracing,2025-10-30,70CDCR25FR0000127,70CDCR25D00000062,Delivery Order,P00002,yes,B.I. INCORPORATED,PKK6L9KLMYR5,3CUH9,690000.00,108343853.00,108343853.00,2025-09-30,2026-09-29,2026-09-29,DETENTION COMPLIANCE AND REMOVALS,,Full And Open Competition,,Negotiated Proposal/Quote,70CDCR25R00000018,R408,Program Management/Support Services,561210,Facilities Support Services,"THIS MODIFICATION ADDS FUNDING FOR SKIP TRACING SERVICES FOR THE INTENSIVE SUPERVISION APPEARANCE PROGRAM (ISAP) V. ISAP PROVIDES ENFORCEMENT AND REMOVAL OPERATIONS (ERO) WITH A COST-EFFECTIVE ALTERNATIVE TO DETENTION, UTILIZING TECHNOLOGY AND CASE M","THIS TASK ORDER FACILITATES THE INTENSIVE SUPERVISION APPEARANCE PROGRAM (ISAP) V. ISAP PROVIDES ENFORCEMENT AND REMOVAL OPERATIONS (ERO) WITH A COST-EFFECTIVE ALTERNATIVE TO DETENTION, UTILIZING TECHNOLOGY AND CASE MANAGEMENT.",https://www.usaspending.gov/award/CONT_AWD_70CDCR25FR0000127_7012_70CDCR25D00000062_7012
4906a6f6c36de0b3de3c1194f275763be3de7bbd6818ed881f400a214242ea2c,ICE,Trump_II,ICE detention services,2025-11-14,70CDCR24FR0000038,70CDCR20D00000012,Delivery Order,P00009,yes,"THE GEO GROUP, INC.",JMLKZZ1NL2Z6,3JMR1,-529091.27,60523845.63,61052936.90,2024-08-06,2025-08-05,2025-08-05,DETENTION COMPLIANCE AND REMOVALS,,Full And Open Competition,,Negotiated Proposal/Quote,,S206,Guard Services,922140,Correctional Institutions ,THIS TASK ORDER PROVIDES DETENTION AND TRANSPORTATION SERVICES FOR ALIEN DETAINEES AT THE SOUTH TEXAS ICE PROCESSING CENTER. THE PURPOSE OF THIS MODIFICATION IS DEOBLIGATE EXCESS FUNDING AND CLOSEOUT THE TASK ORDER.,DETENTION AND TRANSPORTATION SERVICES - SOUTH TEXAS ICE PROCESSING CENTER (STIPC) FY24 TASK ORDER,https://www.usaspending.gov/award/CONT_AWD_70CDCR24FR0000038_7012_70CDCR20D00000012_7012
225adb1cbb03557dc9439deb207726d160b2aeb412279551d47ab87e9090fa30,ICE,Trump_II,ICE detention services,2025-11-14,70CDCR25FR0000097,HSCEDM17D00009,Delivery Order,P00002,yes,"THE GEO GROUP, INC.",JMLKZZ1NL2Z6,3JMR1,0.00,51978428.00,51978428.00,2024-08-18,2026-08-17,2026-08-17,DETENTION COMPLIANCE AND REMOVALS,,Full And Open Competition,,Negotiated Proposal/Quote,HSCEDM15R00004,S206,Guard Services,561210,Facilities Support Services,"THE PURPOSE OF THIS CONTRACT IS TO PROVIDE DETENTION AND TRANSPORTATION SERVICES AT MONTGOMERY PROCESSING CENTER (MPC) IN HOUSTON, TX. THE PURPOSE OF THIS MODIFICATION IS TO UPDATE THE COR INFORMATION FOR THIS ORDER.","THE PURPOSE OF THIS CONTRACT IS TO PROVIDE DETENTION AND TRANSPORTATION SERVICES AT MONTGOMERY PROCESSING CENTER (MPC) IN HOUSTON, TX. THE PURPOSE OF THIS NEW TASK ORDER IS TO ADD FUNDING FOR THE CONTINUANCE OF SERVICES.",https://www.usaspending.gov/award/CONT_AWD_70CDCR25FR0000097_7012_HSCEDM17D00009_7012
d6f0af04a15ddd91ca052fea25181fa863a2496f6e229127405755e9b363ad8a,ICE,Trump_II,ICE detention services,2025-11-18,70CDCR24FR0000012,70CDCR20D00000009,Delivery Order,P00011,yes,"THE GEO GROUP, INC.",JMLKZZ1NL2Z6,3JMR1,0.00,32758675.92,32758675.92,2023-12-20,2024-12-19,2024-12-19,DETENTION COMPLIANCE AND REMOVALS,,Full And Open Competition,,Negotiated Proposal/Quote,,S206,Guard Services,561612,Security Guards and Patrol Services ,CLOSE OUT AND DEOBLIGATION OF FUNDS FOR DETENTION SERVICES AT DESERT VIEW FOR LOS AOR  THIS IS A CLOSEOUT MODIFICATION,NEW TASK ORDER FOR DETENTION SERVICES DESERT VIEW (DV) ANNEX IN THE LOS ANGELES AREA OF RESPONSIBILITY,https://www.usaspending.gov/award/CONT_AWD_70CDCR24FR0000012_7012_70CDCR20D00000009_7012
be4ead13132491cdb6a718d684b5b9be75d9768aa60bba8033bed4571d07c73b,ICE,Trump_II,ICE detention services,2025-11-18,70CDCR25FR0000004,HSCEDM15D00015,Delivery Order,P00009,yes,"THE GEO GROUP, INC.",JMLKZZ1NL2Z6,3JMR1,0.00,117431349.50,117431349.50,2024-10-28,2026-03-27,2026-03-27,DETENTION COMPLIANCE AND REMOVALS,,Full And Open Competition,,Negotiated Proposal/Quote,,S206,Guard Services,561210,Facilities Support Services,"THIS MODIFICATION INCORPORATES CHANGES FOR DETENTION AND TRANSPORTATION SERVICES, FUEL, EXPANSION, REMOTE POST, AND OVERTIME BEDS AT A DETENTION FACILITY IN THE SEATTLE AREA OF RESPONSIBILITY.","NEW TASK ORDER FOR DETENTION AND TRANSPORTATION SERVICES AT TACOMA, WA FOR SEATTLE AOR",https://www.usaspending.gov/award/CONT_AWD_70CDCR25FR0000004_7012_HSCEDM15D00015_7012
82d3fc1f2cb57b7d42bfdd4266f683eaa1b5bfc47215357fd5efcf75365a2d7c,ICE,Trump_II,ICE detention services,2025-11-24,70CDCR23FR0000048,70CDCR21D00000004,Delivery Order,P00012,yes,"THE GEO GROUP, INC.",JMLKZZ1NL2Z6,3JMR1,0.00,38861166.19,39381907.94,2023-09-01,2025-09-15,2025-09-15,DETENTION COMPLIANCE AND REMOVALS,,Full And Open Competition,,Negotiated Proposal/Quote,,S206,Guard Services,561612,Security Guards and Patrol Services ,THIS IS A CONTRACT FOR DETENTION AND TRANSPORTATION SERVICES FOR ILLEGAL ALIEN DETAINEES AT BROWARD TRANSITIONAL CENTER WITHIN ENFORCEMENT AND REMOVAL OPERATIONS (ERO). THIS MODIFICATION DE-OBLIGATES EXCESS FUNDS.  THIS IS A CLOSEOUT MODIFICATION,"BROWARD COUNTY, FL DETENTION AND TRANSPORTATION SERVICES",https://www.usaspending.gov/award/CONT_AWD_70CDCR23FR0000048_7012_70CDCR21D00000004_7012
ec778566d04975201b2bf1e7a4a1934e72bf44969f1a8469ec6fa0019f8a94bd,ICE,Trump_II,ICE detention services,2025-11-28,70CDCR25FC0000007,70CDCR18A00000007,BPA Call,P00001,yes,"THE GEO GROUP, INC.",JMLKZZ1NL2Z6,3JMR1,97300.00,1896600.00,1896600.00,2025-07-23,2026-07-22,2026-07-22,DETENTION COMPLIANCE AND REMOVALS,,Competed Under Simplified Acquisition Procedures,1,Simplified Acquisition,,S206,Guard Services,922140,Correctional Institutions ,THIS TASK ORDER FUNDS DETENTION SERVICES TO HOUSE AND SAFEGUARD ILLEGAL ALIENS IN SUPPORT OF ENFORCEMENT AND REMOVAL OPERATIONS (ERO) AT ROBERT A. DEYTON DETENTION FACILITY,THIS TASK ORDER FUNDS DETENTION SERVICES TO HOUSE AND SAFEGUARD ILLEGAL ALIENS IN SUPPORT OF ENFORCEMENT AND REMOVAL OPERATIONS (ERO) AT ROBERT A. DEYTON DETENTION FACILITY,https://www.usaspending.gov/award/CONT_AWD_70CDCR25FC0000007_7012_70CDCR18A00000007_7012
e4e77a4d8c99c0183796451538d4adb63eb0ccd9f584fdd7cae114675d74b3c0,ICE,Trump_II,ICE detention services,2025-12-02,70CDCR25FR0000111,70CDCR22D00000001,Delivery Order,P00001,yes,"THE GEO GROUP, INC.",JMLKZZ1NL2Z6,3JMR1,0.00,66893395.00,66893395.00,2025-10-16,2026-08-15,2026-08-15,DETENTION COMPLIANCE AND REMOVALS,,Full And Open Competition,,Negotiated Proposal/Quote,,S206,Guard Services,561210,Facilities Support Services,"THIS TASK ORDER PROVIDES DETENTION, TRANSPORTATION, AND MEDICAL SERVICES AT THE AURORA, CO CONTRACT DETENTION FACILITY. THE PURPOSE OF THIS MODIFICATION IS TO MAKE ADMINISTRATIVE CORRECTIONS TO THE PERIOD OF PERFORMANCE AND MAXIMUM NUMBER OF BEDS.","THIS TASK ORDER PROVIDES DETENTION, TRANSPORTATION, AND MEDICAL SERVICES AT THE AURORA, CO CONTRACT DETENTION FACILITY.",https://www.usaspending.gov/award/CONT_AWD_70CDCR25FR0000111_7012_70CDCR22D00000001_7012
953a21f50ab648224d18a0c4fe4058dd3d480a28c32e1cda49f50c62126c4b7b,CBP,Trump_II,CBP detention/jail space,2025-12-05,70B03C23P00000166,,PURCHASE ORDER,P00004,yes,"THE GEO GROUP, INC.",JMLKZZ1NL2Z6,3JMR1,-157611.70,142298.68,142298.68,2023-05-01,2024-04-30,2024-04-30,BORDER ENFORCEMENT CONTRACTING DIVISION,US BORDER PATROL,NOT COMPETED,1,ONLY ONE SOURCE,,X1FF,LEASE/RENTAL OF PENAL FACILITIES,922140,CORRECTIONAL INSTITUTIONS,DEOBLIGATION MODIFICATION,JAIL SPACE ISSUED AGAINST UNITED STATES MARSHALL IGA PER DIEM RATES,https://www.usaspending.gov/award/CONT_AWD_70B03C23P00000166_7014_-NONE-_-NONE-
1e4138a2d463bfdb1126820a8e94ce6b35434c8bc36357baae393660dd1dcef1,ICE,Trump_II,ICE detention services,2025-12-12,70CDCR25FC0000007,70CDCR18A00000007,BPA Call,P00002,yes,"THE GEO GROUP, INC.",JMLKZZ1NL2Z6,3JMR1,56000.00,1896600.00,1896600.00,2025-07-23,2026-07-22,2026-07-22,DETENTION COMPLIANCE AND REMOVALS,,Competed Under Simplified Acquisition Procedures,1,Simplified Acquisition,,S206,Guard Services,922140,Correctional Institutions ,FUNDING FOR DETAINEE BED DAYS,THIS TASK ORDER FUNDS DETENTION SERVICES TO HOUSE AND SAFEGUARD ILLEGAL ALIENS IN SUPPORT OF ENFORCEMENT AND REMOVAL OPERATIONS (ERO) AT ROBERT A. DEYTON DETENTION FACILITY,https://www.usaspending.gov/award/CONT_AWD_70CDCR25FC0000007_7012_70CDCR18A00000007_7012
47484ede355e39051dbd7f97083ba0d88226a752a56cea9e0a8980b088547d6c,ICE,Trump_II,ICE detention services,2025-12-16,70CDCR25FR0000029,70CDCR25D00000007,Delivery Order,P00006,yes,"THE GEO GROUP, INC.",JMLKZZ1NL2Z6,3JMR1,27262590.00,58637673.24,58637673.24,2025-03-01,2026-02-28,2026-04-10,DETENTION COMPLIANCE AND REMOVALS,,Full And Open Competition,,Negotiated Proposal/Quote,,S206,Guard Services,561612,Security Guards and Patrol Services ,THIS AWARD PROVIDES DETENTION AND TRANSPORTATION SERVICES WHICH ARE REQUIRED FOR HOUSING ICE ALIENS AT THE DELANEY HALL CONTRACT DETENTION FACILITY. THIS MODIFICATION PROVIDES ADDITIONAL FUNDING FOR THESE SERVICES.,"THE PURPOSE OF THIS NEW TASK ORDER IS TO PROVIDE THE FUNDING NECESSARY FOR TRANSITION, DETENTION, AND TRANSPORTATION SERVICES FOR HOUSING ICE ALIENS AT THE DELANEY HALL CONTRACT DETENTION FACILITY IN NEWARK NEW JERSEY.",https://www.usaspending.gov/award/CONT_AWD_70CDCR25FR0000029_7012_70CDCR25D00000007_7012
45c245068763018e5e05f297752ddb32c41277a8143ad4a5389c72979de2dc74,ICE,Trump_II,ICE skip tracing,2025-12-17,70CDCR25FR0000127,70CDCR25D00000062,Delivery Order,P00003,yes,B.I. INCORPORATED,PKK6L9KLMYR5,3CUH9,9660000.00,108343853.00,108343853.00,2025-09-30,2026-09-29,2026-09-29,DETENTION COMPLIANCE AND REMOVALS,,Full And Open Competition,,Negotiated Proposal/Quote,70CDCR25R00000018,R408,Program Management/Support Services,561210,Facilities Support Services,THIS MODIFICATION ADDS FUNDING FOR ATTACHMENT 4 PRICING SCHEDULE ITEM 42 SKIP TRACING SERVICES FOR THE INTENSIVE SUPERVISION APPEARANCE PROGRAM (ISAP) V. ISAP PROVIDES ENFORCEMENT AND REMOVAL OPERATIONS (ERO) WITH A COST-EFFECTIVE ALTERNATIVE TO DETE,"THIS TASK ORDER FACILITATES THE INTENSIVE SUPERVISION APPEARANCE PROGRAM (ISAP) V. ISAP PROVIDES ENFORCEMENT AND REMOVAL OPERATIONS (ERO) WITH A COST-EFFECTIVE ALTERNATIVE TO DETENTION, UTILIZING TECHNOLOGY AND CASE MANAGEMENT.",https://www.usaspending.gov/award/CONT_AWD_70CDCR25FR0000127_7012_70CDCR25D00000062_7012
3777e6f67a6c50f2c9efc95cff73c2362416ca610237028cf537134f08df2fa0,ICE,Trump_II,ICE detention services,2025-12-18,70CDCR25FR0000091,70CDCR20D00000012,Delivery Order,P00004,yes,"THE GEO GROUP, INC.",JMLKZZ1NL2Z6,3JMR1,500400.00,57517165.28,57517165.28,2025-08-06,2026-08-05,2026-08-05,DETENTION COMPLIANCE AND REMOVALS,,Full And Open Competition,,Negotiated Proposal/Quote,,S206,Guard Services,922140,Correctional Institutions ,THIS TASK ORDER PROVIDES DETENTION AND TRANSPORTATION SERVICES AT THE SOUTH TEXAS ICE IMMIGRATION PROCESSING CENTER (STIPC). THE PURPOSE OF THIS MODIFICATION IS TO ADD FUNDING FOR THESE SERVICES.,THIS TASK ORDER PROVIDES DETENTION AND TRANSPORTATION SERVICES AT THE SOUTH TEXAS ICE IMMIGRATION PROCESSING CENTER (STIPC).,https://www.usaspending.gov/award/CONT_AWD_70CDCR25FR0000091_7012_70CDCR20D00000012_7012
8345e04f51fe2520336bb8298d2f65d65f0da6b1e4f72f91929603815dd429cc,ICE,Trump_II,ICE skip tracing,2025-12-18,70CDCR26FR0000021,70CDCR26D00000005,Delivery Order,0,no,B.I. INCORPORATED,PKK6L9KLMYR5,3CUH9,1624500.00,1624500.00,1624500.00,2025-12-16,2026-05-14,2026-11-27,DETENTION COMPLIANCE AND REMOVALS,,Full And Open Competition,1,Subject To Multiple Award Fair Opportunity,,R799,Other Management Support Services,561611,Investigation and Personal Background Check Services ,THE PURPOSE OF THIS TASK ORDER IS TO OBTAIN SKIP TRACING SERVICES FOR ENFORCEMENT AND REMOVAL OPERATIONS (ERO).,THE PURPOSE OF THIS TASK ORDER IS TO OBTAIN SKIP TRACING SERVICES FOR ENFORCEMENT AND REMOVAL OPERATIONS (ERO).,https://www.usaspending.gov/award/CONT_AWD_70CDCR26FR0000021_7012_70CDCR26D00000005_7012
45069a281c815ca61e957552c7a9e3018a0252997a82a9fc65fe6a49ae7252af,ICE,Trump_II,ICE detention services,2026-01-05,70CDCR24FR0000053,70CDCR21D00000004,Delivery Order,P00012,yes,"THE GEO GROUP, INC.",JMLKZZ1NL2Z6,3JMR1,0.00,42926174.75,43191291.32,2024-09-01,2025-09-30,2025-09-30,DETENTION COMPLIANCE AND REMOVALS,,Full And Open Competition,,Negotiated Proposal/Quote,,S206,Guard Services,561612,Security Guards and Patrol Services ,THIS MODIFICATION PROVIDES ADDITIONAL FUNDS FOR DETENTION AND TRANSPORTATION SERVICES TO HOUSE AND SAFEGUARD ILLEGAL ALIEN DETAINEES AT BROWARD TRANSITIONAL CENTER WITHIN ENFORCEMENT AND REMOVAL OPERATIONS (ERO) MIAMI AREA OF RESPONSIBILITY (AOR),NEW TASK ORDER TO PROVIDE FUNDING TO HOUSE AND TRANSPORT ICE DETAINEES AT BROWARD TRANSITIONAL CENTER,https://www.usaspending.gov/award/CONT_AWD_70CDCR24FR0000053_7012_70CDCR21D00000004_7012
a6b6a7ad0db758ef4f5430e5cf4fc804ff30eddfb6f42e13278f97e4eefe2feb,ICE,Trump_II,ICE detention services,2026-01-07,70CDCR25FC0000002,HSCEDM14A00001,BPA Call,P00006,yes,"THE GEO GROUP, INC.",JMLKZZ1NL2Z6,3JMR1,2618100.00,8722448.00,8722448.00,2025-04-01,2026-03-31,2026-03-31,DETENTION COMPLIANCE AND REMOVALS,,Competed Under Simplified Acquisition Procedures,1,Simplified Acquisition,,S206,Guard Services,922140,Correctional Institutions ,THE PURPOSE OF THIS CONTRACT IS TO PROVIDE DETENTION AND TRANSPORTATION SERVICES AT RIO GRANDE DETENTION CENTER. THE PURPOSE OF THIS MODIFICATION IS TO ADD FUNDING FOR GUARD SERVICES.,"THE PURPOSE OF THIS CONTRACT IS TO PROVIDE DETENTION AND TRANSPORTATION SERVICES AT RIO GRANDE DETENTION CENTER IN LAREDO, TX.",https://www.usaspending.gov/award/CONT_AWD_70CDCR25FC0000002_7012_HSCEDM14A00001_7012
7b600c1d166afb32c6da73004e0247fcb0298ad83a6aff4ad6aaab36a6276d8b,ICE,Trump_II,ICE transportation/removal services,2026-01-09,70CDCR26FR0000002,70CDCR25D00000002,Delivery Order,0,no,"GEO TRANSPORT, INC.",DFEKRCYPZD84,6PV86,10384455.59,10384455.59,49744439.59,2026-01-09,2027-01-08,2031-01-08,DETENTION COMPLIANCE AND REMOVALS,,Full And Open Competition,2,Subject To Multiple Award Fair Opportunity,,S206,Guard Services,561612,Security Guards and Patrol Services ,THE PURPOSE OF THIS AWARD IS TO PROVIDE GROUND TRANSPORTATION SERVICES IN SUPPORT OF ENFORCEMENT AND REMOVAL OPERATIONS (ERO) IN THE SALT LAKE CITY (SLC) AREA OF RESPONSIBILITY (AOR).,THE PURPOSE OF THIS AWARD IS TO PROVIDE GROUND TRANSPORTATION SERVICES IN SUPPORT OF ENFORCEMENT AND REMOVAL OPERATIONS (ERO) IN THE SALT LAKE CITY (SLC) AREA OF RESPONSIBILITY (AOR).,https://www.usaspending.gov/award/CONT_AWD_70CDCR26FR0000002_7012_70CDCR25D00000002_7012
6b44ee2be4a977bb04a420216c977d4cb9d33b1237aabc92ac8a99c47ef34daa,ICE,Trump_II,ICE detention services,2026-01-16,70CDCR25FR0000004,HSCEDM15D00015,Delivery Order,P00010,yes,"THE GEO GROUP, INC.",JMLKZZ1NL2Z6,3JMR1,17132900.00,117431349.50,117431349.50,2024-10-28,2026-03-27,2026-03-27,DETENTION COMPLIANCE AND REMOVALS,,Full And Open Competition,,Negotiated Proposal/Quote,,S206,Guard Services,561210,Facilities Support Services,"THIS MODIFICATION ADDS FUNDING FOR DETENTION AND TRANSPORTATION SERVICES, FUEL, EXPANSION, REMOTE POST, AND OVERTIME BEDS AT A DETENTION FACILITY IN THE SEATTLE AREA OF RESPONSIBILITY.","NEW TASK ORDER FOR DETENTION AND TRANSPORTATION SERVICES AT TACOMA, WA FOR SEATTLE AOR",https://www.usaspending.gov/award/CONT_AWD_70CDCR25FR0000004_7012_HSCEDM15D00015_7012
754b99c132c96948db2108700384d6845f2b443e3228391104ae801230cdb1e7,ICE,Trump_II,ICE detention services,2026-01-21,70CDCR25FR0000096,70CDCR25D00000009,Delivery Order,P00002,yes,"THE GEO GROUP, INC.",JMLKZZ1NL2Z6,3JMR1,46978632.00,85650421.00,85650421.00,2025-07-21,2026-07-20,2026-07-20,DETENTION COMPLIANCE AND REMOVALS,,Not Competed,,Sole Source,,S206,Guard Services,561612,Security Guards and Patrol Services ,THIS CONTRACT PROVIDES DETENTION AND TRANSPORTATION SERVICES FOR THE NORTH LAKE CORRECTIONAL FACILITY IN BALDWIN MI. THE PURPOSE OF THIS MODIFICATION IS TO PROVIDE ADDITIONAL FUNDING FOR THE CONTINUED SUPPORT OF SERVICES AT THE NORTH LAKE FACILITY.,THE PURPOSE OF THIS TASK ORDER IS FOR COMPREHENSIVE DETENTION AND TRANSPORATION SERVICES FOR HOUSING CRIMINAL ALIENS AT NORTH LAKE DETENTION CENTER IN BALDWIN MI.,https://www.usaspending.gov/award/CONT_AWD_70CDCR25FR0000096_7012_70CDCR25D00000009_7012
1cd24958f2b2f76dd456e4dad0463d8be9878c38264c5465257e95dde91ff084,ICE,Trump_II,ICE detention services,2026-01-22,70CDCR25FR0000009,70CDCR20D00000009,Delivery Order,P00008,yes,"THE GEO GROUP, INC.",JMLKZZ1NL2Z6,3JMR1,17646400.00,120393306.26,120393306.26,2024-12-20,2025-12-19,2029-12-19,DETENTION COMPLIANCE AND REMOVALS,,Full And Open Competition,,Negotiated Proposal/Quote,,S206,Guard Services,561612,Security Guards and Patrol Services ,ADD FUNDING FOR DETENTION AND TRANSPORTATION SERVICES AT ADELANTO ICE PROCESSING CENTER IN SUPPORT OF LOS ANGELES AREA OF RESPONSIBILITY,DETENTION SERVICES FOR LOS ANGELES AOR AT ADELANTO DETENTION FACILITY,https://www.usaspending.gov/award/CONT_AWD_70CDCR25FR0000009_7012_70CDCR20D00000009_7012
a99446083f98fb4e2397ab68f11d4155e0a0437e220efd05297731d5c681b05e,ICE,Trump_II,ICE detention services,2026-01-22,70CDCR25FR0000010,70CDCR20D00000009,Delivery Order,P00007,yes,"THE GEO GROUP, INC.",JMLKZZ1NL2Z6,3JMR1,4646400.00,34270827.48,34270827.48,2024-12-20,2025-12-19,2025-12-19,DETENTION COMPLIANCE AND REMOVALS,,Full And Open Competition,,Negotiated Proposal/Quote,,S206,Guard Services,561612,Security Guards and Patrol Services ,"FUNDING DETENTION SERVICES AT DESERT VIEW DETENTION FACILITY IN SUPPORT TO LOS ANGELES AREA OF RESPONSIBILITY, CA.",DETENTION SERVICES DESERT VIEW (DV) ANNEX IN THE LOS ANGELES AREA OF RESPONSIBILITY,https://www.usaspending.gov/award/CONT_AWD_70CDCR25FR0000010_7012_70CDCR20D00000009_7012
0414bc0eb4372a5fefeb193421d931e79b913a644ea4681c068b0cb25614bc1f,ICE,Trump_II,ICE detention services,2026-01-22,70CDCR25FR0000013,70CDCR20D00000008,Delivery Order,P00006,yes,"THE GEO GROUP, INC.",JMLKZZ1NL2Z6,3JMR1,15715124.26,66190762.72,66190762.72,2024-12-20,2025-12-19,2025-12-19,DETENTION COMPLIANCE AND REMOVALS,,Full And Open Competition,,Negotiated Proposal/Quote,70CDCR20R00000002,S206,Guard Services,561612,Security Guards and Patrol Services ,THIS MODIFICATION ADDS FUNDING FOR DETENTION SERVICES AT THE MESA VERDE AND GOLDEN STATE ICE DETENTION FACILITIES IN THE SAN FRANCISCO AREA OF RESPONSIBILITY.,HOUSING FOR DETAINEES IS PROVIDED AT THE MESA VERDE AND GOLDEN STATE ICE DETENTION FACILITIES IN THE SAN FRANCISCO AREA OF RESPONSIBILITY.,https://www.usaspending.gov/award/CONT_AWD_70CDCR25FR0000013_7012_70CDCR20D00000008_7012
d01658544168316a15cf030e5328bcc7c6788d65720c5de33675138561634231,ICE,Trump_II,ICE detention services,2026-01-27,70CDCR25FR0000009,70CDCR20D00000009,Delivery Order,P00009,yes,"THE GEO GROUP, INC.",JMLKZZ1NL2Z6,3JMR1,13375800.00,120393306.26,120393306.26,2024-12-20,2025-12-19,2029-12-19,DETENTION COMPLIANCE AND REMOVALS,,Full And Open Competition,,Negotiated Proposal/Quote,,S206,Guard Services,561612,Security Guards and Patrol Services ,ADD FUNDING FOR DETENTION AND TRANSPORTATION SERVICES AT ADELANTO ICE PROCESSING CENTER IN SUPPORT OF LOS ANGELES AREA OF RESPONSIBILITY,DETENTION SERVICES FOR LOS ANGELES AOR AT ADELANTO DETENTION FACILITY,https://www.usaspending.gov/award/CONT_AWD_70CDCR25FR0000009_7012_70CDCR20D00000009_7012
f05c1e6e52a5fdc8bf8afee5f30455124d7f665af290d989824dabefbff81d21,ICE,Trump_II,ICE skip tracing,2026-01-27,70CDCR25FR0000127,70CDCR25D00000062,Delivery Order,P00004,yes,B.I. INCORPORATED,PKK6L9KLMYR5,3CUH9,76011425.00,108343853.00,108343853.00,2025-09-30,2026-09-29,2026-09-29,DETENTION COMPLIANCE AND REMOVALS,,Full And Open Competition,,Negotiated Proposal/Quote,70CDCR25R00000018,R408,Program Management/Support Services,561210,Facilities Support Services,THIS MODIFICATION ADDS FUNDING FOR ATTACHMENT 4 PRICING SCHEDULE ITEM 42 SKIP TRACING SERVICES FOR THE INTENSIVE SUPERVISION APPEARANCE PROGRAM (ISAP) V. ISAP PROVIDES ENFORCEMENT AND REMOVAL OPERATIONS (ERO) WITH A COST-EFFECTIVE ALTERNATIVE TO DETE,"THIS TASK ORDER FACILITATES THE INTENSIVE SUPERVISION APPEARANCE PROGRAM (ISAP) V. ISAP PROVIDES ENFORCEMENT AND REMOVAL OPERATIONS (ERO) WITH A COST-EFFECTIVE ALTERNATIVE TO DETENTION, UTILIZING TECHNOLOGY AND CASE MANAGEMENT.",https://www.usaspending.gov/award/CONT_AWD_70CDCR25FR0000127_7012_70CDCR25D00000062_7012
462905287802457c8e29ab4e6da9ccfb013acb38a5b2620ff7e2e2264daf3c3d,ICE,Trump_II,ICE detention services,2026-01-27,70CDCR26FR0000028,70CDCR20D00000009,Delivery Order,0,no,"THE GEO GROUP, INC.",JMLKZZ1NL2Z6,3JMR1,20134000.00,86404000.00,86404000.00,2025-12-20,2026-06-19,2029-12-19,DETENTION COMPLIANCE AND REMOVALS,,Full And Open Competition,,Negotiated Proposal/Quote,,S206,Guard Services,561612,Security Guards and Patrol Services ,DETENTION AND TRANSPORTATION SERVICES AT ADELANTO ICE PROCESSING CENTER FOR LOS ANGELES AREA OF RESPONSIBILITY,DETENTION AND TRANSPORTATION SERVICES AT ADELANTO ICE PROCESSING CENTER FOR LOS ANGELES AREA OF RESPONSIBILITY,https://www.usaspending.gov/award/CONT_AWD_70CDCR26FR0000028_7012_70CDCR20D00000009_7012
4d19f5e84832bacd8062f6d7892ee07c9a24353f45178fecac00647ccdac2f6c,ICE,Trump_II,ICE detention services,2026-01-28,70CDCR25FR0000097,HSCEDM17D00009,Delivery Order,P00003,yes,"THE GEO GROUP, INC.",JMLKZZ1NL2Z6,3JMR1,28642428.00,51978428.00,51978428.00,2024-08-18,2026-08-17,2026-08-17,DETENTION COMPLIANCE AND REMOVALS,,Full And Open Competition,,Negotiated Proposal/Quote,HSCEDM15R00004,S206,Guard Services,561210,Facilities Support Services,"THE PURPOSE OF THIS CONTRACT IS TO PROVIDE DETENTION AND TRANSPORTATION SERVICES AT MONTGOMERY PROCESSING CENTER (MPC) IN HOUSTON, TX. THE PURPOSE OF THIS MODIFICATION IS TO ADD FUNDING FOR THE CONTINUANCE OF SERVICES.","THE PURPOSE OF THIS CONTRACT IS TO PROVIDE DETENTION AND TRANSPORTATION SERVICES AT MONTGOMERY PROCESSING CENTER (MPC) IN HOUSTON, TX. THE PURPOSE OF THIS NEW TASK ORDER IS TO ADD FUNDING FOR THE CONTINUANCE OF SERVICES.",https://www.usaspending.gov/award/CONT_AWD_70CDCR25FR0000097_7012_HSCEDM17D00009_7012
36fd8eeeb796d60dbd889e470d33b0a0b675c8be14641968c790874c8d372822,ICE,Trump_II,ICE detention services,2026-01-28,70CDCR25FR0000100,70CDCR21D00000004,Delivery Order,P00003,yes,"THE GEO GROUP, INC.",JMLKZZ1NL2Z6,3JMR1,30402635.00,43615535.00,43615535.00,2025-09-01,2026-08-31,2026-08-31,DETENTION COMPLIANCE AND REMOVALS,,Full And Open Competition,,Negotiated Proposal/Quote,,S206,Guard Services,561612,Security Guards and Patrol Services ,THIS MODIFICATION OBLIGATES FUNDING TO THE TASK ORDER FOR PROVIDING DETENTION SERVICES IN SUPPORT OF ENFORCEMENT AND REMOVAL OPERATIONS AT BROWARD TRANSITIONAL CENTER.,"THIS IS A NEW TASK ORDER TO OBLIGATE FUNDING FOR HOUSING AND SAFEGUARDING ILLEGAL ALIENS IN SUPPORT OF ENFORCEMENT AND REMOVAL OPERATIONS (ERO) AT BROWARD TRANSITIONAL CENTER IN POMPANO, FL.",https://www.usaspending.gov/award/CONT_AWD_70CDCR25FR0000100_7012_70CDCR21D00000004_7012
e1ac32ffe4850b70768f5cfb373d58bb2dadf347d5f7543e64fcb10bfe677c3b,ICE,Trump_II,ICE detention services,2026-01-28,70CDCR26FR0000031,70CDCR20D00000009,Delivery Order,0,no,"THE GEO GROUP, INC.",JMLKZZ1NL2Z6,3JMR1,9292800.00,17972900.00,17972900.00,2025-12-20,2026-06-19,2026-12-19,DETENTION COMPLIANCE AND REMOVALS,,Full And Open Competition,,Negotiated Proposal/Quote,,S206,Guard Services,561612,Security Guards and Patrol Services ,"DETENTION SERVICES AT THE DESERT VIEW ANNEX LOCATED IN ADELANTO, CA FOR LOS ANGELES AREA OF RESPONSIBILITY","DETENTION SERVICES AT THE DESERT VIEW ANNEX LOCATED IN ADELANTO, CA FOR LOS ANGELES AREA OF RESPONSIBILITY",https://www.usaspending.gov/award/CONT_AWD_70CDCR26FR0000031_7012_70CDCR20D00000009_7012
048d5209172078e2402ef0f227631b762698f0676d6075666fb92e284c62f2d4,ICE,Trump_II,ICE detention services,2026-02-03,70CDCR25FR0000096,70CDCR25D00000009,Delivery Order,P00003,yes,"THE GEO GROUP, INC.",JMLKZZ1NL2Z6,3JMR1,0.00,85650421.00,85650421.00,2025-07-21,2026-07-20,2026-07-20,DETENTION COMPLIANCE AND REMOVALS,,Not Competed,,Sole Source,,S206,Guard Services,561612,Security Guards and Patrol Services ,THIS CONTRACT PROVIDES DETENTION AND TRANSPORTATION SERVICES FOR THE NORTH LAKE CORRECTIONAL FACILITY IN BALDWIN MI. THE PURPOSE OF THIS MODIFICATION IS TO EXTEND THE PERIOD OF PERFORMANCE FOR CONTINUED SUPPORT OF SERVICES AT THIS FACILITY.,THE PURPOSE OF THIS TASK ORDER IS FOR COMPREHENSIVE DETENTION AND TRANSPORATION SERVICES FOR HOUSING CRIMINAL ALIENS AT NORTH LAKE DETENTION CENTER IN BALDWIN MI.,https://www.usaspending.gov/award/CONT_AWD_70CDCR25FR0000096_7012_70CDCR25D00000009_7012
c3df8367637bf27f9617d3032ea5715e7648c956dbc40514a5833017316860ef,ICE,Trump_II,ICE detention services,2026-02-03,70CDCR26FR0000042,70CDCR20D00000008,Delivery Order,0,no,"THE GEO GROUP, INC.",JMLKZZ1NL2Z6,3JMR1,16762626.49,41167972.72,41167972.72,2025-12-20,2026-12-19,2026-12-19,DETENTION COMPLIANCE AND REMOVALS,,Full And Open Competition,,Negotiated Proposal/Quote,,S206,Guard Services,561612,Security Guards and Patrol Services ,THIS IS TO ESTABLISH NEW TASK ORDER FOR DETENTION SERVICES AT THE MESA VERDE AND GOLDEN STATE ICE DETENTION FACILITY IN THE SAN FRANSCISCO AREA OF RESPONSIBILITY,THIS IS TO ESTABLISH NEW TASK ORDER FOR DETENTION SERVICES AT THE MESA VERDE AND GOLDEN STATE ICE DETENTION FACILITY IN THE SAN FRANSCISCO AREA OF RESPONSIBILITY,https://www.usaspending.gov/award/CONT_AWD_70CDCR26FR0000042_7012_70CDCR20D00000008_7012
93945a41157dd8ef34c2e7762049e6e87d06687b62be64059cc4125e42add888,ICE,Trump_II,ICE detention services,2026-02-11,70CDCR25FR0000111,70CDCR22D00000001,Delivery Order,P00002,yes,"THE GEO GROUP, INC.",JMLKZZ1NL2Z6,3JMR1,43875696.47,66893395.00,66893395.00,2025-10-16,2026-08-15,2026-08-15,DETENTION COMPLIANCE AND REMOVALS,,Full And Open Competition,,Negotiated Proposal/Quote,,S206,Guard Services,561210,Facilities Support Services,"THIS TASK ORDER PROVIDES DETENTION, TRANSPORTATION, AND MEDICAL SERVICES AT THE AURORA, CO CONTRACT DETENTION FACILITY. THE PURPOSE OF THIS MODIFICATION IS TO PROVIDE INCREMENTAL FUNDING.","THIS TASK ORDER PROVIDES DETENTION, TRANSPORTATION, AND MEDICAL SERVICES AT THE AURORA, CO CONTRACT DETENTION FACILITY.",https://www.usaspending.gov/award/CONT_AWD_70CDCR25FR0000111_7012_70CDCR22D00000001_7012
cbd9e1e0808b0d62c0c539b9e3dddf5ca945be91cc6341539ece29ef9bc2d680,ICE,Trump_II,ICE detention services,2026-02-17,70CDCR25FR0000037,70CDCR25D00000009,Delivery Order,P00001,yes,"THE GEO GROUP, INC.",JMLKZZ1NL2Z6,3JMR1,349371.31,7350371.31,7350371.31,2025-04-01,2025-09-30,2026-03-19,DETENTION COMPLIANCE AND REMOVALS,,Not Competed,,Sole Source,,S206,Guard Services,561612,Security Guards and Patrol Services ,"THE PURPOSE OF THIS TASK ORDER IS FOR REQUIRED DETENTION SERVICES FOR ICE ALIENS AT THE NORTH LAKE CORRECTIONAL FACILITY, IN BALDWIN, MI. THIS MODIFICATION FINALIZES COSTS ASSOCIATED WITH THE UNDEFINITIZED CONTRACT PERIOD.",THE PURPOSE OF THIS TASK ORDER IS TO ESTABLISH A DETENTION FACILITY WITHIN THE NORTH LAKE CORRECTIONAL FACILITY IN SUPPORT OF THE PRESIDENT'S DECLARATION OF A NATIONAL EMERGENCY AT THE SOUTHERN BORDER.,https://www.usaspending.gov/award/CONT_AWD_70CDCR25FR0000037_7012_70CDCR25D00000009_7012
e65ba440da4b7d15cd01d8c938b4bf3349037ac8a9213c95a7161cc3d3c14a29,ICE,Trump_II,ICE detention services,2026-02-24,70CDCR24FC0000005,70CDCR18A00000007,BPA Call,P00005,yes,"THE GEO GROUP, INC.",JMLKZZ1NL2Z6,3JMR1,-61967.60,489732.40,489732.40,2024-07-23,2025-07-22,2025-07-22,DETENTION COMPLIANCE AND REMOVALS,,Competed Under Simplified Acquisition Procedures,1,Simplified Acquisition,,S206,Guard Services,922140,Correctional Institutions ,THIS MODIFICATION DE-OBLIGATES FUNDING FOR DETENTION SERVICES TO HOUSE AND SAFEGUARD ILLEGAL ALIENS IN SUPPORT OF ENFORCEMENT AND REMOVAL OPERATIONS (ERO) AT ROBERT A. DEYTON DETENTION FACILITY,DETAINEE BED DAYS AT THE ROBERT A. DEYTON DETENTION FACILITY,https://www.usaspending.gov/award/CONT_AWD_70CDCR24FC0000005_7012_70CDCR18A00000007_7012
69ed38bdbb46c6c01d30037b719df277533e10d5f092f07cfd2d461cf0465336,ICE,Trump_II,ICE detention services,2026-03-03,70CDCR25FC0000002,HSCEDM14A00001,BPA Call,P00007,yes,"THE GEO GROUP, INC.",JMLKZZ1NL2Z6,3JMR1,2085360.00,8722448.00,8722448.00,2025-04-01,2026-03-31,2026-03-31,DETENTION COMPLIANCE AND REMOVALS,,Competed Under Simplified Acquisition Procedures,1,Simplified Acquisition,,S206,Guard Services,922140,Correctional Institutions ,THE PURPOSE OF THIS CONTRACT IS TO PROVIDE DETENTION AND TRANSPORTATION SERVICES AT RIO GRANDE DETENTION CENTER. THE PURPOSE OF THIS MODIFICATION IS TO UPDATE THE RATE FOR GUARD SERVICES AND ADD FUNDING FOR CONTINUED SERVICES.,"THE PURPOSE OF THIS CONTRACT IS TO PROVIDE DETENTION AND TRANSPORTATION SERVICES AT RIO GRANDE DETENTION CENTER IN LAREDO, TX.",https://www.usaspending.gov/award/CONT_AWD_70CDCR25FC0000002_7012_HSCEDM14A00001_7012
80657eecdc22ee63e5f0088827339cdd6b04f6df714b94a867f81fd03ee8f265,ICE,Trump_II,ICE detention services,2026-03-05,70CDCR25FR0000091,70CDCR20D00000012,Delivery Order,P00005,yes,"THE GEO GROUP, INC.",JMLKZZ1NL2Z6,3JMR1,10192000.00,57517165.28,57517165.28,2025-08-06,2026-08-05,2026-08-05,DETENTION COMPLIANCE AND REMOVALS,,Full And Open Competition,,Negotiated Proposal/Quote,,S206,Guard Services,922140,Correctional Institutions ,THIS TASK ORDER PROVIDES DETENTION AND TRANSPORTATION SERVICES AT THE SOUTH TEXAS ICE IMMIGRATION PROCESSING CENTER (STIPC). THE PURPOSE OF THIS MODIFICATION IS TO ADD FUNDING FOR THESE SERVICES.,THIS TASK ORDER PROVIDES DETENTION AND TRANSPORTATION SERVICES AT THE SOUTH TEXAS ICE IMMIGRATION PROCESSING CENTER (STIPC).,https://www.usaspending.gov/award/CONT_AWD_70CDCR25FR0000091_7012_70CDCR20D00000012_7012
5651f4cbf30c6c364dec314ffd5ed0fa189a02e13b1e7f60b33e59928a12877a,ICE,Trump_II,ICE detention services,2026-03-06,70CDCR25FR0000004,HSCEDM15D00015,Delivery Order,P00011,yes,"THE GEO GROUP, INC.",JMLKZZ1NL2Z6,3JMR1,21115235.00,117431349.50,117431349.50,2024-10-28,2026-03-27,2026-03-27,DETENTION COMPLIANCE AND REMOVALS,,Full And Open Competition,,Negotiated Proposal/Quote,,S206,Guard Services,561210,Facilities Support Services,"THIS MODIFICATION ADDS FUNDING FOR DETENTION AND TRANSPORTATION SERVICES AT A NORTHWEST ICE DETENTION CENTER, TACOMA, WA IN SUPPORT OF SEATTLE AREA OF RESPONSIBILITY.","NEW TASK ORDER FOR DETENTION AND TRANSPORTATION SERVICES AT TACOMA, WA FOR SEATTLE AOR",https://www.usaspending.gov/award/CONT_AWD_70CDCR25FR0000004_7012_HSCEDM15D00015_7012
e35a28ffa13cc694d014ab3f3ba70f89ec0daf3e0b5ca1666e8005b4840dcd13,ICE,Trump_II,ICE detention services,2026-03-06,70CDCR26FR0000042,70CDCR20D00000008,Delivery Order,P00001,yes,"THE GEO GROUP, INC.",JMLKZZ1NL2Z6,3JMR1,10073576.00,41167972.72,41167972.72,2025-12-20,2026-12-19,2026-12-19,DETENTION COMPLIANCE AND REMOVALS,,Full And Open Competition,,Negotiated Proposal/Quote,,S206,Guard Services,561612,Security Guards and Patrol Services ,THIS MODIFICATION ADDS FUNDING FOR DETENTION AND TRANSPORTATION SERVICES FOR MESA VERDE AND GOLDEN STATE ANNEX DETENTION FACILITY IN THE SAN FRANCISCO AREA OF RESPONSIBILITY,THIS IS TO ESTABLISH NEW TASK ORDER FOR DETENTION SERVICES AT THE MESA VERDE AND GOLDEN STATE ICE DETENTION FACILITY IN THE SAN FRANSCISCO AREA OF RESPONSIBILITY,https://www.usaspending.gov/award/CONT_AWD_70CDCR26FR0000042_7012_70CDCR20D00000008_7012
61fd8e983d345db43274c238d1b5b8b425a251c3a18a851a0adc23dbbc9b090c,ICE,Trump_II,ICE detention services,2026-03-11,70CDCR25FR0000029,70CDCR25D00000007,Delivery Order,P00007,yes,"THE GEO GROUP, INC.",JMLKZZ1NL2Z6,3JMR1,619000.00,58637673.24,58637673.24,2025-03-01,2026-02-28,2026-04-10,DETENTION COMPLIANCE AND REMOVALS,,Full And Open Competition,,Negotiated Proposal/Quote,,S206,Guard Services,561612,Security Guards and Patrol Services ,THIS AWARD PROVIDES DETENTION AND TRANSPORTATION SERVICES WHICH ARE REQUIRED FOR HOUSING ICE ALIENS AT THE DELANEY HALL CONTRACT DETENTION FACILITY. THIS MODIFICATION PROVIDES ADDITIONAL FUNDING FOR THESE SERVICES.,"THE PURPOSE OF THIS NEW TASK ORDER IS TO PROVIDE THE FUNDING NECESSARY FOR TRANSITION, DETENTION, AND TRANSPORTATION SERVICES FOR HOUSING ICE ALIENS AT THE DELANEY HALL CONTRACT DETENTION FACILITY IN NEWARK NEW JERSEY.",https://www.usaspending.gov/award/CONT_AWD_70CDCR25FR0000029_7012_70CDCR25D00000007_7012
d8b19a5d01bc73065711d1c8d343212a31bce2323252618944d4f3b6336a5226,ICE,Trump_II,ICE skip tracing,2026-03-11,70CDCR26FR0000021,70CDCR26D00000005,Delivery Order,P00001,yes,B.I. INCORPORATED,PKK6L9KLMYR5,3CUH9,0.00,1624500.00,1624500.00,2025-12-16,2026-05-14,2026-11-27,DETENTION COMPLIANCE AND REMOVALS,,Full And Open Competition,1,Subject To Multiple Award Fair Opportunity,,R799,Other Management Support Services,561611,Investigation and Personal Background Check Services ,THE PURPOSE OF THIS MODIFICATION IS TO EXTEND THE PERIOD OF PERFORMANCE 60 DAYS FOR SKIP TRACING SERVICES FOR ENFORCEMENT AND REMOVAL OPERATIONS (ERO).,THE PURPOSE OF THIS TASK ORDER IS TO OBTAIN SKIP TRACING SERVICES FOR ENFORCEMENT AND REMOVAL OPERATIONS (ERO).,https://www.usaspending.gov/award/CONT_AWD_70CDCR26FR0000021_7012_70CDCR26D00000005_7012
489af83f36d238dadd86f6f5d24645fcee36e11d835d70e2ca7f873ba2125cf5,ICE,Trump_II,ICE detention services,2026-03-13,70CDCR25FR0000097,HSCEDM17D00009,Delivery Order,P00004,yes,"THE GEO GROUP, INC.",JMLKZZ1NL2Z6,3JMR1,0.00,51978428.00,51978428.00,2024-08-18,2026-08-17,2026-08-17,DETENTION COMPLIANCE AND REMOVALS,,Full And Open Competition,,Negotiated Proposal/Quote,HSCEDM15R00004,S206,Guard Services,561210,Facilities Support Services,THIS CONTRACT PROVIDES DETENTION AND TRANSPORTATION SERVICES AT MONTGOMERY PROCESSING CENTER. THE PURPOSE OF THIS MODIFICATION IS TO UPDATE THE COR INFORMATION FOR THIS CONTRACT.,"THE PURPOSE OF THIS CONTRACT IS TO PROVIDE DETENTION AND TRANSPORTATION SERVICES AT MONTGOMERY PROCESSING CENTER (MPC) IN HOUSTON, TX. THE PURPOSE OF THIS NEW TASK ORDER IS TO ADD FUNDING FOR THE CONTINUANCE OF SERVICES.",https://www.usaspending.gov/award/CONT_AWD_70CDCR25FR0000097_7012_HSCEDM17D00009_7012
62a3d0c2dae8e570b059bc191c7eb0d52f93725f0916d5eba8acc8ef7d9c7239,ICE,Trump_II,ICE detention services,2026-03-18,70CDCR26FR0000050,70CDCR25D00000007,Delivery Order,0,no,"THE GEO GROUP, INC.",JMLKZZ1NL2Z6,3JMR1,5670000.00,22680000.00,22680000.00,2026-03-01,2026-06-30,2027-02-28,DETENTION COMPLIANCE AND REMOVALS,,Full And Open Competition,,Negotiated Proposal/Quote,,S206,Guard Services,561612,Security Guards and Patrol Services ,THE PURPOSE OF THIS NEW TASK ORDER IS TO PROVIDE FUNDING NECESSARY FOR DETENTION AND TRANSPORTATION SERVICES FOR HOUSING ICE ALIENS AT THE DELANEY HALL CONTRACT DETENTION FACILITY IN NEWARK NEW JERSEY.,THE PURPOSE OF THIS NEW TASK ORDER IS TO PROVIDE FUNDING NECESSARY FOR DETENTION AND TRANSPORTATION SERVICES FOR HOUSING ICE ALIENS AT THE DELANEY HALL CONTRACT DETENTION FACILITY IN NEWARK NEW JERSEY.,https://www.usaspending.gov/award/CONT_AWD_70CDCR26FR0000050_7012_70CDCR25D00000007_7012
277e374e2273c0c197145f65dbaa061ab31f72fb294fe0700413f57e359d2226,ICE,Trump_II,ICE detention services,2026-03-23,70CDCR26FC0000002,HSCEDM14A00001,BPA Call,0,no,"THE GEO GROUP, INC.",JMLKZZ1NL2Z6,3JMR1,2667900.00,3229900.00,3229900.00,2026-04-01,2026-07-31,2026-07-31,DETENTION COMPLIANCE AND REMOVALS,,Competed Under Simplified Acquisition Procedures,1,Simplified Acquisition,,S206,Guard Services,922140,Correctional Institutions ,THE PURPOSE OF THIS CONTRACT IS TO PROVIDE DETENTION AND TRANSPORTATION SERVICES AT RIO GRANDE DETENTION CENTER.,THE PURPOSE OF THIS CONTRACT IS TO PROVIDE DETENTION AND TRANSPORTATION SERVICES AT RIO GRANDE DETENTION CENTER.,https://www.usaspending.gov/award/CONT_AWD_70CDCR26FC0000002_7012_HSCEDM14A00001_7012
8b39b69ee63fea1886cd99a451ef1f931cd4bcdabc7d93e2a53fdf1a0ac6deb2,ICE,Trump_II,ICE detention services,2026-03-27,70CDCR23FR0000050,HSCEDM17D00009,Delivery Order,P00014,yes,"THE GEO GROUP, INC.",JMLKZZ1NL2Z6,3JMR1,-210184.34,55018504.16,55018504.16,2023-08-18,2024-06-30,2024-06-30,DETENTION COMPLIANCE AND REMOVALS,,Full And Open Competition,,Negotiated Proposal/Quote,HSCEDM15R00004,S206,Guard Services,561210,Facilities Support Services,THE PURPOSE OF THIS CONTRACT IS TO PROVIDE DETENTION AND TRANSPORTATION SERVICES AT MONTGOMERY PROCESSING CENTER (MPC) IN TEXAS. THE PURPOSE OF THIS ORDER IS DEOBLIGATE EXCESS FUNDS AND CLOSEOUT THE ORDER.,MONTGOMERY PROCESSING CENTER DETENTION SERVICES,https://www.usaspending.gov/award/CONT_AWD_70CDCR23FR0000050_7012_HSCEDM17D00009_7012
5567870303f2be497ecb1ab1bd748777694a285758a4a5e5f337e784dc192adc,ICE,Trump_II,ICE detention services,2026-04-01,70CDCR25FR0000111,70CDCR22D00000001,Delivery Order,P00003,yes,"THE GEO GROUP, INC.",JMLKZZ1NL2Z6,3JMR1,16914698.53,66893395.00,66893395.00,2025-10-16,2026-08-15,2026-08-15,DETENTION COMPLIANCE AND REMOVALS,,Full And Open Competition,,Negotiated Proposal/Quote,,S206,Guard Services,561210,Facilities Support Services,"THIS TASK ORDER PROVIDES DETENTION, TRANSPORTATION, AND MEDICAL SERVICES AT THE AURORA, CO CONTRACT DETENTION FACILITY. THE PURPOSE OF THIS MODIFICATION IS TO PROVIDE INCREMENTAL FUNDING.","THIS TASK ORDER PROVIDES DETENTION, TRANSPORTATION, AND MEDICAL SERVICES AT THE AURORA, CO CONTRACT DETENTION FACILITY.",https://www.usaspending.gov/award/CONT_AWD_70CDCR25FR0000111_7012_70CDCR22D00000001_7012
abc89c6bd7de9e0b4cb9811255783ca9a95050516b3abbcbe9401d491edabe66,ICE,Trump_II,ICE detention services,2026-04-03,70CDCR26FR0000042,70CDCR20D00000008,Delivery Order,P00002,yes,"THE GEO GROUP, INC.",JMLKZZ1NL2Z6,3JMR1,5869612.00,41167972.72,41167972.72,2025-12-20,2026-12-19,2026-12-19,DETENTION COMPLIANCE AND REMOVALS,,Full And Open Competition,,Negotiated Proposal/Quote,,S206,Guard Services,561612,Security Guards and Patrol Services ,THIS MODIFICATION ADDS FUNDING FOR DETENTION AND TRANSPORTATION SERVICES FOR THE CENTRAL VALLEY ANNEX IN SUPPORT OF THE SAN FRANCISCO AREA OF RESPONSIBILITY,THIS IS TO ESTABLISH NEW TASK ORDER FOR DETENTION SERVICES AT THE MESA VERDE AND GOLDEN STATE ICE DETENTION FACILITY IN THE SAN FRANSCISCO AREA OF RESPONSIBILITY,https://www.usaspending.gov/award/CONT_AWD_70CDCR26FR0000042_7012_70CDCR20D00000008_7012
f41fea8e0fd2fd234ca4899115e92684533082227e34877ca589bcbb10499bd8,ICE,Trump_II,ICE detention services,2026-04-06,70CDCR25FR0000009,70CDCR20D00000009,Delivery Order,P00010,yes,"THE GEO GROUP, INC.",JMLKZZ1NL2Z6,3JMR1,1400000.00,120393306.26,120393306.26,2024-12-20,2025-12-19,2029-12-19,DETENTION COMPLIANCE AND REMOVALS,,Full And Open Competition,,Negotiated Proposal/Quote,,S206,Guard Services,561612,Security Guards and Patrol Services ,ADD FUNDING FOR DETENTION AND TRANSPORTATION SERVICES AT ADELANTO ICE PROCESSING CENTER IN SUPPORT OF THE LOS ANGELES AREA OF RESPONSIBILITY,DETENTION SERVICES FOR LOS ANGELES AOR AT ADELANTO DETENTION FACILITY,https://www.usaspending.gov/award/CONT_AWD_70CDCR25FR0000009_7012_70CDCR20D00000009_7012
0736ed83407acbddcac08faaf0835abbe037e13c8d451c9cd663e48cfdf9d3fd,ICE,Trump_II,ICE detention services,2026-04-07,70CDCR25FR0000005,70CDCR22D00000001,Delivery Order,P00012,yes,"THE GEO GROUP, INC.",JMLKZZ1NL2Z6,3JMR1,-1795324.02,59993453.20,59993453.20,2024-10-16,2025-10-15,2025-10-15,DETENTION COMPLIANCE AND REMOVALS,,Full And Open Competition,,Negotiated Proposal/Quote,,S206,Guard Services,561210,Facilities Support Services,"THIS AWARD PROVIDES DETENTION, TRANSPORTATION, AND MEDICAL SERVICES FOR DENVER AURORA CONTRACT DETENTION FACILITY. THIS MODIFICATION DE-OBLIGATES REMAINING FUNDS AND CLOSES OUT THE AWARD.","DETENTION, TRANSPORTATION, AND MEDICAL SERVICES FOR DENVER (AURORA) CONTRACT DETENTION FACILITY",https://www.usaspending.gov/award/CONT_AWD_70CDCR25FR0000005_7012_70CDCR22D00000001_7012
d42eb846dccf6ff0522e6735413daba91f78d97c6f5d9387da74e497e7444a77,ICE,Trump_II,ICE detention services,2026-04-15,70CDCR25FC0000007,70CDCR18A00000007,BPA Call,P00003,yes,"THE GEO GROUP, INC.",JMLKZZ1NL2Z6,3JMR1,95000.00,1896600.00,1896600.00,2025-07-23,2026-07-22,2026-07-22,DETENTION COMPLIANCE AND REMOVALS,,Competed Under Simplified Acquisition Procedures,1,Simplified Acquisition,,S206,Guard Services,922140,Correctional Institutions ,FUNDING FOR DETAINEE BED DAYS,THIS TASK ORDER FUNDS DETENTION SERVICES TO HOUSE AND SAFEGUARD ILLEGAL ALIENS IN SUPPORT OF ENFORCEMENT AND REMOVAL OPERATIONS (ERO) AT ROBERT A. DEYTON DETENTION FACILITY,https://www.usaspending.gov/award/CONT_AWD_70CDCR25FC0000007_7012_70CDCR18A00000007_7012
8cb177ef444d291d65818bea23f9b38b3f7e31a01b23e001ac94c67e0de0fef7,ICE,Trump_II,ICE detention services,2026-04-22,70CDCR25FR0000096,70CDCR25D00000009,Delivery Order,P00004,yes,"THE GEO GROUP, INC.",JMLKZZ1NL2Z6,3JMR1,1000000.00,85650421.00,85650421.00,2025-07-21,2026-07-20,2026-07-20,DETENTION COMPLIANCE AND REMOVALS,,Not Competed,,Sole Source,,S206,Guard Services,561612,Security Guards and Patrol Services ,THIS CONTRACT PROVIDES DETENTION AND TRANSPORTATION SERVICES FOR THE NORTH LAKE CORRECTIONAL FACILITY IN BALDWIN MI. THE PURPOSE OF THIS MODIFICATION IS TO ADD FUNDING FOR CONTINUED SUPPORT OF SERVICES AT THIS FACILITY.,THE PURPOSE OF THIS TASK ORDER IS FOR COMPREHENSIVE DETENTION AND TRANSPORATION SERVICES FOR HOUSING CRIMINAL ALIENS AT NORTH LAKE DETENTION CENTER IN BALDWIN MI.,https://www.usaspending.gov/award/CONT_AWD_70CDCR25FR0000096_7012_70CDCR25D00000009_7012
d950945544c6261e1462feaab633f61b54059051505d3f7b9a1ceccafb37e95b,ICE,Trump_II,ICE detention services,2026-04-23,70CDCR24FC0000005,70CDCR18A00000007,BPA Call,P00006,yes,"THE GEO GROUP, INC.",JMLKZZ1NL2Z6,3JMR1,0.00,489732.40,489732.40,2024-07-23,2025-07-22,2025-07-22,DETENTION COMPLIANCE AND REMOVALS,,Competed Under Simplified Acquisition Procedures,1,Simplified Acquisition,,S206,Guard Services,922140,Correctional Institutions ,THIS MODIFICATION DE-OBLIGATES FUNDING FOR DETENTION SERVICES TO HOUSE AND SAFEGUARD ILLEGAL ALIENS IN SUPPORT OF ENFORCEMENT AND REMOVAL OPERATIONS (ERO) AT ROBERT A. DEYTON DETENTION FACILITY  THIS IS A CLOSEOUT MODIFICATION,DETAINEE BED DAYS AT THE ROBERT A. DEYTON DETENTION FACILITY,https://www.usaspending.gov/award/CONT_AWD_70CDCR24FC0000005_7012_70CDCR18A00000007_7012
fedd179aee892e3f354fe6f8bf0f76b682ce48c1841abc9434312d930a9b12cd,ICE,Trump_II,ICE detention services,2026-04-23,70CDCR25FR0000037,70CDCR25D00000009,Delivery Order,P00002,yes,"THE GEO GROUP, INC.",JMLKZZ1NL2Z6,3JMR1,0.00,7350371.31,7350371.31,2025-04-01,2025-09-30,2026-03-19,DETENTION COMPLIANCE AND REMOVALS,,Not Competed,,Sole Source,,S206,Guard Services,561612,Security Guards and Patrol Services ,"THE PURPOSE OF THIS TASK ORDER IS FOR REQUIRED DETENTION SERVICES FOR ICE ALIENS AT THE NORTH LAKE CORRECTIONAL FACILITY, IN BALDWIN, MI. THIS MODIFICATION FINALIZES COSTS ASSOCIATED WITH THE UNDEFINITIZED CONTRACT PERIOD.  THIS IS A CLOSEOUT MODIF",THE PURPOSE OF THIS TASK ORDER IS TO ESTABLISH A DETENTION FACILITY WITHIN THE NORTH LAKE CORRECTIONAL FACILITY IN SUPPORT OF THE PRESIDENT'S DECLARATION OF A NATIONAL EMERGENCY AT THE SOUTHERN BORDER.,https://www.usaspending.gov/award/CONT_AWD_70CDCR25FR0000037_7012_70CDCR25D00000009_7012
76cd4217e0aace88300b44b4cc7393abcade9987b0d1e4b631d9413e99aadc56,ICE,Trump_II,ICE detention services,2026-04-30,70CDCR25FR0000010,70CDCR20D00000009,Delivery Order,P00008,yes,"THE GEO GROUP, INC.",JMLKZZ1NL2Z6,3JMR1,12562.39,34270827.48,34270827.48,2024-12-20,2025-12-19,2025-12-19,DETENTION COMPLIANCE AND REMOVALS,,Full And Open Competition,,Negotiated Proposal/Quote,,S206,Guard Services,561612,Security Guards and Patrol Services ,"FUNDING DETENTION SERVICES AT DESERT VIEW DETENTION FACILITY IN SUPPORT OF THE LOS ANGELES AREA OF RESPONSIBILITY, CA.",DETENTION SERVICES DESERT VIEW (DV) ANNEX IN THE LOS ANGELES AREA OF RESPONSIBILITY,https://www.usaspending.gov/award/CONT_AWD_70CDCR25FR0000010_7012_70CDCR20D00000009_7012
d86646665d91d6bd192cf1b49e5cb0c58c4e2e59c6ade925435e102b3ff60318,ICE,Trump_II,ICE detention services,2026-04-30,70CDCR25FR0000100,70CDCR21D00000004,Delivery Order,P00004,yes,"THE GEO GROUP, INC.",JMLKZZ1NL2Z6,3JMR1,1121000.00,43615535.00,43615535.00,2025-09-01,2026-08-31,2026-08-31,DETENTION COMPLIANCE AND REMOVALS,,Full And Open Competition,,Negotiated Proposal/Quote,,S206,Guard Services,561612,Security Guards and Patrol Services ,THIS MODIFICATION OBLIGATES FUNDING TO THE TASK ORDER FOR PROVIDING DETENTION SERVICES IN SUPPORT OF ENFORCEMENT AND REMOVAL OPERATIONS AT BROWARD TRANSITIONAL CENTER.,"THIS IS A NEW TASK ORDER TO OBLIGATE FUNDING FOR HOUSING AND SAFEGUARDING ILLEGAL ALIENS IN SUPPORT OF ENFORCEMENT AND REMOVAL OPERATIONS (ERO) AT BROWARD TRANSITIONAL CENTER IN POMPANO, FL.",https://www.usaspending.gov/award/CONT_AWD_70CDCR25FR0000100_7012_70CDCR21D00000004_7012
93cb0ff071045f7c0017462e35e52f0ab20997dcf1939eb1a19e3ffe72de6401,ICE,Trump_II,ICE detention services,2026-04-30,70CDCR26FR0000028,70CDCR20D00000009,Delivery Order,P00001,yes,"THE GEO GROUP, INC.",JMLKZZ1NL2Z6,3JMR1,30870000.00,86404000.00,86404000.00,2025-12-20,2026-06-19,2029-12-19,DETENTION COMPLIANCE AND REMOVALS,,Full And Open Competition,,Negotiated Proposal/Quote,,S206,Guard Services,561612,Security Guards and Patrol Services ,FUNDING DETENTION AND TRANSPORTATION SERVICES AT ADELANTO ICE PROCESSING CENTER IN SUPPORT OF THE LOS ANGELES AREA OF RESPONSIBILITY,DETENTION AND TRANSPORTATION SERVICES AT ADELANTO ICE PROCESSING CENTER FOR LOS ANGELES AREA OF RESPONSIBILITY,https://www.usaspending.gov/award/CONT_AWD_70CDCR26FR0000028_7012_70CDCR20D00000009_7012
34212aec3506ddd6d3c22cf65465703989414fb4ea3bd47c5e69f9fb8366c99e,ICE,Trump_II,ICE detention services,2026-04-30,70CDCR26FR0000031,70CDCR20D00000009,Delivery Order,P00001,yes,"THE GEO GROUP, INC.",JMLKZZ1NL2Z6,3JMR1,8680100.00,17972900.00,17972900.00,2025-12-20,2026-06-19,2026-12-19,DETENTION COMPLIANCE AND REMOVALS,,Full And Open Competition,,Negotiated Proposal/Quote,,S206,Guard Services,561612,Security Guards and Patrol Services ,"FUNDING DETENTION SERVICES AT THE DESERT VIEW ANNEX LOCATED IN ADELANTO, CA FOR LOS ANGELES AREA OF RESPONSIBILITY","DETENTION SERVICES AT THE DESERT VIEW ANNEX LOCATED IN ADELANTO, CA FOR LOS ANGELES AREA OF RESPONSIBILITY",https://www.usaspending.gov/award/CONT_AWD_70CDCR26FR0000031_7012_70CDCR20D00000009_7012
305e9d5d95b860125bd5194784597f96fb4f77964017610fbc9dd1fdb276c87b,ICE,Trump_II,ICE detention services,2026-05-05,70CDCR26FC0000002,HSCEDM14A00001,BPA Call,P00001,yes,"THE GEO GROUP, INC.",JMLKZZ1NL2Z6,3JMR1,562000.00,3229900.00,3229900.00,2026-04-01,2026-07-31,2026-07-31,DETENTION COMPLIANCE AND REMOVALS,,Competed Under Simplified Acquisition Procedures,1,Simplified Acquisition,,S206,Guard Services,922140,Correctional Institutions ,THE PURPOSE OF THIS MODIFICATION IS TO PROVIDE ADDITIONAL FUNDING FOR CONTINUED DETENTION AND TRANSPORTATION SERVICES AT RIO GRANDE DETENTION CENTER.,THE PURPOSE OF THIS CONTRACT IS TO PROVIDE DETENTION AND TRANSPORTATION SERVICES AT RIO GRANDE DETENTION CENTER.,https://www.usaspending.gov/award/CONT_AWD_70CDCR26FC0000002_7012_HSCEDM14A00001_7012
1b74e3ba5e271b22c5a4d4f6c6b81d2675f4ccb689f2df5cecd02c8f4943a5da,ICE,Trump_II,ICE detention services,2026-05-06,70CDCR25FC0000007,70CDCR18A00000007,BPA Call,P00004,yes,"THE GEO GROUP, INC.",JMLKZZ1NL2Z6,3JMR1,863000.00,1896600.00,1896600.00,2025-07-23,2026-07-22,2026-07-22,DETENTION COMPLIANCE AND REMOVALS,,Competed Under Simplified Acquisition Procedures,1,Simplified Acquisition,,S206,Guard Services,922140,Correctional Institutions ,FUNDING FOR DETAINEE BED DAYS,THIS TASK ORDER FUNDS DETENTION SERVICES TO HOUSE AND SAFEGUARD ILLEGAL ALIENS IN SUPPORT OF ENFORCEMENT AND REMOVAL OPERATIONS (ERO) AT ROBERT A. DEYTON DETENTION FACILITY,https://www.usaspending.gov/award/CONT_AWD_70CDCR25FC0000007_7012_70CDCR18A00000007_7012
7da67419aaf78da436119f15f04aef6b787aa2c85ec40cc549a2d34044da6c7c,ICE,Trump_II,ICE detention services,2026-05-07,70CDCR25FR0000100,70CDCR21D00000004,Delivery Order,P00005,yes,"THE GEO GROUP, INC.",JMLKZZ1NL2Z6,3JMR1,3802700.00,43615535.00,43615535.00,2025-09-01,2026-08-31,2026-08-31,DETENTION COMPLIANCE AND REMOVALS,,Full And Open Competition,,Negotiated Proposal/Quote,,S206,Guard Services,561612,Security Guards and Patrol Services ,THIS MODIFICATION OBLIGATES FUNDING TO THE TASK ORDER FOR PROVIDING DETENTION SERVICES IN SUPPORT OF ENFORCEMENT AND REMOVAL OPERATIONS AT BROWARD TRANSITIONAL CENTER.,"THIS IS A NEW TASK ORDER TO OBLIGATE FUNDING FOR HOUSING AND SAFEGUARDING ILLEGAL ALIENS IN SUPPORT OF ENFORCEMENT AND REMOVAL OPERATIONS (ERO) AT BROWARD TRANSITIONAL CENTER IN POMPANO, FL.",https://www.usaspending.gov/award/CONT_AWD_70CDCR25FR0000100_7012_70CDCR21D00000004_7012
067e8c2a70def93e8b6cc15d8626f78a1de264d437e5ec819ffb08ddc760a4b2,ICE,Trump_II,ICE detention services,2026-05-08,70CDCR26FR0000055,70CDCR26D00000026,Delivery Order,0,no,"THE GEO GROUP, INC.",JMLKZZ1NL2Z6,3JMR1,8898848.14,39042746.99,39042746.99,2026-03-28,2026-10-27,2026-10-27,DETENTION COMPLIANCE AND REMOVALS,,Not Competed,,Sole Source,,S206,Guard Services,561612,Security Guards and Patrol Services ,"TASK ORDER FOR DETENTION AND TRANSPORTATION SERVICES AT A NORTHWEST ICE DETENTION CENTER, TACOMA, WA IN SUPPORT OF SEATTLE AREA OF RESPONSIBILITY.","TASK ORDER FOR DETENTION AND TRANSPORTATION SERVICES AT A NORTHWEST ICE DETENTION CENTER, TACOMA, WA IN SUPPORT OF SEATTLE AREA OF RESPONSIBILITY.",https://www.usaspending.gov/award/CONT_AWD_70CDCR26FR0000055_7012_70CDCR26D00000026_7012
146690879e006389980cea6230affa9c71489cc91a7a263a7304bbfdb2f7ffe1,ICE,Trump_II,ICE detention services,2026-05-19,70CDCR25FR0000096,70CDCR25D00000009,Delivery Order,P00005,yes,"THE GEO GROUP, INC.",JMLKZZ1NL2Z6,3JMR1,14750000.00,85650421.00,85650421.00,2025-07-21,2026-07-20,2026-07-20,DETENTION COMPLIANCE AND REMOVALS,,Not Competed,,Sole Source,,S206,Guard Services,561612,Security Guards and Patrol Services ,THIS CONTRACT PROVIDES DETENTION AND TRANSPORTATION SERVICES FOR THE NORTH LAKE CORRECTIONAL FACILITY IN BALDWIN MI. THE PURPOSE OF THIS MODIFICATION IS TO ADD FUNDING FOR CONTINUED SUPPORT OF SERVICES AT THIS FACILITY.,THE PURPOSE OF THIS TASK ORDER IS FOR COMPREHENSIVE DETENTION AND TRANSPORATION SERVICES FOR HOUSING CRIMINAL ALIENS AT NORTH LAKE DETENTION CENTER IN BALDWIN MI.,https://www.usaspending.gov/award/CONT_AWD_70CDCR25FR0000096_7012_70CDCR25D00000009_7012
d30b8f1c44738e1eb92b0870a3044949ccb2f3193065ef20e8fb32b7ce684535,ICE,Trump_II,ICE detention services,2026-05-21,70CDCR26FR0000055,70CDCR26D00000026,Delivery Order,P00001,yes,"THE GEO GROUP, INC.",JMLKZZ1NL2Z6,3JMR1,30143898.85,39042746.99,39042746.99,2026-03-28,2026-10-27,2026-10-27,DETENTION COMPLIANCE AND REMOVALS,,Not Competed,,Sole Source,,S206,Guard Services,561612,Security Guards and Patrol Services ,"TASK ORDER FOR DETENTION AND TRANSPORTATION SERVICES AT A NORTHWEST ICE DETENTION CENTER, TACOMA, WA IN SUPPORT OF SEATTLE AREA OF RESPONSIBILITY.","TASK ORDER FOR DETENTION AND TRANSPORTATION SERVICES AT A NORTHWEST ICE DETENTION CENTER, TACOMA, WA IN SUPPORT OF SEATTLE AREA OF RESPONSIBILITY.",https://www.usaspending.gov/award/CONT_AWD_70CDCR26FR0000055_7012_70CDCR26D00000026_7012
d16ecbf7dab87aebd4d685110c2bc4f9a82653a3550bdc574112d8c021f1885f,ICE,Trump_II,ICE detention services,2026-05-22,70CDCR26FR0000042,70CDCR20D00000008,Delivery Order,P00003,yes,"THE GEO GROUP, INC.",JMLKZZ1NL2Z6,3JMR1,3563193.60,41167972.72,41167972.72,2025-12-20,2026-12-19,2026-12-19,DETENTION COMPLIANCE AND REMOVALS,,Full And Open Competition,,Negotiated Proposal/Quote,,S206,Guard Services,561612,Security Guards and Patrol Services ,THIS MODIFICATION ADDS FUNDING FOR DETENTION AND TRANSPORTATION SERVICES FOR THE MESA VERDE DETENTION FACILITY IN SUPPORT OF THE SAN FRANCISCO AREA OF RESPONSIBILITY,THIS IS TO ESTABLISH NEW TASK ORDER FOR DETENTION SERVICES AT THE MESA VERDE AND GOLDEN STATE ICE DETENTION FACILITY IN THE SAN FRANSCISCO AREA OF RESPONSIBILITY,https://www.usaspending.gov/award/CONT_AWD_70CDCR26FR0000042_7012_70CDCR20D00000008_7012
f0e12e3cb6e3fdd1c2af4855357c69afd9830807e0d81c4a8dae1108966aba12,ICE,Trump_II,ICE detention services,2026-05-29,70CDCR25FR0000097,HSCEDM17D00009,Delivery Order,P00005,yes,"THE GEO GROUP, INC.",JMLKZZ1NL2Z6,3JMR1,2000000.00,51978428.00,51978428.00,2024-08-18,2026-08-17,2026-08-17,DETENTION COMPLIANCE AND REMOVALS,,Full And Open Competition,,Negotiated Proposal/Quote,HSCEDM15R00004,S206,Guard Services,561210,Facilities Support Services,THIS CONTRACT PROVIDES DETENTION AND TRANSPORTATION SERVICES AT MONTGOMERY PROCESSING CENTER. THE PURPOSE OF THIS MODIFICATION IS TO PROVIDE ADDITIONAL FUNDING AND UPDATE THE COR INFORMATION FOR THIS ORDER.,"THE PURPOSE OF THIS CONTRACT IS TO PROVIDE DETENTION AND TRANSPORTATION SERVICES AT MONTGOMERY PROCESSING CENTER (MPC) IN HOUSTON, TX. THE PURPOSE OF THIS NEW TASK ORDER IS TO ADD FUNDING FOR THE CONTINUANCE OF SERVICES.",https://www.usaspending.gov/award/CONT_AWD_70CDCR25FR0000097_7012_HSCEDM17D00009_7012
f34c663767281128bddbdea5dc49a7742713baea6d9cb7fee86dcc9af84d197d,ICE,Trump_II,ICE detention services,2026-06-02,70CDCR25FC0000007,70CDCR18A00000007,BPA Call,P00005,yes,"THE GEO GROUP, INC.",JMLKZZ1NL2Z6,3JMR1,750000.00,1896600.00,1896600.00,2025-07-23,2026-07-22,2026-07-22,DETENTION COMPLIANCE AND REMOVALS,,Competed Under Simplified Acquisition Procedures,1,Simplified Acquisition,,S206,Guard Services,922140,Correctional Institutions ,FUNDING FOR DETAINEE BED DAYS,THIS TASK ORDER FUNDS DETENTION SERVICES TO HOUSE AND SAFEGUARD ILLEGAL ALIENS IN SUPPORT OF ENFORCEMENT AND REMOVAL OPERATIONS (ERO) AT ROBERT A. DEYTON DETENTION FACILITY,https://www.usaspending.gov/award/CONT_AWD_70CDCR25FC0000007_7012_70CDCR18A00000007_7012
6dd2645c27da687d5e3457a99f8a1bd43e7fef1c6687cace5a967874dbe3555e,ICE,Trump_II,ICE detention services,2026-06-10,70CDCR26FR0000028,70CDCR20D00000009,Delivery Order,P00002,yes,"THE GEO GROUP, INC.",JMLKZZ1NL2Z6,3JMR1,35400000.00,86404000.00,86404000.00,2025-12-20,2026-06-19,2029-12-19,DETENTION COMPLIANCE AND REMOVALS,,Full And Open Competition,,Negotiated Proposal/Quote,,S206,Guard Services,561612,Security Guards and Patrol Services ,ADD FUNDING FOR DETENTION AND TRANSPORTATION SERVICES AT ADELANTO ICE PROCESSING CENTER IN SUPPORT OF THE LOS ANGELES AREA OF RESPONSIBILITY,DETENTION AND TRANSPORTATION SERVICES AT ADELANTO ICE PROCESSING CENTER FOR LOS ANGELES AREA OF RESPONSIBILITY,https://www.usaspending.gov/award/CONT_AWD_70CDCR26FR0000028_7012_70CDCR20D00000009_7012
2e55b8b130de6bb79abca064abf665349df47d0c3d178a1ddc1fefa2a86b2e4e,ICE,Trump_II,ICE detention services,2026-06-10,70CDCR26FR0000050,70CDCR25D00000007,Delivery Order,P00001,yes,"THE GEO GROUP, INC.",JMLKZZ1NL2Z6,3JMR1,17010000.00,22680000.00,22680000.00,2026-03-01,2026-06-30,2027-02-28,DETENTION COMPLIANCE AND REMOVALS,,Full And Open Competition,,Negotiated Proposal/Quote,,S206,Guard Services,561612,Security Guards and Patrol Services ,THE PURPOSE OF THIS NEW TASK ORDER IS TO PROVIDE FUNDING NECESSARY FOR DETENTION AND TRANSPORTATION SERVICES FOR HOUSING ICE ALIENS AT THE DELANEY HALL CONTRACT DETENTION FACILITY IN NEWARK NEW JERSEY.,THE PURPOSE OF THIS NEW TASK ORDER IS TO PROVIDE FUNDING NECESSARY FOR DETENTION AND TRANSPORTATION SERVICES FOR HOUSING ICE ALIENS AT THE DELANEY HALL CONTRACT DETENTION FACILITY IN NEWARK NEW JERSEY.,https://www.usaspending.gov/award/CONT_AWD_70CDCR26FR0000050_7012_70CDCR25D00000007_7012
e4b0cb51cb62a1150eb71bb4f6efdee61e9a2ea8e0ec63a7f5d096047997c68f,ICE,Trump_II,ICE detention services,2026-06-16,70CDCR25FR0000010,70CDCR20D00000009,Delivery Order,P00009,yes,"THE GEO GROUP, INC.",JMLKZZ1NL2Z6,3JMR1,0.00,34270827.48,34270827.48,2024-12-20,2025-12-19,2025-12-19,DETENTION COMPLIANCE AND REMOVALS,,Full And Open Competition,,Negotiated Proposal/Quote,,S206,Guard Services,561612,Security Guards and Patrol Services ,"FUNDING DETENTION SERVICES AT DESERT VIEW DETENTION FACILITY IN SUPPORT OF THE LOS ANGELES AREA OF RESPONSIBILITY, CA.  THIS IS A CLOSEOUT MODIFICATION",DETENTION SERVICES DESERT VIEW (DV) ANNEX IN THE LOS ANGELES AREA OF RESPONSIBILITY,https://www.usaspending.gov/award/CONT_AWD_70CDCR25FR0000010_7012_70CDCR20D00000009_7012
099650922385a81709476a6807415659bba5c5c8fe164ee415f71f3ccd93b238,CBP,Trump_II,CBP detention/jail space,2026-06-18,70B03C24C00000054,,DEFINITIVE CONTRACT,P00005,yes,"THE GEO GROUP, INC.",JMLKZZ1NL2Z6,3JMR1,-158531.34,857297.98,1175318.50,2024-07-09,2027-06-30,2028-06-30,BORDER ENFORCEMENT CONTRACTING DIVISION,US BORDER PATROL,NOT COMPETED,1,ONLY ONE SOURCE,70B03C24Q00000075,X1FF,LEASE/RENTAL OF PENAL FACILITIES,922140,CORRECTIONAL INSTITUTIONS,DE-OBLIGATION OF FUNDS,DETENTION SPACE FOR MIGRANTS,https://www.usaspending.gov/award/CONT_AWD_70B03C24C00000054_7014_-NONE-_-NONE-
e2c9af51302b7f285341585a7e44f89ea08bb5630909ca43e04d59cd8179c4d8,ICE,Trump_II,ICE detention services,2026-06-18,70CDCR20FR0000036,HSCEDM17D00009,Delivery Order,P00008,yes,"THE GEO GROUP, INC.",JMLKZZ1NL2Z6,3JMR1,-91938.94,36721590.90,36721590.90,2020-06-09,2021-08-17,2021-08-17,DETENTION COMPLIANCE AND REMOVALS,,Full And Open Competition,,Negotiated Proposal/Quote,HSCEDM15R00004,S206,Guard Services,561210,Facilities Support Services,THE PURPOSE OF THIS CONTRACT IS TO PROVIDE DETENTION AND TRANSPORTATION SERVICES AT MONTGOMERY PROCESSING CENTER (MPC). THE PURPOSE OF THIS MODIFICATION IS TO DEOBLIGATE UNEXPENDED FUNDS AND CLOSE OUT THE ORDER.,HOUSTON DETENTION FACILITY,https://www.usaspending.gov/award/CONT_AWD_70CDCR20FR0000036_7012_HSCEDM17D00009_7012
04066bb7f0bc236cfa6931125753ac6979e928461ba2d21d68126aa37d1bb7b4,ICE,Trump_II,ICE detention services,2026-06-22,70CDCR26FR0000050,70CDCR25D00000007,Delivery Order,P00002,yes,"THE GEO GROUP, INC.",JMLKZZ1NL2Z6,3JMR1,0.00,22680000.00,22680000.00,2026-03-01,2026-06-30,2027-02-28,DETENTION COMPLIANCE AND REMOVALS,,Full And Open Competition,,Negotiated Proposal/Quote,,S206,Guard Services,561612,Security Guards and Patrol Services ,DETENTION AND TRANSPORTATION SERVICES FOR HOUSING ICE ALIENS AT THE DELANEY HALL CONTRACT DETENTION FACILITY IN NEWARK NEW JERSEY. MODIFICATION P00002 INCREASES RATES I.A.W. AN APPROVED REQUEST FOR EQUITABLE ADJUSTMENT.,THE PURPOSE OF THIS NEW TASK ORDER IS TO PROVIDE FUNDING NECESSARY FOR DETENTION AND TRANSPORTATION SERVICES FOR HOUSING ICE ALIENS AT THE DELANEY HALL CONTRACT DETENTION FACILITY IN NEWARK NEW JERSEY.,https://www.usaspending.gov/award/CONT_AWD_70CDCR26FR0000050_7012_70CDCR25D00000007_7012
33d31fef7f37aff9bcefb71f11a6f9eeb880b2808977c8141be4ed0b1d92b022,ICE,Trump_II,ICE detention services,2026-06-26,70CDCR26FR0000042,70CDCR20D00000008,Delivery Order,P00004,yes,"THE GEO GROUP, INC.",JMLKZZ1NL2Z6,3JMR1,4898964.63,41167972.72,41167972.72,2025-12-20,2026-12-19,2026-12-19,DETENTION COMPLIANCE AND REMOVALS,,Full And Open Competition,,Negotiated Proposal/Quote,,S206,Guard Services,561612,Security Guards and Patrol Services ,THIS MODIFICATION ADDS FUNDING FOR DETENTION AND TRANSPORTATION SERVICES FOR THE GOLDEN STATE DETENTION FACILITY IN SUPPORT OF THE SAN FRANCISCO AREA OF RESPONSIBILITY.,THIS IS TO ESTABLISH NEW TASK ORDER FOR DETENTION SERVICES AT THE MESA VERDE AND GOLDEN STATE ICE DETENTION FACILITY IN THE SAN FRANSCISCO AREA OF RESPONSIBILITY,https://www.usaspending.gov/award/CONT_AWD_70CDCR26FR0000042_7012_70CDCR20D00000008_7012
705db33803570f726a80b8ca2d400e15f394ff32f57d32ec65855706ecb1351b,CBP,Trump_II,CBP detention/jail space,2026-06-30,70B03C24C00000054,,DEFINITIVE CONTRACT,P00006,yes,"THE GEO GROUP, INC.",JMLKZZ1NL2Z6,3JMR1,348904.40,857297.98,1175318.50,2024-07-09,2027-06-30,2028-06-30,BORDER ENFORCEMENT CONTRACTING DIVISION,US BORDER PATROL,NOT COMPETED,1,ONLY ONE SOURCE,70B03C24Q00000075,X1FF,LEASE/RENTAL OF PENAL FACILITIES,922140,CORRECTIONAL INSTITUTIONS,THE RGV SECTOR IS EXERCISING OY2 ON JAIL DETENTION SERVICES,DETENTION SPACE FOR MIGRANTS,https://www.usaspending.gov/award/CONT_AWD_70B03C24C00000054_7014_-NONE-_-NONE-
6eb6a337a011a8ecf7d6710851d2b455d949e3509ac02ae1a7162270dcec2218,ICE,Trump_II,ICE detention services,2026-07-02,70CDCR25FR0000091,70CDCR20D00000012,Delivery Order,P00006,yes,"THE GEO GROUP, INC.",JMLKZZ1NL2Z6,3JMR1,15950642.43,57517165.28,57517165.28,2025-08-06,2026-08-05,2026-08-05,DETENTION COMPLIANCE AND REMOVALS,,Full And Open Competition,,Negotiated Proposal/Quote,,S206,Guard Services,922140,Correctional Institutions ,THIS TASK ORDER PROVIDES DETENTION AND TRANSPORTATION SERVICES AT THE SOUTH TEXAS ICE IMMIGRATION PROCESSING CENTER (STIPC). THE PURPOSE OF THIS MODIFICATION IS TO ADD FUNDING FOR THESE SERVICES.,THIS TASK ORDER PROVIDES DETENTION AND TRANSPORTATION SERVICES AT THE SOUTH TEXAS ICE IMMIGRATION PROCESSING CENTER (STIPC).,https://www.usaspending.gov/award/CONT_AWD_70CDCR25FR0000091_7012_70CDCR20D00000012_7012
8458808489a1acd01f27de53815d499f55a614db76c75ac965fb2d4c36d4b4fd,ICE,Trump_II,ICE detention services,2026-07-09,70CDCR26FC0000004,70CDCR18A00000007,BPA Call,0,no,"THE GEO GROUP, INC.",JMLKZZ1NL2Z6,3JMR1,300000.00,300000.00,300000.00,2026-07-23,2027-07-22,2027-07-22,DETENTION COMPLIANCE AND REMOVALS,,Not Competed Under Simplified Acquisition Procedures,1,Simplified Acquisition,,S206,Guard Services,922140,Correctional Institutions ,DETAINEE BED DAYS AT THE ROBERT A. DEYTON DETENTION FACILITY,DETAINEE BED DAYS AT THE ROBERT A. DEYTON DETENTION FACILITY,https://www.usaspending.gov/award/CONT_AWD_70CDCR26FC0000004_7012_70CDCR18A00000007_7012
