award_id,generated_award_id,modification,action_date,transaction_amount,recipient_name,recipient_uei,award_type,awarding_subagency,naics_code,naics_description,psc_code,psc_description,description
HSCEDM08J00019,CONT_AWD_HSCEDM08J00019_7012_HSCEAB04C0001_7012,P00001,2007-10-01,2301190.8,"THE GEO GROUP, INC.",JMLKZZ1NL2Z6,DO,U.S. Immigration and Customs Enforcement,,,S206,GUARD SERVICES,DETENTION SERVICES
HSCEDM08J00055,CONT_AWD_HSCEDM08J00055_7012_HSACD4C0001_7012,0,2007-10-01,4599276.7,"THE GEO GROUP, INC.",JMLKZZ1NL2Z6,DO,U.S. Immigration and Customs Enforcement,561612,SECURITY GUARDS AND PATROL SERVICES,S206,GUARD SERVICES,"ESTIMATED COST OF CONTRACT DETENTION FACILITY FOR ADULT GUARANTEED HOUSING OF DETAINEES FOR THE PREIOD OF 10/01/07-11/16/07.  REQUISITION INQURIES TO AFODM, MARCOS REYNA AT 210-967-7002"
HSCECR08P00002,CONT_AWD_HSCECR08P00002_7012_-NONE-_-NONE-,P00001,2007-11-07,0.0,"CORNELL COMPANIES, INC.",TLDCDE29G781,PO,U.S. Immigration and Customs Enforcement,561210,FACILITIES SUPPORT SERVICES,X151,LEASE-RENT OF AMMUNITION FACILITIES,RANGE FACILITIES ARE REQUIRED TO MEET MANDATORY WEAPONS QUALIFICATIONS.  THIS FACILITY IS THE ONLY VENDOR W/IN SERVICING AREA WITH THESE SERVICES AND THEY DO NOT ACCEPT CREDIT CARDS. FY07 DO/PO - HSCEOP07P003438
HSCEDM08J00046,CONT_AWD_HSCEDM08J00046_7012_HSCEOP06D00010_7012,0,2007-11-26,0.0,"THE GEO GROUP, INC.",JMLKZZ1NL2Z6,DELIVERY ORDER,U.S. Immigration and Customs Enforcement,561210,FACILITIES SUPPORT SERVICES,S206,GUARD SERVICES,FY 08 GUARD AND TRANSPORTATION SERVICES
HSCEDM08J00046,CONT_AWD_HSCEDM08J00046_7012_HSCEOP06D00010_7012,P00001,2007-11-26,1252494.52,"THE GEO GROUP, INC.",JMLKZZ1NL2Z6,DO,U.S. Immigration and Customs Enforcement,561210,FACILITIES SUPPORT SERVICES,S206,GUARD SERVICES,FY 08 GUARD AND TRANSPORTATION SERVICES
HSCEOP07J00623,CONT_AWD_HSCEOP07J00623_7012_HSACB4C0008_7012,P00001,2007-11-29,0.0,B.I. INCORPORATED,PKK6L9KLMYR5,DO,U.S. Immigration and Customs Enforcement,624190,OTHER INDIVIDUAL AND FAMILY SERVICES,G099,OTHER SOCIAL SERVICES,ISAP I TASK ORDER - NY EXPANSION  JUNE 2007 THROUGH JUNE 2008.
HSCEDM08J00046,CONT_AWD_HSCEDM08J00046_7012_HSCEOP06D00010_7012,P00002,2007-12-17,1256181.0,"THE GEO GROUP, INC.",JMLKZZ1NL2Z6,DO,U.S. Immigration and Customs Enforcement,561210,FACILITIES SUPPORT SERVICES,S206,GUARD SERVICES,FY 08 GUARD AND TRANSPORTATION SERVICES
HSCEDM08J00055,CONT_AWD_HSCEDM08J00055_7012_HSACD4C0001_7012,P00001,2007-12-27,2250373.44,"THE GEO GROUP, INC.",JMLKZZ1NL2Z6,DO,U.S. Immigration and Customs Enforcement,561612,SECURITY GUARDS AND PATROL SERVICES,S206,GUARD SERVICES,"ESTIMATED COST OF CONTRACT DETENTION FACILITY FOR ADULT GUARANTEED HOUSING OF DETAINEES FOR THE PREIOD OF 10/01/07-11/16/07.  REQUISITION INQURIES TO AFODM, MARCOS REYNA AT 210-967-7002"
HSCEDM08F00007,CONT_AWD_HSCEDM08F00007_7012_HSODT6C0002_7012,0,2008-01-06,0.0,"THE GEO GROUP, INC.",JMLKZZ1NL2Z6,DO,U.S. Immigration and Customs Enforcement,561612,SECURITY GUARDS AND PATROL SERVICES,S206,GUARD SERVICES,DETENTION SERVICE
HSCEDM08F00007,CONT_AWD_HSCEDM08F00007_7012_HSODT6C0002_7012,P00001,2008-01-06,31500.0,"THE GEO GROUP, INC.",JMLKZZ1NL2Z6,DO,U.S. Immigration and Customs Enforcement,561612,SECURITY GUARDS AND PATROL SERVICES,S206,GUARD SERVICES,DETENTION SERVICE
HSCEDM08F00007,CONT_AWD_HSCEDM08F00007_7012_HSODT6C0002_7012,P00002,2008-01-06,-10332.0,"THE GEO GROUP, INC.",JMLKZZ1NL2Z6,DO,U.S. Immigration and Customs Enforcement,561612,SECURITY GUARDS AND PATROL SERVICES,S206,GUARD SERVICES,DETENTION SPACE FOR DRO DETAINEES
HSCEDM08J00046,CONT_AWD_HSCEDM08J00046_7012_HSCEOP06D00010_7012,P00003,2008-01-28,1256181.0,"THE GEO GROUP, INC.",JMLKZZ1NL2Z6,DO,U.S. Immigration and Customs Enforcement,561210,FACILITIES SUPPORT SERVICES,S206,GUARD SERVICES,FY 08 GUARD AND TRANSPORTATION SERVICES
HSCEOP07J00271,CONT_AWD_HSCEOP07J00271_7012_HSCEOP06D00010_7012,P00004,2008-01-31,0.0,"THE GEO GROUP, INC.",JMLKZZ1NL2Z6,DO,U.S. Immigration and Customs Enforcement,561210,FACILITIES SUPPORT SERVICES,S206,GUARD SERVICES,FUNDING ASSOCIATED WITH THE MANAGEMENT & OPERATIONS OF A CONTRACTOR-OWNED/CONTRACTOR-OPERATED DETETION FACILITY FOR FEDERAL DETAINEES
HSCEDM08J00062,CONT_AWD_HSCEDM08J00062_7012_HSCEOP07C00001_7012,0,2008-02-12,37866.6,"THE GEO GROUP, INC.",JMLKZZ1NL2Z6,DO,U.S. Immigration and Customs Enforcement,561612,SECURITY GUARDS AND PATROL SERVICES,S206,GUARD SERVICES,"PROVIDE FUNDING TO THE GEO GROUP, INC. FOR PARTICIPATION IN ""OPERATION BLUE ADVANCE"" AS PART OF MASS MIGRATION TRAINING ACTIVITIES REQUIRED FOR THE DHS NATIONAL INCIDENT RESPONSE UNIT AND OTHER FEDERAL PARTNERS."
HSCEDM08J00046,CONT_AWD_HSCEDM08J00046_7012_HSCEOP06D00010_7012,P00004,2008-02-25,1256181.0,"THE GEO GROUP, INC.",JMLKZZ1NL2Z6,DO,U.S. Immigration and Customs Enforcement,561210,FACILITIES SUPPORT SERVICES,S206,GUARD SERVICES,FY 08 GUARD AND TRANSPORTATION SERVICES
HSCEDM08J00055,CONT_AWD_HSCEDM08J00055_7012_HSACD4C0001_7012,P00002,2008-02-25,10067374.8,"THE GEO GROUP, INC.",JMLKZZ1NL2Z6,DO,U.S. Immigration and Customs Enforcement,561612,SECURITY GUARDS AND PATROL SERVICES,S206,GUARD SERVICES,"ESTIMATED COST OF CONTRACT DETENTION FACILITY FOR ADULT GUARANTEED HOUSING OF DETAINEES FOR THE PREIOD OF 10/01/07-11/16/07.  REQUISITION INQURIES TO AFODM, MARCOS REYNA AT 210-967-7002"
HSCEDM08J00046,CONT_AWD_HSCEDM08J00046_7012_HSCEOP06D00010_7012,P00005,2008-03-10,64000.0,"THE GEO GROUP, INC.",JMLKZZ1NL2Z6,DO,U.S. Immigration and Customs Enforcement,561210,FACILITIES SUPPORT SERVICES,S206,GUARD SERVICES,FY 08 GUARD AND TRANSPORTATION SERVICES
HSCEDM08J00019,CONT_AWD_HSCEDM08J00019_7012_HSCEAB04C0001_7012,P00002,2008-03-13,6883059.7,"THE GEO GROUP, INC.",JMLKZZ1NL2Z6,DO,U.S. Immigration and Customs Enforcement,,,S206,GUARD SERVICES,DETENTION SERVICES
HSCEDM08J00046,CONT_AWD_HSCEDM08J00046_7012_HSCEOP06D00010_7012,P00006,2008-03-18,1256181.0,"THE GEO GROUP, INC.",JMLKZZ1NL2Z6,DO,U.S. Immigration and Customs Enforcement,561210,FACILITIES SUPPORT SERVICES,S206,GUARD SERVICES,FY 08 GUARD AND TRANSPORTATION SERVICES
HSCEDM08J00052,CONT_AWD_HSCEDM08J00052_7012_HSCEOP07C00001_7012,0,2008-03-18,0.0,"THE GEO GROUP, INC.",JMLKZZ1NL2Z6,DELIVERY ORDER,U.S. Immigration and Customs Enforcement,561612,SECURITY GUARDS AND PATROL SERVICES,S206,GUARD SERVICES,PROVIDE FULL FY 08 FUNDING FOR GITMO
HSCEDM08J00052,CONT_AWD_HSCEDM08J00052_7012_HSCEOP07C00001_7012,P00001,2008-03-18,3213672.0,"THE GEO GROUP, INC.",JMLKZZ1NL2Z6,DO,U.S. Immigration and Customs Enforcement,561612,SECURITY GUARDS AND PATROL SERVICES,S206,GUARD SERVICES,PROVIDE FULL FY 08 FUNDING FOR GITMO
HSCEDM08J00062,CONT_AWD_HSCEDM08J00062_7012_HSCEOP07C00001_7012,P00001,2008-03-18,6225.97,"THE GEO GROUP, INC.",JMLKZZ1NL2Z6,DO,U.S. Immigration and Customs Enforcement,561612,SECURITY GUARDS AND PATROL SERVICES,S206,GUARD SERVICES,"PROVIDE FUNDING TO THE GEO GROUP, INC. FOR PARTICIPATION IN ""OPERATION BLUE ADVANCE"" AS PART OF MASS MIGRATION TRAINING ACTIVITIES REQUIRED FOR THE DHS NATIONAL INCIDENT RESPONSE UNIT AND OTHER FEDERAL PARTNERS."
HSCEDM08J00073,CONT_AWD_HSCEDM08J00073_7012_HSCEAL02C0004_7012,0,2008-04-23,6847249.15,"THE GEO GROUP, INC.",JMLKZZ1NL2Z6,DO,U.S. Immigration and Customs Enforcement,561612,SECURITY GUARDS AND PATROL SERVICES,M199,OPER OF GOVT MISC BLDGS,TASK ORDER FOR FOURTH OPTION YEAR ON CONTRACT ACL2C0004
HSCEDM08J00073,CONT_AWD_HSCEDM08J00073_7012_HSCEAL02C0004_7012,P00001,2008-05-22,0.0,"THE GEO GROUP, INC.",JMLKZZ1NL2Z6,DO,U.S. Immigration and Customs Enforcement,561612,SECURITY GUARDS AND PATROL SERVICES,M199,OPER OF GOVT MISC BLDGS,TASK ORDER FOR FOURTH OPTION YEAR ON CONTRACT ACL2C0004
HSCEOP05J00133,CONT_AWD_HSCEOP05J00133_7012_HSACD4C0001_7012,P00006,2008-05-27,-251152.58,"THE GEO GROUP, INC.",JMLKZZ1NL2Z6,DO,U.S. Immigration and Customs Enforcement,561612,SECURITY GUARDS AND PATROL SERVICES,S206,GUARD SERVICES,DETENTION FACILITY SERVICES
HSCEDM08J00055,CONT_AWD_HSCEDM08J00055_7012_HSACD4C0001_7012,P00003,2008-05-30,8344830.42,"THE GEO GROUP, INC.",JMLKZZ1NL2Z6,DO,U.S. Immigration and Customs Enforcement,561612,SECURITY GUARDS AND PATROL SERVICES,S206,GUARD SERVICES,"ESTIMATED COST OF CONTRACT DETENTION FACILITY FOR ADULT GUARANTEED HOUSING OF DETAINEES FOR THE PREIOD OF 10/01/07-11/16/07.  REQUISITION INQURIES TO AFODM, MARCOS REYNA AT 210-967-7002"
HSCEOP06J00405,CONT_AWD_HSCEOP06J00405_7012_HSCEAB04C0001_7012,P00001,2008-06-09,-1122990.0,"THE GEO GROUP, INC.",JMLKZZ1NL2Z6,DO,U.S. Immigration and Customs Enforcement,,,S206,GUARD SERVICES,DETENTION SERVICES FOR BROWARD
HSCEOP06J00180,CONT_AWD_HSCEOP06J00180_7012_HSCEAB04C0001_7012,P00001,2008-06-12,-180274.76,"THE GEO GROUP, INC.",JMLKZZ1NL2Z6,DO,U.S. Immigration and Customs Enforcement,,,S206,GUARD SERVICES,CONTRACTOR OWNED/CONTRACTOR OPERATED DETENTION FACILITY
HSCEDM08J00046,CONT_AWD_HSCEDM08J00046_7012_HSCEOP06D00010_7012,P00007,2008-06-17,3768543.0,"THE GEO GROUP, INC.",JMLKZZ1NL2Z6,DO,U.S. Immigration and Customs Enforcement,561210,FACILITIES SUPPORT SERVICES,S206,GUARD SERVICES,FY 08 GUARD AND TRANSPORTATION SERVICES
HSCEDM09F00001,CONT_AWD_HSCEDM09F00001_7012_HSACD4C0001_7012,0,2008-06-19,0.0,"THE GEO GROUP, INC.",JMLKZZ1NL2Z6,DO,U.S. Immigration and Customs Enforcement,561612,SECURITY GUARDS AND PATROL SERVICES,S206,GUARD SERVICES,"ESTIMATED COST OF CONTRACT DETENTION FACILITY FOR ""GUARANTEED AND OVERAGES"" FOR DETAINEES FOR THE PERIOD OF 10/01/08-09/30/09.  INQUIRIES TO AFOD MARCOS REYNA, 210-967-7002."
HSCEOP07J00541,CONT_AWD_HSCEOP07J00541_7012_HSACB4C0008_7012,P00001,2008-06-19,0.0,B.I. INCORPORATED,PKK6L9KLMYR5,DO,U.S. Immigration and Customs Enforcement,624190,OTHER INDIVIDUAL AND FAMILY SERVICES,G099,OTHER SOCIAL SERVICES,CONTRACT # ACB-4-C-0008 FOR ISAP CONTRACT FOR OPTION YEAR 3 - JUNE 21 2007 THROUGH MAY 14 2008
HSCEDM08J00055,CONT_AWD_HSCEDM08J00055_7012_HSACD4C0001_7012,P00004,2008-08-07,113100.0,"THE GEO GROUP, INC.",JMLKZZ1NL2Z6,DO,U.S. Immigration and Customs Enforcement,561612,SECURITY GUARDS AND PATROL SERVICES,S206,GUARD SERVICES,"ESTIMATED COST OF CONTRACT DETENTION FACILITY FOR ADULT GUARANTEED HOUSING OF DETAINEES FOR THE PREIOD OF 10/01/07-11/16/07.  REQUISITION INQURIES TO AFODM, MARCOS REYNA AT 210-967-7002"
HSCEDM08J00046,CONT_AWD_HSCEDM08J00046_7012_HSCEOP06D00010_7012,P00009,2008-08-25,1300784.11,"THE GEO GROUP, INC.",JMLKZZ1NL2Z6,DO,U.S. Immigration and Customs Enforcement,561210,FACILITIES SUPPORT SERVICES,S206,GUARD SERVICES,FY 08 GUARD AND TRANSPORTATION SERVICES
HSCEDM08J00046,CONT_AWD_HSCEDM08J00046_7012_HSCEOP06D00010_7012,P00010,2008-09-03,3966444.52,"THE GEO GROUP, INC.",JMLKZZ1NL2Z6,DO,U.S. Immigration and Customs Enforcement,561210,FACILITIES SUPPORT SERVICES,S206,GUARD SERVICES,FY 08 GUARD AND TRANSPORTATION SERVICES
HSCEDM08J00055,CONT_AWD_HSCEDM08J00055_7012_HSACD4C0001_7012,P00005,2008-09-03,6824424.72,"THE GEO GROUP, INC.",JMLKZZ1NL2Z6,DO,U.S. Immigration and Customs Enforcement,561612,SECURITY GUARDS AND PATROL SERVICES,S206,GUARD SERVICES,"ESTIMATED COST OF CONTRACT DETENTION FACILITY FOR ADULT GUARANTEED HOUSING OF DETAINEES FOR THE PREIOD OF 10/01/07-11/16/07.  REQUISITION INQURIES TO AFODM, MARCOS REYNA AT 210-967-7002"
HSCEOP07J00623,CONT_AWD_HSCEOP07J00623_7012_HSACB4C0008_7012,P00002,2008-09-03,0.0,B.I. INCORPORATED,PKK6L9KLMYR5,DO,U.S. Immigration and Customs Enforcement,624190,OTHER INDIVIDUAL AND FAMILY SERVICES,G099,OTHER SOCIAL SERVICES,ISAP I TASK ORDER - NY EXPANSION JUNE 2007 THROUGH JUNE 2008.
HSCEOP06J00469,CONT_AWD_HSCEOP06J00469_7012_HSACD4C0001_7012,P00001,2008-09-04,-58637.91,"THE GEO GROUP, INC.",JMLKZZ1NL2Z6,DO,U.S. Immigration and Customs Enforcement,561612,SECURITY GUARDS AND PATROL SERVICES,AD21,SERVICES (BASIC),TASK ORDER
HSCECR08J00052,CONT_AWD_HSCECR08J00052_7012_HSACB4C0008_7012,0,2008-09-05,6000000.0,B.I. INCORPORATED,PKK6L9KLMYR5,DO,U.S. Immigration and Customs Enforcement,624190,OTHER INDIVIDUAL AND FAMILY SERVICES,G099,OTHER SOCIAL SERVICES,INTENSIVE SUPERVISION APPEARANCE PROGRAM
HSCECR08J00052,CONT_AWD_HSCECR08J00052_7012_HSACB4C0008_7012,P00001,2008-09-10,4200000.0,B.I. INCORPORATED,PKK6L9KLMYR5,DO,U.S. Immigration and Customs Enforcement,624190,OTHER INDIVIDUAL AND FAMILY SERVICES,G099,OTHER SOCIAL SERVICES,INTENSIVE SUPERVISION APPEARANCE PROGRAM
HSCEDM08J00073,CONT_AWD_HSCEDM08J00073_7012_HSCEAL02C0004_7012,P00002,2008-09-13,9158591.68,"THE GEO GROUP, INC.",JMLKZZ1NL2Z6,DO,U.S. Immigration and Customs Enforcement,561612,SECURITY GUARDS AND PATROL SERVICES,M199,OPER OF GOVT MISC BLDGS,TASK ORDER FOR FOURTH OPTION YEAR ON CONTRACT ACL2C0004
HSCEDM09F00004,CONT_AWD_HSCEDM09F00004_7012_HSCEOP07C00001_7012,0,2008-09-16,0.0,"THE GEO GROUP, INC.",JMLKZZ1NL2Z6,DO,U.S. Immigration and Customs Enforcement,561612,SECURITY GUARDS AND PATROL SERVICES,S206,GUARD SERVICES,"PROVIDE FY 2009 SUBJECT TO THE AVAILABILITY OF FUNDS FOR THE GEO GROUP, INC. TO MANAGE/OPERATE THE MIGRANT OPERATIONS CENTER IN GUANTANAMO BAY, CUBA UNDER OPTION PERIOD II OF CONTRACT HSCEOP-07-C-00001 AND TASK ORDER HSCEDM-08-J-00052."
HSCEDM08J00046,CONT_AWD_HSCEDM08J00046_7012_HSCEOP06D00010_7012,P00011,2008-09-17,1037106.24,"THE GEO GROUP, INC.",JMLKZZ1NL2Z6,DO,U.S. Immigration and Customs Enforcement,561210,FACILITIES SUPPORT SERVICES,S206,GUARD SERVICES,FY 08 GUARD AND TRANSPORTATION SERVICES
HSCEDM09F00005,CONT_AWD_HSCEDM09F00005_7012_HSCEOP06D00010_7012,0,2008-09-17,0.0,"THE GEO GROUP, INC.",JMLKZZ1NL2Z6,DO,U.S. Immigration and Customs Enforcement,561210,FACILITIES SUPPORT SERVICES,S206,GUARD SERVICES,FUNDING AS PRESCRIBED ON TERMS OF CDF CONTRACT #HSCEOP-06-D-00010. EXISTING DETENTION SPACE IS NEEDED TO HOUSE KNOWN ALIEN FELONS FOR REMOVAL PROCEEDINGS.
HSCEDM08J00055,CONT_AWD_HSCEDM08J00055_7012_HSACD4C0001_7012,P00006,2008-09-19,5645956.0,"THE GEO GROUP, INC.",JMLKZZ1NL2Z6,DO,U.S. Immigration and Customs Enforcement,561612,SECURITY GUARDS AND PATROL SERVICES,S206,GUARD SERVICES,"ESTIMATED COST OF CONTRACT DETENTION FACILITY FOR ADULT GUARANTEED HOUSING OF DETAINEES FOR THE PREIOD OF 10/01/07-11/16/07.  REQUISITION INQURIES TO AFODM, MARCOS REYNA AT 210-967-7002"
HSCEDM08J00073,CONT_AWD_HSCEDM08J00073_7012_HSCEAL02C0004_7012,P00003,2008-09-20,107000.0,"THE GEO GROUP, INC.",JMLKZZ1NL2Z6,DO,U.S. Immigration and Customs Enforcement,561612,SECURITY GUARDS AND PATROL SERVICES,M199,OPER OF GOVT MISC BLDGS,TASK ORDER FOR FOURTH OPTION YEAR ON CONTRACT ACL2C0004
HSCEDM08J00046,CONT_AWD_HSCEDM08J00046_7012_HSCEOP06D00010_7012,P00008,2008-09-23,106755.25,"THE GEO GROUP, INC.",JMLKZZ1NL2Z6,DO,U.S. Immigration and Customs Enforcement,561210,FACILITIES SUPPORT SERVICES,S206,GUARD SERVICES,FY 08 GUARD AND TRANSPORTATION SERVICES
HSCECR09P00021,CONT_AWD_HSCECR09P00021_7012_-NONE-_-NONE-,0,2008-09-27,0.0,"CORNELL COMPANIES, INC.",TLDCDE29G781,PO,U.S. Immigration and Customs Enforcement,713990,ALL OTHER AMUSEMENT AND RECREATION INDUSTRIES,X291,LEASE-RENT OF RECREA NON-BLDG STRUC,FIRING RANGE FACILITIES LEASE TO MEET MANDATORY WEAPONS QUALIFICATIONS.
HSCEDM09J00014,CONT_AWD_HSCEDM09J00014_7012_HSCEOP07C00001_7012,0,2008-10-28,53000.0,"THE GEO GROUP, INC.",JMLKZZ1NL2Z6,DO,U.S. Immigration and Customs Enforcement,561612,SECURITY GUARDS AND PATROL SERVICES,S206,GUARD SERVICES,"PROVIDE FUNDING TO THE GEO GROUP INC FOR PARTICIPATION IN THE FY 2009 ""OPERATION BLUE ADVANCE"" AS PART OF MASS MIGRATION TRAINING ACTIVITIES FOR THE DHS NATIONAL INCIDENT RESPONSE UNIT AND OTHER FEDERAL PARTNERS."
HSCEDM08J00073,CONT_AWD_HSCEDM08J00073_7012_HSCEAL02C0004_7012,P00004,2008-11-18,8987233.37,"THE GEO GROUP, INC.",JMLKZZ1NL2Z6,DO,U.S. Immigration and Customs Enforcement,561612,SECURITY GUARDS AND PATROL SERVICES,M199,OPER OF GOVT MISC BLDGS,TASK ORDER FOR FOURTH OPTION YEAR ON CONTRACT ACL2C0004
HSCEDM09F00001,CONT_AWD_HSCEDM09F00001_7012_HSACD4C0001_7012,P00001,2008-11-18,9527262.75,"THE GEO GROUP, INC.",JMLKZZ1NL2Z6,DO,U.S. Immigration and Customs Enforcement,561612,SECURITY GUARDS AND PATROL SERVICES,S206,GUARD SERVICES,"ESTIMATED COST OF CONTRACT DETENTION FACILITY FOR ""GUARANTEED AND OVERAGES"" FOR DETAINEES FOR THE PERIOD OF 10/01/08-09/30/09.  INQUIRIES TO AFOD MARCOS REYNA, 210-967-7002."
HSCECR09P00021,CONT_AWD_HSCECR09P00021_7012_-NONE-_-NONE-,P00001,2008-11-20,300.0,"CORNELL COMPANIES, INC.",TLDCDE29G781,PO,U.S. Immigration and Customs Enforcement,713990,ALL OTHER AMUSEMENT AND RECREATION INDUSTRIES,X291,LEASE-RENT OF RECREA NON-BLDG STRUC,LEASE OF FIRING RANGE FACILITIES TO MEET MANDATORY WEAPONS QUALIFICATIONS.
HSCEDM09F00012,CONT_AWD_HSCEDM09F00012_7012_HSODT6C0002_7012,0,2008-12-04,31500.0,"THE GEO GROUP, INC.",JMLKZZ1NL2Z6,DO,U.S. Immigration and Customs Enforcement,561612,SECURITY GUARDS AND PATROL SERVICES,S206,GUARD SERVICES,DETENTION SERVICES
HSCEDM09F00005,CONT_AWD_HSCEDM09F00005_7012_HSCEOP06D00010_7012,P00001,2008-12-05,3950526.5,"THE GEO GROUP, INC.",JMLKZZ1NL2Z6,DO,U.S. Immigration and Customs Enforcement,561210,FACILITIES SUPPORT SERVICES,S206,GUARD SERVICES,FUNDING AS PRESCRIBED ON TERMS OF CDF CONTRACT #HSCEOP-06-D-00010. EXISTING DETENTION SPACE IS NEEDED TO HOUSE KNOWN ALIEN FELONS FOR REMOVAL PROCEEDINGS.
HSCEOP07J00271,CONT_AWD_HSCEOP07J00271_7012_HSCEOP06D00010_7012,P00005,2008-12-08,0.0,"THE GEO GROUP, INC.",JMLKZZ1NL2Z6,DO,U.S. Immigration and Customs Enforcement,561210,FACILITIES SUPPORT SERVICES,S206,GUARD SERVICES,FUNDING ASSOCIATED WITH THE MANAGEMENT & OPERATIONS OF A CONTRACTOR-OWNED/CONTRACTOR-OPERATED DETETION FACILITY FOR FEDERAL DETAINEES
HSCEDM09F00001,CONT_AWD_HSCEDM09F00001_7012_HSACD4C0001_7012,P00002,2009-01-22,6062752.15,"THE GEO GROUP, INC.",JMLKZZ1NL2Z6,DO,U.S. Immigration and Customs Enforcement,561612,SECURITY GUARDS AND PATROL SERVICES,S206,GUARD SERVICES,"ESTIMATED COST OF CONTRACT DETENTION FACILITY FOR ""GUARANTEED AND OVERAGES"" FOR DETAINEES FOR THE PERIOD OF 10/01/08-09/30/09.  INQUIRIES TO AFOD MARCOS REYNA, 210-967-7002."
HSCEDM09F00001,CONT_AWD_HSCEDM09F00001_7012_HSACD4C0001_7012,P00003,2009-01-26,0.0,"THE GEO GROUP, INC.",JMLKZZ1NL2Z6,DO,U.S. Immigration and Customs Enforcement,561612,SECURITY GUARDS AND PATROL SERVICES,S206,GUARD SERVICES,"ESTIMATED COST OF CONTRACT DETENTION FACILITY FOR ""GUARANTEED AND OVERAGES"" FOR DETAINEES FOR THE PERIOD OF 10/01/08-09/30/09.  INQUIRIES TO AFOD MARCOS REYNA, 210-967-7002."
HSCECR08J00052,CONT_AWD_HSCECR08J00052_7012_HSACB4C0008_7012,P00002,2009-02-02,12255032.0,B.I. INCORPORATED,PKK6L9KLMYR5,DO,U.S. Immigration and Customs Enforcement,624190,OTHER INDIVIDUAL AND FAMILY SERVICES,G099,OTHER SOCIAL SERVICES,INTENSIVE SUPERVISION APPEARANCE PROGRAM
HSCEDM09F00005,CONT_AWD_HSCEDM09F00005_7012_HSCEOP06D00010_7012,P00002,2009-02-04,3902351.49,"THE GEO GROUP, INC.",JMLKZZ1NL2Z6,DO,U.S. Immigration and Customs Enforcement,561210,FACILITIES SUPPORT SERVICES,S206,GUARD SERVICES,FUNDING AS PRESCRIBED ON TERMS OF CDF CONTRACT #HSCEOP-06-D-00010. EXISTING DETENTION SPACE IS NEEDED TO HOUSE KNOWN ALIEN FELONS FOR REMOVAL PROCEEDINGS.
HSCEDM09F00001,CONT_AWD_HSCEDM09F00001_7012_HSACD4C0001_7012,P00004,2009-02-05,124200.0,"THE GEO GROUP, INC.",JMLKZZ1NL2Z6,DO,U.S. Immigration and Customs Enforcement,561612,SECURITY GUARDS AND PATROL SERVICES,S206,GUARD SERVICES,"ESTIMATED COST OF CONTRACT DETENTION FACILITY FOR ""GUARANTEED AND OVERAGES"" FOR DETAINEES FOR THE PERIOD OF 10/01/08-09/30/09.  INQUIRIES TO AFOD MARCOS REYNA, 210-967-7002."
HSCEDM09F00001,CONT_AWD_HSCEDM09F00001_7012_HSACD4C0001_7012,P00005,2009-02-09,4335576.7,"THE GEO GROUP, INC.",JMLKZZ1NL2Z6,DO,U.S. Immigration and Customs Enforcement,561612,SECURITY GUARDS AND PATROL SERVICES,S206,GUARD SERVICES,"ESTIMATED COST OF CONTRACT DETENTION FACILITY FOR ""GUARANTEED AND OVERAGES"" FOR DETAINEES FOR THE PERIOD OF 10/01/08-09/30/09.  INQUIRIES TO AFOD MARCOS REYNA, 210-967-7002."
HSCEDM09J00029,CONT_AWD_HSCEDM09J00029_7012_HSCEOP07C00001_7012,0,2009-02-13,1655040.0,"THE GEO GROUP, INC.",JMLKZZ1NL2Z6,DO,U.S. Immigration and Customs Enforcement,561612,SECURITY GUARDS AND PATROL SERVICES,S206,GUARD SERVICES,"PROVIDE FY 2009 FUNIDNG TO THE GEO GROUP, INC. TO MANGE.OPERATE THE MIGRANT OPERATIONS CENTER IN GUANTANAMO BAY, CUBA UNDER OPTION PERIOD II OF CONTRACT HSCEOP-07-C-00001. THE FY 2008 TASK ORDER WAS HSCEDM-08-J-00052."
HSCEDM08J00073,CONT_AWD_HSCEDM08J00073_7012_HSCEAL02C0004_7012,P00005,2009-02-17,3166371.93,"THE GEO GROUP, INC.",JMLKZZ1NL2Z6,DO,U.S. Immigration and Customs Enforcement,561612,SECURITY GUARDS AND PATROL SERVICES,M199,OPER OF GOVT MISC BLDGS,TASK ORDER FOR FOURTH OPTION YEAR ON CONTRACT ACL2C0004
HSCEDM08J00019,CONT_AWD_HSCEDM08J00019_7012_HSCEAB04C0001_7012,P00003,2009-02-18,4611040.06,"THE GEO GROUP, INC.",JMLKZZ1NL2Z6,DO,U.S. Immigration and Customs Enforcement,,,S206,GUARD SERVICES,DETENTION SERVICES
HSCEDM08J00019,CONT_AWD_HSCEDM08J00019_7012_HSCEAB04C0001_7012,P00004,2009-02-24,2729727.0,"THE GEO GROUP, INC.",JMLKZZ1NL2Z6,DO,U.S. Immigration and Customs Enforcement,,,S206,GUARD SERVICES,DETENTION SERVICES
HSCEOP07F00255,CONT_AWD_HSCEOP07F00255_7012_HSODT6C0002_7012,P00002,2009-03-02,-2693.25,"THE GEO GROUP, INC.",JMLKZZ1NL2Z6,DO,U.S. Immigration and Customs Enforcement,561612,SECURITY GUARDS AND PATROL SERVICES,S206,GUARD SERVICES,"DE-OBLIGATION OF EXCESS FUNDS. ($2,693.25)"
HSCEDM08J00073,CONT_AWD_HSCEDM08J00073_7012_HSCEAL02C0004_7012,P00006,2009-03-27,5750587.19,"THE GEO GROUP, INC.",JMLKZZ1NL2Z6,DO,U.S. Immigration and Customs Enforcement,561612,SECURITY GUARDS AND PATROL SERVICES,M199,OPER OF GOVT MISC BLDGS,ADDITIONAL FUNDS FOR THE 1ST QUARTER FY2009.
HSCEDM09J00014,CONT_AWD_HSCEDM09J00014_7012_HSCEOP07C00001_7012,P00001,2009-04-07,5035.19,"THE GEO GROUP, INC.",JMLKZZ1NL2Z6,DO,U.S. Immigration and Customs Enforcement,561612,SECURITY GUARDS AND PATROL SERVICES,S206,GUARD SERVICES,"PROVIDE FUNDING TO THE GEO GROUP INC FOR PARTICIPATION IN THE FY 2009 ""OPERATION BLUE ADVANCE"" AS PART OF MASS MIGRATION TRAINING ACTIVITIES FOR THE DHS NATIONAL INCIDENT RESPONSE UNIT AND OTHER FEDERAL PARTNERS."
HSCEDM09F00001,CONT_AWD_HSCEDM09F00001_7012_HSACD4C0001_7012,P00006,2009-04-10,51828.94,"THE GEO GROUP, INC.",JMLKZZ1NL2Z6,DO,U.S. Immigration and Customs Enforcement,561612,SECURITY GUARDS AND PATROL SERVICES,S206,GUARD SERVICES,FUNDING FOR THREE (3) QUARTERS OF FIREARMS TRAINING.
HSCEDM09F00001,CONT_AWD_HSCEDM09F00001_7012_HSACD4C0001_7012,P00007,2009-04-14,1500000.0,"THE GEO GROUP, INC.",JMLKZZ1NL2Z6,DO,U.S. Immigration and Customs Enforcement,561612,SECURITY GUARDS AND PATROL SERVICES,S206,GUARD SERVICES,MONTH OF MAY FUNDING
HSCEDM09J00032,CONT_AWD_HSCEDM09J00032_7012_HSCEAL02C0004_7012,0,2009-04-14,0.0,"THE GEO GROUP, INC.",JMLKZZ1NL2Z6,DO,U.S. Immigration and Customs Enforcement,561612,SECURITY GUARDS AND PATROL SERVICES,M199,OPER OF GOVT MISC BLDGS,"6 MONTH EXTENSION FOR TACOMA, WA"
HSCEDM09F00005,CONT_AWD_HSCEDM09F00005_7012_HSCEOP06D00010_7012,P00003,2009-04-16,88753.73,"THE GEO GROUP, INC.",JMLKZZ1NL2Z6,DO,U.S. Immigration and Customs Enforcement,561210,FACILITIES SUPPORT SERVICES,S206,GUARD SERVICES,FUNDING AS PRESCRIBED ON TERMS OF CDF CONTRACT #HSCEOP-06-D-00010. EXISTING DETENTION SPACE IS NEEDED TO HOUSE KNOWN ALIEN FELONS FOR REMOVAL PROCEEDINGS.
HSCEDM09J00036,CONT_AWD_HSCEDM09J00036_7012_HSCEDM09D00006_7012,0,2009-04-22,5010762.0,"THE GEO GROUP, INC.",JMLKZZ1NL2Z6,DO,U.S. Immigration and Customs Enforcement,561621,SECURITY SYSTEMS SERVICES (EXCEPT LOCKSMITHS),S206,GUARD SERVICES,"TO PROVIDE FUNDING FOR THE BROWARD TRANSITIONAL CENTER NEW CONTRACT. PERIOD OF PERFORMANCE IS APRIL 1, 2009 TO MARCH 31, 2010."
HSCEDM09F00005,CONT_AWD_HSCEDM09F00005_7012_HSCEOP06D00010_7012,P00004,2009-05-07,1311934.27,"THE GEO GROUP, INC.",JMLKZZ1NL2Z6,DO,U.S. Immigration and Customs Enforcement,561210,FACILITIES SUPPORT SERVICES,S206,GUARD SERVICES,FUNDING AS PRESCRIBED ON TERMS OF CDF CONTRACT #HSCEOP-06-D-00010. EXISTING DETENTION SPACE IS NEEDED TO HOUSE KNOWN ALIEN FELONS FOR REMOVAL PROCEEDINGS.
HSCEDM09F00001,CONT_AWD_HSCEDM09F00001_7012_HSACD4C0001_7012,P00008,2009-05-08,169374.22,"THE GEO GROUP, INC.",JMLKZZ1NL2Z6,DO,U.S. Immigration and Customs Enforcement,561612,SECURITY GUARDS AND PATROL SERVICES,S206,GUARD SERVICES,REA FUNDING
HSCEDM09F00001,CONT_AWD_HSCEDM09F00001_7012_HSACD4C0001_7012,P00009,2009-05-11,2176338.36,"THE GEO GROUP, INC.",JMLKZZ1NL2Z6,DO,U.S. Immigration and Customs Enforcement,561612,SECURITY GUARDS AND PATROL SERVICES,S206,GUARD SERVICES,ADD FUNDING FOR CLIN 3029
HSCECR08J00052,CONT_AWD_HSCECR08J00052_7012_HSACB4C0008_7012,P00003,2009-05-13,7940327.0,B.I. INCORPORATED,PKK6L9KLMYR5,DO,U.S. Immigration and Customs Enforcement,624190,OTHER INDIVIDUAL AND FAMILY SERVICES,G099,OTHER SOCIAL SERVICES,INTENSIVE SUPERVISION APPEARANCE PROGRAM
HSCEDM08J00073,CONT_AWD_HSCEDM08J00073_7012_HSCEAL02C0004_7012,P00007,2009-05-14,1995691.58,"THE GEO GROUP, INC.",JMLKZZ1NL2Z6,DO,U.S. Immigration and Customs Enforcement,561612,SECURITY GUARDS AND PATROL SERVICES,M199,OPER OF GOVT MISC BLDGS,ADDITIONAL FUNDS FOR THE 2ND QUARTER FY2009.
HSCEDM09F00005,CONT_AWD_HSCEDM09F00005_7012_HSCEOP06D00010_7012,P00005,2009-05-15,63105.85,"THE GEO GROUP, INC.",JMLKZZ1NL2Z6,DO,U.S. Immigration and Customs Enforcement,561210,FACILITIES SUPPORT SERVICES,S206,GUARD SERVICES,FUNDING AS PRESCRIBED ON TERMS OF CDF CONTRACT #HSCEOP-06-D-00010. EXISTING DETENTION SPACE IS NEEDED TO HOUSE KNOWN ALIEN FELONS FOR REMOVAL PROCEEDINGS / MODIFICATION TO PROVIDE FUNDING FOR TWO (2) ADDITIONAL BAILIFFS
HSCEDM09J00032,CONT_AWD_HSCEDM09J00032_7012_HSCEAL02C0004_7012,P00001,2009-05-20,0.0,"THE GEO GROUP, INC.",JMLKZZ1NL2Z6,DO,U.S. Immigration and Customs Enforcement,561612,SECURITY GUARDS AND PATROL SERVICES,M199,OPER OF GOVT MISC BLDGS,"6 MONTH EXTENSION FOR TACOMA, WA"
HSCEDM09F00005,CONT_AWD_HSCEDM09F00005_7012_HSCEOP06D00010_7012,P00006,2009-05-26,2640182.11,"THE GEO GROUP, INC.",JMLKZZ1NL2Z6,DO,U.S. Immigration and Customs Enforcement,561210,FACILITIES SUPPORT SERVICES,S206,GUARD SERVICES,ADDITIONAL FUNDING FOR GUARD SERVICES
HSCEDM09J00032,CONT_AWD_HSCEDM09J00032_7012_HSCEAL02C0004_7012,P00002,2009-05-27,3000111.13,"THE GEO GROUP, INC.",JMLKZZ1NL2Z6,DO,U.S. Immigration and Customs Enforcement,561612,SECURITY GUARDS AND PATROL SERVICES,M199,OPER OF GOVT MISC BLDGS,"6 MONTH EXTENSION FOR TACOMA, WA"
HSCEDM09F00001,CONT_AWD_HSCEDM09F00001_7012_HSACD4C0001_7012,P00010,2009-06-08,1600549.86,"THE GEO GROUP, INC.",JMLKZZ1NL2Z6,DO,U.S. Immigration and Customs Enforcement,561612,SECURITY GUARDS AND PATROL SERVICES,S206,GUARD SERVICES,ADD FUNDING FOR CLIN 3029
HSCEDM09J00029,CONT_AWD_HSCEDM09J00029_7012_HSCEOP07C00001_7012,P00001,2009-06-10,2482560.0,"THE GEO GROUP, INC.",JMLKZZ1NL2Z6,DO,U.S. Immigration and Customs Enforcement,561612,SECURITY GUARDS AND PATROL SERVICES,S206,GUARD SERVICES,"PROVIDE FY 2009 FUNIDNG TO THE GEO GROUP, INC. TO MANGE.OPERATE THE MIGRANT OPERATIONS CENTER IN GUANTANAMO BAY, CUBA UNDER OPTION PERIOD II OF CONTRACT HSCEOP-07-C-00001. THE FY 2008 TASK ORDER WAS HSCEDM-08-J-00052."
HSCEDM10F00001,CONT_AWD_HSCEDM10F00001_7012_HSACD4C0001_7012,0,2009-06-15,0.0,"THE GEO GROUP, INC.",JMLKZZ1NL2Z6,DO,U.S. Immigration and Customs Enforcement,561612,SECURITY GUARDS AND PATROL SERVICES,S206,GUARD SERVICES,"FUNDS NECESSARY FOR DETAINEE HOUSING, TRANSPORTATION, MILK, AND WAGES FOR THE PERIOD OF 10/01/09 THRU 9/30/2010 AT THE SOUTH TEXAS DETENTION COMPLEX."
HSCEDM09F00001,CONT_AWD_HSCEDM09F00001_7012_HSACD4C0001_7012,P00011,2009-06-22,2000000.0,"THE GEO GROUP, INC.",JMLKZZ1NL2Z6,DO,U.S. Immigration and Customs Enforcement,561612,SECURITY GUARDS AND PATROL SERVICES,S206,GUARD SERVICES,ADD FUNDING FOR CLIN 3029 & 3030 AND ADD CLIN 3038
HSCEDM08J00073,CONT_AWD_HSCEDM08J00073_7012_HSCEAL02C0004_7012,P00008,2009-06-30,-461095.38,"THE GEO GROUP, INC.",JMLKZZ1NL2Z6,DO,U.S. Immigration and Customs Enforcement,561612,SECURITY GUARDS AND PATROL SERVICES,M199,OPER OF GOVT MISC BLDGS,TASK ORDER CLOSEOUT
HSCEDM09F00005,CONT_AWD_HSCEDM09F00005_7012_HSCEOP06D00010_7012,P00007,2009-07-06,11000.0,"THE GEO GROUP, INC.",JMLKZZ1NL2Z6,DO,U.S. Immigration and Customs Enforcement,561210,FACILITIES SUPPORT SERVICES,S206,GUARD SERVICES,ADD BEDS AND INSTALL.
HSCECR08J00052,CONT_AWD_HSCECR08J00052_7012_HSACB4C0008_7012,P00004,2009-07-09,-2500000.0,B.I. INCORPORATED,PKK6L9KLMYR5,DO,U.S. Immigration and Customs Enforcement,624190,OTHER INDIVIDUAL AND FAMILY SERVICES,G099,OTHER SOCIAL SERVICES,TASK ORDER AGAINST ISAP CONTRACT # ACB4C0008
HSCEDM09J00032,CONT_AWD_HSCEDM09J00032_7012_HSCEAL02C0004_7012,P00003,2009-07-14,3771160.87,"THE GEO GROUP, INC.",JMLKZZ1NL2Z6,DO,U.S. Immigration and Customs Enforcement,561612,SECURITY GUARDS AND PATROL SERVICES,M199,OPER OF GOVT MISC BLDGS,"6 MONTH EXTENSION FOR TACOMA, WA"
HSCEDM09F00001,CONT_AWD_HSCEDM09F00001_7012_HSACD4C0001_7012,P00012,2009-07-16,1007661.0,"THE GEO GROUP, INC.",JMLKZZ1NL2Z6,DO,U.S. Immigration and Customs Enforcement,561612,SECURITY GUARDS AND PATROL SERVICES,S206,GUARD SERVICES,ADD FUNDING FOR CLIN 4033
HSCECR09J00040,CONT_AWD_HSCECR09J00040_7012_HSCECR09D00002_7012,0,2009-07-20,5311090.01,B.I. INCORPORATED,PKK6L9KLMYR5,DO,U.S. Immigration and Customs Enforcement,561210,FACILITIES SUPPORT SERVICES,R408,PROGRAM MANAGEMENT/SUPPORT SERVICES,ISAP II - ANNUAL TASK ORDER - BASE YEAR SERVICES (07/20/2009 - 07/19/2010) - CONTRACT HSCECR-09-D-00002
HSCEDM09J00036,CONT_AWD_HSCEDM09J00036_7012_HSCEDM09D00006_7012,P00001,2009-07-29,600000.0,"THE GEO GROUP, INC.",JMLKZZ1NL2Z6,DO,U.S. Immigration and Customs Enforcement,561621,SECURITY SYSTEMS SERVICES (EXCEPT LOCKSMITHS),S206,GUARD SERVICES,"TO PROVIDE ADDITIONAL FUNDING FOR THE BROWARD TRANSITIONAL CENTER NEW CONTRACT. PERIOD OF PERFORMANCE IS APRIL 1, 2009 TO MARCH 31, 2010."
HSCEDM08J00019,CONT_AWD_HSCEDM08J00019_7012_HSCEAB04C0001_7012,P00005,2009-08-05,-1138488.25,"THE GEO GROUP, INC.",JMLKZZ1NL2Z6,DO,U.S. Immigration and Customs Enforcement,,,S206,GUARD SERVICES,DE-OBLIGATE FUNDS
HSCEDM09F00001,CONT_AWD_HSCEDM09F00001_7012_HSACD4C0001_7012,P00013,2009-08-06,0.0,"THE GEO GROUP, INC.",JMLKZZ1NL2Z6,DO,U.S. Immigration and Customs Enforcement,561612,SECURITY GUARDS AND PATROL SERVICES,S206,GUARD SERVICES,CORRECT POP
HSCEDM09J00036,CONT_AWD_HSCEDM09J00036_7012_HSCEDM09D00006_7012,P00002,2009-08-20,3712114.29,"THE GEO GROUP, INC.",JMLKZZ1NL2Z6,DO,U.S. Immigration and Customs Enforcement,561621,SECURITY SYSTEMS SERVICES (EXCEPT LOCKSMITHS),S206,GUARD SERVICES,"TO PROVIDE ADDITIONAL FUNDING FOR THE BROWARD TRANSITIONAL CENTER NEW CONTRACT. PERIOD OF PERFORMANCE IS APRIL 1, 2009 TO MARCH 31, 2010."
HSCEDM09F00001,CONT_AWD_HSCEDM09F00001_7012_HSACD4C0001_7012,P00014,2009-08-24,11224094.25,"THE GEO GROUP, INC.",JMLKZZ1NL2Z6,DO,U.S. Immigration and Customs Enforcement,561612,SECURITY GUARDS AND PATROL SERVICES,S206,GUARD SERVICES,ADD FUNDING
HSCEDM09F00005,CONT_AWD_HSCEDM09F00005_7012_HSCEOP06D00010_7012,P00008,2009-08-24,5465045.13,"THE GEO GROUP, INC.",JMLKZZ1NL2Z6,DO,U.S. Immigration and Customs Enforcement,561210,FACILITIES SUPPORT SERVICES,S206,GUARD SERVICES,ADD FUNDS
HSCECR09P00123,CONT_AWD_HSCECR09P00123_7012_-NONE-_-NONE-,0,2009-08-25,300.0,"CORNELL COMPANIES, INC.",TLDCDE29G781,PO,U.S. Immigration and Customs Enforcement,713990,ALL OTHER AMUSEMENT AND RECREATION INDUSTRIES,X291,LEASE-RENT OF RECREA NON-BLDG STRUC,FIRING RANGE USAGE
HSCECR09J00040,CONT_AWD_HSCECR09J00040_7012_HSCECR09D00002_7012,P00001,2009-09-01,-5211090.01,B.I. INCORPORATED,PKK6L9KLMYR5,DO,U.S. Immigration and Customs Enforcement,561210,FACILITIES SUPPORT SERVICES,R408,PROGRAM MANAGEMENT/SUPPORT SERVICES,ISAP II - ANNUAL TASK ORDER - BASE YEAR SERVICES (07/20/2009 - 07/19/2010) - CONTRACT HSCECR-09-D-00002 MOD P00001 (DE-OBLIGATION)OF $5.2M
HSCEDM09F00005,CONT_AWD_HSCEDM09F00005_7012_HSCEOP06D00010_7012,P00009,2009-09-01,0.0,"THE GEO GROUP, INC.",JMLKZZ1NL2Z6,DO,U.S. Immigration and Customs Enforcement,561210,FACILITIES SUPPORT SERVICES,S206,GUARD SERVICES,CORRECT VARIABLE BED DAY RATE
HSCEDM09J00036,CONT_AWD_HSCEDM09J00036_7012_HSCEDM09D00006_7012,P00003,2009-09-02,0.0,"THE GEO GROUP, INC.",JMLKZZ1NL2Z6,DO,U.S. Immigration and Customs Enforcement,561621,SECURITY SYSTEMS SERVICES (EXCEPT LOCKSMITHS),S206,GUARD SERVICES,CORRECT ACCOUNTING CODE
HSCEDM09F00005,CONT_AWD_HSCEDM09F00005_7012_HSCEOP06D00010_7012,P00010,2009-09-03,0.0,"THE GEO GROUP, INC.",JMLKZZ1NL2Z6,DO,U.S. Immigration and Customs Enforcement,561210,FACILITIES SUPPORT SERVICES,S206,GUARD SERVICES,CORRECT ACCOUNTING CODE
HSCEDM09J00032,CONT_AWD_HSCEDM09J00032_7012_HSCEAL02C0004_7012,P00004,2009-09-03,9121556.52,"THE GEO GROUP, INC.",JMLKZZ1NL2Z6,DO,U.S. Immigration and Customs Enforcement,561612,SECURITY GUARDS AND PATROL SERVICES,M199,OPER OF GOVT MISC BLDGS,"6 MONTH EXTENSION FOR TACOMA, WA"
HSCECR08J00052,CONT_AWD_HSCECR08J00052_7012_HSACB4C0008_7012,P00005,2009-09-14,4124109.01,B.I. INCORPORATED,PKK6L9KLMYR5,DO,U.S. Immigration and Customs Enforcement,624190,OTHER INDIVIDUAL AND FAMILY SERVICES,G099,OTHER SOCIAL SERVICES,TASK ORDER AGAINST ISAP CONTRACT# ACB4C0008
HSCEDM10F00010,CONT_AWD_HSCEDM10F00010_7012_HSCEOP06D00010_7012,0,2009-09-21,0.0,"THE GEO GROUP, INC.",JMLKZZ1NL2Z6,DO,U.S. Immigration and Customs Enforcement,561210,FACILITIES SUPPORT SERVICES,S206,GUARD SERVICES,"NEW TASK ORDER FOR CONTRACT # HSCEOP06D00010 REMAINDER OF OPTION PERIOD 3, PERFORMANCE PERIOD: 10/1/2009 - 5/31/10 SUBJECT TO AVAILABILITY OF FY10 FUNDS - PRIOR YEAR ORDER # HSCEDM09F00005"
HSCEDM09F00005,CONT_AWD_HSCEDM09F00005_7012_HSCEOP06D00010_7012,P00011,2009-09-22,114432.0,"THE GEO GROUP, INC.",JMLKZZ1NL2Z6,DO,U.S. Immigration and Customs Enforcement,561210,FACILITIES SUPPORT SERVICES,S206,GUARD SERVICES,CORRECT VARIABLE BED DAY RATE
HSCEDM09J00032,CONT_AWD_HSCEDM09J00032_7012_HSCEAL02C0004_7012,P00005,2009-09-23,2324851.0,"THE GEO GROUP, INC.",JMLKZZ1NL2Z6,DO,U.S. Immigration and Customs Enforcement,561612,SECURITY GUARDS AND PATROL SERVICES,M199,OPER OF GOVT MISC BLDGS,FUNDING FOR PERIOD 10/1/2009 TO 10/23/2009
HSCEDM09F00001,CONT_AWD_HSCEDM09F00001_7012_HSACD4C0001_7012,P00015,2009-09-24,7256384.69,"THE GEO GROUP, INC.",JMLKZZ1NL2Z6,DO,U.S. Immigration and Customs Enforcement,561612,SECURITY GUARDS AND PATROL SERVICES,S206,GUARD SERVICES,ADD FUNDING
HSCEDM09F00005,CONT_AWD_HSCEDM09F00005_7012_HSCEOP06D00010_7012,P00012,2009-09-24,0.0,"THE GEO GROUP, INC.",JMLKZZ1NL2Z6,DO,U.S. Immigration and Customs Enforcement,561210,FACILITIES SUPPORT SERVICES,S206,GUARD SERVICES,CORRECT REMOTE CUSTODY RATE
HSCEDM09J00036,CONT_AWD_HSCEDM09J00036_7012_HSCEDM09D00006_7012,P00004,2009-09-24,1238496.0,"THE GEO GROUP, INC.",JMLKZZ1NL2Z6,DO,U.S. Immigration and Customs Enforcement,561621,SECURITY SYSTEMS SERVICES (EXCEPT LOCKSMITHS),S206,GUARD SERVICES,"TO PROVIDE ADDITIONAL FUNDING FOR THE BROWARD TRANSITIONAL CENTER NEW CONTRACT. PERIOD OF PERFORMANCE IS APRIL 1, 2009 TO MARCH 31, 2010."
HSCEDM10F00010,CONT_AWD_HSCEDM10F00010_7012_HSCEOP06D00010_7012,P00001,2009-09-25,0.0,"THE GEO GROUP, INC.",JMLKZZ1NL2Z6,DO,U.S. Immigration and Customs Enforcement,561210,FACILITIES SUPPORT SERVICES,S206,GUARD SERVICES,"NEW TASK ORDER FOR CONTRACT # HSCEOP06D00010 REMAINDER OF OPTION PERIOD 3, PERFORMANCE PERIOD: 10/1/2009 - 5/31/10 SUBJECT TO AVAILABILITY OF FY10 FUNDS - PRIOR YEAR ORDER # HSCEDM09F00005"
HSCEDM10F00011,CONT_AWD_HSCEDM10F00011_7012_HSCEDM09D00006_7012,0,2009-09-25,0.0,"THE GEO GROUP, INC.",JMLKZZ1NL2Z6,DO,U.S. Immigration and Customs Enforcement,561621,SECURITY SYSTEMS SERVICES (EXCEPT LOCKSMITHS),S206,GUARD SERVICES,"""SAF"" FOR FY10 BROWARD CDDF CONTRACT. THE POP IS 10/1/09 -9/30/10. $20,351,412.20"
HSCEOP07J00452,CONT_AWD_HSCEOP07J00452_7012_HSCEAL02C0004_7012,P00004,2009-10-07,-420115.31,"THE GEO GROUP, INC.",JMLKZZ1NL2Z6,DO,U.S. Immigration and Customs Enforcement,561612,SECURITY GUARDS AND PATROL SERVICES,S206,GUARD SERVICES,DE-OBLIGATE FUNDS
HSCEDM10J00010,CONT_AWD_HSCEDM10J00010_7012_HSCEDM10D00001_7012,0,2009-10-16,0.0,"THE GEO GROUP, INC.",JMLKZZ1NL2Z6,DO,U.S. Immigration and Customs Enforcement,561210,FACILITIES SUPPORT SERVICES,S206,GUARD SERVICES,"DETENTION, TRANSPORTATION AND FOOD SERVCIES FOR THE NORTHWEST CONTRACTOR DETENTION FACILITY, TACOMA, WASHINGTON."
HSCECR09J00040,CONT_AWD_HSCECR09J00040_7012_HSCECR09D00002_7012,P00002,2009-11-06,7784868.0,B.I. INCORPORATED,PKK6L9KLMYR5,DO,U.S. Immigration and Customs Enforcement,561210,FACILITIES SUPPORT SERVICES,R408,PROGRAM MANAGEMENT/SUPPORT SERVICES,CONTRACT HSCECR-09-D-00002 ISAP II - ANNUAL TASK ORDER - BASE YEAR SERVICES (11/06/2009 THROUGH 11/05/2010 - NEW POP)  MOD P00002 (FUNDING ACTION AFTER STOP WORK ORDER RELEASED.)
HSCECR08J00052,CONT_AWD_HSCECR08J00052_7012_HSACB4C0008_7012,P00006,2009-11-12,3429000.0,B.I. INCORPORATED,PKK6L9KLMYR5,DO,U.S. Immigration and Customs Enforcement,624190,OTHER INDIVIDUAL AND FAMILY SERVICES,G099,OTHER SOCIAL SERVICES,TASK ORDER AGAINST ISAP CONTRACT # ACB4C0008
HSACL4D0226,CONT_AWD_HSACL4D0226_7012_HSCEAL02C0004_7012,P00009,2009-11-20,-2052.72,"THE GEO GROUP, INC.",JMLKZZ1NL2Z6,DO,U.S. Immigration and Customs Enforcement,561612,SECURITY GUARDS AND PATROL SERVICES,S206,GUARD SERVICES,"DE-OBLIGATE $2,052.72"
HSCEDM10F00016,CONT_AWD_HSCEDM10F00016_7012_HSODT6C0002_7012,0,2009-12-02,5985.0,"THE GEO GROUP, INC.",JMLKZZ1NL2Z6,DO,U.S. Immigration and Customs Enforcement,561612,SECURITY GUARDS AND PATROL SERVICES,S206,GUARD SERVICES,RENEWAL OF WEEKEND/OVERNIGHT BEDSPACE IS REQUIRED TO HOUSE DETAINEES UNTIL RELEASED TO ICE/DRO. FUNDING COVERS: 01/06/2010 - 03/05/2010
HSCEDM10F00001,CONT_AWD_HSCEDM10F00001_7012_HSACD4C0001_7012,P00001,2009-12-07,7558587.36,"THE GEO GROUP, INC.",JMLKZZ1NL2Z6,DO,U.S. Immigration and Customs Enforcement,561612,SECURITY GUARDS AND PATROL SERVICES,S206,GUARD SERVICES,"FUNDS NECESSARY FOR DETAINEE HOUSING, TRANSPORTATION, MILK, AND WAGES FOR THE PERIOD OF 10/01/09 THRU 12/31/2010 FOR THE SOUTH TEXAS DETENTION COMPLEX."
HSCEOP05J00090,CONT_AWD_HSCEOP05J00090_7012_HSCEAL02C0004_7012,P00010,2009-12-08,-766253.96,"THE GEO GROUP, INC.",JMLKZZ1NL2Z6,DO,U.S. Immigration and Customs Enforcement,561612,SECURITY GUARDS AND PATROL SERVICES,S206,GUARD SERVICES,FUNDING MOD
HSCEDM10F00011,CONT_AWD_HSCEDM10F00011_7012_HSCEDM09D00006_7012,P00001,2009-12-09,3579493.89,"THE GEO GROUP, INC.",JMLKZZ1NL2Z6,DO,U.S. Immigration and Customs Enforcement,561621,SECURITY SYSTEMS SERVICES (EXCEPT LOCKSMITHS),S206,GUARD SERVICES,ADD FUNDING
HSCEDM10J00010,CONT_AWD_HSCEDM10J00010_7012_HSCEDM10D00001_7012,P00001,2009-12-11,14197382.0,"THE GEO GROUP, INC.",JMLKZZ1NL2Z6,DO,U.S. Immigration and Customs Enforcement,561210,FACILITIES SUPPORT SERVICES,S206,GUARD SERVICES,"DETENTION, TRANSPORTATION AND FOOD SERVCIES FOR THE NORTHWEST CONTRACTOR DETENTION FACILITY, TACOMA, WASHINGTON."
HSCEDM10F00010,CONT_AWD_HSCEDM10F00010_7012_HSCEOP06D00010_7012,P00002,2009-12-14,3513640.12,"THE GEO GROUP, INC.",JMLKZZ1NL2Z6,DO,U.S. Immigration and Customs Enforcement,561210,FACILITIES SUPPORT SERVICES,S206,GUARD SERVICES,"INCREMENTAL FUNDING FOR OCT, NOV, & DEC. NEW TASK ORDER FOR CONTRACT # HSCEOP06D00010 REMAINDER OF OPTION PERIOD 3, PERFORMANCE PERIOD: 10/1/2009 - 5/31/10 SUBJECT TO AVAILABILITY OF FY10 FUNDS - PRIOR YEAR ORDER # HSCEDM09F00005"
HSCEDM09F00001,CONT_AWD_HSCEDM09F00001_7012_HSACD4C0001_7012,P00016,2009-12-15,0.0,"THE GEO GROUP, INC.",JMLKZZ1NL2Z6,DO,U.S. Immigration and Customs Enforcement,561612,SECURITY GUARDS AND PATROL SERVICES,S206,GUARD SERVICES,ADD FUNDING
HSCEDM10F00001,CONT_AWD_HSCEDM10F00001_7012_HSACD4C0001_7012,P00002,2009-12-15,25914.47,"THE GEO GROUP, INC.",JMLKZZ1NL2Z6,DO,U.S. Immigration and Customs Enforcement,561612,SECURITY GUARDS AND PATROL SERVICES,S206,GUARD SERVICES,"FUNDS NECESSARY FOR DETAINEE HOUSING, TRANSPORTATION, MILK, AND WAGES FOR THE PERIOD OF 10/01/09 THRU 9/30/2010 AT THE SOUTH TEXAS DETENTION COMPLEX."
HSCEDM10F00010,CONT_AWD_HSCEDM10F00010_7012_HSCEOP06D00010_7012,P00003,2009-12-23,602593.5,"THE GEO GROUP, INC.",JMLKZZ1NL2Z6,DO,U.S. Immigration and Customs Enforcement,561210,FACILITIES SUPPORT SERVICES,S206,GUARD SERVICES,INCREMENTAL FUNDING FOR NEW TASK ORDER FOR CONTRACT # HSCEOP-06-D-00010.
HSCEDM10F00001,CONT_AWD_HSCEDM10F00001_7012_HSACD4C0001_7012,P00003,2009-12-24,2446137.0,"THE GEO GROUP, INC.",JMLKZZ1NL2Z6,DO,U.S. Immigration and Customs Enforcement,561612,SECURITY GUARDS AND PATROL SERVICES,S206,GUARD SERVICES,FUNDS NECESSARY FOR DETAINEE HOUSING THRU 01/25/2010.
HSCEDM10F00016,CONT_AWD_HSCEDM10F00016_7012_HSODT6C0002_7012,P00001,2010-01-04,18002.25,"THE GEO GROUP, INC.",JMLKZZ1NL2Z6,DO,U.S. Immigration and Customs Enforcement,561612,SECURITY GUARDS AND PATROL SERVICES,S206,GUARD SERVICES,RENEWAL OF WEEKEND/OVERNIGHT BEDSPACE IS REQUIRED TO HOUSE DETAINEES UNTIL RELEASED TO ICE/DRO. FUNDING COVERS: 01/06/2010 - 03/05/2010
HSCEDM09J00029,CONT_AWD_HSCEDM09J00029_7012_HSCEOP07C00001_7012,P00002,2010-01-08,0.0,"THE GEO GROUP, INC.",JMLKZZ1NL2Z6,DO,U.S. Immigration and Customs Enforcement,561612,SECURITY GUARDS AND PATROL SERVICES,S206,GUARD SERVICES,"PROVIDE FY 2009 FUNIDNG TO THE GEO GROUP, INC. TO MANGE.OPERATE THE MIGRANT OPERATIONS CENTER IN GUANTANAMO BAY, CUBA UNDER OPTION PERIOD II OF CONTRACT HSCEOP-07-C-00001. THE FY 2008 TASK ORDER WAS HSCEDM-08-J-00052."
HSCEDM10F00011,CONT_AWD_HSCEDM10F00011_7012_HSCEDM09D00006_7012,P00002,2010-01-08,38078.72,"THE GEO GROUP, INC.",JMLKZZ1NL2Z6,DO,U.S. Immigration and Customs Enforcement,561621,SECURITY SYSTEMS SERVICES (EXCEPT LOCKSMITHS),S206,GUARD SERVICES,ADD FUNDING
HSCEDM10J00010,CONT_AWD_HSCEDM10J00010_7012_HSCEDM10D00001_7012,P00002,2010-01-08,5015082.0,"THE GEO GROUP, INC.",JMLKZZ1NL2Z6,DO,U.S. Immigration and Customs Enforcement,561210,FACILITIES SUPPORT SERVICES,S206,GUARD SERVICES,"DETENTION, TRANSPORTATION AND FOOD SERVCIES FOR THE NORTHWEST CONTRACTOR DETENTION FACILITY, TACOMA, WASHINGTON. FUNDING OF TRANSPORTATION SERVICES IAW CONTRACT MODIFICATION P00002."
HSCEDM09J00029,CONT_AWD_HSCEDM09J00029_7012_HSCEOP07C00001_7012,P00003,2010-01-19,260589.0,"THE GEO GROUP, INC.",JMLKZZ1NL2Z6,DO,U.S. Immigration and Customs Enforcement,561612,SECURITY GUARDS AND PATROL SERVICES,S206,GUARD SERVICES,EXTEND PERIOD OF PERFORMANCE AND ADD FUNDS FOR HAITI SURGE
HSCECR09J00040,CONT_AWD_HSCECR09J00040_7012_HSCECR09D00002_7012,P00003,2010-01-27,9000000.01,B.I. INCORPORATED,PKK6L9KLMYR5,DO,U.S. Immigration and Customs Enforcement,561210,FACILITIES SUPPORT SERVICES,R408,PROGRAM MANAGEMENT/SUPPORT SERVICES,CONTRACT HSCECR-09-D-00002 ISAP II - ANNUAL TASK ORDER - BASE YEAR SERVICES (11/06/2009 THROUGH 11/05/2010 - NEW POP)  MOD P00002 (FUNDING ACTION AFTER STOP WORK ORDER RELEASED.) MOD P00003 (FUNDING ACTION - $9M)
HSCEDM10F00010,CONT_AWD_HSCEDM10F00010_7012_HSCEOP06D00010_7012,P00004,2010-01-28,1385507.67,"THE GEO GROUP, INC.",JMLKZZ1NL2Z6,DO,U.S. Immigration and Customs Enforcement,561210,FACILITIES SUPPORT SERVICES,S206,GUARD SERVICES,INCREMENTAL FUNDING FOR NEW TASK ORDER FOR CONTRACT # HSCEOP-06-D-00010.
HSCEDM10F00001,CONT_AWD_HSCEDM10F00001_7012_HSACD4C0001_7012,P00004,2010-02-02,18374592.58,"THE GEO GROUP, INC.",JMLKZZ1NL2Z6,DO,U.S. Immigration and Customs Enforcement,561612,SECURITY GUARDS AND PATROL SERVICES,S206,GUARD SERVICES,PROVIDE ADDITIONAL FUNDING
HSCEDM10J00010,CONT_AWD_HSCEDM10J00010_7012_HSCEDM10D00001_7012,P00003,2010-02-04,18298359.0,"THE GEO GROUP, INC.",JMLKZZ1NL2Z6,DO,U.S. Immigration and Customs Enforcement,561210,FACILITIES SUPPORT SERVICES,S206,GUARD SERVICES,"DETENTION, TRANSPORTATION AND FOOD SERVCIES FOR THE NORTHWEST CONTRACTOR DETENTION FACILITY, TACOMA, WASHINGTON. FUNDING OF BED DAY UP TO 1,181 BEDS PER DAY IN THE AMOUNT OF $18,213,972.50, BED DAY RATE FOR OVER 1,181 BEDS PER DAY IN THE AMOUNT OF $55,331.10 AND DETAINEE VOLUNTEER WAGES IN THE AMOUNT OF $29,055.40."
HSCEDM10F00010,CONT_AWD_HSCEDM10F00010_7012_HSCEOP06D00010_7012,P00005,2010-02-11,2776147.15,"THE GEO GROUP, INC.",JMLKZZ1NL2Z6,DO,U.S. Immigration and Customs Enforcement,561210,FACILITIES SUPPORT SERVICES,S206,GUARD SERVICES,INCREMENTAL FUNDING FOR NEW TASK ORDER FOR CONTRACT # HSCEOP-06-D-00010.
HSCEDM09J00029,CONT_AWD_HSCEDM09J00029_7012_HSCEOP07C00001_7012,P00004,2010-02-16,284115.0,"THE GEO GROUP, INC.",JMLKZZ1NL2Z6,DO,U.S. Immigration and Customs Enforcement,561612,SECURITY GUARDS AND PATROL SERVICES,S206,GUARD SERVICES,EXTEND PERIOD OF PERFORMANCE AND ADD FUNDS FOR HAITI SURGE UNDER CLIN 3001
HSCEDM10F00010,CONT_AWD_HSCEDM10F00010_7012_HSCEOP06D00010_7012,P00006,2010-02-16,-70.44,"THE GEO GROUP, INC.",JMLKZZ1NL2Z6,DO,U.S. Immigration and Customs Enforcement,561210,FACILITIES SUPPORT SERVICES,S206,GUARD SERVICES,INCREMENTAL FUNDING FOR NEW TASK ORDER FOR CONTRACT # HSCEOP-06-D-00010.
HSCEDM10F00011,CONT_AWD_HSCEDM10F00011_7012_HSCEDM09D00006_7012,P00003,2010-02-16,619248.0,"THE GEO GROUP, INC.",JMLKZZ1NL2Z6,DO,U.S. Immigration and Customs Enforcement,561621,SECURITY SYSTEMS SERVICES (EXCEPT LOCKSMITHS),S206,GUARD SERVICES,ADD FUNDING
HSCEDM10F00011,CONT_AWD_HSCEDM10F00011_7012_HSCEDM09D00006_7012,P00004,2010-02-18,10662237.1,"THE GEO GROUP, INC.",JMLKZZ1NL2Z6,DO,U.S. Immigration and Customs Enforcement,561621,SECURITY SYSTEMS SERVICES (EXCEPT LOCKSMITHS),S206,GUARD SERVICES,ADD FUNDING
HSCEDM10F00010,CONT_AWD_HSCEDM10F00010_7012_HSCEOP06D00010_7012,P00007,2010-02-23,2773637.95,"THE GEO GROUP, INC.",JMLKZZ1NL2Z6,DO,U.S. Immigration and Customs Enforcement,561210,FACILITIES SUPPORT SERVICES,S206,GUARD SERVICES,INCREMENTAL FUNDING FOR NEW TASK ORDER FOR CONTRACT # HSCEOP-06-D-00010.
HSCEDM10F00001,CONT_AWD_HSCEDM10F00001_7012_HSACD4C0001_7012,P00005,2010-02-25,0.0,"THE GEO GROUP, INC.",JMLKZZ1NL2Z6,DO,U.S. Immigration and Customs Enforcement,561612,SECURITY GUARDS AND PATROL SERVICES,S206,GUARD SERVICES,ADMINISTRATIVE MODIFICATION TO AMEND COTR.
HSCEDM10P00106,CONT_AWD_HSCEDM10P00106_7012_-NONE-_-NONE-,0,2010-02-26,540.54,"CORNELL COMPANIES, INC.",TLDCDE29G781,PO,U.S. Immigration and Customs Enforcement,561210,FACILITIES SUPPORT SERVICES,S206,GUARD SERVICES,"PROVIDE FUNDS FOR HOUSING OF DETAINEES FROM BIG SPRING, TX  DUE TO INCLEMENT WEATHER"
HSCEDM09J00029,CONT_AWD_HSCEDM09J00029_7012_HSCEOP07C00001_7012,P00005,2010-03-04,284115.0,"THE GEO GROUP, INC.",JMLKZZ1NL2Z6,DO,U.S. Immigration and Customs Enforcement,561612,SECURITY GUARDS AND PATROL SERVICES,S206,GUARD SERVICES,ADD ONE MONTH OF SERVICE - GUANTANAMO BAY NAVY BASE
HSCEDM10F00010,CONT_AWD_HSCEDM10F00010_7012_HSCEOP06D00010_7012,P00008,2010-03-08,0.0,"THE GEO GROUP, INC.",JMLKZZ1NL2Z6,DO,U.S. Immigration and Customs Enforcement,561210,FACILITIES SUPPORT SERVICES,S206,GUARD SERVICES,ADMIN MOD TO CLEAR SAF LIST..
HSCEDM10F00011,CONT_AWD_HSCEDM10F00011_7012_HSCEDM09D00006_7012,P00005,2010-03-12,411100.95,"THE GEO GROUP, INC.",JMLKZZ1NL2Z6,DO,U.S. Immigration and Customs Enforcement,561621,SECURITY SYSTEMS SERVICES (EXCEPT LOCKSMITHS),S206,GUARD SERVICES,ADD FUNDING
HSCECR08J00052,CONT_AWD_HSCECR08J00052_7012_HSACB4C0008_7012,P00007,2010-03-18,-2000000.0,B.I. INCORPORATED,PKK6L9KLMYR5,DO,U.S. Immigration and Customs Enforcement,624190,OTHER INDIVIDUAL AND FAMILY SERVICES,G099,OTHER SOCIAL SERVICES,TASK ORDER AGAINST ISAP CONTRACT # ACB4C0008
HSCEDM09J00029,CONT_AWD_HSCEDM09J00029_7012_HSCEOP07C00001_7012,P00006,2010-03-25,284115.0,"THE GEO GROUP, INC.",JMLKZZ1NL2Z6,DO,U.S. Immigration and Customs Enforcement,561612,SECURITY GUARDS AND PATROL SERVICES,S206,GUARD SERVICES,ADD ONE MONTH OF SERVICE
HSCECR09J00040,CONT_AWD_HSCECR09J00040_7012_HSCECR09D00002_7012,P00004,2010-04-08,6000000.03,B.I. INCORPORATED,PKK6L9KLMYR5,DO,U.S. Immigration and Customs Enforcement,561210,FACILITIES SUPPORT SERVICES,R408,PROGRAM MANAGEMENT/SUPPORT SERVICES,CONTRACT HSCECR-09-D-00002 ISAP II - ANNUAL TASK ORDER - BASE YEAR SERVICES (11/06/2009 THROUGH 11/05/2010 - NEW POP)  MOD P00002 (FUNDING ACTION AFTER STOP WORK ORDER RELEASED.) MOD P00003 & P00004 (INCREMENTAL FUNDING ACTION)
HSCEDM10F00011,CONT_AWD_HSCEDM10F00011_7012_HSCEDM09D00006_7012,P00006,2010-04-12,17408.86,"THE GEO GROUP, INC.",JMLKZZ1NL2Z6,DO,U.S. Immigration and Customs Enforcement,561621,SECURITY SYSTEMS SERVICES (EXCEPT LOCKSMITHS),S206,GUARD SERVICES,ADD FUNDING
HSCEDM10F00001,CONT_AWD_HSCEDM10F00001_7012_HSACD4C0001_7012,P00007,2010-04-14,0.0,"THE GEO GROUP, INC.",JMLKZZ1NL2Z6,DO,U.S. Immigration and Customs Enforcement,561612,SECURITY GUARDS AND PATROL SERVICES,S206,GUARD SERVICES,AMEND FIRST QUARTER FUNDING PERIOD OF PERFORMANCE FROM 10/1/2009 THROUGH 12/31/2010 TO 10/1/2009 THROUGH 12/31/2009.
HSCEDM10F00011,CONT_AWD_HSCEDM10F00011_7012_HSCEDM09D00006_7012,P00007,2010-04-14,6999928.51,"THE GEO GROUP, INC.",JMLKZZ1NL2Z6,DO,U.S. Immigration and Customs Enforcement,561621,SECURITY SYSTEMS SERVICES (EXCEPT LOCKSMITHS),S206,GUARD SERVICES,ADD FUNDING
HSCEDM10J00010,CONT_AWD_HSCEDM10J00010_7012_HSCEDM10D00001_7012,P00004,2010-05-04,179655.3,"THE GEO GROUP, INC.",JMLKZZ1NL2Z6,DO,U.S. Immigration and Customs Enforcement,561210,FACILITIES SUPPORT SERVICES,S206,GUARD SERVICES,"DETENTION SERVICES.  INCREASE FUNDS TO CLIN 0001B, DETENTION SERVICES 1,182 THROUGH 1,575 IN THE AMOUNT OF $179,655.30."
HSCEDM10F00011,CONT_AWD_HSCEDM10F00011_7012_HSCEDM09D00006_7012,P00008,2010-05-25,512712.5,"THE GEO GROUP, INC.",JMLKZZ1NL2Z6,DO,U.S. Immigration and Customs Enforcement,561621,SECURITY SYSTEMS SERVICES (EXCEPT LOCKSMITHS),S206,GUARD SERVICES,ADD FUNDING
HSCEDM10F00011,CONT_AWD_HSCEDM10F00011_7012_HSCEDM09D00006_7012,P00009,2010-05-26,0.0,"THE GEO GROUP, INC.",JMLKZZ1NL2Z6,DO,U.S. Immigration and Customs Enforcement,561621,SECURITY SYSTEMS SERVICES (EXCEPT LOCKSMITHS),S206,GUARD SERVICES,CORRECT MISTAKE
HSCEDM10J00030,CONT_AWD_HSCEDM10J00030_7012_HSCEOP06D00010_7012,0,2010-05-27,5760490.17,"THE GEO GROUP, INC.",JMLKZZ1NL2Z6,DO,U.S. Immigration and Customs Enforcement,561210,FACILITIES SUPPORT SERVICES,S206,GUARD SERVICES,INCREMENTALFUNDING FOR OPTION YEAR FOUR OF THE BASIC CONTRACT (JUNE-SEPTEMBER 2010)
HSCECR09J00040,CONT_AWD_HSCECR09J00040_7012_HSCECR09D00002_7012,P00005,2010-05-28,0.0,B.I. INCORPORATED,PKK6L9KLMYR5,DO,U.S. Immigration and Customs Enforcement,561210,FACILITIES SUPPORT SERVICES,R408,PROGRAM MANAGEMENT/SUPPORT SERVICES,CONTRACT HSCECR-09-D-00002 ISAP II - ANNUAL TASK ORDER - BASE YEAR SERVICES (11/06/2009 THROUGH 11/05/2010 - NEW POP) - EQUITABLE ADJUSTMENT MOD P00005
HSCEDM10J00030,CONT_AWD_HSCEDM10J00030_7012_HSCEOP06D00010_7012,P00001,2010-06-04,-173549.68,"THE GEO GROUP, INC.",JMLKZZ1NL2Z6,DO,U.S. Immigration and Customs Enforcement,561210,FACILITIES SUPPORT SERVICES,S206,GUARD SERVICES,RECLASSIFICATION OF ACCOUNTING LINES AND INCOPORATE REA RATES.
HSCEDM08J00055,CONT_AWD_HSCEDM08J00055_7012_HSACD4C0001_7012,P00007,2010-06-08,18010.14,"THE GEO GROUP, INC.",JMLKZZ1NL2Z6,DO,U.S. Immigration and Customs Enforcement,561612,SECURITY GUARDS AND PATROL SERVICES,S206,GUARD SERVICES,FUNDING MODIFICATION
HSCEDM09F00001,CONT_AWD_HSCEDM09F00001_7012_HSACD4C0001_7012,P00017,2010-06-08,82438.83,"THE GEO GROUP, INC.",JMLKZZ1NL2Z6,DO,U.S. Immigration and Customs Enforcement,561612,SECURITY GUARDS AND PATROL SERVICES,S206,GUARD SERVICES,ADD FUNDING
HSCECR09J00040,CONT_AWD_HSCECR09J00040_7012_HSCECR09D00002_7012,P00006,2010-06-14,8200000.0,B.I. INCORPORATED,PKK6L9KLMYR5,DO,U.S. Immigration and Customs Enforcement,561210,FACILITIES SUPPORT SERVICES,R408,PROGRAM MANAGEMENT/SUPPORT SERVICES,CONTRACT HSCECR-09-D-00002 ISAP II - ANNUAL TASK ORDER - BASE YEAR SERVICES (11/06/2009 THROUGH 11/05/2010)
HSCEDM09J00029,CONT_AWD_HSCEDM09J00029_7012_HSCEOP07C00001_7012,P00007,2010-06-14,1052173.32,"THE GEO GROUP, INC.",JMLKZZ1NL2Z6,DO,U.S. Immigration and Customs Enforcement,561612,SECURITY GUARDS AND PATROL SERVICES,S206,GUARD SERVICES,ADD ONE MONTH OF SERVICE
HSCEDM10J00010,CONT_AWD_HSCEDM10J00010_7012_HSCEDM10D00001_7012,P00005,2010-06-16,10699992.9,"THE GEO GROUP, INC.",JMLKZZ1NL2Z6,DO,U.S. Immigration and Customs Enforcement,561210,FACILITIES SUPPORT SERVICES,S206,GUARD SERVICES,DETENTION SERVICES.
HSCECR08J00052,CONT_AWD_HSCECR08J00052_7012_HSACB4C0008_7012,P00008,2010-06-22,-1429000.0,B.I. INCORPORATED,PKK6L9KLMYR5,DO,U.S. Immigration and Customs Enforcement,624190,OTHER INDIVIDUAL AND FAMILY SERVICES,G099,OTHER SOCIAL SERVICES,TASK ORDER AGAINST ISAP CONTRACT # ACB4C0008
HSCEDM10F00001,CONT_AWD_HSCEDM10F00001_7012_HSACD4C0001_7012,P00008,2010-06-22,0.0,"THE GEO GROUP, INC.",JMLKZZ1NL2Z6,DO,U.S. Immigration and Customs Enforcement,561612,SECURITY GUARDS AND PATROL SERVICES,S206,GUARD SERVICES,FUNDS NECESSARY FOR DETAINEE HOUSING.
HSCECR08J00052,CONT_AWD_HSCECR08J00052_7012_HSACB4C0008_7012,P00009,2010-07-07,-417863.62,B.I. INCORPORATED,PKK6L9KLMYR5,DO,U.S. Immigration and Customs Enforcement,624190,OTHER INDIVIDUAL AND FAMILY SERVICES,G099,OTHER SOCIAL SERVICES,TASK ORDER AGAINST ISAP CONTRACT # ACB4C0008
HSCECR09J00040,CONT_AWD_HSCECR09J00040_7012_HSCECR09D00002_7012,P00007,2010-07-07,1336042.96,B.I. INCORPORATED,PKK6L9KLMYR5,DO,U.S. Immigration and Customs Enforcement,561210,FACILITIES SUPPORT SERVICES,R408,PROGRAM MANAGEMENT/SUPPORT SERVICES,CONTRACT HSCECR-09-D-00002 ISAP II - ANNUAL TASK ORDER - BASE YEAR SERVICES (11/06/2009 THROUGH 11/05/2010)
HSCEDM10J00010,CONT_AWD_HSCEDM10J00010_7012_HSCEDM10D00001_7012,P00006,2010-07-07,194310.9,"THE GEO GROUP, INC.",JMLKZZ1NL2Z6,DO,U.S. Immigration and Customs Enforcement,561210,FACILITIES SUPPORT SERVICES,S206,GUARD SERVICES,DETENTION SERVICES.
HSCECR09J00040,CONT_AWD_HSCECR09J00040_7012_HSCECR09D00002_7012,P00008,2010-07-09,0.0,B.I. INCORPORATED,PKK6L9KLMYR5,DO,U.S. Immigration and Customs Enforcement,561210,FACILITIES SUPPORT SERVICES,R408,PROGRAM MANAGEMENT/SUPPORT SERVICES,CONTRACT HSCECR-09-D-00002 ISAP II - ANNUAL TASK ORDER - BASE YEAR SERVICES (11/06/2009 THROUGH 11/05/2010)
HSCEDM10F00001,CONT_AWD_HSCEDM10F00001_7012_HSACD4C0001_7012,P00009,2010-07-13,1756800.0,"THE GEO GROUP, INC.",JMLKZZ1NL2Z6,DO,U.S. Immigration and Customs Enforcement,561612,SECURITY GUARDS AND PATROL SERVICES,S206,GUARD SERVICES,FUNDS NECESSARY FOR DETAINEE HOUSING.
HSCEDM10F00011,CONT_AWD_HSCEDM10F00011_7012_HSCEDM09D00006_7012,P00010,2010-07-13,450000.0,"THE GEO GROUP, INC.",JMLKZZ1NL2Z6,DO,U.S. Immigration and Customs Enforcement,561621,SECURITY SYSTEMS SERVICES (EXCEPT LOCKSMITHS),S206,GUARD SERVICES,FUND EOIR SPACE
HSCEDM10J00010,CONT_AWD_HSCEDM10J00010_7012_HSCEDM10D00001_7012,P00007,2010-07-14,205551.0,"THE GEO GROUP, INC.",JMLKZZ1NL2Z6,DO,U.S. Immigration and Customs Enforcement,561210,FACILITIES SUPPORT SERVICES,S206,GUARD SERVICES,DETENTION SERVICES.
HSCEDM10F00016,CONT_AWD_HSCEDM10F00016_7012_HSODT6C0002_7012,P00002,2010-08-12,-16112.25,"THE GEO GROUP, INC.",JMLKZZ1NL2Z6,DO,U.S. Immigration and Customs Enforcement,561612,SECURITY GUARDS AND PATROL SERVICES,S206,GUARD SERVICES,"DECREASE THE TOTAL QUANTITY OF LINE ITEM 0001 FROM: 1,523 TO: 500."
HSCEOP07J00541,CONT_AWD_HSCEOP07J00541_7012_HSACB4C0008_7012,P00002,2010-08-16,-5238892.24,B.I. INCORPORATED,PKK6L9KLMYR5,DO,U.S. Immigration and Customs Enforcement,624190,OTHER INDIVIDUAL AND FAMILY SERVICES,G099,OTHER SOCIAL SERVICES,ISAP I TASK ORDER 06/21/2007 THROUGH 06/20/2008
HSCEOP07J00623,CONT_AWD_HSCEOP07J00623_7012_HSACB4C0008_7012,P00003,2010-08-16,-3230868.66,B.I. INCORPORATED,PKK6L9KLMYR5,DO,U.S. Immigration and Customs Enforcement,624190,OTHER INDIVIDUAL AND FAMILY SERVICES,G099,OTHER SOCIAL SERVICES,ISAP I TASK ORDER 09/21/2007 THROUGH 09/23/2008
HSCEDM10J00010,CONT_AWD_HSCEDM10J00010_7012_HSCEDM10D00001_7012,P00008,2010-08-20,989998.2,"THE GEO GROUP, INC.",JMLKZZ1NL2Z6,DO,U.S. Immigration and Customs Enforcement,561210,FACILITIES SUPPORT SERVICES,S206,GUARD SERVICES,DETENTION SERVICES.
HSCEDM10F00001,CONT_AWD_HSCEDM10F00001_7012_HSACD4C0001_7012,P00010,2010-09-10,3287653.82,"THE GEO GROUP, INC.",JMLKZZ1NL2Z6,DO,U.S. Immigration and Customs Enforcement,561612,SECURITY GUARDS AND PATROL SERVICES,S206,GUARD SERVICES,DETAINMENT AND TRANSPORTATION AT PIDC.  P 00010 PROVIDE FUNDING FOR DETENTION SERVICES.
HSCEDM09J00036,CONT_AWD_HSCEDM09J00036_7012_HSCEDM09D00006_7012,P00005,2010-09-13,0.0,"THE GEO GROUP, INC.",JMLKZZ1NL2Z6,DO,U.S. Immigration and Customs Enforcement,561621,SECURITY SYSTEMS SERVICES (EXCEPT LOCKSMITHS),S206,GUARD SERVICES,INTERNAL ADMINISTRATIVE CORRECTION
HSCEDM11F00004,CONT_AWD_HSCEDM11F00004_7012_HSCEDM09D00006_7012,0,2010-09-13,0.0,"THE GEO GROUP, INC.",JMLKZZ1NL2Z6,DO,U.S. Immigration and Customs Enforcement,561621,SECURITY SYSTEMS SERVICES (EXCEPT LOCKSMITHS),S206,GUARD SERVICES,"LATE PALT ACCEPTED SUBJECT TO AVAILABILITY OF FUNDS ""SAF"" FOR FY2011 BROWARD CDF CONTRACT # HSCEDM-10-F-00011. PERIOD OF PERFORMANCE OCT 1, 2010 TO FEB 28, 2011. TOTAL: 9,610,483.50"
HSCEDM10F00001,CONT_AWD_HSCEDM10F00001_7012_HSACD4C0001_7012,P00011,2010-09-20,0.0,"THE GEO GROUP, INC.",JMLKZZ1NL2Z6,DO,U.S. Immigration and Customs Enforcement,561612,SECURITY GUARDS AND PATROL SERVICES,S206,GUARD SERVICES,DETAINEES HOUSING AT STDC.  THIS MODIFICATION REALIGNS FUNDS.
HSCEDM10F00001,CONT_AWD_HSCEDM10F00001_7012_HSACD4C0001_7012,P00012,2010-09-20,7134150.59,"THE GEO GROUP, INC.",JMLKZZ1NL2Z6,DO,U.S. Immigration and Customs Enforcement,561612,SECURITY GUARDS AND PATROL SERVICES,S206,GUARD SERVICES,"DETENTION AND TRANSPORTATION AT STDC.  THE MODIFICATION PROVIDES FUNDING FOR HOUSING, WAGES, MILK, AND FIREARMS TRAINING FOR JULY AND AUG 2010."
HSCEDM11F00006,CONT_AWD_HSCEDM11F00006_7012_HSCEOP07C00001_7012,0,2010-09-20,0.0,"THE GEO GROUP, INC.",JMLKZZ1NL2Z6,DO,U.S. Immigration and Customs Enforcement,561612,SECURITY GUARDS AND PATROL SERVICES,S206,GUARD SERVICES,FY 11 TASK ORDER FOR CONTRACT HSCEOP-07-C-00001
HSCEDM09F00001,CONT_AWD_HSCEDM09F00001_7012_HSACD4C0001_7012,P00018,2010-09-21,-330777.87,"THE GEO GROUP, INC.",JMLKZZ1NL2Z6,DO,U.S. Immigration and Customs Enforcement,561612,SECURITY GUARDS AND PATROL SERVICES,S206,GUARD SERVICES,CONTRACT FOR DETENTION SERVICES. DEOBLIGATION TO CONTRACT
HSCECR09J00040,CONT_AWD_HSCECR09J00040_7012_HSCECR09D00002_7012,P00009,2010-09-22,0.0,B.I. INCORPORATED,PKK6L9KLMYR5,DO,U.S. Immigration and Customs Enforcement,561210,FACILITIES SUPPORT SERVICES,R408,PROGRAM MANAGEMENT/SUPPORT SERVICES,CONTRACT HSCECR-09-D-00002 ISAP II - ANNUAL TASK ORDER - BASE YEAR SERVICES (11/06/2009 THROUGH 11/05/2010)
HSCEDM10F00001,CONT_AWD_HSCEDM10F00001_7012_HSACD4C0001_7012,P00013,2010-09-22,0.0,"THE GEO GROUP, INC.",JMLKZZ1NL2Z6,DO,U.S. Immigration and Customs Enforcement,561612,SECURITY GUARDS AND PATROL SERVICES,S206,GUARD SERVICES,DETAINEE HOUSING AND TRANSPORTATION.  MODIFICATION INCORPORATES WAGE RATE DETERMINATION.
HSCEDM10J00030,CONT_AWD_HSCEDM10J00030_7012_HSCEOP06D00010_7012,P00002,2010-09-22,399616.7,"THE GEO GROUP, INC.",JMLKZZ1NL2Z6,DO,U.S. Immigration and Customs Enforcement,561210,FACILITIES SUPPORT SERVICES,S206,GUARD SERVICES,INCREMENTAL FUNDING.
HSCECR09J00040,CONT_AWD_HSCECR09J00040_7012_HSCECR09D00002_7012,P00010,2010-09-23,2844280.19,B.I. INCORPORATED,PKK6L9KLMYR5,DO,U.S. Immigration and Customs Enforcement,561210,FACILITIES SUPPORT SERVICES,R408,PROGRAM MANAGEMENT/SUPPORT SERVICES,CONTRACT HSCECR-09-D-00002 ISAP II - ANNUAL TASK ORDER - BASE YEAR SERVICES (11/06/2009 THROUGH 11/05/2010)
HSCEDM10F00001,CONT_AWD_HSCEDM10F00001_7012_HSACD4C0001_7012,P00014,2010-09-23,4050405.39,"THE GEO GROUP, INC.",JMLKZZ1NL2Z6,DO,U.S. Immigration and Customs Enforcement,561612,SECURITY GUARDS AND PATROL SERVICES,S206,GUARD SERVICES,DETAINMENT AND TRANSPORTATION.  THIS MODIFICATION PROVIDES FUNDING THROUGH OCTOBER 2010 FOR SOUTH TEXAS DETENTION CENTER.
HSCECR09J00040,CONT_AWD_HSCECR09J00040_7012_HSCECR09D00002_7012,P00011,2010-09-24,1333586.63,B.I. INCORPORATED,PKK6L9KLMYR5,DO,U.S. Immigration and Customs Enforcement,561210,FACILITIES SUPPORT SERVICES,R408,PROGRAM MANAGEMENT/SUPPORT SERVICES,CONTRACT HSCECR-09-D-00002 ISAP II - ANNUAL TASK ORDER - BASE YEAR SERVICES (11/06/2009 THROUGH 11/05/2010)
HSCEDM10F00001,CONT_AWD_HSCEDM10F00001_7012_HSACD4C0001_7012,P00015,2010-09-24,3529291.56,"THE GEO GROUP, INC.",JMLKZZ1NL2Z6,DO,U.S. Immigration and Customs Enforcement,561612,SECURITY GUARDS AND PATROL SERVICES,S206,GUARD SERVICES,DETENTION SERVICES.  THIS MODIFICATION PROVIDES: ADDITIONAL FUNDS NECESSARY FOR DETAINEE HOUSING.
HSCEDM10F00001,CONT_AWD_HSCEDM10F00001_7012_HSACD4C0001_7012,P00016,2010-09-28,810000.0,"THE GEO GROUP, INC.",JMLKZZ1NL2Z6,DO,U.S. Immigration and Customs Enforcement,561612,SECURITY GUARDS AND PATROL SERVICES,S206,GUARD SERVICES,DETAINEMENT AND TRANSPORTATION AT STDC.  THIS MODIFICATION PROVIDES FUNDING FOR TRANSPORTATION.
HSCECR09J00040,CONT_AWD_HSCECR09J00040_7012_HSCECR09D00002_7012,P00012,2010-09-29,149996.33,B.I. INCORPORATED,PKK6L9KLMYR5,DO,U.S. Immigration and Customs Enforcement,561210,FACILITIES SUPPORT SERVICES,R408,PROGRAM MANAGEMENT/SUPPORT SERVICES,CONTRACT HSCECR-09-D-00002 ISAP II - ANNUAL TASK ORDER - BASE YEAR SERVICES (11/06/2009 THROUGH 11/05/2010)
HSCEDM09J00032,CONT_AWD_HSCEDM09J00032_7012_HSCEAL02C0004_7012,P00006,2010-10-18,-274635.64,"THE GEO GROUP, INC.",JMLKZZ1NL2Z6,DO,U.S. Immigration and Customs Enforcement,561612,SECURITY GUARDS AND PATROL SERVICES,M199,OPER OF GOVT MISC BLDGS,DEOBLIGATION OF UNUSED FUNDS
HSCEDM11F00008,CONT_AWD_HSCEDM11F00008_7012_HSCEDM10D00001_7012,0,2010-10-18,0.0,"THE GEO GROUP, INC.",JMLKZZ1NL2Z6,DO,U.S. Immigration and Customs Enforcement,561210,FACILITIES SUPPORT SERVICES,S206,GUARD SERVICES,"DETENTION, TRANSPORTATION AND FOOD SERVICES"
HSCECR11J00001,CONT_AWD_HSCECR11J00001_7012_HSCECR09D00002_7012,0,2010-11-01,6196264.86,B.I. INCORPORATED,PKK6L9KLMYR5,DELIVERY ORDER,U.S. Immigration and Customs Enforcement,561210,FACILITIES SUPPORT SERVICES,R408,PROGRAM MANAGEMENT/SUPPORT SERVICES,OPTION YEAR 1 TASK ORDER AWARD ISAP II (BASE CONTRACT# HSCECR-09-D-00002)
HSCEDM11F00004,CONT_AWD_HSCEDM11F00004_7012_HSCEDM09D00006_7012,P00001,2010-11-12,1778000.0,"THE GEO GROUP, INC.",JMLKZZ1NL2Z6,DO,U.S. Immigration and Customs Enforcement,561621,SECURITY SYSTEMS SERVICES (EXCEPT LOCKSMITHS),S206,GUARD SERVICES,OCTOBER 2010 FUNDING
HSCEDM11F00006,CONT_AWD_HSCEDM11F00006_7012_HSCEOP07C00001_7012,P00001,2010-11-12,249053.34,"THE GEO GROUP, INC.",JMLKZZ1NL2Z6,DO,U.S. Immigration and Customs Enforcement,561612,SECURITY GUARDS AND PATROL SERVICES,S206,GUARD SERVICES,OCTOBER AND NOVEMBER 2010 FUNDING
HSCEDM10J00030,CONT_AWD_HSCEDM10J00030_7012_HSCEOP06D00010_7012,P00003,2010-11-17,2896421.6,"THE GEO GROUP, INC.",JMLKZZ1NL2Z6,DO,U.S. Immigration and Customs Enforcement,561210,FACILITIES SUPPORT SERVICES,S206,GUARD SERVICES,INCREMENTAL FUNDING.
HSCEDM11F00008,CONT_AWD_HSCEDM11F00008_7012_HSCEDM10D00001_7012,P00001,2010-11-17,5595110.38,"THE GEO GROUP, INC.",JMLKZZ1NL2Z6,DO,U.S. Immigration and Customs Enforcement,561210,FACILITIES SUPPORT SERVICES,S206,GUARD SERVICES,"DETENTION, TRANSPORTATION AND FOOD SERVICES"
HSCECR11J00001,CONT_AWD_HSCECR11J00001_7012_HSCECR09D00002_7012,P00001,2010-11-30,3199999.96,B.I. INCORPORATED,PKK6L9KLMYR5,DO,U.S. Immigration and Customs Enforcement,561210,FACILITIES SUPPORT SERVICES,R408,PROGRAM MANAGEMENT/SUPPORT SERVICES,OPTION YEAR 1 TASK ORDER AWARD ISAP II (BASE CONTRACT# HSCECR-09-D-00002)
HSCEDM10J00030,CONT_AWD_HSCEDM10J00030_7012_HSCEOP06D00010_7012,P00004,2010-12-08,21640.0,"THE GEO GROUP, INC.",JMLKZZ1NL2Z6,DO,U.S. Immigration and Customs Enforcement,561210,FACILITIES SUPPORT SERVICES,S206,GUARD SERVICES,INCREMENTAL FUNDING.
HSCEDM11F00008,CONT_AWD_HSCEDM11F00008_7012_HSCEDM10D00001_7012,P00002,2010-12-08,135272.69,"THE GEO GROUP, INC.",JMLKZZ1NL2Z6,DO,U.S. Immigration and Customs Enforcement,561210,FACILITIES SUPPORT SERVICES,S206,GUARD SERVICES,"DETENTION, TRANSPORTATION AND FOOD SERVICES"
HSCEDM10J00030,CONT_AWD_HSCEDM10J00030_7012_HSCEOP06D00010_7012,P00005,2010-12-16,728025.82,"THE GEO GROUP, INC.",JMLKZZ1NL2Z6,DO,U.S. Immigration and Customs Enforcement,561210,FACILITIES SUPPORT SERVICES,S206,GUARD SERVICES,INCREMENTAL FUNDING.
HSCEDM11F00006,CONT_AWD_HSCEDM11F00006_7012_HSCEOP07C00001_7012,P00002,2010-12-21,124526.67,"THE GEO GROUP, INC.",JMLKZZ1NL2Z6,DO,U.S. Immigration and Customs Enforcement,561612,SECURITY GUARDS AND PATROL SERVICES,S206,GUARD SERVICES,DECEMBER 2010 FUNDING
HSCEDM10F00001,CONT_AWD_HSCEDM10F00001_7012_HSACD4C0001_7012,P00017,2010-12-22,0.0,"THE GEO GROUP, INC.",JMLKZZ1NL2Z6,DO,U.S. Immigration and Customs Enforcement,561612,SECURITY GUARDS AND PATROL SERVICES,S206,GUARD SERVICES,EXTEND POP
HSCEDM11F00009,CONT_AWD_HSCEDM11F00009_7012_HSACD4C0001_7012,0,2010-12-22,2767080.78,"THE GEO GROUP, INC.",JMLKZZ1NL2Z6,DO,U.S. Immigration and Customs Enforcement,561612,SECURITY GUARDS AND PATROL SERVICES,S206,GUARD SERVICES,PEARSALL FY 11 TO
HSCEDM11F00009,CONT_AWD_HSCEDM11F00009_7012_HSACD4C0001_7012,P00001,2010-12-23,804175.64,"THE GEO GROUP, INC.",JMLKZZ1NL2Z6,DO,U.S. Immigration and Customs Enforcement,561612,SECURITY GUARDS AND PATROL SERVICES,S206,GUARD SERVICES,PEARSALL FY 11 TO FUNDING FOR FIRST EXTENSION PERIOD OF THE CONTRACT
HSCECR11J00001,CONT_AWD_HSCECR11J00001_7012_HSCECR09D00002_7012,P00002,2010-12-29,3399999.89,B.I. INCORPORATED,PKK6L9KLMYR5,DO,U.S. Immigration and Customs Enforcement,561210,FACILITIES SUPPORT SERVICES,R408,PROGRAM MANAGEMENT/SUPPORT SERVICES,OPTION YEAR 1 TASK ORDER AWARD ISAP II (BASE CONTRACT# HSCECR-09-D-00002)
HSCEDM10J00030,CONT_AWD_HSCEDM10J00030_7012_HSCEOP06D00010_7012,P00006,2011-01-05,1535114.76,"THE GEO GROUP, INC.",JMLKZZ1NL2Z6,DO,U.S. Immigration and Customs Enforcement,561210,FACILITIES SUPPORT SERVICES,S206,GUARD SERVICES,INCREMENTAL FUNDING.
HSCEDM11F00009,CONT_AWD_HSCEDM11F00009_7012_HSACD4C0001_7012,P00002,2011-01-07,65000.0,"THE GEO GROUP, INC.",JMLKZZ1NL2Z6,DO,U.S. Immigration and Customs Enforcement,561612,SECURITY GUARDS AND PATROL SERVICES,S206,GUARD SERVICES,PEARSALL FY 11 TO FUNDING FOR FIRST EXTENSION PERIOD OF THE CONTRACT
HSCEDM09F00012,CONT_AWD_HSCEDM09F00012_7012_HSODT6C0002_7012,P00001,2011-01-12,-17073.0,"THE GEO GROUP, INC.",JMLKZZ1NL2Z6,DO,U.S. Immigration and Customs Enforcement,561612,SECURITY GUARDS AND PATROL SERVICES,S206,GUARD SERVICES,"DEOBLIGATING EXCESS FUNDS IN THE AMOUNT OF $17,073.00 FOR ABOVE CONTRACT."
HSCEDM11F00004,CONT_AWD_HSCEDM11F00004_7012_HSCEDM09D00006_7012,P00002,2011-01-20,1659961.92,"THE GEO GROUP, INC.",JMLKZZ1NL2Z6,DO,U.S. Immigration and Customs Enforcement,561621,SECURITY SYSTEMS SERVICES (EXCEPT LOCKSMITHS),S206,GUARD SERVICES,ADDITIONAL FUNDING
HSCEDM11F00008,CONT_AWD_HSCEDM11F00008_7012_HSCEDM10D00001_7012,P00003,2011-01-20,3942050.64,"THE GEO GROUP, INC.",JMLKZZ1NL2Z6,DO,U.S. Immigration and Customs Enforcement,561210,FACILITIES SUPPORT SERVICES,S206,GUARD SERVICES,"DETENTION, TRANSPORTATION AND FOOD SERVICES"
HSCEDM11F00004,CONT_AWD_HSCEDM11F00004_7012_HSCEDM09D00006_7012,P00003,2011-01-27,965498.1,"THE GEO GROUP, INC.",JMLKZZ1NL2Z6,DO,U.S. Immigration and Customs Enforcement,561621,SECURITY SYSTEMS SERVICES (EXCEPT LOCKSMITHS),S206,GUARD SERVICES,ADDITIONAL FUNDING THROUGH 3/4/2011
HSCECR11J00001,CONT_AWD_HSCECR11J00001_7012_HSCECR09D00002_7012,P00003,2011-01-31,3573461.99,B.I. INCORPORATED,PKK6L9KLMYR5,DO,U.S. Immigration and Customs Enforcement,561210,FACILITIES SUPPORT SERVICES,R408,PROGRAM MANAGEMENT/SUPPORT SERVICES,OPTION YEAR 1 TASK ORDER AWARD ISAP II (BASE CONTRACT# HSCECR-09-D-00002)
HSCEDM11F00006,CONT_AWD_HSCEDM11F00006_7012_HSCEOP07C00001_7012,P00003,2011-02-01,124526.67,"THE GEO GROUP, INC.",JMLKZZ1NL2Z6,DO,U.S. Immigration and Customs Enforcement,561612,SECURITY GUARDS AND PATROL SERVICES,S206,GUARD SERVICES,JANUARY 2011 FUNDING
HSCEDM11P00068,CONT_AWD_HSCEDM11P00068_7012_-NONE-_-NONE-,0,2011-02-02,503.82,"CORNELL COMPANIES, INC.",TLDCDE29G781,PO,U.S. Immigration and Customs Enforcement,531110,LESSORS OF RESIDENTIAL BUILDINGS AND DWELLINGS,X161,LEASE-RENT OF FAMILY HOUSING,FUNDING FOR EMERGENCY SITUATION DUE TO INCLEMENT WEATHER
HSCEDM11F00009,CONT_AWD_HSCEDM11F00009_7012_HSACD4C0001_7012,P00003,2011-02-09,2362224.7,"THE GEO GROUP, INC.",JMLKZZ1NL2Z6,DO,U.S. Immigration and Customs Enforcement,561612,SECURITY GUARDS AND PATROL SERVICES,S206,GUARD SERVICES,PEARSALL FY 11 TO FUNDING FOR JANUARY 2011
HSCEDM11F00009,CONT_AWD_HSCEDM11F00009_7012_HSACD4C0001_7012,P00004,2011-02-10,2560318.96,"THE GEO GROUP, INC.",JMLKZZ1NL2Z6,DO,U.S. Immigration and Customs Enforcement,561612,SECURITY GUARDS AND PATROL SERVICES,S206,GUARD SERVICES,PEARSALL FY 11 TO FUNDING FOR FIRST EXTENSION PERIOD OF THE CONTRACT
HSCEDM10J00030,CONT_AWD_HSCEDM10J00030_7012_HSCEOP06D00010_7012,P00007,2011-02-11,2311856.59,"THE GEO GROUP, INC.",JMLKZZ1NL2Z6,DO,U.S. Immigration and Customs Enforcement,561210,FACILITIES SUPPORT SERVICES,S206,GUARD SERVICES,INCREMENTAL FUNDING.
HSCEDM11F00006,CONT_AWD_HSCEDM11F00006_7012_HSCEOP07C00001_7012,P00004,2011-02-11,124526.67,"THE GEO GROUP, INC.",JMLKZZ1NL2Z6,DO,U.S. Immigration and Customs Enforcement,561612,SECURITY GUARDS AND PATROL SERVICES,S206,GUARD SERVICES,FEBRUARY 2011 FUNDING
HSCEDM11F00004,CONT_AWD_HSCEDM11F00004_7012_HSCEDM09D00006_7012,P00004,2011-02-18,1037707.18,"THE GEO GROUP, INC.",JMLKZZ1NL2Z6,DO,U.S. Immigration and Customs Enforcement,561621,SECURITY SYSTEMS SERVICES (EXCEPT LOCKSMITHS),S206,GUARD SERVICES,ADDITIONAL FUNDING THROUGH 3/4/2011
HSCEDM11F00009,CONT_AWD_HSCEDM11F00009_7012_HSACD4C0001_7012,P00005,2011-02-22,1095846.72,"THE GEO GROUP, INC.",JMLKZZ1NL2Z6,DO,U.S. Immigration and Customs Enforcement,561612,SECURITY GUARDS AND PATROL SERVICES,S206,GUARD SERVICES,PEARSALL FY 11 TO FUNDING FOR JANUARY 2011
HSCEDM11F00008,CONT_AWD_HSCEDM11F00008_7012_HSCEDM10D00001_7012,P00004,2011-02-23,5688740.76,"THE GEO GROUP, INC.",JMLKZZ1NL2Z6,DO,U.S. Immigration and Customs Enforcement,561210,FACILITIES SUPPORT SERVICES,S206,GUARD SERVICES,"DETENTION, TRANSPORTATION AND FOOD SERVICES"
HSCEDM10F00016,CONT_AWD_HSCEDM10F00016_7012_HSODT6C0002_7012,P00003,2011-03-03,63.0,"THE GEO GROUP, INC.",JMLKZZ1NL2Z6,DO,U.S. Immigration and Customs Enforcement,561612,SECURITY GUARDS AND PATROL SERVICES,S206,GUARD SERVICES,ADDITIONAL FUNDS OF $63.00 TO COVER LAST FEW DAYS OF POP.
HSCECR11J00001,CONT_AWD_HSCECR11J00001_7012_HSCECR09D00002_7012,P00004,2011-03-11,1971464.37,B.I. INCORPORATED,PKK6L9KLMYR5,DO,U.S. Immigration and Customs Enforcement,561210,FACILITIES SUPPORT SERVICES,R408,PROGRAM MANAGEMENT/SUPPORT SERVICES,OPTION YEAR 1 TASK ORDER AWARD ISAP II (BASE CONTRACT# HSCECR-09-D-00002)
HSCEDM11F00006,CONT_AWD_HSCEDM11F00006_7012_HSCEOP07C00001_7012,P00005,2011-03-11,62263.34,"THE GEO GROUP, INC.",JMLKZZ1NL2Z6,DO,U.S. Immigration and Customs Enforcement,561612,SECURITY GUARDS AND PATROL SERVICES,S206,GUARD SERVICES,"FUNDING THROUGH MARCH 18, 2011"
HSCEDM11F00009,CONT_AWD_HSCEDM11F00009_7012_HSACD4C0001_7012,P00006,2011-03-14,3905141.32,"THE GEO GROUP, INC.",JMLKZZ1NL2Z6,DO,U.S. Immigration and Customs Enforcement,561612,SECURITY GUARDS AND PATROL SERVICES,S206,GUARD SERVICES,"DETENTION AND TRANSPORTATION SERVICES AT PEARSALL -  FY 11 TO FUNDING FOR FEBRUARY 16 2011 THROUGH MARCH 31, 2011 FOR ITEMS 6001 AND 6021 AND MARCH 18, 2011 FOR ITEMS 6029, 6030, 6031, AND 6033.  5029 IS FUNDED THROUGH 25 FEBRUARY 2011."
HSCEDM10J00030,CONT_AWD_HSCEDM10J00030_7012_HSCEOP06D00010_7012,P00008,2011-03-16,653990.98,"THE GEO GROUP, INC.",JMLKZZ1NL2Z6,DO,U.S. Immigration and Customs Enforcement,561210,FACILITIES SUPPORT SERVICES,S206,GUARD SERVICES,INCREMENTAL FUNDING.
HSCECR09J00040,CONT_AWD_HSCECR09J00040_7012_HSCECR09D00002_7012,P00013,2011-03-25,-2938778.59,B.I. INCORPORATED,PKK6L9KLMYR5,DO,U.S. Immigration and Customs Enforcement,561210,FACILITIES SUPPORT SERVICES,R408,PROGRAM MANAGEMENT/SUPPORT SERVICES,CONTRACT HSCECR-09-D-00002 ISAP II - ANNUAL TASK ORDER - BASE YEAR SERVICES (11/06/2009 THROUGH 11/05/2010)
HSCECR11J00001,CONT_AWD_HSCECR11J00001_7012_HSCECR09D00002_7012,P00005,2011-03-25,1225534.98,B.I. INCORPORATED,PKK6L9KLMYR5,DO,U.S. Immigration and Customs Enforcement,561210,FACILITIES SUPPORT SERVICES,R408,PROGRAM MANAGEMENT/SUPPORT SERVICES,OPTION YEAR 1 TASK ORDER AWARD ISAP II (BASE CONTRACT# HSCECR-09-D-00002)
HSCEDM11F00008,CONT_AWD_HSCEDM11F00008_7012_HSCEDM10D00001_7012,P00005,2011-03-31,191026.38,"THE GEO GROUP, INC.",JMLKZZ1NL2Z6,DO,U.S. Immigration and Customs Enforcement,561210,FACILITIES SUPPORT SERVICES,S206,GUARD SERVICES,"DETENTION, TRANSPORTATION AND FOOD SERVICES"
HSCEDM11F00006,CONT_AWD_HSCEDM11F00006_7012_HSCEOP07C00001_7012,P00006,2011-04-01,62263.33,"THE GEO GROUP, INC.",JMLKZZ1NL2Z6,DO,U.S. Immigration and Customs Enforcement,561612,SECURITY GUARDS AND PATROL SERVICES,S206,GUARD SERVICES,"FUNDING THROUGH MARCH 31, 2011"
HSCEDM11F00008,CONT_AWD_HSCEDM11F00008_7012_HSCEDM10D00001_7012,P00006,2011-04-05,2857925.52,"THE GEO GROUP, INC.",JMLKZZ1NL2Z6,DO,U.S. Immigration and Customs Enforcement,561210,FACILITIES SUPPORT SERVICES,S206,GUARD SERVICES,"DETENTION, TRANSPORTATION AND FOOD SERVICES"
HSCECR11J00001,CONT_AWD_HSCECR11J00001_7012_HSCECR09D00002_7012,P00006,2011-04-06,452003.33,B.I. INCORPORATED,PKK6L9KLMYR5,DO,U.S. Immigration and Customs Enforcement,561210,FACILITIES SUPPORT SERVICES,R408,PROGRAM MANAGEMENT/SUPPORT SERVICES,OPTION YEAR 1 TASK ORDER AWARD ISAP II (BASE CONTRACT# HSCECR-09-D-00002)
HSCEDM11F00004,CONT_AWD_HSCEDM11F00004_7012_HSCEDM09D00006_7012,P00005,2011-04-06,1872011.21,"THE GEO GROUP, INC.",JMLKZZ1NL2Z6,DO,U.S. Immigration and Customs Enforcement,561621,SECURITY SYSTEMS SERVICES (EXCEPT LOCKSMITHS),S206,GUARD SERVICES,ADDITIONAL FUNDING THROUGH 3/4/2011
HSCEDM09F00005,CONT_AWD_HSCEDM09F00005_7012_HSCEOP06D00010_7012,P00013,2011-04-07,-313953.38,"THE GEO GROUP, INC.",JMLKZZ1NL2Z6,DO,U.S. Immigration and Customs Enforcement,561210,FACILITIES SUPPORT SERVICES,S206,GUARD SERVICES,DE-OBLIGATE
HSCEDM10J00030,CONT_AWD_HSCEDM10J00030_7012_HSCEOP06D00010_7012,P00009,2011-04-07,995925.58,"THE GEO GROUP, INC.",JMLKZZ1NL2Z6,DO,U.S. Immigration and Customs Enforcement,561210,FACILITIES SUPPORT SERVICES,S206,GUARD SERVICES,INCREMENTAL FUNDING.
HSCEDM11F00008,CONT_AWD_HSCEDM11F00008_7012_HSCEDM10D00001_7012,P00007,2011-04-07,2500684.83,"THE GEO GROUP, INC.",JMLKZZ1NL2Z6,DO,U.S. Immigration and Customs Enforcement,561210,FACILITIES SUPPORT SERVICES,S206,GUARD SERVICES,"DETENTION, TRANSPORTATION AND FOOD SERVICES"
HSCECR11J00001,CONT_AWD_HSCECR11J00001_7012_HSCECR09D00002_7012,P00007,2011-04-08,3200000.05,B.I. INCORPORATED,PKK6L9KLMYR5,DO,U.S. Immigration and Customs Enforcement,561210,FACILITIES SUPPORT SERVICES,R408,PROGRAM MANAGEMENT/SUPPORT SERVICES,OPTION YEAR 1 TASK ORDER AWARD ISAP II (BASE CONTRACT# HSCECR-09-D-00002)
HSCEDM11F00009,CONT_AWD_HSCEDM11F00009_7012_HSACD4C0001_7012,P00007,2011-04-08,1684658.55,"THE GEO GROUP, INC.",JMLKZZ1NL2Z6,DO,U.S. Immigration and Customs Enforcement,561612,SECURITY GUARDS AND PATROL SERVICES,S206,GUARD SERVICES,FUNDING
HSCEDM11F00004,CONT_AWD_HSCEDM11F00004_7012_HSCEDM09D00006_7012,P00006,2011-04-12,1512787.24,"THE GEO GROUP, INC.",JMLKZZ1NL2Z6,DO,U.S. Immigration and Customs Enforcement,561621,SECURITY SYSTEMS SERVICES (EXCEPT LOCKSMITHS),S206,GUARD SERVICES,ADDITIONAL FUNDING THROUGH 4/8/2011
HSCEDM10J00010,CONT_AWD_HSCEDM10J00010_7012_HSCEDM10D00001_7012,P00009,2011-04-13,-1783560.95,"THE GEO GROUP, INC.",JMLKZZ1NL2Z6,DO,U.S. Immigration and Customs Enforcement,561210,FACILITIES SUPPORT SERVICES,S206,GUARD SERVICES,DETENTION SERVICES CLOSEOUT OF TASK ORDER.
HSCEDM11F00006,CONT_AWD_HSCEDM11F00006_7012_HSCEOP07C00001_7012,P00007,2011-04-20,249053.34,"THE GEO GROUP, INC.",JMLKZZ1NL2Z6,DO,U.S. Immigration and Customs Enforcement,561612,SECURITY GUARDS AND PATROL SERVICES,S206,GUARD SERVICES,"FUNDING THROUGH MAY 31, 2011"
HSCEDM11F00009,CONT_AWD_HSCEDM11F00009_7012_HSACD4C0001_7012,P00008,2011-04-22,33046.35,"THE GEO GROUP, INC.",JMLKZZ1NL2Z6,DO,U.S. Immigration and Customs Enforcement,561612,SECURITY GUARDS AND PATROL SERVICES,S206,GUARD SERVICES,FUNDING FOR THE MONTH OF MARCH 2011
HSCEDM11F00008,CONT_AWD_HSCEDM11F00008_7012_HSCEDM10D00001_7012,P00008,2011-04-25,237876.38,"THE GEO GROUP, INC.",JMLKZZ1NL2Z6,DO,U.S. Immigration and Customs Enforcement,561210,FACILITIES SUPPORT SERVICES,S206,GUARD SERVICES,"DETENTION, TRANSPORTATION AND FOOD SERVICES"
HSCEDM11F00008,CONT_AWD_HSCEDM11F00008_7012_HSCEDM10D00001_7012,P00009,2011-04-28,1086604.0,"THE GEO GROUP, INC.",JMLKZZ1NL2Z6,DO,U.S. Immigration and Customs Enforcement,561210,FACILITIES SUPPORT SERVICES,S206,GUARD SERVICES,"DETENTION, TRANSPORTATION AND FOOD SERVICES"
HSCEDM11F00004,CONT_AWD_HSCEDM11F00004_7012_HSCEDM09D00006_7012,P00007,2011-05-04,599954.12,"THE GEO GROUP, INC.",JMLKZZ1NL2Z6,DO,U.S. Immigration and Customs Enforcement,561621,SECURITY SYSTEMS SERVICES (EXCEPT LOCKSMITHS),S206,GUARD SERVICES,ADDITIONAL FUNDING FOR BED DAYS
HSCEDM10F00010,CONT_AWD_HSCEDM10F00010_7012_HSCEOP06D00010_7012,P00009,2011-05-09,-1523607.88,"THE GEO GROUP, INC.",JMLKZZ1NL2Z6,DO,U.S. Immigration and Customs Enforcement,561210,FACILITIES SUPPORT SERVICES,S206,GUARD SERVICES,DE-OBLIGATION
HSCEDM10J00030,CONT_AWD_HSCEDM10J00030_7012_HSCEOP06D00010_7012,P00010,2011-05-10,1101516.82,"THE GEO GROUP, INC.",JMLKZZ1NL2Z6,DO,U.S. Immigration and Customs Enforcement,561210,FACILITIES SUPPORT SERVICES,S206,GUARD SERVICES,INCREMENTAL FUNDING.
HSCEDM10F00001,CONT_AWD_HSCEDM10F00001_7012_HSACD4C0001_7012,P00018,2011-05-12,74913.33,"THE GEO GROUP, INC.",JMLKZZ1NL2Z6,DO,U.S. Immigration and Customs Enforcement,561612,SECURITY GUARDS AND PATROL SERVICES,S206,GUARD SERVICES,EXTEND POP
HSCEDM10F00001,CONT_AWD_HSCEDM10F00001_7012_HSACD4C0001_7012,P00019,2011-05-12,156358.86,"THE GEO GROUP, INC.",JMLKZZ1NL2Z6,DO,U.S. Immigration and Customs Enforcement,561612,SECURITY GUARDS AND PATROL SERVICES,S206,GUARD SERVICES,DETENTION SERVICES - FUND BALANCE OF REA
HSCEDM11F00009,CONT_AWD_HSCEDM11F00009_7012_HSACD4C0001_7012,P00009,2011-05-12,111840.18,"THE GEO GROUP, INC.",JMLKZZ1NL2Z6,DO,U.S. Immigration and Customs Enforcement,561612,SECURITY GUARDS AND PATROL SERVICES,S206,GUARD SERVICES,DETENTION SERVICES - FUNDING FOR EQUITABLE ADJUSTMENT DUE TO SCA WD IMPLEMENTATION IN JUNE 2010
HSCEDM10F00001,CONT_AWD_HSCEDM10F00001_7012_HSACD4C0001_7012,P00020,2011-05-13,0.0,"THE GEO GROUP, INC.",JMLKZZ1NL2Z6,DO,U.S. Immigration and Customs Enforcement,561612,SECURITY GUARDS AND PATROL SERVICES,S206,GUARD SERVICES,DETENTION SERVICES - FUND BALANCE OF REA
HSCECR11J00001,CONT_AWD_HSCECR11J00001_7012_HSCECR09D00002_7012,P00008,2011-05-16,1299999.3,B.I. INCORPORATED,PKK6L9KLMYR5,DO,U.S. Immigration and Customs Enforcement,561210,FACILITIES SUPPORT SERVICES,R408,PROGRAM MANAGEMENT/SUPPORT SERVICES,OPTION YEAR 1 TASK ORDER AWARD ISAP II (BASE CONTRACT# HSCECR-09-D-00002)
HSCEDM11F00004,CONT_AWD_HSCEDM11F00004_7012_HSCEDM09D00006_7012,P00008,2011-05-18,1787067.84,"THE GEO GROUP, INC.",JMLKZZ1NL2Z6,DO,U.S. Immigration and Customs Enforcement,561621,SECURITY SYSTEMS SERVICES (EXCEPT LOCKSMITHS),S206,GUARD SERVICES,ADDITIONAL FUNDING FOR BED DAYS THROUGH 4/30/2011.
HSCEOP07J00215,CONT_AWD_HSCEOP07J00215_7012_HSCEAB04C0001_7012,P00005,2011-05-19,-1039231.4,"THE GEO GROUP, INC.",JMLKZZ1NL2Z6,DO,U.S. Immigration and Customs Enforcement,,,S206,GUARD SERVICES,TASK ORDER CLOSE OUT
HSCEDM11F00006,CONT_AWD_HSCEDM11F00006_7012_HSCEOP07C00001_7012,P00008,2011-05-24,121718.4,"THE GEO GROUP, INC.",JMLKZZ1NL2Z6,DO,U.S. Immigration and Customs Enforcement,561612,SECURITY GUARDS AND PATROL SERVICES,S206,GUARD SERVICES,"FUNDING THROUGH MAY 31, 2011"
HSCEDM11F00009,CONT_AWD_HSCEDM11F00009_7012_HSACD4C0001_7012,P00010,2011-05-25,4018319.04,"THE GEO GROUP, INC.",JMLKZZ1NL2Z6,DO,U.S. Immigration and Customs Enforcement,561612,SECURITY GUARDS AND PATROL SERVICES,S206,GUARD SERVICES,DETENTION SERVICES - PROVIDE FUNDING TO PIDC FACILITY.
HSCEDM10F00001,CONT_AWD_HSCEDM10F00001_7012_HSACD4C0001_7012,P00021,2011-05-26,-102038.36,"THE GEO GROUP, INC.",JMLKZZ1NL2Z6,DO,U.S. Immigration and Customs Enforcement,561612,SECURITY GUARDS AND PATROL SERVICES,S206,GUARD SERVICES,DETENTION SERVICES - DEOBLIGATE FUNDING FROM CLIN 4031
HSCEDM11F00004,CONT_AWD_HSCEDM11F00004_7012_HSCEDM09D00006_7012,P00009,2011-05-26,349999.99,"THE GEO GROUP, INC.",JMLKZZ1NL2Z6,DO,U.S. Immigration and Customs Enforcement,561621,SECURITY SYSTEMS SERVICES (EXCEPT LOCKSMITHS),S206,GUARD SERVICES,"ADDITIONAL FUNDING FOR TRANSPORTATION COSTS THROUGH MAY 31, 2011."
HSCEDM10F00011,CONT_AWD_HSCEDM10F00011_7012_HSCEDM09D00006_7012,P00011,2011-05-31,-235869.68,"THE GEO GROUP, INC.",JMLKZZ1NL2Z6,DO,U.S. Immigration and Customs Enforcement,561621,SECURITY SYSTEMS SERVICES (EXCEPT LOCKSMITHS),S206,GUARD SERVICES,DE-OBLIGATE EXCESS FUNDS
HSCEDM10J00030,CONT_AWD_HSCEDM10J00030_7012_HSCEOP06D00010_7012,P00011,2011-05-31,0.0,"THE GEO GROUP, INC.",JMLKZZ1NL2Z6,DO,U.S. Immigration and Customs Enforcement,561210,FACILITIES SUPPORT SERVICES,S206,GUARD SERVICES,"EXTEND PERIOD OF PERIOD PERFORMANCE THROUGH AUGUST 31, 2011."
HSCEDM11F00006,CONT_AWD_HSCEDM11F00006_7012_HSCEOP07C00001_7012,P00009,2011-05-31,0.0,"THE GEO GROUP, INC.",JMLKZZ1NL2Z6,DO,U.S. Immigration and Customs Enforcement,561612,SECURITY GUARDS AND PATROL SERVICES,S206,GUARD SERVICES,NTP FOR SURGE GUARDS
HSCEDM11F00006,CONT_AWD_HSCEDM11F00006_7012_HSCEOP07C00001_7012,P00010,2011-05-31,498106.68,"THE GEO GROUP, INC.",JMLKZZ1NL2Z6,DO,U.S. Immigration and Customs Enforcement,561612,SECURITY GUARDS AND PATROL SERVICES,S206,GUARD SERVICES,FUNDING THROUGH SEPTEMBER 2011
HSCECR11J00001,CONT_AWD_HSCECR11J00001_7012_HSCECR09D00002_7012,P00009,2011-06-01,1699996.54,B.I. INCORPORATED,PKK6L9KLMYR5,DO,U.S. Immigration and Customs Enforcement,561210,FACILITIES SUPPORT SERVICES,R408,PROGRAM MANAGEMENT/SUPPORT SERVICES,OPTION YEAR 1 TASK ORDER AWARD ISAP II (BASE CONTRACT# HSCECR-09-D-00002)
HSCEDM11F00008,CONT_AWD_HSCEDM11F00008_7012_HSCEDM10D00001_7012,P00010,2011-06-02,7961189.86,"THE GEO GROUP, INC.",JMLKZZ1NL2Z6,DO,U.S. Immigration and Customs Enforcement,561210,FACILITIES SUPPORT SERVICES,S206,GUARD SERVICES,"DETENTION, TRANSPORTATION AND FOOD SERVICES"
HSCEDM10J00030,CONT_AWD_HSCEDM10J00030_7012_HSCEOP06D00010_7012,P00012,2011-06-07,2801386.94,"THE GEO GROUP, INC.",JMLKZZ1NL2Z6,DO,U.S. Immigration and Customs Enforcement,561210,FACILITIES SUPPORT SERVICES,S206,GUARD SERVICES,INCREMENTAL FUNDING.
HSCEDM11F00004,CONT_AWD_HSCEDM11F00004_7012_HSCEDM09D00006_7012,P00010,2011-06-07,2098611.0,"THE GEO GROUP, INC.",JMLKZZ1NL2Z6,DO,U.S. Immigration and Customs Enforcement,561621,SECURITY SYSTEMS SERVICES (EXCEPT LOCKSMITHS),S206,GUARD SERVICES,"ADDITIONAL FUNDING FOR BED DAY COSTS THROUGH MAY 31, 2011."
HSCEDM11F00008,CONT_AWD_HSCEDM11F00008_7012_HSCEDM10D00001_7012,P00011,2011-06-14,3572406.9,"THE GEO GROUP, INC.",JMLKZZ1NL2Z6,DO,U.S. Immigration and Customs Enforcement,561210,FACILITIES SUPPORT SERVICES,S206,GUARD SERVICES,"DETENTION, TRANSPORTATION AND FOOD SERVICES"
HSCEDM11F00009,CONT_AWD_HSCEDM11F00009_7012_HSACD4C0001_7012,P00011,2011-06-14,8224006.84,"THE GEO GROUP, INC.",JMLKZZ1NL2Z6,DO,U.S. Immigration and Customs Enforcement,561612,SECURITY GUARDS AND PATROL SERVICES,S206,GUARD SERVICES,DETENTION SERVICES - PROVIDE FUNDING TO PIDC FACILITY FOR THE MONTH OF MAY THROUGH JUNE.
HSCEDM11F00004,CONT_AWD_HSCEDM11F00004_7012_HSCEDM09D00006_7012,P00011,2011-06-15,2095537.84,"THE GEO GROUP, INC.",JMLKZZ1NL2Z6,DO,U.S. Immigration and Customs Enforcement,561621,SECURITY SYSTEMS SERVICES (EXCEPT LOCKSMITHS),S206,GUARD SERVICES,"ADDITIONAL FUNDING FOR BED DAY COSTS THROUGH JUNE 30, 2011."
HSCECR11J00001,CONT_AWD_HSCECR11J00001_7012_HSCECR09D00002_7012,P00010,2011-06-16,6442946.06,B.I. INCORPORATED,PKK6L9KLMYR5,DO,U.S. Immigration and Customs Enforcement,561210,FACILITIES SUPPORT SERVICES,R408,PROGRAM MANAGEMENT/SUPPORT SERVICES,OPTION YEAR 1 TASK ORDER AWARD ISAP II (BASE CONTRACT# HSCECR-09-D-00002)
HSCEDM10F00011,CONT_AWD_HSCEDM10F00011_7012_HSCEDM09D00006_7012,P00012,2011-07-06,-91260.79,"THE GEO GROUP, INC.",JMLKZZ1NL2Z6,DO,U.S. Immigration and Customs Enforcement,561621,SECURITY SYSTEMS SERVICES (EXCEPT LOCKSMITHS),S206,GUARD SERVICES,DE-OBLIGATE EXCESS FUNDS AND CLOSE OUT TASK ORDER
HSCEDM11F00008,CONT_AWD_HSCEDM11F00008_7012_HSCEDM10D00001_7012,P00012,2011-07-07,3693999.13,"THE GEO GROUP, INC.",JMLKZZ1NL2Z6,DO,U.S. Immigration and Customs Enforcement,561210,FACILITIES SUPPORT SERVICES,S206,GUARD SERVICES,"DETENTION, TRANSPORTATION AND FOOD SERVICES"
HSCEDM10J00030,CONT_AWD_HSCEDM10J00030_7012_HSCEOP06D00010_7012,P00013,2011-07-15,1532443.97,"THE GEO GROUP, INC.",JMLKZZ1NL2Z6,DO,U.S. Immigration and Customs Enforcement,561210,FACILITIES SUPPORT SERVICES,S206,GUARD SERVICES,INCREMENTAL FUNDING.
HSCEDM11F00008,CONT_AWD_HSCEDM11F00008_7012_HSCEDM10D00001_7012,P00013,2011-07-18,463681.07,"THE GEO GROUP, INC.",JMLKZZ1NL2Z6,DO,U.S. Immigration and Customs Enforcement,561210,FACILITIES SUPPORT SERVICES,S206,GUARD SERVICES,"DETENTION, TRANSPORTATION AND FOOD SERVICES"
HSCEDM11F00004,CONT_AWD_HSCEDM11F00004_7012_HSCEDM09D00006_7012,P00012,2011-07-21,2238407.82,"THE GEO GROUP, INC.",JMLKZZ1NL2Z6,DO,U.S. Immigration and Customs Enforcement,561621,SECURITY SYSTEMS SERVICES (EXCEPT LOCKSMITHS),S206,GUARD SERVICES,"ADDITIONAL FUNDING FOR BED DAY COSTS THROUGH AUGUST 31, 2011."
HSCEDM11F00009,CONT_AWD_HSCEDM11F00009_7012_HSACD4C0001_7012,P00012,2011-07-22,4192796.37,"THE GEO GROUP, INC.",JMLKZZ1NL2Z6,DO,U.S. Immigration and Customs Enforcement,561612,SECURITY GUARDS AND PATROL SERVICES,S206,GUARD SERVICES,DETENTION SERVICES - PROVIDE FUNDING TO PIDC FACILITY FOR THE MONTH OF JULY.
HSCEDM11F00006,CONT_AWD_HSCEDM11F00006_7012_HSCEOP07C00001_7012,P00011,2011-07-27,498106.68,"THE GEO GROUP, INC.",JMLKZZ1NL2Z6,DO,U.S. Immigration and Customs Enforcement,561612,SECURITY GUARDS AND PATROL SERVICES,S206,GUARD SERVICES,GUARD SERVICES FOR MOC AT GTMO NVSTA
HSCEDM11F00004,CONT_AWD_HSCEDM11F00004_7012_HSCEDM09D00006_7012,P00013,2011-08-01,0.0,"THE GEO GROUP, INC.",JMLKZZ1NL2Z6,DO,U.S. Immigration and Customs Enforcement,561621,SECURITY SYSTEMS SERVICES (EXCEPT LOCKSMITHS),S206,GUARD SERVICES,"ADDITIONAL FUNDING FOR BED DAY COSTS THROUGH JULY 31, 2011."
HSCEDM11F00006,CONT_AWD_HSCEDM11F00006_7012_HSCEOP07C00001_7012,P00012,2011-08-08,121718.4,"THE GEO GROUP, INC.",JMLKZZ1NL2Z6,DO,U.S. Immigration and Customs Enforcement,561612,SECURITY GUARDS AND PATROL SERVICES,S206,GUARD SERVICES,FUNDING FOR SURGE GUARDS
HSCECR11J00001,CONT_AWD_HSCECR11J00001_7012_HSCECR09D00002_7012,P00011,2011-08-10,8355405.67,B.I. INCORPORATED,PKK6L9KLMYR5,DO,U.S. Immigration and Customs Enforcement,561210,FACILITIES SUPPORT SERVICES,R408,PROGRAM MANAGEMENT/SUPPORT SERVICES,OPTION YEAR 1 TASK ORDER AWARD ISAP II (BASE CONTRACT# HSCECR-09-D-00002)
HSCEDM11F00008,CONT_AWD_HSCEDM11F00008_7012_HSCEDM10D00001_7012,P00014,2011-08-18,4431276.27,"THE GEO GROUP, INC.",JMLKZZ1NL2Z6,DO,U.S. Immigration and Customs Enforcement,561210,FACILITIES SUPPORT SERVICES,S206,GUARD SERVICES,"DETENTION, TRANSPORTATION AND FOOD SERVICES"
HSCEDM10J00030,CONT_AWD_HSCEDM10J00030_7012_HSCEOP06D00010_7012,P00014,2011-08-22,1462967.72,"THE GEO GROUP, INC.",JMLKZZ1NL2Z6,DO,U.S. Immigration and Customs Enforcement,561210,FACILITIES SUPPORT SERVICES,S206,GUARD SERVICES,INCREMENTAL FUNDING.
HSCEDM11F00009,CONT_AWD_HSCEDM11F00009_7012_HSACD4C0001_7012,P00013,2011-08-23,89994.96,"THE GEO GROUP, INC.",JMLKZZ1NL2Z6,DO,U.S. Immigration and Customs Enforcement,561612,SECURITY GUARDS AND PATROL SERVICES,S206,GUARD SERVICES,DETENTION SERVICES - PROVIDE FUNDING TO PIDC FACILITY FOR THE MONTH OF AUGUST.
HSCEDM11F00004,CONT_AWD_HSCEDM11F00004_7012_HSCEDM09D00006_7012,P00014,2011-08-31,1500000.0,"THE GEO GROUP, INC.",JMLKZZ1NL2Z6,DO,U.S. Immigration and Customs Enforcement,561621,SECURITY SYSTEMS SERVICES (EXCEPT LOCKSMITHS),S206,GUARD SERVICES,"ADDITIONAL FUNDING FOR BED DAY COSTS THROUGH AUGUST 31, 2011."
HSCEDM11F00008,CONT_AWD_HSCEDM11F00008_7012_HSCEDM10D00001_7012,P00015,2011-08-31,3800985.88,"THE GEO GROUP, INC.",JMLKZZ1NL2Z6,DO,U.S. Immigration and Customs Enforcement,561210,FACILITIES SUPPORT SERVICES,S206,GUARD SERVICES,"DETENTION, TRANSPORTATION AND FOOD SERVICES"
HSCEDM10J00030,CONT_AWD_HSCEDM10J00030_7012_HSCEOP06D00010_7012,P00015,2011-09-08,-107118.18,"THE GEO GROUP, INC.",JMLKZZ1NL2Z6,DO,U.S. Immigration and Customs Enforcement,561210,FACILITIES SUPPORT SERVICES,S206,GUARD SERVICES,DE-OBLIGATE FUNDS.
HSCEDM11F00009,CONT_AWD_HSCEDM11F00009_7012_HSACD4C0001_7012,P00014,2011-09-08,4216792.22,"THE GEO GROUP, INC.",JMLKZZ1NL2Z6,DO,U.S. Immigration and Customs Enforcement,561612,SECURITY GUARDS AND PATROL SERVICES,S206,GUARD SERVICES,DETENTION SERVICES - PROVIDE FUNDING TO STDC FACILITY FOR THE MONTH OF AUGUST.
HSCEDM11F00009,CONT_AWD_HSCEDM11F00009_7012_HSACD4C0001_7012,P00015,2011-09-08,4190902.62,"THE GEO GROUP, INC.",JMLKZZ1NL2Z6,DO,U.S. Immigration and Customs Enforcement,561612,SECURITY GUARDS AND PATROL SERVICES,S206,GUARD SERVICES,DETENTION SERVICES - PROVIDE FUNDING TO STDC FACILITY FOR THE MONTH OF SEPTEMBER.
HSCEDM10J00030,CONT_AWD_HSCEDM10J00030_7012_HSCEOP06D00010_7012,P00016,2011-09-09,719080.42,"THE GEO GROUP, INC.",JMLKZZ1NL2Z6,DO,U.S. Immigration and Customs Enforcement,561210,FACILITIES SUPPORT SERVICES,S206,GUARD SERVICES,INCREMENTAL FUNDING
HSCEDM11F00004,CONT_AWD_HSCEDM11F00004_7012_HSCEDM09D00006_7012,P00015,2011-09-09,1767717.0,"THE GEO GROUP, INC.",JMLKZZ1NL2Z6,DO,U.S. Immigration and Customs Enforcement,561621,SECURITY SYSTEMS SERVICES (EXCEPT LOCKSMITHS),S206,GUARD SERVICES,"ADDITIONAL FUNDING FOR BED DAY COSTS THROUGH SEPTEMBER 30, 2011."
HSCECR11J00001,CONT_AWD_HSCECR11J00001_7012_HSCECR09D00002_7012,P00012,2011-09-12,708149.04,B.I. INCORPORATED,PKK6L9KLMYR5,DO,U.S. Immigration and Customs Enforcement,561210,FACILITIES SUPPORT SERVICES,R408,PROGRAM MANAGEMENT/SUPPORT SERVICES,OPTION YEAR 1 TASK ORDER AWARD ISAP II (BASE CONTRACT# HSCECR-09-D-00002)
HSCEDM11F00004,CONT_AWD_HSCEDM11F00004_7012_HSCEDM09D00006_7012,P00016,2011-09-12,70836.48,"THE GEO GROUP, INC.",JMLKZZ1NL2Z6,DO,U.S. Immigration and Customs Enforcement,561621,SECURITY SYSTEMS SERVICES (EXCEPT LOCKSMITHS),S206,GUARD SERVICES,"ADDITIONAL FUNDING FOR BED DAY COSTS THROUGH SEPTEMBER 30, 2011."
HSCEDM11F00008,CONT_AWD_HSCEDM11F00008_7012_HSCEDM10D00001_7012,P00016,2011-09-14,3102588.29,"THE GEO GROUP, INC.",JMLKZZ1NL2Z6,DO,U.S. Immigration and Customs Enforcement,561210,FACILITIES SUPPORT SERVICES,S206,GUARD SERVICES,"DETENTION, TRANSPORTATION AND FOOD SERVICES"
HSCEDM11J00054,CONT_AWD_HSCEDM11J00054_7012_HSCEDM11D00003_7012,0,2011-09-15,1944382.71,"THE GEO GROUP, INC.",JMLKZZ1NL2Z6,DELIVERY ORDER,U.S. Immigration and Customs Enforcement,561210,FACILITIES SUPPORT SERVICES,S206,GUARD SERVICES,AURORA CONTRACT DETENTION FACILITY - COCO. BASE OPTION
HSCEDM11F00004,CONT_AWD_HSCEDM11F00004_7012_HSCEDM09D00006_7012,P00017,2011-09-20,280000.0,"THE GEO GROUP, INC.",JMLKZZ1NL2Z6,DO,U.S. Immigration and Customs Enforcement,561621,SECURITY SYSTEMS SERVICES (EXCEPT LOCKSMITHS),S206,GUARD SERVICES,"ADDITIONAL FUNDING FOR BED DAY COSTS THROUGH SEPTEMBER 30, 2011."
HSCEDM11J00054,CONT_AWD_HSCEDM11J00054_7012_HSCEDM11D00003_7012,P00001,2011-09-20,294983.5,"THE GEO GROUP, INC.",JMLKZZ1NL2Z6,DO,U.S. Immigration and Customs Enforcement,561210,FACILITIES SUPPORT SERVICES,S206,GUARD SERVICES,"AURORA CONTRACT DETENTION FACILITY - COCO. BASE OPTION. MOD P00001 IS TO FUND CLIN 0001A IN THE AMOUNT OF $316,663.50"
HSCEDM11F00009,CONT_AWD_HSCEDM11F00009_7012_HSACD4C0001_7012,P00016,2011-09-21,3421020.49,"THE GEO GROUP, INC.",JMLKZZ1NL2Z6,DO,U.S. Immigration and Customs Enforcement,561612,SECURITY GUARDS AND PATROL SERVICES,S206,GUARD SERVICES,"DETENTION SERVICES - PROVIDE FUNDING TO STDC FACILITY THROUGH OCTOBER 25, 2011."
HSCEDM10F00001,CONT_AWD_HSCEDM10F00001_7012_HSACD4C0001_7012,P00022,2011-09-22,-102302.34,"THE GEO GROUP, INC.",JMLKZZ1NL2Z6,DO,U.S. Immigration and Customs Enforcement,561612,SECURITY GUARDS AND PATROL SERVICES,S206,GUARD SERVICES,DE-OBLIGATE FUNDS
HSCEDM11F00006,CONT_AWD_HSCEDM11F00006_7012_HSCEOP07C00001_7012,P00013,2011-09-26,121718.4,"THE GEO GROUP, INC.",JMLKZZ1NL2Z6,DO,U.S. Immigration and Customs Enforcement,561612,SECURITY GUARDS AND PATROL SERVICES,S206,GUARD SERVICES,FUNDING FOR SURGE GUARDS
HSCEDM11F00008,CONT_AWD_HSCEDM11F00008_7012_HSCEDM10D00001_7012,P00017,2011-09-27,476319.59,"THE GEO GROUP, INC.",JMLKZZ1NL2Z6,DO,U.S. Immigration and Customs Enforcement,561210,FACILITIES SUPPORT SERVICES,S206,GUARD SERVICES,"DETENTION, TRANSPORTATION AND FOOD SERVICES"
HSCEDM11J00054,CONT_AWD_HSCEDM11J00054_7012_HSCEDM11D00003_7012,P00002,2011-09-27,2416236.0,"THE GEO GROUP, INC.",JMLKZZ1NL2Z6,DO,U.S. Immigration and Customs Enforcement,561210,FACILITIES SUPPORT SERVICES,S206,GUARD SERVICES,"AURORA CONTRACT DETENTION FACILITY - COCO. BASE OPTION. MOD P00002 IS TO FUND CLIN 0001A IN THE AMOUNT OF $2,416,236.00."
HSCECR11J00001,CONT_AWD_HSCECR11J00001_7012_HSCECR09D00002_7012,P00013,2011-09-28,99996.56,B.I. INCORPORATED,PKK6L9KLMYR5,DO,U.S. Immigration and Customs Enforcement,561210,FACILITIES SUPPORT SERVICES,R408,PROGRAM MANAGEMENT/SUPPORT SERVICES,OPTION YEAR 1 TASK ORDER AWARD ISAP II (BASE CONTRACT# HSCECR-09-D-00002)
HSCEDM12F00004,CONT_AWD_HSCEDM12F00004_7012_HSCEDM09D00006_7012,0,2011-09-28,0.0,"THE GEO GROUP, INC.",JMLKZZ1NL2Z6,DELIVERY ORDER,U.S. Immigration and Customs Enforcement,561621,SECURITY SYSTEMS SERVICES (EXCEPT LOCKSMITHS),S206,GUARD SERVICES,"SUBJECT TO AVAILABILITY OF FUNDS ""SAF"" FOR FY12 FUNDING FOR BTC/GUARDS SERVICES TASK ORDER HSCEDM-11-F-00004."
HSCEDM12J00003,CONT_AWD_HSCEDM12J00003_7012_HSCEDM10D00001_7012,0,2011-10-19,2312699.38,"THE GEO GROUP, INC.",JMLKZZ1NL2Z6,DO,U.S. Immigration and Customs Enforcement,561210,FACILITIES SUPPORT SERVICES,S206,HOUSEKEEPING- GUARD,"DETENTION, TRANSPORTATION AND FOOD SERVICES"
HSCEDM12F00004,CONT_AWD_HSCEDM12F00004_7012_HSCEDM09D00006_7012,P00001,2011-11-01,2143643.02,"THE GEO GROUP, INC.",JMLKZZ1NL2Z6,DO,U.S. Immigration and Customs Enforcement,561621,SECURITY SYSTEMS SERVICES (EXCEPT LOCKSMITHS),S206,HOUSEKEEPING- GUARD,OCTOBER 2011 FUNDING
HSCEDM11F00009,CONT_AWD_HSCEDM11F00009_7012_HSACD4C0001_7012,P00017,2011-11-02,70000.0,"THE GEO GROUP, INC.",JMLKZZ1NL2Z6,DO,U.S. Immigration and Customs Enforcement,561612,SECURITY GUARDS AND PATROL SERVICES,S206,HOUSEKEEPING- GUARD,DETENTION SERVICES - PROVIDE FUNDING TO CLIN 8022 SECURE COMMUNITIES TRANSPORTATION
HSCECR12J00001,CONT_AWD_HSCECR12J00001_7012_HSCECR09D00002_7012,0,2011-11-03,5092348.47,B.I. INCORPORATED,PKK6L9KLMYR5,DO,U.S. Immigration and Customs Enforcement,561210,FACILITIES SUPPORT SERVICES,R408,SUPPORT- PROFESSIONAL: PROGRAM MANAGEMENT/SUPPORT,ISAP II CONTRACT (HSCECR-09-D-00002) OPTION YEAR 2 TASK ORDER (HSCECR-12-J-00001)
HSCEDM11F00006,CONT_AWD_HSCEDM11F00006_7012_HSCEOP07C00001_7012,P00014,2011-11-03,0.0,"THE GEO GROUP, INC.",JMLKZZ1NL2Z6,DO,U.S. Immigration and Customs Enforcement,561612,SECURITY GUARDS AND PATROL SERVICES,S206,HOUSEKEEPING- GUARD,FUNDING FOR SURGE GUARDS
HSCEDM12J00003,CONT_AWD_HSCEDM12J00003_7012_HSCEDM10D00001_7012,P00001,2011-11-09,2990583.67,"THE GEO GROUP, INC.",JMLKZZ1NL2Z6,DO,U.S. Immigration and Customs Enforcement,561210,FACILITIES SUPPORT SERVICES,S206,HOUSEKEEPING- GUARD,"DETENTION, TRANSPORTATION AND FOOD SERVICES"
HSCEDM12F00004,CONT_AWD_HSCEDM12F00004_7012_HSCEDM09D00006_7012,P00002,2011-11-18,283020.04,"THE GEO GROUP, INC.",JMLKZZ1NL2Z6,DO,U.S. Immigration and Customs Enforcement,561621,SECURITY SYSTEMS SERVICES (EXCEPT LOCKSMITHS),S206,HOUSEKEEPING- GUARD,OCTOBER 2011 FUNDING
HSCEDM11F00009,CONT_AWD_HSCEDM11F00009_7012_HSACD4C0001_7012,P00018,2011-11-23,3806166.53,"THE GEO GROUP, INC.",JMLKZZ1NL2Z6,DO,U.S. Immigration and Customs Enforcement,561612,SECURITY GUARDS AND PATROL SERVICES,S206,HOUSEKEEPING- GUARD,DETENTION SERVICES - PROVIDE FUNDING
HSCEDM12F00004,CONT_AWD_HSCEDM12F00004_7012_HSCEDM09D00006_7012,P00003,2011-11-23,0.0,"THE GEO GROUP, INC.",JMLKZZ1NL2Z6,DO,U.S. Immigration and Customs Enforcement,561621,SECURITY SYSTEMS SERVICES (EXCEPT LOCKSMITHS),S206,HOUSEKEEPING- GUARD,CORRECT CLIN NUMBERS
HSCECR12J00001,CONT_AWD_HSCECR12J00001_7012_HSCECR09D00002_7012,P00001,2011-12-05,3072135.5,B.I. INCORPORATED,PKK6L9KLMYR5,DO,U.S. Immigration and Customs Enforcement,561210,FACILITIES SUPPORT SERVICES,R408,SUPPORT- PROFESSIONAL: PROGRAM MANAGEMENT/SUPPORT,ISAP II CONTRACT (HSCECR-09-D-00002) OPTION YEAR 2 TASK ORDER (HSCECR-12-J-00001)
HSCEDM12F00004,CONT_AWD_HSCEDM12F00004_7012_HSCEDM09D00006_7012,P00004,2011-12-08,285000.19,"THE GEO GROUP, INC.",JMLKZZ1NL2Z6,DO,U.S. Immigration and Customs Enforcement,561621,SECURITY SYSTEMS SERVICES (EXCEPT LOCKSMITHS),S206,HOUSEKEEPING- GUARD,DECEMBER 2011 FUNDING
HSCEDM12J00003,CONT_AWD_HSCEDM12J00003_7012_HSCEDM10D00001_7012,P00002,2011-12-08,2990536.23,"THE GEO GROUP, INC.",JMLKZZ1NL2Z6,DO,U.S. Immigration and Customs Enforcement,561210,FACILITIES SUPPORT SERVICES,S206,HOUSEKEEPING- GUARD,"DETENTION, TRANSPORTATION AND FOOD SERVICES"
HSCEDM11J00054,CONT_AWD_HSCEDM11J00054_7012_HSCEDM11D00003_7012,P00003,2011-12-12,212925.83,"THE GEO GROUP, INC.",JMLKZZ1NL2Z6,DO,U.S. Immigration and Customs Enforcement,561210,FACILITIES SUPPORT SERVICES,S206,HOUSEKEEPING- GUARD,INCREMENTAL FUNDING
HSCEDM12F00004,CONT_AWD_HSCEDM12F00004_7012_HSCEDM09D00006_7012,P00005,2011-12-21,1865268.0,"THE GEO GROUP, INC.",JMLKZZ1NL2Z6,DO,U.S. Immigration and Customs Enforcement,561621,SECURITY SYSTEMS SERVICES (EXCEPT LOCKSMITHS),S206,HOUSEKEEPING- GUARD,DECEMBER 2011 FUNDING
HSCEDM12J00012,CONT_AWD_HSCEDM12J00012_7012_HSCEDM12D00001_7012,0,2011-12-21,885550.26,"THE GEO GROUP, INC.",JMLKZZ1NL2Z6,DO,U.S. Immigration and Customs Enforcement,561210,FACILITIES SUPPORT SERVICES,S206,HOUSEKEEPING- GUARD,REFERENCE SOUTH TEXAS DETENTION COMPLEX CONTRACT HSCEDM-12-D-00001 WITH THE GEO GROUP.  TASK ORDER HSCEDM-12-J-00010
HSCEDM11F00006,CONT_AWD_HSCEDM11F00006_7012_HSCEOP07C00001_7012,P00015,2011-12-28,0.0,"THE GEO GROUP, INC.",JMLKZZ1NL2Z6,DO,U.S. Immigration and Customs Enforcement,561612,SECURITY GUARDS AND PATROL SERVICES,S206,HOUSEKEEPING- GUARD,FUNDING FOR SURGE GUARDS
HSCEDM11F00009,CONT_AWD_HSCEDM11F00009_7012_HSACD4C0001_7012,P00019,2012-01-03,0.0,"THE GEO GROUP, INC.",JMLKZZ1NL2Z6,DO,U.S. Immigration and Customs Enforcement,561612,SECURITY GUARDS AND PATROL SERVICES,S206,HOUSEKEEPING- GUARD,DETENTION SERVICES - PROVIDE FUNDING
HSCEDM11F00009,CONT_AWD_HSCEDM11F00009_7012_HSACD4C0001_7012,P00020,2012-01-03,99998.22,"THE GEO GROUP, INC.",JMLKZZ1NL2Z6,DO,U.S. Immigration and Customs Enforcement,561612,SECURITY GUARDS AND PATROL SERVICES,S206,HOUSEKEEPING- GUARD,DETENTION SERVICES - PROVIDE FUNDING
HSCEDM11J00054,CONT_AWD_HSCEDM11J00054_7012_HSCEDM11D00003_7012,P00004,2012-01-09,1792082.33,"THE GEO GROUP, INC.",JMLKZZ1NL2Z6,DO,U.S. Immigration and Customs Enforcement,561210,FACILITIES SUPPORT SERVICES,S206,HOUSEKEEPING- GUARD,INCREMENTAL FUNDING
HSCEDM12F00004,CONT_AWD_HSCEDM12F00004_7012_HSCEDM09D00006_7012,P00006,2012-01-12,252676.0,"THE GEO GROUP, INC.",JMLKZZ1NL2Z6,DO,U.S. Immigration and Customs Enforcement,561621,SECURITY SYSTEMS SERVICES (EXCEPT LOCKSMITHS),S206,HOUSEKEEPING- GUARD,JANUARY 2012 FUNDING
HSCEDM11J00054,CONT_AWD_HSCEDM11J00054_7012_HSCEDM11D00003_7012,P00005,2012-01-17,248730.86,"THE GEO GROUP, INC.",JMLKZZ1NL2Z6,DO,U.S. Immigration and Customs Enforcement,561210,FACILITIES SUPPORT SERVICES,S206,HOUSEKEEPING- GUARD,INCREMENTAL FUNDING
HSCECR12J00001,CONT_AWD_HSCECR12J00001_7012_HSCECR09D00002_7012,P00002,2012-01-18,3267054.9,B.I. INCORPORATED,PKK6L9KLMYR5,DO,U.S. Immigration and Customs Enforcement,561210,FACILITIES SUPPORT SERVICES,R408,SUPPORT- PROFESSIONAL: PROGRAM MANAGEMENT/SUPPORT,ISAP II CONTRACT (HSCECR-09-D-00002) OPTION YEAR 2 TASK ORDER (HSCECR-12-J-00001)
HSCEDM12J00003,CONT_AWD_HSCEDM12J00003_7012_HSCEDM10D00001_7012,P00003,2012-01-24,1034928.84,"THE GEO GROUP, INC.",JMLKZZ1NL2Z6,DO,U.S. Immigration and Customs Enforcement,561210,FACILITIES SUPPORT SERVICES,S206,HOUSEKEEPING- GUARD,"DETENTION, TRANSPORTATION AND FOOD SERVICES"
HSCEDM12F00004,CONT_AWD_HSCEDM12F00004_7012_HSCEDM09D00006_7012,P00007,2012-01-25,327999.67,"THE GEO GROUP, INC.",JMLKZZ1NL2Z6,DO,U.S. Immigration and Customs Enforcement,561621,SECURITY SYSTEMS SERVICES (EXCEPT LOCKSMITHS),S206,HOUSEKEEPING- GUARD,JANUARY 2012 FUNDING
HSCEDM11F00009,CONT_AWD_HSCEDM11F00009_7012_HSACD4C0001_7012,P00021,2012-01-27,3568232.63,"THE GEO GROUP, INC.",JMLKZZ1NL2Z6,DO,U.S. Immigration and Customs Enforcement,561612,SECURITY GUARDS AND PATROL SERVICES,S206,HOUSEKEEPING- GUARD,TRANSPORTATION AND DETENTION SERVICES - PROVIDE FUNDING
HSCEDM11F00006,CONT_AWD_HSCEDM11F00006_7012_HSCEOP07C00001_7012,P00016,2012-01-30,249053.34,"THE GEO GROUP, INC.",JMLKZZ1NL2Z6,DO,U.S. Immigration and Customs Enforcement,561612,SECURITY GUARDS AND PATROL SERVICES,S206,HOUSEKEEPING- GUARD,FUNDING FOR SURGE GUARDS
HSCEDM08J00046,CONT_AWD_HSCEDM08J00046_7012_HSCEOP06D00010_7012,P00012,2012-01-31,-1064780.14,"THE GEO GROUP, INC.",JMLKZZ1NL2Z6,DO,U.S. Immigration and Customs Enforcement,561210,FACILITIES SUPPORT SERVICES,S206,HOUSEKEEPING- GUARD,DE-OBLIGATION
HSCEDM10J00030,CONT_AWD_HSCEDM10J00030_7012_HSCEOP06D00010_7012,P00017,2012-01-31,-424211.6,"THE GEO GROUP, INC.",JMLKZZ1NL2Z6,DO,U.S. Immigration and Customs Enforcement,561210,FACILITIES SUPPORT SERVICES,S206,HOUSEKEEPING- GUARD,INCREMENTAL FUNDING
HSCEDM12F00004,CONT_AWD_HSCEDM12F00004_7012_HSCEDM09D00006_7012,P00008,2012-01-31,3599999.72,"THE GEO GROUP, INC.",JMLKZZ1NL2Z6,DO,U.S. Immigration and Customs Enforcement,561621,SECURITY SYSTEMS SERVICES (EXCEPT LOCKSMITHS),S206,HOUSEKEEPING- GUARD,JANUARY 2012 FUNDING FOR BED DAYS AND DETAINEE VOLUNTEER WORK PROGRAM.
HSCEDM12J00003,CONT_AWD_HSCEDM12J00003_7012_HSCEDM10D00001_7012,P00004,2012-01-31,928133.79,"THE GEO GROUP, INC.",JMLKZZ1NL2Z6,DO,U.S. Immigration and Customs Enforcement,561210,FACILITIES SUPPORT SERVICES,S206,HOUSEKEEPING- GUARD,"DETENTION, TRANSPORTATION AND FOOD SERVICES"
HSCEMD12F00015,CONT_AWD_HSCEMD12F00015_7012_GS07F0518N_4730,0,2012-02-06,3152.1,B.I. INCORPORATED,PKK6L9KLMYR5,DO,U.S. Immigration and Customs Enforcement,315999,OTHER APPAREL ACCESSORIES AND OTHER APPAREL MANUFACTURING,6110,ELECTRICAL CONTROL EQUIPMENT,"PASSIVE ELECTRONIC MONITORING DEVICES REQUIRED TO SECURE FOREIGN WITNESSES AT FEDERAL TRIAL. POP: FEB 12 TO APR 7, 2012. SELECTED VENDOR OFFERS BEST COST."
HSCEDM11J00054,CONT_AWD_HSCEDM11J00054_7012_HSCEDM11D00003_7012,P00006,2012-02-08,3482489.66,"THE GEO GROUP, INC.",JMLKZZ1NL2Z6,DO,U.S. Immigration and Customs Enforcement,561210,FACILITIES SUPPORT SERVICES,S206,HOUSEKEEPING- GUARD,DETENTION MANAGEMENT AURORA CDF.
HSCEDM12F00004,CONT_AWD_HSCEDM12F00004_7012_HSCEDM09D00006_7012,P00009,2012-02-08,3478591.94,"THE GEO GROUP, INC.",JMLKZZ1NL2Z6,DO,U.S. Immigration and Customs Enforcement,561621,SECURITY SYSTEMS SERVICES (EXCEPT LOCKSMITHS),S206,HOUSEKEEPING- GUARD,JANUARY 2012 FUNDING
HSCEDM12J00003,CONT_AWD_HSCEDM12J00003_7012_HSCEDM10D00001_7012,P00005,2012-02-10,7730712.42,"THE GEO GROUP, INC.",JMLKZZ1NL2Z6,DO,U.S. Immigration and Customs Enforcement,561210,FACILITIES SUPPORT SERVICES,S206,HOUSEKEEPING- GUARD,"DETENTION, TRANSPORTATION AND FOOD SERVICES"
HSCEMD12F00015,CONT_AWD_HSCEMD12F00015_7012_GS07F0518N_4730,P00001,2012-02-13,0.0,B.I. INCORPORATED,PKK6L9KLMYR5,DO,U.S. Immigration and Customs Enforcement,315999,OTHER APPAREL ACCESSORIES AND OTHER APPAREL MANUFACTURING,6110,ELECTRICAL CONTROL EQUIPMENT,"PASSIVE ELECTRONIC MONITORING DEVICES REQUIRED TO SECURE FOREIGN WITNESSES AT FEDERAL TRIAL. POP: FEB 12 TO APR 7, 2012. SELECTED VENDOR OFFERS BEST COST."
HSCECR12J00001,CONT_AWD_HSCECR12J00001_7012_HSCECR09D00002_7012,P00003,2012-02-15,6241963.86,B.I. INCORPORATED,PKK6L9KLMYR5,DO,U.S. Immigration and Customs Enforcement,561210,FACILITIES SUPPORT SERVICES,R408,SUPPORT- PROFESSIONAL: PROGRAM MANAGEMENT/SUPPORT,ISAP II CONTRACT (HSCECR-09-D-00002) OPTION YEAR 2 TASK ORDER (HSCECR-12-J-00001)
HSCEDM12J00012,CONT_AWD_HSCEDM12J00012_7012_HSCEDM12D00001_7012,P00001,2012-02-16,8492706.89,"THE GEO GROUP, INC.",JMLKZZ1NL2Z6,DO,U.S. Immigration and Customs Enforcement,561210,FACILITIES SUPPORT SERVICES,S206,HOUSEKEEPING- GUARD,REFERENCE SOUTH TEXAS DETENTION COMPLEX CONTRACT HSCEDM-12-D-00001 WITH THE GEO GROUP.  TASK ORDER HSCEDM-12-J-00010
HSCEDM12F00004,CONT_AWD_HSCEDM12F00004_7012_HSCEDM09D00006_7012,P00010,2012-02-21,572287.94,"THE GEO GROUP, INC.",JMLKZZ1NL2Z6,DO,U.S. Immigration and Customs Enforcement,561621,SECURITY SYSTEMS SERVICES (EXCEPT LOCKSMITHS),S206,HOUSEKEEPING- GUARD,JANUARY 2012 FUNDING
HSCEDM08J00055,CONT_AWD_HSCEDM08J00055_7012_HSACD4C0001_7012,P00008,2012-02-22,-7741.32,"THE GEO GROUP, INC.",JMLKZZ1NL2Z6,DO,U.S. Immigration and Customs Enforcement,561612,SECURITY GUARDS AND PATROL SERVICES,S206,HOUSEKEEPING- GUARD,COPIERS - DE-OBLIGATION OF EXCESS FUNDS
HSCEDM11J00054,CONT_AWD_HSCEDM11J00054_7012_HSCEDM11D00003_7012,P00007,2012-02-22,497837.19,"THE GEO GROUP, INC.",JMLKZZ1NL2Z6,DO,U.S. Immigration and Customs Enforcement,561210,FACILITIES SUPPORT SERVICES,S206,HOUSEKEEPING- GUARD,DETENTION MANAGEMENT AURORA CDF.
HSCEDM12J00012,CONT_AWD_HSCEDM12J00012_7012_HSCEDM12D00001_7012,P00002,2012-03-02,108332.4,"THE GEO GROUP, INC.",JMLKZZ1NL2Z6,DO,U.S. Immigration and Customs Enforcement,561210,FACILITIES SUPPORT SERVICES,S206,HOUSEKEEPING- GUARD,OTHER FUNCTIONS - GUARD DETENTION SERVICE SOUTH TEXAS DETENTION COMPLEX CONTRACT WITH THE GEO GROUP.
HSCEDM12F00004,CONT_AWD_HSCEDM12F00004_7012_HSCEDM09D00006_7012,P00011,2012-03-07,0.0,"THE GEO GROUP, INC.",JMLKZZ1NL2Z6,DO,U.S. Immigration and Customs Enforcement,561621,SECURITY SYSTEMS SERVICES (EXCEPT LOCKSMITHS),S206,HOUSEKEEPING- GUARD,JANUARY 2012 FUNDING
HSCEDM12J00003,CONT_AWD_HSCEDM12J00003_7012_HSCEDM10D00001_7012,P00006,2012-03-13,1526944.0,"THE GEO GROUP, INC.",JMLKZZ1NL2Z6,DO,U.S. Immigration and Customs Enforcement,561210,FACILITIES SUPPORT SERVICES,S206,HOUSEKEEPING- GUARD,"DETENTION, TRANSPORTATION AND FOOD SERVICES"
HSCECR12J00001,CONT_AWD_HSCECR12J00001_7012_HSCECR09D00002_7012,P00004,2012-03-26,0.0,B.I. INCORPORATED,PKK6L9KLMYR5,DO,U.S. Immigration and Customs Enforcement,561210,FACILITIES SUPPORT SERVICES,R408,SUPPORT- PROFESSIONAL: PROGRAM MANAGEMENT/SUPPORT,ISAP II CONTRACT (HSCECR-09-D-00002) OPTION YEAR 2 TASK ORDER (HSCECR-12-J-00001)
HSCEDM11J00054,CONT_AWD_HSCEDM11J00054_7012_HSCEDM11D00003_7012,P00008,2012-03-28,1792082.33,"THE GEO GROUP, INC.",JMLKZZ1NL2Z6,DO,U.S. Immigration and Customs Enforcement,561210,FACILITIES SUPPORT SERVICES,S206,HOUSEKEEPING- GUARD,DETENTION MANAGEMENT AURORA CDF.
HSCECR12J00001,CONT_AWD_HSCECR12J00001_7012_HSCECR09D00002_7012,P00005,2012-04-10,9070382.74,B.I. INCORPORATED,PKK6L9KLMYR5,DO,U.S. Immigration and Customs Enforcement,561210,FACILITIES SUPPORT SERVICES,R408,SUPPORT- PROFESSIONAL: PROGRAM MANAGEMENT/SUPPORT,ISAP II CONTRACT (HSCECR-09-D-00002) OPTION YEAR 2 TASK ORDER (HSCECR-12-J-00001)
HSCEDM11J00054,CONT_AWD_HSCEDM11J00054_7012_HSCEDM11D00003_7012,P00009,2012-04-10,3699272.89,"THE GEO GROUP, INC.",JMLKZZ1NL2Z6,DO,U.S. Immigration and Customs Enforcement,561210,FACILITIES SUPPORT SERVICES,S206,HOUSEKEEPING- GUARD,OTHER FUNCTIONS. DETENTION MANAGEMENT AURORA CDF.
HSCEDM11F00006,CONT_AWD_HSCEDM11F00006_7012_HSCEOP07C00001_7012,P00017,2012-04-12,20793.56,"THE GEO GROUP, INC.",JMLKZZ1NL2Z6,DO,U.S. Immigration and Customs Enforcement,561612,SECURITY GUARDS AND PATROL SERVICES,S206,HOUSEKEEPING- GUARD,OTHER FUNCTIONS - DETENTION GUARD SERVICES
HSCEDM12F00004,CONT_AWD_HSCEDM12F00004_7012_HSCEDM09D00006_7012,P00012,2012-04-12,4011998.91,"THE GEO GROUP, INC.",JMLKZZ1NL2Z6,DO,U.S. Immigration and Customs Enforcement,561621,SECURITY SYSTEMS SERVICES (EXCEPT LOCKSMITHS),S206,HOUSEKEEPING- GUARD,OTHER FUNCTIONS - DETENTION GUARD SERVICES
HSCEDM12J00003,CONT_AWD_HSCEDM12J00003_7012_HSCEDM10D00001_7012,P00007,2012-04-12,231442.83,"THE GEO GROUP, INC.",JMLKZZ1NL2Z6,DO,U.S. Immigration and Customs Enforcement,561210,FACILITIES SUPPORT SERVICES,S206,HOUSEKEEPING- GUARD,"CRITICAL FUNCTIONS.  DETENTION, TRANSPORTATION AND FOOD SERVICES"
HSCEDM12F00004,CONT_AWD_HSCEDM12F00004_7012_HSCEDM09D00006_7012,P00013,2012-04-17,0.0,"THE GEO GROUP, INC.",JMLKZZ1NL2Z6,DO,U.S. Immigration and Customs Enforcement,561621,SECURITY SYSTEMS SERVICES (EXCEPT LOCKSMITHS),S206,HOUSEKEEPING- GUARD,OTHER FUNCTIONS - DETENTION GUARD SERVICES
HSCEDM12J00003,CONT_AWD_HSCEDM12J00003_7012_HSCEDM10D00001_7012,P00008,2012-04-17,12464568.77,"THE GEO GROUP, INC.",JMLKZZ1NL2Z6,DO,U.S. Immigration and Customs Enforcement,561210,FACILITIES SUPPORT SERVICES,S206,HOUSEKEEPING- GUARD,"CRITICAL FUNCTIONS.  DETENTION, TRANSPORTATION AND FOOD SERVICES"
HSCEDM12J00012,CONT_AWD_HSCEDM12J00012_7012_HSCEDM12D00001_7012,P00003,2012-04-24,11593317.6,"THE GEO GROUP, INC.",JMLKZZ1NL2Z6,DO,U.S. Immigration and Customs Enforcement,561210,FACILITIES SUPPORT SERVICES,S206,HOUSEKEEPING- GUARD,OTHER FUNCTIONS - DETENTION GUARD SERVICES SOUTH TEXAS DETENTION CENTER WITH THE GEO GROUP.
HSCEDM11J00054,CONT_AWD_HSCEDM11J00054_7012_HSCEDM11D00003_7012,P00010,2012-04-26,17933.0,"THE GEO GROUP, INC.",JMLKZZ1NL2Z6,DO,U.S. Immigration and Customs Enforcement,561210,FACILITIES SUPPORT SERVICES,S206,HOUSEKEEPING- GUARD,CRITICAL FUNCTION. DETENTION MANAGEMENT AURORA CDF.
HSCEDM12J00012,CONT_AWD_HSCEDM12J00012_7012_HSCEDM12D00001_7012,P00004,2012-05-08,0.0,"THE GEO GROUP, INC.",JMLKZZ1NL2Z6,DO,U.S. Immigration and Customs Enforcement,561210,FACILITIES SUPPORT SERVICES,S206,HOUSEKEEPING- GUARD,CRITICAL --  REFERENCE SOUTH TEXAS DETENTION COMPLEX CONTRACT HSCEDM-12-D-00001 WITH THE GEO GROUP.
HSCEDM12J00012,CONT_AWD_HSCEDM12J00012_7012_HSCEDM12D00001_7012,P00005,2012-05-10,10188.0,"THE GEO GROUP, INC.",JMLKZZ1NL2Z6,DO,U.S. Immigration and Customs Enforcement,561210,FACILITIES SUPPORT SERVICES,S206,HOUSEKEEPING- GUARD,OTHER FUNCTIONS - CRITICAL --  REFERENCE SOUTH TEXAS DETENTION COMPLEX CONTRACT HSCEDM-12-D-00001 WITH THE GEO GROUP.
HSCECR11J00001,CONT_AWD_HSCECR11J00001_7012_HSCECR09D00002_7012,P00014,2012-05-15,-74914.67,B.I. INCORPORATED,PKK6L9KLMYR5,DO,U.S. Immigration and Customs Enforcement,561210,FACILITIES SUPPORT SERVICES,R408,SUPPORT- PROFESSIONAL: PROGRAM MANAGEMENT/SUPPORT,OPTION YEAR 1 TASK ORDER AWARD ISAP II (BASE CONTRACT# HSCECR-09-D-00002)
HSCEDM12J00012,CONT_AWD_HSCEDM12J00012_7012_HSCEDM12D00001_7012,P00006,2012-05-15,1455582.1,"THE GEO GROUP, INC.",JMLKZZ1NL2Z6,DO,U.S. Immigration and Customs Enforcement,561210,FACILITIES SUPPORT SERVICES,S206,HOUSEKEEPING- GUARD,OTHER FUNCTIONS - CRITICAL --  REFERENCE SOUTH TEXAS DETENTION COMPLEX CONTRACT HSCEDM-12-D-00001 WITH THE GEO GROUP.
HSCEDM11F00004,CONT_AWD_HSCEDM11F00004_7012_HSCEDM09D00006_7012,P00018,2012-05-16,-130812.74,"THE GEO GROUP, INC.",JMLKZZ1NL2Z6,DO,U.S. Immigration and Customs Enforcement,561621,SECURITY SYSTEMS SERVICES (EXCEPT LOCKSMITHS),S206,HOUSEKEEPING- GUARD,"ADDITIONAL FUNDING FOR BED DAY COSTS THROUGH SEPTEMBER 30, 2011."
HSCEDM11F00008,CONT_AWD_HSCEDM11F00008_7012_HSCEDM10D00001_7012,P00018,2012-05-24,-815736.76,"THE GEO GROUP, INC.",JMLKZZ1NL2Z6,DO,U.S. Immigration and Customs Enforcement,561210,FACILITIES SUPPORT SERVICES,S206,HOUSEKEEPING- GUARD,"CRITICAL FUNCTIONS. DETENTION, TRANSPORTATION AND FOOD SERVICES"
HSCEDM12F00004,CONT_AWD_HSCEDM12F00004_7012_HSCEDM09D00006_7012,P00014,2012-06-08,2146012.05,"THE GEO GROUP, INC.",JMLKZZ1NL2Z6,DO,U.S. Immigration and Customs Enforcement,561621,SECURITY SYSTEMS SERVICES (EXCEPT LOCKSMITHS),S206,HOUSEKEEPING- GUARD,CORRECT ERROR IN PRICING TO BE CONSISTENT WITH MOD 21 OF HSCEDM-09-D-00006
HSCECR12J00001,CONT_AWD_HSCECR12J00001_7012_HSCECR09D00002_7012,P00006,2012-06-18,2774643.24,B.I. INCORPORATED,PKK6L9KLMYR5,DO,U.S. Immigration and Customs Enforcement,561210,FACILITIES SUPPORT SERVICES,R408,SUPPORT- PROFESSIONAL: PROGRAM MANAGEMENT/SUPPORT,ISAP II CONTRACT (HSCECR-09-D-00002) OPTION YEAR 2 TASK ORDER (HSCECR-12-J-00001)
HSCEDM12J00003,CONT_AWD_HSCEDM12J00003_7012_HSCEDM10D00001_7012,P00009,2012-06-19,173369.85,"THE GEO GROUP, INC.",JMLKZZ1NL2Z6,DO,U.S. Immigration and Customs Enforcement,561210,FACILITIES SUPPORT SERVICES,S206,HOUSEKEEPING- GUARD,"CRITICAL FUNCTIONS.  DETENTION, TRANSPORTATION AND FOOD SERVICES"
HSCEDM12J00012,CONT_AWD_HSCEDM12J00012_7012_HSCEDM12D00001_7012,P00007,2012-06-20,3484411.6,"THE GEO GROUP, INC.",JMLKZZ1NL2Z6,DO,U.S. Immigration and Customs Enforcement,561210,FACILITIES SUPPORT SERVICES,S206,HOUSEKEEPING- GUARD,OTHER FUNCTIONS - CRITICAL --  REFERENCE SOUTH TEXAS DETENTION COMPLEX CONTRACT HSCEDM-12-D-00001 WITH THE GEO GROUP.
HSCEDM11J00054,CONT_AWD_HSCEDM11J00054_7012_HSCEDM11D00003_7012,P00011,2012-06-29,175581.5,"THE GEO GROUP, INC.",JMLKZZ1NL2Z6,DO,U.S. Immigration and Customs Enforcement,561210,FACILITIES SUPPORT SERVICES,S206,HOUSEKEEPING- GUARD,CRITICAL FUNCTION. DETENTION MANAGEMENT AURORA CDF.
HSCEDM12J00003,CONT_AWD_HSCEDM12J00003_7012_HSCEDM10D00001_7012,P00010,2012-07-02,309801.78,"THE GEO GROUP, INC.",JMLKZZ1NL2Z6,DO,U.S. Immigration and Customs Enforcement,561210,FACILITIES SUPPORT SERVICES,S206,HOUSEKEEPING- GUARD,"CRITICAL FUNCTIONS.  DETENTION, TRANSPORTATION AND FOOD SERVICES"
HSCEDM12J00012,CONT_AWD_HSCEDM12J00012_7012_HSCEDM12D00001_7012,P00008,2012-07-05,47501.55,"THE GEO GROUP, INC.",JMLKZZ1NL2Z6,DO,U.S. Immigration and Customs Enforcement,561210,FACILITIES SUPPORT SERVICES,S206,HOUSEKEEPING- GUARD,OTHER FUNCTIONS - CRITICAL --  REFERENCE SOUTH TEXAS DETENTION COMPLEX CONTRACT HSCEDM-12-D-00001 WITH THE GEO GROUP.
HSCECR12J00001,CONT_AWD_HSCECR12J00001_7012_HSCECR09D00002_7012,P00007,2012-07-10,10201305.49,B.I. INCORPORATED,PKK6L9KLMYR5,DO,U.S. Immigration and Customs Enforcement,561210,FACILITIES SUPPORT SERVICES,R408,SUPPORT- PROFESSIONAL: PROGRAM MANAGEMENT/SUPPORT,ISAP II CONTRACT (HSCECR-09-D-00002) OPTION YEAR 2 TASK ORDER (HSCECR-12-J-00001)
HSCEDM11J00054,CONT_AWD_HSCEDM11J00054_7012_HSCEDM11D00003_7012,P00012,2012-07-13,3533327.16,"THE GEO GROUP, INC.",JMLKZZ1NL2Z6,DO,U.S. Immigration and Customs Enforcement,561210,FACILITIES SUPPORT SERVICES,S206,HOUSEKEEPING- GUARD,CRITICAL FUNCTION. DETENTION MANAGEMENT AURORA CDF.
HSCEDM12J00012,CONT_AWD_HSCEDM12J00012_7012_HSCEDM12D00001_7012,P00009,2012-07-13,3646283.24,"THE GEO GROUP, INC.",JMLKZZ1NL2Z6,DO,U.S. Immigration and Customs Enforcement,561210,FACILITIES SUPPORT SERVICES,S206,HOUSEKEEPING- GUARD,OTHER FUNCTIONS - CRITICAL --  REFERENCE SOUTH TEXAS DETENTION COMPLEX CONTRACT HSCEDM-12-D-00001 WITH THE GEO GROUP.
HSCEMD12F00015,CONT_AWD_HSCEMD12F00015_7012_GS07F0518N_4730,P00002,2012-07-18,-2649.66,B.I. INCORPORATED,PKK6L9KLMYR5,DO,U.S. Immigration and Customs Enforcement,315999,OTHER APPAREL ACCESSORIES AND OTHER APPAREL MANUFACTURING,6110,ELECTRICAL CONTROL EQUIPMENT,"PASSIVE ELECTRONIC MONITORING DEVICES REQUIRED TO SECURE FOREIGN WITNESSES AT FEDERAL TRIAL. POP: FEB 12 TO APR 7, 2012. SELECTED VENDOR OFFERS BEST COST."
HSCEDM11J00054,CONT_AWD_HSCEDM11J00054_7012_HSCEDM11D00003_7012,P00013,2012-07-23,165945.73,"THE GEO GROUP, INC.",JMLKZZ1NL2Z6,DO,U.S. Immigration and Customs Enforcement,561210,FACILITIES SUPPORT SERVICES,S206,HOUSEKEEPING- GUARD,CRITICAL FUNCTION. DETENTION MANAGEMENT AURORA CDF.
HSCEDM12J00003,CONT_AWD_HSCEDM12J00003_7012_HSCEDM10D00001_7012,P00011,2012-07-27,8515527.66,"THE GEO GROUP, INC.",JMLKZZ1NL2Z6,DO,U.S. Immigration and Customs Enforcement,561210,FACILITIES SUPPORT SERVICES,S206,HOUSEKEEPING- GUARD,"CRITICAL FUNCTIONS.  DETENTION, TRANSPORTATION AND FOOD SERVICES"
HSCEDM12F00004,CONT_AWD_HSCEDM12F00004_7012_HSCEDM09D00006_7012,P00015,2012-07-30,789061.0,"THE GEO GROUP, INC.",JMLKZZ1NL2Z6,DO,U.S. Immigration and Customs Enforcement,561621,SECURITY SYSTEMS SERVICES (EXCEPT LOCKSMITHS),S206,HOUSEKEEPING- GUARD,FUNDING FOR JULY 2012
HSCEDM11J00054,CONT_AWD_HSCEDM11J00054_7012_HSCEDM11D00003_7012,P00014,2012-08-02,22356.59,"THE GEO GROUP, INC.",JMLKZZ1NL2Z6,DO,U.S. Immigration and Customs Enforcement,561210,FACILITIES SUPPORT SERVICES,S206,HOUSEKEEPING- GUARD,CRITICAL FUNCTION. DETENTION MANAGEMENT AURORA CDF.
HSCEDM12J00012,CONT_AWD_HSCEDM12J00012_7012_HSCEDM12D00001_7012,P00010,2012-08-02,4390870.27,"THE GEO GROUP, INC.",JMLKZZ1NL2Z6,DO,U.S. Immigration and Customs Enforcement,561210,FACILITIES SUPPORT SERVICES,S206,HOUSEKEEPING- GUARD,OTHER FUNCTIONS - CRITICAL --  REFERENCE SOUTH TEXAS DETENTION COMPLEX CONTRACT HSCEDM-12-D-00001 WITH THE GEO GROUP.
HSCEDM11J00054,CONT_AWD_HSCEDM11J00054_7012_HSCEDM11D00003_7012,P00015,2012-08-06,1792082.33,"THE GEO GROUP, INC.",JMLKZZ1NL2Z6,DO,U.S. Immigration and Customs Enforcement,561210,FACILITIES SUPPORT SERVICES,S206,HOUSEKEEPING- GUARD,CRITICAL FUNCTION. DETENTION MANAGEMENT AURORA CDF.
HSCEDM12F00004,CONT_AWD_HSCEDM12F00004_7012_HSCEDM09D00006_7012,P00016,2012-08-09,1399415.12,"THE GEO GROUP, INC.",JMLKZZ1NL2Z6,DO,U.S. Immigration and Customs Enforcement,561621,SECURITY SYSTEMS SERVICES (EXCEPT LOCKSMITHS),S206,HOUSEKEEPING- GUARD,FUNDING FOR AUGUST 2012
HSCEDM12F00004,CONT_AWD_HSCEDM12F00004_7012_HSCEDM09D00006_7012,P00017,2012-08-20,265000.37,"THE GEO GROUP, INC.",JMLKZZ1NL2Z6,DO,U.S. Immigration and Customs Enforcement,561621,SECURITY SYSTEMS SERVICES (EXCEPT LOCKSMITHS),S206,HOUSEKEEPING- GUARD,SEPTEMBER 2012 FUNDING
HSCEDM12J00003,CONT_AWD_HSCEDM12J00003_7012_HSCEDM10D00001_7012,P00012,2012-08-20,4062208.64,"THE GEO GROUP, INC.",JMLKZZ1NL2Z6,DO,U.S. Immigration and Customs Enforcement,561210,FACILITIES SUPPORT SERVICES,S206,HOUSEKEEPING- GUARD,"CRITICAL FUNCTIONS.  DETENTION, TRANSPORTATION AND FOOD SERVICES"
HSCEDM11F00006,CONT_AWD_HSCEDM11F00006_7012_HSCEOP07C00001_7012,P00018,2012-08-22,269846.9,"THE GEO GROUP, INC.",JMLKZZ1NL2Z6,DO,U.S. Immigration and Customs Enforcement,561612,SECURITY GUARDS AND PATROL SERVICES,S206,HOUSEKEEPING- GUARD,OTHER CRITICAL FUNCTION - SERVICES TO SUPPORT MIGRANT OPERATIONS CENTER - GUANTANAMO BAY CUBA
HSCEDM12F00004,CONT_AWD_HSCEDM12F00004_7012_HSCEDM09D00006_7012,P00018,2012-08-22,280000.36,"THE GEO GROUP, INC.",JMLKZZ1NL2Z6,DO,U.S. Immigration and Customs Enforcement,561621,SECURITY SYSTEMS SERVICES (EXCEPT LOCKSMITHS),S206,HOUSEKEEPING- GUARD,TRANSPORTATION FUNDING FOR AUGUST
HSCEDM10J00030,CONT_AWD_HSCEDM10J00030_7012_HSCEOP06D00010_7012,P00018,2012-08-24,0.0,"THE GEO GROUP, INC.",JMLKZZ1NL2Z6,DO,U.S. Immigration and Customs Enforcement,561210,FACILITIES SUPPORT SERVICES,S206,HOUSEKEEPING- GUARD,INCREMENTAL FUNDING
HSCEDM11J00054,CONT_AWD_HSCEDM11J00054_7012_HSCEDM11D00003_7012,P00016,2012-08-24,1342122.25,"THE GEO GROUP, INC.",JMLKZZ1NL2Z6,DO,U.S. Immigration and Customs Enforcement,561210,FACILITIES SUPPORT SERVICES,S206,HOUSEKEEPING- GUARD,CRITICAL FUNCTION. DETENTION MANAGEMENT AURORA CDF.
HSCEDM12J00062,CONT_AWD_HSCEDM12J00062_7012_HSCEDM11D00003_7012,0,2012-08-24,2950053.85,"THE GEO GROUP, INC.",JMLKZZ1NL2Z6,DO,U.S. Immigration and Customs Enforcement,561210,FACILITIES SUPPORT SERVICES,S206,HOUSEKEEPING- GUARD,"IGF::CT::IGF CRITICAL FUNCTION. DETENTION MANAGMENT, MEDICAL SERVICES, TRANSPORTATION SERVICES, FOOD SERVICES FOR DHS/ICE AUROROA, CO AT GEO GROUP COCA FACILITY."
HSCEOP07J00271,CONT_AWD_HSCEOP07J00271_7012_HSCEOP06D00010_7012,P00007,2012-08-24,0.0,"THE GEO GROUP, INC.",JMLKZZ1NL2Z6,DO,U.S. Immigration and Customs Enforcement,561210,FACILITIES SUPPORT SERVICES,S206,HOUSEKEEPING- GUARD,"CRITICAL FUNCTION.  DETENTION, TRANSPORTATION, MEDICAL AND FOOD SERVICES FOR ICE DETAINEES AT AURORA CDF."
HSCEDM12F00004,CONT_AWD_HSCEDM12F00004_7012_HSCEDM09D00006_7012,P00019,2012-08-30,272998.53,"THE GEO GROUP, INC.",JMLKZZ1NL2Z6,DO,U.S. Immigration and Customs Enforcement,561621,SECURITY SYSTEMS SERVICES (EXCEPT LOCKSMITHS),S206,HOUSEKEEPING- GUARD,TRANSPORTATION FUNDING FOR AUGUST
HSCEDM12J00062,CONT_AWD_HSCEDM12J00062_7012_HSCEDM11D00003_7012,P00001,2012-08-31,0.0,"THE GEO GROUP, INC.",JMLKZZ1NL2Z6,DO,U.S. Immigration and Customs Enforcement,561210,FACILITIES SUPPORT SERVICES,S206,HOUSEKEEPING- GUARD,"IGF::CT::IGF CRITICAL FUNCTION. DETENTION MANAGMENT, MEDICAL SERVICES, TRANSPORTATION SERVICES, FOOD SERVICES FOR DHS/ICE AUROROA, CO AT GEO GROUP COCA FACILITY."
HSCEDM12J00012,CONT_AWD_HSCEDM12J00012_7012_HSCEDM12D00001_7012,P00011,2012-09-07,4624412.76,"THE GEO GROUP, INC.",JMLKZZ1NL2Z6,DO,U.S. Immigration and Customs Enforcement,561210,FACILITIES SUPPORT SERVICES,S206,HOUSEKEEPING- GUARD,OTHER FUNCTIONS - CRITICAL --  REFERENCE SOUTH TEXAS DETENTION COMPLEX CONTRACT HSCEDM-12-D-00001 WITH THE GEO GROUP-- FUNDING ACTION.
HSCEDM12F00004,CONT_AWD_HSCEDM12F00004_7012_HSCEDM09D00006_7012,P00020,2012-09-17,2100944.26,"THE GEO GROUP, INC.",JMLKZZ1NL2Z6,DO,U.S. Immigration and Customs Enforcement,561621,SECURITY SYSTEMS SERVICES (EXCEPT LOCKSMITHS),S206,HOUSEKEEPING- GUARD,DETENTION BED FUNDING
HSCEDM12J00003,CONT_AWD_HSCEDM12J00003_7012_HSCEDM10D00001_7012,P00013,2012-09-18,5634764.45,"THE GEO GROUP, INC.",JMLKZZ1NL2Z6,DO,U.S. Immigration and Customs Enforcement,561210,FACILITIES SUPPORT SERVICES,S206,HOUSEKEEPING- GUARD,"CRITICAL FUNCTIONS.  DETENTION, TRANSPORTATION AND FOOD SERVICES"
HSCEDM11F00006,CONT_AWD_HSCEDM11F00006_7012_HSCEOP07C00001_7012,P00019,2012-09-26,-269846.9,"THE GEO GROUP, INC.",JMLKZZ1NL2Z6,DO,U.S. Immigration and Customs Enforcement,561612,SECURITY GUARDS AND PATROL SERVICES,S206,HOUSEKEEPING- GUARD,OTHER CRITICAL FUNCTION - SERVICES TO SUPPORT MIGRANT OPERATIONS CENTER - GUANTANAMO BAY CUBA
HSCEDM12F00004,CONT_AWD_HSCEDM12F00004_7012_HSCEDM09D00006_7012,P00021,2012-09-26,170000.0,"THE GEO GROUP, INC.",JMLKZZ1NL2Z6,DO,U.S. Immigration and Customs Enforcement,561621,SECURITY SYSTEMS SERVICES (EXCEPT LOCKSMITHS),S206,HOUSEKEEPING- GUARD,DETENTION BED FUNDING
HSCEDM12J00003,CONT_AWD_HSCEDM12J00003_7012_HSCEDM10D00001_7012,P00014,2012-09-26,374050.74,"THE GEO GROUP, INC.",JMLKZZ1NL2Z6,DO,U.S. Immigration and Customs Enforcement,561210,FACILITIES SUPPORT SERVICES,S206,HOUSEKEEPING- GUARD,"CRITICAL FUNCTIONS.  DETENTION, TRANSPORTATION AND FOOD SERVICES"
HSCEDM12J00012,CONT_AWD_HSCEDM12J00012_7012_HSCEDM12D00001_7012,P00012,2012-09-27,353632.5,"THE GEO GROUP, INC.",JMLKZZ1NL2Z6,DO,U.S. Immigration and Customs Enforcement,561210,FACILITIES SUPPORT SERVICES,S206,HOUSEKEEPING- GUARD,OTHER FUNCTIONS - CRITICAL --  REFERENCE SOUTH TEXAS DETENTION COMPLEX CONTRACT HSCEDM-12-D-00001 WITH THE GEO GROUP-- FUNDING ACTION.
HSCEDM12J00062,CONT_AWD_HSCEDM12J00062_7012_HSCEDM11D00003_7012,P00002,2012-09-27,168426.5,"THE GEO GROUP, INC.",JMLKZZ1NL2Z6,DO,U.S. Immigration and Customs Enforcement,561210,FACILITIES SUPPORT SERVICES,S206,HOUSEKEEPING- GUARD,"IGF::CT::IGF CRITICAL FUNCTION. DETENTION MANAGMENT, MEDICAL SERVICES, TRANSPORTATION SERVICES, FOOD SERVICES FOR DHS/ICE AUROROA, CO AT GEO GROUP COCA FACILITY."
HSCEDM12F00004,CONT_AWD_HSCEDM12F00004_7012_HSCEDM09D00006_7012,P00022,2012-09-28,450000.0,"THE GEO GROUP, INC.",JMLKZZ1NL2Z6,DO,U.S. Immigration and Customs Enforcement,561621,SECURITY SYSTEMS SERVICES (EXCEPT LOCKSMITHS),S206,HOUSEKEEPING- GUARD,DETENTION BED FUNDING
HSCEDM12J00012,CONT_AWD_HSCEDM12J00012_7012_HSCEDM12D00001_7012,P00013,2012-09-30,1984313.5,"THE GEO GROUP, INC.",JMLKZZ1NL2Z6,DO,U.S. Immigration and Customs Enforcement,561210,FACILITIES SUPPORT SERVICES,S206,HOUSEKEEPING- GUARD,OTHER FUNCTIONS - CRITICAL --  REFERENCE SOUTH TEXAS DETENTION COMPLEX CONTRACT HSCEDM-12-D-00001 WITH THE GEO GROUP-- FUNDING ACTION.
HSCECR12J00001,CONT_AWD_HSCECR12J00001_7012_HSCECR09D00002_7012,P00008,2012-10-23,535796.97,B.I. INCORPORATED,PKK6L9KLMYR5,DO,U.S. Immigration and Customs Enforcement,561210,FACILITIES SUPPORT SERVICES,R408,SUPPORT- PROFESSIONAL: PROGRAM MANAGEMENT/SUPPORT,ISAP II CONTRACT (HSCECR-09-D-00002) OPTION YEAR 2 TASK ORDER (HSCECR-12-J-00001)
HSCECR13J00001,CONT_AWD_HSCECR13J00001_7012_HSCECR09D00002_7012,0,2012-10-23,9264207.89,B.I. INCORPORATED,PKK6L9KLMYR5,DO,U.S. Immigration and Customs Enforcement,561210,FACILITIES SUPPORT SERVICES,R408,SUPPORT- PROFESSIONAL: PROGRAM MANAGEMENT/SUPPORT,ISAP II CONTRACT HSCECR-09-D-0002 OY 3 TASK ORDER HSCECR-13-J-0001 POP:  11/06/2012-11/05/2013
HSCEDM13J00001,CONT_AWD_HSCEDM13J00001_7012_HSCEDM10D00001_7012,0,2012-10-24,11652553.85,"THE GEO GROUP, INC.",JMLKZZ1NL2Z6,DO,U.S. Immigration and Customs Enforcement,561210,FACILITIES SUPPORT SERVICES,S206,HOUSEKEEPING- GUARD,"IGF::CT::IGF CRITICAL FUNCTIONS.  DETENTION, TRANSPORTATION AND FOOD SERVICES"
HSCEDM12J00062,CONT_AWD_HSCEDM12J00062_7012_HSCEDM11D00003_7012,P00003,2012-10-26,3916291.12,"THE GEO GROUP, INC.",JMLKZZ1NL2Z6,DO,U.S. Immigration and Customs Enforcement,561210,FACILITIES SUPPORT SERVICES,S206,HOUSEKEEPING- GUARD,"IGF::CT::IGF CRITICAL FUNCTION. DETENTION MANAGMENT, MEDICAL SERVICES, TRANSPORTATION SERVICES, FOOD SERVICES FOR DHS/ICE AUROROA, CO AT GEO GROUP COCA FACILITY."
HSCEDM09J00029,CONT_AWD_HSCEDM09J00029_7012_HSCEOP07C00001_7012,P00008,2012-10-31,-49420.53,"THE GEO GROUP, INC.",JMLKZZ1NL2Z6,DO,U.S. Immigration and Customs Enforcement,561612,SECURITY GUARDS AND PATROL SERVICES,S206,HOUSEKEEPING- GUARD,DE-OBLIGATE EXCESS FUNDS
HSCEDM12J00012,CONT_AWD_HSCEDM12J00012_7012_HSCEDM12D00001_7012,P00014,2012-11-02,5175793.08,"THE GEO GROUP, INC.",JMLKZZ1NL2Z6,DO,U.S. Immigration and Customs Enforcement,561210,FACILITIES SUPPORT SERVICES,S206,HOUSEKEEPING- GUARD,OTHER FUNCTIONS - CRITICAL --  REFERENCE SOUTH TEXAS DETENTION COMPLEX CONTRACT HSCEDM-12-D-00001 WITH THE GEO GROUP-- FUNDING ACTION.
HSCEDM12F00004,CONT_AWD_HSCEDM12F00004_7012_HSCEDM09D00006_7012,P00023,2012-11-05,4071713.11,"THE GEO GROUP, INC.",JMLKZZ1NL2Z6,DO,U.S. Immigration and Customs Enforcement,561621,SECURITY SYSTEMS SERVICES (EXCEPT LOCKSMITHS),S206,HOUSEKEEPING- GUARD,DETENTION BED FUNDING
HSCECR12J00001,CONT_AWD_HSCECR12J00001_7012_HSCECR09D00002_7012,P00009,2012-11-26,0.0,B.I. INCORPORATED,PKK6L9KLMYR5,DO,U.S. Immigration and Customs Enforcement,561210,FACILITIES SUPPORT SERVICES,R408,SUPPORT- PROFESSIONAL: PROGRAM MANAGEMENT/SUPPORT,ISAP II CONTRACT (HSCECR-09-D-00002) OPTION YEAR 2 TASK ORDER (HSCECR-12-J-00001)
HSCEDM13J00004,CONT_AWD_HSCEDM13J00004_7012_HSCEDM12D00001_7012,0,2012-11-26,3862509.91,"THE GEO GROUP, INC.",JMLKZZ1NL2Z6,DO,U.S. Immigration and Customs Enforcement,561210,FACILITIES SUPPORT SERVICES,S206,HOUSEKEEPING- GUARD,SOUTH TEXAS DETENTION COMPLEX CONTRACT HSCEDM-12-D-00001 WITH THE GEO GROUP.  TASK ORDER HSCEDM-13-J-00004.
HSCEDM12J00003,CONT_AWD_HSCEDM12J00003_7012_HSCEDM10D00001_7012,P00015,2012-11-29,1520889.96,"THE GEO GROUP, INC.",JMLKZZ1NL2Z6,DO,U.S. Immigration and Customs Enforcement,561210,FACILITIES SUPPORT SERVICES,S206,HOUSEKEEPING- GUARD,"CRITICAL FUNCTIONS.  DETENTION, TRANSPORTATION AND FOOD SERVICES"
HSCEDM12F00004,CONT_AWD_HSCEDM12F00004_7012_HSCEDM09D00006_7012,P00024,2012-12-20,80284.19,"THE GEO GROUP, INC.",JMLKZZ1NL2Z6,DO,U.S. Immigration and Customs Enforcement,561621,SECURITY SYSTEMS SERVICES (EXCEPT LOCKSMITHS),S206,HOUSEKEEPING- GUARD,DETENTION BED FUNDING
HSCEDM12J00012,CONT_AWD_HSCEDM12J00012_7012_HSCEDM12D00001_7012,P00015,2012-12-21,620.16,"THE GEO GROUP, INC.",JMLKZZ1NL2Z6,DO,U.S. Immigration and Customs Enforcement,561210,FACILITIES SUPPORT SERVICES,S206,HOUSEKEEPING- GUARD,OTHER FUNCTIONS - CRITICAL --  REFERENCE SOUTH TEXAS DETENTION COMPLEX CONTRACT HSCEDM-12-D-00001 WITH THE GEO GROUP-- FUNDING ACTION.
HSCEDM12J00062,CONT_AWD_HSCEDM12J00062_7012_HSCEDM11D00003_7012,P00004,2012-12-31,4006301.35,"THE GEO GROUP, INC.",JMLKZZ1NL2Z6,DO,U.S. Immigration and Customs Enforcement,561210,FACILITIES SUPPORT SERVICES,S206,HOUSEKEEPING- GUARD,"IGF::CT::IGF CRITICAL FUNCTION. DETENTION MANAGMENT, MEDICAL SERVICES, TRANSPORTATION SERVICES, FOOD SERVICES FOR DHS/ICE AUROROA, CO AT GEO GROUP COCA FACILITY."
HSCECR13J00001,CONT_AWD_HSCECR13J00001_7012_HSCECR09D00002_7012,P00001,2013-01-02,1163763.94,B.I. INCORPORATED,PKK6L9KLMYR5,DO,U.S. Immigration and Customs Enforcement,561210,FACILITIES SUPPORT SERVICES,R408,SUPPORT- PROFESSIONAL: PROGRAM MANAGEMENT/SUPPORT,ISAP II CONTRACT HSCECR-09-D-0002 OY 3 TASK ORDER HSCECR-13-J-0001 POP:  11/06/2012-11/05/2013
HSCECR13J00001,CONT_AWD_HSCECR13J00001_7012_HSCECR09D00002_7012,P00002,2013-01-02,10900000.01,B.I. INCORPORATED,PKK6L9KLMYR5,DO,U.S. Immigration and Customs Enforcement,561210,FACILITIES SUPPORT SERVICES,R408,SUPPORT- PROFESSIONAL: PROGRAM MANAGEMENT/SUPPORT,ISAP II CONTRACT HSCECR-09-D-0002 OY 3 TASK ORDER HSCECR-13-J-0001 POP:  11/06/2012-11/05/2013
HSCEDM12F00004,CONT_AWD_HSCEDM12F00004_7012_HSCEDM09D00006_7012,P00025,2013-01-09,4178885.61,"THE GEO GROUP, INC.",JMLKZZ1NL2Z6,DO,U.S. Immigration and Customs Enforcement,561621,SECURITY SYSTEMS SERVICES (EXCEPT LOCKSMITHS),S206,HOUSEKEEPING- GUARD,DETENTION BED FUNDING
HSCEDM13J00004,CONT_AWD_HSCEDM13J00004_7012_HSCEDM12D00001_7012,P00001,2013-01-17,7569340.29,"THE GEO GROUP, INC.",JMLKZZ1NL2Z6,DO,U.S. Immigration and Customs Enforcement,561210,FACILITIES SUPPORT SERVICES,S206,HOUSEKEEPING- GUARD,SOUTH TEXAS DETENTION COMPLEX CONTRACT HSCEDM-12-D-00001 WITH THE GEO GROUP.  TASK ORDER HSCEDM-13-J-00004.
HSCEDM12J00012,CONT_AWD_HSCEDM12J00012_7012_HSCEDM12D00001_7012,P00016,2013-01-22,-114653.45,"THE GEO GROUP, INC.",JMLKZZ1NL2Z6,DO,U.S. Immigration and Customs Enforcement,561210,FACILITIES SUPPORT SERVICES,S206,HOUSEKEEPING- GUARD,OTHER FUNCTIONS - CRITICAL --  REFERENCE SOUTH TEXAS DETENTION COMPLEX CONTRACT HSCEDM-12-D-00001 WITH THE GEO GROUP-- DEOBLIGATION OF FY12 FUNDS.
HSCEDM11J00054,CONT_AWD_HSCEDM11J00054_7012_HSCEDM11D00003_7012,P00017,2013-02-06,-1048757.79,"THE GEO GROUP, INC.",JMLKZZ1NL2Z6,DO,U.S. Immigration and Customs Enforcement,561210,FACILITIES SUPPORT SERVICES,S206,HOUSEKEEPING- GUARD,CRITICAL FUNCTION. DETENTION MANAGEMENT AURORA CDF.
HSCEDM13J00001,CONT_AWD_HSCEDM13J00001_7012_HSCEDM10D00001_7012,P00001,2013-02-06,9694184.59,"THE GEO GROUP, INC.",JMLKZZ1NL2Z6,DO,U.S. Immigration and Customs Enforcement,561210,FACILITIES SUPPORT SERVICES,S206,HOUSEKEEPING- GUARD,"IGF::CT::IGF - CRITICAL FUNCTIONS.  DETENTION, TRANSPORTATION AND FOOD SERVICES"
HSCEDM12J00062,CONT_AWD_HSCEDM12J00062_7012_HSCEDM11D00003_7012,P00005,2013-03-04,702351.83,"THE GEO GROUP, INC.",JMLKZZ1NL2Z6,DO,U.S. Immigration and Customs Enforcement,561210,FACILITIES SUPPORT SERVICES,S206,HOUSEKEEPING- GUARD,"IGF::CT::IGF CRITICAL FUNCTION. DETENTION MANAGMENT, MEDICAL SERVICES, TRANSPORTATION SERVICES, FOOD SERVICES FOR DHS/ICE AUROROA, CO AT GEO GROUP COCA FACILITY."
HSCEDM12F00004,CONT_AWD_HSCEDM12F00004_7012_HSCEDM09D00006_7012,P00026,2013-03-05,1433369.72,"THE GEO GROUP, INC.",JMLKZZ1NL2Z6,DO,U.S. Immigration and Customs Enforcement,561621,SECURITY SYSTEMS SERVICES (EXCEPT LOCKSMITHS),S206,HOUSEKEEPING- GUARD,DETENTION BED FUNDING
HSCEDM12J00062,CONT_AWD_HSCEDM12J00062_7012_HSCEDM11D00003_7012,P00006,2013-03-12,1089727.5,"THE GEO GROUP, INC.",JMLKZZ1NL2Z6,DO,U.S. Immigration and Customs Enforcement,561210,FACILITIES SUPPORT SERVICES,S206,HOUSEKEEPING- GUARD,"IGF::CT::IGF CRITICAL FUNCTION. DETENTION MANAGMENT, MEDICAL SERVICES, TRANSPORTATION SERVICES, FOOD SERVICES FOR DHS/ICE AUROROA, CO AT GEO GROUP COCA FACILITY."
HSCEDM13F00019,CONT_AWD_HSCEDM13F00019_7012_HSCEDM09D00006_7012,0,2013-03-14,1606322.57,"THE GEO GROUP, INC.",JMLKZZ1NL2Z6,DO,U.S. Immigration and Customs Enforcement,561621,SECURITY SYSTEMS SERVICES (EXCEPT LOCKSMITHS),S206,HOUSEKEEPING- GUARD,FUNDING FOR NEW TASK ORDER TO EXERCISE OPTION YEAR 4 OF CONTRACT HSCEDM-09-D-00006. T/O POP 3/01/2013 TO 02/28/2014.  FUNDING POP 3/1/2013 TO 3/31/2013.  IGF::CT::IGF
HSCEDM13J00001,CONT_AWD_HSCEDM13J00001_7012_HSCEDM10D00001_7012,P00002,2013-03-20,4287334.72,"THE GEO GROUP, INC.",JMLKZZ1NL2Z6,DO,U.S. Immigration and Customs Enforcement,561210,FACILITIES SUPPORT SERVICES,S206,HOUSEKEEPING- GUARD,"IGF::CT::IGF - CRITICAL FUNCTIONS.  DETENTION, TRANSPORTATION AND FOOD SERVICES"
HSCEDM13J00004,CONT_AWD_HSCEDM13J00004_7012_HSCEDM12D00001_7012,P00002,2013-03-21,3679268.78,"THE GEO GROUP, INC.",JMLKZZ1NL2Z6,DO,U.S. Immigration and Customs Enforcement,561210,FACILITIES SUPPORT SERVICES,S206,HOUSEKEEPING- GUARD,"""OTHER FUNCTION"" - IGF::OT::IGF SOUTH TEXAS DETENTION COMPLEX CONTRACT HSCEDM-12-D-00001 WITH THE GEO GROUP. FUNDING FOR MARCH ON  TASK ORDER HSCEDM-13-J-00004."
HSCEDM08J00062,CONT_AWD_HSCEDM08J00062_7012_HSCEOP07C00001_7012,P00002,2013-03-27,-7131.35,"THE GEO GROUP, INC.",JMLKZZ1NL2Z6,DO,U.S. Immigration and Customs Enforcement,561612,SECURITY GUARDS AND PATROL SERVICES,S206,HOUSEKEEPING- GUARD,THE PURPOSE OF THIS MODIFICATION IS TO CLOSEOUT THIS TASK ORDER.
HSCEDM11J00054,CONT_AWD_HSCEDM11J00054_7012_HSCEDM11D00003_7012,P00018,2013-04-01,0.0,"THE GEO GROUP, INC.",JMLKZZ1NL2Z6,DO,U.S. Immigration and Customs Enforcement,561210,FACILITIES SUPPORT SERVICES,S206,HOUSEKEEPING- GUARD,CRITICAL FUNCTION. DETENTION MANAGEMENT AURORA CDF.
HSCEDM13F00019,CONT_AWD_HSCEDM13F00019_7012_HSCEDM09D00006_7012,P00001,2013-04-01,1799999.82,"THE GEO GROUP, INC.",JMLKZZ1NL2Z6,DO,U.S. Immigration and Customs Enforcement,561621,SECURITY SYSTEMS SERVICES (EXCEPT LOCKSMITHS),S206,HOUSEKEEPING- GUARD,DETENTION BED FUNDING THROUGH 4/30/13  IGF::CT::IGF
HSCEDM12J00062,CONT_AWD_HSCEDM12J00062_7012_HSCEDM11D00003_7012,P00007,2013-04-17,1932794.56,"THE GEO GROUP, INC.",JMLKZZ1NL2Z6,DO,U.S. Immigration and Customs Enforcement,561210,FACILITIES SUPPORT SERVICES,S206,HOUSEKEEPING- GUARD,"IGF::CT::IGF CRITICAL FUNCTION. DETENTION MANAGMENT, MEDICAL SERVICES, TRANSPORTATION SERVICES, FOOD SERVICES FOR DHS/ICE AUROROA, CO AT GEO GROUP COCA FACILITY."
HSCEDM13J00004,CONT_AWD_HSCEDM13J00004_7012_HSCEDM12D00001_7012,P00003,2013-04-19,3600305.0,"THE GEO GROUP, INC.",JMLKZZ1NL2Z6,DO,U.S. Immigration and Customs Enforcement,561210,FACILITIES SUPPORT SERVICES,S206,HOUSEKEEPING- GUARD,"""OTHER FUNCTION"" - IGF::OT::IGF SOUTH TEXAS DETENTION COMPLEX CONTRACT HSCEDM-12-D-00001 WITH THE GEO GROUP. FUNDING FOR APRIL ON  TASK ORDER HSCEDM-13-J-00004."
HSCEDM13F00019,CONT_AWD_HSCEDM13F00019_7012_HSCEDM09D00006_7012,P00002,2013-04-22,2125948.16,"THE GEO GROUP, INC.",JMLKZZ1NL2Z6,DO,U.S. Immigration and Customs Enforcement,561621,SECURITY SYSTEMS SERVICES (EXCEPT LOCKSMITHS),S206,HOUSEKEEPING- GUARD,DETENTION BED FUNDING THROUGH 4/30/13  IGF::CT::IGF
HSCEDM13F00019,CONT_AWD_HSCEDM13F00019_7012_HSCEDM09D00006_7012,P00003,2013-04-22,4053.0,"THE GEO GROUP, INC.",JMLKZZ1NL2Z6,DO,U.S. Immigration and Customs Enforcement,561621,SECURITY SYSTEMS SERVICES (EXCEPT LOCKSMITHS),S206,HOUSEKEEPING- GUARD,FUNDING FOR THE REST OF THE OPTION PERIOD FOR SOCIAL WORKER POSITION IGF::CT::IGF
HSCEDM12J00003,CONT_AWD_HSCEDM12J00003_7012_HSCEDM10D00001_7012,P00016,2013-04-23,-225362.41,"THE GEO GROUP, INC.",JMLKZZ1NL2Z6,DO,U.S. Immigration and Customs Enforcement,561210,FACILITIES SUPPORT SERVICES,S206,HOUSEKEEPING- GUARD,"CRITICAL FUNCTIONS.  DETENTION, TRANSPORTATION AND FOOD SERVICES"
HSCEDM13J00001,CONT_AWD_HSCEDM13J00001_7012_HSCEDM10D00001_7012,P00003,2013-05-01,4549182.11,"THE GEO GROUP, INC.",JMLKZZ1NL2Z6,DO,U.S. Immigration and Customs Enforcement,561210,FACILITIES SUPPORT SERVICES,S206,HOUSEKEEPING- GUARD,"IGF::CT::IGF - CRITICAL FUNCTIONS.  DETENTION, TRANSPORTATION AND FOOD SERVICES"
HSCECR13J00001,CONT_AWD_HSCECR13J00001_7012_HSCECR09D00002_7012,P00003,2013-05-02,5499999.95,B.I. INCORPORATED,PKK6L9KLMYR5,DO,U.S. Immigration and Customs Enforcement,561210,FACILITIES SUPPORT SERVICES,R408,SUPPORT- PROFESSIONAL: PROGRAM MANAGEMENT/SUPPORT,ISAP II CONTRACT HSCECR-09-D-0002 OY 3 TASK ORDER HSCECR-13-J-0001 POP:  11/06/2012-11/05/2013  IGF::OT::IGF
HSCEDM13J00001,CONT_AWD_HSCEDM13J00001_7012_HSCEDM10D00001_7012,P00004,2013-05-20,3110577.94,"THE GEO GROUP, INC.",JMLKZZ1NL2Z6,DO,U.S. Immigration and Customs Enforcement,561210,FACILITIES SUPPORT SERVICES,S206,HOUSEKEEPING- GUARD,"IGF::CT::IGF - CRITICAL FUNCTIONS.  DETENTION, TRANSPORTATION AND FOOD SERVICES"
HSCEDM13J00004,CONT_AWD_HSCEDM13J00004_7012_HSCEDM12D00001_7012,P00004,2013-05-21,3898311.12,"THE GEO GROUP, INC.",JMLKZZ1NL2Z6,DO,U.S. Immigration and Customs Enforcement,561210,FACILITIES SUPPORT SERVICES,S206,HOUSEKEEPING- GUARD,"""OTHER FUNCTION"" - IGF::OT::IGF SOUTH TEXAS DETENTION COMPLEX CONTRACT HSCEDM-12-D-00001 WITH THE GEO GROUP. FUNDING FOR MAY ON  TASK ORDER HSCEDM-13-J-00004."
HSCEDM13F00019,CONT_AWD_HSCEDM13F00019_7012_HSCEDM09D00006_7012,P00004,2013-05-23,1926001.6,"THE GEO GROUP, INC.",JMLKZZ1NL2Z6,DO,U.S. Immigration and Customs Enforcement,561621,SECURITY SYSTEMS SERVICES (EXCEPT LOCKSMITHS),S206,HOUSEKEEPING- GUARD,BED DAY AND TRANSPORTATION FUNDS THROUGH 5/31/2013  IGF::CT::IGF
HSCEDM12F00004,CONT_AWD_HSCEDM12F00004_7012_HSCEDM09D00006_7012,P00027,2013-05-28,-58421.07,"THE GEO GROUP, INC.",JMLKZZ1NL2Z6,DO,U.S. Immigration and Customs Enforcement,561621,SECURITY SYSTEMS SERVICES (EXCEPT LOCKSMITHS),S206,HOUSEKEEPING- GUARD,DE-OBLIGATE DETENTION BED FUNDING
HSCEDM12J00062,CONT_AWD_HSCEDM12J00062_7012_HSCEDM11D00003_7012,P00008,2013-05-29,1467384.83,"THE GEO GROUP, INC.",JMLKZZ1NL2Z6,DO,U.S. Immigration and Customs Enforcement,561210,FACILITIES SUPPORT SERVICES,S206,HOUSEKEEPING- GUARD,"IGF::CT::IGF CRITICAL FUNCTION. DETENTION MANAGMENT, MEDICAL SERVICES, TRANSPORTATION SERVICES, FOOD SERVICES FOR DHS/ICE AUROROA, CO AT GEO GROUP COCA FACILITY."
HSCEDM12J00062,CONT_AWD_HSCEDM12J00062_7012_HSCEDM11D00003_7012,P00009,2013-06-10,202937.73,"THE GEO GROUP, INC.",JMLKZZ1NL2Z6,DO,U.S. Immigration and Customs Enforcement,561210,FACILITIES SUPPORT SERVICES,S206,HOUSEKEEPING- GUARD,"IGF::CT::IGF CRITICAL FUNCTION. DETENTION MANAGMENT, MEDICAL SERVICES, TRANSPORTATION SERVICES, FOOD SERVICES FOR DHS/ICE AUROROA, CO AT GEO GROUP COCA FACILITY."
HSCEDM13J00004,CONT_AWD_HSCEDM13J00004_7012_HSCEDM12D00001_7012,P00005,2013-06-13,159564.0,"THE GEO GROUP, INC.",JMLKZZ1NL2Z6,DO,U.S. Immigration and Customs Enforcement,561210,FACILITIES SUPPORT SERVICES,S206,HOUSEKEEPING- GUARD,"""OTHER FUNCTION"" - IGF::OT::IGF SOUTH TEXAS DETENTION COMPLEX CONTRACT HSCEDM-12-D-00001 WITH THE GEO GROUP. FUNDING FOR MAY ON  TASK ORDER HSCEDM-13-J-00004."
HSCEDM13F00019,CONT_AWD_HSCEDM13F00019_7012_HSCEDM09D00006_7012,P00005,2013-06-18,325000.21,"THE GEO GROUP, INC.",JMLKZZ1NL2Z6,DO,U.S. Immigration and Customs Enforcement,561621,SECURITY SYSTEMS SERVICES (EXCEPT LOCKSMITHS),S206,HOUSEKEEPING- GUARD,BED DAY AND TRANSPORTATION FUNDS THROUGH 5/31/2013  IGF::CT::IGF
HSCEDM13J00004,CONT_AWD_HSCEDM13J00004_7012_HSCEDM12D00001_7012,P00006,2013-06-20,3551567.15,"THE GEO GROUP, INC.",JMLKZZ1NL2Z6,DO,U.S. Immigration and Customs Enforcement,561210,FACILITIES SUPPORT SERVICES,S206,HOUSEKEEPING- GUARD,"""OTHER FUNCTION"" - IGF::OT::IGF SOUTH TEXAS DETENTION COMPLEX CONTRACT HSCEDM-12-D-00001 WITH THE GEO GROUP. FUNDING FOR MAY ON  TASK ORDER HSCEDM-13-J-00004."
HSCEDM12J00062,CONT_AWD_HSCEDM12J00062_7012_HSCEDM11D00003_7012,P00010,2013-07-02,1635675.83,"THE GEO GROUP, INC.",JMLKZZ1NL2Z6,DO,U.S. Immigration and Customs Enforcement,561210,FACILITIES SUPPORT SERVICES,S206,HOUSEKEEPING- GUARD,"IGF::CT::IGF CRITICAL FUNCTION. DETENTION MANAGMENT, MEDICAL SERVICES, TRANSPORTATION SERVICES, FOOD SERVICES FOR DHS/ICE AUROROA, CO AT GEO GROUP COCA FACILITY."
HSCEDM13F00019,CONT_AWD_HSCEDM13F00019_7012_HSCEDM09D00006_7012,P00006,2013-07-09,1743420.0,"THE GEO GROUP, INC.",JMLKZZ1NL2Z6,DO,U.S. Immigration and Customs Enforcement,561621,SECURITY SYSTEMS SERVICES (EXCEPT LOCKSMITHS),S206,HOUSEKEEPING- GUARD,BED DAY AND TRANSPORTATION FUNDS THROUGH 5/31/2013  IGF::CT::IGF
HSCEDM13J00001,CONT_AWD_HSCEDM13J00001_7012_HSCEDM10D00001_7012,P00005,2013-07-09,3907547.4,"THE GEO GROUP, INC.",JMLKZZ1NL2Z6,DO,U.S. Immigration and Customs Enforcement,561210,FACILITIES SUPPORT SERVICES,S206,HOUSEKEEPING- GUARD,"IGF::CT::IGF - CRITICAL FUNCTIONS.  DETENTION, TRANSPORTATION AND FOOD SERVICES"
HSCECR13J00001,CONT_AWD_HSCECR13J00001_7012_HSCECR09D00002_7012,P00004,2013-07-11,3099999.98,B.I. INCORPORATED,PKK6L9KLMYR5,DO,U.S. Immigration and Customs Enforcement,561210,FACILITIES SUPPORT SERVICES,R408,SUPPORT- PROFESSIONAL: PROGRAM MANAGEMENT/SUPPORT,ISAP II CONTRACT HSCECR-09-D-0002 OY 3 TASK ORDER HSCECR-13-J-0001 POP:  11/06/2012-11/05/2013  IGF::OT::IGF
HSCEDM13J00004,CONT_AWD_HSCEDM13J00004_7012_HSCEDM12D00001_7012,P00007,2013-07-12,156564.0,"THE GEO GROUP, INC.",JMLKZZ1NL2Z6,DO,U.S. Immigration and Customs Enforcement,561210,FACILITIES SUPPORT SERVICES,S206,HOUSEKEEPING- GUARD,"""OTHER FUNCTION"" - IGF::OT::IGF SOUTH TEXAS DETENTION COMPLEX CONTRACT HSCEDM-12-D-00001 WITH THE GEO GROUP. FUNDING FOR MAY ON  TASK ORDER HSCEDM-13-J-00004."
HSCEDM12J00062,CONT_AWD_HSCEDM12J00062_7012_HSCEDM11D00003_7012,P00011,2013-07-23,155512.73,"THE GEO GROUP, INC.",JMLKZZ1NL2Z6,DO,U.S. Immigration and Customs Enforcement,561210,FACILITIES SUPPORT SERVICES,S206,HOUSEKEEPING- GUARD,"IGF::CT::IGF CRITICAL FUNCTION. DETENTION MANAGMENT, MEDICAL SERVICES, TRANSPORTATION SERVICES, FOOD SERVICES FOR DHS/ICE AUROROA, CO AT GEO GROUP COCA FACILITY."
HSCECR13J00001,CONT_AWD_HSCECR13J00001_7012_HSCECR09D00002_7012,P00005,2013-08-06,15474967.92,B.I. INCORPORATED,PKK6L9KLMYR5,DO,U.S. Immigration and Customs Enforcement,561210,FACILITIES SUPPORT SERVICES,R408,SUPPORT- PROFESSIONAL: PROGRAM MANAGEMENT/SUPPORT,ISAP II CONTRACT HSCECR-09-D-0002 OY 3 TASK ORDER HSCECR-13-J-0001 POP:  11/06/2012-11/05/2013  IGF::OT::IGF
HSCEDM13F00019,CONT_AWD_HSCEDM13F00019_7012_HSCEDM09D00006_7012,P00007,2013-08-08,5731905.1,"THE GEO GROUP, INC.",JMLKZZ1NL2Z6,DO,U.S. Immigration and Customs Enforcement,561621,SECURITY SYSTEMS SERVICES (EXCEPT LOCKSMITHS),S206,HOUSEKEEPING- GUARD,BED DAY SERVICES AND TRANSPORTATION SERVICES FUNDS THROUGH 09/30/2013  IGF::CT::IGF
HSCEDM12J00062,CONT_AWD_HSCEDM12J00062_7012_HSCEDM11D00003_7012,P00012,2013-08-09,3653881.0,"THE GEO GROUP, INC.",JMLKZZ1NL2Z6,DO,U.S. Immigration and Customs Enforcement,561210,FACILITIES SUPPORT SERVICES,S206,HOUSEKEEPING- GUARD,"IGF::CT::IGF CRITICAL FUNCTION. DETENTION MANAGMENT, MEDICAL SERVICES, TRANSPORTATION SERVICES, FOOD SERVICES FOR DHS/ICE AUROROA, CO AT GEO GROUP COCA FACILITY."
HSCEDM13J00004,CONT_AWD_HSCEDM13J00004_7012_HSCEDM12D00001_7012,P00008,2013-08-14,11405866.22,"THE GEO GROUP, INC.",JMLKZZ1NL2Z6,DO,U.S. Immigration and Customs Enforcement,561210,FACILITIES SUPPORT SERVICES,S206,HOUSEKEEPING- GUARD,"""OTHER FUNCTION"" - IGF::OT::IGF SOUTH TEXAS DETENTION COMPLEX CONTRACT HSCEDM-12-D-00001 WITH THE GEO GROUP. FUNDING FOR MAY ON  TASK ORDER HSCEDM-13-J-00004."
HSCEDM13J00001,CONT_AWD_HSCEDM13J00001_7012_HSCEDM10D00001_7012,P00006,2013-08-19,11365847.98,"THE GEO GROUP, INC.",JMLKZZ1NL2Z6,DO,U.S. Immigration and Customs Enforcement,561210,FACILITIES SUPPORT SERVICES,S206,HOUSEKEEPING- GUARD,"IGF::CT::IGF - CRITICAL FUNCTIONS.  DETENTION, TRANSPORTATION AND FOOD SERVICES"
HSCEDM13J00004,CONT_AWD_HSCEDM13J00004_7012_HSCEDM12D00001_7012,P00009,2013-08-22,12400.0,"THE GEO GROUP, INC.",JMLKZZ1NL2Z6,DO,U.S. Immigration and Customs Enforcement,561210,FACILITIES SUPPORT SERVICES,S206,HOUSEKEEPING- GUARD,"""OTHER FUNCTION"" - IGF::OT::IGF SOUTH TEXAS DETENTION COMPLEX CONTRACT HSCEDM-12-D-00001 WITH THE GEO GROUP. FUNDING FOR MAY ON  TASK ORDER HSCEDM-13-J-00004."
HSCEDM12J00062,CONT_AWD_HSCEDM12J00062_7012_HSCEDM11D00003_7012,P00013,2013-08-27,533366.1,"THE GEO GROUP, INC.",JMLKZZ1NL2Z6,DO,U.S. Immigration and Customs Enforcement,561210,FACILITIES SUPPORT SERVICES,S206,HOUSEKEEPING- GUARD,"IGF::CT::IGF CRITICAL FUNCTION. DETENTION MANAGMENT, MEDICAL SERVICES, TRANSPORTATION SERVICES, FOOD SERVICES FOR DHS/ICE AUROROA, CO AT GEO GROUP COCA FACILITY."
HSCEDM13F00019,CONT_AWD_HSCEDM13F00019_7012_HSCEDM09D00006_7012,P00008,2013-08-27,0.0,"THE GEO GROUP, INC.",JMLKZZ1NL2Z6,DO,U.S. Immigration and Customs Enforcement,561621,SECURITY SYSTEMS SERVICES (EXCEPT LOCKSMITHS),S206,HOUSEKEEPING- GUARD,"THE PERIOD OF PERFORMANCE EXTENDED THROUGH OCTOBER 31, 2013.  IGF::CT::IGF"
HSCECR12J00001,CONT_AWD_HSCECR12J00001_7012_HSCECR09D00002_7012,P00010,2013-08-29,-55707.3,B.I. INCORPORATED,PKK6L9KLMYR5,DO,U.S. Immigration and Customs Enforcement,561210,FACILITIES SUPPORT SERVICES,R408,SUPPORT- PROFESSIONAL: PROGRAM MANAGEMENT/SUPPORT,ISAP II CONTRACT (HSCECR-09-D-00002) OPTION YEAR 2 TASK ORDER (HSCECR-12-J-00001)
HSCEDM13J00001,CONT_AWD_HSCEDM13J00001_7012_HSCEDM10D00001_7012,P00007,2013-08-29,1161958.21,"THE GEO GROUP, INC.",JMLKZZ1NL2Z6,DO,U.S. Immigration and Customs Enforcement,561210,FACILITIES SUPPORT SERVICES,S206,HOUSEKEEPING- GUARD,"IGF::CT::IGF - CRITICAL FUNCTIONS.  DETENTION, TRANSPORTATION AND FOOD SERVICES"
HSCEDM13F00019,CONT_AWD_HSCEDM13F00019_7012_HSCEDM09D00006_7012,P00009,2013-09-04,594519.91,"THE GEO GROUP, INC.",JMLKZZ1NL2Z6,DO,U.S. Immigration and Customs Enforcement,561621,SECURITY SYSTEMS SERVICES (EXCEPT LOCKSMITHS),S206,HOUSEKEEPING- GUARD,"THE PERIOD OF PERFORMANCE EXTENDED THROUGH OCTOBER 31, 2013.  IGF::CT::IGF"
HSCEDM13J00001,CONT_AWD_HSCEDM13J00001_7012_HSCEDM10D00001_7012,P00008,2013-09-04,789989.38,"THE GEO GROUP, INC.",JMLKZZ1NL2Z6,DO,U.S. Immigration and Customs Enforcement,561210,FACILITIES SUPPORT SERVICES,S206,HOUSEKEEPING- GUARD,"IGF::CT::IGF - CRITICAL FUNCTIONS.  DETENTION, TRANSPORTATION AND FOOD SERVICES"
HSCEDM12J00062,CONT_AWD_HSCEDM12J00062_7012_HSCEDM11D00003_7012,P00014,2013-09-05,397781.83,"THE GEO GROUP, INC.",JMLKZZ1NL2Z6,DO,U.S. Immigration and Customs Enforcement,561210,FACILITIES SUPPORT SERVICES,S206,HOUSEKEEPING- GUARD,"IGF::CT::IGF CRITICAL FUNCTION. DETENTION MANAGMENT, MEDICAL SERVICES, TRANSPORTATION SERVICES, FOOD SERVICES FOR DHS/ICE AUROROA, CO AT GEO GROUP COCA FACILITY."
HSCEDM13J00004,CONT_AWD_HSCEDM13J00004_7012_HSCEDM12D00001_7012,P00010,2013-09-05,157464.0,"THE GEO GROUP, INC.",JMLKZZ1NL2Z6,DO,U.S. Immigration and Customs Enforcement,561210,FACILITIES SUPPORT SERVICES,S206,HOUSEKEEPING- GUARD,"""OTHER FUNCTION"" - IGF::OT::IGF SOUTH TEXAS DETENTION COMPLEX CONTRACT HSCEDM-12-D-00001 WITH THE GEO GROUP. FUNDING FOR MAY ON  TASK ORDER HSCEDM-13-J-00004."
HSCEDM13J00004,CONT_AWD_HSCEDM13J00004_7012_HSCEDM12D00001_7012,P00011,2013-09-10,6200.0,"THE GEO GROUP, INC.",JMLKZZ1NL2Z6,DO,U.S. Immigration and Customs Enforcement,561210,FACILITIES SUPPORT SERVICES,S206,HOUSEKEEPING- GUARD,"""OTHER FUNCTION"" - IGF::OT::IGF SOUTH TEXAS DETENTION COMPLEX CONTRACT HSCEDM-12-D-00001 WITH THE GEO GROUP. FUNDING FOR SEPTEMBER ON  TASK ORDER HSCEDM-13-J-00004."
HSCEDM13J00036,CONT_AWD_HSCEDM13J00036_7012_HSCEDM11D00003_7012,0,2013-09-11,1973889.08,"THE GEO GROUP, INC.",JMLKZZ1NL2Z6,DO,U.S. Immigration and Customs Enforcement,561210,FACILITIES SUPPORT SERVICES,S206,HOUSEKEEPING- GUARD,"IGF::CT::IGF CRITICAL FUNCTION. DETENTION MANAGMENT, MEDICAL SERVICES, TRANSPORTATION SERVICES, FOOD SERVICES FOR DHS/ICE AUROROA, CO AT GEO GROUP COCA FACILITY."
HSCECR13J00001,CONT_AWD_HSCECR13J00001_7012_HSCECR09D00002_7012,P00006,2013-09-17,-8708768.24,B.I. INCORPORATED,PKK6L9KLMYR5,DO,U.S. Immigration and Customs Enforcement,561210,FACILITIES SUPPORT SERVICES,R408,SUPPORT- PROFESSIONAL: PROGRAM MANAGEMENT/SUPPORT,ISAP II CONTRACT HSCECR-09-D-0002 OY 3 TASK ORDER HSCECR-13-J-0001 POP:  11/06/2012-11/05/2013  IGF::OT::IGF
HSCEDM13F00019,CONT_AWD_HSCEDM13F00019_7012_HSCEDM09D00006_7012,P00010,2013-09-19,661585.46,"THE GEO GROUP, INC.",JMLKZZ1NL2Z6,DO,U.S. Immigration and Customs Enforcement,561621,SECURITY SYSTEMS SERVICES (EXCEPT LOCKSMITHS),S206,HOUSEKEEPING- GUARD,"THE PERIOD OF PERFORMANCE EXTENDED THROUGH OCTOBER 31, 2013.  IGF::CT::IGF"
HSCECR13J00026,CONT_AWD_HSCECR13J00026_7012_HSCECR09D00002_7012,0,2013-09-20,14058688.17,B.I. INCORPORATED,PKK6L9KLMYR5,DO,U.S. Immigration and Customs Enforcement,561210,FACILITIES SUPPORT SERVICES,R408,SUPPORT- PROFESSIONAL: PROGRAM MANAGEMENT/SUPPORT,ISAP II CONTRACT HSCECR-09-D-0002 TASK ORDER HSCECR-13-J-0026 POP:  09/21/2013 - 09/20/2014  IGF::OT::IGF
HSCEDM13J00004,CONT_AWD_HSCEDM13J00004_7012_HSCEDM12D00001_7012,P00012,2013-09-20,1254996.0,"THE GEO GROUP, INC.",JMLKZZ1NL2Z6,DO,U.S. Immigration and Customs Enforcement,561210,FACILITIES SUPPORT SERVICES,S206,HOUSEKEEPING- GUARD,"""OTHER FUNCTION"" - IGF::OT::IGF SOUTH TEXAS DETENTION COMPLEX CONTRACT HSCEDM-12-D-00001 WITH THE GEO GROUP. FUNDING FOR SEPTEMBER ON  TASK ORDER HSCEDM-13-J-00004."
HSCEDM13J00001,CONT_AWD_HSCEDM13J00001_7012_HSCEDM10D00001_7012,P00009,2013-09-23,1438727.28,"THE GEO GROUP, INC.",JMLKZZ1NL2Z6,DO,U.S. Immigration and Customs Enforcement,561210,FACILITIES SUPPORT SERVICES,S206,HOUSEKEEPING- GUARD,"IGF::CT::IGF - CRITICAL FUNCTIONS.  DETENTION, TRANSPORTATION AND FOOD SERVICES"
HSCEDM12J00062,CONT_AWD_HSCEDM12J00062_7012_HSCEDM11D00003_7012,P00015,2013-09-24,12718.1,"THE GEO GROUP, INC.",JMLKZZ1NL2Z6,DO,U.S. Immigration and Customs Enforcement,561210,FACILITIES SUPPORT SERVICES,S206,HOUSEKEEPING- GUARD,"IGF::CT::IGF CRITICAL FUNCTION. DETENTION MANAGMENT, MEDICAL SERVICES, TRANSPORTATION SERVICES, FOOD SERVICES FOR DHS/ICE AUROROA, CO AT GEO GROUP COCA FACILITY."
HSCEDM13J00001,CONT_AWD_HSCEDM13J00001_7012_HSCEDM10D00001_7012,P00010,2013-09-25,1590263.74,"THE GEO GROUP, INC.",JMLKZZ1NL2Z6,DO,U.S. Immigration and Customs Enforcement,561210,FACILITIES SUPPORT SERVICES,S206,HOUSEKEEPING- GUARD,"IGF::CT::IGF - CRITICAL FUNCTIONS.  DETENTION, TRANSPORTATION AND FOOD SERVICES"
HSCEDM13J00004,CONT_AWD_HSCEDM13J00004_7012_HSCEDM12D00001_7012,P00013,2013-09-29,622944.2,"THE GEO GROUP, INC.",JMLKZZ1NL2Z6,DO,U.S. Immigration and Customs Enforcement,561210,FACILITIES SUPPORT SERVICES,S206,HOUSEKEEPING- GUARD,"""OTHER FUNCTION"" - IGF::OT::IGF SOUTH TEXAS DETENTION COMPLEX CONTRACT HSCEDM-12-D-00001 WITH THE GEO GROUP. FUNDING FOR SEPTEMBER ON  TASK ORDER HSCEDM-13-J-00004."
HSCECR13J00026,CONT_AWD_HSCECR13J00026_7012_HSCECR09D00002_7012,P00001,2013-09-30,471179.0,B.I. INCORPORATED,PKK6L9KLMYR5,DO,U.S. Immigration and Customs Enforcement,561210,FACILITIES SUPPORT SERVICES,R408,SUPPORT- PROFESSIONAL: PROGRAM MANAGEMENT/SUPPORT,ISAP II CONTRACT HSCECR-09-D-0002 TASK ORDER HSCECR-13-J-0026 POP:  09/21/2013 - 09/20/2014  IGF::OT::IGF
HSCEDM14J00001,CONT_AWD_HSCEDM14J00001_7012_HSCEDM10D00001_7012,0,2013-10-24,1791890.08,"THE GEO GROUP, INC.",JMLKZZ1NL2Z6,DO,U.S. Immigration and Customs Enforcement,561210,FACILITIES SUPPORT SERVICES,S206,HOUSEKEEPING- GUARD,"IGF::CT::IGF - CRITICAL FUNCTIONS.  DETENTION, TRANSPORTATION AND FOOD SERVICES"
HSCEDM13F00019,CONT_AWD_HSCEDM13F00019_7012_HSCEDM09D00006_7012,P00011,2013-11-06,6107864.98,"THE GEO GROUP, INC.",JMLKZZ1NL2Z6,DO,U.S. Immigration and Customs Enforcement,561621,SECURITY SYSTEMS SERVICES (EXCEPT LOCKSMITHS),S206,HOUSEKEEPING- GUARD,"THE PERIOD OF PERFORMANCE EXTENDED THROUGH OCTOBER 31, 2013.  IGF::CT::IGF"
HSCEDM13J00036,CONT_AWD_HSCEDM13J00036_7012_HSCEDM11D00003_7012,P00001,2013-11-06,5786881.36,"THE GEO GROUP, INC.",JMLKZZ1NL2Z6,DO,U.S. Immigration and Customs Enforcement,561210,FACILITIES SUPPORT SERVICES,S206,HOUSEKEEPING- GUARD,"IGF::CT::IGF CRITICAL FUNCTION. DETENTION MANAGMENT, MEDICAL SERVICES, TRANSPORTATION SERVICES, FOOD SERVICES FOR DHS/ICE AUROROA, CO AT GEO GROUP COCA FACILITY."
HSCEDM13J00004,CONT_AWD_HSCEDM13J00004_7012_HSCEDM12D00001_7012,P00014,2013-11-07,5679999.65,"THE GEO GROUP, INC.",JMLKZZ1NL2Z6,DO,U.S. Immigration and Customs Enforcement,561210,FACILITIES SUPPORT SERVICES,S206,HOUSEKEEPING- GUARD,"""OTHER FUNCTION"" - IGF::OT::IGF SOUTH TEXAS DETENTION COMPLEX CONTRACT HSCEDM-12-D-00001 WITH THE GEO GROUP. FUNDING FOR SEPTEMBER ON  TASK ORDER HSCEDM-13-J-00004."
HSCEDM12J00062,CONT_AWD_HSCEDM12J00062_7012_HSCEDM11D00003_7012,P00016,2013-11-14,630.31,"THE GEO GROUP, INC.",JMLKZZ1NL2Z6,DO,U.S. Immigration and Customs Enforcement,561210,FACILITIES SUPPORT SERVICES,S206,HOUSEKEEPING- GUARD,"IGF::CT::IGF CRITICAL FUNCTION. DETENTION MANAGMENT, MEDICAL SERVICES, TRANSPORTATION SERVICES, FOOD SERVICES FOR DHS/ICE AUROROA, CO AT GEO GROUP COCA FACILITY."
HSCEDM14J00001,CONT_AWD_HSCEDM14J00001_7012_HSCEDM10D00001_7012,P00001,2013-11-18,13596013.64,"THE GEO GROUP, INC.",JMLKZZ1NL2Z6,DO,U.S. Immigration and Customs Enforcement,561210,FACILITIES SUPPORT SERVICES,S206,HOUSEKEEPING- GUARD,"IGF::CT::IGF - CRITICAL FUNCTIONS.  DETENTION, TRANSPORTATION AND FOOD SERVICES"
HSCEDM14P00005,CONT_AWD_HSCEDM14P00005_7012_-NONE-_-NONE-,0,2013-11-25,1104.15,"CORNELL COMPANIES, INC.",TLDCDE29G781,PO,U.S. Immigration and Customs Enforcement,561210,FACILITIES SUPPORT SERVICES,S206,HOUSEKEEPING- GUARD,USE FACILITIES DUE TO POSSIBLE BAD WEATHER AND SHUTDOWN OF OFFICES IF ICE DOES HIT THE  WEST TEXAS AREA AND DFW AREA. IGF::OT::IGF
HSCEDM14J00008,CONT_AWD_HSCEDM14J00008_7012_HSCEDM12D00001_7012,0,2013-11-26,5783210.2,"THE GEO GROUP, INC.",JMLKZZ1NL2Z6,DO,U.S. Immigration and Customs Enforcement,561210,FACILITIES SUPPORT SERVICES,S206,HOUSEKEEPING- GUARD,GEO GROUP CONTRACT HSCEDM-12-D-00001 FOR SOUTH TEXAS DETENTION COMPLEX.  TASK ORDER HSCEDM-14-J-00008 IGF::OT::IGF
HSCEDM14P00005,CONT_AWD_HSCEDM14P00005_7012_-NONE-_-NONE-,P00001,2013-12-06,7066.56,"CORNELL COMPANIES, INC.",TLDCDE29G781,PO,U.S. Immigration and Customs Enforcement,561210,FACILITIES SUPPORT SERVICES,S206,HOUSEKEEPING- GUARD,USE FACILITIES DUE TO POSSIBLE BAD WEATHER AND SHUTDOWN OF OFFICES IF ICE DOES HIT THE  WEST TEXAS AREA AND DFW AREA. IGF::OT::IGF
HSCEDM13J00004,CONT_AWD_HSCEDM13J00004_7012_HSCEDM12D00001_7012,P00015,2013-12-18,32564.57,"THE GEO GROUP, INC.",JMLKZZ1NL2Z6,DO,U.S. Immigration and Customs Enforcement,561210,FACILITIES SUPPORT SERVICES,S206,HOUSEKEEPING- GUARD,"""OTHER FUNCTION"" - IGF::OT::IGF SOUTH TEXAS DETENTION COMPLEX CONTRACT HSCEDM-12-D-00001 WITH THE GEO GROUP. FUNDING FOR SEPTEMBER ON  TASK ORDER HSCEDM-13-J-00004."
HSCEDM13F00019,CONT_AWD_HSCEDM13F00019_7012_HSCEDM09D00006_7012,P00012,2013-12-19,240012.66,"THE GEO GROUP, INC.",JMLKZZ1NL2Z6,DO,U.S. Immigration and Customs Enforcement,561621,SECURITY SYSTEMS SERVICES (EXCEPT LOCKSMITHS),S206,HOUSEKEEPING- GUARD,"THE PERIOD OF PERFORMANCE EXTENDED THROUGH OCTOBER 31, 2013.  IGF::CT::IGF"
HSCEDM13J00004,CONT_AWD_HSCEDM13J00004_7012_HSCEDM12D00001_7012,P00016,2013-12-23,0.0,"THE GEO GROUP, INC.",JMLKZZ1NL2Z6,DO,U.S. Immigration and Customs Enforcement,561210,FACILITIES SUPPORT SERVICES,S206,HOUSEKEEPING- GUARD,"""OTHER FUNCTION"" - IGF::OT::IGF SOUTH TEXAS DETENTION COMPLEX CONTRACT HSCEDM-12-D-00001 WITH THE GEO GROUP. FUNDING FOR SEPTEMBER ON  TASK ORDER HSCEDM-13-J-00004."
HSCEDM14J00010,CONT_AWD_HSCEDM14J00010_7012_HSCEDM14A00001_7012,0,2013-12-23,162667.4,"THE GEO GROUP, INC.",JMLKZZ1NL2Z6,BPA,U.S. Immigration and Customs Enforcement,922140,CORRECTIONAL INSTITUTIONS,S206,HOUSEKEEPING- GUARD,IGF::CT::IGF FUNDING FOR RIO GRANDE FACILITY WITH GEO GROUP UNDER DOJ NUMBER ODT-7-C-0003.
HSCECR13J00026,CONT_AWD_HSCECR13J00026_7012_HSCECR09D00002_7012,P00002,2013-12-30,0.0,B.I. INCORPORATED,PKK6L9KLMYR5,DO,U.S. Immigration and Customs Enforcement,561210,FACILITIES SUPPORT SERVICES,R408,SUPPORT- PROFESSIONAL: PROGRAM MANAGEMENT/SUPPORT,ISAP II CONTRACT HSCECR-09-D-0002 TASK ORDER HSCECR-13-J-0026 POP:  09/21/2013 - 09/20/2014  IGF::OT::IGF
HSCEDM14F00002,CONT_AWD_HSCEDM14F00002_7012_HSODT6C0002_7012,0,2013-12-31,534.6,"THE GEO GROUP, INC.",JMLKZZ1NL2Z6,DO,U.S. Immigration and Customs Enforcement,561612,SECURITY GUARDS AND PATROL SERVICES,S206,HOUSEKEEPING- GUARD,"IGF::OT::IGF DETAINEE HOUSING, SAN DIEGO, CA"
HSCECR14J00001,CONT_AWD_HSCECR14J00001_7012_HSCECR09D00002_7012,0,2014-01-09,3910968.0,B.I. INCORPORATED,PKK6L9KLMYR5,DO,U.S. Immigration and Customs Enforcement,561210,FACILITIES SUPPORT SERVICES,R408,SUPPORT- PROFESSIONAL: PROGRAM MANAGEMENT/SUPPORT,ISAP II CONTRACT HSCECR-09-D-0002 TASK ORDER HSCECR-14-J-00001 IGF::OT::IGF
HSCEDM13F00019,CONT_AWD_HSCEDM13F00019_7012_HSCEDM09D00006_7012,P00013,2014-01-15,0.0,"THE GEO GROUP, INC.",JMLKZZ1NL2Z6,DO,U.S. Immigration and Customs Enforcement,561621,SECURITY SYSTEMS SERVICES (EXCEPT LOCKSMITHS),S206,HOUSEKEEPING- GUARD,"THE PERIOD OF PERFORMANCE EXTENDED THROUGH JANUARY 31, 2014.  IGF::CT::IGF"
HSCEDM13J00036,CONT_AWD_HSCEDM13J00036_7012_HSCEDM11D00003_7012,P00002,2014-01-27,652007.4,"THE GEO GROUP, INC.",JMLKZZ1NL2Z6,DO,U.S. Immigration and Customs Enforcement,561210,FACILITIES SUPPORT SERVICES,S206,HOUSEKEEPING- GUARD,"IGF::CT::IGF CRITICAL FUNCTION. DETENTION MANAGMENT, MEDICAL SERVICES, TRANSPORTATION SERVICES, FOOD SERVICES FOR DHS/ICE AUROROA, CO AT GEO GROUP COCA FACILITY."
HSCEDM14J00008,CONT_AWD_HSCEDM14J00008_7012_HSCEDM12D00001_7012,P00001,2014-01-27,1986278.0,"THE GEO GROUP, INC.",JMLKZZ1NL2Z6,DO,U.S. Immigration and Customs Enforcement,561210,FACILITIES SUPPORT SERVICES,S206,HOUSEKEEPING- GUARD,GEO GROUP CONTRACT HSCEDM-12-D-00001 FOR SOUTH TEXAS DETENTION COMPLEX.  TASK ORDER HSCEDM-14-J-00008 IGF::OT::IGF
HSCEDM13F00019,CONT_AWD_HSCEDM13F00019_7012_HSCEDM09D00006_7012,P00014,2014-02-03,628500.0,"THE GEO GROUP, INC.",JMLKZZ1NL2Z6,DO,U.S. Immigration and Customs Enforcement,561621,SECURITY SYSTEMS SERVICES (EXCEPT LOCKSMITHS),S206,HOUSEKEEPING- GUARD,"THE PERIOD OF PERFORMANCE EXTENDED THROUGH JANUARY 31, 2014.  IGF::CT::IGF"
HSCEDM14J00008,CONT_AWD_HSCEDM14J00008_7012_HSCEDM12D00001_7012,P00002,2014-02-04,9305.0,"THE GEO GROUP, INC.",JMLKZZ1NL2Z6,DO,U.S. Immigration and Customs Enforcement,561210,FACILITIES SUPPORT SERVICES,S206,HOUSEKEEPING- GUARD,GEO GROUP CONTRACT HSCEDM-12-D-00001 FOR SOUTH TEXAS DETENTION COMPLEX.  TASK ORDER HSCEDM-14-J-00008 IGF::OT::IGF
HSCEDM13J00036,CONT_AWD_HSCEDM13J00036_7012_HSCEDM11D00003_7012,P00003,2014-02-05,158622.99,"THE GEO GROUP, INC.",JMLKZZ1NL2Z6,DO,U.S. Immigration and Customs Enforcement,561210,FACILITIES SUPPORT SERVICES,S206,HOUSEKEEPING- GUARD,"IGF::CT::IGF CRITICAL FUNCTION. DETENTION MANAGMENT, MEDICAL SERVICES, TRANSPORTATION SERVICES, FOOD SERVICES FOR DHS/ICE AUROROA, CO AT GEO GROUP COCA FACILITY."
HSCEDM12J00062,CONT_AWD_HSCEDM12J00062_7012_HSCEDM11D00003_7012,P00017,2014-02-13,-485665.69,"THE GEO GROUP, INC.",JMLKZZ1NL2Z6,DO,U.S. Immigration and Customs Enforcement,561210,FACILITIES SUPPORT SERVICES,S206,HOUSEKEEPING- GUARD,"IGF::CT::IGF CRITICAL FUNCTION. DETENTION MANAGMENT, MEDICAL SERVICES, TRANSPORTATION SERVICES, FOOD SERVICES FOR DHS/ICE AUROROA, CO AT GEO GROUP COCA FACILITY."
HSCEDM13F00019,CONT_AWD_HSCEDM13F00019_7012_HSCEDM09D00006_7012,P00015,2014-02-14,120000.0,"THE GEO GROUP, INC.",JMLKZZ1NL2Z6,DO,U.S. Immigration and Customs Enforcement,561621,SECURITY SYSTEMS SERVICES (EXCEPT LOCKSMITHS),S206,HOUSEKEEPING- GUARD,"THE PERIOD OF PERFORMANCE EXTENDED THROUGH JANUARY 31, 2014.  IGF::CT::IGF"
HSCEDM13F00019,CONT_AWD_HSCEDM13F00019_7012_HSCEDM09D00006_7012,P00016,2014-02-26,5073174.55,"THE GEO GROUP, INC.",JMLKZZ1NL2Z6,DO,U.S. Immigration and Customs Enforcement,561621,SECURITY SYSTEMS SERVICES (EXCEPT LOCKSMITHS),S206,HOUSEKEEPING- GUARD,"EXTEND SERVICES THROUGH MAY 31, 2014  IGF::CT::IGF"
HSCECR13J00026,CONT_AWD_HSCECR13J00026_7012_HSCECR09D00002_7012,P00003,2014-02-27,7899545.16,B.I. INCORPORATED,PKK6L9KLMYR5,DO,U.S. Immigration and Customs Enforcement,561210,FACILITIES SUPPORT SERVICES,R408,SUPPORT- PROFESSIONAL: PROGRAM MANAGEMENT/SUPPORT,ISAP II CONTRACT HSCECR-09-D-0002 TASK ORDER HSCECR-13-J-0026 POP:  09/21/2013 - 09/20/2014  IGF::OT::IGF
HSCEDM13J00001,CONT_AWD_HSCEDM13J00001_7012_HSCEDM10D00001_7012,P00011,2014-02-27,678972.72,"THE GEO GROUP, INC.",JMLKZZ1NL2Z6,DO,U.S. Immigration and Customs Enforcement,561210,FACILITIES SUPPORT SERVICES,S206,HOUSEKEEPING- GUARD,"IGF::CT::IGF - CRITICAL FUNCTIONS.  DETENTION, TRANSPORTATION AND FOOD SERVICES"
HSCEDM14J00001,CONT_AWD_HSCEDM14J00001_7012_HSCEDM10D00001_7012,P00002,2014-02-27,389058.32,"THE GEO GROUP, INC.",JMLKZZ1NL2Z6,DO,U.S. Immigration and Customs Enforcement,561210,FACILITIES SUPPORT SERVICES,S206,HOUSEKEEPING- GUARD,"IGF::CT::IGF - CRITICAL FUNCTIONS.  DETENTION, TRANSPORTATION AND FOOD SERVICES"
HSCEDM14J00008,CONT_AWD_HSCEDM14J00008_7012_HSCEDM12D00001_7012,P00003,2014-03-06,11719456.14,"THE GEO GROUP, INC.",JMLKZZ1NL2Z6,DO,U.S. Immigration and Customs Enforcement,561210,FACILITIES SUPPORT SERVICES,S206,HOUSEKEEPING- GUARD,GEO GROUP CONTRACT HSCEDM-12-D-00001 FOR SOUTH TEXAS DETENTION COMPLEX.  TASK ORDER HSCEDM-14-J-00008 IGF::OT::IGF
HSCEDM14J00008,CONT_AWD_HSCEDM14J00008_7012_HSCEDM12D00001_7012,P00004,2014-03-07,6000.0,"THE GEO GROUP, INC.",JMLKZZ1NL2Z6,DO,U.S. Immigration and Customs Enforcement,561210,FACILITIES SUPPORT SERVICES,S206,HOUSEKEEPING- GUARD,GEO GROUP CONTRACT HSCEDM-12-D-00001 FOR SOUTH TEXAS DETENTION COMPLEX.  TASK ORDER HSCEDM-14-J-00008 IGF::OT::IGF
HSCEDM14F00002,CONT_AWD_HSCEDM14F00002_7012_HSODT6C0002_7012,P00001,2014-03-10,10157.4,"THE GEO GROUP, INC.",JMLKZZ1NL2Z6,DO,U.S. Immigration and Customs Enforcement,561612,SECURITY GUARDS AND PATROL SERVICES,S206,HOUSEKEEPING- GUARD,"IGF::OT::IGF DETAINEE HOUSING, SAN DIEGO, CA"
HSCEDM14J00001,CONT_AWD_HSCEDM14J00001_7012_HSCEDM10D00001_7012,P00003,2014-03-13,30146688.03,"THE GEO GROUP, INC.",JMLKZZ1NL2Z6,DO,U.S. Immigration and Customs Enforcement,561210,FACILITIES SUPPORT SERVICES,S206,HOUSEKEEPING- GUARD,"IGF::CT::IGF - CRITICAL FUNCTIONS.  DETENTION, TRANSPORTATION AND FOOD SERVICES"
HSCEDM14J00010,CONT_AWD_HSCEDM14J00010_7012_HSCEDM14A00001_7012,P00001,2014-03-13,1388608.13,"THE GEO GROUP, INC.",JMLKZZ1NL2Z6,BPA,U.S. Immigration and Customs Enforcement,922140,CORRECTIONAL INSTITUTIONS,S206,HOUSEKEEPING- GUARD,IGF::CT::IGF FUNDING FOR RIO GRANDE FACILITY WITH GEO GROUP UNDER DOJ NUMBER ODT-7-C-0003.
HSCEDM13J00036,CONT_AWD_HSCEDM13J00036_7012_HSCEDM11D00003_7012,P00004,2014-03-18,5900398.83,"THE GEO GROUP, INC.",JMLKZZ1NL2Z6,DO,U.S. Immigration and Customs Enforcement,561210,FACILITIES SUPPORT SERVICES,S206,HOUSEKEEPING- GUARD,"IGF::CT::IGF CRITICAL FUNCTION. DETENTION MANAGMENT, MEDICAL SERVICES, TRANSPORTATION SERVICES, FOOD SERVICES FOR DHS/ICE AUROROA, CO AT GEO GROUP COCA FACILITY."
HSCEDM14J00010,CONT_AWD_HSCEDM14J00010_7012_HSCEDM14A00001_7012,P00002,2014-04-03,154035.0,"THE GEO GROUP, INC.",JMLKZZ1NL2Z6,BPA,U.S. Immigration and Customs Enforcement,922140,CORRECTIONAL INSTITUTIONS,S206,HOUSEKEEPING- GUARD,IGF::CT::IGF FUNDING FOR RIO GRANDE FACILITY WITH GEO GROUP UNDER DOJ NUMBER ODT-7-C-0003.
HSCEDM14J00008,CONT_AWD_HSCEDM14J00008_7012_HSCEDM12D00001_7012,P00005,2014-04-09,11438828.68,"THE GEO GROUP, INC.",JMLKZZ1NL2Z6,DO,U.S. Immigration and Customs Enforcement,561210,FACILITIES SUPPORT SERVICES,S206,HOUSEKEEPING- GUARD,GEO GROUP CONTRACT HSCEDM-12-D-00001 FOR SOUTH TEXAS DETENTION COMPLEX.  TASK ORDER HSCEDM-14-J-00008 IGF::OT::IGF
HSCEDM14J00010,CONT_AWD_HSCEDM14J00010_7012_HSCEDM14A00001_7012,P00003,2014-04-10,1443251.78,"THE GEO GROUP, INC.",JMLKZZ1NL2Z6,BPA,U.S. Immigration and Customs Enforcement,922140,CORRECTIONAL INSTITUTIONS,S206,HOUSEKEEPING- GUARD,IGF::CT::IGF FUNDING FOR RIO GRANDE FACILITY WITH GEO GROUP UNDER DOJ NUMBER ODT-7-C-0003.
HSCEDM13F00019,CONT_AWD_HSCEDM13F00019_7012_HSCEDM09D00006_7012,P00017,2014-04-17,6179999.2,"THE GEO GROUP, INC.",JMLKZZ1NL2Z6,DO,U.S. Immigration and Customs Enforcement,561621,SECURITY SYSTEMS SERVICES (EXCEPT LOCKSMITHS),S206,HOUSEKEEPING- GUARD,"EXTEND SERVICES THROUGH AUGUST 31, 2014  IGF::CT::IGF"
HSCECR14J00001,CONT_AWD_HSCECR14J00001_7012_HSCECR09D00002_7012,P00001,2014-04-21,9665095.49,B.I. INCORPORATED,PKK6L9KLMYR5,DO,U.S. Immigration and Customs Enforcement,561210,FACILITIES SUPPORT SERVICES,R408,SUPPORT- PROFESSIONAL: PROGRAM MANAGEMENT/SUPPORT,ISAP II CONTRACT HSCECR-09-D-0002 TASK ORDER HSCECR-14-J-00001 IGF::OT::IGF
HSCEDM13J00036,CONT_AWD_HSCEDM13J00036_7012_HSCEDM11D00003_7012,P00005,2014-04-22,6490714.99,"THE GEO GROUP, INC.",JMLKZZ1NL2Z6,DO,U.S. Immigration and Customs Enforcement,561210,FACILITIES SUPPORT SERVICES,S206,HOUSEKEEPING- GUARD,"IGF::CT::IGF CRITICAL FUNCTION. DETENTION MANAGMENT, MEDICAL SERVICES, TRANSPORTATION SERVICES, FOOD SERVICES FOR DHS/ICE AUROROA, CO AT GEO GROUP COCA FACILITY."
HSCECR13J00026,CONT_AWD_HSCECR13J00026_7012_HSCECR09D00002_7012,P00004,2014-04-24,121824.34,B.I. INCORPORATED,PKK6L9KLMYR5,DO,U.S. Immigration and Customs Enforcement,561210,FACILITIES SUPPORT SERVICES,R408,SUPPORT- PROFESSIONAL: PROGRAM MANAGEMENT/SUPPORT,ISAP II CONTRACT HSCECR-09-D-0002 TASK ORDER HSCECR-13-J-0026 POP:  09/21/2013 - 09/20/2014  IGF::OT::IGF
HSCEDM14J00001,CONT_AWD_HSCEDM14J00001_7012_HSCEDM10D00001_7012,P00004,2014-04-28,0.0,"THE GEO GROUP, INC.",JMLKZZ1NL2Z6,DO,U.S. Immigration and Customs Enforcement,561210,FACILITIES SUPPORT SERVICES,S206,HOUSEKEEPING- GUARD,"IGF::CT::IGF - CRITICAL FUNCTIONS.  DETENTION, TRANSPORTATION AND FOOD SERVICES"
HSCECR13J00026,CONT_AWD_HSCECR13J00026_7012_HSCECR09D00002_7012,P00005,2014-04-29,0.0,B.I. INCORPORATED,PKK6L9KLMYR5,DO,U.S. Immigration and Customs Enforcement,561210,FACILITIES SUPPORT SERVICES,R408,SUPPORT- PROFESSIONAL: PROGRAM MANAGEMENT/SUPPORT,ISAP II CONTRACT HSCECR-09-D-0002 TASK ORDER HSCECR-13-J-0026 POP:  09/21/2013 - 09/20/2014  IGF::OT::IGF
HSCEDM14J00010,CONT_AWD_HSCEDM14J00010_7012_HSCEDM14A00001_7012,P00004,2014-06-06,0.0,"THE GEO GROUP, INC.",JMLKZZ1NL2Z6,BPA,U.S. Immigration and Customs Enforcement,922140,CORRECTIONAL INSTITUTIONS,S206,HOUSEKEEPING- GUARD,IGF::CT::IGF FUNDING FOR RIO GRANDE FACILITY WITH GEO GROUP UNDER DOJ NUMBER ODT-7-C-0003.
HSCECR14J00001,CONT_AWD_HSCECR14J00001_7012_HSCECR09D00002_7012,P00002,2014-06-12,7591.06,B.I. INCORPORATED,PKK6L9KLMYR5,DO,U.S. Immigration and Customs Enforcement,561210,FACILITIES SUPPORT SERVICES,R408,SUPPORT- PROFESSIONAL: PROGRAM MANAGEMENT/SUPPORT,ISAP II CONTRACT HSCECR-09-D-0002 TASK ORDER HSCECR-14-J-00001 IGF::OT::IGF
HSCEDM13J00036,CONT_AWD_HSCEDM13J00036_7012_HSCEDM11D00003_7012,P00006,2014-06-17,6193.6,"THE GEO GROUP, INC.",JMLKZZ1NL2Z6,DO,U.S. Immigration and Customs Enforcement,561210,FACILITIES SUPPORT SERVICES,S206,HOUSEKEEPING- GUARD,"IGF::CT::IGF CRITICAL FUNCTION. DETENTION MANAGMENT, MEDICAL SERVICES, TRANSPORTATION SERVICES, FOOD SERVICES FOR DHS/ICE AUROROA, CO AT GEO GROUP COCA FACILITY."
HSCECR13J00026,CONT_AWD_HSCECR13J00026_7012_HSCECR09D00002_7012,P00006,2014-06-24,24410.0,B.I. INCORPORATED,PKK6L9KLMYR5,DO,U.S. Immigration and Customs Enforcement,561210,FACILITIES SUPPORT SERVICES,R408,SUPPORT- PROFESSIONAL: PROGRAM MANAGEMENT/SUPPORT,ISAP II CONTRACT HSCECR-09-D-0002 TASK ORDER HSCECR-13-J-0026 POP:  09/21/2013 - 09/20/2014  IGF::OT::IGF
HSCEDM14J00008,CONT_AWD_HSCEDM14J00008_7012_HSCEDM12D00001_7012,P00006,2014-06-24,3000.0,"THE GEO GROUP, INC.",JMLKZZ1NL2Z6,DO,U.S. Immigration and Customs Enforcement,561210,FACILITIES SUPPORT SERVICES,S206,HOUSEKEEPING- GUARD,GEO GROUP CONTRACT HSCEDM-12-D-00001 FOR SOUTH TEXAS DETENTION COMPLEX.  TASK ORDER HSCEDM-14-J-00008 IGF::OT::IGF
HSCEDM14J00008,CONT_AWD_HSCEDM14J00008_7012_HSCEDM12D00001_7012,P00007,2014-07-16,1864600.5,"THE GEO GROUP, INC.",JMLKZZ1NL2Z6,DO,U.S. Immigration and Customs Enforcement,561210,FACILITIES SUPPORT SERVICES,S206,HOUSEKEEPING- GUARD,GEO GROUP CONTRACT HSCEDM-12-D-00001 FOR SOUTH TEXAS DETENTION COMPLEX.  TASK ORDER HSCEDM-14-J-00008 IGF::OT::IGF
HSCEDM14J00001,CONT_AWD_HSCEDM14J00001_7012_HSCEDM10D00001_7012,P00005,2014-07-22,2018368.93,"THE GEO GROUP, INC.",JMLKZZ1NL2Z6,DO,U.S. Immigration and Customs Enforcement,561210,FACILITIES SUPPORT SERVICES,S206,HOUSEKEEPING- GUARD,"IGF::CT::IGF - CRITICAL FUNCTIONS.  DETENTION, TRANSPORTATION AND FOOD SERVICES"
HSCEDM14J00010,CONT_AWD_HSCEDM14J00010_7012_HSCEDM14A00001_7012,P00005,2014-07-30,232254.0,"THE GEO GROUP, INC.",JMLKZZ1NL2Z6,BPA,U.S. Immigration and Customs Enforcement,922140,CORRECTIONAL INSTITUTIONS,S206,HOUSEKEEPING- GUARD,IGF::CT::IGF FUNDING FOR RIO GRANDE FACILITY WITH GEO GROUP UNDER DOJ NUMBER ODT-7-C-0003.
HSCEDM13J00036,CONT_AWD_HSCEDM13J00036_7012_HSCEDM11D00003_7012,P00007,2014-08-01,975316.08,"THE GEO GROUP, INC.",JMLKZZ1NL2Z6,DO,U.S. Immigration and Customs Enforcement,561210,FACILITIES SUPPORT SERVICES,S206,HOUSEKEEPING- GUARD,"IGF::CT::IGF CRITICAL FUNCTION. DETENTION MANAGMENT, MEDICAL SERVICES, TRANSPORTATION SERVICES, FOOD SERVICES FOR DHS/ICE AUROROA, CO AT GEO GROUP COCA FACILITY."
HSCECR13J00001,CONT_AWD_HSCECR13J00001_7012_HSCECR09D00002_7012,P00007,2014-08-12,-30854.61,B.I. INCORPORATED,PKK6L9KLMYR5,DO,U.S. Immigration and Customs Enforcement,561210,FACILITIES SUPPORT SERVICES,R408,SUPPORT- PROFESSIONAL: PROGRAM MANAGEMENT/SUPPORT,ISAP II CONTRACT HSCECR-09-D-0002 OY 3 TASK ORDER HSCECR-13-J-0001 POP:  11/06/2012-11/05/2013  IGF::OT::IGF
HSCECR14J00001,CONT_AWD_HSCECR14J00001_7012_HSCECR09D00002_7012,P00003,2014-08-12,17778857.84,B.I. INCORPORATED,PKK6L9KLMYR5,DO,U.S. Immigration and Customs Enforcement,561210,FACILITIES SUPPORT SERVICES,R408,SUPPORT- PROFESSIONAL: PROGRAM MANAGEMENT/SUPPORT,ISAP II CONTRACT HSCECR-09-D-0002 TASK ORDER HSCECR-14-J-00001 IGF::OT::IGF
HSCEDM13F00019,CONT_AWD_HSCEDM13F00019_7012_HSCEDM09D00006_7012,P00018,2014-08-14,920868.62,"THE GEO GROUP, INC.",JMLKZZ1NL2Z6,DO,U.S. Immigration and Customs Enforcement,561621,SECURITY SYSTEMS SERVICES (EXCEPT LOCKSMITHS),S206,HOUSEKEEPING- GUARD,"EXTEND SERVICES THROUGH AUGUST 31, 2014  IGF::CT::IGF"
HSCEDM14J00008,CONT_AWD_HSCEDM14J00008_7012_HSCEDM12D00001_7012,P00008,2014-08-18,6573995.34,"THE GEO GROUP, INC.",JMLKZZ1NL2Z6,DO,U.S. Immigration and Customs Enforcement,561210,FACILITIES SUPPORT SERVICES,S206,HOUSEKEEPING- GUARD,GEO GROUP CONTRACT HSCEDM-12-D-00001 FOR SOUTH TEXAS DETENTION COMPLEX.  TASK ORDER HSCEDM-14-J-00008 IGF::OT::IGF
HSCEDM14J00010,CONT_AWD_HSCEDM14J00010_7012_HSCEDM14A00001_7012,P00006,2014-08-18,542133.0,"THE GEO GROUP, INC.",JMLKZZ1NL2Z6,BPA,U.S. Immigration and Customs Enforcement,922140,CORRECTIONAL INSTITUTIONS,S206,HOUSEKEEPING- GUARD,IGF::CT::IGF FUNDING FOR RIO GRANDE FACILITY WITH GEO GROUP UNDER DOJ NUMBER ODT-7-C-0003.
HSCEDM13J00001,CONT_AWD_HSCEDM13J00001_7012_HSCEDM10D00001_7012,P00012,2014-08-21,-119829.28,"THE GEO GROUP, INC.",JMLKZZ1NL2Z6,DO,U.S. Immigration and Customs Enforcement,561210,FACILITIES SUPPORT SERVICES,S206,HOUSEKEEPING- GUARD,"IGF::CT::IGF - CRITICAL FUNCTIONS.  DETENTION, TRANSPORTATION AND FOOD SERVICES"
HSCEDM13F00019,CONT_AWD_HSCEDM13F00019_7012_HSCEDM09D00006_7012,P00019,2014-08-28,3275149.68,"THE GEO GROUP, INC.",JMLKZZ1NL2Z6,DO,U.S. Immigration and Customs Enforcement,561621,SECURITY SYSTEMS SERVICES (EXCEPT LOCKSMITHS),S206,HOUSEKEEPING- GUARD,"FUND SERVICES THROUGH OCTOBER 7, 2014  IGF::CT::IGF"
HSCEDM14J00001,CONT_AWD_HSCEDM14J00001_7012_HSCEDM10D00001_7012,P00006,2014-08-28,6995445.64,"THE GEO GROUP, INC.",JMLKZZ1NL2Z6,DO,U.S. Immigration and Customs Enforcement,561210,FACILITIES SUPPORT SERVICES,S206,HOUSEKEEPING- GUARD,"IGF::CT::IGF - CRITICAL FUNCTIONS.  DETENTION, TRANSPORTATION AND FOOD SERVICES"
HSCEDM13J00036,CONT_AWD_HSCEDM13J00036_7012_HSCEDM11D00003_7012,P00008,2014-09-02,1120525.3,"THE GEO GROUP, INC.",JMLKZZ1NL2Z6,DO,U.S. Immigration and Customs Enforcement,561210,FACILITIES SUPPORT SERVICES,S206,HOUSEKEEPING- GUARD,"IGF::CT::IGF CRITICAL FUNCTION. DETENTION MANAGMENT, MEDICAL SERVICES, TRANSPORTATION SERVICES, FOOD SERVICES FOR DHS/ICE AUROROA, CO AT GEO GROUP COCA FACILITY."
HSCEDM14J00010,CONT_AWD_HSCEDM14J00010_7012_HSCEDM14A00001_7012,P00007,2014-09-04,36973.96,"THE GEO GROUP, INC.",JMLKZZ1NL2Z6,BPA,U.S. Immigration and Customs Enforcement,922140,CORRECTIONAL INSTITUTIONS,S206,HOUSEKEEPING- GUARD,IGF::CT::IGF FUNDING FOR RIO GRANDE FACILITY WITH GEO GROUP UNDER DOJ NUMBER ODT-7-C-0003.
HSCEDM14J00033,CONT_AWD_HSCEDM14J00033_7012_HSCEDM14D00004_7012,0,2014-09-08,9100000.0,B.I. INCORPORATED,PKK6L9KLMYR5,DELIVERY ORDER,U.S. Immigration and Customs Enforcement,561210,FACILITIES SUPPORT SERVICES,R408,SUPPORT- PROFESSIONAL: PROGRAM MANAGEMENT/SUPPORT,TO FUND THE ISAP III CONTRACT UNDER BASE YEAR FOR CONTRACT HSCEDM-14-D-00004.  BASE PERIOD OF PERFORMANCE IS 09/08/2014 TO 09/07/2015.  IN SUPPORT OF THE ATD PROGRAM. ''IGF::CT::IGF''
HSCEDM14J00031,CONT_AWD_HSCEDM14J00031_7012_HSCEDM11D00003_7012,0,2014-09-11,2016918.98,"THE GEO GROUP, INC.",JMLKZZ1NL2Z6,DELIVERY ORDER,U.S. Immigration and Customs Enforcement,561210,FACILITIES SUPPORT SERVICES,S206,HOUSEKEEPING- GUARD,"IGF::CT::IGF CRITICAL FUNCTION. DETENTION MANAGMENT, MEDICAL SERVICES, TRANSPORTATION SERVICES, FOOD SERVICES FOR DHS/ICE AUROROA, CO AT GEO GROUP COCA FACILITY."
HSCEDM14J00001,CONT_AWD_HSCEDM14J00001_7012_HSCEDM10D00001_7012,P00007,2014-09-16,66378.63,"THE GEO GROUP, INC.",JMLKZZ1NL2Z6,DO,U.S. Immigration and Customs Enforcement,561210,FACILITIES SUPPORT SERVICES,S206,HOUSEKEEPING- GUARD,"IGF::CT::IGF - CRITICAL FUNCTIONS.  DETENTION, TRANSPORTATION AND FOOD SERVICES"
HSCEDM14J00001,CONT_AWD_HSCEDM14J00001_7012_HSCEDM10D00001_7012,P00008,2014-09-19,761604.24,"THE GEO GROUP, INC.",JMLKZZ1NL2Z6,DO,U.S. Immigration and Customs Enforcement,561210,FACILITIES SUPPORT SERVICES,S206,HOUSEKEEPING- GUARD,"IGF::CT::IGF - CRITICAL FUNCTIONS.  DETENTION, TRANSPORTATION AND FOOD SERVICES"
HSCEDM14J00001,CONT_AWD_HSCEDM14J00001_7012_HSCEDM10D00001_7012,P00009,2014-09-25,1178290.8,"THE GEO GROUP, INC.",JMLKZZ1NL2Z6,DO,U.S. Immigration and Customs Enforcement,561210,FACILITIES SUPPORT SERVICES,S206,HOUSEKEEPING- GUARD,"IGF::CT::IGF - CRITICAL FUNCTIONS.  DETENTION, TRANSPORTATION AND FOOD SERVICES"
HSCEDM13F00019,CONT_AWD_HSCEDM13F00019_7012_HSCEDM09D00006_7012,P00020,2014-09-29,1579900.0,"THE GEO GROUP, INC.",JMLKZZ1NL2Z6,DO,U.S. Immigration and Customs Enforcement,561621,SECURITY SYSTEMS SERVICES (EXCEPT LOCKSMITHS),S206,HOUSEKEEPING- GUARD,"FUND SERVICES THROUGH OCTOBER 31, 2014  IGF::CT::IGF"
HSCEDM14J00031,CONT_AWD_HSCEDM14J00031_7012_HSCEDM11D00003_7012,P00001,2014-09-29,1509495.44,"THE GEO GROUP, INC.",JMLKZZ1NL2Z6,DO,U.S. Immigration and Customs Enforcement,561210,FACILITIES SUPPORT SERVICES,S206,HOUSEKEEPING- GUARD,"IGF::CT::IGF CRITICAL FUNCTION. DETENTION MANAGMENT, MEDICAL SERVICES, TRANSPORTATION SERVICES, FOOD SERVICES FOR DHS/ICE AUROROA, CO AT GEO GROUP COCA FACILITY."
HSCEDM14J00008,CONT_AWD_HSCEDM14J00008_7012_HSCEDM12D00001_7012,P00009,2014-09-30,2947890.0,"THE GEO GROUP, INC.",JMLKZZ1NL2Z6,DO,U.S. Immigration and Customs Enforcement,561210,FACILITIES SUPPORT SERVICES,S206,HOUSEKEEPING- GUARD,GEO GROUP CONTRACT HSCEDM-12-D-00001 FOR SOUTH TEXAS DETENTION COMPLEX.  TASK ORDER HSCEDM-14-J-00008 IGF::OT::IGF
HSCEDM14J00033,CONT_AWD_HSCEDM14J00033_7012_HSCEDM14D00004_7012,P00001,2014-09-30,2987721.82,B.I. INCORPORATED,PKK6L9KLMYR5,DO,U.S. Immigration and Customs Enforcement,561210,FACILITIES SUPPORT SERVICES,R408,SUPPORT- PROFESSIONAL: PROGRAM MANAGEMENT/SUPPORT,TO FUND THE ISAP III CONTRACT UNDER BASE YEAR FOR CONTRACT HSCEDM-14-D-00004.  BASE PERIOD OF PERFORMANCE IS 09/08/2014 TO 09/07/2015.  IN SUPPORT OF THE ATD PROGRAM. ''IGF::CT::IGF''
HSCEDM14J00010,CONT_AWD_HSCEDM14J00010_7012_HSCEDM14A00001_7012,P00008,2014-10-15,0.0,"THE GEO GROUP, INC.",JMLKZZ1NL2Z6,BPA,U.S. Immigration and Customs Enforcement,922140,CORRECTIONAL INSTITUTIONS,S206,HOUSEKEEPING- GUARD,IGF::CT::IGF FUNDING FOR RIO GRANDE FACILITY WITH GEO GROUP UNDER DOJ NUMBER ODT-7-C-0003.
HSCEDM14J00008,CONT_AWD_HSCEDM14J00008_7012_HSCEDM12D00001_7012,P00010,2014-10-21,3710897.45,"THE GEO GROUP, INC.",JMLKZZ1NL2Z6,DO,U.S. Immigration and Customs Enforcement,561210,FACILITIES SUPPORT SERVICES,S206,HOUSEKEEPING- GUARD,GEO GROUP CONTRACT HSCEDM-12-D-00001 FOR SOUTH TEXAS DETENTION COMPLEX.  TASK ORDER HSCEDM-14-J-00008 IGF::OT::IGF
HSCEDM13F00019,CONT_AWD_HSCEDM13F00019_7012_HSCEDM09D00006_7012,P00021,2014-10-23,4194399.73,"THE GEO GROUP, INC.",JMLKZZ1NL2Z6,DO,U.S. Immigration and Customs Enforcement,561621,SECURITY SYSTEMS SERVICES (EXCEPT LOCKSMITHS),S206,HOUSEKEEPING- GUARD,"FUND SERVICES THROUGH OCTOBER 31, 2014  IGF::CT::IGF"
HSCEDM15J00003,CONT_AWD_HSCEDM15J00003_7012_HSCEDM10D00001_7012,0,2014-10-23,11246960.63,"THE GEO GROUP, INC.",JMLKZZ1NL2Z6,DO,U.S. Immigration and Customs Enforcement,561210,FACILITIES SUPPORT SERVICES,S206,HOUSEKEEPING- GUARD,"IGF::CT::IGF - CRITICAL FUNCTIONS.  DETENTION, TRANSPORTATION AND FOOD SERVICES"
HSCEDM15J00004,CONT_AWD_HSCEDM15J00004_7012_HSCEDM12D00001_7012,0,2014-10-23,276949.76,"THE GEO GROUP, INC.",JMLKZZ1NL2Z6,DELIVERY ORDER,U.S. Immigration and Customs Enforcement,561210,FACILITIES SUPPORT SERVICES,S206,HOUSEKEEPING- GUARD,REFERENCE SOUTH TEXAS DETENTION COMPLEX CONTRACT HSCEDM-12-D-00001 WITH THE GEO GROUP. OPTION YEAR 3 IGF::OT::IGF
HSCEDM14J00010,CONT_AWD_HSCEDM14J00010_7012_HSCEDM14A00001_7012,P00009,2014-10-24,1358641.25,"THE GEO GROUP, INC.",JMLKZZ1NL2Z6,BPA,U.S. Immigration and Customs Enforcement,922140,CORRECTIONAL INSTITUTIONS,S206,HOUSEKEEPING- GUARD,IGF::CT::IGF FUNDING FOR RIO GRANDE FACILITY WITH GEO GROUP UNDER DOJ NUMBER ODT-7-C-0003.
HSCEDM14J00031,CONT_AWD_HSCEDM14J00031_7012_HSCEDM11D00003_7012,P00002,2014-11-19,2072619.69,"THE GEO GROUP, INC.",JMLKZZ1NL2Z6,DO,U.S. Immigration and Customs Enforcement,561210,FACILITIES SUPPORT SERVICES,S206,HOUSEKEEPING- GUARD,"IGF::CT::IGF CRITICAL FUNCTION. DETENTION MANAGMENT, MEDICAL SERVICES, TRANSPORTATION SERVICES, FOOD SERVICES FOR DHS/ICE AUROROA, CO AT GEO GROUP COCA FACILITY."
HSCEDM14J00008,CONT_AWD_HSCEDM14J00008_7012_HSCEDM12D00001_7012,P00011,2014-11-24,4000.0,"THE GEO GROUP, INC.",JMLKZZ1NL2Z6,DO,U.S. Immigration and Customs Enforcement,561210,FACILITIES SUPPORT SERVICES,S206,HOUSEKEEPING- GUARD,GEO GROUP CONTRACT HSCEDM-12-D-00001 FOR SOUTH TEXAS DETENTION COMPLEX.  TASK ORDER HSCEDM-14-J-00008 IGF::OT::IGF
HSCEDM14J00033,CONT_AWD_HSCEDM14J00033_7012_HSCEDM14D00004_7012,P00002,2014-11-24,4000000.0,B.I. INCORPORATED,PKK6L9KLMYR5,DO,U.S. Immigration and Customs Enforcement,561210,FACILITIES SUPPORT SERVICES,R408,SUPPORT- PROFESSIONAL: PROGRAM MANAGEMENT/SUPPORT,TO FUND THE ISAP III CONTRACT UNDER BASE YEAR FOR CONTRACT HSCEDM-14-D-00004.  BASE PERIOD OF PERFORMANCE IS 09/08/2014 TO 09/07/2015.  IN SUPPORT OF THE ATD PROGRAM. ''IGF::CT::IGF''
HSCECR14J00001,CONT_AWD_HSCECR14J00001_7012_HSCECR09D00002_7012,P00004,2014-12-01,0.0,B.I. INCORPORATED,PKK6L9KLMYR5,DO,U.S. Immigration and Customs Enforcement,561210,FACILITIES SUPPORT SERVICES,R408,SUPPORT- PROFESSIONAL: PROGRAM MANAGEMENT/SUPPORT,ISAP II CONTRACT HSCECR-09-D-0002 TASK ORDER HSCECR-14-J-00001 IGF::OT::IGF
HSCEDM15J00004,CONT_AWD_HSCEDM15J00004_7012_HSCEDM12D00001_7012,P00001,2014-12-03,3671493.74,"THE GEO GROUP, INC.",JMLKZZ1NL2Z6,DO,U.S. Immigration and Customs Enforcement,561210,FACILITIES SUPPORT SERVICES,S206,HOUSEKEEPING- GUARD,REFERENCE SOUTH TEXAS DETENTION COMPLEX CONTRACT HSCEDM-12-D-00001 WITH THE GEO GROUP. OPTION YEAR 3 IGF::OT::IGF
HSCEDM14J00031,CONT_AWD_HSCEDM14J00031_7012_HSCEDM11D00003_7012,P00003,2014-12-24,922890.6,"THE GEO GROUP, INC.",JMLKZZ1NL2Z6,DO,U.S. Immigration and Customs Enforcement,561210,FACILITIES SUPPORT SERVICES,S206,HOUSEKEEPING- GUARD,"IGF::CT::IGF CRITICAL FUNCTION. DETENTION MANAGMENT, MEDICAL SERVICES, TRANSPORTATION SERVICES, FOOD SERVICES FOR DHS/ICE AUROROA, CO AT GEO GROUP COCA FACILITY."
HSCEDM15F00009,CONT_AWD_HSCEDM15F00009_7012_HSCEDM09D00006_7012,0,2014-12-29,6039499.65,"THE GEO GROUP, INC.",JMLKZZ1NL2Z6,DELIVERY ORDER,U.S. Immigration and Customs Enforcement,561621,SECURITY SYSTEMS SERVICES (EXCEPT LOCKSMITHS),S206,HOUSEKEEPING- GUARD,IGF::CT::IGF  FUNDING FOR TASK ORDER TO SERVE AS BRIDGE CONTRACT.  CURRENT T/O IS HSCEDM-13-F-00019 UNDER CONTRACT HSCEDM-09-D-00006. T/O POP: 01/01/15 TO 3/31/15.  FUNDED POP: 01/01/15 TO 3/31/15.
HSCEDM15P00017,CONT_AWD_HSCEDM15P00017_7012_-NONE-_-NONE-,0,2014-12-31,10526.23,"CORNELL COMPANIES, INC.",TLDCDE29G781,PO,U.S. Immigration and Customs Enforcement,561210,FACILITIES SUPPORT SERVICES,S206,HOUSEKEEPING- GUARD,IGF::CT::IGF USE FACILITIES DUE TO POSSIBLE BAD WEATHER AND SHUTDOWN OF OFFICES IF ICE DOES HIT THE  WEST TEXAS AREA AND DFW AREA. IGF::OT::IGF
HSCEDM15J00004,CONT_AWD_HSCEDM15J00004_7012_HSCEDM12D00001_7012,P00002,2015-01-07,7639594.0,"THE GEO GROUP, INC.",JMLKZZ1NL2Z6,DO,U.S. Immigration and Customs Enforcement,561210,FACILITIES SUPPORT SERVICES,S206,HOUSEKEEPING- GUARD,REFERENCE SOUTH TEXAS DETENTION COMPLEX CONTRACT HSCEDM-12-D-00001 WITH THE GEO GROUP. OPTION YEAR 3 IGF::OT::IGF
HSCEDM14J00031,CONT_AWD_HSCEDM14J00031_7012_HSCEDM11D00003_7012,P00004,2015-01-15,3958925.6,"THE GEO GROUP, INC.",JMLKZZ1NL2Z6,DO,U.S. Immigration and Customs Enforcement,561210,FACILITIES SUPPORT SERVICES,S206,HOUSEKEEPING- GUARD,"IGF::CT::IGF CRITICAL FUNCTION. DETENTION MANAGMENT, MEDICAL SERVICES, TRANSPORTATION SERVICES, FOOD SERVICES FOR DHS/ICE AUROROA, CO AT GEO GROUP COCA FACILITY."
HSCEDM15P00017,CONT_AWD_HSCEDM15P00017_7012_-NONE-_-NONE-,P00001,2015-01-16,7951.65,"CORNELL COMPANIES, INC.",TLDCDE29G781,PO,U.S. Immigration and Customs Enforcement,561210,FACILITIES SUPPORT SERVICES,S206,HOUSEKEEPING- GUARD,USE FACILITIES DUE TO POSSIBLE BAD WEATHER AND SHUTDOWN OF OFFICES IF ICE DOES HIT THE  WEST TEXAS AREA AND DFW AREA. IGF::OT::IGF
HSCEDM14F00002,CONT_AWD_HSCEDM14F00002_7012_HSODT6C0002_7012,P00002,2015-01-22,35.64,"THE GEO GROUP, INC.",JMLKZZ1NL2Z6,DO,U.S. Immigration and Customs Enforcement,561612,SECURITY GUARDS AND PATROL SERVICES,S206,HOUSEKEEPING- GUARD,"IGF::OT::IGF DETAINEE HOUSING, SAN DIEGO, CA"
HSCEDM15P00017,CONT_AWD_HSCEDM15P00017_7012_-NONE-_-NONE-,P00002,2015-01-23,1135.95,"CORNELL COMPANIES, INC.",TLDCDE29G781,PO,U.S. Immigration and Customs Enforcement,561210,FACILITIES SUPPORT SERVICES,S206,HOUSEKEEPING- GUARD,USE FACILITIES DUE TO POSSIBLE BAD WEATHER AND SHUTDOWN OF OFFICES IF ICE DOES HIT THE  WEST TEXAS AREA AND DFW AREA. IGF::OT::IGF
HSCEDM14J00008,CONT_AWD_HSCEDM14J00008_7012_HSCEDM12D00001_7012,P00012,2015-01-27,0.0,"THE GEO GROUP, INC.",JMLKZZ1NL2Z6,DO,U.S. Immigration and Customs Enforcement,561210,FACILITIES SUPPORT SERVICES,S206,HOUSEKEEPING- GUARD,GEO GROUP CONTRACT HSCEDM-12-D-00001 FOR SOUTH TEXAS DETENTION COMPLEX.  TASK ORDER HSCEDM-14-J-00008 IGF::OT::IGF
HSCEDM14J00033,CONT_AWD_HSCEDM14J00033_7012_HSCEDM14D00004_7012,P00003,2015-01-29,0.0,B.I. INCORPORATED,PKK6L9KLMYR5,DO,U.S. Immigration and Customs Enforcement,561210,FACILITIES SUPPORT SERVICES,R408,SUPPORT- PROFESSIONAL: PROGRAM MANAGEMENT/SUPPORT,TO FUND THE ISAP III CONTRACT UNDER BASE YEAR FOR CONTRACT HSCEDM-14-D-00004.  BASE PERIOD OF PERFORMANCE IS 09/08/2014 TO 09/07/2015.  IN SUPPORT OF THE ATD PROGRAM. ''IGF::CT::IGF''
HSCEDM15J00003,CONT_AWD_HSCEDM15J00003_7012_HSCEDM10D00001_7012,P00001,2015-01-29,-22071951.8,"THE GEO GROUP, INC.",JMLKZZ1NL2Z6,DO,U.S. Immigration and Customs Enforcement,561210,FACILITIES SUPPORT SERVICES,S206,HOUSEKEEPING- GUARD,"IGF::CT::IGF - CRITICAL FUNCTIONS. DETENTION, TRANSPORTATION AND FOOD SERVICES"
HSCEDM15P00017,CONT_AWD_HSCEDM15P00017_7012_-NONE-_-NONE-,P00003,2015-01-30,833.27,"CORNELL COMPANIES, INC.",TLDCDE29G781,PO,U.S. Immigration and Customs Enforcement,561210,FACILITIES SUPPORT SERVICES,S206,HOUSEKEEPING- GUARD,USE FACILITIES DUE TO POSSIBLE BAD WEATHER AND SHUTDOWN OF OFFICES IF ICE DOES HIT THE  WEST TEXAS AREA AND DFW AREA. IGF::OT::IGF
HSCEDM15J00004,CONT_AWD_HSCEDM15J00004_7012_HSCEDM12D00001_7012,P00003,2015-02-03,121582.99,"THE GEO GROUP, INC.",JMLKZZ1NL2Z6,DO,U.S. Immigration and Customs Enforcement,561210,FACILITIES SUPPORT SERVICES,S206,HOUSEKEEPING- GUARD,REFERENCE SOUTH TEXAS DETENTION COMPLEX CONTRACT HSCEDM-12-D-00001 WITH THE GEO GROUP. OPTION YEAR 3 IGF::OT::IGF
HSCEDM13J00036,CONT_AWD_HSCEDM13J00036_7012_HSCEDM11D00003_7012,P00009,2015-02-05,-73516.39,"THE GEO GROUP, INC.",JMLKZZ1NL2Z6,DO,U.S. Immigration and Customs Enforcement,561210,FACILITIES SUPPORT SERVICES,S206,HOUSEKEEPING- GUARD,"IGF::CT::IGF CRITICAL FUNCTION. DETENTION MANAGMENT, MEDICAL SERVICES, TRANSPORTATION SERVICES, FOOD SERVICES FOR DHS/ICE AUROROA, CO AT GEO GROUP COCA FACILITY."
HSCEDM14J00010,CONT_AWD_HSCEDM14J00010_7012_HSCEDM14A00001_7012,P00010,2015-02-06,934815.51,"THE GEO GROUP, INC.",JMLKZZ1NL2Z6,BPA,U.S. Immigration and Customs Enforcement,922140,CORRECTIONAL INSTITUTIONS,S206,HOUSEKEEPING- GUARD,IGF::CT::IGF FUNDING FOR RIO GRANDE FACILITY WITH GEO GROUP UNDER DOJ NUMBER ODT-7-C-0003.
HSCEDM13J00004,CONT_AWD_HSCEDM13J00004_7012_HSCEDM12D00001_7012,P00017,2015-02-12,35606.82,"THE GEO GROUP, INC.",JMLKZZ1NL2Z6,DO,U.S. Immigration and Customs Enforcement,561210,FACILITIES SUPPORT SERVICES,S206,HOUSEKEEPING- GUARD,"""OTHER FUNCTION"" - IGF::OT::IGF SOUTH TEXAS DETENTION COMPLEX CONTRACT HSCEDM-12-D-00001 WITH THE GEO GROUP. FUNDING FOR SEPTEMBER ON  TASK ORDER HSCEDM-13-J-00004."
HSCEDM14J00033,CONT_AWD_HSCEDM14J00033_7012_HSCEDM14D00004_7012,P00004,2015-02-25,1825190.42,B.I. INCORPORATED,PKK6L9KLMYR5,DO,U.S. Immigration and Customs Enforcement,561210,FACILITIES SUPPORT SERVICES,R408,SUPPORT- PROFESSIONAL: PROGRAM MANAGEMENT/SUPPORT,TO FUND THE ISAP III CONTRACT UNDER BASE YEAR FOR CONTRACT HSCEDM-14-D-00004.  BASE PERIOD OF PERFORMANCE IS 09/08/2014 TO 09/07/2015.  IN SUPPORT OF THE ATD PROGRAM. ''IGF::CT::IGF''
HSCEDM15P00017,CONT_AWD_HSCEDM15P00017_7012_-NONE-_-NONE-,P00004,2015-02-25,1893.25,"CORNELL COMPANIES, INC.",TLDCDE29G781,PO,U.S. Immigration and Customs Enforcement,561210,FACILITIES SUPPORT SERVICES,S206,HOUSEKEEPING- GUARD,IGF::OT::IGF  USE FACILITIES DUE TO POSSIBLE BAD WEATHER AND SHUTDOWN OF OFFICES IF ICE DOES HIT THE  WEST TEXAS AREA AND DFW AREA.
HSCEDM15P00017,CONT_AWD_HSCEDM15P00017_7012_-NONE-_-NONE-,P00005,2015-02-27,4316.61,"CORNELL COMPANIES, INC.",TLDCDE29G781,PO,U.S. Immigration and Customs Enforcement,561210,FACILITIES SUPPORT SERVICES,S206,HOUSEKEEPING- GUARD,IGF::OT::IGF  USE FACILITIES DUE TO POSSIBLE BAD WEATHER AND SHUTDOWN OF OFFICES IF ICE DOES HIT THE  WEST TEXAS AREA AND DFW AREA.
HSCEDM15P00017,CONT_AWD_HSCEDM15P00017_7012_-NONE-_-NONE-,P00006,2015-03-10,2271.9,"CORNELL COMPANIES, INC.",TLDCDE29G781,PO,U.S. Immigration and Customs Enforcement,561210,FACILITIES SUPPORT SERVICES,S206,HOUSEKEEPING- GUARD,IGF::OT::IGF  USE FACILITIES DUE TO POSSIBLE BAD WEATHER AND SHUTDOWN OF OFFICES IF ICE DOES HIT THE  WEST TEXAS AREA AND DFW AREA.
HSCEDM14J00033,CONT_AWD_HSCEDM14J00033_7012_HSCEDM14D00004_7012,P00005,2015-03-11,2201081.41,B.I. INCORPORATED,PKK6L9KLMYR5,DO,U.S. Immigration and Customs Enforcement,561210,FACILITIES SUPPORT SERVICES,R408,SUPPORT- PROFESSIONAL: PROGRAM MANAGEMENT/SUPPORT,''IGF::CT::IGF''   TO FUND THE ISAP III CONTRACT UNDER BASE YEAR FOR CONTRACT HSCEDM-14-D-00004.  BASE PERIOD OF PERFORMANCE IS 09/08/2014 TO 09/07/2015.  IN SUPPORT OF THE ATD PROGRAM.
HSCEDM15J00003,CONT_AWD_HSCEDM15J00003_7012_HSCEDM10D00001_7012,P00002,2015-03-12,0.0,"THE GEO GROUP, INC.",JMLKZZ1NL2Z6,DO,U.S. Immigration and Customs Enforcement,561210,FACILITIES SUPPORT SERVICES,S206,HOUSEKEEPING- GUARD,"IGF::CT::IGF - CRITICAL FUNCTIONS.  DETENTION, TRANSPORTATION AND FOOD SERVICES"
HSCEDM14J00031,CONT_AWD_HSCEDM14J00031_7012_HSCEDM11D00003_7012,P00005,2015-03-13,0.0,"THE GEO GROUP, INC.",JMLKZZ1NL2Z6,DO,U.S. Immigration and Customs Enforcement,561210,FACILITIES SUPPORT SERVICES,S206,HOUSEKEEPING- GUARD,"IGF::CT::IGF CRITICAL FUNCTION. DETENTION MANAGMENT, MEDICAL SERVICES, TRANSPORTATION SERVICES, FOOD SERVICES FOR DHS/ICE AUROROA, CO AT GEO GROUP COCA FACILITY."
HSCEDM14J00031,CONT_AWD_HSCEDM14J00031_7012_HSCEDM11D00003_7012,P00006,2015-03-17,1949204.41,"THE GEO GROUP, INC.",JMLKZZ1NL2Z6,DO,U.S. Immigration and Customs Enforcement,561210,FACILITIES SUPPORT SERVICES,S206,HOUSEKEEPING- GUARD,"IGF::CT::IGF CRITICAL FUNCTION. DETENTION MANAGMENT, MEDICAL SERVICES, TRANSPORTATION SERVICES, FOOD SERVICES FOR DHS/ICE AUROROA, CO AT GEO GROUP COCA FACILITY."
HSCEDM14J00010,CONT_AWD_HSCEDM14J00010_7012_HSCEDM14A00001_7012,P00011,2015-03-20,230175.0,"THE GEO GROUP, INC.",JMLKZZ1NL2Z6,BPA,U.S. Immigration and Customs Enforcement,922140,CORRECTIONAL INSTITUTIONS,S206,HOUSEKEEPING- GUARD,"IGF::CT::IGF FUNDING FOR RIO GRANDE FACILITY WITH GEO GROUP UNDER DOJ NUMBER ODT-7-C-0003. THROUGH MARCH 31, 2015"
HSCEDM15F00009,CONT_AWD_HSCEDM15F00009_7012_HSCEDM09D00006_7012,P00001,2015-03-30,2093003.92,"THE GEO GROUP, INC.",JMLKZZ1NL2Z6,DO,U.S. Immigration and Customs Enforcement,561621,SECURITY SYSTEMS SERVICES (EXCEPT LOCKSMITHS),S206,HOUSEKEEPING- GUARD,IGF::CT::IGF FUNDING FOR TASK ORDER TO SERVE AS BRIDGE CONTRACT.
HSCEDM15J00003,CONT_AWD_HSCEDM15J00003_7012_HSCEDM10D00001_7012,P00003,2015-03-30,-17293903.46,"THE GEO GROUP, INC.",JMLKZZ1NL2Z6,DO,U.S. Immigration and Customs Enforcement,561210,FACILITIES SUPPORT SERVICES,S206,HOUSEKEEPING- GUARD,"IGF::CT::IGF - CRITICAL FUNCTION. DETENTION, TRANSPORTATION AND FOOD SERVICES"
HSCEDM15J00017,CONT_AWD_HSCEDM15J00017_7012_HSCEDM14A00001_7012,0,2015-03-30,324996.14,"THE GEO GROUP, INC.",JMLKZZ1NL2Z6,BPA,U.S. Immigration and Customs Enforcement,922140,CORRECTIONAL INSTITUTIONS,S206,HOUSEKEEPING- GUARD,IGF::CT::IGF RIO GRANDE FACILITY WITH GEO GROUP UNDER DOJ NUMBER ODT-7-C-0003. (FY15 TASK ORDER)
HSCEDM15J00004,CONT_AWD_HSCEDM15J00004_7012_HSCEDM12D00001_7012,P00004,2015-04-02,3978458.5,"THE GEO GROUP, INC.",JMLKZZ1NL2Z6,DO,U.S. Immigration and Customs Enforcement,561210,FACILITIES SUPPORT SERVICES,S206,HOUSEKEEPING- GUARD,REFERENCE SOUTH TEXAS DETENTION COMPLEX CONTRACT HSCEDM-12-D-00001 WITH THE GEO GROUP. OPTION YEAR 3 IGF::OT::IGF
HSCEDM14J00033,CONT_AWD_HSCEDM14J00033_7012_HSCEDM14D00004_7012,P00006,2015-04-10,5500000.0,B.I. INCORPORATED,PKK6L9KLMYR5,DO,U.S. Immigration and Customs Enforcement,561210,FACILITIES SUPPORT SERVICES,R408,SUPPORT- PROFESSIONAL: PROGRAM MANAGEMENT/SUPPORT,''IGF::CT::IGF'' INTENSIVE SUPERVISION APPEARANCE PROGRAM III FOR ATD. BASE PERIOD OF PERFORMANCE
HSCEDM15J00017,CONT_AWD_HSCEDM15J00017_7012_HSCEDM14A00001_7012,P00001,2015-04-15,1741846.43,"THE GEO GROUP, INC.",JMLKZZ1NL2Z6,BPA,U.S. Immigration and Customs Enforcement,922140,CORRECTIONAL INSTITUTIONS,S206,HOUSEKEEPING- GUARD,IGF::CT::IGF RIO GRANDE FACILITY WITH GEO GROUP UNDER DOJ NUMBER ODT-7-C-0003. (FY15 TASK ORDER)
HSCEDM14J00031,CONT_AWD_HSCEDM14J00031_7012_HSCEDM11D00003_7012,P00007,2015-04-17,9418440.55,"THE GEO GROUP, INC.",JMLKZZ1NL2Z6,DO,U.S. Immigration and Customs Enforcement,561210,FACILITIES SUPPORT SERVICES,S206,HOUSEKEEPING- GUARD,"IGF::CT::IGF. DETENTION MANAGEMENT, MEDICAL SERVICES, TRANSPORTATION SERVICES, FOOD SERVICES FOR DHS/ICE AURORA, CO GEO GROUP COCA FACILITY."
HSCEDM15J00004,CONT_AWD_HSCEDM15J00004_7012_HSCEDM12D00001_7012,P00005,2015-04-21,19373422.4,"THE GEO GROUP, INC.",JMLKZZ1NL2Z6,DO,U.S. Immigration and Customs Enforcement,561210,FACILITIES SUPPORT SERVICES,S206,HOUSEKEEPING- GUARD,REFERENCE SOUTH TEXAS DETENTION COMPLEX CONTRACT HSCEDM-12-D-00001 WITH THE GEO GROUP. OPTION YEAR 3 IGF::OT::IGF
HSCEDM15F00009,CONT_AWD_HSCEDM15F00009_7012_HSCEDM09D00006_7012,P00002,2015-04-23,4046365.5,"THE GEO GROUP, INC.",JMLKZZ1NL2Z6,DO,U.S. Immigration and Customs Enforcement,561621,SECURITY SYSTEMS SERVICES (EXCEPT LOCKSMITHS),S206,HOUSEKEEPING- GUARD,IGF::CT::IGF FUNDING FOR TASK ORDER TO SERVE AS BRIDGE CONTRACT.
HSCEDM15J00003,CONT_AWD_HSCEDM15J00003_7012_HSCEDM10D00001_7012,P00004,2015-04-23,20588167.48,"THE GEO GROUP, INC.",JMLKZZ1NL2Z6,DO,U.S. Immigration and Customs Enforcement,561210,FACILITIES SUPPORT SERVICES,S206,HOUSEKEEPING- GUARD,"IGF::CT::IGF DETENTION, TRANSPORTATION AND FOOD SERVICES"
HSCEDM14J00033,CONT_AWD_HSCEDM14J00033_7012_HSCEDM14D00004_7012,P00007,2015-05-12,12599106.37,B.I. INCORPORATED,PKK6L9KLMYR5,DO,U.S. Immigration and Customs Enforcement,561210,FACILITIES SUPPORT SERVICES,R408,SUPPORT- PROFESSIONAL: PROGRAM MANAGEMENT/SUPPORT,''IGF::CT::IGF'' INTENSIVE SUPERVISION APPEARANCE PROGRAM III FOR ATD. BASE PERIOD OF PERFORMANCE
HSCEDM13F00019,CONT_AWD_HSCEDM13F00019_7012_HSCEDM09D00006_7012,P00022,2015-05-27,-126930.74,"THE GEO GROUP, INC.",JMLKZZ1NL2Z6,DO,U.S. Immigration and Customs Enforcement,561621,SECURITY SYSTEMS SERVICES (EXCEPT LOCKSMITHS),S206,HOUSEKEEPING- GUARD,IGF::CT::IGF FUNDING FOR BROWARD TRANSITIONAL CENTER
HSCEDM14J00001,CONT_AWD_HSCEDM14J00001_7012_HSCEDM10D00001_7012,P00010,2015-05-28,-1012248.6,"THE GEO GROUP, INC.",JMLKZZ1NL2Z6,DO,U.S. Immigration and Customs Enforcement,561210,FACILITIES SUPPORT SERVICES,S206,HOUSEKEEPING- GUARD,"IGF::CT::IGF - CRITICAL FUNCTIONS. DETENTION, TRANSPORTATION AND FOOD SERVICES"
HSCEDM15J00003,CONT_AWD_HSCEDM15J00003_7012_HSCEDM10D00001_7012,P00005,2015-05-28,9572516.38,"THE GEO GROUP, INC.",JMLKZZ1NL2Z6,DO,U.S. Immigration and Customs Enforcement,561210,FACILITIES SUPPORT SERVICES,S206,HOUSEKEEPING- GUARD,"IGF::CT::IGF DETENTION, TRANSPORTATION AND FOOD SERVICES"
HSCEDM14J00010,CONT_AWD_HSCEDM14J00010_7012_HSCEDM14A00001_7012,P00012,2015-06-10,-335483.78,"THE GEO GROUP, INC.",JMLKZZ1NL2Z6,BPA,U.S. Immigration and Customs Enforcement,922140,CORRECTIONAL INSTITUTIONS,S206,HOUSEKEEPING- GUARD,IGF::CT::IGF RIO GRANDE FACILITY DOJ NUMBER ODT-7-C-0003.
HSCEDM14J00031,CONT_AWD_HSCEDM14J00031_7012_HSCEDM11D00003_7012,P00008,2015-06-23,366047.13,"THE GEO GROUP, INC.",JMLKZZ1NL2Z6,DO,U.S. Immigration and Customs Enforcement,561210,FACILITIES SUPPORT SERVICES,S206,HOUSEKEEPING- GUARD,"IGF::CT::IGF. DETENTION MANAGEMENT, MEDICAL, TRANSPORTATION, FOOD SERVICES FOR DHS/ICE AURORA, CO GEO GROUP COCA FACILITY."
HSCEDM15J00003,CONT_AWD_HSCEDM15J00003_7012_HSCEDM10D00001_7012,P00006,2015-06-25,8861129.38,"THE GEO GROUP, INC.",JMLKZZ1NL2Z6,DO,U.S. Immigration and Customs Enforcement,561210,FACILITIES SUPPORT SERVICES,S206,HOUSEKEEPING- GUARD,"IGF::CT::IGF DETENTION, TRANSPORTATION AND FOOD SERVICES"
HSCEDM15J00024,CONT_AWD_HSCEDM15J00024_7012_HSCEDM15D00006_7012,0,2015-06-30,23821480.07,"THE GEO GROUP, INC.",JMLKZZ1NL2Z6,DELIVERY ORDER,U.S. Immigration and Customs Enforcement,561210,FACILITIES SUPPORT SERVICES,S206,HOUSEKEEPING- GUARD,IGF::CL::IGF DETENTION SERVICES AT BROWARD TRANSITIONAL CENTER
HSCEDM15J00004,CONT_AWD_HSCEDM15J00004_7012_HSCEDM12D00001_7012,P00006,2015-07-15,7698456.94,"THE GEO GROUP, INC.",JMLKZZ1NL2Z6,DO,U.S. Immigration and Customs Enforcement,561210,FACILITIES SUPPORT SERVICES,S206,HOUSEKEEPING- GUARD,REFERENCE SOUTH TEXAS DETENTION COMPLEX CONTRACT HSCEDM-12-D-00001 WITH THE GEO GROUP. OPTION YEAR 3 IGF::OT::IGF
HSCEDM13J00004,CONT_AWD_HSCEDM13J00004_7012_HSCEDM12D00001_7012,P00018,2015-07-16,-8036.75,"THE GEO GROUP, INC.",JMLKZZ1NL2Z6,DO,U.S. Immigration and Customs Enforcement,561210,FACILITIES SUPPORT SERVICES,S206,HOUSEKEEPING- GUARD,"""OTHER FUNCTION"" - IGF::OT::IGF SOUTH TEXAS DETENTION COMPLEX CONTRACT HSCEDM-12-D-00001"
HSCEDM15J00017,CONT_AWD_HSCEDM15J00017_7012_HSCEDM14A00001_7012,P00002,2015-07-16,1219119.9,"THE GEO GROUP, INC.",JMLKZZ1NL2Z6,BPA,U.S. Immigration and Customs Enforcement,922140,CORRECTIONAL INSTITUTIONS,S206,HOUSEKEEPING- GUARD,IGF::CT::IGF RIO GRANDE DETENTION FACILITY DOJ NUMBER ODT-7-C-0003.
HSCEDM14J00033,CONT_AWD_HSCEDM14J00033_7012_HSCEDM14D00004_7012,P00008,2015-07-21,-0.02,B.I. INCORPORATED,PKK6L9KLMYR5,DO,U.S. Immigration and Customs Enforcement,561210,FACILITIES SUPPORT SERVICES,R408,SUPPORT- PROFESSIONAL: PROGRAM MANAGEMENT/SUPPORT,IGF::CT::IGF INTENSIVE SUPERVISION APPEARANCE PROGRAM III FOR ATD.
HSCEDM15J00024,CONT_AWD_HSCEDM15J00024_7012_HSCEDM15D00006_7012,P00001,2015-07-23,4028533.58,"THE GEO GROUP, INC.",JMLKZZ1NL2Z6,DO,U.S. Immigration and Customs Enforcement,561210,FACILITIES SUPPORT SERVICES,S206,HOUSEKEEPING- GUARD,IGF::CL::IGF DETENTION SERVICES AT BROWARD TRANSITIONAL CENTER
HSCEDM15J00003,CONT_AWD_HSCEDM15J00003_7012_HSCEDM10D00001_7012,P00007,2015-07-29,10366992.9,"THE GEO GROUP, INC.",JMLKZZ1NL2Z6,DO,U.S. Immigration and Customs Enforcement,561210,FACILITIES SUPPORT SERVICES,S206,HOUSEKEEPING- GUARD,"IGF::CT::IGF DETENTION, TRANSPORTATION AND FOOD SERVICES"
HSCEDM14J00031,CONT_AWD_HSCEDM14J00031_7012_HSCEDM11D00003_7012,P00009,2015-07-30,1002896.78,"THE GEO GROUP, INC.",JMLKZZ1NL2Z6,DO,U.S. Immigration and Customs Enforcement,561210,FACILITIES SUPPORT SERVICES,S206,HOUSEKEEPING- GUARD,"IGF::CT::IGF. DETENTION MANAGEMENT, MEDICAL, TRANSPORTATION, FOOD SERVICES FOR DHS/ICE AURORA, CO GEO GROUP COCA FACILITY."
HSCEDM15J00024,CONT_AWD_HSCEDM15J00024_7012_HSCEDM15D00006_7012,P00002,2015-08-11,307032.0,"THE GEO GROUP, INC.",JMLKZZ1NL2Z6,DO,U.S. Immigration and Customs Enforcement,561210,FACILITIES SUPPORT SERVICES,S206,HOUSEKEEPING- GUARD,IGF::CL::IGF DETENTION SERVICES AT BROWARD TRANSITIONAL CENTER
HSCEDM15J00029,CONT_AWD_HSCEDM15J00029_7012_HSCEDM11D00003_7012,0,2015-08-20,3138663.66,"THE GEO GROUP, INC.",JMLKZZ1NL2Z6,DO,U.S. Immigration and Customs Enforcement,561210,FACILITIES SUPPORT SERVICES,S206,HOUSEKEEPING- GUARD,"IGF::CT::IGF CRITICAL FUNCTION. DETENTION MANAGEMENT, MEDICAL SERVICES, TRANSPORTATION SERVICES, FOOD SERVICES FOR DHS/ICE AURORA, CO AT GEO GROUP COCA FACILITY."
HSCECR13J00026,CONT_AWD_HSCECR13J00026_7012_HSCECR09D00002_7012,P00007,2015-08-21,-1252086.25,B.I. INCORPORATED,PKK6L9KLMYR5,DO,U.S. Immigration and Customs Enforcement,561210,FACILITIES SUPPORT SERVICES,R408,SUPPORT- PROFESSIONAL: PROGRAM MANAGEMENT/SUPPORT,ISAP II CONTRACT FOR ALTERNATIVES TO DETENTION PROGRAM OFFICE IGF::OT::IGF
HSCEDM15F00009,CONT_AWD_HSCEDM15F00009_7012_HSCEDM09D00006_7012,P00003,2015-08-21,69701.82,"THE GEO GROUP, INC.",JMLKZZ1NL2Z6,DO,U.S. Immigration and Customs Enforcement,561621,SECURITY SYSTEMS SERVICES (EXCEPT LOCKSMITHS),S206,HOUSEKEEPING- GUARD,IGF::CT::IGF FUNDING FOR TASK ORDER TO SERVE AS BRIDGE CONTRACT.
HSCEDM14J00033,CONT_AWD_HSCEDM14J00033_7012_HSCEDM14D00004_7012,P00009,2015-08-25,-2299950.27,B.I. INCORPORATED,PKK6L9KLMYR5,DO,U.S. Immigration and Customs Enforcement,561210,FACILITIES SUPPORT SERVICES,R408,SUPPORT- PROFESSIONAL: PROGRAM MANAGEMENT/SUPPORT,IGF::CT::IGF INTENSIVE SUPERVISION APPEARANCE PROGRAM III FOR ATD.
HSCEDM15J00003,CONT_AWD_HSCEDM15J00003_7012_HSCEDM10D00001_7012,P00008,2015-08-27,3421134.9,"THE GEO GROUP, INC.",JMLKZZ1NL2Z6,DO,U.S. Immigration and Customs Enforcement,561210,FACILITIES SUPPORT SERVICES,S206,HOUSEKEEPING- GUARD,"IGF::CT::IGF DETENTION, TRANSPORTATION AND FOOD SERVICES"
HSCEDM15J00032,CONT_AWD_HSCEDM15J00032_7012_HSCEDM14D00004_7012,0,2015-08-27,6399999.94,B.I. INCORPORATED,PKK6L9KLMYR5,DO,U.S. Immigration and Customs Enforcement,561210,FACILITIES SUPPORT SERVICES,R408,SUPPORT- PROFESSIONAL: PROGRAM MANAGEMENT/SUPPORT,IGF::CT::IGF ISAP III CONTRACT OPTION YEAR 1 FOR THE ALTERNATIVES TO DETENTION UNIT
HSCEDM15F00009,CONT_AWD_HSCEDM15F00009_7012_HSCEDM09D00006_7012,P00004,2015-09-02,-216407.19,"THE GEO GROUP, INC.",JMLKZZ1NL2Z6,DO,U.S. Immigration and Customs Enforcement,561621,SECURITY SYSTEMS SERVICES (EXCEPT LOCKSMITHS),S206,HOUSEKEEPING- GUARD,IGF::CT::IGF DETENTION SERVICES AT BROWARD TRANSITIONAL SERVICES
HSCEDM15J00036,CONT_AWD_HSCEDM15J00036_7012_HSCEDM11D00003_7012,0,2015-09-04,160453.25,"THE GEO GROUP, INC.",JMLKZZ1NL2Z6,DELIVERY ORDER,U.S. Immigration and Customs Enforcement,561210,FACILITIES SUPPORT SERVICES,S206,HOUSEKEEPING- GUARD,"IGF::CT::IGF CRITICAL FUNCTION. DETENTION MANAGEMENT, MEDICAL SERVICES, TRANSPORTATION SERVICES, FOOD SERVICES FOR DHS/ICE AURORA, CO AT GEO GROUP COCA FACILITY."
HSCEDM15J00024,CONT_AWD_HSCEDM15J00024_7012_HSCEDM15D00006_7012,P00003,2015-09-15,44660.0,"THE GEO GROUP, INC.",JMLKZZ1NL2Z6,DO,U.S. Immigration and Customs Enforcement,561210,FACILITIES SUPPORT SERVICES,S206,HOUSEKEEPING- GUARD,IGF::CL::IGF DETENTION SERVICES AT BROWARD TRANSITIONAL CENTER
HSCEDM15J00036,CONT_AWD_HSCEDM15J00036_7012_HSCEDM11D00003_7012,P00001,2015-09-18,74625.75,"THE GEO GROUP, INC.",JMLKZZ1NL2Z6,DO,U.S. Immigration and Customs Enforcement,561210,FACILITIES SUPPORT SERVICES,S206,HOUSEKEEPING- GUARD,"IGF::CT::IGF CRITICAL FUNCTION. DETENTION MANAGEMENT, MEDICAL SERVICES, TRANSPORTATION SERVICES, FOOD SERVICES FOR DHS/ICE AURORA, CO AT GEO GROUP COCA FACILITY."
HSCEDM14J00033,CONT_AWD_HSCEDM14J00033_7012_HSCEDM14D00004_7012,P00010,2015-09-21,20032.71,B.I. INCORPORATED,PKK6L9KLMYR5,DO,U.S. Immigration and Customs Enforcement,561210,FACILITIES SUPPORT SERVICES,R408,SUPPORT- PROFESSIONAL: PROGRAM MANAGEMENT/SUPPORT,IGF::CT::IGF INTENSIVE SUPERVISION APPEARANCE PROGRAM III FOR ATD.
HSCEDM15J00032,CONT_AWD_HSCEDM15J00032_7012_HSCEDM14D00004_7012,P00001,2015-09-21,13000000.0,B.I. INCORPORATED,PKK6L9KLMYR5,DO,U.S. Immigration and Customs Enforcement,561210,FACILITIES SUPPORT SERVICES,R408,SUPPORT- PROFESSIONAL: PROGRAM MANAGEMENT/SUPPORT,IGF::CT::IGF ISAP III CONTRACT OPTION YEAR 1 FOR THE ALTERNATIVES TO DETENTION UNIT
HSCEDM15J00004,CONT_AWD_HSCEDM15J00004_7012_HSCEDM12D00001_7012,P00007,2015-09-24,3069735.49,"THE GEO GROUP, INC.",JMLKZZ1NL2Z6,DO,U.S. Immigration and Customs Enforcement,561210,FACILITIES SUPPORT SERVICES,S206,HOUSEKEEPING- GUARD,REFERENCE SOUTH TEXAS DETENTION COMPLEX CONTRACT HSCEDM-12-D-00001 WITH THE GEO GROUP. OPTION YEAR 3 IGF::OT::IGF
HSCEDM15J00038,CONT_AWD_HSCEDM15J00038_7012_HSCEDM15D00015_7012,0,2015-09-24,11474016.16,"THE GEO GROUP, INC.",JMLKZZ1NL2Z6,DELIVERY ORDER,U.S. Immigration and Customs Enforcement,561210,FACILITIES SUPPORT SERVICES,S206,HOUSEKEEPING- GUARD,"IGF::CT::IGF DETENTION, TRANSPORTATION AND FOOD SERVICES"
HSCEDM15J00004,CONT_AWD_HSCEDM15J00004_7012_HSCEDM12D00001_7012,P00008,2015-09-25,3636820.0,"THE GEO GROUP, INC.",JMLKZZ1NL2Z6,DO,U.S. Immigration and Customs Enforcement,561210,FACILITIES SUPPORT SERVICES,S206,HOUSEKEEPING- GUARD,REFERENCE SOUTH TEXAS DETENTION COMPLEX CONTRACT HSCEDM-12-D-00001 WITH THE GEO GROUP. OPTION YEAR 3 IGF::OT::IGF
HSCEDM15J00032,CONT_AWD_HSCEDM15J00032_7012_HSCEDM14D00004_7012,P00002,2015-09-25,2800000.0,B.I. INCORPORATED,PKK6L9KLMYR5,DO,U.S. Immigration and Customs Enforcement,561210,FACILITIES SUPPORT SERVICES,R408,SUPPORT- PROFESSIONAL: PROGRAM MANAGEMENT/SUPPORT,IGF::CT::IGF ISAP III CONTRACT OPTION YEAR 1 FOR THE ALTERNATIVES TO DETENTION UNIT
HSCEDM15J00024,CONT_AWD_HSCEDM15J00024_7012_HSCEDM15D00006_7012,P00004,2015-09-29,77941.5,"THE GEO GROUP, INC.",JMLKZZ1NL2Z6,DO,U.S. Immigration and Customs Enforcement,561210,FACILITIES SUPPORT SERVICES,S206,HOUSEKEEPING- GUARD,IGF::CL::IGF DETENTION SERVICES AT BROWARD TRANSITIONAL CENTER
HSCEDM15J00032,CONT_AWD_HSCEDM15J00032_7012_HSCEDM14D00004_7012,P00003,2015-09-30,868208.0,B.I. INCORPORATED,PKK6L9KLMYR5,DO,U.S. Immigration and Customs Enforcement,561210,FACILITIES SUPPORT SERVICES,R408,SUPPORT- PROFESSIONAL: PROGRAM MANAGEMENT/SUPPORT,IGF::CT::IGF ISAP III CONTRACT OPTION YEAR 1 FOR THE ALTERNATIVES TO DETENTION UNIT
HSCEDM15J00032,CONT_AWD_HSCEDM15J00032_7012_HSCEDM14D00004_7012,P00004,2015-09-30,214508.0,B.I. INCORPORATED,PKK6L9KLMYR5,DO,U.S. Immigration and Customs Enforcement,561210,FACILITIES SUPPORT SERVICES,R408,SUPPORT- PROFESSIONAL: PROGRAM MANAGEMENT/SUPPORT,IGF::CT::IGF ISAP III CONTRACT OPTION YEAR 1 FOR THE ALTERNATIVES TO DETENTION UNIT
HSCEDM15J00032,CONT_AWD_HSCEDM15J00032_7012_HSCEDM14D00004_7012,P00005,2015-09-30,109999.8,B.I. INCORPORATED,PKK6L9KLMYR5,DO,U.S. Immigration and Customs Enforcement,561210,FACILITIES SUPPORT SERVICES,R408,SUPPORT- PROFESSIONAL: PROGRAM MANAGEMENT/SUPPORT,IGF::CT::IGF ISAP III CONTRACT OPTION YEAR 1 FOR THE ALTERNATIVES TO DETENTION UNIT
HSCECR11J00001,CONT_AWD_HSCECR11J00001_7012_HSCECR09D00002_7012,P00015,2015-10-15,23324.4,B.I. INCORPORATED,PKK6L9KLMYR5,DELIVERY ORDER,U.S. Immigration and Customs Enforcement,561210,FACILITIES SUPPORT SERVICES,R408,SUPPORT- PROFESSIONAL: PROGRAM MANAGEMENT/SUPPORT,OPTION YEAR 1 TASK ORDER AWARD ISAP II (BASE CONTRACT# HSCECR-09-D-00002)
HSCECR12J00001,CONT_AWD_HSCECR12J00001_7012_HSCECR09D00002_7012,P00011,2015-10-15,1587.12,B.I. INCORPORATED,PKK6L9KLMYR5,DELIVERY ORDER,U.S. Immigration and Customs Enforcement,561210,FACILITIES SUPPORT SERVICES,R408,SUPPORT- PROFESSIONAL: PROGRAM MANAGEMENT/SUPPORT,ISAP II CONTRACT (HSCECR-09-D-00002) OPTION YEAR 2 TASK ORDER (HSCECR-12-J-00001)
HSCEDM15J00038,CONT_AWD_HSCEDM15J00038_7012_HSCEDM15D00015_7012,P00001,2015-10-21,5311117.45,"THE GEO GROUP, INC.",JMLKZZ1NL2Z6,DELIVERY ORDER,U.S. Immigration and Customs Enforcement,561210,FACILITIES SUPPORT SERVICES,S206,HOUSEKEEPING- GUARD,"IGF::CT::IGF DETENTION, TRANSPORTATION AND FOOD SERVICES"
HSCEDM16F00001,CONT_AWD_HSCEDM16F00001_7012_HSODT6C0002_7012,0,2015-10-21,10692.0,"THE GEO GROUP, INC.",JMLKZZ1NL2Z6,DELIVERY ORDER,U.S. Immigration and Customs Enforcement,561612,SECURITY GUARDS AND PATROL SERVICES,S206,HOUSEKEEPING- GUARD,"IGF::CL::IGF DETENTION SERVICES AT THE WESTERN REGION DETENTION FACILITY IN SAN DIEGO, CA"
HSCEDM15J00004,CONT_AWD_HSCEDM15J00004_7012_HSCEDM12D00001_7012,P00009,2015-10-28,1744450.49,"THE GEO GROUP, INC.",JMLKZZ1NL2Z6,DELIVERY ORDER,U.S. Immigration and Customs Enforcement,561210,FACILITIES SUPPORT SERVICES,S206,HOUSEKEEPING- GUARD,REFERENCE SOUTH TEXAS DETENTION COMPLEX CONTRACT HSCEDM-12-D-00001 WITH THE GEO GROUP. OPTION YEAR 3 IGF::OT::IGF
HSCECR09J00040,CONT_AWD_HSCECR09J00040_7012_HSCECR09D00002_7012,P00014,2015-10-29,7884.17,B.I. INCORPORATED,PKK6L9KLMYR5,DELIVERY ORDER,U.S. Immigration and Customs Enforcement,561210,FACILITIES SUPPORT SERVICES,R408,SUPPORT- PROFESSIONAL: PROGRAM MANAGEMENT/SUPPORT,ISAP II
HSCEDM15J00038,CONT_AWD_HSCEDM15J00038_7012_HSCEDM15D00015_7012,P00002,2015-11-05,0.0,"THE GEO GROUP, INC.",JMLKZZ1NL2Z6,DELIVERY ORDER,U.S. Immigration and Customs Enforcement,561210,FACILITIES SUPPORT SERVICES,S206,HOUSEKEEPING- GUARD,"IGF::CT::IGF DETENTION, TRANSPORTATION AND FOOD SERVICES"
HSCEDM15J00017,CONT_AWD_HSCEDM15J00017_7012_HSCEDM14A00001_7012,P00003,2015-11-10,715824.0,"THE GEO GROUP, INC.",JMLKZZ1NL2Z6,BPA CALL,U.S. Immigration and Customs Enforcement,922140,CORRECTIONAL INSTITUTIONS,S206,HOUSEKEEPING- GUARD,IGF::CT::IGF DETENTION AND DETENTION RELATED SERVICES.
HSCEDM15J00032,CONT_AWD_HSCEDM15J00032_7012_HSCEDM14D00004_7012,P00006,2015-11-19,476007.0,B.I. INCORPORATED,PKK6L9KLMYR5,DELIVERY ORDER,U.S. Immigration and Customs Enforcement,561210,FACILITIES SUPPORT SERVICES,R408,SUPPORT- PROFESSIONAL: PROGRAM MANAGEMENT/SUPPORT,IGF::CT::IGF ISAP III CONTRACT OPTION YEAR 1 FOR THE ALTERNATIVES TO DETENTION UNIT
HSCECR11J00001,CONT_AWD_HSCECR11J00001_7012_HSCECR09D00002_7012,P00016,2015-11-24,0.0,B.I. INCORPORATED,PKK6L9KLMYR5,DELIVERY ORDER,U.S. Immigration and Customs Enforcement,561210,FACILITIES SUPPORT SERVICES,R408,SUPPORT- PROFESSIONAL: PROGRAM MANAGEMENT/SUPPORT,OPTION YEAR 1 TASK ORDER AWARD ISAP II (BASE CONTRACT# HSCECR-09-D-00002)
HSCECR12J00001,CONT_AWD_HSCECR12J00001_7012_HSCECR09D00002_7012,P00012,2015-11-24,0.0,B.I. INCORPORATED,PKK6L9KLMYR5,DELIVERY ORDER,U.S. Immigration and Customs Enforcement,561210,FACILITIES SUPPORT SERVICES,R408,SUPPORT- PROFESSIONAL: PROGRAM MANAGEMENT/SUPPORT,ISAP II CONTRACT (HSCECR-09-D-00002) OPTION YEAR 2 TASK ORDER (HSCECR-12-J-00001)
HSCEDM15J00029,CONT_AWD_HSCEDM15J00029_7012_HSCEDM11D00003_7012,P00001,2015-11-24,4046424.14,"THE GEO GROUP, INC.",JMLKZZ1NL2Z6,DELIVERY ORDER,U.S. Immigration and Customs Enforcement,561210,FACILITIES SUPPORT SERVICES,S206,HOUSEKEEPING- GUARD,IGF::CT::IGF DETENTION SERVICES
HSCEDM16J00004,CONT_AWD_HSCEDM16J00004_7012_HSCEDM12D00001_7012,0,2015-11-24,4319134.06,"THE GEO GROUP, INC.",JMLKZZ1NL2Z6,DELIVERY ORDER,U.S. Immigration and Customs Enforcement,561210,FACILITIES SUPPORT SERVICES,S206,HOUSEKEEPING- GUARD,DETENTION AND DETENTION RELATED SERVICE. IGF::OT::IGF.
HSCEDM14J00008,CONT_AWD_HSCEDM14J00008_7012_HSCEDM12D00001_7012,P00013,2015-12-14,-10395.17,"THE GEO GROUP, INC.",JMLKZZ1NL2Z6,DELIVERY ORDER,U.S. Immigration and Customs Enforcement,561210,FACILITIES SUPPORT SERVICES,S206,HOUSEKEEPING- GUARD,GEO GROUP CONTRACT HSCEDM-12-D-00001 FOR SOUTH TEXAS DETENTION COMPLEX.  TASK ORDER HSCEDM-14-J-00008 IGF::OT::IGF
HSCEDM15J00017,CONT_AWD_HSCEDM15J00017_7012_HSCEDM14A00001_7012,P00004,2015-12-23,290585.0,"THE GEO GROUP, INC.",JMLKZZ1NL2Z6,BPA CALL,U.S. Immigration and Customs Enforcement,922140,CORRECTIONAL INSTITUTIONS,S206,HOUSEKEEPING- GUARD,IGF::CT::IGF DETENTION AND DETENTION RELATED SERVICES.
HSCEDM16J00004,CONT_AWD_HSCEDM16J00004_7012_HSCEDM12D00001_7012,P00001,2015-12-24,4752205.55,"THE GEO GROUP, INC.",JMLKZZ1NL2Z6,DELIVERY ORDER,U.S. Immigration and Customs Enforcement,561210,FACILITIES SUPPORT SERVICES,S206,HOUSEKEEPING- GUARD,DETENTION SERVICE. IGF::OT::IGF.
HSCEDM15J00038,CONT_AWD_HSCEDM15J00038_7012_HSCEDM15D00015_7012,P00003,2016-01-05,4844029.75,"THE GEO GROUP, INC.",JMLKZZ1NL2Z6,DELIVERY ORDER,U.S. Immigration and Customs Enforcement,561210,FACILITIES SUPPORT SERVICES,S206,HOUSEKEEPING- GUARD,"IGF::CT::IGF DETENTION, TRANSPORTATION AND FOOD SERVICES"
HSCEDM16P00015,CONT_AWD_HSCEDM16P00015_7012_-NONE-_-NONE-,0,2016-01-13,4644.0,"CORNELL COMPANIES, INC.",TLDCDE29G781,PURCHASE ORDER,U.S. Immigration and Customs Enforcement,561210,FACILITIES SUPPORT SERVICES,S206,HOUSEKEEPING- GUARD,IGF::OT::IGF DETENTION SERVICES
HSCEDM16J00004,CONT_AWD_HSCEDM16J00004_7012_HSCEDM12D00001_7012,P00002,2016-01-14,8407212.79,"THE GEO GROUP, INC.",JMLKZZ1NL2Z6,DELIVERY ORDER,U.S. Immigration and Customs Enforcement,561210,FACILITIES SUPPORT SERVICES,S206,HOUSEKEEPING- GUARD,DETENTION SERVICE. IGF::OT::IGF.
HSCEDM15J00029,CONT_AWD_HSCEDM15J00029_7012_HSCEDM11D00003_7012,P00002,2016-01-22,2136349.74,"THE GEO GROUP, INC.",JMLKZZ1NL2Z6,DELIVERY ORDER,U.S. Immigration and Customs Enforcement,561210,FACILITIES SUPPORT SERVICES,S206,HOUSEKEEPING- GUARD,IGF::CT::IGF DETENTION SERVICES
HSCEDM15J00003,CONT_AWD_HSCEDM15J00003_7012_HSCEDM10D00001_7012,P00009,2016-01-27,-775970.44,"THE GEO GROUP, INC.",JMLKZZ1NL2Z6,DELIVERY ORDER,U.S. Immigration and Customs Enforcement,561210,FACILITIES SUPPORT SERVICES,S206,HOUSEKEEPING- GUARD,"IGF::CT::IGF DETENTION, TRANSPORTATION AND FOOD SERVICES"
HSCEDM15J00029,CONT_AWD_HSCEDM15J00029_7012_HSCEDM11D00003_7012,P00003,2016-01-28,2004145.48,"THE GEO GROUP, INC.",JMLKZZ1NL2Z6,DELIVERY ORDER,U.S. Immigration and Customs Enforcement,561210,FACILITIES SUPPORT SERVICES,S206,HOUSEKEEPING- GUARD,IGF::CT::IGF DETENTION SERVICES
HSCEDM15J00038,CONT_AWD_HSCEDM15J00038_7012_HSCEDM15D00015_7012,P00004,2016-01-28,4318613.87,"THE GEO GROUP, INC.",JMLKZZ1NL2Z6,DELIVERY ORDER,U.S. Immigration and Customs Enforcement,561210,FACILITIES SUPPORT SERVICES,S206,HOUSEKEEPING- GUARD,"IGF::CT::IGF DETENTION, TRANSPORTATION AND FOOD SERVICES"
HSCEDM15J00017,CONT_AWD_HSCEDM15J00017_7012_HSCEDM14A00001_7012,P00005,2016-02-02,337148.83,"THE GEO GROUP, INC.",JMLKZZ1NL2Z6,BPA CALL,U.S. Immigration and Customs Enforcement,922140,CORRECTIONAL INSTITUTIONS,S206,HOUSEKEEPING- GUARD,IGF::CT::IGF DETENTION AND DETENTION RELATED SERVICES.
HSCEDM15J00024,CONT_AWD_HSCEDM15J00024_7012_HSCEDM15D00006_7012,P00005,2016-02-02,921096.0,"THE GEO GROUP, INC.",JMLKZZ1NL2Z6,DELIVERY ORDER,U.S. Immigration and Customs Enforcement,561210,FACILITIES SUPPORT SERVICES,S206,HOUSEKEEPING- GUARD,IGF::CL::IGF DETENTION SERVICES AT BROWARD TRANSITIONAL CENTER
HSCECR14J00001,CONT_AWD_HSCECR14J00001_7012_HSCECR09D00002_7012,P00005,2016-02-08,-2321695.29,B.I. INCORPORATED,PKK6L9KLMYR5,DELIVERY ORDER,U.S. Immigration and Customs Enforcement,561210,FACILITIES SUPPORT SERVICES,R408,SUPPORT- PROFESSIONAL: PROGRAM MANAGEMENT/SUPPORT,IGF::OT::IGF ISAP II CONTRACT HSCECR-09-D-0002 TASK ORDER HSCECR-14-J-00001
HSCEDM15J00029,CONT_AWD_HSCEDM15J00029_7012_HSCEDM11D00003_7012,P00004,2016-02-10,71725.41,"THE GEO GROUP, INC.",JMLKZZ1NL2Z6,DELIVERY ORDER,U.S. Immigration and Customs Enforcement,561210,FACILITIES SUPPORT SERVICES,S206,HOUSEKEEPING- GUARD,IGF::CT::IGF DETENTION SERVICES
HSCEDM15J00029,CONT_AWD_HSCEDM15J00029_7012_HSCEDM11D00003_7012,P00005,2016-02-10,0.0,"THE GEO GROUP, INC.",JMLKZZ1NL2Z6,DELIVERY ORDER,U.S. Immigration and Customs Enforcement,561210,FACILITIES SUPPORT SERVICES,S206,HOUSEKEEPING- GUARD,IGF::CT::IGF DETENTION SERVICES
HSCEDM15J00032,CONT_AWD_HSCEDM15J00032_7012_HSCEDM14D00004_7012,P00007,2016-02-23,16400000.0,B.I. INCORPORATED,PKK6L9KLMYR5,DELIVERY ORDER,U.S. Immigration and Customs Enforcement,561210,FACILITIES SUPPORT SERVICES,R408,SUPPORT- PROFESSIONAL: PROGRAM MANAGEMENT/SUPPORT,IGF::CT::IGF ISAP III CONTRACT OPTION YEAR 1 FOR THE ALTERNATIVES TO DETENTION UNIT
HSCEDM15J00029,CONT_AWD_HSCEDM15J00029_7012_HSCEDM11D00003_7012,P00006,2016-02-26,4120834.44,"THE GEO GROUP, INC.",JMLKZZ1NL2Z6,DELIVERY ORDER,U.S. Immigration and Customs Enforcement,561210,FACILITIES SUPPORT SERVICES,S206,HOUSEKEEPING- GUARD,IGF::CT::IGF DETENTION SERVICES
HSCEDM15J00024,CONT_AWD_HSCEDM15J00024_7012_HSCEDM15D00006_7012,P00006,2016-02-29,307032.0,"THE GEO GROUP, INC.",JMLKZZ1NL2Z6,DELIVERY ORDER,U.S. Immigration and Customs Enforcement,561210,FACILITIES SUPPORT SERVICES,S206,HOUSEKEEPING- GUARD,IGF::CL::IGF DETENTION SERVICES AT BROWARD TRANSITIONAL CENTER
HSCEDM16J00004,CONT_AWD_HSCEDM16J00004_7012_HSCEDM12D00001_7012,P00003,2016-03-02,4333312.57,"THE GEO GROUP, INC.",JMLKZZ1NL2Z6,DELIVERY ORDER,U.S. Immigration and Customs Enforcement,561210,FACILITIES SUPPORT SERVICES,S206,HOUSEKEEPING- GUARD,DETENTION SERVICE. IGF::OT::IGF.
HSCEDM15J00017,CONT_AWD_HSCEDM15J00017_7012_HSCEDM14A00001_7012,P00006,2016-03-08,427732.42,"THE GEO GROUP, INC.",JMLKZZ1NL2Z6,BPA CALL,U.S. Immigration and Customs Enforcement,922140,CORRECTIONAL INSTITUTIONS,S206,HOUSEKEEPING- GUARD,IGF::CT::IGF DETENTION AND DETENTION RELATED SERVICES.
HSCEDM16J00004,CONT_AWD_HSCEDM16J00004_7012_HSCEDM12D00001_7012,P00004,2016-03-08,0.0,"THE GEO GROUP, INC.",JMLKZZ1NL2Z6,DELIVERY ORDER,U.S. Immigration and Customs Enforcement,561210,FACILITIES SUPPORT SERVICES,S206,HOUSEKEEPING- GUARD,DETENTION SERVICE. IGF::OT::IGF.
HSCEDM15P00017,CONT_AWD_HSCEDM15P00017_7012_-NONE-_-NONE-,P00007,2016-03-09,-10829.39,"CORNELL COMPANIES, INC.",TLDCDE29G781,PURCHASE ORDER,U.S. Immigration and Customs Enforcement,561210,FACILITIES SUPPORT SERVICES,S206,HOUSEKEEPING- GUARD,IGF::OT::IGF  USE FACILITIES DUE TO POSSIBLE BAD WEATHER AND SHUTDOWN OF OFFICES IF ICE DOES HIT THE  WEST TEXAS AREA AND DFW AREA.
HSCEDM15J00029,CONT_AWD_HSCEDM15J00029_7012_HSCEDM11D00003_7012,P00007,2016-03-11,12596.5,"THE GEO GROUP, INC.",JMLKZZ1NL2Z6,DELIVERY ORDER,U.S. Immigration and Customs Enforcement,561210,FACILITIES SUPPORT SERVICES,S206,HOUSEKEEPING- GUARD,IGF::CT::IGF  DETENTION SERVICES
HSCEDM14J00031,CONT_AWD_HSCEDM14J00031_7012_HSCEDM11D00003_7012,P00010,2016-03-15,-313380.94,"THE GEO GROUP, INC.",JMLKZZ1NL2Z6,DELIVERY ORDER,U.S. Immigration and Customs Enforcement,561210,FACILITIES SUPPORT SERVICES,S206,HOUSEKEEPING- GUARD,"IGF::CT::IGF. DETENTION MANAGEMENT, MEDICAL, TRANSPORTATION, FOOD SERVICES FOR DHS/ICE AURORA, CO GEO GROUP COCA FACILITY."
HSCEDM15J00004,CONT_AWD_HSCEDM15J00004_7012_HSCEDM12D00001_7012,P00010,2016-03-15,-330443.48,"THE GEO GROUP, INC.",JMLKZZ1NL2Z6,DELIVERY ORDER,U.S. Immigration and Customs Enforcement,561210,FACILITIES SUPPORT SERVICES,S206,HOUSEKEEPING- GUARD,REFERENCE SOUTH TEXAS DETENTION COMPLEX CONTRACT HSCEDM-12-D-00001 WITH THE GEO GROUP. OPTION YEAR 3 IGF::OT::IGF
HSCEDM15J00017,CONT_AWD_HSCEDM15J00017_7012_HSCEDM14A00001_7012,P00007,2016-03-22,0.0,"THE GEO GROUP, INC.",JMLKZZ1NL2Z6,BPA CALL,U.S. Immigration and Customs Enforcement,922140,CORRECTIONAL INSTITUTIONS,S206,HOUSEKEEPING- GUARD,IGF::CT::IGF DETENTION AND DETENTION RELATED SERVICES.
HSCEDM15J00038,CONT_AWD_HSCEDM15J00038_7012_HSCEDM15D00015_7012,P00005,2016-03-28,10135787.16,"THE GEO GROUP, INC.",JMLKZZ1NL2Z6,DELIVERY ORDER,U.S. Immigration and Customs Enforcement,561210,FACILITIES SUPPORT SERVICES,S206,HOUSEKEEPING- GUARD,"IGF::CT::IGF DETENTION, TRANSPORTATION AND FOOD SERVICES"
HSCEDM16J00017,CONT_AWD_HSCEDM16J00017_7012_HSCEDM14A00001_7012,0,2016-04-01,521190.78,"THE GEO GROUP, INC.",JMLKZZ1NL2Z6,BPA CALL,U.S. Immigration and Customs Enforcement,922140,CORRECTIONAL INSTITUTIONS,S206,HOUSEKEEPING- GUARD,IGF::CT::IGF RIO GRANDE DETENTION CENTER
HSCEDM15J00024,CONT_AWD_HSCEDM15J00024_7012_HSCEDM15D00006_7012,P00007,2016-04-13,620775.6,"THE GEO GROUP, INC.",JMLKZZ1NL2Z6,DELIVERY ORDER,U.S. Immigration and Customs Enforcement,561210,FACILITIES SUPPORT SERVICES,S206,HOUSEKEEPING- GUARD,IGF::CL::IGF DETENTION SERVICES AT BROWARD TRANSITIONAL CENTER
HSCEDM15J00032,CONT_AWD_HSCEDM15J00032_7012_HSCEDM14D00004_7012,P00008,2016-04-15,6168793.5,B.I. INCORPORATED,PKK6L9KLMYR5,DELIVERY ORDER,U.S. Immigration and Customs Enforcement,561210,FACILITIES SUPPORT SERVICES,R408,SUPPORT- PROFESSIONAL: PROGRAM MANAGEMENT/SUPPORT,IGF::CT::IGF ISAP III CONTRACT OPTION YEAR 1 FOR THE ALTERNATIVES TO DETENTION UNIT
HSCEDM15J00038,CONT_AWD_HSCEDM15J00038_7012_HSCEDM15D00015_7012,P00006,2016-04-20,14971908.26,"THE GEO GROUP, INC.",JMLKZZ1NL2Z6,DELIVERY ORDER,U.S. Immigration and Customs Enforcement,561210,FACILITIES SUPPORT SERVICES,S206,HOUSEKEEPING- GUARD,"IGF::CT::IGF DETENTION, TRANSPORTATION AND FOOD SERVICES"
HSCEDM16J00004,CONT_AWD_HSCEDM16J00004_7012_HSCEDM12D00001_7012,P00005,2016-04-21,13080716.31,"THE GEO GROUP, INC.",JMLKZZ1NL2Z6,DELIVERY ORDER,U.S. Immigration and Customs Enforcement,561210,FACILITIES SUPPORT SERVICES,S206,HOUSEKEEPING- GUARD,DETENTION SERVICE. IGF::OT::IGF.
HSCEDM16J00017,CONT_AWD_HSCEDM16J00017_7012_HSCEDM14A00001_7012,P00001,2016-04-22,1497880.4,"THE GEO GROUP, INC.",JMLKZZ1NL2Z6,BPA CALL,U.S. Immigration and Customs Enforcement,922140,CORRECTIONAL INSTITUTIONS,S206,HOUSEKEEPING- GUARD,IGF::CT::IGF RIO GRANDE DETENTION CENTER
HSCEDM15J00032,CONT_AWD_HSCEDM15J00032_7012_HSCEDM14D00004_7012,P00009,2016-04-28,8742381.99,B.I. INCORPORATED,PKK6L9KLMYR5,DELIVERY ORDER,U.S. Immigration and Customs Enforcement,561210,FACILITIES SUPPORT SERVICES,R408,SUPPORT- PROFESSIONAL: PROGRAM MANAGEMENT/SUPPORT,IGF::CT::IGF ISAP III CONTRACT OPTION YEAR 1 FOR THE ALTERNATIVES TO DETENTION UNIT
HSCEDM15J00029,CONT_AWD_HSCEDM15J00029_7012_HSCEDM11D00003_7012,P00008,2016-04-29,7678602.66,"THE GEO GROUP, INC.",JMLKZZ1NL2Z6,DELIVERY ORDER,U.S. Immigration and Customs Enforcement,561210,FACILITIES SUPPORT SERVICES,S206,HOUSEKEEPING- GUARD,IGF::CT::IGF  DETENTION SERVICES
HSCEDM16J00004,CONT_AWD_HSCEDM16J00004_7012_HSCEDM12D00001_7012,P00006,2016-05-03,25148.78,"THE GEO GROUP, INC.",JMLKZZ1NL2Z6,DELIVERY ORDER,U.S. Immigration and Customs Enforcement,561210,FACILITIES SUPPORT SERVICES,S206,HOUSEKEEPING- GUARD,DETENTION SERVICE. IGF::OT::IGF.
HSCEDM16J00019,CONT_AWD_HSCEDM16J00019_7012_HSCEDM15D00006_7012,0,2016-05-03,2499950.73,"THE GEO GROUP, INC.",JMLKZZ1NL2Z6,DELIVERY ORDER,U.S. Immigration and Customs Enforcement,561210,FACILITIES SUPPORT SERVICES,S206,HOUSEKEEPING- GUARD,IGF::CT::IGF DETENTION SERVICES AT BROWARD TRANSITIONAL CENTER
HSCEDM16J00004,CONT_AWD_HSCEDM16J00004_7012_HSCEDM12D00001_7012,P00007,2016-05-05,85661.88,"THE GEO GROUP, INC.",JMLKZZ1NL2Z6,DELIVERY ORDER,U.S. Immigration and Customs Enforcement,561210,FACILITIES SUPPORT SERVICES,S206,HOUSEKEEPING- GUARD,DETENTION SERVICE. IGF::OT::IGF.
HSCEDM15J00029,CONT_AWD_HSCEDM15J00029_7012_HSCEDM11D00003_7012,P00009,2016-06-01,0.0,"THE GEO GROUP, INC.",JMLKZZ1NL2Z6,DELIVERY ORDER,U.S. Immigration and Customs Enforcement,561210,FACILITIES SUPPORT SERVICES,S206,HOUSEKEEPING- GUARD,IGF::CT::IGF  DETENTION SERVICES
HSCEDM15J00017,CONT_AWD_HSCEDM15J00017_7012_HSCEDM14A00001_7012,P00008,2016-06-16,-437660.01,"THE GEO GROUP, INC.",JMLKZZ1NL2Z6,BPA CALL,U.S. Immigration and Customs Enforcement,922140,CORRECTIONAL INSTITUTIONS,S206,HOUSEKEEPING- GUARD,IGF::CT::IGF DETENTION AND DETENTION RELATED SERVICES.
HSCEDM15J00029,CONT_AWD_HSCEDM15J00029_7012_HSCEDM11D00003_7012,P00010,2016-06-20,0.0,"THE GEO GROUP, INC.",JMLKZZ1NL2Z6,DELIVERY ORDER,U.S. Immigration and Customs Enforcement,561210,FACILITIES SUPPORT SERVICES,S206,HOUSEKEEPING- GUARD,IGF::CT::IGF  DETENTION SERVICES
HSCEDM15J00032,CONT_AWD_HSCEDM15J00032_7012_HSCEDM14D00004_7012,P00010,2016-06-29,35000.0,B.I. INCORPORATED,PKK6L9KLMYR5,DELIVERY ORDER,U.S. Immigration and Customs Enforcement,561210,FACILITIES SUPPORT SERVICES,R408,SUPPORT- PROFESSIONAL: PROGRAM MANAGEMENT/SUPPORT,IGF::CT::IGF ISAP III CONTRACT OPTION YEAR 1 FOR THE ALTERNATIVES TO DETENTION UNIT
HSCEDM15J00029,CONT_AWD_HSCEDM15J00029_7012_HSCEDM11D00003_7012,P00011,2016-07-13,1453186.27,"THE GEO GROUP, INC.",JMLKZZ1NL2Z6,DELIVERY ORDER,U.S. Immigration and Customs Enforcement,561210,FACILITIES SUPPORT SERVICES,S206,HOUSEKEEPING- GUARD,IGF::CT::IGF  DETENTION SERVICES
HSCEDM15J00038,CONT_AWD_HSCEDM15J00038_7012_HSCEDM15D00015_7012,P00007,2016-07-13,4890792.72,"THE GEO GROUP, INC.",JMLKZZ1NL2Z6,DELIVERY ORDER,U.S. Immigration and Customs Enforcement,561210,FACILITIES SUPPORT SERVICES,S206,HOUSEKEEPING- GUARD,"IGF::CT::IGF DETENTION, TRANSPORTATION AND FOOD SERVICES"
HSCEDM15J00032,CONT_AWD_HSCEDM15J00032_7012_HSCEDM14D00004_7012,P00011,2016-07-22,17702714.01,B.I. INCORPORATED,PKK6L9KLMYR5,DELIVERY ORDER,U.S. Immigration and Customs Enforcement,561210,FACILITIES SUPPORT SERVICES,R408,SUPPORT- PROFESSIONAL: PROGRAM MANAGEMENT/SUPPORT,IGF::CT::IGF ISAP III CONTRACT OPTION YEAR 1 FOR THE ALTERNATIVES TO DETENTION UNIT
HSCEDM16J00004,CONT_AWD_HSCEDM16J00004_7012_HSCEDM12D00001_7012,P00008,2016-08-08,3967894.65,"THE GEO GROUP, INC.",JMLKZZ1NL2Z6,DELIVERY ORDER,U.S. Immigration and Customs Enforcement,561210,FACILITIES SUPPORT SERVICES,S206,HOUSEKEEPING- GUARD,DETENTION SERVICE. IGF::OT::IGF.
HSCEDM15J00032,CONT_AWD_HSCEDM15J00032_7012_HSCEDM14D00004_7012,P00012,2016-08-10,0.0,B.I. INCORPORATED,PKK6L9KLMYR5,DELIVERY ORDER,U.S. Immigration and Customs Enforcement,561210,FACILITIES SUPPORT SERVICES,R408,SUPPORT- PROFESSIONAL: PROGRAM MANAGEMENT/SUPPORT,IGF::CT::IGF ISAP III CONTRACT OPTION YEAR 1 FOR THE ALTERNATIVES TO DETENTION UNIT
HSCEDM16J00017,CONT_AWD_HSCEDM16J00017_7012_HSCEDM14A00001_7012,P00002,2016-08-16,875408.0,"THE GEO GROUP, INC.",JMLKZZ1NL2Z6,BPA CALL,U.S. Immigration and Customs Enforcement,922140,CORRECTIONAL INSTITUTIONS,S206,HOUSEKEEPING- GUARD,IGF::CT::IGF RIO GRANDE DETENTION CENTER
HSCEDM16J00019,CONT_AWD_HSCEDM16J00019_7012_HSCEDM15D00006_7012,P00001,2016-08-16,3481520.8,"THE GEO GROUP, INC.",JMLKZZ1NL2Z6,DELIVERY ORDER,U.S. Immigration and Customs Enforcement,561210,FACILITIES SUPPORT SERVICES,S206,HOUSEKEEPING- GUARD,IGF::CT::IGF DETENTION SERVICES AT BROWARD TRANSITIONAL CENTER
HSCEDM16J00019,CONT_AWD_HSCEDM16J00019_7012_HSCEDM15D00006_7012,P00002,2016-08-23,0.0,"THE GEO GROUP, INC.",JMLKZZ1NL2Z6,DELIVERY ORDER,U.S. Immigration and Customs Enforcement,561210,FACILITIES SUPPORT SERVICES,S206,HOUSEKEEPING- GUARD,IGF::CT::IGF DETENTION SERVICES AT BROWARD TRANSITIONAL CENTER
HSCEDM15J00024,CONT_AWD_HSCEDM15J00024_7012_HSCEDM15D00006_7012,P00008,2016-08-24,-709432.79,"THE GEO GROUP, INC.",JMLKZZ1NL2Z6,DELIVERY ORDER,U.S. Immigration and Customs Enforcement,561210,FACILITIES SUPPORT SERVICES,S206,HOUSEKEEPING- GUARD,IGF::CL::IGF DETENTION MANAGEMENT SERVICES
HSCEDM15J00032,CONT_AWD_HSCEDM15J00032_7012_HSCEDM14D00004_7012,P00013,2016-08-24,0.0,B.I. INCORPORATED,PKK6L9KLMYR5,DELIVERY ORDER,U.S. Immigration and Customs Enforcement,561210,FACILITIES SUPPORT SERVICES,R408,SUPPORT- PROFESSIONAL: PROGRAM MANAGEMENT/SUPPORT,IGF::CT::IGF ISAP III CONTRACT OPTION YEAR 1 FOR THE ALTERNATIVES TO DETENTION UNIT
HSCEDM15J00038,CONT_AWD_HSCEDM15J00038_7012_HSCEDM15D00015_7012,P00008,2016-08-26,4501680.33,"THE GEO GROUP, INC.",JMLKZZ1NL2Z6,DELIVERY ORDER,U.S. Immigration and Customs Enforcement,561210,FACILITIES SUPPORT SERVICES,S206,HOUSEKEEPING- GUARD,"IGF::CT::IGF DETENTION, TRANSPORTATION AND FOOD SERVICES"
HSCEDM16J00019,CONT_AWD_HSCEDM16J00019_7012_HSCEDM15D00006_7012,P00003,2016-08-31,141184.05,"THE GEO GROUP, INC.",JMLKZZ1NL2Z6,DELIVERY ORDER,U.S. Immigration and Customs Enforcement,561210,FACILITIES SUPPORT SERVICES,S206,HOUSEKEEPING- GUARD,IGF::CT::IGF DETENTION SERVICES AT BROWARD TRANSITIONAL CENTER
HSCEDM16J00004,CONT_AWD_HSCEDM16J00004_7012_HSCEDM12D00001_7012,P00009,2016-09-01,4941301.44,"THE GEO GROUP, INC.",JMLKZZ1NL2Z6,DELIVERY ORDER,U.S. Immigration and Customs Enforcement,561210,FACILITIES SUPPORT SERVICES,S206,HOUSEKEEPING- GUARD,DETENTION SERVICE. IGF::OT::IGF.
HSCEDM16J00019,CONT_AWD_HSCEDM16J00019_7012_HSCEDM15D00006_7012,P00004,2016-09-01,1984231.33,"THE GEO GROUP, INC.",JMLKZZ1NL2Z6,DELIVERY ORDER,U.S. Immigration and Customs Enforcement,561210,FACILITIES SUPPORT SERVICES,S206,HOUSEKEEPING- GUARD,IGF::CT::IGF DETENTION SERVICES AT BROWARD TRANSITIONAL CENTER
HSCEDM16J00039,CONT_AWD_HSCEDM16J00039_7012_HSCEDM14D00004_7012,0,2016-09-01,5227855.75,B.I. INCORPORATED,PKK6L9KLMYR5,DELIVERY ORDER,U.S. Immigration and Customs Enforcement,561210,FACILITIES SUPPORT SERVICES,R408,SUPPORT- PROFESSIONAL: PROGRAM MANAGEMENT/SUPPORT,IGF::CT::IGF INTENSIVE SUPERVISION APPEARANCE PROGRAM (ISAP III) FOR ALTERNATIVES TO DETENTION
HSCEDM16J00042,CONT_AWD_HSCEDM16J00042_7012_HSCEDM11D00003_7012,0,2016-09-02,1027250.84,"THE GEO GROUP, INC.",JMLKZZ1NL2Z6,DELIVERY ORDER,U.S. Immigration and Customs Enforcement,561210,FACILITIES SUPPORT SERVICES,S206,HOUSEKEEPING- GUARD,"CONTRACT DETENTION FACILITY, AURORA, COLORADO  IGF::CT::IGF"
HSCEDM15J00032,CONT_AWD_HSCEDM15J00032_7012_HSCEDM14D00004_7012,P00014,2016-09-21,2919148.41,B.I. INCORPORATED,PKK6L9KLMYR5,DELIVERY ORDER,U.S. Immigration and Customs Enforcement,561210,FACILITIES SUPPORT SERVICES,R408,SUPPORT- PROFESSIONAL: PROGRAM MANAGEMENT/SUPPORT,IGF::CT::IGF ISAP III CONTRACT OPTION YEAR 1 FOR THE ALTERNATIVES TO DETENTION UNIT
HSCEDM16J00052,CONT_AWD_HSCEDM16J00052_7012_HSCEDM15D00015_7012,0,2016-09-21,5922260.22,"THE GEO GROUP, INC.",JMLKZZ1NL2Z6,DELIVERY ORDER,U.S. Immigration and Customs Enforcement,561210,FACILITIES SUPPORT SERVICES,S206,HOUSEKEEPING- GUARD,"IGF::CT::IGF DETENTION, TRANSPORTATION AND FOOD SERVICES"
HSCEDM16J00004,CONT_AWD_HSCEDM16J00004_7012_HSCEDM12D00001_7012,P00010,2016-09-22,40020.04,"THE GEO GROUP, INC.",JMLKZZ1NL2Z6,DELIVERY ORDER,U.S. Immigration and Customs Enforcement,561210,FACILITIES SUPPORT SERVICES,S206,HOUSEKEEPING- GUARD,DETENTION SERVICE. IGF::OT::IGF.
HSCEDM16J00039,CONT_AWD_HSCEDM16J00039_7012_HSCEDM14D00004_7012,P00001,2016-09-26,5941351.61,B.I. INCORPORATED,PKK6L9KLMYR5,DELIVERY ORDER,U.S. Immigration and Customs Enforcement,561210,FACILITIES SUPPORT SERVICES,R408,SUPPORT- PROFESSIONAL: PROGRAM MANAGEMENT/SUPPORT,IGF::CT::IGF INTENSIVE SUPERVISION APPEARANCE PROGRAM (ISAP III) FOR ALTERNATIVES TO DETENTION
HSCEDM16J00039,CONT_AWD_HSCEDM16J00039_7012_HSCEDM14D00004_7012,P00002,2016-09-29,83403.51,B.I. INCORPORATED,PKK6L9KLMYR5,DELIVERY ORDER,U.S. Immigration and Customs Enforcement,561210,FACILITIES SUPPORT SERVICES,R408,SUPPORT- PROFESSIONAL: PROGRAM MANAGEMENT/SUPPORT,IGF::CT::IGF INTENSIVE SUPERVISION APPEARANCE PROGRAM (ISAP III) FOR ALTERNATIVES TO DETENTION
HSCEDM16J00004,CONT_AWD_HSCEDM16J00004_7012_HSCEDM12D00001_7012,P00011,2016-09-30,2311679.0,"THE GEO GROUP, INC.",JMLKZZ1NL2Z6,DELIVERY ORDER,U.S. Immigration and Customs Enforcement,561210,FACILITIES SUPPORT SERVICES,S206,HOUSEKEEPING- GUARD,DETENTION SERVICE. IGF::OT::IGF.
HSCEDM16J00042,CONT_AWD_HSCEDM16J00042_7012_HSCEDM11D00003_7012,P00001,2016-10-13,3168161.2,"THE GEO GROUP, INC.",JMLKZZ1NL2Z6,DELIVERY ORDER,U.S. Immigration and Customs Enforcement,561210,FACILITIES SUPPORT SERVICES,S206,HOUSEKEEPING- GUARD,"CONTRACT DETENTION FACILITY, AURORA, COLORADO  IGF::CT::IGF"
HSCEDM16J00052,CONT_AWD_HSCEDM16J00052_7012_HSCEDM15D00015_7012,P00001,2016-10-17,5302913.07,"THE GEO GROUP, INC.",JMLKZZ1NL2Z6,DELIVERY ORDER,U.S. Immigration and Customs Enforcement,561210,FACILITIES SUPPORT SERVICES,S206,HOUSEKEEPING- GUARD,"IGF::CT::IGF DETENTION, TRANSPORTATION AND FOOD SERVICES"
HSCEDM16J00017,CONT_AWD_HSCEDM16J00017_7012_HSCEDM14A00001_7012,P00003,2016-10-18,589984.0,"THE GEO GROUP, INC.",JMLKZZ1NL2Z6,BPA CALL,U.S. Immigration and Customs Enforcement,922140,CORRECTIONAL INSTITUTIONS,S206,HOUSEKEEPING- GUARD,IGF::CT::IGF
HSCEDM16F00001,CONT_AWD_HSCEDM16F00001_7012_HSODT6C0002_7012,P00001,2016-10-19,1443.42,"THE GEO GROUP, INC.",JMLKZZ1NL2Z6,DELIVERY ORDER,U.S. Immigration and Customs Enforcement,561612,SECURITY GUARDS AND PATROL SERVICES,S206,HOUSEKEEPING- GUARD,"IGF::CL::IGF DETENTION SERVICES AT THE WESTERN REGION DETENTION FACILITY IN SAN DIEGO, CA"
HSCEDM17F00001,CONT_AWD_HSCEDM17F00001_7012_HSODT6C0002_7012,0,2016-10-19,8019.0,"THE GEO GROUP, INC.",JMLKZZ1NL2Z6,DELIVERY ORDER,U.S. Immigration and Customs Enforcement,561612,SECURITY GUARDS AND PATROL SERVICES,S206,HOUSEKEEPING- GUARD,"IGF::CL::IGF DETENTION SERVICES AT THE WESTERN REGION DETENTION FACILITY IN SAN DIEGO, CA"
HSCEDM16J00039,CONT_AWD_HSCEDM16J00039_7012_HSCEDM14D00004_7012,P00003,2016-10-24,8599998.66,B.I. INCORPORATED,PKK6L9KLMYR5,DELIVERY ORDER,U.S. Immigration and Customs Enforcement,561210,FACILITIES SUPPORT SERVICES,R408,SUPPORT- PROFESSIONAL: PROGRAM MANAGEMENT/SUPPORT,IGF::CT::IGF INTENSIVE SUPERVISION APPEARANCE PROGRAM (ISAP III) FOR ALTERNATIVES TO DETENTION
HSCEDM16J00042,CONT_AWD_HSCEDM16J00042_7012_HSCEDM11D00003_7012,P00002,2016-10-27,1377953.6,"THE GEO GROUP, INC.",JMLKZZ1NL2Z6,DELIVERY ORDER,U.S. Immigration and Customs Enforcement,561210,FACILITIES SUPPORT SERVICES,S206,HOUSEKEEPING- GUARD,"CONTRACT DETENTION FACILITY, AURORA, COLORADO  IGF::CT::IGF"
HSCEDM16J00019,CONT_AWD_HSCEDM16J00019_7012_HSCEDM15D00006_7012,P00005,2016-10-28,4534120.0,"THE GEO GROUP, INC.",JMLKZZ1NL2Z6,DELIVERY ORDER,U.S. Immigration and Customs Enforcement,561210,FACILITIES SUPPORT SERVICES,S206,HOUSEKEEPING- GUARD,IGF::CT::IGF DETENTION SERVICES AT BROWARD TRANSITIONAL CENTER
HSCEDM15J00032,CONT_AWD_HSCEDM15J00032_7012_HSCEDM14D00004_7012,P00015,2016-11-03,78844.56,B.I. INCORPORATED,PKK6L9KLMYR5,DELIVERY ORDER,U.S. Immigration and Customs Enforcement,561210,FACILITIES SUPPORT SERVICES,R408,SUPPORT- PROFESSIONAL: PROGRAM MANAGEMENT/SUPPORT,IGF::CT::IGF ISAP III CONTRACT OPTION YEAR 1 FOR THE ALTERNATIVES TO DETENTION UNIT
HSCEDM16J00042,CONT_AWD_HSCEDM16J00042_7012_HSCEDM11D00003_7012,P00003,2016-11-03,2302443.33,"THE GEO GROUP, INC.",JMLKZZ1NL2Z6,DELIVERY ORDER,U.S. Immigration and Customs Enforcement,561210,FACILITIES SUPPORT SERVICES,S206,HOUSEKEEPING- GUARD,"CONTRACT DETENTION FACILITY, AURORA, COLORADO  IGF::CT::IGF"
HSCEDM16F00001,CONT_AWD_HSCEDM16F00001_7012_HSODT6C0002_7012,P00002,2016-11-07,2975.94,"THE GEO GROUP, INC.",JMLKZZ1NL2Z6,DELIVERY ORDER,U.S. Immigration and Customs Enforcement,561612,SECURITY GUARDS AND PATROL SERVICES,S206,HOUSEKEEPING- GUARD,"IGF::CL::IGF DETENTION SERVICES AT THE WESTERN REGION DETENTION FACILITY IN SAN DIEGO, CA"
HSCEDM16J00039,CONT_AWD_HSCEDM16J00039_7012_HSCEDM14D00004_7012,P00004,2016-11-17,10999997.88,B.I. INCORPORATED,PKK6L9KLMYR5,DELIVERY ORDER,U.S. Immigration and Customs Enforcement,561210,FACILITIES SUPPORT SERVICES,R408,SUPPORT- PROFESSIONAL: PROGRAM MANAGEMENT/SUPPORT,IGF::CT::IGF INTENSIVE SUPERVISION APPEARANCE PROGRAM (ISAP III) FOR ALTERNATIVES TO DETENTION
HSCEDM16J00019,CONT_AWD_HSCEDM16J00019_7012_HSCEDM15D00006_7012,P00006,2016-11-22,2552255.21,"THE GEO GROUP, INC.",JMLKZZ1NL2Z6,DELIVERY ORDER,U.S. Immigration and Customs Enforcement,561210,FACILITIES SUPPORT SERVICES,S206,HOUSEKEEPING- GUARD,IGF::CT::IGF DETENTION SERVICES AT BROWARD TRANSITIONAL CENTER
HSCEDM16J00052,CONT_AWD_HSCEDM16J00052_7012_HSCEDM15D00015_7012,P00002,2016-11-23,1560112.13,"THE GEO GROUP, INC.",JMLKZZ1NL2Z6,DELIVERY ORDER,U.S. Immigration and Customs Enforcement,561210,FACILITIES SUPPORT SERVICES,S206,HOUSEKEEPING- GUARD,"IGF::CT::IGF DETENTION, TRANSPORTATION AND FOOD SERVICES"
HSCEDM16P00015,CONT_AWD_HSCEDM16P00015_7012_-NONE-_-NONE-,P00001,2016-11-29,-4644.0,"CORNELL COMPANIES, INC.",TLDCDE29G781,PURCHASE ORDER,U.S. Immigration and Customs Enforcement,561210,FACILITIES SUPPORT SERVICES,S206,HOUSEKEEPING- GUARD,IGF::OT::IGF DETENTION SERVICES
HSCEDM16J00004,CONT_AWD_HSCEDM16J00004_7012_HSCEDM12D00001_7012,P00012,2016-11-30,6486162.66,"THE GEO GROUP, INC.",JMLKZZ1NL2Z6,DELIVERY ORDER,U.S. Immigration and Customs Enforcement,561210,FACILITIES SUPPORT SERVICES,S206,HOUSEKEEPING- GUARD,DETENTION SERVICE. IGF::OT::IGF.
HSCEDM16J00017,CONT_AWD_HSCEDM16J00017_7012_HSCEDM14A00001_7012,P00004,2016-12-02,132300.0,"THE GEO GROUP, INC.",JMLKZZ1NL2Z6,BPA CALL,U.S. Immigration and Customs Enforcement,922140,CORRECTIONAL INSTITUTIONS,S206,HOUSEKEEPING- GUARD,IGF::CT::IGF DETENTION SERVICES
HSCEDM16J00052,CONT_AWD_HSCEDM16J00052_7012_HSCEDM15D00015_7012,P00003,2016-12-05,5399338.38,"THE GEO GROUP, INC.",JMLKZZ1NL2Z6,DELIVERY ORDER,U.S. Immigration and Customs Enforcement,561210,FACILITIES SUPPORT SERVICES,S206,HOUSEKEEPING- GUARD,"IGF::CT::IGF DETENTION, TRANSPORTATION AND FOOD SERVICES"
HSCEDM16J00039,CONT_AWD_HSCEDM16J00039_7012_HSCEDM14D00004_7012,P00005,2016-12-06,0.0,B.I. INCORPORATED,PKK6L9KLMYR5,DELIVERY ORDER,U.S. Immigration and Customs Enforcement,561210,FACILITIES SUPPORT SERVICES,R408,SUPPORT- PROFESSIONAL: PROGRAM MANAGEMENT/SUPPORT,IGF::CT::IGF INTENSIVE SUPERVISION APPEARANCE PROGRAM (ISAP III) FOR ALTERNATIVES TO DETENTION
HSCEDM17J00004,CONT_AWD_HSCEDM17J00004_7012_HSCEDM12D00001_7012,0,2016-12-14,5572328.93,"THE GEO GROUP, INC.",JMLKZZ1NL2Z6,DELIVERY ORDER,U.S. Immigration and Customs Enforcement,561210,FACILITIES SUPPORT SERVICES,S206,HOUSEKEEPING- GUARD,IGF::OT::IGF DETENTION SERVICES AT THE SOUTH TEXAS DETENTION CENTER
HSCEDM15J00029,CONT_AWD_HSCEDM15J00029_7012_HSCEDM11D00003_7012,P00012,2016-12-21,-347104.93,"THE GEO GROUP, INC.",JMLKZZ1NL2Z6,DELIVERY ORDER,U.S. Immigration and Customs Enforcement,561210,FACILITIES SUPPORT SERVICES,S206,HOUSEKEEPING- GUARD,IGF::CT::IGF  DETENTION SERVICES
HSCEDM15J00038,CONT_AWD_HSCEDM15J00038_7012_HSCEDM15D00015_7012,P00009,2016-12-28,-498390.6,"THE GEO GROUP, INC.",JMLKZZ1NL2Z6,DELIVERY ORDER,U.S. Immigration and Customs Enforcement,561210,FACILITIES SUPPORT SERVICES,S206,HOUSEKEEPING- GUARD,"IGF::CT::IGF DETENTION, TRANSPORTATION AND FOOD SERVICES"
HSCEDM16J00042,CONT_AWD_HSCEDM16J00042_7012_HSCEDM11D00003_7012,P00004,2016-12-29,5452029.79,"THE GEO GROUP, INC.",JMLKZZ1NL2Z6,DELIVERY ORDER,U.S. Immigration and Customs Enforcement,561210,FACILITIES SUPPORT SERVICES,S206,HOUSEKEEPING- GUARD,"CONTRACT DETENTION FACILITY, AURORA, COLORADO  IGF::CT::IGF"
HSCEDM16J00039,CONT_AWD_HSCEDM16J00039_7012_HSCEDM14D00004_7012,P00006,2016-12-30,14199999.75,B.I. INCORPORATED,PKK6L9KLMYR5,DELIVERY ORDER,U.S. Immigration and Customs Enforcement,561210,FACILITIES SUPPORT SERVICES,R408,SUPPORT- PROFESSIONAL: PROGRAM MANAGEMENT/SUPPORT,IGF::CT::IGF INTENSIVE SUPERVISION APPEARANCE PROGRAM (ISAP III) FOR ALTERNATIVES TO DETENTION
HSCEDM17J00004,CONT_AWD_HSCEDM17J00004_7012_HSCEDM12D00001_7012,P00001,2017-01-05,7720448.99,"THE GEO GROUP, INC.",JMLKZZ1NL2Z6,DELIVERY ORDER,U.S. Immigration and Customs Enforcement,561210,FACILITIES SUPPORT SERVICES,S206,HOUSEKEEPING- GUARD,IGF::OT::IGF DETENTION SERVICES AT THE SOUTH TEXAS DETENTION CENTER
HSCEDM16J00017,CONT_AWD_HSCEDM16J00017_7012_HSCEDM14A00001_7012,P00005,2017-01-06,866420.0,"THE GEO GROUP, INC.",JMLKZZ1NL2Z6,BPA CALL,U.S. Immigration and Customs Enforcement,922140,CORRECTIONAL INSTITUTIONS,S206,HOUSEKEEPING- GUARD,IGF::CT::IGF DETENTION SERVICES
HSCEDM16J00019,CONT_AWD_HSCEDM16J00019_7012_HSCEDM15D00006_7012,P00007,2017-01-06,4591402.54,"THE GEO GROUP, INC.",JMLKZZ1NL2Z6,DELIVERY ORDER,U.S. Immigration and Customs Enforcement,561210,FACILITIES SUPPORT SERVICES,S206,HOUSEKEEPING- GUARD,IGF::CT::IGF DETENTION SERVICES AT BROWARD TRANSITIONAL CENTER
HSCEDM16J00052,CONT_AWD_HSCEDM16J00052_7012_HSCEDM15D00015_7012,P00004,2017-01-13,3592021.67,"THE GEO GROUP, INC.",JMLKZZ1NL2Z6,DELIVERY ORDER,U.S. Immigration and Customs Enforcement,561210,FACILITIES SUPPORT SERVICES,S206,HOUSEKEEPING- GUARD,"IGF::CT::IGF DETENTION, TRANSPORTATION AND FOOD SERVICES"
HSCEDM16J00017,CONT_AWD_HSCEDM16J00017_7012_HSCEDM14A00001_7012,P00006,2017-01-23,0.0,"THE GEO GROUP, INC.",JMLKZZ1NL2Z6,BPA CALL,U.S. Immigration and Customs Enforcement,922140,CORRECTIONAL INSTITUTIONS,S206,HOUSEKEEPING- GUARD,IGF::CT::IGF DETENTION SERVICES
HSCEMD12F00015,CONT_AWD_HSCEMD12F00015_7012_GS07F0518N_4730,P00003,2017-01-25,0.0,B.I. INCORPORATED,PKK6L9KLMYR5,DELIVERY ORDER,U.S. Immigration and Customs Enforcement,315999,OTHER APPAREL ACCESSORIES AND OTHER APPAREL MANUFACTURING,6110,ELECTRICAL CONTROL EQUIPMENT,"PASSIVE ELECTRONIC MONITORING DEVICES REQUIRED TO SECURE FOREIGN WITNESSES AT FEDERAL TRIAL. POP: FEB 12 TO APR 7, 2012. SELECTED VENDOR OFFERS BEST COST."
HSCEDM17P00032,CONT_AWD_HSCEDM17P00032_7012_-NONE-_-NONE-,0,2017-01-27,2499.09,"CORNELL COMPANIES, INC.",TLDCDE29G781,PURCHASE ORDER,U.S. Immigration and Customs Enforcement,561612,SECURITY GUARDS AND PATROL SERVICES,S206,HOUSEKEEPING- GUARD,IGF::OT::IGF INCLEMENT WEATHER HOUSING
HSCEDM17J00004,CONT_AWD_HSCEDM17J00004_7012_HSCEDM12D00001_7012,P00002,2017-02-03,8477079.82,"THE GEO GROUP, INC.",JMLKZZ1NL2Z6,DELIVERY ORDER,U.S. Immigration and Customs Enforcement,561210,FACILITIES SUPPORT SERVICES,S206,HOUSEKEEPING- GUARD,IGF::OT::IGF DETENTION SERVICES AT THE SOUTH TEXAS DETENTION CENTER
HSCEDM16F00001,CONT_AWD_HSCEDM16F00001_7012_HSODT6C0002_7012,P00003,2017-02-08,-873.18,"THE GEO GROUP, INC.",JMLKZZ1NL2Z6,DELIVERY ORDER,U.S. Immigration and Customs Enforcement,561612,SECURITY GUARDS AND PATROL SERVICES,S206,HOUSEKEEPING- GUARD,"IGF::CL::IGF DETENTION SERVICES AT THE WESTERN REGION DETENTION FACILITY IN SAN DIEGO, CA"
HSCEDM16J00039,CONT_AWD_HSCEDM16J00039_7012_HSCEDM14D00004_7012,P00007,2017-02-08,0.0,B.I. INCORPORATED,PKK6L9KLMYR5,DELIVERY ORDER,U.S. Immigration and Customs Enforcement,561210,FACILITIES SUPPORT SERVICES,R408,SUPPORT- PROFESSIONAL: PROGRAM MANAGEMENT/SUPPORT,IGF::CT::IGF INTENSIVE SUPERVISION APPEARANCE PROGRAM (ISAP III) FOR ALTERNATIVES TO DETENTION
HSCEDM16J00052,CONT_AWD_HSCEDM16J00052_7012_HSCEDM15D00015_7012,P00005,2017-02-22,15413119.04,"THE GEO GROUP, INC.",JMLKZZ1NL2Z6,DELIVERY ORDER,U.S. Immigration and Customs Enforcement,561210,FACILITIES SUPPORT SERVICES,S206,HOUSEKEEPING- GUARD,"IGF::CT::IGF DETENTION, TRANSPORTATION AND FOOD SERVICES"
HSCEDM17P00027,CONT_AWD_HSCEDM17P00027_7012_-NONE-_-NONE-,0,2017-02-22,4938.57,"CORNELL COMPANIES, INC.",TLDCDE29G781,PURCHASE ORDER,U.S. Immigration and Customs Enforcement,925110,ADMINISTRATION OF HOUSING PROGRAMS,R429,SUPPORT- PROFESSIONAL: EMERGENCY RESPONSE/DISASTER PLANNING/PREPAREDNESS SUPPORT,IGF::OT::IGF INCLEMENT WEATHER FOR GILES W. DALBY CORRECTIONAL FACILITY
HSCEDM16J00042,CONT_AWD_HSCEDM16J00042_7012_HSCEDM11D00003_7012,P00005,2017-02-23,9101763.84,"THE GEO GROUP, INC.",JMLKZZ1NL2Z6,DELIVERY ORDER,U.S. Immigration and Customs Enforcement,561210,FACILITIES SUPPORT SERVICES,S206,HOUSEKEEPING- GUARD,"IGF::CT::IGF CONTRACT DETENTION FACILITY, AURORA, COLORADO"
HSCEDM16J00017,CONT_AWD_HSCEDM16J00017_7012_HSCEDM14A00001_7012,P00007,2017-03-02,884764.5,"THE GEO GROUP, INC.",JMLKZZ1NL2Z6,BPA CALL,U.S. Immigration and Customs Enforcement,922140,CORRECTIONAL INSTITUTIONS,S206,HOUSEKEEPING- GUARD,IGF::CT::IGF GEO GROUP INC. DETENTION SERVICES
HSCEDM16J00039,CONT_AWD_HSCEDM16J00039_7012_HSCEDM14D00004_7012,P00008,2017-03-03,34000000.0,B.I. INCORPORATED,PKK6L9KLMYR5,DELIVERY ORDER,U.S. Immigration and Customs Enforcement,561210,FACILITIES SUPPORT SERVICES,R408,SUPPORT- PROFESSIONAL: PROGRAM MANAGEMENT/SUPPORT,IGF::CT::IGF INTENSIVE SUPERVISION APPEARANCE PROGRAM (ISAP III) FOR ALTERNATIVES TO DETENTION
HSCEDM17J00008,CONT_AWD_HSCEDM17J00008_7012_HSCEDM14A00001_7012,0,2017-03-03,461510.7,"THE GEO GROUP, INC.",JMLKZZ1NL2Z6,BPA CALL,U.S. Immigration and Customs Enforcement,922140,CORRECTIONAL INSTITUTIONS,S206,HOUSEKEEPING- GUARD,IGF::CT::IGF RIO GRANDE DETENTION CENTER
HSCEDM17J00004,CONT_AWD_HSCEDM17J00004_7012_HSCEDM12D00001_7012,P00003,2017-03-10,180833.94,"THE GEO GROUP, INC.",JMLKZZ1NL2Z6,DELIVERY ORDER,U.S. Immigration and Customs Enforcement,561210,FACILITIES SUPPORT SERVICES,S206,HOUSEKEEPING- GUARD,IGF::OT::IGF DETENTION SERVICES AT THE SOUTH TEXAS DETENTION CENTER
HSCEDM16J00019,CONT_AWD_HSCEDM16J00019_7012_HSCEDM15D00006_7012,P00008,2017-03-21,5996477.07,"THE GEO GROUP, INC.",JMLKZZ1NL2Z6,DELIVERY ORDER,U.S. Immigration and Customs Enforcement,561210,FACILITIES SUPPORT SERVICES,S206,HOUSEKEEPING- GUARD,IGF::CT::IGF DETENTION SERVICES AT BROWARD TRANSITIONAL CENTER
HSCEDM17F00001,CONT_AWD_HSCEDM17F00001_7012_HSODT6C0002_7012,P00001,2017-03-29,0.0,"THE GEO GROUP, INC.",JMLKZZ1NL2Z6,DELIVERY ORDER,U.S. Immigration and Customs Enforcement,561612,SECURITY GUARDS AND PATROL SERVICES,S206,HOUSEKEEPING- GUARD,"IGF::CL::IGF DETENTION SERVICES AT THE WESTERN REGION DETENTION FACILITY IN SAN DIEGO, CA"
HSCEDM14J00033,CONT_AWD_HSCEDM14J00033_7012_HSCEDM14D00004_7012,P00011,2017-04-06,0.0,B.I. INCORPORATED,PKK6L9KLMYR5,DELIVERY ORDER,U.S. Immigration and Customs Enforcement,561210,FACILITIES SUPPORT SERVICES,R408,SUPPORT- PROFESSIONAL: PROGRAM MANAGEMENT/SUPPORT,IGF::CT::IGF INTENSIVE SUPERVISION APPEARANCE PROGRAM III FOR ATD.
HSCEDM17J00017,CONT_AWD_HSCEDM17J00017_7012_HSCEDM12D00001_7012,0,2017-05-02,28000.0,"THE GEO GROUP, INC.",JMLKZZ1NL2Z6,DELIVERY ORDER,U.S. Immigration and Customs Enforcement,561210,FACILITIES SUPPORT SERVICES,S206,HOUSEKEEPING- GUARD,IGF::OT::IGF DETENTION SERVICES AT THE SOUTH TEXAS DETENTION CENTER
HSCEDM16J00017,CONT_AWD_HSCEDM16J00017_7012_HSCEDM14A00001_7012,P00008,2017-05-09,-123265.52,"THE GEO GROUP, INC.",JMLKZZ1NL2Z6,BPA CALL,U.S. Immigration and Customs Enforcement,922140,CORRECTIONAL INSTITUTIONS,S206,HOUSEKEEPING- GUARD,IGF::CT::IGF GEO GROUP INC. DETENTION SERVICES
HSCEDM17J00018,CONT_AWD_HSCEDM17J00018_7012_HSCEDM17D00009_7012,0,2017-05-10,600.0,"THE GEO GROUP, INC.",JMLKZZ1NL2Z6,DELIVERY ORDER,U.S. Immigration and Customs Enforcement,561210,FACILITIES SUPPORT SERVICES,S206,HOUSEKEEPING- GUARD,IGF::CT::IGF HOUSTON DETENTION FACILITY
HSCEDM17J00018,CONT_AWD_HSCEDM17J00018_7012_HSCEDM17D00009_7012,P00001,2017-05-10,0.0,"THE GEO GROUP, INC.",JMLKZZ1NL2Z6,DELIVERY ORDER,U.S. Immigration and Customs Enforcement,561210,FACILITIES SUPPORT SERVICES,S206,HOUSEKEEPING- GUARD,HOUSTON DETENTION FACILITY
HSCEDM16J00044,CONT_AWD_HSCEDM16J00044_7012_HSCEDM15D00008_7012,P00006,2017-05-12,209896.95,"GEO CARE SERVICES, LLC",G6XJKMJUNB91,DELIVERY ORDER,U.S. Immigration and Customs Enforcement,624190,OTHER INDIVIDUAL AND FAMILY SERVICES,G099,SOCIAL- OTHER,IGF::CT::IGF
HSCEDM16J00046,CONT_AWD_HSCEDM16J00046_7012_HSCEDM15D00010_7012,P00005,2017-05-12,196619.15,"GEO CARE SERVICES, LLC",G6XJKMJUNB91,DELIVERY ORDER,U.S. Immigration and Customs Enforcement,624190,OTHER INDIVIDUAL AND FAMILY SERVICES,G099,SOCIAL- OTHER,IGF::CT::IGF
HSCEDM16J00047,CONT_AWD_HSCEDM16J00047_7012_HSCEDM15D00011_7012,P00005,2017-05-12,228232.5,"GEO CARE SERVICES, LLC",G6XJKMJUNB91,DELIVERY ORDER,U.S. Immigration and Customs Enforcement,624190,OTHER INDIVIDUAL AND FAMILY SERVICES,G099,SOCIAL- OTHER,IGF::CT::IGF FAMILY CASE MANAGEMENT SERVICES
HSCEDM16J00048,CONT_AWD_HSCEDM16J00048_7012_HSCEDM15D00012_7012,P00005,2017-05-12,199919.03,"GEO CARE SERVICES, LLC",G6XJKMJUNB91,DELIVERY ORDER,U.S. Immigration and Customs Enforcement,624190,OTHER INDIVIDUAL AND FAMILY SERVICES,G099,SOCIAL- OTHER,IGF::CT::IGF
HSCEDM16J00049,CONT_AWD_HSCEDM16J00049_7012_HSCEDM15D00013_7012,P00005,2017-05-12,209086.28,"GEO CARE SERVICES, LLC",G6XJKMJUNB91,DELIVERY ORDER,U.S. Immigration and Customs Enforcement,624190,OTHER INDIVIDUAL AND FAMILY SERVICES,G099,SOCIAL- OTHER,IGF::CT::IGF
HSCEDM16J00004,CONT_AWD_HSCEDM16J00004_7012_HSCEDM12D00001_7012,P00013,2017-05-15,-84507.69,"THE GEO GROUP, INC.",JMLKZZ1NL2Z6,DELIVERY ORDER,U.S. Immigration and Customs Enforcement,561210,FACILITIES SUPPORT SERVICES,S206,HOUSEKEEPING- GUARD,DETENTION SERVICE. IGF::OT::IGF.
HSCEDM16J00039,CONT_AWD_HSCEDM16J00039_7012_HSCEDM14D00004_7012,P00009,2017-05-16,10000000.0,B.I. INCORPORATED,PKK6L9KLMYR5,DELIVERY ORDER,U.S. Immigration and Customs Enforcement,561210,FACILITIES SUPPORT SERVICES,R408,SUPPORT- PROFESSIONAL: PROGRAM MANAGEMENT/SUPPORT,IGF::CT::IGF INTENSIVE SUPERVISION APPEARANCE PROGRAM (ISAP III) FOR ALTERNATIVES TO DETENTION
HSCEDM16J00042,CONT_AWD_HSCEDM16J00042_7012_HSCEDM11D00003_7012,P00006,2017-05-17,3083635.54,"THE GEO GROUP, INC.",JMLKZZ1NL2Z6,DELIVERY ORDER,U.S. Immigration and Customs Enforcement,561210,FACILITIES SUPPORT SERVICES,S206,HOUSEKEEPING- GUARD,"IGF::CT::IGF CONTRACT DETENTION FACILITY, AURORA, COLORADO"
HSCEDM17F00001,CONT_AWD_HSCEDM17F00001_7012_HSODT6C0002_7012,P00002,2017-05-17,1550.34,"THE GEO GROUP, INC.",JMLKZZ1NL2Z6,DELIVERY ORDER,U.S. Immigration and Customs Enforcement,561612,SECURITY GUARDS AND PATROL SERVICES,S206,HOUSEKEEPING- GUARD,"IGF::CL::IGF DETENTION SERVICES AT THE WESTERN REGION DETENTION FACILITY IN SAN DIEGO, CA"
HSCEDM16J00052,CONT_AWD_HSCEDM16J00052_7012_HSCEDM15D00015_7012,P00006,2017-05-22,5085205.88,"THE GEO GROUP, INC.",JMLKZZ1NL2Z6,DELIVERY ORDER,U.S. Immigration and Customs Enforcement,561210,FACILITIES SUPPORT SERVICES,S206,HOUSEKEEPING- GUARD,"IGF::CT::IGF DETENTION, TRANSPORTATION AND FOOD SERVICES"
HSCEDM17J00017,CONT_AWD_HSCEDM17J00017_7012_HSCEDM12D00001_7012,P00001,2017-05-26,58000.0,"THE GEO GROUP, INC.",JMLKZZ1NL2Z6,DELIVERY ORDER,U.S. Immigration and Customs Enforcement,561210,FACILITIES SUPPORT SERVICES,S206,HOUSEKEEPING- GUARD,IGF::OT::IGF DETENTION SERVICES AT THE SOUTH TEXAS DETENTION CENTER
ACB00200301CACB2D0055ACB2C0006,CONT_AWD_ACB00200301CACB2D0055ACB2C0006_7012_ACB2C0006_1528,XXX9,2017-05-31,0.0,"THE GEO GROUP, INC.",JMLKZZ1NL2Z6,DELIVERY ORDER,U.S. Immigration and Customs Enforcement,561612,SECURITY GUARDS AND PATROL SERVICES,S206,HOUSEKEEPING- GUARD,DHS BULK CLOSE OUT
ACB00200304BACB2C0005,CONT_AWD_ACB00200304BACB2C0005_7012_-NONE-_-NONE-,XXX9,2017-05-31,0.0,"THE GEO GROUP, INC.",JMLKZZ1NL2Z6,PURCHASE ORDER,U.S. Immigration and Customs Enforcement,561612,SECURITY GUARDS AND PATROL SERVICES,S206,HOUSEKEEPING- GUARD,DHS BULK CLOSE OUT
ACB00200305CACB2D0055ACB2C0006,CONT_AWD_ACB00200305CACB2D0055ACB2C0006_7012_ACB2C0006_1528,XXX9,2017-05-31,0.0,"THE GEO GROUP, INC.",JMLKZZ1NL2Z6,DELIVERY ORDER,U.S. Immigration and Customs Enforcement,561612,SECURITY GUARDS AND PATROL SERVICES,S206,HOUSEKEEPING- GUARD,DHS BULK CLOSE OUT
ACL00200304CACL3D0158ACL2C0005,CONT_AWD_ACL00200304CACL3D0158ACL2C0005_7012_ACL2C0005_7012,XXX9,2017-05-31,0.0,CORRECTIONAL SERVICES CORPORATION,LTXHRJ986LF3,DELIVERY ORDER,U.S. Immigration and Customs Enforcement,561612,SECURITY GUARDS AND PATROL SERVICES,S206,HOUSEKEEPING- GUARD,DHS BULK CLOSE OUT
HSACB2C0005HSCSAL4D0208,CONT_AWD_HSACB2C0005HSCSAL4D0208_7012_ACB2C0005_1528,XXX9,2017-05-31,0.0,"THE GEO GROUP, INC.",JMLKZZ1NL2Z6,DELIVERY ORDER,U.S. Immigration and Customs Enforcement,,,S206,HOUSEKEEPING- GUARD,DHS BULK CLOSE OUT
HSACL2C0005HSACL4D0102,CONT_AWD_HSACL2C0005HSACL4D0102_7012_ACL2C0005_7012,XXX9,2017-05-31,0.0,CORRECTIONAL SERVICES CORPORATION,LTXHRJ986LF3,DELIVERY ORDER,U.S. Immigration and Customs Enforcement,,,S206,HOUSEKEEPING- GUARD,DHS BULK CLOSE OUT
HSACL4D0102,CONT_AWD_HSACL4D0102_7012_ACL2C0005_7012,XXX9,2017-05-31,0.0,CORRECTIONAL SERVICES CORPORATION,LTXHRJ986LF3,DELIVERY ORDER,U.S. Immigration and Customs Enforcement,,,S206,HOUSEKEEPING- GUARD,DHS BULK CLOSE OUT
HSACL4D0208,CONT_AWD_HSACL4D0208_7012_ACB2C0005_1528,XXX9,2017-05-31,0.0,"THE GEO GROUP, INC.",JMLKZZ1NL2Z6,DELIVERY ORDER,U.S. Immigration and Customs Enforcement,,,S206,HOUSEKEEPING- GUARD,DHS BULK CLOSE OUT
HSACL4D0226,CONT_AWD_HSACL4D0226_7012_HSCEAL02C0004_7012,XXX9,2017-05-31,0.0,"THE GEO GROUP, INC.",JMLKZZ1NL2Z6,DELIVERY ORDER,U.S. Immigration and Customs Enforcement,561612,SECURITY GUARDS AND PATROL SERVICES,S206,HOUSEKEEPING- GUARD,DHS BULK CLOSE OUT
HSACL5D0002,CONT_AWD_HSACL5D0002_7012_HSCEAB04C0001_7012,XXX9,2017-05-31,0.0,"THE GEO GROUP, INC.",JMLKZZ1NL2Z6,DELIVERY ORDER,U.S. Immigration and Customs Enforcement,,,S206,HOUSEKEEPING- GUARD,DHS BULK CLOSE OUT
HSCEAB03C0008,CONT_AWD_HSCEAB03C0008_7012_-NONE-_-NONE-,XXX9,2017-05-31,0.0,"THE GEO GROUP, INC.",JMLKZZ1NL2Z6,DEFINITIVE CONTRACT,U.S. Immigration and Customs Enforcement,561612,SECURITY GUARDS AND PATROL SERVICES,S206,HOUSEKEEPING- GUARD,DHS BULK CLOSE OUT
HSCEAL02C0004HSACL4D0226,CONT_AWD_HSCEAL02C0004HSACL4D0226_7012_HSCEAL02C0004_7012,XXX9,2017-05-31,0.0,"THE GEO GROUP, INC.",JMLKZZ1NL2Z6,DELIVERY ORDER,U.S. Immigration and Customs Enforcement,561612,SECURITY GUARDS AND PATROL SERVICES,S206,HOUSEKEEPING- GUARD,DHS BULK CLOSE OUT
HSCEAL04D0270,CONT_AWD_HSCEAL04D0270_7012_HSCEAB04C0008_7012,XXX9,2017-05-31,0.0,B.I. INCORPORATED,PKK6L9KLMYR5,DELIVERY ORDER,U.S. Immigration and Customs Enforcement,624190,OTHER INDIVIDUAL AND FAMILY SERVICES,G099,SOCIAL- OTHER,DHS BULK CLOSE OUT
HSCECR09J00040,CONT_AWD_HSCECR09J00040_7012_HSCECR09D00002_7012,XXX9,2017-05-31,0.0,B.I. INCORPORATED,PKK6L9KLMYR5,DELIVERY ORDER,U.S. Immigration and Customs Enforcement,561210,FACILITIES SUPPORT SERVICES,R408,SUPPORT- PROFESSIONAL: PROGRAM MANAGEMENT/SUPPORT,DHS BULK CLOSE OUT
HSCECR09P00021,CONT_AWD_HSCECR09P00021_7012_-NONE-_-NONE-,XXX9,2017-05-31,0.0,"CORNELL COMPANIES, INC.",TLDCDE29G781,PURCHASE ORDER,U.S. Immigration and Customs Enforcement,713990,ALL OTHER AMUSEMENT AND RECREATION INDUSTRIES,X291,LEASE-RENT OF RECREA NON-BLDG STRUC,DHS BULK CLOSE OUT
HSCECR09P00123,CONT_AWD_HSCECR09P00123_7012_-NONE-_-NONE-,XXX9,2017-05-31,0.0,"CORNELL COMPANIES, INC.",TLDCDE29G781,PURCHASE ORDER,U.S. Immigration and Customs Enforcement,713990,ALL OTHER AMUSEMENT AND RECREATION INDUSTRIES,X291,LEASE-RENT OF RECREA NON-BLDG STRUC,DHS BULK CLOSE OUT
HSCECR12J00001,CONT_AWD_HSCECR12J00001_7012_HSCECR09D00002_7012,XXX9,2017-05-31,0.0,B.I. INCORPORATED,PKK6L9KLMYR5,DELIVERY ORDER,U.S. Immigration and Customs Enforcement,561210,FACILITIES SUPPORT SERVICES,R408,SUPPORT- PROFESSIONAL: PROGRAM MANAGEMENT/SUPPORT,DHS BULK CLOSE OUT
HSCECR13J00001,CONT_AWD_HSCECR13J00001_7012_HSCECR09D00002_7012,XXX9,2017-05-31,0.0,B.I. INCORPORATED,PKK6L9KLMYR5,DELIVERY ORDER,U.S. Immigration and Customs Enforcement,561210,FACILITIES SUPPORT SERVICES,R408,SUPPORT- PROFESSIONAL: PROGRAM MANAGEMENT/SUPPORT,IGF::OT::IGF DHS BULK CLOSE OUT
HSCECR13J00026,CONT_AWD_HSCECR13J00026_7012_HSCECR09D00002_7012,XXX9,2017-05-31,0.0,B.I. INCORPORATED,PKK6L9KLMYR5,DELIVERY ORDER,U.S. Immigration and Customs Enforcement,561210,FACILITIES SUPPORT SERVICES,R408,SUPPORT- PROFESSIONAL: PROGRAM MANAGEMENT/SUPPORT,IGF::OT::IGF DHS BULK CLOSE OUT
HSCECR14J00001,CONT_AWD_HSCECR14J00001_7012_HSCECR09D00002_7012,XXX9,2017-05-31,0.0,B.I. INCORPORATED,PKK6L9KLMYR5,DELIVERY ORDER,U.S. Immigration and Customs Enforcement,561210,FACILITIES SUPPORT SERVICES,R408,SUPPORT- PROFESSIONAL: PROGRAM MANAGEMENT/SUPPORT,IGF::OT::IGF DHS BULK CLOSE OUT
HSCEDM08F00007,CONT_AWD_HSCEDM08F00007_7012_HSODT6C0002_7012,XXX9,2017-05-31,0.0,"THE GEO GROUP, INC.",JMLKZZ1NL2Z6,DELIVERY ORDER,U.S. Immigration and Customs Enforcement,561612,SECURITY GUARDS AND PATROL SERVICES,S206,HOUSEKEEPING- GUARD,DHS BULK CLOSE OUT
HSCEDM08J00019,CONT_AWD_HSCEDM08J00019_7012_HSCEAB04C0001_7012,XXX9,2017-05-31,0.0,"THE GEO GROUP, INC.",JMLKZZ1NL2Z6,DELIVERY ORDER,U.S. Immigration and Customs Enforcement,,,S206,HOUSEKEEPING- GUARD,DHS BULK CLOSE OUT
HSCEDM08J00052,CONT_AWD_HSCEDM08J00052_7012_HSCEOP07C00001_7012,XXX9,2017-05-31,0.0,"THE GEO GROUP, INC.",JMLKZZ1NL2Z6,DELIVERY ORDER,U.S. Immigration and Customs Enforcement,561612,SECURITY GUARDS AND PATROL SERVICES,S206,HOUSEKEEPING- GUARD,DHS BULK CLOSE OUT
HSCEDM08J00055,CONT_AWD_HSCEDM08J00055_7012_HSACD4C0001_7012,XXX9,2017-05-31,0.0,"THE GEO GROUP, INC.",JMLKZZ1NL2Z6,DELIVERY ORDER,U.S. Immigration and Customs Enforcement,561612,SECURITY GUARDS AND PATROL SERVICES,S206,HOUSEKEEPING- GUARD,DHS BULK CLOSE OUT
HSCEDM08J00073,CONT_AWD_HSCEDM08J00073_7012_HSCEAL02C0004_7012,XXX9,2017-05-31,0.0,"THE GEO GROUP, INC.",JMLKZZ1NL2Z6,DELIVERY ORDER,U.S. Immigration and Customs Enforcement,561612,SECURITY GUARDS AND PATROL SERVICES,M199,OPER OF GOVT MISC BLDGS,DHS BULK CLOSE OUT
HSCEDM09F00001,CONT_AWD_HSCEDM09F00001_7012_HSACD4C0001_7012,XXX9,2017-05-31,0.0,"THE GEO GROUP, INC.",JMLKZZ1NL2Z6,DELIVERY ORDER,U.S. Immigration and Customs Enforcement,561612,SECURITY GUARDS AND PATROL SERVICES,S206,HOUSEKEEPING- GUARD,DHS BULK CLOSE OUT
HSCEDM09F00004,CONT_AWD_HSCEDM09F00004_7012_HSCEOP07C00001_7012,XXX9,2017-05-31,0.0,"THE GEO GROUP, INC.",JMLKZZ1NL2Z6,DELIVERY ORDER,U.S. Immigration and Customs Enforcement,561612,SECURITY GUARDS AND PATROL SERVICES,S206,HOUSEKEEPING- GUARD,DHS BULK CLOSE OUT
HSCEDM09F00005,CONT_AWD_HSCEDM09F00005_7012_HSCEOP06D00010_7012,XXX9,2017-05-31,0.0,"THE GEO GROUP, INC.",JMLKZZ1NL2Z6,DELIVERY ORDER,U.S. Immigration and Customs Enforcement,561210,FACILITIES SUPPORT SERVICES,S206,HOUSEKEEPING- GUARD,DHS BULK CLOSE OUT
HSCEDM09J00029,CONT_AWD_HSCEDM09J00029_7012_HSCEOP07C00001_7012,XXX9,2017-05-31,0.0,"THE GEO GROUP, INC.",JMLKZZ1NL2Z6,DELIVERY ORDER,U.S. Immigration and Customs Enforcement,561612,SECURITY GUARDS AND PATROL SERVICES,S206,HOUSEKEEPING- GUARD,DHS BULK CLOSE OUT
HSCEDM09J00032,CONT_AWD_HSCEDM09J00032_7012_HSCEAL02C0004_7012,XXX9,2017-05-31,0.0,"THE GEO GROUP, INC.",JMLKZZ1NL2Z6,DELIVERY ORDER,U.S. Immigration and Customs Enforcement,561612,SECURITY GUARDS AND PATROL SERVICES,M199,OPER OF GOVT MISC BLDGS,DHS BULK CLOSE OUT
HSCEDM09J00036,CONT_AWD_HSCEDM09J00036_7012_HSCEDM09D00006_7012,XXX9,2017-05-31,0.0,"THE GEO GROUP, INC.",JMLKZZ1NL2Z6,DELIVERY ORDER,U.S. Immigration and Customs Enforcement,561621,SECURITY SYSTEMS SERVICES (EXCEPT LOCKSMITHS),S206,HOUSEKEEPING- GUARD,DHS BULK CLOSE OUT
HSCEDM10F00001,CONT_AWD_HSCEDM10F00001_7012_HSACD4C0001_7012,XXX9,2017-05-31,0.0,"THE GEO GROUP, INC.",JMLKZZ1NL2Z6,DELIVERY ORDER,U.S. Immigration and Customs Enforcement,561612,SECURITY GUARDS AND PATROL SERVICES,S206,HOUSEKEEPING- GUARD,DHS BULK CLOSE OUT
HSCEDM10F00010,CONT_AWD_HSCEDM10F00010_7012_HSCEOP06D00010_7012,XXX9,2017-05-31,0.0,"THE GEO GROUP, INC.",JMLKZZ1NL2Z6,DELIVERY ORDER,U.S. Immigration and Customs Enforcement,561210,FACILITIES SUPPORT SERVICES,S206,HOUSEKEEPING- GUARD,DHS BULK CLOSE OUT
HSCEDM10F00016,CONT_AWD_HSCEDM10F00016_7012_HSODT6C0002_7012,XXX9,2017-05-31,0.0,"THE GEO GROUP, INC.",JMLKZZ1NL2Z6,DELIVERY ORDER,U.S. Immigration and Customs Enforcement,561612,SECURITY GUARDS AND PATROL SERVICES,S206,HOUSEKEEPING- GUARD,DHS BULK CLOSE OUT
HSCEDM10J00030,CONT_AWD_HSCEDM10J00030_7012_HSCEOP06D00010_7012,XXX9,2017-05-31,0.0,"THE GEO GROUP, INC.",JMLKZZ1NL2Z6,DELIVERY ORDER,U.S. Immigration and Customs Enforcement,561210,FACILITIES SUPPORT SERVICES,S206,HOUSEKEEPING- GUARD,DHS BULK CLOSE OUT
HSCEDM10P00106,CONT_AWD_HSCEDM10P00106_7012_-NONE-_-NONE-,XXX9,2017-05-31,0.0,"CORNELL COMPANIES, INC.",TLDCDE29G781,PURCHASE ORDER,U.S. Immigration and Customs Enforcement,561210,FACILITIES SUPPORT SERVICES,S206,HOUSEKEEPING- GUARD,DHS BULK CLOSE OUT
HSCEDM11F00006,CONT_AWD_HSCEDM11F00006_7012_HSCEOP07C00001_7012,XXX9,2017-05-31,0.0,"THE GEO GROUP, INC.",JMLKZZ1NL2Z6,DELIVERY ORDER,U.S. Immigration and Customs Enforcement,561612,SECURITY GUARDS AND PATROL SERVICES,S206,HOUSEKEEPING- GUARD,DHS BULK CLOSE OUT
HSCEDM11P00068,CONT_AWD_HSCEDM11P00068_7012_-NONE-_-NONE-,XXX9,2017-05-31,0.0,"CORNELL COMPANIES, INC.",TLDCDE29G781,PURCHASE ORDER,U.S. Immigration and Customs Enforcement,531110,LESSORS OF RESIDENTIAL BUILDINGS AND DWELLINGS,X161,LEASE-RENT OF FAMILY HOUSING,DHS BULK CLOSE OUT
HSCEDM12J00012,CONT_AWD_HSCEDM12J00012_7012_HSCEDM12D00001_7012,XXX9,2017-05-31,0.0,"THE GEO GROUP, INC.",JMLKZZ1NL2Z6,DELIVERY ORDER,U.S. Immigration and Customs Enforcement,561210,FACILITIES SUPPORT SERVICES,S206,HOUSEKEEPING- GUARD,DHS BULK CLOSE OUT
HSCEDM12J00062,CONT_AWD_HSCEDM12J00062_7012_HSCEDM11D00003_7012,XXX9,2017-05-31,0.0,"THE GEO GROUP, INC.",JMLKZZ1NL2Z6,DELIVERY ORDER,U.S. Immigration and Customs Enforcement,561210,FACILITIES SUPPORT SERVICES,S206,HOUSEKEEPING- GUARD,IGF::CT::IGF DHS BULK CLOSE OUT
HSCEDM13F00019,CONT_AWD_HSCEDM13F00019_7012_HSCEDM09D00006_7012,XXX9,2017-05-31,0.0,"THE GEO GROUP, INC.",JMLKZZ1NL2Z6,DELIVERY ORDER,U.S. Immigration and Customs Enforcement,561621,SECURITY SYSTEMS SERVICES (EXCEPT LOCKSMITHS),S206,HOUSEKEEPING- GUARD,IGF::CT::IGF DHS BULK CLOSE OUT
HSCEDM13J00004,CONT_AWD_HSCEDM13J00004_7012_HSCEDM12D00001_7012,XXX9,2017-05-31,0.0,"THE GEO GROUP, INC.",JMLKZZ1NL2Z6,DELIVERY ORDER,U.S. Immigration and Customs Enforcement,561210,FACILITIES SUPPORT SERVICES,S206,HOUSEKEEPING- GUARD,IGF::OT::IGF DHS BULK CLOSE OUT
HSCEDM14F00002,CONT_AWD_HSCEDM14F00002_7012_HSODT6C0002_7012,XXX9,2017-05-31,0.0,"THE GEO GROUP, INC.",JMLKZZ1NL2Z6,DELIVERY ORDER,U.S. Immigration and Customs Enforcement,561612,SECURITY GUARDS AND PATROL SERVICES,S206,HOUSEKEEPING- GUARD,IGF::OT::IGF DHS BULK CLOSE OUT
HSCEDM14J00008,CONT_AWD_HSCEDM14J00008_7012_HSCEDM12D00001_7012,XXX9,2017-05-31,0.0,"THE GEO GROUP, INC.",JMLKZZ1NL2Z6,DELIVERY ORDER,U.S. Immigration and Customs Enforcement,561210,FACILITIES SUPPORT SERVICES,S206,HOUSEKEEPING- GUARD,IGF::OT::IGF DHS BULK CLOSE OUT
HSCEDM14J00010,CONT_AWD_HSCEDM14J00010_7012_HSCEDM14A00001_7012,XXX9,2017-05-31,0.0,"THE GEO GROUP, INC.",JMLKZZ1NL2Z6,BPA CALL,U.S. Immigration and Customs Enforcement,922140,CORRECTIONAL INSTITUTIONS,S206,HOUSEKEEPING- GUARD,IGF::CT::IGF DHS BULK CLOSE OUT
HSCEDM14P00005,CONT_AWD_HSCEDM14P00005_7012_-NONE-_-NONE-,XXX9,2017-05-31,0.0,"CORNELL COMPANIES, INC.",TLDCDE29G781,PURCHASE ORDER,U.S. Immigration and Customs Enforcement,561210,FACILITIES SUPPORT SERVICES,S206,HOUSEKEEPING- GUARD,IGF::OT::IGF DHS BULK CLOSE OUT
HSCEDM15J00017,CONT_AWD_HSCEDM15J00017_7012_HSCEDM14A00001_7012,XXX9,2017-05-31,0.0,"THE GEO GROUP, INC.",JMLKZZ1NL2Z6,BPA CALL,U.S. Immigration and Customs Enforcement,922140,CORRECTIONAL INSTITUTIONS,S206,HOUSEKEEPING- GUARD,IGF::CT::IGF DHS BULK CLOSE OUT
HSCEDM15P00017,CONT_AWD_HSCEDM15P00017_7012_-NONE-_-NONE-,XXX9,2017-05-31,0.0,"CORNELL COMPANIES, INC.",TLDCDE29G781,PURCHASE ORDER,U.S. Immigration and Customs Enforcement,561210,FACILITIES SUPPORT SERVICES,S206,HOUSEKEEPING- GUARD,IGF::OT::IGF DHS BULK CLOSE OUT
HSCEDM17J00004,CONT_AWD_HSCEDM17J00004_7012_HSCEDM12D00001_7012,P00004,2017-05-31,4401779.44,"THE GEO GROUP, INC.",JMLKZZ1NL2Z6,DELIVERY ORDER,U.S. Immigration and Customs Enforcement,561210,FACILITIES SUPPORT SERVICES,S206,HOUSEKEEPING- GUARD,IGF::OT::IGF DETENTION SERVICES AT THE SOUTH TEXAS DETENTION CENTER
HSCEMD12F00015,CONT_AWD_HSCEMD12F00015_7012_GS07F0518N_4730,XXX9,2017-05-31,0.0,B.I. INCORPORATED,PKK6L9KLMYR5,DELIVERY ORDER,U.S. Immigration and Customs Enforcement,315999,OTHER APPAREL ACCESSORIES AND OTHER APPAREL MANUFACTURING,6110,ELECTRICAL CONTROL EQUIPMENT,DHS BULK CLOSE OUT
HSCEOD06C0002,CONT_AWD_HSCEOD06C0002_7012_-NONE-_-NONE-,XXX9,2017-05-31,0.0,"THE GEO GROUP, INC.",JMLKZZ1NL2Z6,DEFINITIVE CONTRACT,U.S. Immigration and Customs Enforcement,922140,CORRECTIONAL INSTITUTIONS,S206,HOUSEKEEPING- GUARD,DHS BULK CLOSE OUT
HSCEOP05J00090,CONT_AWD_HSCEOP05J00090_7012_HSCEAL02C0004_7012,XXX9,2017-05-31,0.0,"THE GEO GROUP, INC.",JMLKZZ1NL2Z6,DELIVERY ORDER,U.S. Immigration and Customs Enforcement,561612,SECURITY GUARDS AND PATROL SERVICES,S206,HOUSEKEEPING- GUARD,DHS BULK CLOSE OUT
HSCEOP05J00115,CONT_AWD_HSCEOP05J00115_7012_HSCEAB04C0008_7012,XXX9,2017-05-31,0.0,B.I. INCORPORATED,PKK6L9KLMYR5,DELIVERY ORDER,U.S. Immigration and Customs Enforcement,624190,OTHER INDIVIDUAL AND FAMILY SERVICES,G099,SOCIAL- OTHER,DHS BULK CLOSE OUT
HSCEOP05J00133,CONT_AWD_HSCEOP05J00133_7012_HSACD4C0001_7012,XXX9,2017-05-31,0.0,"THE GEO GROUP, INC.",JMLKZZ1NL2Z6,DELIVERY ORDER,U.S. Immigration and Customs Enforcement,561612,SECURITY GUARDS AND PATROL SERVICES,S206,HOUSEKEEPING- GUARD,DHS BULK CLOSE OUT
HSCEOP06J00180,CONT_AWD_HSCEOP06J00180_7012_HSCEAB04C0001_7012,XXX9,2017-05-31,0.0,"THE GEO GROUP, INC.",JMLKZZ1NL2Z6,DELIVERY ORDER,U.S. Immigration and Customs Enforcement,,,S206,HOUSEKEEPING- GUARD,DHS BULK CLOSE OUT
HSCEOP06J00396,CONT_AWD_HSCEOP06J00396_7012_HSACB4C0008_7012,XXX9,2017-05-31,0.0,B.I. INCORPORATED,PKK6L9KLMYR5,DELIVERY ORDER,U.S. Immigration and Customs Enforcement,624190,OTHER INDIVIDUAL AND FAMILY SERVICES,G099,SOCIAL- OTHER,DHS BULK CLOSE OUT
HSCEOP06P00057,CONT_AWD_HSCEOP06P00057_7012_-NONE-_-NONE-,XXX9,2017-05-31,0.0,"CORNELL COMPANIES, INC.",TLDCDE29G781,PURCHASE ORDER,U.S. Immigration and Customs Enforcement,,,6920,ARMAMENT TRAINING DEVICES,DHS BULK CLOSE OUT
HSCEOP07F00255,CONT_AWD_HSCEOP07F00255_7012_HSODT6C0002_7012,XXX9,2017-05-31,0.0,"THE GEO GROUP, INC.",JMLKZZ1NL2Z6,DELIVERY ORDER,U.S. Immigration and Customs Enforcement,561612,SECURITY GUARDS AND PATROL SERVICES,S206,HOUSEKEEPING- GUARD,DHS BULK CLOSE OUT
HSCEOP07J00541,CONT_AWD_HSCEOP07J00541_7012_HSACB4C0008_7012,XXX9,2017-05-31,0.0,B.I. INCORPORATED,PKK6L9KLMYR5,DELIVERY ORDER,U.S. Immigration and Customs Enforcement,624190,OTHER INDIVIDUAL AND FAMILY SERVICES,G099,SOCIAL- OTHER,DHS BULK CLOSE OUT
HSCEOP07J00623,CONT_AWD_HSCEOP07J00623_7012_HSACB4C0008_7012,XXX9,2017-05-31,0.0,B.I. INCORPORATED,PKK6L9KLMYR5,DELIVERY ORDER,U.S. Immigration and Customs Enforcement,624190,OTHER INDIVIDUAL AND FAMILY SERVICES,G099,SOCIAL- OTHER,DHS BULK CLOSE OUT
HSCEOP07P00348,CONT_AWD_HSCEOP07P00348_7012_-NONE-_-NONE-,XXX9,2017-05-31,0.0,"CORNELL COMPANIES, INC.",TLDCDE29G781,PURCHASE ORDER,U.S. Immigration and Customs Enforcement,,,X299,LEASE-RENT OF ALL OTH NON-BLDG FACS,DHS BULK CLOSE OUT
HSCEOPODT6C0002,CONT_AWD_HSCEOPODT6C0002_7012_-NONE-_-NONE-,XXX9,2017-05-31,0.0,"THE GEO GROUP, INC.",JMLKZZ1NL2Z6,DEFINITIVE CONTRACT,U.S. Immigration and Customs Enforcement,561612,SECURITY GUARDS AND PATROL SERVICES,S206,HOUSEKEEPING- GUARD,DHS BULK CLOSE OUT
HSCEVT04CACB4C0008,CONT_AWD_HSCEVT04CACB4C0008_7012_-NONE-_-NONE-,XXX9,2017-05-31,0.0,B.I. INCORPORATED,PKK6L9KLMYR5,DEFINITIVE CONTRACT,U.S. Immigration and Customs Enforcement,624190,OTHER INDIVIDUAL AND FAMILY SERVICES,G099,SOCIAL- OTHER,DHS BULK CLOSE OUT
HSCEDM15J00032,CONT_AWD_HSCEDM15J00032_7012_HSCEDM14D00004_7012,P00016,2017-06-02,0.0,B.I. INCORPORATED,PKK6L9KLMYR5,DELIVERY ORDER,U.S. Immigration and Customs Enforcement,561210,FACILITIES SUPPORT SERVICES,R408,SUPPORT- PROFESSIONAL: PROGRAM MANAGEMENT/SUPPORT,IGF::CT::IGF ISAP III CONTRACT OPTION YEAR 1 FOR THE ALTERNATIVES TO DETENTION UNIT
HSCEDM16J00019,CONT_AWD_HSCEDM16J00019_7012_HSCEDM15D00006_7012,P00009,2017-06-05,2677000.0,"THE GEO GROUP, INC.",JMLKZZ1NL2Z6,DELIVERY ORDER,U.S. Immigration and Customs Enforcement,561210,FACILITIES SUPPORT SERVICES,S206,HOUSEKEEPING- GUARD,IGF::CT::IGF DETENTION SERVICES AT BROWARD TRANSITIONAL CENTER
HSCEDM15J00039,CONT_AWD_HSCEDM15J00039_7012_HSCEDM15D00008_7012,P00008,2017-06-07,-17751.42,"GEO CARE SERVICES, LLC",G6XJKMJUNB91,DELIVERY ORDER,U.S. Immigration and Customs Enforcement,624190,OTHER INDIVIDUAL AND FAMILY SERVICES,G099,SOCIAL- OTHER,IGF::CT::IGF TASK ORDER FOR FAMILY CASE MANAGEMENT SERVICES [DC]
HSCEDM15J00040,CONT_AWD_HSCEDM15J00040_7012_HSCEDM15D00010_7012,P00008,2017-06-07,-62380.29,"GEO CARE SERVICES, LLC",G6XJKMJUNB91,DELIVERY ORDER,U.S. Immigration and Customs Enforcement,624190,OTHER INDIVIDUAL AND FAMILY SERVICES,G099,SOCIAL- OTHER,IGF::CT::IGF TASK ORDER FOR FAMILY CASE MANAGEMENT SERVICES [LA]
HSCEDM15J00041,CONT_AWD_HSCEDM15J00041_7012_HSCEDM15D00011_7012,P00008,2017-06-07,-53879.48,"GEO CARE SERVICES, LLC",G6XJKMJUNB91,DELIVERY ORDER,U.S. Immigration and Customs Enforcement,624190,OTHER INDIVIDUAL AND FAMILY SERVICES,G099,SOCIAL- OTHER,IGF::CT::IGF TASK ORDER FOR FAMILY CASE MANAGEMENT SERVICES [NY]
HSCEDM15J00042,CONT_AWD_HSCEDM15J00042_7012_HSCEDM15D00012_7012,P00008,2017-06-08,-72404.16,"GEO CARE SERVICES, LLC",G6XJKMJUNB91,DELIVERY ORDER,U.S. Immigration and Customs Enforcement,624190,OTHER INDIVIDUAL AND FAMILY SERVICES,G099,SOCIAL- OTHER,IGF::CT::IGF TASK ORDER FOR FAMILY CASE MANAGEMENT SERVICES [MIA]
HSCEDM15J00043,CONT_AWD_HSCEDM15J00043_7012_HSCEDM15D00013_7012,P00008,2017-06-08,-46081.99,"GEO CARE SERVICES, LLC",G6XJKMJUNB91,DELIVERY ORDER,U.S. Immigration and Customs Enforcement,624190,OTHER INDIVIDUAL AND FAMILY SERVICES,G099,SOCIAL- OTHER,IGF::CT::IGF TASK ORDER FOR FAMILY CASE MANAGEMENT SERVICES [CHI]
HSCEDM17J00008,CONT_AWD_HSCEDM17J00008_7012_HSCEDM14A00001_7012,P00001,2017-06-12,511550.44,"THE GEO GROUP, INC.",JMLKZZ1NL2Z6,BPA CALL,U.S. Immigration and Customs Enforcement,922140,CORRECTIONAL INSTITUTIONS,S206,HOUSEKEEPING- GUARD,IGF::CT::IGF RIO GRANDE DETENTION CENTER
HSCEDM16J00042,CONT_AWD_HSCEDM16J00042_7012_HSCEDM11D00003_7012,P00007,2017-06-13,62300.0,"THE GEO GROUP, INC.",JMLKZZ1NL2Z6,DELIVERY ORDER,U.S. Immigration and Customs Enforcement,561210,FACILITIES SUPPORT SERVICES,S206,HOUSEKEEPING- GUARD,"IGF::CT::IGF CONTRACT DETENTION FACILITY, AURORA, COLORADO"
HSCEDM16J00042,CONT_AWD_HSCEDM16J00042_7012_HSCEDM11D00003_7012,P00008,2017-06-14,0.0,"THE GEO GROUP, INC.",JMLKZZ1NL2Z6,DELIVERY ORDER,U.S. Immigration and Customs Enforcement,561210,FACILITIES SUPPORT SERVICES,S206,HOUSEKEEPING- GUARD,"IGF::CT::IGF CONTRACT DETENTION FACILITY, AURORA, COLORADO"
HSCEDM16J00019,CONT_AWD_HSCEDM16J00019_7012_HSCEDM15D00006_7012,P00010,2017-06-22,2655667.0,"THE GEO GROUP, INC.",JMLKZZ1NL2Z6,DELIVERY ORDER,U.S. Immigration and Customs Enforcement,561210,FACILITIES SUPPORT SERVICES,S206,HOUSEKEEPING- GUARD,IGF::CT::IGF DETENTION SERVICES AT BROWARD TRANSITIONAL CENTER
HSCEDM17J00017,CONT_AWD_HSCEDM17J00017_7012_HSCEDM12D00001_7012,P00002,2017-06-29,58000.0,"THE GEO GROUP, INC.",JMLKZZ1NL2Z6,DELIVERY ORDER,U.S. Immigration and Customs Enforcement,561210,FACILITIES SUPPORT SERVICES,S206,HOUSEKEEPING- GUARD,IGF::OT::IGF DETENTION SERVICES AT THE SOUTH TEXAS DETENTION CENTER
HSCEDM17J00024,CONT_AWD_HSCEDM17J00024_7012_HSCEDM15D00006_7012,0,2017-06-29,2608332.65,"THE GEO GROUP, INC.",JMLKZZ1NL2Z6,DELIVERY ORDER,U.S. Immigration and Customs Enforcement,561210,FACILITIES SUPPORT SERVICES,S206,HOUSEKEEPING- GUARD,IGF::CT::IGF DETENTION SERVICES AT BROWARD TRANSITIONAL CENTER
HSCEDM16J00042,CONT_AWD_HSCEDM16J00042_7012_HSCEDM11D00003_7012,P00009,2017-06-30,3921.18,"THE GEO GROUP, INC.",JMLKZZ1NL2Z6,DELIVERY ORDER,U.S. Immigration and Customs Enforcement,561210,FACILITIES SUPPORT SERVICES,S206,HOUSEKEEPING- GUARD,"IGF::CT::IGF CONTRACT DETENTION FACILITY, AURORA, COLORADO"
HSCEDM16J00052,CONT_AWD_HSCEDM16J00052_7012_HSCEDM15D00015_7012,P00007,2017-07-03,4670419.88,"THE GEO GROUP, INC.",JMLKZZ1NL2Z6,DELIVERY ORDER,U.S. Immigration and Customs Enforcement,561210,FACILITIES SUPPORT SERVICES,S206,HOUSEKEEPING- GUARD,"IGF::CT::IGF DETENTION, TRANSPORTATION AND FOOD SERVICES"
HSCEDM17J00004,CONT_AWD_HSCEDM17J00004_7012_HSCEDM12D00001_7012,P00005,2017-07-10,4372032.54,"THE GEO GROUP, INC.",JMLKZZ1NL2Z6,DELIVERY ORDER,U.S. Immigration and Customs Enforcement,561210,FACILITIES SUPPORT SERVICES,S206,HOUSEKEEPING- GUARD,IGF::OT::IGF DETENTION SERVICES AT THE SOUTH TEXAS DETENTION CENTER
HSCEDM17F00001,CONT_AWD_HSCEDM17F00001_7012_HSODT6C0002_7012,P00003,2017-07-18,1782.0,"THE GEO GROUP, INC.",JMLKZZ1NL2Z6,DELIVERY ORDER,U.S. Immigration and Customs Enforcement,561612,SECURITY GUARDS AND PATROL SERVICES,S206,HOUSEKEEPING- GUARD,"IGF::CL::IGF DETENTION SERVICES AT THE WESTERN REGION DETENTION FACILITY IN SAN DIEGO, CA"
HSCEDM17J00008,CONT_AWD_HSCEDM17J00008_7012_HSCEDM14A00001_7012,P00002,2017-07-18,489142.66,"THE GEO GROUP, INC.",JMLKZZ1NL2Z6,BPA CALL,U.S. Immigration and Customs Enforcement,922140,CORRECTIONAL INSTITUTIONS,S206,HOUSEKEEPING- GUARD,IGF::CT::IGF RIO GRANDE DETENTION CENTER
HSCEDM16J00039,CONT_AWD_HSCEDM16J00039_7012_HSCEDM14D00004_7012,P00010,2017-07-24,19000000.0,B.I. INCORPORATED,PKK6L9KLMYR5,DELIVERY ORDER,U.S. Immigration and Customs Enforcement,561210,FACILITIES SUPPORT SERVICES,R408,SUPPORT- PROFESSIONAL: PROGRAM MANAGEMENT/SUPPORT,IGF::CT::IGF INTENSIVE SUPERVISION APPEARANCE PROGRAM (ISAP III) FOR ALTERNATIVES TO DETENTION
HSCEDM17J00026,CONT_AWD_HSCEDM17J00026_7012_HSCEDM14D00004_7012,0,2017-07-24,13000000.0,B.I. INCORPORATED,PKK6L9KLMYR5,DELIVERY ORDER,U.S. Immigration and Customs Enforcement,561210,FACILITIES SUPPORT SERVICES,R408,SUPPORT- PROFESSIONAL: PROGRAM MANAGEMENT/SUPPORT,IGF::CT::IGF INTENSIVE SUPERVISION APPEARANCE PROGRAM (ISAP III) FOR ALTERNATIVES TO DETENTION
HSCEDM16J00042,CONT_AWD_HSCEDM16J00042_7012_HSCEDM11D00003_7012,P00010,2017-07-25,3631771.59,"THE GEO GROUP, INC.",JMLKZZ1NL2Z6,DELIVERY ORDER,U.S. Immigration and Customs Enforcement,561210,FACILITIES SUPPORT SERVICES,S206,HOUSEKEEPING- GUARD,"IGF::CT::IGF CONTRACT DETENTION FACILITY, AURORA, COLORADO"
HSCEDM17J00008,CONT_AWD_HSCEDM17J00008_7012_HSCEDM14A00001_7012,P00003,2017-07-26,804501.28,"THE GEO GROUP, INC.",JMLKZZ1NL2Z6,BPA CALL,U.S. Immigration and Customs Enforcement,922140,CORRECTIONAL INSTITUTIONS,S206,HOUSEKEEPING- GUARD,IGF::CT::IGF RIO GRANDE DETENTION CENTER
HSCEDM17J00004,CONT_AWD_HSCEDM17J00004_7012_HSCEDM12D00001_7012,P00006,2017-07-31,9017245.52,"THE GEO GROUP, INC.",JMLKZZ1NL2Z6,DELIVERY ORDER,U.S. Immigration and Customs Enforcement,561210,FACILITIES SUPPORT SERVICES,S206,HOUSEKEEPING- GUARD,IGF::OT::IGF DETENTION SERVICES AT THE SOUTH TEXAS DETENTION CENTER
HSCEDM17F00001,CONT_AWD_HSCEDM17F00001_7012_HSODT6C0002_7012,P00004,2017-08-02,1336.5,"THE GEO GROUP, INC.",JMLKZZ1NL2Z6,DELIVERY ORDER,U.S. Immigration and Customs Enforcement,561612,SECURITY GUARDS AND PATROL SERVICES,S206,HOUSEKEEPING- GUARD,"IGF::CL::IGF DETENTION SERVICES AT THE WESTERN REGION DETENTION FACILITY IN SAN DIEGO, CA"
HSCEDM17J00024,CONT_AWD_HSCEDM17J00024_7012_HSCEDM15D00006_7012,P00001,2017-08-02,5216699.81,"THE GEO GROUP, INC.",JMLKZZ1NL2Z6,DELIVERY ORDER,U.S. Immigration and Customs Enforcement,561210,FACILITIES SUPPORT SERVICES,S206,HOUSEKEEPING- GUARD,IGF::CT::IGF DETENTION SERVICES AT BROWARD TRANSITIONAL CENTER
HSCEDM16J00052,CONT_AWD_HSCEDM16J00052_7012_HSCEDM15D00015_7012,P00008,2017-08-03,9684710.84,"THE GEO GROUP, INC.",JMLKZZ1NL2Z6,DELIVERY ORDER,U.S. Immigration and Customs Enforcement,561210,FACILITIES SUPPORT SERVICES,S206,HOUSEKEEPING- GUARD,"IGF::CT::IGF DETENTION, TRANSPORTATION AND FOOD SERVICES"
HSCEDM16J00039,CONT_AWD_HSCEDM16J00039_7012_HSCEDM14D00004_7012,P00011,2017-08-09,-1000000.0,B.I. INCORPORATED,PKK6L9KLMYR5,DELIVERY ORDER,U.S. Immigration and Customs Enforcement,561210,FACILITIES SUPPORT SERVICES,R408,SUPPORT- PROFESSIONAL: PROGRAM MANAGEMENT/SUPPORT,IGF::CT::IGF INTENSIVE SUPERVISION APPEARANCE PROGRAM (ISAP III) FOR ALTERNATIVES TO DETENTION
HSCEDM17J00026,CONT_AWD_HSCEDM17J00026_7012_HSCEDM14D00004_7012,P00001,2017-08-18,1000000.0,B.I. INCORPORATED,PKK6L9KLMYR5,DELIVERY ORDER,U.S. Immigration and Customs Enforcement,561210,FACILITIES SUPPORT SERVICES,R408,SUPPORT- PROFESSIONAL: PROGRAM MANAGEMENT/SUPPORT,IGF::CT::IGF INTENSIVE SUPERVISION APPEARANCE PROGRAM (ISAP III) FOR ALTERNATIVES TO DETENTION
HSCEDM17J00024,CONT_AWD_HSCEDM17J00024_7012_HSCEDM15D00006_7012,P00002,2017-08-21,99999.0,"THE GEO GROUP, INC.",JMLKZZ1NL2Z6,DELIVERY ORDER,U.S. Immigration and Customs Enforcement,561210,FACILITIES SUPPORT SERVICES,S206,HOUSEKEEPING- GUARD,IGF::CT::IGF DETENTION SERVICES AT BROWARD TRANSITIONAL CENTER
HSCEDM16J00042,CONT_AWD_HSCEDM16J00042_7012_HSCEDM11D00003_7012,P00011,2017-08-28,382496.64,"THE GEO GROUP, INC.",JMLKZZ1NL2Z6,DELIVERY ORDER,U.S. Immigration and Customs Enforcement,561210,FACILITIES SUPPORT SERVICES,S206,HOUSEKEEPING- GUARD,"IGF::CT::IGF CONTRACT DETENTION FACILITY, AURORA, COLORADO"
HSCEDM16J00044,CONT_AWD_HSCEDM16J00044_7012_HSCEDM15D00008_7012,P00007,2017-08-31,33906.0,"GEO CARE SERVICES, LLC",G6XJKMJUNB91,DELIVERY ORDER,U.S. Immigration and Customs Enforcement,624190,OTHER INDIVIDUAL AND FAMILY SERVICES,G099,SOCIAL- OTHER,IGF::CT::IGF
HSCEDM16J00046,CONT_AWD_HSCEDM16J00046_7012_HSCEDM15D00010_7012,P00006,2017-08-31,389879.0,"GEO CARE SERVICES, LLC",G6XJKMJUNB91,DELIVERY ORDER,U.S. Immigration and Customs Enforcement,624190,OTHER INDIVIDUAL AND FAMILY SERVICES,G099,SOCIAL- OTHER,IGF::CT::IGF
HSCEDM16J00047,CONT_AWD_HSCEDM16J00047_7012_HSCEDM15D00011_7012,P00006,2017-08-31,164225.0,"GEO CARE SERVICES, LLC",G6XJKMJUNB91,DELIVERY ORDER,U.S. Immigration and Customs Enforcement,624190,OTHER INDIVIDUAL AND FAMILY SERVICES,G099,SOCIAL- OTHER,IGF::CT::IGF FAMILY CASE MANAGEMENT SERVICES
HSCEDM16J00048,CONT_AWD_HSCEDM16J00048_7012_HSCEDM15D00012_7012,P00006,2017-08-31,119938.0,"GEO CARE SERVICES, LLC",G6XJKMJUNB91,DELIVERY ORDER,U.S. Immigration and Customs Enforcement,624190,OTHER INDIVIDUAL AND FAMILY SERVICES,G099,SOCIAL- OTHER,IGF::CT::IGF
HSCEDM16J00049,CONT_AWD_HSCEDM16J00049_7012_HSCEDM15D00013_7012,P00006,2017-08-31,151304.0,"GEO CARE SERVICES, LLC",G6XJKMJUNB91,DELIVERY ORDER,U.S. Immigration and Customs Enforcement,624190,OTHER INDIVIDUAL AND FAMILY SERVICES,G099,SOCIAL- OTHER,IGF::CT::IGF
HSCEDM17F00001,CONT_AWD_HSCEDM17F00001_7012_HSODT6C0002_7012,P00005,2017-08-31,3564.0,"THE GEO GROUP, INC.",JMLKZZ1NL2Z6,DELIVERY ORDER,U.S. Immigration and Customs Enforcement,561612,SECURITY GUARDS AND PATROL SERVICES,S206,HOUSEKEEPING- GUARD,"IGF::CL::IGF DETENTION SERVICES AT THE WESTERN REGION DETENTION FACILITY IN SAN DIEGO, CA"
HSCEDM17J00008,CONT_AWD_HSCEDM17J00008_7012_HSCEDM14A00001_7012,P00004,2017-08-31,429813.5,"THE GEO GROUP, INC.",JMLKZZ1NL2Z6,BPA CALL,U.S. Immigration and Customs Enforcement,922140,CORRECTIONAL INSTITUTIONS,S206,HOUSEKEEPING- GUARD,IGF::CT::IGF RIO GRANDE DETENTION CENTER
HSCEDM17J00031,CONT_AWD_HSCEDM17J00031_7012_HSCEDM11D00003_7012,0,2017-09-06,2562689.92,"THE GEO GROUP, INC.",JMLKZZ1NL2Z6,DELIVERY ORDER,U.S. Immigration and Customs Enforcement,561210,FACILITIES SUPPORT SERVICES,S206,HOUSEKEEPING- GUARD,"DETENTION MANAGEMENT/MEDICAL/TRANSPORTATION FOR AURORA, CO GEO GRP COCA. IGF::CT::IGF"
HSCEDM16J00052,CONT_AWD_HSCEDM16J00052_7012_HSCEDM15D00015_7012,P00009,2017-09-11,4498760.03,"THE GEO GROUP, INC.",JMLKZZ1NL2Z6,DELIVERY ORDER,U.S. Immigration and Customs Enforcement,561210,FACILITIES SUPPORT SERVICES,S206,HOUSEKEEPING- GUARD,"IGF::CT::IGF DETENTION, TRANSPORTATION AND FOOD SERVICES"
HSCEDM16J00019,CONT_AWD_HSCEDM16J00019_7012_HSCEDM15D00006_7012,P00011,2017-09-14,-73075.13,"THE GEO GROUP, INC.",JMLKZZ1NL2Z6,DELIVERY ORDER,U.S. Immigration and Customs Enforcement,561210,FACILITIES SUPPORT SERVICES,S206,HOUSEKEEPING- GUARD,IGF::CT::IGF DETENTION SERVICES AT BROWARD TRANSITIONAL CENTER
HSCEDM17J00004,CONT_AWD_HSCEDM17J00004_7012_HSCEDM12D00001_7012,P00007,2017-09-14,4185343.94,"THE GEO GROUP, INC.",JMLKZZ1NL2Z6,DELIVERY ORDER,U.S. Immigration and Customs Enforcement,561210,FACILITIES SUPPORT SERVICES,S206,HOUSEKEEPING- GUARD,IGF::OT::IGF DETENTION SERVICES AT THE SOUTH TEXAS DETENTION CENTER
HSCEDM17J00032,CONT_AWD_HSCEDM17J00032_7012_HSCEDM15D00015_7012,0,2017-09-14,5787483.07,"THE GEO GROUP, INC.",JMLKZZ1NL2Z6,DELIVERY ORDER,U.S. Immigration and Customs Enforcement,561210,FACILITIES SUPPORT SERVICES,S206,HOUSEKEEPING- GUARD,"IGF::CT::IGF DETENTION, TRANSPORTATION AND FOOD SERVICES"
HSCEDM17J00004,CONT_AWD_HSCEDM17J00004_7012_HSCEDM12D00001_7012,P00008,2017-09-20,4269603.5,"THE GEO GROUP, INC.",JMLKZZ1NL2Z6,DELIVERY ORDER,U.S. Immigration and Customs Enforcement,561210,FACILITIES SUPPORT SERVICES,S206,HOUSEKEEPING- GUARD,IGF::OT::IGF DETENTION SERVICES AT THE SOUTH TEXAS DETENTION CENTER
HSCEDM17J00026,CONT_AWD_HSCEDM17J00026_7012_HSCEDM14D00004_7012,P00002,2017-09-22,4631256.0,B.I. INCORPORATED,PKK6L9KLMYR5,DELIVERY ORDER,U.S. Immigration and Customs Enforcement,561210,FACILITIES SUPPORT SERVICES,R408,SUPPORT- PROFESSIONAL: PROGRAM MANAGEMENT/SUPPORT,IGF::CT::IGF INTENSIVE SUPERVISION APPEARANCE PROGRAM (ISAP III) FOR ALTERNATIVES TO DETENTION
HSCEDM16J00039,CONT_AWD_HSCEDM16J00039_7012_HSCEDM14D00004_7012,P00012,2017-09-24,250000.0,B.I. INCORPORATED,PKK6L9KLMYR5,DELIVERY ORDER,U.S. Immigration and Customs Enforcement,561210,FACILITIES SUPPORT SERVICES,R408,SUPPORT- PROFESSIONAL: PROGRAM MANAGEMENT/SUPPORT,IGF::CT::IGF INTENSIVE SUPERVISION APPEARANCE PROGRAM (ISAP III) FOR ALTERNATIVES TO DETENTION
HSCEDM17J00026,CONT_AWD_HSCEDM17J00026_7012_HSCEDM14D00004_7012,P00003,2017-09-29,215000.0,B.I. INCORPORATED,PKK6L9KLMYR5,DELIVERY ORDER,U.S. Immigration and Customs Enforcement,561210,FACILITIES SUPPORT SERVICES,R408,SUPPORT- PROFESSIONAL: PROGRAM MANAGEMENT/SUPPORT,IGF::CT::IGF INTENSIVE SUPERVISION APPEARANCE PROGRAM (ISAP III) FOR ALTERNATIVES TO DETENTION
HSCEDM17J00024,CONT_AWD_HSCEDM17J00024_7012_HSCEDM15D00006_7012,P00003,2017-09-30,1965769.0,"THE GEO GROUP, INC.",JMLKZZ1NL2Z6,DELIVERY ORDER,U.S. Immigration and Customs Enforcement,561210,FACILITIES SUPPORT SERVICES,S206,HOUSEKEEPING- GUARD,IGF::CT::IGF DETENTION SERVICES AT BROWARD TRANSITIONAL CENTER
HSCEDM17J00026,CONT_AWD_HSCEDM17J00026_7012_HSCEDM14D00004_7012,P00004,2017-09-30,400000.0,B.I. INCORPORATED,PKK6L9KLMYR5,DELIVERY ORDER,U.S. Immigration and Customs Enforcement,561210,FACILITIES SUPPORT SERVICES,R408,SUPPORT- PROFESSIONAL: PROGRAM MANAGEMENT/SUPPORT,IGF::CT::IGF INTENSIVE SUPERVISION APPEARANCE PROGRAM (ISAP III) FOR ALTERNATIVES TO DETENTION
HSCEDM17F00001,CONT_AWD_HSCEDM17F00001_7012_HSODT6C0002_7012,P00006,2017-10-13,14986.62,"THE GEO GROUP, INC.",JMLKZZ1NL2Z6,DELIVERY ORDER,U.S. Immigration and Customs Enforcement,561612,SECURITY GUARDS AND PATROL SERVICES,S206,HOUSEKEEPING- GUARD,"IGF::CL::IGF DETENTION SERVICES AT THE WESTERN REGION DETENTION FACILITY IN SAN DIEGO, CA"
HSCEDM17J00032,CONT_AWD_HSCEDM17J00032_7012_HSCEDM15D00015_7012,P00001,2017-10-23,5115621.15,"THE GEO GROUP, INC.",JMLKZZ1NL2Z6,DELIVERY ORDER,U.S. Immigration and Customs Enforcement,561210,FACILITIES SUPPORT SERVICES,S206,HOUSEKEEPING- GUARD,"IGF::CT::IGF DETENTION, TRANSPORTATION AND FOOD SERVICES"
HSCEDM17J00024,CONT_AWD_HSCEDM17J00024_7012_HSCEDM15D00006_7012,P00004,2017-10-26,2813115.69,"THE GEO GROUP, INC.",JMLKZZ1NL2Z6,DELIVERY ORDER,U.S. Immigration and Customs Enforcement,561210,FACILITIES SUPPORT SERVICES,S206,HOUSEKEEPING- GUARD,IGF::CT::IGF DETENTION SERVICES AT BROWARD TRANSITIONAL CENTER
HSCEDM16J00039,CONT_AWD_HSCEDM16J00039_7012_HSCEDM14D00004_7012,P00013,2017-10-27,-84903.98,B.I. INCORPORATED,PKK6L9KLMYR5,DELIVERY ORDER,U.S. Immigration and Customs Enforcement,561210,FACILITIES SUPPORT SERVICES,R408,SUPPORT- PROFESSIONAL: PROGRAM MANAGEMENT/SUPPORT,IGF::CT::IGF INTENSIVE SUPERVISION APPEARANCE PROGRAM (ISAP III) FOR ALTERNATIVES TO DETENTION
HSCEDM17J00026,CONT_AWD_HSCEDM17J00026_7012_HSCEDM14D00004_7012,P00005,2017-10-30,22685123.0,B.I. INCORPORATED,PKK6L9KLMYR5,DELIVERY ORDER,U.S. Immigration and Customs Enforcement,561210,FACILITIES SUPPORT SERVICES,R408,SUPPORT- PROFESSIONAL: PROGRAM MANAGEMENT/SUPPORT,IGF::CT::IGF INTENSIVE SUPERVISION APPEARANCE PROGRAM (ISAP III) FOR ALTERNATIVES TO DETENTION
HSCEDM17J00004,CONT_AWD_HSCEDM17J00004_7012_HSCEDM12D00001_7012,P00009,2017-10-31,2140691.87,"THE GEO GROUP, INC.",JMLKZZ1NL2Z6,DELIVERY ORDER,U.S. Immigration and Customs Enforcement,561210,FACILITIES SUPPORT SERVICES,S206,HOUSEKEEPING- GUARD,IGF::OT::IGF DETENTION SERVICES AT THE SOUTH TEXAS DETENTION CENTER
HSCEDM17J00008,CONT_AWD_HSCEDM17J00008_7012_HSCEDM14A00001_7012,P00005,2017-10-31,735075.0,"THE GEO GROUP, INC.",JMLKZZ1NL2Z6,BPA CALL,U.S. Immigration and Customs Enforcement,922140,CORRECTIONAL INSTITUTIONS,S206,HOUSEKEEPING- GUARD,IGF::CT::IGF RIO GRANDE DETENTION CENTER
HSCEDM17J00031,CONT_AWD_HSCEDM17J00031_7012_HSCEDM11D00003_7012,P00001,2017-10-31,3005840.58,"THE GEO GROUP, INC.",JMLKZZ1NL2Z6,DELIVERY ORDER,U.S. Immigration and Customs Enforcement,561210,FACILITIES SUPPORT SERVICES,S206,HOUSEKEEPING- GUARD,"DETENTION MANAGEMENT/MEDICAL/TRANSPORTATION FOR AURORA, CO GEO GRP COCA. IGF::CT::IGF"
HSCEDM16J00052,CONT_AWD_HSCEDM16J00052_7012_HSCEDM15D00015_7012,P00010,2017-11-08,222636.0,"THE GEO GROUP, INC.",JMLKZZ1NL2Z6,DELIVERY ORDER,U.S. Immigration and Customs Enforcement,561210,FACILITIES SUPPORT SERVICES,S206,HOUSEKEEPING- GUARD,"IGF::CT::IGF DETENTION, TRANSPORTATION AND FOOD SERVICES"
HSCEDM17J00031,CONT_AWD_HSCEDM17J00031_7012_HSCEDM11D00003_7012,P00002,2017-11-08,3794774.53,"THE GEO GROUP, INC.",JMLKZZ1NL2Z6,DELIVERY ORDER,U.S. Immigration and Customs Enforcement,561210,FACILITIES SUPPORT SERVICES,S206,HOUSEKEEPING- GUARD,"DETENTION MANAGEMENT/MEDICAL/TRANSPORTATION FOR AURORA, CO GEO GRP COCA. IGF::CT::IGF"
HSCEDM17J00024,CONT_AWD_HSCEDM17J00024_7012_HSCEDM15D00006_7012,P00005,2017-11-14,2403108.72,"THE GEO GROUP, INC.",JMLKZZ1NL2Z6,DELIVERY ORDER,U.S. Immigration and Customs Enforcement,561210,FACILITIES SUPPORT SERVICES,S206,HOUSEKEEPING- GUARD,IGF::CT::IGF DETENTION SERVICES AT BROWARD TRANSITIONAL CENTER
HSCEDM17J00032,CONT_AWD_HSCEDM17J00032_7012_HSCEDM15D00015_7012,P00002,2017-11-15,4900629.99,"THE GEO GROUP, INC.",JMLKZZ1NL2Z6,DELIVERY ORDER,U.S. Immigration and Customs Enforcement,561210,FACILITIES SUPPORT SERVICES,S206,HOUSEKEEPING- GUARD,"IGF::CT::IGF DETENTION, TRANSPORTATION AND FOOD SERVICES"
HSCEDM17J00008,CONT_AWD_HSCEDM17J00008_7012_HSCEDM14A00001_7012,P00006,2017-11-16,735902.18,"THE GEO GROUP, INC.",JMLKZZ1NL2Z6,BPA CALL,U.S. Immigration and Customs Enforcement,922140,CORRECTIONAL INSTITUTIONS,S206,HOUSEKEEPING- GUARD,IGF::CT::IGF RIO GRANDE DETENTION CENTER
HSCEDM17J00008,CONT_AWD_HSCEDM17J00008_7012_HSCEDM14A00001_7012,P00007,2017-11-21,500094.0,"THE GEO GROUP, INC.",JMLKZZ1NL2Z6,BPA CALL,U.S. Immigration and Customs Enforcement,922140,CORRECTIONAL INSTITUTIONS,S206,HOUSEKEEPING- GUARD,IGF::CT::IGF RIO GRANDE DETENTION CENTER
HSCEDM17J00004,CONT_AWD_HSCEDM17J00004_7012_HSCEDM12D00001_7012,P00010,2017-11-22,1482867.45,"THE GEO GROUP, INC.",JMLKZZ1NL2Z6,DELIVERY ORDER,U.S. Immigration and Customs Enforcement,561210,FACILITIES SUPPORT SERVICES,S206,HOUSEKEEPING- GUARD,IGF::OT::IGF DETENTION SERVICES AT THE SOUTH TEXAS DETENTION CENTER
70CDCR18FR0000009,CONT_AWD_70CDCR18FR0000009_7012_HSCEDM12D00001_7012,0,2017-11-28,8467223.88,"THE GEO GROUP, INC.",JMLKZZ1NL2Z6,DELIVERY ORDER,U.S. Immigration and Customs Enforcement,561210,FACILITIES SUPPORT SERVICES,S206,HOUSEKEEPING- GUARD,DETENTION SERVICES
HSCEDM16J00042,CONT_AWD_HSCEDM16J00042_7012_HSCEDM11D00003_7012,P00012,2017-11-30,1081095.29,"THE GEO GROUP, INC.",JMLKZZ1NL2Z6,DELIVERY ORDER,U.S. Immigration and Customs Enforcement,561210,FACILITIES SUPPORT SERVICES,S206,HOUSEKEEPING- GUARD,"IGF::CT::IGF CONTRACT DETENTION FACILITY, AURORA, COLORADO"
HSCEDM17J00004,CONT_AWD_HSCEDM17J00004_7012_HSCEDM12D00001_7012,P00011,2017-12-06,175364.87,"THE GEO GROUP, INC.",JMLKZZ1NL2Z6,DELIVERY ORDER,U.S. Immigration and Customs Enforcement,561210,FACILITIES SUPPORT SERVICES,S206,HOUSEKEEPING- GUARD,IGF::OT::IGF DETENTION SERVICES AT THE SOUTH TEXAS DETENTION CENTER
HSCEDM16J00044,CONT_AWD_HSCEDM16J00044_7012_HSCEDM15D00008_7012,P00008,2017-12-08,-22408.52,"GEO CARE SERVICES, LLC",G6XJKMJUNB91,DELIVERY ORDER,U.S. Immigration and Customs Enforcement,624190,OTHER INDIVIDUAL AND FAMILY SERVICES,G099,SOCIAL- OTHER,IGF::CT::IGF
HSCEDM16J00046,CONT_AWD_HSCEDM16J00046_7012_HSCEDM15D00010_7012,P00007,2017-12-08,-28030.49,"GEO CARE SERVICES, LLC",G6XJKMJUNB91,DELIVERY ORDER,U.S. Immigration and Customs Enforcement,624190,OTHER INDIVIDUAL AND FAMILY SERVICES,G099,SOCIAL- OTHER,IGF::CT::IGF
HSCEDM16J00047,CONT_AWD_HSCEDM16J00047_7012_HSCEDM15D00011_7012,P00007,2017-12-08,-41481.14,"GEO CARE SERVICES, LLC",G6XJKMJUNB91,DELIVERY ORDER,U.S. Immigration and Customs Enforcement,624190,OTHER INDIVIDUAL AND FAMILY SERVICES,G099,SOCIAL- OTHER,IGF::CT::IGF FAMILY CASE MANAGEMENT SERVICES
HSCEDM16J00048,CONT_AWD_HSCEDM16J00048_7012_HSCEDM15D00012_7012,P00007,2017-12-08,-23393.41,"GEO CARE SERVICES, LLC",G6XJKMJUNB91,DELIVERY ORDER,U.S. Immigration and Customs Enforcement,624190,OTHER INDIVIDUAL AND FAMILY SERVICES,G099,SOCIAL- OTHER,IGF::CT::IGF
HSCEDM16J00049,CONT_AWD_HSCEDM16J00049_7012_HSCEDM15D00013_7012,P00007,2017-12-08,-63370.65,"GEO CARE SERVICES, LLC",G6XJKMJUNB91,DELIVERY ORDER,U.S. Immigration and Customs Enforcement,624190,OTHER INDIVIDUAL AND FAMILY SERVICES,G099,SOCIAL- OTHER,IGF::CT::IGF
HSCEDM17J00031,CONT_AWD_HSCEDM17J00031_7012_HSCEDM11D00003_7012,P00003,2017-12-18,3272874.74,"THE GEO GROUP, INC.",JMLKZZ1NL2Z6,DELIVERY ORDER,U.S. Immigration and Customs Enforcement,561210,FACILITIES SUPPORT SERVICES,S206,HOUSEKEEPING- GUARD,"DETENTION MANAGEMENT/MEDICAL/TRANSPORTATION FOR AURORA, CO GEO GRP COCA. IGF::CT::IGF"
HSCEDM17J00024,CONT_AWD_HSCEDM17J00024_7012_HSCEDM15D00006_7012,P00006,2017-12-26,6112032.42,"THE GEO GROUP, INC.",JMLKZZ1NL2Z6,DELIVERY ORDER,U.S. Immigration and Customs Enforcement,561210,FACILITIES SUPPORT SERVICES,S206,HOUSEKEEPING- GUARD,IGF::CT::IGF DETENTION SERVICES AT BROWARD TRANSITIONAL CENTER
HSCEDM17J00026,CONT_AWD_HSCEDM17J00026_7012_HSCEDM14D00004_7012,P00006,2017-12-28,11800000.0,B.I. INCORPORATED,PKK6L9KLMYR5,DELIVERY ORDER,U.S. Immigration and Customs Enforcement,561210,FACILITIES SUPPORT SERVICES,R408,SUPPORT- PROFESSIONAL: PROGRAM MANAGEMENT/SUPPORT,IGF::CT::IGF INTENSIVE SUPERVISION APPEARANCE PROGRAM (ISAP III) FOR ALTERNATIVES TO DETENTION
HSCEDM17J00008,CONT_AWD_HSCEDM17J00008_7012_HSCEDM14A00001_7012,P00008,2018-01-02,922875.86,"THE GEO GROUP, INC.",JMLKZZ1NL2Z6,BPA CALL,U.S. Immigration and Customs Enforcement,922140,CORRECTIONAL INSTITUTIONS,S206,HOUSEKEEPING- GUARD,IGF::CT::IGF RIO GRANDE DETENTION CENTER
HSCEDM17J00032,CONT_AWD_HSCEDM17J00032_7012_HSCEDM15D00015_7012,P00003,2018-01-03,5579826.58,"THE GEO GROUP, INC.",JMLKZZ1NL2Z6,DELIVERY ORDER,U.S. Immigration and Customs Enforcement,561210,FACILITIES SUPPORT SERVICES,S206,HOUSEKEEPING- GUARD,"IGF::CT::IGF DETENTION, TRANSPORTATION AND FOOD SERVICES"
70CDCR18FR0000009,CONT_AWD_70CDCR18FR0000009_7012_HSCEDM12D00001_7012,P00001,2018-01-11,292952.0,"THE GEO GROUP, INC.",JMLKZZ1NL2Z6,DELIVERY ORDER,U.S. Immigration and Customs Enforcement,561210,FACILITIES SUPPORT SERVICES,S206,HOUSEKEEPING- GUARD,DETENTION SERVICES
HSCEDM17J00031,CONT_AWD_HSCEDM17J00031_7012_HSCEDM11D00003_7012,P00004,2018-01-23,2620056.46,"THE GEO GROUP, INC.",JMLKZZ1NL2Z6,DELIVERY ORDER,U.S. Immigration and Customs Enforcement,561210,FACILITIES SUPPORT SERVICES,S206,HOUSEKEEPING- GUARD,"DETENTION MANAGEMENT/MEDICAL/TRANSPORTATION FOR AURORA, CO GEO GRP COCA. IGF::CT::IGF"
HSCEDM17J00032,CONT_AWD_HSCEDM17J00032_7012_HSCEDM15D00015_7012,P00004,2018-01-24,5363464.04,"THE GEO GROUP, INC.",JMLKZZ1NL2Z6,DELIVERY ORDER,U.S. Immigration and Customs Enforcement,561210,FACILITIES SUPPORT SERVICES,S206,HOUSEKEEPING- GUARD,"IGF::CT::IGF DETENTION, TRANSPORTATION AND FOOD SERVICES"
HSCEDM17J00026,CONT_AWD_HSCEDM17J00026_7012_HSCEDM14D00004_7012,P00007,2018-01-26,4372073.0,B.I. INCORPORATED,PKK6L9KLMYR5,DELIVERY ORDER,U.S. Immigration and Customs Enforcement,561210,FACILITIES SUPPORT SERVICES,R408,SUPPORT- PROFESSIONAL: PROGRAM MANAGEMENT/SUPPORT,IGF::CT::IGF INTENSIVE SUPERVISION APPEARANCE PROGRAM (ISAP III) FOR ALTERNATIVES TO DETENTION
HSCEDM17J00008,CONT_AWD_HSCEDM17J00008_7012_HSCEDM14A00001_7012,P00009,2018-01-30,63855.0,"THE GEO GROUP, INC.",JMLKZZ1NL2Z6,BPA CALL,U.S. Immigration and Customs Enforcement,922140,CORRECTIONAL INSTITUTIONS,S206,HOUSEKEEPING- GUARD,IGF::CT::IGF RIO GRANDE DETENTION CENTER
70CDCR18FR0000009,CONT_AWD_70CDCR18FR0000009_7012_HSCEDM12D00001_7012,P00002,2018-02-06,10955502.87,"THE GEO GROUP, INC.",JMLKZZ1NL2Z6,DELIVERY ORDER,U.S. Immigration and Customs Enforcement,561210,FACILITIES SUPPORT SERVICES,S206,HOUSEKEEPING- GUARD,DETENTION SERVICES
HSCEDM17J00024,CONT_AWD_HSCEDM17J00024_7012_HSCEDM15D00006_7012,P00007,2018-02-07,1388500.0,"THE GEO GROUP, INC.",JMLKZZ1NL2Z6,DELIVERY ORDER,U.S. Immigration and Customs Enforcement,561210,FACILITIES SUPPORT SERVICES,S206,HOUSEKEEPING- GUARD,IGF::CT::IGF DETENTION SERVICES AT BROWARD TRANSITIONAL CENTER
HSCEDM17J00026,CONT_AWD_HSCEDM17J00026_7012_HSCEDM14D00004_7012,P00008,2018-02-07,8000000.0,B.I. INCORPORATED,PKK6L9KLMYR5,DELIVERY ORDER,U.S. Immigration and Customs Enforcement,561210,FACILITIES SUPPORT SERVICES,R408,SUPPORT- PROFESSIONAL: PROGRAM MANAGEMENT/SUPPORT,IGF::CT::IGF INTENSIVE SUPERVISION APPEARANCE PROGRAM (ISAP III) FOR ALTERNATIVES TO DETENTION
HSCEDM17F00001,CONT_AWD_HSCEDM17F00001_7012_HSODT6C0002_7012,P00007,2018-02-14,-13881.78,"THE GEO GROUP, INC.",JMLKZZ1NL2Z6,DELIVERY ORDER,U.S. Immigration and Customs Enforcement,561612,SECURITY GUARDS AND PATROL SERVICES,S206,HOUSEKEEPING- GUARD,"IGF::CL::IGF DETENTION SERVICES AT THE WESTERN REGION DETENTION FACILITY IN SAN DIEGO, CA"
HSCEDM16J00042,CONT_AWD_HSCEDM16J00042_7012_HSCEDM11D00003_7012,P00013,2018-02-15,779.31,"THE GEO GROUP, INC.",JMLKZZ1NL2Z6,DELIVERY ORDER,U.S. Immigration and Customs Enforcement,561210,FACILITIES SUPPORT SERVICES,S206,HOUSEKEEPING- GUARD,"IGF::CT::IGF CONTRACT DETENTION FACILITY, AURORA, COLORADO"
HSCEDM17J00031,CONT_AWD_HSCEDM17J00031_7012_HSCEDM11D00003_7012,P00005,2018-02-20,5301682.92,"THE GEO GROUP, INC.",JMLKZZ1NL2Z6,DELIVERY ORDER,U.S. Immigration and Customs Enforcement,561210,FACILITIES SUPPORT SERVICES,S206,HOUSEKEEPING- GUARD,"DETENTION MANAGEMENT/MEDICAL/TRANSPORTATION FOR AURORA, CO GEO GRP COCA. IGF::CT::IGF"
HSCEDM17J00032,CONT_AWD_HSCEDM17J00032_7012_HSCEDM15D00015_7012,P00005,2018-02-26,4972379.6,"THE GEO GROUP, INC.",JMLKZZ1NL2Z6,DELIVERY ORDER,U.S. Immigration and Customs Enforcement,561210,FACILITIES SUPPORT SERVICES,S206,HOUSEKEEPING- GUARD,"IGF::CT::IGF DETENTION, TRANSPORTATION AND FOOD SERVICES"
70CDCR18FR0000009,CONT_AWD_70CDCR18FR0000009_7012_HSCEDM12D00001_7012,P00003,2018-03-07,3811699.0,"THE GEO GROUP, INC.",JMLKZZ1NL2Z6,DELIVERY ORDER,U.S. Immigration and Customs Enforcement,561210,FACILITIES SUPPORT SERVICES,S206,HOUSEKEEPING- GUARD,DETENTION SERVICES
HSCEDM17J00026,CONT_AWD_HSCEDM17J00026_7012_HSCEDM14D00004_7012,P00009,2018-03-08,22000000.0,B.I. INCORPORATED,PKK6L9KLMYR5,DELIVERY ORDER,U.S. Immigration and Customs Enforcement,561210,FACILITIES SUPPORT SERVICES,R408,SUPPORT- PROFESSIONAL: PROGRAM MANAGEMENT/SUPPORT,IGF::CT::IGF INTENSIVE SUPERVISION APPEARANCE PROGRAM (ISAP III) FOR ALTERNATIVES TO DETENTION
HSCEDM17J00024,CONT_AWD_HSCEDM17J00024_7012_HSCEDM15D00006_7012,P00008,2018-03-16,3882256.14,"THE GEO GROUP, INC.",JMLKZZ1NL2Z6,DELIVERY ORDER,U.S. Immigration and Customs Enforcement,561210,FACILITIES SUPPORT SERVICES,S206,HOUSEKEEPING- GUARD,IGF::CT::IGF DETENTION SERVICES AT BROWARD TRANSITIONAL CENTER
HSCEDM17J00004,CONT_AWD_HSCEDM17J00004_7012_HSCEDM12D00001_7012,P00012,2018-03-19,-383488.71,"THE GEO GROUP, INC.",JMLKZZ1NL2Z6,DELIVERY ORDER,U.S. Immigration and Customs Enforcement,561210,FACILITIES SUPPORT SERVICES,S206,HOUSEKEEPING- GUARD,IGF::OT::IGF DETENTION SERVICES AT THE SOUTH TEXAS DETENTION CENTER
70CDCR18FC0000011,CONT_AWD_70CDCR18FC0000011_7012_HSCEDM14A00001_7012,0,2018-03-20,507965.66,"THE GEO GROUP, INC.",JMLKZZ1NL2Z6,BPA CALL,U.S. Immigration and Customs Enforcement,922140,CORRECTIONAL INSTITUTIONS,S206,HOUSEKEEPING- GUARD,IGF::CT::IGF RIO GRANDE DETENTION CENTER
HSCEDM17J00031,CONT_AWD_HSCEDM17J00031_7012_HSCEDM11D00003_7012,P00006,2018-04-02,172257.59,"THE GEO GROUP, INC.",JMLKZZ1NL2Z6,DELIVERY ORDER,U.S. Immigration and Customs Enforcement,561210,FACILITIES SUPPORT SERVICES,S206,HOUSEKEEPING- GUARD,"DETENTION MANAGEMENT/MEDICAL/TRANSPORTATION FOR AURORA, CO GEO GRP COCA. IGF::CT::IGF"
HSCEDM17J00017,CONT_AWD_HSCEDM17J00017_7012_HSCEDM12D00001_7012,P00003,2018-04-03,-73188.76,"THE GEO GROUP, INC.",JMLKZZ1NL2Z6,DELIVERY ORDER,U.S. Immigration and Customs Enforcement,561210,FACILITIES SUPPORT SERVICES,S206,HOUSEKEEPING- GUARD,IGF::OT::IGF DETENTION SERVICES AT THE SOUTH TEXAS DETENTION CENTER
HSCEDM17J00032,CONT_AWD_HSCEDM17J00032_7012_HSCEDM15D00015_7012,P00006,2018-04-06,7161641.0,"THE GEO GROUP, INC.",JMLKZZ1NL2Z6,DELIVERY ORDER,U.S. Immigration and Customs Enforcement,561210,FACILITIES SUPPORT SERVICES,S206,HOUSEKEEPING- GUARD,"IGF::CT::IGF DETENTION, TRANSPORTATION AND FOOD SERVICES"
70CDCR18FR0000009,CONT_AWD_70CDCR18FR0000009_7012_HSCEDM12D00001_7012,P00004,2018-04-09,158417.0,"THE GEO GROUP, INC.",JMLKZZ1NL2Z6,DELIVERY ORDER,U.S. Immigration and Customs Enforcement,561210,FACILITIES SUPPORT SERVICES,S206,HOUSEKEEPING- GUARD,IGF::OT::IGF DETENTION SERVICES
70CDCR18FR0000045,CONT_AWD_70CDCR18FR0000045_7012_HSCEDM17D00009_7012,0,2018-04-11,600.0,"THE GEO GROUP, INC.",JMLKZZ1NL2Z6,DELIVERY ORDER,U.S. Immigration and Customs Enforcement,561210,FACILITIES SUPPORT SERVICES,S206,HOUSEKEEPING- GUARD,IGF::CT::IGF HOUSTON DETENTION FACILITY
HSCEDM17J00024,CONT_AWD_HSCEDM17J00024_7012_HSCEDM15D00006_7012,P00009,2018-04-13,2719000.0,"THE GEO GROUP, INC.",JMLKZZ1NL2Z6,DELIVERY ORDER,U.S. Immigration and Customs Enforcement,561210,FACILITIES SUPPORT SERVICES,S206,HOUSEKEEPING- GUARD,IGF::CT::IGF DETENTION SERVICES AT BROWARD TRANSITIONAL CENTER
70CDCR18P00000084,CONT_AWD_70CDCR18P00000084_7012_-NONE-_-NONE-,0,2018-04-18,757.3,"CORNELL COMPANIES, INC.",TLDCDE29G781,PURCHASE ORDER,U.S. Immigration and Customs Enforcement,561612,SECURITY GUARDS AND PATROL SERVICES,S206,HOUSEKEEPING- GUARD,USE OF THIS FACILITY DUE TO POSSIBLE INCLEMENT WEATHER AND HAZARDOUS DRIVING CONDITIONS.
70CDCR18FC0000011,CONT_AWD_70CDCR18FC0000011_7012_HSCEDM14A00001_7012,P00001,2018-04-27,0.0,"THE GEO GROUP, INC.",JMLKZZ1NL2Z6,BPA CALL,U.S. Immigration and Customs Enforcement,922140,CORRECTIONAL INSTITUTIONS,S206,HOUSEKEEPING- GUARD,IGF::CT::IGF RIO GRANDE DETENTION CENTER
70CDCR18FR0000009,CONT_AWD_70CDCR18FR0000009_7012_HSCEDM12D00001_7012,P00005,2018-04-30,204998.4,"THE GEO GROUP, INC.",JMLKZZ1NL2Z6,DELIVERY ORDER,U.S. Immigration and Customs Enforcement,561210,FACILITIES SUPPORT SERVICES,S206,HOUSEKEEPING- GUARD,IGF::OT::IGF DETENTION SERVICES
HSCEDM17J00031,CONT_AWD_HSCEDM17J00031_7012_HSCEDM11D00003_7012,P00007,2018-05-01,12341407.88,"THE GEO GROUP, INC.",JMLKZZ1NL2Z6,DELIVERY ORDER,U.S. Immigration and Customs Enforcement,561210,FACILITIES SUPPORT SERVICES,S206,HOUSEKEEPING- GUARD,"DETENTION MANAGEMENT/MEDICAL/TRANSPORTATION FOR AURORA, CO GEO GRP COCA. IGF::CT::IGF"
70CDCR18FR0000052,CONT_AWD_70CDCR18FR0000052_7012_HSCEDM11D00003_7012,0,2018-05-02,1361148.43,"THE GEO GROUP, INC.",JMLKZZ1NL2Z6,DELIVERY ORDER,U.S. Immigration and Customs Enforcement,561210,FACILITIES SUPPORT SERVICES,S206,HOUSEKEEPING- GUARD,"DETENTION SERVICES FOR AURORA, CO CDF"
HSCEDM17J00032,CONT_AWD_HSCEDM17J00032_7012_HSCEDM15D00015_7012,P00007,2018-05-09,26837465.06,"THE GEO GROUP, INC.",JMLKZZ1NL2Z6,DELIVERY ORDER,U.S. Immigration and Customs Enforcement,561210,FACILITIES SUPPORT SERVICES,S206,HOUSEKEEPING- GUARD,"IGF::CT::IGF DETENTION, TRANSPORTATION AND FOOD SERVICES"
HSCEDM17J00024,CONT_AWD_HSCEDM17J00024_7012_HSCEDM15D00006_7012,P00010,2018-05-11,2766567.53,"THE GEO GROUP, INC.",JMLKZZ1NL2Z6,DELIVERY ORDER,U.S. Immigration and Customs Enforcement,561210,FACILITIES SUPPORT SERVICES,S206,HOUSEKEEPING- GUARD,IGF::CT::IGF DETENTION SERVICES AT BROWARD TRANSITIONAL CENTER
70CDCR18FC0000011,CONT_AWD_70CDCR18FC0000011_7012_HSCEDM14A00001_7012,P00002,2018-05-18,1788218.0,"THE GEO GROUP, INC.",JMLKZZ1NL2Z6,BPA CALL,U.S. Immigration and Customs Enforcement,922140,CORRECTIONAL INSTITUTIONS,S206,HOUSEKEEPING- GUARD,IGF::CT::IGF RIO GRANDE DETENTION CENTER
70CDCR18FR0000009,CONT_AWD_70CDCR18FR0000009_7012_HSCEDM12D00001_7012,P00006,2018-05-18,17725477.11,"THE GEO GROUP, INC.",JMLKZZ1NL2Z6,DELIVERY ORDER,U.S. Immigration and Customs Enforcement,561210,FACILITIES SUPPORT SERVICES,S206,HOUSEKEEPING- GUARD,IGF::OT::IGF DETENTION SERVICES
HSCEDM17J00026,CONT_AWD_HSCEDM17J00026_7012_HSCEDM14D00004_7012,P00010,2018-05-18,27172973.0,B.I. INCORPORATED,PKK6L9KLMYR5,DELIVERY ORDER,U.S. Immigration and Customs Enforcement,561210,FACILITIES SUPPORT SERVICES,R408,SUPPORT- PROFESSIONAL: PROGRAM MANAGEMENT/SUPPORT,IGF::CT::IGF INTENSIVE SUPERVISION APPEARANCE PROGRAM (ISAP III) FOR ALTERNATIVES TO DETENTION
HSCEDM17J00026,CONT_AWD_HSCEDM17J00026_7012_HSCEDM14D00004_7012,P00011,2018-05-22,7600000.0,B.I. INCORPORATED,PKK6L9KLMYR5,DELIVERY ORDER,U.S. Immigration and Customs Enforcement,561210,FACILITIES SUPPORT SERVICES,R408,SUPPORT- PROFESSIONAL: PROGRAM MANAGEMENT/SUPPORT,IGF::CT::IGF INTENSIVE SUPERVISION APPEARANCE PROGRAM (ISAP III) FOR ALTERNATIVES TO DETENTION
70CDCR18FR0000009,CONT_AWD_70CDCR18FR0000009_7012_HSCEDM12D00001_7012,P00007,2018-05-23,3040020.0,"THE GEO GROUP, INC.",JMLKZZ1NL2Z6,DELIVERY ORDER,U.S. Immigration and Customs Enforcement,561210,FACILITIES SUPPORT SERVICES,S206,HOUSEKEEPING- GUARD,IGF::OT::IGF DETENTION SERVICES
70CDCR18FR0000009,CONT_AWD_70CDCR18FR0000009_7012_HSCEDM12D00001_7012,P00008,2018-05-30,0.0,"THE GEO GROUP, INC.",JMLKZZ1NL2Z6,DELIVERY ORDER,U.S. Immigration and Customs Enforcement,561210,FACILITIES SUPPORT SERVICES,S206,HOUSEKEEPING- GUARD,IGF::OT::IGF DETENTION SERVICES
HSCEDM17J00026,CONT_AWD_HSCEDM17J00026_7012_HSCEDM14D00004_7012,P00012,2018-06-01,-16842787.63,B.I. INCORPORATED,PKK6L9KLMYR5,DELIVERY ORDER,U.S. Immigration and Customs Enforcement,561210,FACILITIES SUPPORT SERVICES,R408,SUPPORT- PROFESSIONAL: PROGRAM MANAGEMENT/SUPPORT,IGF::CT::IGF INTENSIVE SUPERVISION APPEARANCE PROGRAM (ISAP III) FOR ALTERNATIVES TO DETENTION
HSCEDM17J00026,CONT_AWD_HSCEDM17J00026_7012_HSCEDM14D00004_7012,P00013,2018-06-04,-10330185.37,B.I. INCORPORATED,PKK6L9KLMYR5,DELIVERY ORDER,U.S. Immigration and Customs Enforcement,561210,FACILITIES SUPPORT SERVICES,R408,SUPPORT- PROFESSIONAL: PROGRAM MANAGEMENT/SUPPORT,IGF::CT::IGF INTENSIVE SUPERVISION APPEARANCE PROGRAM (ISAP III) FOR ALTERNATIVES TO DETENTION
70CDCR18FR0000009,CONT_AWD_70CDCR18FR0000009_7012_HSCEDM12D00001_7012,P00009,2018-06-07,-3040020.0,"THE GEO GROUP, INC.",JMLKZZ1NL2Z6,DELIVERY ORDER,U.S. Immigration and Customs Enforcement,561210,FACILITIES SUPPORT SERVICES,S206,HOUSEKEEPING- GUARD,IGF::OT::IGF DETENTION SERVICES
HSCEDM17J00026,CONT_AWD_HSCEDM17J00026_7012_HSCEDM14D00004_7012,P00014,2018-06-11,25000000.0,B.I. INCORPORATED,PKK6L9KLMYR5,DELIVERY ORDER,U.S. Immigration and Customs Enforcement,561210,FACILITIES SUPPORT SERVICES,R408,SUPPORT- PROFESSIONAL: PROGRAM MANAGEMENT/SUPPORT,IGF::CT::IGF INTENSIVE SUPERVISION APPEARANCE PROGRAM (ISAP III) FOR ALTERNATIVES TO DETENTION
70CDCR18FR0000070,CONT_AWD_70CDCR18FR0000070_7012_HSCEDM15D00015_7012,0,2018-06-13,6137842.39,"THE GEO GROUP, INC.",JMLKZZ1NL2Z6,DELIVERY ORDER,U.S. Immigration and Customs Enforcement,561210,FACILITIES SUPPORT SERVICES,S206,HOUSEKEEPING- GUARD,"IGF::CT::IGF DETENTION, FOOD AND TRANSPORTAION SERVICES"
70CDCR18FR0000071,CONT_AWD_70CDCR18FR0000071_7012_HSCEDM15D00006_7012,0,2018-06-14,8482319.4,"THE GEO GROUP, INC.",JMLKZZ1NL2Z6,DELIVERY ORDER,U.S. Immigration and Customs Enforcement,561210,FACILITIES SUPPORT SERVICES,S206,HOUSEKEEPING- GUARD,IGF::CT::IGF DETENTION SERVICES AT BROWARD TRANSITIONAL CENTER
HSCEDM17J00031,CONT_AWD_HSCEDM17J00031_7012_HSCEDM11D00003_7012,P00008,2018-06-20,499891.2,"THE GEO GROUP, INC.",JMLKZZ1NL2Z6,DELIVERY ORDER,U.S. Immigration and Customs Enforcement,561210,FACILITIES SUPPORT SERVICES,S206,HOUSEKEEPING- GUARD,"DETENTION MANAGEMENT/MEDICAL/TRANSPORTATION FOR AURORA, CO GEO GRP COCA. IGF::CT::IGF"
70CDCR18FR0000052,CONT_AWD_70CDCR18FR0000052_7012_HSCEDM11D00003_7012,P00001,2018-07-05,499058.0,"THE GEO GROUP, INC.",JMLKZZ1NL2Z6,DELIVERY ORDER,U.S. Immigration and Customs Enforcement,561210,FACILITIES SUPPORT SERVICES,S206,HOUSEKEEPING- GUARD,"DETENTION SERVICES FOR AURORA, CO CDF"
HSCEDM17J00031,CONT_AWD_HSCEDM17J00031_7012_HSCEDM11D00003_7012,P00009,2018-07-11,124972.8,"THE GEO GROUP, INC.",JMLKZZ1NL2Z6,DELIVERY ORDER,U.S. Immigration and Customs Enforcement,561210,FACILITIES SUPPORT SERVICES,S206,HOUSEKEEPING- GUARD,"DETENTION MANAGEMENT/MEDICAL/TRANSPORTATION FOR AURORA, CO GEO GRP COCA. IGF::CT::IGF"
70CDCR18FC0000028,CONT_AWD_70CDCR18FC0000028_7012_70CDCR18A00000007_7012,0,2018-07-25,515162.0,"THE GEO GROUP, INC.",JMLKZZ1NL2Z6,BPA CALL,U.S. Immigration and Customs Enforcement,922140,CORRECTIONAL INSTITUTIONS,S206,HOUSEKEEPING- GUARD,IGF::CT::IGF  ROBERT A. DEYTON DETENTION FACILITY
70CDCR18FC0000011,CONT_AWD_70CDCR18FC0000011_7012_HSCEDM14A00001_7012,P00003,2018-08-12,1016374.22,"THE GEO GROUP, INC.",JMLKZZ1NL2Z6,BPA CALL,U.S. Immigration and Customs Enforcement,922140,CORRECTIONAL INSTITUTIONS,S206,HOUSEKEEPING- GUARD,IGF::CT::IGF RIO GRANDE DETENTION CENTER
70CDCR18FR0000118,CONT_AWD_70CDCR18FR0000118_7012_HSCEDM14D00004_7012,0,2018-08-13,16159285.96,B.I. INCORPORATED,PKK6L9KLMYR5,DELIVERY ORDER,U.S. Immigration and Customs Enforcement,561210,FACILITIES SUPPORT SERVICES,R408,SUPPORT- PROFESSIONAL: PROGRAM MANAGEMENT/SUPPORT,ISAP III ALTERNATIVES TO DETENTION TASK ORDER
70CDCR18FR0000125,CONT_AWD_70CDCR18FR0000125_7012_HSCEDM17D00009_7012,0,2018-08-20,246775.59,"THE GEO GROUP, INC.",JMLKZZ1NL2Z6,DELIVERY ORDER,U.S. Immigration and Customs Enforcement,561210,FACILITIES SUPPORT SERVICES,S206,HOUSEKEEPING- GUARD,PROCURE SUPPLIES/EQUIPMENT FOR MONTGOMERY PROCESSING CENTER IHSC MEDICAL AND DENTAL CLINICS
70CDCR18FR0000071,CONT_AWD_70CDCR18FR0000071_7012_HSCEDM15D00006_7012,P00001,2018-08-23,11009.25,"THE GEO GROUP, INC.",JMLKZZ1NL2Z6,DELIVERY ORDER,U.S. Immigration and Customs Enforcement,561210,FACILITIES SUPPORT SERVICES,S206,HOUSEKEEPING- GUARD,IGF::CT::IGF DETENTION SERVICES AT BROWARD TRANSITIONAL CENTER
HSCEDM17J00024,CONT_AWD_HSCEDM17J00024_7012_HSCEDM15D00006_7012,P00011,2018-08-23,-196391.38,"THE GEO GROUP, INC.",JMLKZZ1NL2Z6,DELIVERY ORDER,U.S. Immigration and Customs Enforcement,561210,FACILITIES SUPPORT SERVICES,S206,HOUSEKEEPING- GUARD,IGF::CT::IGF DETENTION SERVICES AT BROWARD TRANSITIONAL CENTER
70CDCR18FR0000071,CONT_AWD_70CDCR18FR0000071_7012_HSCEDM15D00006_7012,P00002,2018-08-24,-108235.0,"THE GEO GROUP, INC.",JMLKZZ1NL2Z6,DELIVERY ORDER,U.S. Immigration and Customs Enforcement,561210,FACILITIES SUPPORT SERVICES,S206,HOUSEKEEPING- GUARD,IGF::CT::IGF DETENTION SERVICES AT BROWARD TRANSITIONAL CENTER
HSCEDM17J00026,CONT_AWD_HSCEDM17J00026_7012_HSCEDM14D00004_7012,P00015,2018-08-28,2500000.0,B.I. INCORPORATED,PKK6L9KLMYR5,DELIVERY ORDER,U.S. Immigration and Customs Enforcement,561210,FACILITIES SUPPORT SERVICES,R408,SUPPORT- PROFESSIONAL: PROGRAM MANAGEMENT/SUPPORT,IGF::CT::IGF INTENSIVE SUPERVISION APPEARANCE PROGRAM (ISAP III) FOR ALTERNATIVES TO DETENTION
70CDCR18FR0000052,CONT_AWD_70CDCR18FR0000052_7012_HSCEDM11D00003_7012,P00002,2018-09-04,4801800.0,"THE GEO GROUP, INC.",JMLKZZ1NL2Z6,DELIVERY ORDER,U.S. Immigration and Customs Enforcement,561210,FACILITIES SUPPORT SERVICES,S206,HOUSEKEEPING- GUARD,"DETENTION SERVICES FOR AURORA, CO CDF"
70CDCR18FC0000011,CONT_AWD_70CDCR18FC0000011_7012_HSCEDM14A00001_7012,P00004,2018-09-06,349992.5,"THE GEO GROUP, INC.",JMLKZZ1NL2Z6,BPA CALL,U.S. Immigration and Customs Enforcement,922140,CORRECTIONAL INSTITUTIONS,S206,HOUSEKEEPING- GUARD,IGF::CT::IGF RIO GRANDE DETENTION CENTER
70CDCR18FR0000070,CONT_AWD_70CDCR18FR0000070_7012_HSCEDM15D00015_7012,P00001,2018-09-10,5376999.81,"THE GEO GROUP, INC.",JMLKZZ1NL2Z6,DELIVERY ORDER,U.S. Immigration and Customs Enforcement,561210,FACILITIES SUPPORT SERVICES,S206,HOUSEKEEPING- GUARD,"IGF::CT::IGF DETENTION, FOOD AND TRANSPORTAION SERVICES"
70CDCR18FR0000071,CONT_AWD_70CDCR18FR0000071_7012_HSCEDM15D00006_7012,P00003,2018-09-10,2320200.0,"THE GEO GROUP, INC.",JMLKZZ1NL2Z6,DELIVERY ORDER,U.S. Immigration and Customs Enforcement,561210,FACILITIES SUPPORT SERVICES,S206,HOUSEKEEPING- GUARD,IGF::CT::IGF DETENTION SERVICES AT BROWARD TRANSITIONAL CENTER
70CDCR18FC0000011,CONT_AWD_70CDCR18FC0000011_7012_HSCEDM14A00001_7012,P00005,2018-09-12,573677.5,"THE GEO GROUP, INC.",JMLKZZ1NL2Z6,BPA CALL,U.S. Immigration and Customs Enforcement,922140,CORRECTIONAL INSTITUTIONS,S206,HOUSEKEEPING- GUARD,IGF::CT::IGF RIO GRANDE DETENTION CENTER
70CDCR18FR0000118,CONT_AWD_70CDCR18FR0000118_7012_HSCEDM14D00004_7012,P00001,2018-09-12,192393.24,B.I. INCORPORATED,PKK6L9KLMYR5,DELIVERY ORDER,U.S. Immigration and Customs Enforcement,561210,FACILITIES SUPPORT SERVICES,R408,SUPPORT- PROFESSIONAL: PROGRAM MANAGEMENT/SUPPORT,ISAP III ALTERNATIVES TO DETENTION TASK ORDER
70CDCR18FR0000009,CONT_AWD_70CDCR18FR0000009_7012_HSCEDM12D00001_7012,P00010,2018-09-17,4697930.66,"THE GEO GROUP, INC.",JMLKZZ1NL2Z6,DELIVERY ORDER,U.S. Immigration and Customs Enforcement,561210,FACILITIES SUPPORT SERVICES,S206,HOUSEKEEPING- GUARD,IGF::OT::IGF DETENTION SERVICES
HSCEDM16J00052,CONT_AWD_HSCEDM16J00052_7012_HSCEDM15D00015_7012,P00011,2018-09-19,-347497.58,"THE GEO GROUP, INC.",JMLKZZ1NL2Z6,DELIVERY ORDER,U.S. Immigration and Customs Enforcement,561210,FACILITIES SUPPORT SERVICES,S206,HOUSEKEEPING- GUARD,"IGF::CT::IGF DETENTION, TRANSPORTATION AND FOOD SERVICES"
70CDCR18FR0000071,CONT_AWD_70CDCR18FR0000071_7012_HSCEDM15D00006_7012,P00004,2018-09-21,6748.07,"THE GEO GROUP, INC.",JMLKZZ1NL2Z6,DELIVERY ORDER,U.S. Immigration and Customs Enforcement,561210,FACILITIES SUPPORT SERVICES,S206,HOUSEKEEPING- GUARD,IGF::CT::IGF DETENTION SERVICES AT BROWARD TRANSITIONAL CENTER
70CDCR18FR0000118,CONT_AWD_70CDCR18FR0000118_7012_HSCEDM14D00004_7012,P00002,2018-09-21,3737633.71,B.I. INCORPORATED,PKK6L9KLMYR5,DELIVERY ORDER,U.S. Immigration and Customs Enforcement,561210,FACILITIES SUPPORT SERVICES,R408,SUPPORT- PROFESSIONAL: PROGRAM MANAGEMENT/SUPPORT,ISAP III ALTERNATIVES TO DETENTION TASK ORDER
70CDCR18FR0000009,CONT_AWD_70CDCR18FR0000009_7012_HSCEDM12D00001_7012,P00011,2018-09-24,3831314.6,"THE GEO GROUP, INC.",JMLKZZ1NL2Z6,DELIVERY ORDER,U.S. Immigration and Customs Enforcement,561210,FACILITIES SUPPORT SERVICES,S206,HOUSEKEEPING- GUARD,IGF::OT::IGF DETENTION SERVICES
70CDCR18FR0000118,CONT_AWD_70CDCR18FR0000118_7012_HSCEDM14D00004_7012,P00003,2018-09-28,496768.0,B.I. INCORPORATED,PKK6L9KLMYR5,DELIVERY ORDER,U.S. Immigration and Customs Enforcement,561210,FACILITIES SUPPORT SERVICES,R408,SUPPORT- PROFESSIONAL: PROGRAM MANAGEMENT/SUPPORT,ISAP III ALTERNATIVES TO DETENTION TASK ORDER
70CDCR18FR0000161,CONT_AWD_70CDCR18FR0000161_7012_HSCEDM17D00009_7012,0,2018-09-28,8400000.0,"THE GEO GROUP, INC.",JMLKZZ1NL2Z6,DELIVERY ORDER,U.S. Immigration and Customs Enforcement,561210,FACILITIES SUPPORT SERVICES,S206,HOUSEKEEPING- GUARD,IGF::CT::IGF HOUSTON DETENTION FACILITY
70CDCR18FR0000052,CONT_AWD_70CDCR18FR0000052_7012_HSCEDM11D00003_7012,P00003,2018-09-30,2435966.74,"THE GEO GROUP, INC.",JMLKZZ1NL2Z6,DELIVERY ORDER,U.S. Immigration and Customs Enforcement,561210,FACILITIES SUPPORT SERVICES,S206,HOUSEKEEPING- GUARD,"DETENTION SERVICES FOR AURORA, CO CDF"
70CDCR18FR0000071,CONT_AWD_70CDCR18FR0000071_7012_HSCEDM15D00006_7012,P00005,2018-09-30,2209995.04,"THE GEO GROUP, INC.",JMLKZZ1NL2Z6,DELIVERY ORDER,U.S. Immigration and Customs Enforcement,561210,FACILITIES SUPPORT SERVICES,S206,HOUSEKEEPING- GUARD,IGF::CT::IGF DETENTION SERVICES AT BROWARD TRANSITIONAL CENTER
70CDCR18FR0000118,CONT_AWD_70CDCR18FR0000118_7012_HSCEDM14D00004_7012,P00004,2018-09-30,194323.0,B.I. INCORPORATED,PKK6L9KLMYR5,DELIVERY ORDER,U.S. Immigration and Customs Enforcement,561210,FACILITIES SUPPORT SERVICES,R408,SUPPORT- PROFESSIONAL: PROGRAM MANAGEMENT/SUPPORT,ISAP III ALTERNATIVES TO DETENTION TASK ORDER
70CDCR18FR0000161,CONT_AWD_70CDCR18FR0000161_7012_HSCEDM17D00009_7012,P00001,2018-10-02,0.0,"THE GEO GROUP, INC.",JMLKZZ1NL2Z6,DELIVERY ORDER,U.S. Immigration and Customs Enforcement,561210,FACILITIES SUPPORT SERVICES,S206,HOUSEKEEPING- GUARD,IGF::CT::IGF HOUSTON DETENTION FACILITY
70CDCR18FR0000161,CONT_AWD_70CDCR18FR0000161_7012_HSCEDM17D00009_7012,P00002,2018-10-04,0.0,"THE GEO GROUP, INC.",JMLKZZ1NL2Z6,DELIVERY ORDER,U.S. Immigration and Customs Enforcement,561210,FACILITIES SUPPORT SERVICES,S206,HOUSEKEEPING- GUARD,IGF::CT::IGF HOUSTON DETENTION FACILITY
70CDCR18FR0000161,CONT_AWD_70CDCR18FR0000161_7012_HSCEDM17D00009_7012,P00003,2018-10-09,0.0,"THE GEO GROUP, INC.",JMLKZZ1NL2Z6,DELIVERY ORDER,U.S. Immigration and Customs Enforcement,561210,FACILITIES SUPPORT SERVICES,S206,HOUSEKEEPING- GUARD,IGF::CT::IGF HOUSTON DETENTION FACILITY
70CDCR18FR0000118,CONT_AWD_70CDCR18FR0000118_7012_HSCEDM14D00004_7012,P00005,2018-10-25,21171714.0,B.I. INCORPORATED,PKK6L9KLMYR5,DELIVERY ORDER,U.S. Immigration and Customs Enforcement,561210,FACILITIES SUPPORT SERVICES,R408,SUPPORT- PROFESSIONAL: PROGRAM MANAGEMENT/SUPPORT,ISAP III ALTERNATIVES TO DETENTION TASK ORDER
70CDCR18FR0000052,CONT_AWD_70CDCR18FR0000052_7012_HSCEDM11D00003_7012,P00004,2018-10-30,1415706.87,"THE GEO GROUP, INC.",JMLKZZ1NL2Z6,DELIVERY ORDER,U.S. Immigration and Customs Enforcement,561210,FACILITIES SUPPORT SERVICES,S206,HOUSEKEEPING- GUARD,"DETENTION SERVICES FOR AURORA, CO CDF"
70CDCR18FR0000070,CONT_AWD_70CDCR18FR0000070_7012_HSCEDM15D00015_7012,P00002,2018-11-07,11199591.82,"THE GEO GROUP, INC.",JMLKZZ1NL2Z6,DELIVERY ORDER,U.S. Immigration and Customs Enforcement,561210,FACILITIES SUPPORT SERVICES,S206,HOUSEKEEPING- GUARD,"IGF::CT::IGF DETENTION, FOOD AND TRANSPORTAION SERVICES"
70CDCR18FR0000071,CONT_AWD_70CDCR18FR0000071_7012_HSCEDM15D00006_7012,P00006,2018-11-07,5105087.0,"THE GEO GROUP, INC.",JMLKZZ1NL2Z6,DELIVERY ORDER,U.S. Immigration and Customs Enforcement,561210,FACILITIES SUPPORT SERVICES,S206,HOUSEKEEPING- GUARD,IGF::CT::IGF DETENTION SERVICES AT BROWARD TRANSITIONAL CENTER
70CDCR18FC0000011,CONT_AWD_70CDCR18FC0000011_7012_HSCEDM14A00001_7012,P00006,2018-11-13,1075254.98,"THE GEO GROUP, INC.",JMLKZZ1NL2Z6,BPA CALL,U.S. Immigration and Customs Enforcement,922140,CORRECTIONAL INSTITUTIONS,S206,HOUSEKEEPING- GUARD,IGF::CT::IGF RIO GRANDE DETENTION CENTER
70CDCR18FR0000070,CONT_AWD_70CDCR18FR0000070_7012_HSCEDM15D00015_7012,P00003,2018-11-28,-1.9,"THE GEO GROUP, INC.",JMLKZZ1NL2Z6,DELIVERY ORDER,U.S. Immigration and Customs Enforcement,561210,FACILITIES SUPPORT SERVICES,S206,HOUSEKEEPING- GUARD,"IGF::CT::IGF DETENTION, FOOD AND TRANSPORTAION SERVICES"
70CDCR18FR0000009,CONT_AWD_70CDCR18FR0000009_7012_HSCEDM12D00001_7012,P00012,2018-11-29,355400.0,"THE GEO GROUP, INC.",JMLKZZ1NL2Z6,DELIVERY ORDER,U.S. Immigration and Customs Enforcement,561210,FACILITIES SUPPORT SERVICES,S206,HOUSEKEEPING- GUARD,IGF::OT::IGF DETENTION SERVICES
70CDCR18FR0000118,CONT_AWD_70CDCR18FR0000118_7012_HSCEDM14D00004_7012,P00006,2018-12-14,8100000.0,B.I. INCORPORATED,PKK6L9KLMYR5,DELIVERY ORDER,U.S. Immigration and Customs Enforcement,561210,FACILITIES SUPPORT SERVICES,R408,SUPPORT- PROFESSIONAL: PROGRAM MANAGEMENT/SUPPORT,ISAP III ALTERNATIVES TO DETENTION TASK ORDER
70CDCR18FR0000161,CONT_AWD_70CDCR18FR0000161_7012_HSCEDM17D00009_7012,P00004,2018-12-18,285500.0,"THE GEO GROUP, INC.",JMLKZZ1NL2Z6,DELIVERY ORDER,U.S. Immigration and Customs Enforcement,561210,FACILITIES SUPPORT SERVICES,S206,HOUSEKEEPING- GUARD,IGF::CT::IGF HOUSTON DETENTION FACILITY
70CDCR18FR0000009,CONT_AWD_70CDCR18FR0000009_7012_HSCEDM12D00001_7012,P00013,2018-12-19,1284274.77,"THE GEO GROUP, INC.",JMLKZZ1NL2Z6,DELIVERY ORDER,U.S. Immigration and Customs Enforcement,561210,FACILITIES SUPPORT SERVICES,S206,HOUSEKEEPING- GUARD,IGF::OT::IGF DETENTION SERVICES
70CDCR19FR0000005,CONT_AWD_70CDCR19FR0000005_7012_70CDCR19D00000001_7012,0,2018-12-19,8550289.3,"THE GEO GROUP, INC.",JMLKZZ1NL2Z6,DELIVERY ORDER,U.S. Immigration and Customs Enforcement,561210,FACILITIES SUPPORT SERVICES,S206,HOUSEKEEPING- GUARD,IGF::CT::IGF
70CDCR18FR0000052,CONT_AWD_70CDCR18FR0000052_7012_HSCEDM11D00003_7012,P00005,2018-12-21,2878130.81,"THE GEO GROUP, INC.",JMLKZZ1NL2Z6,DELIVERY ORDER,U.S. Immigration and Customs Enforcement,561210,FACILITIES SUPPORT SERVICES,S206,HOUSEKEEPING- GUARD,"DETENTION SERVICES FOR AURORA, CO CDF"
70CDCR19P00000008,CONT_AWD_70CDCR19P00000008_7012_-NONE-_-NONE-,0,2019-01-03,0.0,"THE GEO GROUP, INC.",JMLKZZ1NL2Z6,PURCHASE ORDER,U.S. Immigration and Customs Enforcement,922140,CORRECTIONAL INSTITUTIONS,S206,HOUSEKEEPING- GUARD,IGF::OT::IGF DETENTION SERVICES FOR FLIGHT LINE AND CEDAR HILL
70CDCR18FR0000071,CONT_AWD_70CDCR18FR0000071_7012_HSCEDM15D00006_7012,P00007,2019-01-28,4576500.0,"THE GEO GROUP, INC.",JMLKZZ1NL2Z6,DELIVERY ORDER,U.S. Immigration and Customs Enforcement,561210,FACILITIES SUPPORT SERVICES,S206,HOUSEKEEPING- GUARD,IGF::CT::IGF DETENTION SERVICES AT BROWARD TRANSITIONAL CENTER
HSCEDM15J00036,CONT_AWD_HSCEDM15J00036_7012_HSCEDM11D00003_7012,P00002,2019-01-29,-63334.69,"THE GEO GROUP, INC.",JMLKZZ1NL2Z6,DELIVERY ORDER,U.S. Immigration and Customs Enforcement,561210,FACILITIES SUPPORT SERVICES,S206,HOUSEKEEPING- GUARD,"IGF::CT::IGF CRITICAL FUNCTION. DETENTION MANAGEMENT, MEDICAL SERVICES, TRANSPORTATION SERVICES, FOOD SERVICES FOR DHS/ICE AURORA, CO AT GEO GROUP COCA FACILITY."
70CDCR18FR0000070,CONT_AWD_70CDCR18FR0000070_7012_HSCEDM15D00015_7012,P00004,2019-01-30,2712999.48,"THE GEO GROUP, INC.",JMLKZZ1NL2Z6,DELIVERY ORDER,U.S. Immigration and Customs Enforcement,561210,FACILITIES SUPPORT SERVICES,S206,HOUSEKEEPING- GUARD,"IGF::CT::IGF DETENTION, FOOD AND TRANSPORTAION SERVICES"
70CDCR18FR0000118,CONT_AWD_70CDCR18FR0000118_7012_HSCEDM14D00004_7012,P00007,2019-02-04,27422306.0,B.I. INCORPORATED,PKK6L9KLMYR5,DELIVERY ORDER,U.S. Immigration and Customs Enforcement,561210,FACILITIES SUPPORT SERVICES,R408,SUPPORT- PROFESSIONAL: PROGRAM MANAGEMENT/SUPPORT,ISAP III ALTERNATIVES TO DETENTION TASK ORDER
70CDCR18FC0000028,CONT_AWD_70CDCR18FC0000028_7012_70CDCR18A00000007_7012,P00001,2019-02-06,1476000.0,"THE GEO GROUP, INC.",JMLKZZ1NL2Z6,BPA CALL,U.S. Immigration and Customs Enforcement,922140,CORRECTIONAL INSTITUTIONS,S206,HOUSEKEEPING- GUARD,IGF::CT::IGF  ROBERT A. DEYTON DETENTION FACILITY
70CDCR18FC0000011,CONT_AWD_70CDCR18FC0000011_7012_HSCEDM14A00001_7012,P00007,2019-02-15,1612813.04,"THE GEO GROUP, INC.",JMLKZZ1NL2Z6,BPA CALL,U.S. Immigration and Customs Enforcement,922140,CORRECTIONAL INSTITUTIONS,S206,HOUSEKEEPING- GUARD,IGF::CT::IGF RIO GRANDE DETENTION CENTER
70CDCR18FR0000052,CONT_AWD_70CDCR18FR0000052_7012_HSCEDM11D00003_7012,P00006,2019-02-19,11515561.7,"THE GEO GROUP, INC.",JMLKZZ1NL2Z6,DELIVERY ORDER,U.S. Immigration and Customs Enforcement,561210,FACILITIES SUPPORT SERVICES,S206,HOUSEKEEPING- GUARD,"DETENTION SERVICES FOR AURORA, CO CDF"
70CDCR19P00000008,CONT_AWD_70CDCR19P00000008_7012_-NONE-_-NONE-,P00001,2019-02-19,489.5,"THE GEO GROUP, INC.",JMLKZZ1NL2Z6,PURCHASE ORDER,U.S. Immigration and Customs Enforcement,922140,CORRECTIONAL INSTITUTIONS,S206,HOUSEKEEPING- GUARD,IGF::OT::IGF DETENTION SERVICES FOR FLIGHT LINE AND CEDAR HILL
70CDCR18FR0000161,CONT_AWD_70CDCR18FR0000161_7012_HSCEDM17D00009_7012,P00005,2019-03-05,10061559.0,"THE GEO GROUP, INC.",JMLKZZ1NL2Z6,DELIVERY ORDER,U.S. Immigration and Customs Enforcement,561210,FACILITIES SUPPORT SERVICES,S206,HOUSEKEEPING- GUARD,IGF::CT::IGF HOUSTON DETENTION FACILITY
70CDCR19FR0000020,CONT_AWD_70CDCR19FR0000020_7012_70CDCR19D00000004_7012,0,2019-03-06,578410.8,"THE GEO GROUP, INC.",JMLKZZ1NL2Z6,DELIVERY ORDER,U.S. Immigration and Customs Enforcement,561210,FACILITIES SUPPORT SERVICES,S206,HOUSEKEEPING- GUARD,TO PROVIDE DETENTION SERVICES AT THE MESA VERDE ICE PROCESSING CENTER
70CDCR19FR0000005,CONT_AWD_70CDCR19FR0000005_7012_70CDCR19D00000001_7012,P00001,2019-03-07,5336387.53,"THE GEO GROUP, INC.",JMLKZZ1NL2Z6,DELIVERY ORDER,U.S. Immigration and Customs Enforcement,561210,FACILITIES SUPPORT SERVICES,S206,HOUSEKEEPING- GUARD,IGF::CT::IGF
70CDCR18FR0000070,CONT_AWD_70CDCR18FR0000070_7012_HSCEDM15D00015_7012,P00005,2019-03-11,12199999.15,"THE GEO GROUP, INC.",JMLKZZ1NL2Z6,DELIVERY ORDER,U.S. Immigration and Customs Enforcement,561210,FACILITIES SUPPORT SERVICES,S206,HOUSEKEEPING- GUARD,"IGF::CT::IGF DETENTION, FOOD AND TRANSPORTAION SERVICES"
70CDCR18FR0000118,CONT_AWD_70CDCR18FR0000118_7012_HSCEDM14D00004_7012,P00008,2019-03-11,17000000.0,B.I. INCORPORATED,PKK6L9KLMYR5,DELIVERY ORDER,U.S. Immigration and Customs Enforcement,561210,FACILITIES SUPPORT SERVICES,R408,SUPPORT- PROFESSIONAL: PROGRAM MANAGEMENT/SUPPORT,ISAP III ALTERNATIVES TO DETENTION TASK ORDER
70CDCR18FR0000052,CONT_AWD_70CDCR18FR0000052_7012_HSCEDM11D00003_7012,P00007,2019-03-14,4782695.64,"THE GEO GROUP, INC.",JMLKZZ1NL2Z6,DELIVERY ORDER,U.S. Immigration and Customs Enforcement,561210,FACILITIES SUPPORT SERVICES,S206,HOUSEKEEPING- GUARD,"DETENTION SERVICES FOR AURORA, CO CDF"
70CDCR19FC0000008,CONT_AWD_70CDCR19FC0000008_7012_HSCEDM14A00001_7012,0,2019-03-18,1559959.02,"THE GEO GROUP, INC.",JMLKZZ1NL2Z6,BPA CALL,U.S. Immigration and Customs Enforcement,922140,CORRECTIONAL INSTITUTIONS,S206,HOUSEKEEPING- GUARD,IGF::CT::IGF RIO GRANDE DETENTION CENTER
70CDCR18FR0000161,CONT_AWD_70CDCR18FR0000161_7012_HSCEDM17D00009_7012,P00006,2019-03-19,4289952.0,"THE GEO GROUP, INC.",JMLKZZ1NL2Z6,DELIVERY ORDER,U.S. Immigration and Customs Enforcement,561210,FACILITIES SUPPORT SERVICES,S206,HOUSEKEEPING- GUARD,IGF::CT::IGF HOUSTON DETENTION FACILITY
70CDCR18FR0000071,CONT_AWD_70CDCR18FR0000071_7012_HSCEDM15D00006_7012,P00008,2019-03-20,2717974.54,"THE GEO GROUP, INC.",JMLKZZ1NL2Z6,DELIVERY ORDER,U.S. Immigration and Customs Enforcement,561210,FACILITIES SUPPORT SERVICES,S206,HOUSEKEEPING- GUARD,IGF::CT::IGF DETENTION SERVICES AT BROWARD TRANSITIONAL CENTER
70CDCR19FR0000020,CONT_AWD_70CDCR19FR0000020_7012_70CDCR19D00000004_7012,P00001,2019-03-21,1699205.6,"THE GEO GROUP, INC.",JMLKZZ1NL2Z6,DELIVERY ORDER,U.S. Immigration and Customs Enforcement,561210,FACILITIES SUPPORT SERVICES,S206,HOUSEKEEPING- GUARD,"IGF::CL,CT::IGF DETENTION SERVICES MESA VERDE"
70CDCR18FR0000118,CONT_AWD_70CDCR18FR0000118_7012_HSCEDM14D00004_7012,P00009,2019-04-11,14000000.0,B.I. INCORPORATED,PKK6L9KLMYR5,DELIVERY ORDER,U.S. Immigration and Customs Enforcement,561210,FACILITIES SUPPORT SERVICES,R408,SUPPORT- PROFESSIONAL: PROGRAM MANAGEMENT/SUPPORT,ISAP III ALTERNATIVES TO DETENTION TASK ORDER
70CDCR19FR0000005,CONT_AWD_70CDCR19FR0000005_7012_70CDCR19D00000001_7012,P00002,2019-04-11,4724885.43,"THE GEO GROUP, INC.",JMLKZZ1NL2Z6,DELIVERY ORDER,U.S. Immigration and Customs Enforcement,561210,FACILITIES SUPPORT SERVICES,S206,HOUSEKEEPING- GUARD,IGF::CT::IGF
70CDCR18FR0000052,CONT_AWD_70CDCR18FR0000052_7012_HSCEDM11D00003_7012,P00008,2019-04-24,2258329.53,"THE GEO GROUP, INC.",JMLKZZ1NL2Z6,DELIVERY ORDER,U.S. Immigration and Customs Enforcement,561210,FACILITIES SUPPORT SERVICES,S206,HOUSEKEEPING- GUARD,"DETENTION SERVICES FOR AURORA, CO CDF"
70CDCR18FR0000070,CONT_AWD_70CDCR18FR0000070_7012_HSCEDM15D00015_7012,P00006,2019-04-25,112667.4,"THE GEO GROUP, INC.",JMLKZZ1NL2Z6,DELIVERY ORDER,U.S. Immigration and Customs Enforcement,561210,FACILITIES SUPPORT SERVICES,S206,HOUSEKEEPING- GUARD,"IGF::CT::IGF DETENTION, FOOD AND TRANSPORTAION SERVICES"
70CDCR19FR0000020,CONT_AWD_70CDCR19FR0000020_7012_70CDCR19D00000004_7012,P00002,2019-04-25,1499999.8,"THE GEO GROUP, INC.",JMLKZZ1NL2Z6,DELIVERY ORDER,U.S. Immigration and Customs Enforcement,561210,FACILITIES SUPPORT SERVICES,S206,HOUSEKEEPING- GUARD,"IGF::CL,CT::IGF DETENTION SERVICES MESA VERDE"
70CDCR18FC0000028,CONT_AWD_70CDCR18FC0000028_7012_70CDCR18A00000007_7012,P00002,2019-04-26,1050000.0,"THE GEO GROUP, INC.",JMLKZZ1NL2Z6,BPA CALL,U.S. Immigration and Customs Enforcement,922140,CORRECTIONAL INSTITUTIONS,S206,HOUSEKEEPING- GUARD,IGF::CT::IGF  ROBERT A. DEYTON DETENTION FACILITY
70CDCR18FR0000118,CONT_AWD_70CDCR18FR0000118_7012_HSCEDM14D00004_7012,P00010,2019-04-30,29000000.0,B.I. INCORPORATED,PKK6L9KLMYR5,DELIVERY ORDER,U.S. Immigration and Customs Enforcement,561210,FACILITIES SUPPORT SERVICES,R408,SUPPORT- PROFESSIONAL: PROGRAM MANAGEMENT/SUPPORT,ISAP III ALTERNATIVES TO DETENTION TASK ORDER
70CDCR18FR0000071,CONT_AWD_70CDCR18FR0000071_7012_HSCEDM15D00006_7012,P00009,2019-05-01,3753000.0,"THE GEO GROUP, INC.",JMLKZZ1NL2Z6,DELIVERY ORDER,U.S. Immigration and Customs Enforcement,561210,FACILITIES SUPPORT SERVICES,S206,HOUSEKEEPING- GUARD,IGF::CT::IGF DETENTION SERVICES AT BROWARD TRANSITIONAL CENTER
70CDCR18FR0000009,CONT_AWD_70CDCR18FR0000009_7012_HSCEDM12D00001_7012,P00014,2019-05-08,0.0,"THE GEO GROUP, INC.",JMLKZZ1NL2Z6,DELIVERY ORDER,U.S. Immigration and Customs Enforcement,561210,FACILITIES SUPPORT SERVICES,S206,HOUSEKEEPING- GUARD,IGF::OT::IGF DETENTION SERVICES
70CDCR18FR0000070,CONT_AWD_70CDCR18FR0000070_7012_HSCEDM15D00015_7012,P00007,2019-05-14,26354967.49,"THE GEO GROUP, INC.",JMLKZZ1NL2Z6,DELIVERY ORDER,U.S. Immigration and Customs Enforcement,561210,FACILITIES SUPPORT SERVICES,S206,HOUSEKEEPING- GUARD,"IGF::CT::IGF DETENTION, FOOD AND TRANSPORTAION SERVICES"
70CDCR19FR0000005,CONT_AWD_70CDCR19FR0000005_7012_70CDCR19D00000001_7012,P00003,2019-05-17,10858068.31,"THE GEO GROUP, INC.",JMLKZZ1NL2Z6,DELIVERY ORDER,U.S. Immigration and Customs Enforcement,561210,FACILITIES SUPPORT SERVICES,S206,HOUSEKEEPING- GUARD,IGF::CT::IGF
70CDCR18FR0000009,CONT_AWD_70CDCR18FR0000009_7012_HSCEDM12D00001_7012,P00015,2019-05-20,0.0,"THE GEO GROUP, INC.",JMLKZZ1NL2Z6,DELIVERY ORDER,U.S. Immigration and Customs Enforcement,561210,FACILITIES SUPPORT SERVICES,S206,HOUSEKEEPING- GUARD,IGF::OT::IGF DETENTION SERVICES
70CDCR18FR0000071,CONT_AWD_70CDCR18FR0000071_7012_HSCEDM15D00006_7012,P00010,2019-05-20,3544000.0,"THE GEO GROUP, INC.",JMLKZZ1NL2Z6,DELIVERY ORDER,U.S. Immigration and Customs Enforcement,561210,FACILITIES SUPPORT SERVICES,S206,HOUSEKEEPING- GUARD,IGF::CT::IGF DETENTION SERVICES AT BROWARD TRANSITIONAL CENTER
70CDCR18FC0000011,CONT_AWD_70CDCR18FC0000011_7012_HSCEDM14A00001_7012,P00008,2019-05-23,-433479.98,"THE GEO GROUP, INC.",JMLKZZ1NL2Z6,BPA CALL,U.S. Immigration and Customs Enforcement,922140,CORRECTIONAL INSTITUTIONS,S206,HOUSEKEEPING- GUARD,IGF::CT::IGF RIO GRANDE DETENTION CENTER
70CDCR18FR0000161,CONT_AWD_70CDCR18FR0000161_7012_HSCEDM17D00009_7012,P00007,2019-05-23,12406796.0,"THE GEO GROUP, INC.",JMLKZZ1NL2Z6,DELIVERY ORDER,U.S. Immigration and Customs Enforcement,561210,FACILITIES SUPPORT SERVICES,S206,HOUSEKEEPING- GUARD,IGF::CT::IGF HOUSTON DETENTION FACILITY
70CDCR18FC0000028,CONT_AWD_70CDCR18FC0000028_7012_70CDCR18A00000007_7012,P00003,2019-05-29,812000.0,"THE GEO GROUP, INC.",JMLKZZ1NL2Z6,BPA CALL,U.S. Immigration and Customs Enforcement,922140,CORRECTIONAL INSTITUTIONS,S206,HOUSEKEEPING- GUARD,IGF::CT::IGF  ROBERT A. DEYTON DETENTION FACILITY
70CDCR18FR0000052,CONT_AWD_70CDCR18FR0000052_7012_HSCEDM11D00003_7012,P00009,2019-05-29,16578832.32,"THE GEO GROUP, INC.",JMLKZZ1NL2Z6,DELIVERY ORDER,U.S. Immigration and Customs Enforcement,561210,FACILITIES SUPPORT SERVICES,S206,HOUSEKEEPING- GUARD,"DETENTION SERVICES FOR AURORA, CO CDF"
70CDCR19FR0000020,CONT_AWD_70CDCR19FR0000020_7012_70CDCR19D00000004_7012,P00003,2019-05-29,8438999.04,"THE GEO GROUP, INC.",JMLKZZ1NL2Z6,DELIVERY ORDER,U.S. Immigration and Customs Enforcement,561210,FACILITIES SUPPORT SERVICES,S206,HOUSEKEEPING- GUARD,"IGF::CL,CT::IGF DETENTION SERVICES MESA VERDE"
70CDCR19FC0000008,CONT_AWD_70CDCR19FC0000008_7012_HSCEDM14A00001_7012,P00001,2019-06-06,2180976.22,"THE GEO GROUP, INC.",JMLKZZ1NL2Z6,BPA CALL,U.S. Immigration and Customs Enforcement,922140,CORRECTIONAL INSTITUTIONS,S206,HOUSEKEEPING- GUARD,IGF::CT::IGF RIO GRANDE DETENTION CENTER
70CDCR19FR0000005,CONT_AWD_70CDCR19FR0000005_7012_70CDCR19D00000001_7012,P00004,2019-06-06,16785175.56,"THE GEO GROUP, INC.",JMLKZZ1NL2Z6,DELIVERY ORDER,U.S. Immigration and Customs Enforcement,561210,FACILITIES SUPPORT SERVICES,S206,HOUSEKEEPING- GUARD,IGF::CT::IGF
70CDCR19FIGR00278,CONT_AWD_70CDCR19FIGR00278_7012_HSCEDM15D00006_7012,0,2019-06-13,10982149.27,"THE GEO GROUP, INC.",JMLKZZ1NL2Z6,DELIVERY ORDER,U.S. Immigration and Customs Enforcement,561210,FACILITIES SUPPORT SERVICES,S206,HOUSEKEEPING- GUARD,IGF::CT::IGF DETENTION SERVICES AT BROWARD TRANSITIONAL CENTER
70CDCR18FR0000118,CONT_AWD_70CDCR18FR0000118_7012_HSCEDM14D00004_7012,P00011,2019-06-25,21453839.0,B.I. INCORPORATED,PKK6L9KLMYR5,DELIVERY ORDER,U.S. Immigration and Customs Enforcement,561210,FACILITIES SUPPORT SERVICES,R408,SUPPORT- PROFESSIONAL: PROGRAM MANAGEMENT/SUPPORT,ISAP III ALTERNATIVES TO DETENTION TASK ORDER
70CDCR19FC0000012,CONT_AWD_70CDCR19FC0000012_7012_70CDCR18A00000007_7012,0,2019-06-25,1614000.0,"THE GEO GROUP, INC.",JMLKZZ1NL2Z6,BPA CALL,U.S. Immigration and Customs Enforcement,922140,CORRECTIONAL INSTITUTIONS,S206,HOUSEKEEPING- GUARD,IGF::CT::IGF DETENTION SERVICES AT ROBERT A. DEYTON DETENTION FACILITY
70CDCR19FR0000058,CONT_AWD_70CDCR19FR0000058_7012_70CDCR19D00000011_7012,0,2019-06-26,25137932.75,"THE GEO GROUP, INC.",JMLKZZ1NL2Z6,DELIVERY ORDER,U.S. Immigration and Customs Enforcement,561210,FACILITIES SUPPORT SERVICES,S206,HOUSEKEEPING- GUARD,IGF::CT::IGF DETENTION SERVICES
70CDCR19FR0000059,CONT_AWD_70CDCR19FR0000059_7012_HSCEDM15D00015_7012,0,2019-06-27,5930539.94,"THE GEO GROUP, INC.",JMLKZZ1NL2Z6,DELIVERY ORDER,U.S. Immigration and Customs Enforcement,561210,FACILITIES SUPPORT SERVICES,S206,HOUSEKEEPING- GUARD,"IGF::CT::IGF DETENTION, FOOD AND TRANSPORTATION SERVICES"
70CDCR18FR0000161,CONT_AWD_70CDCR18FR0000161_7012_HSCEDM17D00009_7012,P00008,2019-07-11,0.0,"THE GEO GROUP, INC.",JMLKZZ1NL2Z6,DELIVERY ORDER,U.S. Immigration and Customs Enforcement,561210,FACILITIES SUPPORT SERVICES,S206,HOUSEKEEPING- GUARD,HOUSTON DETENTION FACILITY
HSCEDM17J00031,CONT_AWD_HSCEDM17J00031_7012_HSCEDM11D00003_7012,P00010,2019-07-11,-2896873.31,"THE GEO GROUP, INC.",JMLKZZ1NL2Z6,DELIVERY ORDER,U.S. Immigration and Customs Enforcement,561210,FACILITIES SUPPORT SERVICES,S206,HOUSEKEEPING- GUARD,"DETENTION MANAGEMENT/MEDICAL/TRANSPORTATION FOR AURORA, CO GEO GRP"
70CDCR18FR0000009,CONT_AWD_70CDCR18FR0000009_7012_HSCEDM12D00001_7012,P00016,2019-07-19,-122493.71,"THE GEO GROUP, INC.",JMLKZZ1NL2Z6,DELIVERY ORDER,U.S. Immigration and Customs Enforcement,561210,FACILITIES SUPPORT SERVICES,S206,HOUSEKEEPING- GUARD,DETENTION SERVICES
70CDCR18FR0000161,CONT_AWD_70CDCR18FR0000161_7012_HSCEDM17D00009_7012,P00009,2019-08-01,1471475.0,"THE GEO GROUP, INC.",JMLKZZ1NL2Z6,DELIVERY ORDER,U.S. Immigration and Customs Enforcement,561210,FACILITIES SUPPORT SERVICES,S206,HOUSEKEEPING- GUARD,HOUSTON DETENTION FACILITY
70CDCR19FIGR00292,CONT_AWD_70CDCR19FIGR00292_7012_70CDCR19D00000001_7012,0,2019-08-01,55594.5,"THE GEO GROUP, INC.",JMLKZZ1NL2Z6,DELIVERY ORDER,U.S. Immigration and Customs Enforcement,561210,FACILITIES SUPPORT SERVICES,S206,HOUSEKEEPING- GUARD,SUPPLEMENTAL TRANSPORTATION FOR WSEU
70CDCR19FR0000058,CONT_AWD_70CDCR19FR0000058_7012_70CDCR19D00000011_7012,P00001,2019-08-06,13527919.35,"THE GEO GROUP, INC.",JMLKZZ1NL2Z6,DELIVERY ORDER,U.S. Immigration and Customs Enforcement,561210,FACILITIES SUPPORT SERVICES,S206,HOUSEKEEPING- GUARD,DETENTION SERVICES
70CDCR19FR0000059,CONT_AWD_70CDCR19FR0000059_7012_HSCEDM15D00015_7012,P00001,2019-08-13,11949999.04,"THE GEO GROUP, INC.",JMLKZZ1NL2Z6,DELIVERY ORDER,U.S. Immigration and Customs Enforcement,561210,FACILITIES SUPPORT SERVICES,S206,HOUSEKEEPING- GUARD,"DETENTION, FOOD AND TRANSPORTATION SERVICES"
70CDCR19FR0000056,CONT_AWD_70CDCR19FR0000056_7012_HSCEDM17D00009_7012,0,2019-08-16,11071951.0,"THE GEO GROUP, INC.",JMLKZZ1NL2Z6,DELIVERY ORDER,U.S. Immigration and Customs Enforcement,561210,FACILITIES SUPPORT SERVICES,S206,HOUSEKEEPING- GUARD,HOUSTON DETENTION FACILITY
70CDCR19FR0000077,CONT_AWD_70CDCR19FR0000077_7012_HSCEDM14D00004_7012,0,2019-08-28,30454438.0,B.I. INCORPORATED,PKK6L9KLMYR5,DELIVERY ORDER,U.S. Immigration and Customs Enforcement,561210,FACILITIES SUPPORT SERVICES,R408,SUPPORT- PROFESSIONAL: PROGRAM MANAGEMENT/SUPPORT,INTENSIVE SUPERVISION APPEARANCE PROGRAM (ISAP III) FOR ALTERNATIVES TO DETENTION
70CDCR19FR0000056,CONT_AWD_70CDCR19FR0000056_7012_HSCEDM17D00009_7012,P00001,2019-09-02,2306900.0,"THE GEO GROUP, INC.",JMLKZZ1NL2Z6,DELIVERY ORDER,U.S. Immigration and Customs Enforcement,561210,FACILITIES SUPPORT SERVICES,S206,HOUSEKEEPING- GUARD,HOUSTON DETENTION FACILITY
70CDCR18FR0000071,CONT_AWD_70CDCR18FR0000071_7012_HSCEDM15D00006_7012,P00011,2019-09-03,-293709.2,"THE GEO GROUP, INC.",JMLKZZ1NL2Z6,DELIVERY ORDER,U.S. Immigration and Customs Enforcement,561210,FACILITIES SUPPORT SERVICES,S206,HOUSEKEEPING- GUARD,DETENTION SERVICES AT BROWARD TRANSITIONAL CENTER
70CDCR18FR0000118,CONT_AWD_70CDCR18FR0000118_7012_HSCEDM14D00004_7012,P00012,2019-09-03,3624541.0,B.I. INCORPORATED,PKK6L9KLMYR5,DELIVERY ORDER,U.S. Immigration and Customs Enforcement,561210,FACILITIES SUPPORT SERVICES,R408,SUPPORT- PROFESSIONAL: PROGRAM MANAGEMENT/SUPPORT,ISAP III ALTERNATIVES TO DETENTION TASK ORDER
70CDCR19FR0000077,CONT_AWD_70CDCR19FR0000077_7012_HSCEDM14D00004_7012,P00001,2019-09-06,2000000.0,B.I. INCORPORATED,PKK6L9KLMYR5,DELIVERY ORDER,U.S. Immigration and Customs Enforcement,561210,FACILITIES SUPPORT SERVICES,R408,SUPPORT- PROFESSIONAL: PROGRAM MANAGEMENT/SUPPORT,INTENSIVE SUPERVISION APPEARANCE PROGRAM (ISAP III) FOR ALTERNATIVES TO DETENTION
70CDCR19FC0000008,CONT_AWD_70CDCR19FC0000008_7012_HSCEDM14A00001_7012,P00002,2019-09-09,880481.0,"THE GEO GROUP, INC.",JMLKZZ1NL2Z6,BPA CALL,U.S. Immigration and Customs Enforcement,922140,CORRECTIONAL INSTITUTIONS,S206,HOUSEKEEPING- GUARD,RIO GRANDE DETENTION CENTER
70CDCR19FR0000005,CONT_AWD_70CDCR19FR0000005_7012_70CDCR19D00000001_7012,P00005,2019-09-10,5835882.35,"THE GEO GROUP, INC.",JMLKZZ1NL2Z6,DELIVERY ORDER,U.S. Immigration and Customs Enforcement,561210,FACILITIES SUPPORT SERVICES,S206,HOUSEKEEPING- GUARD,SOUTH TEXAS DETENTION COMPLEX CONTRACT
70CDCR19FR0000089,CONT_AWD_70CDCR19FR0000089_7012_HSCEDM11D00003_7012,0,2019-09-11,8444509.72,"THE GEO GROUP, INC.",JMLKZZ1NL2Z6,DELIVERY ORDER,U.S. Immigration and Customs Enforcement,561210,FACILITIES SUPPORT SERVICES,S206,HOUSEKEEPING- GUARD,"DETENTION MANAGEMENT/MEDICAL/TRANSPORTATION FOR AURORA, CO"
70CDCR19FR0000058,CONT_AWD_70CDCR19FR0000058_7012_70CDCR19D00000011_7012,P00002,2019-09-19,8464874.76,"THE GEO GROUP, INC.",JMLKZZ1NL2Z6,DELIVERY ORDER,U.S. Immigration and Customs Enforcement,561210,FACILITIES SUPPORT SERVICES,S206,HOUSEKEEPING- GUARD,DETENTION SERVICES
70CDCR18FR0000070,CONT_AWD_70CDCR18FR0000070_7012_HSCEDM15D00015_7012,P00008,2019-09-23,616661.98,"THE GEO GROUP, INC.",JMLKZZ1NL2Z6,DELIVERY ORDER,U.S. Immigration and Customs Enforcement,561210,FACILITIES SUPPORT SERVICES,S206,HOUSEKEEPING- GUARD,"DETENTION, FOOD AND TRANSPORTAION SERVICES"
70CDCR19FR0000077,CONT_AWD_70CDCR19FR0000077_7012_HSCEDM14D00004_7012,P00002,2019-09-24,16285874.0,B.I. INCORPORATED,PKK6L9KLMYR5,DELIVERY ORDER,U.S. Immigration and Customs Enforcement,561210,FACILITIES SUPPORT SERVICES,R408,SUPPORT- PROFESSIONAL: PROGRAM MANAGEMENT/SUPPORT,INTENSIVE SUPERVISION APPEARANCE PROGRAM (ISAP III) FOR ALTERNATIVES TO DETENTION
70CDCR19FIGR00278,CONT_AWD_70CDCR19FIGR00278_7012_HSCEDM15D00006_7012,P00001,2019-09-26,2600099.61,"THE GEO GROUP, INC.",JMLKZZ1NL2Z6,DELIVERY ORDER,U.S. Immigration and Customs Enforcement,561210,FACILITIES SUPPORT SERVICES,S206,HOUSEKEEPING- GUARD,DETENTION SERVICES AT BROWARD TRANSITIONAL CENTER
70CDCR19FR0000089,CONT_AWD_70CDCR19FR0000089_7012_HSCEDM11D00003_7012,P00001,2019-09-26,4850670.82,"THE GEO GROUP, INC.",JMLKZZ1NL2Z6,DELIVERY ORDER,U.S. Immigration and Customs Enforcement,561210,FACILITIES SUPPORT SERVICES,S206,HOUSEKEEPING- GUARD,"DETENTION MANAGEMENT/MEDICAL/TRANSPORTATION FOR AURORA, CO"
70CDCR19FR0000077,CONT_AWD_70CDCR19FR0000077_7012_HSCEDM14D00004_7012,P00003,2019-09-27,508000.0,B.I. INCORPORATED,PKK6L9KLMYR5,DELIVERY ORDER,U.S. Immigration and Customs Enforcement,561210,FACILITIES SUPPORT SERVICES,R408,SUPPORT- PROFESSIONAL: PROGRAM MANAGEMENT/SUPPORT,INTENSIVE SUPERVISION APPEARANCE PROGRAM (ISAP III) FOR ALTERNATIVES TO DETENTION
70CDCR18FR0000161,CONT_AWD_70CDCR18FR0000161_7012_HSCEDM17D00009_7012,P00010,2019-09-30,1800000.0,"THE GEO GROUP, INC.",JMLKZZ1NL2Z6,DELIVERY ORDER,U.S. Immigration and Customs Enforcement,561210,FACILITIES SUPPORT SERVICES,S206,HOUSEKEEPING- GUARD,HOUSTON DETENTION FACILITY
70CDCR19FR0000020,CONT_AWD_70CDCR19FR0000020_7012_70CDCR19D00000004_7012,P00004,2019-09-30,1557337.0,"THE GEO GROUP, INC.",JMLKZZ1NL2Z6,DELIVERY ORDER,U.S. Immigration and Customs Enforcement,561210,FACILITIES SUPPORT SERVICES,S206,HOUSEKEEPING- GUARD,DETENTION SERVICES MESA VERDE
HSCEDM17J00026,CONT_AWD_HSCEDM17J00026_7012_HSCEDM14D00004_7012,P00016,2019-10-17,-32500.02,B.I. INCORPORATED,PKK6L9KLMYR5,DELIVERY ORDER,U.S. Immigration and Customs Enforcement,561210,FACILITIES SUPPORT SERVICES,R408,SUPPORT- PROFESSIONAL: PROGRAM MANAGEMENT/SUPPORT,INTENSIVE SUPERVISION APPEARANCE PROGRAM (ISAP III) FOR ALTERNATIVES TO DETENTION
70CDCR18FR0000118,CONT_AWD_70CDCR18FR0000118_7012_HSCEDM14D00004_7012,P00013,2019-10-23,-323577.86,B.I. INCORPORATED,PKK6L9KLMYR5,DELIVERY ORDER,U.S. Immigration and Customs Enforcement,561210,FACILITIES SUPPORT SERVICES,R408,SUPPORT- PROFESSIONAL: PROGRAM MANAGEMENT/SUPPORT,ISAP III ALTERNATIVES TO DETENTION TASK ORDER
70CDCR19FR0000077,CONT_AWD_70CDCR19FR0000077_7012_HSCEDM14D00004_7012,P00004,2019-10-29,53094.72,B.I. INCORPORATED,PKK6L9KLMYR5,DELIVERY ORDER,U.S. Immigration and Customs Enforcement,561210,FACILITIES SUPPORT SERVICES,R408,SUPPORT- PROFESSIONAL: PROGRAM MANAGEMENT/SUPPORT,INTENSIVE SUPERVISION APPEARANCE PROGRAM (ISAP III) FOR ALTERNATIVES TO DETENTION
70CDCR19FR0000056,CONT_AWD_70CDCR19FR0000056_7012_HSCEDM17D00009_7012,P00002,2019-11-01,5790604.0,"THE GEO GROUP, INC.",JMLKZZ1NL2Z6,DELIVERY ORDER,U.S. Immigration and Customs Enforcement,561210,FACILITIES SUPPORT SERVICES,S206,HOUSEKEEPING- GUARD,HOUSTON DETENTION FACILITY
70CDCR19FR0000089,CONT_AWD_70CDCR19FR0000089_7012_HSCEDM11D00003_7012,P00002,2019-11-03,9544138.08,"THE GEO GROUP, INC.",JMLKZZ1NL2Z6,DELIVERY ORDER,U.S. Immigration and Customs Enforcement,561210,FACILITIES SUPPORT SERVICES,S206,HOUSEKEEPING- GUARD,"DETENTION MANAGEMENT/MEDICAL/TRANSPORTATION FOR AURORA, CO"
70CDCR19FIGR00278,CONT_AWD_70CDCR19FIGR00278_7012_HSCEDM15D00006_7012,P00002,2019-11-04,5921199.26,"THE GEO GROUP, INC.",JMLKZZ1NL2Z6,DELIVERY ORDER,U.S. Immigration and Customs Enforcement,561210,FACILITIES SUPPORT SERVICES,S206,HOUSEKEEPING- GUARD,DETENTION SERVICES AT BROWARD TRANSITIONAL CENTER
70CDCR19FC0000008,CONT_AWD_70CDCR19FC0000008_7012_HSCEDM14A00001_7012,P00003,2019-11-05,1317897.8,"THE GEO GROUP, INC.",JMLKZZ1NL2Z6,BPA CALL,U.S. Immigration and Customs Enforcement,922140,CORRECTIONAL INSTITUTIONS,S206,HOUSEKEEPING- GUARD,RIO GRANDE DETENTION CENTER
70CDCR19FR0000059,CONT_AWD_70CDCR19FR0000059_7012_HSCEDM15D00015_7012,P00002,2019-11-07,5333687.25,"THE GEO GROUP, INC.",JMLKZZ1NL2Z6,DELIVERY ORDER,U.S. Immigration and Customs Enforcement,561210,FACILITIES SUPPORT SERVICES,S206,HOUSEKEEPING- GUARD,"DETENTION, FOOD AND TRANSPORTATION SERVICES"
70CDCR19FR0000058,CONT_AWD_70CDCR19FR0000058_7012_70CDCR19D00000011_7012,P00003,2019-11-08,0.0,"THE GEO GROUP, INC.",JMLKZZ1NL2Z6,DELIVERY ORDER,U.S. Immigration and Customs Enforcement,561210,FACILITIES SUPPORT SERVICES,S206,HOUSEKEEPING- GUARD,DETENTION SERVICES
70CDCR19FR0000020,CONT_AWD_70CDCR19FR0000020_7012_70CDCR19D00000004_7012,P00005,2019-12-04,2790422.9,"THE GEO GROUP, INC.",JMLKZZ1NL2Z6,DELIVERY ORDER,U.S. Immigration and Customs Enforcement,561210,FACILITIES SUPPORT SERVICES,S206,HOUSEKEEPING- GUARD,DETENTION SERVICES AT MESA VERDE
70CDCR20FR0000005,CONT_AWD_70CDCR20FR0000005_7012_70CDCR20D00000003_7012,0,2019-12-04,8026493.14,"THE GEO GROUP, INC.",JMLKZZ1NL2Z6,DELIVERY ORDER,U.S. Immigration and Customs Enforcement,561612,SECURITY GUARDS AND PATROL SERVICES,S206,HOUSEKEEPING- GUARD,DETENTION AND DETENTION RELATED SERVICES AT THE SOUTH TEXAS DETENTION COMPLEX (STDC)
70CDCR19FR0000005,CONT_AWD_70CDCR19FR0000005_7012_70CDCR19D00000001_7012,P00006,2019-12-05,198200.0,"THE GEO GROUP, INC.",JMLKZZ1NL2Z6,DELIVERY ORDER,U.S. Immigration and Customs Enforcement,561210,FACILITIES SUPPORT SERVICES,S206,HOUSEKEEPING- GUARD,SOUTH TEXAS DETENTION COMPLEX CONTRACT
70CDCR19FR0000056,CONT_AWD_70CDCR19FR0000056_7012_HSCEDM17D00009_7012,P00003,2019-12-11,3771315.3,"THE GEO GROUP, INC.",JMLKZZ1NL2Z6,DELIVERY ORDER,U.S. Immigration and Customs Enforcement,561210,FACILITIES SUPPORT SERVICES,S206,HOUSEKEEPING- GUARD,HOUSTON DETENTION FACILITY
70CDCR19FR0000005,CONT_AWD_70CDCR19FR0000005_7012_70CDCR19D00000001_7012,P00007,2019-12-19,0.0,"THE GEO GROUP, INC.",JMLKZZ1NL2Z6,DELIVERY ORDER,U.S. Immigration and Customs Enforcement,561210,FACILITIES SUPPORT SERVICES,S206,HOUSEKEEPING- GUARD,SOUTH TEXAS DETENTION COMPLEX CONTRACT
70CDCR20FR0000005,CONT_AWD_70CDCR20FR0000005_7012_70CDCR20D00000003_7012,P00001,2019-12-19,342757.38,"THE GEO GROUP, INC.",JMLKZZ1NL2Z6,DELIVERY ORDER,U.S. Immigration and Customs Enforcement,561612,SECURITY GUARDS AND PATROL SERVICES,S206,HOUSEKEEPING- GUARD,DETENTION AND DETENTION RELATED SERVICES AT THE SOUTH TEXAS DETENTION COMPLEX (STDC)
70CDCR20FR0000007,CONT_AWD_70CDCR20FR0000007_7012_70CDCR20D00000008_7012,0,2019-12-20,3499999.24,"THE GEO GROUP, INC.",JMLKZZ1NL2Z6,DELIVERY ORDER,U.S. Immigration and Customs Enforcement,561612,SECURITY GUARDS AND PATROL SERVICES,S206,HOUSEKEEPING- GUARD,NEW TASK ORDER MESA VERDE TASK ORDER POP: 12/21/19 - 12/20/20 FUNDING POP  12/21/19 - 1/31/2020 COR:NATHAN LINDSEY  661-328-4503
70CDCR20FR0000008,CONT_AWD_70CDCR20FR0000008_7012_70CDCR20D00000009_7012,0,2019-12-20,11478144.44,"THE GEO GROUP, INC.",JMLKZZ1NL2Z6,DELIVERY ORDER,U.S. Immigration and Customs Enforcement,561612,SECURITY GUARDS AND PATROL SERVICES,S206,HOUSEKEEPING- GUARD,NEW TASK ORDER PERIOD OF PERFORMANCE: 12/21/19 - 12/20/20 FUNDING POP: 12/21/19 - 01/31/20 COR: DANIEL POMPLUN FY 20 QTR 1 CR2 FUNDING
70CDCR18FR0000161,CONT_AWD_70CDCR18FR0000161_7012_HSCEDM17D00009_7012,P00011,2020-01-07,11558.21,"THE GEO GROUP, INC.",JMLKZZ1NL2Z6,DELIVERY ORDER,U.S. Immigration and Customs Enforcement,561210,FACILITIES SUPPORT SERVICES,S206,HOUSEKEEPING- GUARD,HOUSTON DETENTION FACILITY
70CDCR19FIGR00278,CONT_AWD_70CDCR19FIGR00278_7012_HSCEDM15D00006_7012,P00003,2020-01-14,0.0,"THE GEO GROUP, INC.",JMLKZZ1NL2Z6,DELIVERY ORDER,U.S. Immigration and Customs Enforcement,561210,FACILITIES SUPPORT SERVICES,S206,HOUSEKEEPING- GUARD,DETENTION SERVICES AT BROWARD TRANSITIONAL CENTER
70CDCR19P00000008,CONT_AWD_70CDCR19P00000008_7012_-NONE-_-NONE-,P00002,2020-01-14,-489.5,"THE GEO GROUP, INC.",JMLKZZ1NL2Z6,PURCHASE ORDER,U.S. Immigration and Customs Enforcement,922140,CORRECTIONAL INSTITUTIONS,S206,HOUSEKEEPING- GUARD,DETENTION SERVICES FOR FLIGHT LINE AND CEDAR HILL
70CDCR18FR0000161,CONT_AWD_70CDCR18FR0000161_7012_HSCEDM17D00009_7012,P00012,2020-01-15,26003.42,"THE GEO GROUP, INC.",JMLKZZ1NL2Z6,DELIVERY ORDER,U.S. Immigration and Customs Enforcement,561210,FACILITIES SUPPORT SERVICES,S206,HOUSEKEEPING- GUARD,HOUSTON DETENTION FACILITY
70CDCR20FR0000007,CONT_AWD_70CDCR20FR0000007_7012_70CDCR20D00000008_7012,P00001,2020-01-22,1682799.99,"THE GEO GROUP, INC.",JMLKZZ1NL2Z6,DELIVERY ORDER,U.S. Immigration and Customs Enforcement,561612,SECURITY GUARDS AND PATROL SERVICES,S206,HOUSEKEEPING- GUARD,NEW TASK ORDER MESA VERDE TASK ORDER POP: 12/21/19 - 12/20/20 FUNDING POP  12/21/19 - 1/31/2020 COR:NATHAN LINDSEY  661-328-4503
70CDCR19FC0000008,CONT_AWD_70CDCR19FC0000008_7012_HSCEDM14A00001_7012,P00004,2020-01-24,0.0,"THE GEO GROUP, INC.",JMLKZZ1NL2Z6,BPA CALL,U.S. Immigration and Customs Enforcement,922140,CORRECTIONAL INSTITUTIONS,S206,HOUSEKEEPING- GUARD,RIO GRANDE DETENTION CENTER
70CDCR19FR0000077,CONT_AWD_70CDCR19FR0000077_7012_HSCEDM14D00004_7012,P00005,2020-01-24,18300000.0,B.I. INCORPORATED,PKK6L9KLMYR5,DELIVERY ORDER,U.S. Immigration and Customs Enforcement,561210,FACILITIES SUPPORT SERVICES,R408,SUPPORT- PROFESSIONAL: PROGRAM MANAGEMENT/SUPPORT,INTENSIVE SUPERVISION APPEARANCE PROGRAM (ISAP III) FOR ALTERNATIVES TO DETENTION
70CDCR19FR0000089,CONT_AWD_70CDCR19FR0000089_7012_HSCEDM11D00003_7012,P00003,2020-01-24,3294270.2,"THE GEO GROUP, INC.",JMLKZZ1NL2Z6,DELIVERY ORDER,U.S. Immigration and Customs Enforcement,561210,FACILITIES SUPPORT SERVICES,S206,HOUSEKEEPING- GUARD,"DETENTION MANAGEMENT/MEDICAL/TRANSPORTATION FOR AURORA, CO"
70CDCR19FR0000059,CONT_AWD_70CDCR19FR0000059_7012_HSCEDM15D00015_7012,P00003,2020-01-27,5066523.25,"THE GEO GROUP, INC.",JMLKZZ1NL2Z6,DELIVERY ORDER,U.S. Immigration and Customs Enforcement,561210,FACILITIES SUPPORT SERVICES,S206,HOUSEKEEPING- GUARD,"DETENTION, FOOD AND TRANSPORTATION SERVICES"
70CDCR20FR0000005,CONT_AWD_70CDCR20FR0000005_7012_70CDCR20D00000003_7012,P00002,2020-01-27,4084663.97,"THE GEO GROUP, INC.",JMLKZZ1NL2Z6,DELIVERY ORDER,U.S. Immigration and Customs Enforcement,561612,SECURITY GUARDS AND PATROL SERVICES,S206,HOUSEKEEPING- GUARD,DETENTION AND DETENTION RELATED SERVICES AT THE SOUTH TEXAS DETENTION COMPLEX (STDC)
70CDCR19FIGR00278,CONT_AWD_70CDCR19FIGR00278_7012_HSCEDM15D00006_7012,P00004,2020-01-29,3474492.25,"THE GEO GROUP, INC.",JMLKZZ1NL2Z6,DELIVERY ORDER,U.S. Immigration and Customs Enforcement,561210,FACILITIES SUPPORT SERVICES,S206,HOUSEKEEPING- GUARD,DETENTION SERVICES AT BROWARD TRANSITIONAL CENTER
70CDCR20FR0000007,CONT_AWD_70CDCR20FR0000007_7012_70CDCR20D00000008_7012,P00002,2020-02-05,5313099.42,"THE GEO GROUP, INC.",JMLKZZ1NL2Z6,DELIVERY ORDER,U.S. Immigration and Customs Enforcement,561612,SECURITY GUARDS AND PATROL SERVICES,S206,HOUSEKEEPING- GUARD,NEW TASK ORDER MESA VERDE TASK ORDER POP: 12/21/19 - 12/20/20 FUNDING POP  12/21/19 - 1/31/2020 COR:NATHAN LINDSEY  661-328-4503
70CDCR20P00000018,CONT_AWD_70CDCR20P00000018_7012_-NONE-_-NONE-,0,2020-02-06,1748.08,"THE GEO GROUP, INC.",JMLKZZ1NL2Z6,PURCHASE ORDER,U.S. Immigration and Customs Enforcement,925110,ADMINISTRATION OF HOUSING PROGRAMS,S206,HOUSEKEEPING- GUARD,DETAINEE HOUSING COST FOR EMERGENCY SITUATION-INCLEMENT WEATHER
70CDCR19FR0000077,CONT_AWD_70CDCR19FR0000077_7012_HSCEDM14D00004_7012,P00006,2020-02-07,11500000.0,B.I. INCORPORATED,PKK6L9KLMYR5,DELIVERY ORDER,U.S. Immigration and Customs Enforcement,561210,FACILITIES SUPPORT SERVICES,R408,SUPPORT- PROFESSIONAL: PROGRAM MANAGEMENT/SUPPORT,INTENSIVE SUPERVISION APPEARANCE PROGRAM (ISAP III) FOR ALTERNATIVES TO DETENTION
70CDCR19FR0000059,CONT_AWD_70CDCR19FR0000059_7012_HSCEDM15D00015_7012,P00004,2020-02-12,14247099.68,"THE GEO GROUP, INC.",JMLKZZ1NL2Z6,DELIVERY ORDER,U.S. Immigration and Customs Enforcement,561210,FACILITIES SUPPORT SERVICES,S206,HOUSEKEEPING- GUARD,"DETENTION, FOOD AND TRANSPORTATION SERVICES"
70CDCR20FR0000008,CONT_AWD_70CDCR20FR0000008_7012_70CDCR20D00000009_7012,P00001,2020-02-12,13353445.95,"THE GEO GROUP, INC.",JMLKZZ1NL2Z6,DELIVERY ORDER,U.S. Immigration and Customs Enforcement,561612,SECURITY GUARDS AND PATROL SERVICES,S206,HOUSEKEEPING- GUARD,NEW TASK ORDER PERIOD OF PERFORMANCE: 12/21/19 - 12/20/20 FUNDING POP: 12/21/19 - 01/31/20 COR: DANIEL POMPLUN FY 20 QTR 1 CR2 FUNDING
70CDCR20FR0000005,CONT_AWD_70CDCR20FR0000005_7012_70CDCR20D00000003_7012,P00003,2020-02-13,12182348.65,"THE GEO GROUP, INC.",JMLKZZ1NL2Z6,DELIVERY ORDER,U.S. Immigration and Customs Enforcement,561612,SECURITY GUARDS AND PATROL SERVICES,S206,HOUSEKEEPING- GUARD,DETENTION AND DETENTION RELATED SERVICES AT THE SOUTH TEXAS DETENTION COMPLEX (STDC)
70CDCR19FC0000008,CONT_AWD_70CDCR19FC0000008_7012_HSCEDM14A00001_7012,P00005,2020-02-18,0.0,"THE GEO GROUP, INC.",JMLKZZ1NL2Z6,BPA CALL,U.S. Immigration and Customs Enforcement,922140,CORRECTIONAL INSTITUTIONS,S206,HOUSEKEEPING- GUARD,RIO GRANDE DETENTION CENTER
70CDCR18FR0000052,CONT_AWD_70CDCR18FR0000052_7012_HSCEDM11D00003_7012,P00010,2020-02-24,-839957.12,"THE GEO GROUP, INC.",JMLKZZ1NL2Z6,DELIVERY ORDER,U.S. Immigration and Customs Enforcement,561210,FACILITIES SUPPORT SERVICES,S206,HOUSEKEEPING- GUARD,"DETENTION SERVICES FOR AURORA, CO CDF"
70CDCR19FR0000056,CONT_AWD_70CDCR19FR0000056_7012_HSCEDM17D00009_7012,P00004,2020-02-26,11222973.75,"THE GEO GROUP, INC.",JMLKZZ1NL2Z6,DELIVERY ORDER,U.S. Immigration and Customs Enforcement,561210,FACILITIES SUPPORT SERVICES,S206,HOUSEKEEPING- GUARD,HOUSTON DETENTION FACILITY
70CDCR19FR0000077,CONT_AWD_70CDCR19FR0000077_7012_HSCEDM14D00004_7012,P00007,2020-02-26,13500000.0,B.I. INCORPORATED,PKK6L9KLMYR5,DELIVERY ORDER,U.S. Immigration and Customs Enforcement,561210,FACILITIES SUPPORT SERVICES,R408,SUPPORT- PROFESSIONAL: PROGRAM MANAGEMENT/SUPPORT,INTENSIVE SUPERVISION APPEARANCE PROGRAM (ISAP III) FOR ALTERNATIVES TO DETENTION
70CDCR19FIGR00278,CONT_AWD_70CDCR19FIGR00278_7012_HSCEDM15D00006_7012,P00005,2020-02-27,8074600.0,"THE GEO GROUP, INC.",JMLKZZ1NL2Z6,DELIVERY ORDER,U.S. Immigration and Customs Enforcement,561210,FACILITIES SUPPORT SERVICES,S206,HOUSEKEEPING- GUARD,DETENTION SERVICES AT BROWARD TRANSITIONAL CENTER
70CDCR19FR0000058,CONT_AWD_70CDCR19FR0000058_7012_70CDCR19D00000011_7012,P00004,2020-03-04,-9252157.56,"THE GEO GROUP, INC.",JMLKZZ1NL2Z6,DELIVERY ORDER,U.S. Immigration and Customs Enforcement,561210,FACILITIES SUPPORT SERVICES,S206,HOUSEKEEPING- GUARD,DETENTION SERVICES
70CDCR20FR0000005,CONT_AWD_70CDCR20FR0000005_7012_70CDCR20D00000003_7012,P00004,2020-03-06,0.0,"THE GEO GROUP, INC.",JMLKZZ1NL2Z6,DELIVERY ORDER,U.S. Immigration and Customs Enforcement,561612,SECURITY GUARDS AND PATROL SERVICES,S206,HOUSEKEEPING- GUARD,DETENTION AND DETENTION RELATED SERVICES AT THE SOUTH TEXAS DETENTION COMPLEX (STDC)
70CDCR20FR0000008,CONT_AWD_70CDCR20FR0000008_7012_70CDCR20D00000009_7012,P00002,2020-03-12,25103646.49,"THE GEO GROUP, INC.",JMLKZZ1NL2Z6,DELIVERY ORDER,U.S. Immigration and Customs Enforcement,561612,SECURITY GUARDS AND PATROL SERVICES,S206,HOUSEKEEPING- GUARD,DETENTION SERVICES FOR LOS ANGELES AOR
70CDCR20FR0000007,CONT_AWD_70CDCR20FR0000007_7012_70CDCR20D00000008_7012,P00003,2020-03-16,4027199.66,"THE GEO GROUP, INC.",JMLKZZ1NL2Z6,DELIVERY ORDER,U.S. Immigration and Customs Enforcement,561612,SECURITY GUARDS AND PATROL SERVICES,S206,HOUSEKEEPING- GUARD,NEW TASK ORDER MESA VERDE TASK ORDER POP: 12/21/19 - 12/20/20 FUNDING POP  12/21/19 - 1/31/2020 COR:NATHAN LINDSEY  661-328-4503
70CDCR19FIGR00278,CONT_AWD_70CDCR19FIGR00278_7012_HSCEDM15D00006_7012,P00006,2020-03-17,4560593.36,"THE GEO GROUP, INC.",JMLKZZ1NL2Z6,DELIVERY ORDER,U.S. Immigration and Customs Enforcement,561210,FACILITIES SUPPORT SERVICES,S206,HOUSEKEEPING- GUARD,DETENTION SERVICES AT BROWARD TRANSITIONAL CENTER
70CDCR19FR0000005,CONT_AWD_70CDCR19FR0000005_7012_70CDCR19D00000001_7012,P00008,2020-03-17,-609455.06,"THE GEO GROUP, INC.",JMLKZZ1NL2Z6,DELIVERY ORDER,U.S. Immigration and Customs Enforcement,561210,FACILITIES SUPPORT SERVICES,S206,HOUSEKEEPING- GUARD,SOUTH TEXAS DETENTION COMPLEX CONTRACT
70CDCR20FC0000013,CONT_AWD_70CDCR20FC0000013_7012_HSCEDM14A00001_7012,0,2020-03-19,1129733.22,"THE GEO GROUP, INC.",JMLKZZ1NL2Z6,BPA CALL,U.S. Immigration and Customs Enforcement,922140,CORRECTIONAL INSTITUTIONS,S206,HOUSEKEEPING- GUARD,RIO GRANDE DETENTION CENTER SERVICES
70CDCR20FR0000023,CONT_AWD_70CDCR20FR0000023_7012_70CDCR20D00000011_7012,0,2020-03-23,21373743.0,B.I. INCORPORATED,PKK6L9KLMYR5,DELIVERY ORDER,U.S. Immigration and Customs Enforcement,561210,FACILITIES SUPPORT SERVICES,R408,SUPPORT- PROFESSIONAL: PROGRAM MANAGEMENT/SUPPORT,INTENSIVE SUPERVISION APPEARANCE PROGRAM (ISAP IV)
70CDCR19FR0000059,CONT_AWD_70CDCR19FR0000059_7012_HSCEDM15D00015_7012,P00005,2020-03-25,615388.79,"THE GEO GROUP, INC.",JMLKZZ1NL2Z6,DELIVERY ORDER,U.S. Immigration and Customs Enforcement,561210,FACILITIES SUPPORT SERVICES,S206,HOUSEKEEPING- GUARD,"DETENTION, FOOD AND TRANSPORTATION SERVICES"
70CDCR19FR0000089,CONT_AWD_70CDCR19FR0000089_7012_HSCEDM11D00003_7012,P00004,2020-03-25,10425857.81,"THE GEO GROUP, INC.",JMLKZZ1NL2Z6,DELIVERY ORDER,U.S. Immigration and Customs Enforcement,561210,FACILITIES SUPPORT SERVICES,S206,HOUSEKEEPING- GUARD,"DETENTION MANAGEMENT/MEDICAL/TRANSPORTATION FOR AURORA, CO"
HSCEDM17P00027,CONT_AWD_HSCEDM17P00027_7012_-NONE-_-NONE-,P00001,2020-04-14,0.0,"CORNELL COMPANIES, INC.",TLDCDE29G781,PURCHASE ORDER,U.S. Immigration and Customs Enforcement,925110,ADMINISTRATION OF HOUSING PROGRAMS,R429,SUPPORT- PROFESSIONAL: EMERGENCY RESPONSE/DISASTER PLANNING/PREPAREDNESS SUPPORT,INCLEMENT WEATHER FOR GILES W. DALBY CORRECTIONAL FACILITY
70CDCR20FR0000007,CONT_AWD_70CDCR20FR0000007_7012_70CDCR20D00000008_7012,P00004,2020-04-27,5172000.0,"THE GEO GROUP, INC.",JMLKZZ1NL2Z6,DELIVERY ORDER,U.S. Immigration and Customs Enforcement,561612,SECURITY GUARDS AND PATROL SERVICES,S206,HOUSEKEEPING- GUARD,DETENTION SERVICES FOR SAN FRANCISCO AREA OF RESPONSIBILITY
70CDCR20FR0000008,CONT_AWD_70CDCR20FR0000008_7012_70CDCR20D00000009_7012,P00003,2020-04-28,30819300.0,"THE GEO GROUP, INC.",JMLKZZ1NL2Z6,DELIVERY ORDER,U.S. Immigration and Customs Enforcement,561612,SECURITY GUARDS AND PATROL SERVICES,S206,HOUSEKEEPING- GUARD,DETENTION SERVICES FOR LOS ANGELES AOR
70CDCR19P00000008,CONT_AWD_70CDCR19P00000008_7012_-NONE-_-NONE-,P00003,2020-04-30,0.0,"THE GEO GROUP, INC.",JMLKZZ1NL2Z6,PURCHASE ORDER,U.S. Immigration and Customs Enforcement,922140,CORRECTIONAL INSTITUTIONS,S206,HOUSEKEEPING- GUARD,DETENTION SERVICES FOR FLIGHT LINE AND CEDAR HILL
70CDCR19FR0000077,CONT_AWD_70CDCR19FR0000077_7012_HSCEDM14D00004_7012,P00008,2020-05-04,37400000.0,B.I. INCORPORATED,PKK6L9KLMYR5,DELIVERY ORDER,U.S. Immigration and Customs Enforcement,561210,FACILITIES SUPPORT SERVICES,R408,SUPPORT- PROFESSIONAL: PROGRAM MANAGEMENT/SUPPORT,INTENSIVE SUPERVISION APPEARANCE PROGRAM (ISAP III) FOR ALTERNATIVES TO DETENTION
70CDCR20FR0000005,CONT_AWD_70CDCR20FR0000005_7012_70CDCR20D00000003_7012,P00005,2020-05-05,8433900.0,"THE GEO GROUP, INC.",JMLKZZ1NL2Z6,DELIVERY ORDER,U.S. Immigration and Customs Enforcement,561612,SECURITY GUARDS AND PATROL SERVICES,S206,HOUSEKEEPING- GUARD,DETENTION AND DETENTION RELATED SERVICES AT THE SOUTH TEXAS DETENTION COMPLEX (STDC)
70CDCR19FR0000059,CONT_AWD_70CDCR19FR0000059_7012_HSCEDM15D00015_7012,P00006,2020-05-07,20310499.3,"THE GEO GROUP, INC.",JMLKZZ1NL2Z6,DELIVERY ORDER,U.S. Immigration and Customs Enforcement,561210,FACILITIES SUPPORT SERVICES,S206,HOUSEKEEPING- GUARD,"DETENTION, FOOD AND TRANSPORTATION SERVICES"
70CDCR19FR0000056,CONT_AWD_70CDCR19FR0000056_7012_HSCEDM17D00009_7012,P00005,2020-05-12,7488971.54,"THE GEO GROUP, INC.",JMLKZZ1NL2Z6,DELIVERY ORDER,U.S. Immigration and Customs Enforcement,561210,FACILITIES SUPPORT SERVICES,S206,HOUSEKEEPING- GUARD,"MONTGOMERY PROCESSING CENTER, HOUSTON"
70CDCR20FC0000013,CONT_AWD_70CDCR20FC0000013_7012_HSCEDM14A00001_7012,P00001,2020-05-15,976691.52,"THE GEO GROUP, INC.",JMLKZZ1NL2Z6,BPA CALL,U.S. Immigration and Customs Enforcement,922140,CORRECTIONAL INSTITUTIONS,S206,HOUSEKEEPING- GUARD,RIO GRANDE DETENTION CENTER SERVICES
70CDCR20FR0000031,CONT_AWD_70CDCR20FR0000031_7012_HSCEDM15D00015_7012,0,2020-05-20,5268599.4,"THE GEO GROUP, INC.",JMLKZZ1NL2Z6,DELIVERY ORDER,U.S. Immigration and Customs Enforcement,561210,FACILITIES SUPPORT SERVICES,S206,HOUSEKEEPING- GUARD,DETENTION AND TRANSPORTATION SERVICES
70CDCR18FR0000071,CONT_AWD_70CDCR18FR0000071_7012_HSCEDM15D00006_7012,P00012,2020-05-28,-20068.01,"THE GEO GROUP, INC.",JMLKZZ1NL2Z6,DELIVERY ORDER,U.S. Immigration and Customs Enforcement,561210,FACILITIES SUPPORT SERVICES,S206,HOUSEKEEPING- GUARD,DETENTION SERVICES AT BROWARD TRANSITIONAL CENTER
70CDCR18FC0000028,CONT_AWD_70CDCR18FC0000028_7012_70CDCR18A00000007_7012,P00004,2020-05-29,-544624.96,"THE GEO GROUP, INC.",JMLKZZ1NL2Z6,BPA CALL,U.S. Immigration and Customs Enforcement,922140,CORRECTIONAL INSTITUTIONS,S206,HOUSEKEEPING- GUARD,ROBERT A. DEYTON DETENTION FACILITY
70CDCR20FC0000013,CONT_AWD_70CDCR20FC0000013_7012_HSCEDM14A00001_7012,P00002,2020-06-02,54912.0,"THE GEO GROUP, INC.",JMLKZZ1NL2Z6,BPA CALL,U.S. Immigration and Customs Enforcement,922140,CORRECTIONAL INSTITUTIONS,S206,HOUSEKEEPING- GUARD,RIO GRANDE DETENTION CENTER SERVICES
70CDCR19FR0000089,CONT_AWD_70CDCR19FR0000089_7012_HSCEDM11D00003_7012,P00005,2020-06-04,14574772.28,"THE GEO GROUP, INC.",JMLKZZ1NL2Z6,DELIVERY ORDER,U.S. Immigration and Customs Enforcement,561210,FACILITIES SUPPORT SERVICES,S206,HOUSEKEEPING- GUARD,"DETENTION MANAGEMENT/MEDICAL/TRANSPORTATION FOR AURORA, CO"
70CDCR20FR0000036,CONT_AWD_70CDCR20FR0000036_7012_HSCEDM17D00009_7012,0,2020-06-09,8484382.18,"THE GEO GROUP, INC.",JMLKZZ1NL2Z6,DELIVERY ORDER,U.S. Immigration and Customs Enforcement,561210,FACILITIES SUPPORT SERVICES,S206,HOUSEKEEPING- GUARD,HOUSTON DETENTION FACILITY
70CDCR20FC0000019,CONT_AWD_70CDCR20FC0000019_7012_70CDCR18A00000007_7012,0,2020-06-16,264300.0,"THE GEO GROUP, INC.",JMLKZZ1NL2Z6,BPA CALL,U.S. Immigration and Customs Enforcement,922140,CORRECTIONAL INSTITUTIONS,S206,HOUSEKEEPING- GUARD,DETAINEE BED DAYS AT THE ROBERT A. DEYTON DETENTION FACILITY
70CDCR20FR0000039,CONT_AWD_70CDCR20FR0000039_7012_HSCEDM15D00006_7012,0,2020-06-17,16066916.59,"THE GEO GROUP, INC.",JMLKZZ1NL2Z6,DELIVERY ORDER,U.S. Immigration and Customs Enforcement,561210,FACILITIES SUPPORT SERVICES,S206,HOUSEKEEPING- GUARD,SERVICES AT BROWARD TRANSITIONAL CENTER
70CDCR20FR0000007,CONT_AWD_70CDCR20FR0000007_7012_70CDCR20D00000008_7012,P00005,2020-06-25,10000.0,"THE GEO GROUP, INC.",JMLKZZ1NL2Z6,DELIVERY ORDER,U.S. Immigration and Customs Enforcement,561612,SECURITY GUARDS AND PATROL SERVICES,S206,HOUSEKEEPING- GUARD,THE PURPOSE OF MODIFICATION P00005 IS TO ADD FUND REIMBURSABLE CLIN 0008 TO FACILITATE THE PURCHASE OF PPE FOR THE DETAINEE POPULATION HOUSED AT THE MESA VERDE DETENTION FACILITY IN SUPPORT OF THE FACILITY COVID 19 RESPONSE.
70CDCR19FC0000008,CONT_AWD_70CDCR19FC0000008_7012_HSCEDM14A00001_7012,P00006,2020-06-30,-84628.94,"THE GEO GROUP, INC.",JMLKZZ1NL2Z6,BPA CALL,U.S. Immigration and Customs Enforcement,922140,CORRECTIONAL INSTITUTIONS,S206,HOUSEKEEPING- GUARD,RIO GRANDE DETENTION CENTER
70CDCR19FR0000077,CONT_AWD_70CDCR19FR0000077_7012_HSCEDM14D00004_7012,P00009,2020-06-30,21000000.0,B.I. INCORPORATED,PKK6L9KLMYR5,DELIVERY ORDER,U.S. Immigration and Customs Enforcement,561210,FACILITIES SUPPORT SERVICES,R408,SUPPORT- PROFESSIONAL: PROGRAM MANAGEMENT/SUPPORT,INTENSIVE SUPERVISION APPEARANCE PROGRAM (ISAP III) FOR ALTERNATIVES TO DETENTION
70CDCR20FR0000008,CONT_AWD_70CDCR20FR0000008_7012_70CDCR20D00000009_7012,P00004,2020-06-30,22387.82,"THE GEO GROUP, INC.",JMLKZZ1NL2Z6,DELIVERY ORDER,U.S. Immigration and Customs Enforcement,561612,SECURITY GUARDS AND PATROL SERVICES,S206,HOUSEKEEPING- GUARD,THE PURPOSE OF MODIFICATION P00004 IS TO ADD FUNDING TO REIMBURSABLE CLIN 0008 TO FACILITATE THE PURCHASE OF PPE FOR THE DETAINEE POPULATION HOUSED AT THE ADELANTO DETENTION FACILITY
70CDCR19FR0000059,CONT_AWD_70CDCR19FR0000059_7012_HSCEDM15D00015_7012,P00007,2020-07-13,467995.79,"THE GEO GROUP, INC.",JMLKZZ1NL2Z6,DELIVERY ORDER,U.S. Immigration and Customs Enforcement,561210,FACILITIES SUPPORT SERVICES,S206,HOUSEKEEPING- GUARD,"DETENTION, FOOD AND TRANSPORTATION SERVICES"
70CDCR20FC0000013,CONT_AWD_70CDCR20FC0000013_7012_HSCEDM14A00001_7012,P00003,2020-07-14,210000.0,"THE GEO GROUP, INC.",JMLKZZ1NL2Z6,BPA CALL,U.S. Immigration and Customs Enforcement,922140,CORRECTIONAL INSTITUTIONS,S206,HOUSEKEEPING- GUARD,RIO GRANDE DETENTION CENTER SERVICES
70CDCR19FR0000077,CONT_AWD_70CDCR19FR0000077_7012_HSCEDM14D00004_7012,P00010,2020-07-15,-12128140.03,B.I. INCORPORATED,PKK6L9KLMYR5,DELIVERY ORDER,U.S. Immigration and Customs Enforcement,561210,FACILITIES SUPPORT SERVICES,R408,SUPPORT- PROFESSIONAL: PROGRAM MANAGEMENT/SUPPORT,INTENSIVE SUPERVISION APPEARANCE PROGRAM (ISAP III) FOR ALTERNATIVES TO DETENTION
70CDCR20FR0000036,CONT_AWD_70CDCR20FR0000036_7012_HSCEDM17D00009_7012,P00001,2020-07-15,15366.86,"THE GEO GROUP, INC.",JMLKZZ1NL2Z6,DELIVERY ORDER,U.S. Immigration and Customs Enforcement,561210,FACILITIES SUPPORT SERVICES,S206,HOUSEKEEPING- GUARD,MONTGOMERY PROCESSING CENTER (HOUSTON)
70CDCR20FR0000023,CONT_AWD_70CDCR20FR0000023_7012_70CDCR20D00000011_7012,P00001,2020-07-16,0.0,B.I. INCORPORATED,PKK6L9KLMYR5,DELIVERY ORDER,U.S. Immigration and Customs Enforcement,561210,FACILITIES SUPPORT SERVICES,R408,SUPPORT- PROFESSIONAL: PROGRAM MANAGEMENT/SUPPORT,INTENSIVE SUPERVISION APPEARANCE PROGRAM (ISAP IV)
70CDCR20FR0000050,CONT_AWD_70CDCR20FR0000050_7012_70CDCR20D00000012_7012,0,2020-07-31,11891700.0,"THE GEO GROUP, INC.",JMLKZZ1NL2Z6,DELIVERY ORDER,U.S. Immigration and Customs Enforcement,922140,CORRECTIONAL INSTITUTIONS,S206,HOUSEKEEPING- GUARD,FY20 TO FOR DETENTION AND TRANSPORTATION SERVICES - SOUTH TEXAS ICE PROCESSING CENTER (STIPC)
70CDCR20FR0000050,CONT_AWD_70CDCR20FR0000050_7012_70CDCR20D00000012_7012,P00007,2020-08-06,-212256.92,"THE GEO GROUP, INC.",JMLKZZ1NL2Z6,DELIVERY ORDER,U.S. Immigration and Customs Enforcement,922140,CORRECTIONAL INSTITUTIONS,S206,HOUSEKEEPING- GUARD,FY20 TO FOR DETENTION AND TRANSPORTATION SERVICES - SOUTH TEXAS ICE PROCESSING CENTER (STIPC)
70CDCR19FR0000020,CONT_AWD_70CDCR19FR0000020_7012_70CDCR19D00000004_7012,P00006,2020-08-10,-3038961.34,"THE GEO GROUP, INC.",JMLKZZ1NL2Z6,DELIVERY ORDER,U.S. Immigration and Customs Enforcement,561210,FACILITIES SUPPORT SERVICES,S206,HOUSEKEEPING- GUARD,DETENTION SERVICES AT MESA VERDE
70CDCR19FR0000056,CONT_AWD_70CDCR19FR0000056_7012_HSCEDM17D00009_7012,P00006,2020-08-11,107400.0,"THE GEO GROUP, INC.",JMLKZZ1NL2Z6,DELIVERY ORDER,U.S. Immigration and Customs Enforcement,561210,FACILITIES SUPPORT SERVICES,S206,HOUSEKEEPING- GUARD,"MONTGOMERY PROCESSING CENTER, HOUSTON"
70CDCR20FR0000023,CONT_AWD_70CDCR20FR0000023_7012_70CDCR20D00000011_7012,P00002,2020-08-20,78391176.0,B.I. INCORPORATED,PKK6L9KLMYR5,DELIVERY ORDER,U.S. Immigration and Customs Enforcement,561210,FACILITIES SUPPORT SERVICES,R408,SUPPORT- PROFESSIONAL: PROGRAM MANAGEMENT/SUPPORT,INTENSIVE SUPERVISION APPEARANCE PROGRAM (ISAP IV)
70CDCR20FC0000013,CONT_AWD_70CDCR20FC0000013_7012_HSCEDM14A00001_7012,P00004,2020-08-31,90000.0,"THE GEO GROUP, INC.",JMLKZZ1NL2Z6,BPA CALL,U.S. Immigration and Customs Enforcement,922140,CORRECTIONAL INSTITUTIONS,S206,HOUSEKEEPING- GUARD,RIO GRANDE DETENTION CENTER SERVICES
70CDCR20FR0000066,CONT_AWD_70CDCR20FR0000066_7012_HSCEDM11D00003_7012,0,2020-08-31,5954409.91,"THE GEO GROUP, INC.",JMLKZZ1NL2Z6,DELIVERY ORDER,U.S. Immigration and Customs Enforcement,561210,FACILITIES SUPPORT SERVICES,S206,HOUSEKEEPING- GUARD,"DETENTION MANAGEMENT/MEDICAL/TRANSPORTATION FOR AURORA, CO"
70CDCR20FR0000007,CONT_AWD_70CDCR20FR0000007_7012_70CDCR20D00000008_7012,P00006,2020-09-01,0.0,"THE GEO GROUP, INC.",JMLKZZ1NL2Z6,DELIVERY ORDER,U.S. Immigration and Customs Enforcement,561612,SECURITY GUARDS AND PATROL SERVICES,S206,HOUSEKEEPING- GUARD,THE PURPOSE OF MODIFICATION IS TO MOVE FUNDS.
70CDCR20FR0000007,CONT_AWD_70CDCR20FR0000007_7012_70CDCR20D00000008_7012,P00007,2020-09-02,1833160.0,"THE GEO GROUP, INC.",JMLKZZ1NL2Z6,DELIVERY ORDER,U.S. Immigration and Customs Enforcement,561612,SECURITY GUARDS AND PATROL SERVICES,S206,HOUSEKEEPING- GUARD,THE PURPOSE OF MODIFICATION IS TO PROVIDING FUNDING.
70CDCR20FR0000023,CONT_AWD_70CDCR20FR0000023_7012_70CDCR20D00000011_7012,P00003,2020-09-08,0.0,B.I. INCORPORATED,PKK6L9KLMYR5,DELIVERY ORDER,U.S. Immigration and Customs Enforcement,561210,FACILITIES SUPPORT SERVICES,R408,SUPPORT- PROFESSIONAL: PROGRAM MANAGEMENT/SUPPORT,INTENSIVE SUPERVISION APPEARANCE PROGRAM (ISAP IV)
70CDCR19FIGR00278,CONT_AWD_70CDCR19FIGR00278_7012_HSCEDM15D00006_7012,P00007,2020-09-10,-2285741.81,"THE GEO GROUP, INC.",JMLKZZ1NL2Z6,DELIVERY ORDER,U.S. Immigration and Customs Enforcement,561210,FACILITIES SUPPORT SERVICES,S206,HOUSEKEEPING- GUARD,DETENTION SERVICES AT BROWARD TRANSITIONAL CENTER
70CDCR20FR0000007,CONT_AWD_70CDCR20FR0000007_7012_70CDCR20D00000008_7012,P00008,2020-09-14,600000.0,"THE GEO GROUP, INC.",JMLKZZ1NL2Z6,DELIVERY ORDER,U.S. Immigration and Customs Enforcement,561612,SECURITY GUARDS AND PATROL SERVICES,S206,HOUSEKEEPING- GUARD,THE PURPOSE OF MODIFICATION IS TO PROVIDING FUNDING.
70CDCR20FR0000050,CONT_AWD_70CDCR20FR0000050_7012_70CDCR20D00000012_7012,P00001,2020-09-15,496599.61,"THE GEO GROUP, INC.",JMLKZZ1NL2Z6,DELIVERY ORDER,U.S. Immigration and Customs Enforcement,922140,CORRECTIONAL INSTITUTIONS,S206,HOUSEKEEPING- GUARD,FY20 TO FOR DETENTION AND TRANSPORTATION SERVICES - SOUTH TEXAS ICE PROCESSING CENTER (STIPC)
70CDCR19FR0000059,CONT_AWD_70CDCR19FR0000059_7012_HSCEDM15D00015_7012,P00008,2020-09-24,118015.3,"THE GEO GROUP, INC.",JMLKZZ1NL2Z6,DELIVERY ORDER,U.S. Immigration and Customs Enforcement,561210,FACILITIES SUPPORT SERVICES,S206,HOUSEKEEPING- GUARD,"DETENTION, FOOD AND TRANSPORTATION SERVICES"
70CDCR20FR0000023,CONT_AWD_70CDCR20FR0000023_7012_70CDCR20D00000011_7012,P00004,2020-09-28,25588169.71,B.I. INCORPORATED,PKK6L9KLMYR5,DELIVERY ORDER,U.S. Immigration and Customs Enforcement,561210,FACILITIES SUPPORT SERVICES,R408,SUPPORT- PROFESSIONAL: PROGRAM MANAGEMENT/SUPPORT,INTENSIVE SUPERVISION APPEARANCE PROGRAM (ISAP IV)
70CDCR20FR0000023,CONT_AWD_70CDCR20FR0000023_7012_70CDCR20D00000011_7012,P00005,2020-09-30,574710.74,B.I. INCORPORATED,PKK6L9KLMYR5,DELIVERY ORDER,U.S. Immigration and Customs Enforcement,561210,FACILITIES SUPPORT SERVICES,R408,SUPPORT- PROFESSIONAL: PROGRAM MANAGEMENT/SUPPORT,INTENSIVE SUPERVISION APPEARANCE PROGRAM (ISAP IV)
70CDCR20FR0000036,CONT_AWD_70CDCR20FR0000036_7012_HSCEDM17D00009_7012,P00002,2020-10-27,6844124.36,"THE GEO GROUP, INC.",JMLKZZ1NL2Z6,DELIVERY ORDER,U.S. Immigration and Customs Enforcement,561210,FACILITIES SUPPORT SERVICES,S206,HOUSEKEEPING- GUARD,MONTGOMERY PROCESSING CENTER (HOUSTON)
70CDCR21P00000004,CONT_AWD_70CDCR21P00000004_7012_-NONE-_-NONE-,0,2020-10-27,3213.3,"THE GEO GROUP, INC.",JMLKZZ1NL2Z6,PURCHASE ORDER,U.S. Immigration and Customs Enforcement,925110,ADMINISTRATION OF HOUSING PROGRAMS,R429,SUPPORT- PROFESSIONAL: EMERGENCY RESPONSE/DISASTER PLANNING/PREPAREDNESS SUPPORT,DETAINEE HOUSING COST FOR EMERGENCY SITUATION-INCLEMENT WEATHER
70CDCR20FR0000007,CONT_AWD_70CDCR20FR0000007_7012_70CDCR20D00000008_7012,P00009,2020-10-28,10795429.44,"THE GEO GROUP, INC.",JMLKZZ1NL2Z6,DELIVERY ORDER,U.S. Immigration and Customs Enforcement,561612,SECURITY GUARDS AND PATROL SERVICES,S206,HOUSEKEEPING- GUARD,THE PURPOSE OF MODIFICATION IS TO PROVIDING FUNDING.
70CDCR20FR0000008,CONT_AWD_70CDCR20FR0000008_7012_70CDCR20D00000009_7012,P00005,2020-10-28,8929100.0,"THE GEO GROUP, INC.",JMLKZZ1NL2Z6,DELIVERY ORDER,U.S. Immigration and Customs Enforcement,561612,SECURITY GUARDS AND PATROL SERVICES,S206,HOUSEKEEPING- GUARD,THE PURPOSE OF MODIFICATION P00005 IS TO ADD FUNDING
70CDCR21FR0000001,CONT_AWD_70CDCR21FR0000001_7012_15M40018DA3500001_1544,0,2020-10-29,2001.6,"THE GEO GROUP, INC.",JMLKZZ1NL2Z6,DELIVERY ORDER,U.S. Immigration and Customs Enforcement,561210,FACILITIES SUPPORT SERVICES,S206,HOUSEKEEPING- GUARD,DETENTION AND GUARD SERVICES
70CDCR20FR0000039,CONT_AWD_70CDCR20FR0000039_7012_HSCEDM15D00006_7012,P00001,2020-11-03,4061400.0,"THE GEO GROUP, INC.",JMLKZZ1NL2Z6,DELIVERY ORDER,U.S. Immigration and Customs Enforcement,561210,FACILITIES SUPPORT SERVICES,S206,HOUSEKEEPING- GUARD,SERVICES AT BROWARD TRANSITIONAL CENTER
70CDCR21FR0000003,CONT_AWD_70CDCR21FR0000003_7012_70CDCR20D00000008_7012,0,2020-11-03,7008162.93,"THE GEO GROUP, INC.",JMLKZZ1NL2Z6,DELIVERY ORDER,U.S. Immigration and Customs Enforcement,561612,SECURITY GUARDS AND PATROL SERVICES,S206,HOUSEKEEPING- GUARD,TO ESTABLISH A NEW TASK ORDER FOR DETENTION SERVICES AT MESA VERDE AND GOLDEN STATE FACILITY
70CDCR20FC0000013,CONT_AWD_70CDCR20FC0000013_7012_HSCEDM14A00001_7012,P00005,2020-11-04,792900.0,"THE GEO GROUP, INC.",JMLKZZ1NL2Z6,BPA CALL,U.S. Immigration and Customs Enforcement,922140,CORRECTIONAL INSTITUTIONS,S206,HOUSEKEEPING- GUARD,RIO GRANDE DETENTION CENTER SERVICES
70CDCR21FR0000004,CONT_AWD_70CDCR21FR0000004_7012_70CDCR20D00000009_7012,0,2020-11-04,10635544.46,"THE GEO GROUP, INC.",JMLKZZ1NL2Z6,DELIVERY ORDER,U.S. Immigration and Customs Enforcement,561612,SECURITY GUARDS AND PATROL SERVICES,S206,HOUSEKEEPING- GUARD,TASK ORDER IS TO PROVIDE FUNDING FOR DETENTION TRANSPORTATION AND MEDICAL SERVICES IN THE LOS ANGELES AREA OF RESPONSIBILITY
70CDCR20FC0000019,CONT_AWD_70CDCR20FC0000019_7012_70CDCR18A00000007_7012,P00001,2020-11-05,213100.0,"THE GEO GROUP, INC.",JMLKZZ1NL2Z6,BPA CALL,U.S. Immigration and Customs Enforcement,922140,CORRECTIONAL INSTITUTIONS,S206,HOUSEKEEPING- GUARD,DETAINEE BED DAYS AT THE ROBERT A. DEYTON DETENTION FACILITY
70CDCR20FR0000066,CONT_AWD_70CDCR20FR0000066_7012_HSCEDM11D00003_7012,P00001,2020-11-12,7794341.49,"THE GEO GROUP, INC.",JMLKZZ1NL2Z6,DELIVERY ORDER,U.S. Immigration and Customs Enforcement,561210,FACILITIES SUPPORT SERVICES,S206,HOUSEKEEPING- GUARD,"DETENTION MANAGEMENT/MEDICAL/TRANSPORTATION FOR AURORA, CO"
70CDCR20FR0000050,CONT_AWD_70CDCR20FR0000050_7012_70CDCR20D00000012_7012,P00002,2020-11-18,19068353.86,"THE GEO GROUP, INC.",JMLKZZ1NL2Z6,DELIVERY ORDER,U.S. Immigration and Customs Enforcement,922140,CORRECTIONAL INSTITUTIONS,S206,HOUSEKEEPING- GUARD,FY20 TO FOR DETENTION AND TRANSPORTATION SERVICES - SOUTH TEXAS ICE PROCESSING CENTER (STIPC)
70CDCR20FR0000007,CONT_AWD_70CDCR20FR0000007_7012_70CDCR20D00000008_7012,P00010,2020-11-19,0.0,"THE GEO GROUP, INC.",JMLKZZ1NL2Z6,DELIVERY ORDER,U.S. Immigration and Customs Enforcement,561612,SECURITY GUARDS AND PATROL SERVICES,S206,HOUSEKEEPING- GUARD,THE PURPOSE OF MODIFICATION IS TO MOVE FUNDS.
70CDCR20FR0000031,CONT_AWD_70CDCR20FR0000031_7012_HSCEDM15D00015_7012,P00001,2020-12-03,21909099.86,"THE GEO GROUP, INC.",JMLKZZ1NL2Z6,DELIVERY ORDER,U.S. Immigration and Customs Enforcement,561210,FACILITIES SUPPORT SERVICES,S206,HOUSEKEEPING- GUARD,DETENTION AND TRANSPORTATION SERVICES
70CDCR20FR0000005,CONT_AWD_70CDCR20FR0000005_7012_70CDCR20D00000003_7012,P00006,2020-12-07,-744284.9,"THE GEO GROUP, INC.",JMLKZZ1NL2Z6,DELIVERY ORDER,U.S. Immigration and Customs Enforcement,561612,SECURITY GUARDS AND PATROL SERVICES,S206,HOUSEKEEPING- GUARD,DETENTION AND DETENTION RELATED SERVICES AT THE SOUTH TEXAS DETENTION COMPLEX (STDC)
70CDCR18FR0000161,CONT_AWD_70CDCR18FR0000161_7012_HSCEDM17D00009_7012,P00013,2020-12-10,-528213.26,"THE GEO GROUP, INC.",JMLKZZ1NL2Z6,DELIVERY ORDER,U.S. Immigration and Customs Enforcement,561210,FACILITIES SUPPORT SERVICES,S206,HOUSEKEEPING- GUARD,HOUSTON DETENTION FACILITY
70CDCR20FC0000013,CONT_AWD_70CDCR20FC0000013_7012_HSCEDM14A00001_7012,P00006,2020-12-10,0.0,"THE GEO GROUP, INC.",JMLKZZ1NL2Z6,BPA CALL,U.S. Immigration and Customs Enforcement,922140,CORRECTIONAL INSTITUTIONS,S206,HOUSEKEEPING- GUARD,RIO GRANDE DETENTION CENTER SERVICES
70CDCR20FR0000050,CONT_AWD_70CDCR20FR0000050_7012_70CDCR20D00000012_7012,P00003,2020-12-15,0.0,"THE GEO GROUP, INC.",JMLKZZ1NL2Z6,DELIVERY ORDER,U.S. Immigration and Customs Enforcement,922140,CORRECTIONAL INSTITUTIONS,S206,HOUSEKEEPING- GUARD,FY20 TO FOR DETENTION AND TRANSPORTATION SERVICES - SOUTH TEXAS ICE PROCESSING CENTER (STIPC)
70CDCR18P00000084,CONT_AWD_70CDCR18P00000084_7012_-NONE-_-NONE-,P00001,2020-12-30,-757.3,"CORNELL COMPANIES, INC.",TLDCDE29G781,PURCHASE ORDER,U.S. Immigration and Customs Enforcement,561612,SECURITY GUARDS AND PATROL SERVICES,S206,HOUSEKEEPING- GUARD,USE OF THIS FACILITY DUE TO POSSIBLE INCLEMENT WEATHER AND HAZARDOUS DRIVING CONDITIONS.
70CDCR19FIGR00292,CONT_AWD_70CDCR19FIGR00292_7012_70CDCR19D00000001_7012,P00001,2020-12-30,0.0,"THE GEO GROUP, INC.",JMLKZZ1NL2Z6,DELIVERY ORDER,U.S. Immigration and Customs Enforcement,561210,FACILITIES SUPPORT SERVICES,S206,HOUSEKEEPING- GUARD,SUPPLEMENTAL TRANSPORTATION FOR WSEU
70CDCR18FR0000070,CONT_AWD_70CDCR18FR0000070_7012_HSCEDM15D00015_7012,P00009,2021-01-13,10592.65,"THE GEO GROUP, INC.",JMLKZZ1NL2Z6,DELIVERY ORDER,U.S. Immigration and Customs Enforcement,561210,FACILITIES SUPPORT SERVICES,S206,HOUSEKEEPING- GUARD,"DETENTION, FOOD AND TRANSPORTAION SERVICES"
HSCEDM16J00052,CONT_AWD_HSCEDM16J00052_7012_HSCEDM15D00015_7012,P00012,2021-01-13,113009.75,"THE GEO GROUP, INC.",JMLKZZ1NL2Z6,DELIVERY ORDER,U.S. Immigration and Customs Enforcement,561210,FACILITIES SUPPORT SERVICES,S206,HOUSEKEEPING- GUARD,"DETENTION, TRANSPORTATION AND FOOD SERVICES"
70CDCR20FR0000039,CONT_AWD_70CDCR20FR0000039_7012_HSCEDM15D00006_7012,P00002,2021-01-21,3948718.46,"THE GEO GROUP, INC.",JMLKZZ1NL2Z6,DELIVERY ORDER,U.S. Immigration and Customs Enforcement,561210,FACILITIES SUPPORT SERVICES,S206,HOUSEKEEPING- GUARD,SERVICES AT BROWARD TRANSITIONAL CENTER
70CDCR20FR0000036,CONT_AWD_70CDCR20FR0000036_7012_HSCEDM17D00009_7012,P00003,2021-01-22,1734425.0,"THE GEO GROUP, INC.",JMLKZZ1NL2Z6,DELIVERY ORDER,U.S. Immigration and Customs Enforcement,561210,FACILITIES SUPPORT SERVICES,S206,HOUSEKEEPING- GUARD,MONTGOMERY PROCESSING CENTER (HOUSTON)
70CDCR21FR0000003,CONT_AWD_70CDCR21FR0000003_7012_70CDCR20D00000008_7012,P00001,2021-01-26,5192449.84,"THE GEO GROUP, INC.",JMLKZZ1NL2Z6,DELIVERY ORDER,U.S. Immigration and Customs Enforcement,561612,SECURITY GUARDS AND PATROL SERVICES,S206,HOUSEKEEPING- GUARD,TO ADD FUNDS TO THE SUBJECT TASK ORDER FOR DETENTION SERVICES AT MESA VERDE AND GOLDEN STATE FACILITY
70CDCR21FR0000004,CONT_AWD_70CDCR21FR0000004_7012_70CDCR20D00000009_7012,P00001,2021-01-27,5656366.88,"THE GEO GROUP, INC.",JMLKZZ1NL2Z6,DELIVERY ORDER,U.S. Immigration and Customs Enforcement,561612,SECURITY GUARDS AND PATROL SERVICES,S206,HOUSEKEEPING- GUARD,TO ADD FUNDING FOR DETENTION TRANSPORTATION AND MEDICAL SERVICES IN THE LOS ANGELES AREA OF RESPONSIBILITY
70CDCR20FR0000008,CONT_AWD_70CDCR20FR0000008_7012_70CDCR20D00000009_7012,P00006,2021-02-08,816234.94,"THE GEO GROUP, INC.",JMLKZZ1NL2Z6,DELIVERY ORDER,U.S. Immigration and Customs Enforcement,561612,SECURITY GUARDS AND PATROL SERVICES,S206,HOUSEKEEPING- GUARD,THE PURPOSE OF MODIFICATION P00006 IS TO ADD FUNDING.
70CDCR20FC0000019,CONT_AWD_70CDCR20FC0000019_7012_70CDCR18A00000007_7012,P00002,2021-02-09,68433.0,"THE GEO GROUP, INC.",JMLKZZ1NL2Z6,BPA CALL,U.S. Immigration and Customs Enforcement,922140,CORRECTIONAL INSTITUTIONS,S206,HOUSEKEEPING- GUARD,DETAINEE BED DAYS AT THE ROBERT A. DEYTON DETENTION FACILITY
70CDCR20FR0000066,CONT_AWD_70CDCR20FR0000066_7012_HSCEDM11D00003_7012,P00002,2021-02-11,3414441.01,"THE GEO GROUP, INC.",JMLKZZ1NL2Z6,DELIVERY ORDER,U.S. Immigration and Customs Enforcement,561210,FACILITIES SUPPORT SERVICES,S206,HOUSEKEEPING- GUARD,"DETENTION MANAGEMENT/MEDICAL/TRANSPORTATION FOR AURORA, CO"
70CDCR20FR0000066,CONT_AWD_70CDCR20FR0000066_7012_HSCEDM11D00003_7012,P00003,2021-02-19,8200.0,"THE GEO GROUP, INC.",JMLKZZ1NL2Z6,DELIVERY ORDER,U.S. Immigration and Customs Enforcement,561210,FACILITIES SUPPORT SERVICES,S206,HOUSEKEEPING- GUARD,"DETENTION MANAGEMENT/MEDICAL/TRANSPORTATION FOR AURORA, CO"
70CDCR19FR0000089,CONT_AWD_70CDCR19FR0000089_7012_HSCEDM11D00003_7012,P00006,2021-02-23,-5022977.38,"THE GEO GROUP, INC.",JMLKZZ1NL2Z6,DELIVERY ORDER,U.S. Immigration and Customs Enforcement,561210,FACILITIES SUPPORT SERVICES,S206,HOUSEKEEPING- GUARD,"DETENTION MANAGEMENT/MEDICAL/TRANSPORTATION FOR AURORA, CO"
70CDCR20FR0000036,CONT_AWD_70CDCR20FR0000036_7012_HSCEDM17D00009_7012,P00004,2021-02-26,9515545.71,"THE GEO GROUP, INC.",JMLKZZ1NL2Z6,DELIVERY ORDER,U.S. Immigration and Customs Enforcement,561210,FACILITIES SUPPORT SERVICES,S206,HOUSEKEEPING- GUARD,MONTGOMERY PROCESSING CENTER (HOUSTON)
70CDCR21FR0000004,CONT_AWD_70CDCR21FR0000004_7012_70CDCR20D00000009_7012,P00002,2021-03-01,11692772.81,"THE GEO GROUP, INC.",JMLKZZ1NL2Z6,DELIVERY ORDER,U.S. Immigration and Customs Enforcement,561612,SECURITY GUARDS AND PATROL SERVICES,S206,HOUSEKEEPING- GUARD,TO ADD FUNDING FOR DETENTION TRANSPORTATION AND MEDICAL SERVICES IN THE LOS ANGELES AREA OF RESPONSIBILITY
70CDCR20FR0000066,CONT_AWD_70CDCR20FR0000066_7012_HSCEDM11D00003_7012,P00004,2021-03-09,8023300.0,"THE GEO GROUP, INC.",JMLKZZ1NL2Z6,DELIVERY ORDER,U.S. Immigration and Customs Enforcement,561210,FACILITIES SUPPORT SERVICES,S206,HOUSEKEEPING- GUARD,"DETENTION MANAGEMENT/MEDICAL/TRANSPORTATION FOR AURORA, CO"
70CDCR20FC0000013,CONT_AWD_70CDCR20FC0000013_7012_HSCEDM14A00001_7012,P00007,2021-03-12,569994.92,"THE GEO GROUP, INC.",JMLKZZ1NL2Z6,BPA CALL,U.S. Immigration and Customs Enforcement,922140,CORRECTIONAL INSTITUTIONS,S206,HOUSEKEEPING- GUARD,RIO GRANDE DETENTION CENTER SERVICES
70CDCR21FC0000008,CONT_AWD_70CDCR21FC0000008_7012_HSCEDM14A00001_7012,0,2021-03-15,714294.52,"THE GEO GROUP, INC.",JMLKZZ1NL2Z6,BPA CALL,U.S. Immigration and Customs Enforcement,922140,CORRECTIONAL INSTITUTIONS,S206,HOUSEKEEPING- GUARD,DETENTION SERVICES FOR RIO GRANDE DETENTION CENTER
70CDCR20FR0000031,CONT_AWD_70CDCR20FR0000031_7012_HSCEDM15D00015_7012,P00002,2021-03-16,5962898.34,"THE GEO GROUP, INC.",JMLKZZ1NL2Z6,DELIVERY ORDER,U.S. Immigration and Customs Enforcement,561210,FACILITIES SUPPORT SERVICES,S206,HOUSEKEEPING- GUARD,DETENTION AND TRANSPORTATION SERVICES
70CDCR21FR0000003,CONT_AWD_70CDCR21FR0000003_7012_70CDCR20D00000008_7012,P00002,2021-03-16,6171901.17,"THE GEO GROUP, INC.",JMLKZZ1NL2Z6,DELIVERY ORDER,U.S. Immigration and Customs Enforcement,561612,SECURITY GUARDS AND PATROL SERVICES,S206,HOUSEKEEPING- GUARD,TO ADD FUNDS TO THE SUBJECT TASK ORDER FOR DETENTION SERVICES AT MESA VERDE AND GOLDEN STATE FACILITY
70CDCR20FR0000050,CONT_AWD_70CDCR20FR0000050_7012_70CDCR20D00000012_7012,P00004,2021-03-25,3188744.71,"THE GEO GROUP, INC.",JMLKZZ1NL2Z6,DELIVERY ORDER,U.S. Immigration and Customs Enforcement,922140,CORRECTIONAL INSTITUTIONS,S206,HOUSEKEEPING- GUARD,FY20 TO FOR DETENTION AND TRANSPORTATION SERVICES - SOUTH TEXAS ICE PROCESSING CENTER (STIPC)
70CDCR20FR0000039,CONT_AWD_70CDCR20FR0000039_7012_HSCEDM15D00006_7012,P00003,2021-03-29,3453238.8,"THE GEO GROUP, INC.",JMLKZZ1NL2Z6,DELIVERY ORDER,U.S. Immigration and Customs Enforcement,561210,FACILITIES SUPPORT SERVICES,S206,HOUSEKEEPING- GUARD,SERVICES AT BROWARD TRANSITIONAL CENTER
70CDCR20P00000018,CONT_AWD_70CDCR20P00000018_7012_-NONE-_-NONE-,P00001,2021-04-02,-520.78,"THE GEO GROUP, INC.",JMLKZZ1NL2Z6,PURCHASE ORDER,U.S. Immigration and Customs Enforcement,925110,ADMINISTRATION OF HOUSING PROGRAMS,S206,HOUSEKEEPING- GUARD,DETAINEE HOUSING COST FOR EMERGENCY SITUATION-INCLEMENT WEATHER
70CDCR20FR0000050,CONT_AWD_70CDCR20FR0000050_7012_70CDCR20D00000012_7012,P00005,2021-04-21,17348837.0,"THE GEO GROUP, INC.",JMLKZZ1NL2Z6,DELIVERY ORDER,U.S. Immigration and Customs Enforcement,922140,CORRECTIONAL INSTITUTIONS,S206,HOUSEKEEPING- GUARD,FY20 TO FOR DETENTION AND TRANSPORTATION SERVICES - SOUTH TEXAS ICE PROCESSING CENTER (STIPC)
70CDCR20FR0000007,CONT_AWD_70CDCR20FR0000007_7012_70CDCR20D00000008_7012,P00011,2021-04-26,-2752423.61,"THE GEO GROUP, INC.",JMLKZZ1NL2Z6,DELIVERY ORDER,U.S. Immigration and Customs Enforcement,561612,SECURITY GUARDS AND PATROL SERVICES,S206,HOUSEKEEPING- GUARD,THE PURPOSE OF MODIFICATION IS TO DE-OBLIGATE EXCESS/UNUSED FUNDS
70CDCR20FR0000023,CONT_AWD_70CDCR20FR0000023_7012_70CDCR20D00000011_7012,P00006,2021-04-26,25000000.0,B.I. INCORPORATED,PKK6L9KLMYR5,DELIVERY ORDER,U.S. Immigration and Customs Enforcement,561210,FACILITIES SUPPORT SERVICES,R408,SUPPORT- PROFESSIONAL: PROGRAM MANAGEMENT/SUPPORT,INTENSIVE SUPERVISION APPEARANCE PROGRAM (ISAP IV)
70CDCR20FR0000039,CONT_AWD_70CDCR20FR0000039_7012_HSCEDM15D00006_7012,P00004,2021-04-26,6600437.02,"THE GEO GROUP, INC.",JMLKZZ1NL2Z6,DELIVERY ORDER,U.S. Immigration and Customs Enforcement,561210,FACILITIES SUPPORT SERVICES,S206,HOUSEKEEPING- GUARD,SERVICES AT BROWARD TRANSITIONAL CENTER
70CDCR21FR0000003,CONT_AWD_70CDCR21FR0000003_7012_70CDCR20D00000008_7012,P00003,2021-04-27,15000099.79,"THE GEO GROUP, INC.",JMLKZZ1NL2Z6,DELIVERY ORDER,U.S. Immigration and Customs Enforcement,561612,SECURITY GUARDS AND PATROL SERVICES,S206,HOUSEKEEPING- GUARD,TO ADD FUNDS TO THE SUBJECT TASK ORDER FOR DETENTION SERVICES AT MESA VERDE AND GOLDEN STATE FACILITY
70CDCR20FR0000031,CONT_AWD_70CDCR20FR0000031_7012_HSCEDM15D00015_7012,P00003,2021-05-04,15902637.86,"THE GEO GROUP, INC.",JMLKZZ1NL2Z6,DELIVERY ORDER,U.S. Immigration and Customs Enforcement,561210,FACILITIES SUPPORT SERVICES,S206,HOUSEKEEPING- GUARD,DETENTION AND TRANSPORTATION SERVICES
70CDCR20FR0000036,CONT_AWD_70CDCR20FR0000036_7012_HSCEDM17D00009_7012,P00005,2021-05-05,9419569.06,"THE GEO GROUP, INC.",JMLKZZ1NL2Z6,DELIVERY ORDER,U.S. Immigration and Customs Enforcement,561210,FACILITIES SUPPORT SERVICES,S206,HOUSEKEEPING- GUARD,MONTGOMERY PROCESSING CENTER (HOUSTON)
70CDCR20FC0000019,CONT_AWD_70CDCR20FC0000019_7012_70CDCR18A00000007_7012,P00003,2021-05-12,383700.0,"THE GEO GROUP, INC.",JMLKZZ1NL2Z6,BPA CALL,U.S. Immigration and Customs Enforcement,922140,CORRECTIONAL INSTITUTIONS,S206,HOUSEKEEPING- GUARD,DETAINEE BED DAYS AT THE ROBERT A. DEYTON DETENTION FACILITY
70CDCR21FR0000004,CONT_AWD_70CDCR21FR0000004_7012_70CDCR20D00000009_7012,P00003,2021-05-12,32746534.58,"THE GEO GROUP, INC.",JMLKZZ1NL2Z6,DELIVERY ORDER,U.S. Immigration and Customs Enforcement,561612,SECURITY GUARDS AND PATROL SERVICES,S206,HOUSEKEEPING- GUARD,TO ADD FUNDING FOR DETENTION AND TRANSPORTATION SERVICES IN THE LOS ANGELES AREA OF RESPONSIBILITY
70CDCR20FR0000066,CONT_AWD_70CDCR20FR0000066_7012_HSCEDM11D00003_7012,P00005,2021-05-13,6769600.0,"THE GEO GROUP, INC.",JMLKZZ1NL2Z6,DELIVERY ORDER,U.S. Immigration and Customs Enforcement,561210,FACILITIES SUPPORT SERVICES,S206,HOUSEKEEPING- GUARD,"DETENTION MANAGEMENT/MEDICAL/TRANSPORTATION FOR AURORA, CO"
70CDCR21FC0000008,CONT_AWD_70CDCR21FC0000008_7012_HSCEDM14A00001_7012,P00001,2021-05-18,714794.52,"THE GEO GROUP, INC.",JMLKZZ1NL2Z6,BPA CALL,U.S. Immigration and Customs Enforcement,922140,CORRECTIONAL INSTITUTIONS,S206,HOUSEKEEPING- GUARD,DETENTION SERVICES FOR RIO GRANDE DETENTION CENTER
HSCEDM17J00008,CONT_AWD_HSCEDM17J00008_7012_HSCEDM14A00001_7012,P00010,2021-05-24,0.0,"THE GEO GROUP, INC.",JMLKZZ1NL2Z6,BPA CALL,U.S. Immigration and Customs Enforcement,922140,CORRECTIONAL INSTITUTIONS,S206,HOUSEKEEPING- GUARD,RIO GRANDE DETENTION CENTER
70CDCR18FR0000071,CONT_AWD_70CDCR18FR0000071_7012_HSCEDM15D00006_7012,P00013,2021-05-25,0.0,"THE GEO GROUP, INC.",JMLKZZ1NL2Z6,DELIVERY ORDER,U.S. Immigration and Customs Enforcement,561210,FACILITIES SUPPORT SERVICES,S206,HOUSEKEEPING- GUARD,DETENTION SERVICES AT BROWARD TRANSITIONAL CENTER
70CDCR19FC0000008,CONT_AWD_70CDCR19FC0000008_7012_HSCEDM14A00001_7012,P00007,2021-05-25,0.0,"THE GEO GROUP, INC.",JMLKZZ1NL2Z6,BPA CALL,U.S. Immigration and Customs Enforcement,922140,CORRECTIONAL INSTITUTIONS,S206,HOUSEKEEPING- GUARD,RIO GRANDE DETENTION CENTER
HSCEDM15J00024,CONT_AWD_HSCEDM15J00024_7012_HSCEDM15D00006_7012,P00009,2021-05-25,0.0,"THE GEO GROUP, INC.",JMLKZZ1NL2Z6,DELIVERY ORDER,U.S. Immigration and Customs Enforcement,561210,FACILITIES SUPPORT SERVICES,S206,HOUSEKEEPING- GUARD,DETENTION MANAGEMENT SERVICES
HSCEDM16J00019,CONT_AWD_HSCEDM16J00019_7012_HSCEDM15D00006_7012,P00012,2021-05-26,0.0,"THE GEO GROUP, INC.",JMLKZZ1NL2Z6,DELIVERY ORDER,U.S. Immigration and Customs Enforcement,561210,FACILITIES SUPPORT SERVICES,S206,HOUSEKEEPING- GUARD,DETENTION SERVICES AT BROWARD TRANSITIONAL CENTER
HSCEDM16J00042,CONT_AWD_HSCEDM16J00042_7012_HSCEDM11D00003_7012,P00014,2021-05-26,0.0,"THE GEO GROUP, INC.",JMLKZZ1NL2Z6,DELIVERY ORDER,U.S. Immigration and Customs Enforcement,561210,FACILITIES SUPPORT SERVICES,S206,HOUSEKEEPING- GUARD,"CONTRACT DETENTION FACILITY, AURORA, COLORADO"
70CDCR18FC0000011,CONT_AWD_70CDCR18FC0000011_7012_HSCEDM14A00001_7012,P00009,2021-05-27,0.0,"THE GEO GROUP, INC.",JMLKZZ1NL2Z6,BPA CALL,U.S. Immigration and Customs Enforcement,922140,CORRECTIONAL INSTITUTIONS,S206,HOUSEKEEPING- GUARD,RIO GRANDE DETENTION CENTER
HSCEDM17J00024,CONT_AWD_HSCEDM17J00024_7012_HSCEDM15D00006_7012,P00012,2021-06-01,0.0,"THE GEO GROUP, INC.",JMLKZZ1NL2Z6,DELIVERY ORDER,U.S. Immigration and Customs Enforcement,561210,FACILITIES SUPPORT SERVICES,S206,HOUSEKEEPING- GUARD,DETENTION SERVICES AT BROWARD TRANSITIONAL CENTER
70CDCR21FC0000008,CONT_AWD_70CDCR21FC0000008_7012_HSCEDM14A00001_7012,P00002,2021-06-08,334000.0,"THE GEO GROUP, INC.",JMLKZZ1NL2Z6,BPA CALL,U.S. Immigration and Customs Enforcement,922140,CORRECTIONAL INSTITUTIONS,S206,HOUSEKEEPING- GUARD,DETENTION SERVICES FOR RIO GRANDE DETENTION CENTER
HSCEDM15F00009,CONT_AWD_HSCEDM15F00009_7012_HSCEDM09D00006_7012,P00005,2021-06-08,0.0,"THE GEO GROUP, INC.",JMLKZZ1NL2Z6,DELIVERY ORDER,U.S. Immigration and Customs Enforcement,561621,SECURITY SYSTEMS SERVICES (EXCEPT LOCKSMITHS),S206,HOUSEKEEPING- GUARD,DETENTION SERVICES AT BROWARD TRANSITIONAL SERVICES
70CDCR21FR0000003,CONT_AWD_70CDCR21FR0000003_7012_70CDCR20D00000008_7012,P00004,2021-06-17,0.0,"THE GEO GROUP, INC.",JMLKZZ1NL2Z6,DELIVERY ORDER,U.S. Immigration and Customs Enforcement,561612,SECURITY GUARDS AND PATROL SERVICES,S206,HOUSEKEEPING- GUARD,TO MOVE FUNDS TO THE SUBJECT TASK ORDER FOR DETENTION SERVICES AT MESA VERDE AND GOLDEN STATE FACILITY
HSCEDM15J00042,CONT_AWD_HSCEDM15J00042_7012_HSCEDM15D00012_7012,P00009,2021-06-17,0.0,"GEO CARE SERVICES, LLC",G6XJKMJUNB91,DELIVERY ORDER,U.S. Immigration and Customs Enforcement,624190,OTHER INDIVIDUAL AND FAMILY SERVICES,G099,SOCIAL- OTHER,TASK ORDER FOR FAMILY CASE MANAGEMENT SERVICES [MIA]
HSCEDM15J00039,CONT_AWD_HSCEDM15J00039_7012_HSCEDM15D00008_7012,P00009,2021-06-23,0.0,"GEO CARE SERVICES, LLC",G6XJKMJUNB91,DELIVERY ORDER,U.S. Immigration and Customs Enforcement,624190,OTHER INDIVIDUAL AND FAMILY SERVICES,G099,SOCIAL- OTHER,TASK ORDER FOR FAMILY CASE MANAGEMENT SERVICES [DC]
HSCEOP06J00405,CONT_AWD_HSCEOP06J00405_7012_HSCEAB04C0001_7012,P00003,2021-06-24,0.0,"THE GEO GROUP, INC.",JMLKZZ1NL2Z6,DELIVERY ORDER,U.S. Immigration and Customs Enforcement,,,S206,HOUSEKEEPING- GUARD,THE PURPOSE FOR THIS MODIFICATION IS TO CLOSEOUT THIS CONTRACT.
70CDCR20FR0000039,CONT_AWD_70CDCR20FR0000039_7012_HSCEDM15D00006_7012,P00005,2021-06-25,4993399.94,"THE GEO GROUP, INC.",JMLKZZ1NL2Z6,DELIVERY ORDER,U.S. Immigration and Customs Enforcement,561210,FACILITIES SUPPORT SERVICES,S206,HOUSEKEEPING- GUARD,SERVICES AT BROWARD TRANSITIONAL CENTER
70CDCR18FR0000009,CONT_AWD_70CDCR18FR0000009_7012_HSCEDM12D00001_7012,P00017,2021-06-28,0.0,"THE GEO GROUP, INC.",JMLKZZ1NL2Z6,DELIVERY ORDER,U.S. Immigration and Customs Enforcement,561210,FACILITIES SUPPORT SERVICES,S206,HOUSEKEEPING- GUARD,DETENTION SERVICES
70CDCR18FR0000052,CONT_AWD_70CDCR18FR0000052_7012_HSCEDM11D00003_7012,P00011,2021-06-28,0.0,"THE GEO GROUP, INC.",JMLKZZ1NL2Z6,DELIVERY ORDER,U.S. Immigration and Customs Enforcement,561210,FACILITIES SUPPORT SERVICES,S206,HOUSEKEEPING- GUARD,"DETENTION SERVICES FOR AURORA, CO CDF"
HSCEDM15J00004,CONT_AWD_HSCEDM15J00004_7012_HSCEDM12D00001_7012,P00011,2021-06-28,0.0,"THE GEO GROUP, INC.",JMLKZZ1NL2Z6,DELIVERY ORDER,U.S. Immigration and Customs Enforcement,561210,FACILITIES SUPPORT SERVICES,S206,HOUSEKEEPING- GUARD,REFERENCE SOUTH TEXAS DETENTION COMPLEX CONTRACT HSCEDM-12-D-00001 WITH THE GEO GROUP. OPTION YEAR 3
HSCEDM15J00040,CONT_AWD_HSCEDM15J00040_7012_HSCEDM15D00010_7012,P00009,2021-06-28,0.0,"GEO CARE SERVICES, LLC",G6XJKMJUNB91,DELIVERY ORDER,U.S. Immigration and Customs Enforcement,624190,OTHER INDIVIDUAL AND FAMILY SERVICES,G099,SOCIAL- OTHER,TASK ORDER FOR FAMILY CASE MANAGEMENT SERVICES [LA]
HSCEDM15J00043,CONT_AWD_HSCEDM15J00043_7012_HSCEDM15D00013_7012,P00009,2021-06-28,0.0,"GEO CARE SERVICES, LLC",G6XJKMJUNB91,DELIVERY ORDER,U.S. Immigration and Customs Enforcement,624190,OTHER INDIVIDUAL AND FAMILY SERVICES,G099,SOCIAL- OTHER,TASK ORDER FOR FAMILY CASE MANAGEMENT SERVICES [CHI]
HSCEDM17J00004,CONT_AWD_HSCEDM17J00004_7012_HSCEDM12D00001_7012,P00013,2021-06-28,0.0,"THE GEO GROUP, INC.",JMLKZZ1NL2Z6,DELIVERY ORDER,U.S. Immigration and Customs Enforcement,561210,FACILITIES SUPPORT SERVICES,S206,HOUSEKEEPING- GUARD,DETENTION SERVICES AT THE SOUTH TEXAS DETENTION CENTER
70CDCR18FR0000070,CONT_AWD_70CDCR18FR0000070_7012_HSCEDM15D00015_7012,P00010,2021-06-29,0.0,"THE GEO GROUP, INC.",JMLKZZ1NL2Z6,DELIVERY ORDER,U.S. Immigration and Customs Enforcement,561210,FACILITIES SUPPORT SERVICES,S206,HOUSEKEEPING- GUARD,"DETENTION, FOOD AND TRANSPORTAION SERVICES"
HSCEOP06J00469,CONT_AWD_HSCEOP06J00469_7012_HSACD4C0001_7012,P00003,2021-06-29,0.0,"THE GEO GROUP, INC.",JMLKZZ1NL2Z6,DELIVERY ORDER,U.S. Immigration and Customs Enforcement,561612,SECURITY GUARDS AND PATROL SERVICES,AD21,R&D- DEFENSE OTHER: SERVICES (BASIC RESEARCH),THE PURPOSE OF THIS MOD IS TO CLOSEOUT CONTRACT HSCEOP-06-J-00469
70CDCR19FC0000012,CONT_AWD_70CDCR19FC0000012_7012_70CDCR18A00000007_7012,P00001,2021-07-13,-625346.28,"THE GEO GROUP, INC.",JMLKZZ1NL2Z6,BPA CALL,U.S. Immigration and Customs Enforcement,922140,CORRECTIONAL INSTITUTIONS,S206,HOUSEKEEPING- GUARD,DETENTION SERVICES AT ROBERT A. DEYTON DETENTION FACILITY
70CDCR21FC0000011,CONT_AWD_70CDCR21FC0000011_7012_70CDCR18A00000007_7012,0,2021-07-19,100000.0,"THE GEO GROUP, INC.",JMLKZZ1NL2Z6,BPA CALL,U.S. Immigration and Customs Enforcement,922140,CORRECTIONAL INSTITUTIONS,S206,HOUSEKEEPING- GUARD,DETAINEE BED DAYS AT THE ROBERT A. DEYTON DETENTION FACILITY
70CDCR20FR0000066,CONT_AWD_70CDCR20FR0000066_7012_HSCEDM11D00003_7012,P00006,2021-07-21,32300.0,"THE GEO GROUP, INC.",JMLKZZ1NL2Z6,DELIVERY ORDER,U.S. Immigration and Customs Enforcement,561210,FACILITIES SUPPORT SERVICES,S206,HOUSEKEEPING- GUARD,"DETENTION MANAGEMENT/MEDICAL/TRANSPORTATION FOR AURORA, CO"
70CDCR20FR0000031,CONT_AWD_70CDCR20FR0000031_7012_HSCEDM15D00015_7012,P00004,2021-07-22,11820532.6,"THE GEO GROUP, INC.",JMLKZZ1NL2Z6,DELIVERY ORDER,U.S. Immigration and Customs Enforcement,561210,FACILITIES SUPPORT SERVICES,S206,HOUSEKEEPING- GUARD,"DETENTION, FOOD AND TRANSPORTATION SERVICES"
70CDCR20FR0000050,CONT_AWD_70CDCR20FR0000050_7012_70CDCR20D00000012_7012,P00006,2021-07-22,176038.0,"THE GEO GROUP, INC.",JMLKZZ1NL2Z6,DELIVERY ORDER,U.S. Immigration and Customs Enforcement,922140,CORRECTIONAL INSTITUTIONS,S206,HOUSEKEEPING- GUARD,FY20 TO FOR DETENTION AND TRANSPORTATION SERVICES - SOUTH TEXAS ICE PROCESSING CENTER (STIPC)
70CDCR21FR0000004,CONT_AWD_70CDCR21FR0000004_7012_70CDCR20D00000009_7012,P00004,2021-07-22,3389292.0,"THE GEO GROUP, INC.",JMLKZZ1NL2Z6,DELIVERY ORDER,U.S. Immigration and Customs Enforcement,561612,SECURITY GUARDS AND PATROL SERVICES,S206,HOUSEKEEPING- GUARD,TO ADD FUNDING FOR DETENTION AND TRANSPORTATION SERVICES IN THE LOS ANGELES AREA OF RESPONSIBILITY
70CDCR21FR0000044,CONT_AWD_70CDCR21FR0000044_7012_70CDCR20D00000011_7012,0,2021-07-28,52400000.0,B.I. INCORPORATED,PKK6L9KLMYR5,DELIVERY ORDER,U.S. Immigration and Customs Enforcement,561210,FACILITIES SUPPORT SERVICES,R408,SUPPORT- PROFESSIONAL: PROGRAM MANAGEMENT/SUPPORT,INTENSIVE SUPERVISION APPEARANCE PROGRAM (ISAP IV)
70CDCR20FR0000066,CONT_AWD_70CDCR20FR0000066_7012_HSCEDM11D00003_7012,P00007,2021-07-30,11463328.0,"THE GEO GROUP, INC.",JMLKZZ1NL2Z6,DELIVERY ORDER,U.S. Immigration and Customs Enforcement,561210,FACILITIES SUPPORT SERVICES,S206,HOUSEKEEPING- GUARD,"DETENTION MANAGEMENT/MEDICAL/TRANSPORTATION FOR AURORA, CO"
70CDCR21FR0000051,CONT_AWD_70CDCR21FR0000051_7012_70CDCR20D00000012_7012,0,2021-08-03,7989112.96,"THE GEO GROUP, INC.",JMLKZZ1NL2Z6,DELIVERY ORDER,U.S. Immigration and Customs Enforcement,922140,CORRECTIONAL INSTITUTIONS,S206,HOUSEKEEPING- GUARD,SOUTH TEXAS DETENTION COMPLEX NEW TASK ORDER AWARD: TBD  POP 06 AUG 2021  - 05 AUG 2022. FUNDING THROUGH 30 SEPTEMBER 2021.  COR RANDY LECOMPTE ACOR: MICHAEL SHERDIAN
70CDCR19FR0000077,CONT_AWD_70CDCR19FR0000077_7012_HSCEDM14D00004_7012,P00011,2021-08-10,-330444.53,B.I. INCORPORATED,PKK6L9KLMYR5,DELIVERY ORDER,U.S. Immigration and Customs Enforcement,561210,FACILITIES SUPPORT SERVICES,R408,SUPPORT- PROFESSIONAL: PROGRAM MANAGEMENT/SUPPORT,INTENSIVE SUPERVISION APPEARANCE PROGRAM (ISAP III) FOR ALTERNATIVES TO DETENTION
70CDCR20FR0000023,CONT_AWD_70CDCR20FR0000023_7012_70CDCR20D00000011_7012,P00007,2021-08-16,261082.39,B.I. INCORPORATED,PKK6L9KLMYR5,DELIVERY ORDER,U.S. Immigration and Customs Enforcement,561210,FACILITIES SUPPORT SERVICES,R408,SUPPORT- PROFESSIONAL: PROGRAM MANAGEMENT/SUPPORT,INTENSIVE SUPERVISION APPEARANCE PROGRAM (ISAP IV)
70CDCR21FR0000057,CONT_AWD_70CDCR21FR0000057_7012_HSCEDM17D00009_7012,0,2021-08-17,4511235.78,"THE GEO GROUP, INC.",JMLKZZ1NL2Z6,DELIVERY ORDER,U.S. Immigration and Customs Enforcement,561210,FACILITIES SUPPORT SERVICES,S206,HOUSEKEEPING- GUARD,MONTGOMERY PROCESSING CENTER DETENTION SERVICES
70CDCR18FR0000125,CONT_AWD_70CDCR18FR0000125_7012_HSCEDM17D00009_7012,P00001,2021-08-20,0.0,"THE GEO GROUP, INC.",JMLKZZ1NL2Z6,DELIVERY ORDER,U.S. Immigration and Customs Enforcement,561210,FACILITIES SUPPORT SERVICES,S206,HOUSEKEEPING- GUARD,PROCURE SUPPLIES/EQUIPMENT FOR MONTGOMERY PROCESSING CENTER IHSC MEDICAL AND DENTAL CLINICS
70CDCR21FC0000011,CONT_AWD_70CDCR21FC0000011_7012_70CDCR18A00000007_7012,P00001,2021-08-20,0.0,"THE GEO GROUP, INC.",JMLKZZ1NL2Z6,BPA CALL,U.S. Immigration and Customs Enforcement,922140,CORRECTIONAL INSTITUTIONS,S206,HOUSEKEEPING- GUARD,DETAINEE BED DAYS AT THE ROBERT A. DEYTON DETENTION FACILITY
70CDCR21FR0000044,CONT_AWD_70CDCR21FR0000044_7012_70CDCR20D00000011_7012,P00001,2021-08-27,15583727.0,B.I. INCORPORATED,PKK6L9KLMYR5,DELIVERY ORDER,U.S. Immigration and Customs Enforcement,561210,FACILITIES SUPPORT SERVICES,R408,SUPPORT- PROFESSIONAL: PROGRAM MANAGEMENT/SUPPORT,INTENSIVE SUPERVISION APPEARANCE PROGRAM (ISAP IV)
70CDCR21FR0000059,CONT_AWD_70CDCR21FR0000059_7012_70CDCR21D00000004_7012,0,2021-08-30,3059259.75,"THE GEO GROUP, INC.",JMLKZZ1NL2Z6,DELIVERY ORDER,U.S. Immigration and Customs Enforcement,561612,SECURITY GUARDS AND PATROL SERVICES,S206,HOUSEKEEPING- GUARD,MIA AOR IMMIGRATION DETENTION AND TRANSPORTATION SERVICES
70CDCR21FC0000008,CONT_AWD_70CDCR21FC0000008_7012_HSCEDM14A00001_7012,P00003,2021-09-01,899983.4,"THE GEO GROUP, INC.",JMLKZZ1NL2Z6,BPA CALL,U.S. Immigration and Customs Enforcement,922140,CORRECTIONAL INSTITUTIONS,S206,HOUSEKEEPING- GUARD,DETENTION SERVICES FOR RIO GRANDE DETENTION CENTER
70CDCR20FR0000039,CONT_AWD_70CDCR20FR0000039_7012_HSCEDM15D00006_7012,P00006,2021-09-02,684724.56,"THE GEO GROUP, INC.",JMLKZZ1NL2Z6,DELIVERY ORDER,U.S. Immigration and Customs Enforcement,561210,FACILITIES SUPPORT SERVICES,S206,HOUSEKEEPING- GUARD,SERVICES AT BROWARD TRANSITIONAL CENTER
70CDCR21FR0000003,CONT_AWD_70CDCR21FR0000003_7012_70CDCR20D00000008_7012,P00005,2021-09-02,7768990.66,"THE GEO GROUP, INC.",JMLKZZ1NL2Z6,DELIVERY ORDER,U.S. Immigration and Customs Enforcement,561612,SECURITY GUARDS AND PATROL SERVICES,S206,HOUSEKEEPING- GUARD,INCREASE AVAILABLE FUNDS ON THE SUBJECT TASK ORDER FOR DETENTION SERVICES AT MESA VERDE AND GOLDEN STATE FACILITY
70CDCR21FR0000044,CONT_AWD_70CDCR21FR0000044_7012_70CDCR20D00000011_7012,P00002,2021-09-03,75000000.0,B.I. INCORPORATED,PKK6L9KLMYR5,DELIVERY ORDER,U.S. Immigration and Customs Enforcement,561210,FACILITIES SUPPORT SERVICES,R408,SUPPORT- PROFESSIONAL: PROGRAM MANAGEMENT/SUPPORT,INTENSIVE SUPERVISION APPEARANCE PROGRAM (ISAP IV)
70CDCR21FR0000051,CONT_AWD_70CDCR21FR0000051_7012_70CDCR20D00000012_7012,P00001,2021-09-13,50000.0,"THE GEO GROUP, INC.",JMLKZZ1NL2Z6,DELIVERY ORDER,U.S. Immigration and Customs Enforcement,922140,CORRECTIONAL INSTITUTIONS,S206,HOUSEKEEPING- GUARD,SOUTH TEXAS DETENTION COMPLEX NEW TASK ORDER AWARD: TBD  POP 06 AUG 2021  - 05 AUG 2022. FUNDING THROUGH 30 SEPTEMBER 2021.  COR RANDY LECOMPTE ACOR: MICHAEL SHERDIAN
70CDCR20FR0000036,CONT_AWD_70CDCR20FR0000036_7012_HSCEDM17D00009_7012,P00006,2021-09-15,900351.88,"THE GEO GROUP, INC.",JMLKZZ1NL2Z6,DELIVERY ORDER,U.S. Immigration and Customs Enforcement,561210,FACILITIES SUPPORT SERVICES,S206,HOUSEKEEPING- GUARD,MONTGOMERY PROCESSING CENTER (HOUSTON)
70CDCR21FC0000008,CONT_AWD_70CDCR21FC0000008_7012_HSCEDM14A00001_7012,P00004,2021-09-15,777015.8,"THE GEO GROUP, INC.",JMLKZZ1NL2Z6,BPA CALL,U.S. Immigration and Customs Enforcement,922140,CORRECTIONAL INSTITUTIONS,S206,HOUSEKEEPING- GUARD,DETENTION SERVICES FOR RIO GRANDE DETENTION CENTER
70CDCR21FR0000004,CONT_AWD_70CDCR21FR0000004_7012_70CDCR20D00000009_7012,P00005,2021-09-15,20893879.88,"THE GEO GROUP, INC.",JMLKZZ1NL2Z6,DELIVERY ORDER,U.S. Immigration and Customs Enforcement,561612,SECURITY GUARDS AND PATROL SERVICES,S206,HOUSEKEEPING- GUARD,TO ADD FUNDING FOR DETENTION AND TRANSPORTATION SERVICES IN THE LOS ANGELES AREA OF RESPONSIBILITY
70CDCR20FR0000031,CONT_AWD_70CDCR20FR0000031_7012_HSCEDM15D00015_7012,P00005,2021-09-17,3371884.0,"THE GEO GROUP, INC.",JMLKZZ1NL2Z6,DELIVERY ORDER,U.S. Immigration and Customs Enforcement,561210,FACILITIES SUPPORT SERVICES,S206,HOUSEKEEPING- GUARD,"DETENTION, FOOD AND TRANSPORTATION SERVICES"
70CDCR20FR0000066,CONT_AWD_70CDCR20FR0000066_7012_HSCEDM11D00003_7012,P00008,2021-09-17,4314400.0,"THE GEO GROUP, INC.",JMLKZZ1NL2Z6,DELIVERY ORDER,U.S. Immigration and Customs Enforcement,561210,FACILITIES SUPPORT SERVICES,S206,HOUSEKEEPING- GUARD,"DETENTION MANAGEMENT/MEDICAL/TRANSPORTATION FOR AURORA, CO"
70CDCR21FR0000044,CONT_AWD_70CDCR21FR0000044_7012_70CDCR20D00000011_7012,P00003,2021-09-17,98500000.0,B.I. INCORPORATED,PKK6L9KLMYR5,DELIVERY ORDER,U.S. Immigration and Customs Enforcement,561210,FACILITIES SUPPORT SERVICES,R408,SUPPORT- PROFESSIONAL: PROGRAM MANAGEMENT/SUPPORT,INTENSIVE SUPERVISION APPEARANCE PROGRAM (ISAP IV)
70CDCR21FR0000057,CONT_AWD_70CDCR21FR0000057_7012_HSCEDM17D00009_7012,P00001,2021-09-17,400039.28,"THE GEO GROUP, INC.",JMLKZZ1NL2Z6,DELIVERY ORDER,U.S. Immigration and Customs Enforcement,561210,FACILITIES SUPPORT SERVICES,S206,HOUSEKEEPING- GUARD,MONTGOMERY PROCESSING CENTER DETENTION SERVICES
70CDCR20FR0000031,CONT_AWD_70CDCR20FR0000031_7012_HSCEDM15D00015_7012,P00006,2021-09-20,200000.0,"THE GEO GROUP, INC.",JMLKZZ1NL2Z6,DELIVERY ORDER,U.S. Immigration and Customs Enforcement,561210,FACILITIES SUPPORT SERVICES,S206,HOUSEKEEPING- GUARD,"DETENTION, FOOD AND TRANSPORTATION SERVICES"
70CDCR21FC0000008,CONT_AWD_70CDCR21FC0000008_7012_HSCEDM14A00001_7012,P00005,2021-09-21,400029.2,"THE GEO GROUP, INC.",JMLKZZ1NL2Z6,BPA CALL,U.S. Immigration and Customs Enforcement,922140,CORRECTIONAL INSTITUTIONS,S206,HOUSEKEEPING- GUARD,DETENTION SERVICES FOR RIO GRANDE DETENTION CENTER
70CDCR21FR0000059,CONT_AWD_70CDCR21FR0000059_7012_70CDCR21D00000004_7012,P00001,2021-09-21,300000.0,"THE GEO GROUP, INC.",JMLKZZ1NL2Z6,DELIVERY ORDER,U.S. Immigration and Customs Enforcement,561612,SECURITY GUARDS AND PATROL SERVICES,S206,HOUSEKEEPING- GUARD,MIA AOR IMMIGRATION DETENTION AND TRANSPORTATION SERVICES
70CDCR21C00000005,CONT_AWD_70CDCR21C00000005_7012_-NONE-_-NONE-,0,2021-09-22,7879480.0,"GEO TRANSPORT, INC.",DFEKRCYPZD84,DEFINITIVE CONTRACT,U.S. Immigration and Customs Enforcement,481211,NONSCHEDULED CHARTERED PASSENGER AIR TRANSPORTATION,V211,TRANSPORTATION/TRAVEL/RELOCATION- TRAVEL/LODGING/RECRUITMENT: AIR PASSENGER,EMERGENCY HAITIAN MIGRANTS FLIGHT SERVICES
70CDCR21FR0000051,CONT_AWD_70CDCR21FR0000051_7012_70CDCR20D00000012_7012,P00002,2021-09-22,500000.0,"THE GEO GROUP, INC.",JMLKZZ1NL2Z6,DELIVERY ORDER,U.S. Immigration and Customs Enforcement,922140,CORRECTIONAL INSTITUTIONS,S206,HOUSEKEEPING- GUARD,SOUTH TEXAS DETENTION COMPLEX NEW TASK ORDER AWARD: TBD  POP 06 AUG 2021  - 05 AUG 2022. FUNDING THROUGH 30 SEPTEMBER 2021.  COR RANDY LECOMPTE ACOR: MICHAEL SHERDIAN
70CDCR21FR0000057,CONT_AWD_70CDCR21FR0000057_7012_HSCEDM17D00009_7012,P00002,2021-09-22,0.0,"THE GEO GROUP, INC.",JMLKZZ1NL2Z6,DELIVERY ORDER,U.S. Immigration and Customs Enforcement,561210,FACILITIES SUPPORT SERVICES,S206,HOUSEKEEPING- GUARD,MONTGOMERY PROCESSING CENTER DETENTION SERVICES
70CDCR21FR0000073,CONT_AWD_70CDCR21FR0000073_7012_HSCEDM15D00015_7012,0,2021-09-24,5516875.13,"THE GEO GROUP, INC.",JMLKZZ1NL2Z6,DELIVERY ORDER,U.S. Immigration and Customs Enforcement,561210,FACILITIES SUPPORT SERVICES,S206,HOUSEKEEPING- GUARD,DETENTION AND TRANSPORTATION SERVICES NORTHWEST DETENTION CENTER TACOMA
70CDCR21FR0000051,CONT_AWD_70CDCR21FR0000051_7012_70CDCR20D00000012_7012,P00003,2021-09-29,4280383.0,"THE GEO GROUP, INC.",JMLKZZ1NL2Z6,DELIVERY ORDER,U.S. Immigration and Customs Enforcement,922140,CORRECTIONAL INSTITUTIONS,S206,HOUSEKEEPING- GUARD,SOUTH TEXAS DETENTION COMPLEX NEW TASK ORDER AWARD: TBD  POP 06 AUG 2021  - 05 AUG 2022. FUNDING THROUGH 30 SEPTEMBER 2021.  COR RANDY LECOMPTE ACOR: MICHAEL SHERDIAN
70CDCR21FR0000044,CONT_AWD_70CDCR21FR0000044_7012_70CDCR20D00000011_7012,P00004,2021-09-30,14968572.86,B.I. INCORPORATED,PKK6L9KLMYR5,DELIVERY ORDER,U.S. Immigration and Customs Enforcement,561210,FACILITIES SUPPORT SERVICES,R408,SUPPORT- PROFESSIONAL: PROGRAM MANAGEMENT/SUPPORT,INTENSIVE SUPERVISION APPEARANCE PROGRAM (ISAP IV)
70CDCR22FR0000001,CONT_AWD_70CDCR22FR0000001_7012_70CDCR22D00000001_7012,0,2021-10-19,11212089.84,"THE GEO GROUP, INC.",JMLKZZ1NL2Z6,DELIVERY ORDER,U.S. Immigration and Customs Enforcement,561210,FACILITIES SUPPORT SERVICES,S206,HOUSEKEEPING- GUARD,"DETENTION, TRANSPORTATION AND MEDICAL SERVICES FOR DENVER (AURORA) CONTRACT DETENTION FACILITY"
70CDCR22FR0000002,CONT_AWD_70CDCR22FR0000002_7012_HSCEDM15D00015_7012,0,2021-10-27,11166087.74,"THE GEO GROUP, INC.",JMLKZZ1NL2Z6,DELIVERY ORDER,U.S. Immigration and Customs Enforcement,561210,FACILITIES SUPPORT SERVICES,S206,HOUSEKEEPING- GUARD,DETENTION AND TRANSPORTATION SERVICES NORTHWEST DETENTION CENTER TACOMA
70CDCR22FR0000003,CONT_AWD_70CDCR22FR0000003_7012_15M40018DA3500001_1544,0,2021-11-03,500.4,"THE GEO GROUP, INC.",JMLKZZ1NL2Z6,DELIVERY ORDER,U.S. Immigration and Customs Enforcement,561210,FACILITIES SUPPORT SERVICES,S206,HOUSEKEEPING- GUARD,DETENTION AND GUARD SERVICES
70CDCR21P00000004,CONT_AWD_70CDCR21P00000004_7012_-NONE-_-NONE-,P00001,2021-11-09,3213.3,"THE GEO GROUP, INC.",JMLKZZ1NL2Z6,PURCHASE ORDER,U.S. Immigration and Customs Enforcement,925110,ADMINISTRATION OF HOUSING PROGRAMS,R429,SUPPORT- PROFESSIONAL: EMERGENCY RESPONSE/DISASTER PLANNING/PREPAREDNESS SUPPORT,DETAINEE HOUSING COST FOR EMERGENCY SITUATION-INCLEMENT WEATHER
70CDCR21FR0000057,CONT_AWD_70CDCR21FR0000057_7012_HSCEDM17D00009_7012,P00003,2021-11-10,2715137.62,"THE GEO GROUP, INC.",JMLKZZ1NL2Z6,DELIVERY ORDER,U.S. Immigration and Customs Enforcement,561210,FACILITIES SUPPORT SERVICES,S206,HOUSEKEEPING- GUARD,MONTGOMERY PROCESSING CENTER DETENTION SERVICES
70CDCR21FC0000011,CONT_AWD_70CDCR21FC0000011_7012_70CDCR18A00000007_7012,P00002,2021-11-15,182100.0,"THE GEO GROUP, INC.",JMLKZZ1NL2Z6,BPA CALL,U.S. Immigration and Customs Enforcement,922140,CORRECTIONAL INSTITUTIONS,S206,HOUSEKEEPING- GUARD,DETAINEE BED DAYS AT THE ROBERT A. DEYTON DETENTION FACILITY
70CDCR21FR0000004,CONT_AWD_70CDCR21FR0000004_7012_70CDCR20D00000009_7012,P00006,2021-11-22,8977900.0,"THE GEO GROUP, INC.",JMLKZZ1NL2Z6,DELIVERY ORDER,U.S. Immigration and Customs Enforcement,561612,SECURITY GUARDS AND PATROL SERVICES,S206,HOUSEKEEPING- GUARD,TO ADD FUNDING FOR DETENTION AND TRANSPORTATION SERVICES IN THE LOS ANGELES AREA OF RESPONSIBILITY
70CDCR21FR0000003,CONT_AWD_70CDCR21FR0000003_7012_70CDCR20D00000008_7012,P00006,2021-11-23,8608698.45,"THE GEO GROUP, INC.",JMLKZZ1NL2Z6,DELIVERY ORDER,U.S. Immigration and Customs Enforcement,561612,SECURITY GUARDS AND PATROL SERVICES,S206,HOUSEKEEPING- GUARD,INCREASE AVAILABLE FUNDS ON THE SUBJECT TASK ORDER FOR DETENTION SERVICES AT MESA VERDE AND GOLDEN STATE FACILITY
70CDCR21FR0000059,CONT_AWD_70CDCR21FR0000059_7012_70CDCR21D00000004_7012,P00002,2021-11-23,4907300.0,"THE GEO GROUP, INC.",JMLKZZ1NL2Z6,DELIVERY ORDER,U.S. Immigration and Customs Enforcement,561612,SECURITY GUARDS AND PATROL SERVICES,S206,HOUSEKEEPING- GUARD,MIA AOR IMMIGRATION DETENTION AND TRANSPORTATION SERVICES
70CDCR21FR0000004,CONT_AWD_70CDCR21FR0000004_7012_70CDCR20D00000009_7012,P00007,2021-11-24,9135300.0,"THE GEO GROUP, INC.",JMLKZZ1NL2Z6,DELIVERY ORDER,U.S. Immigration and Customs Enforcement,561612,SECURITY GUARDS AND PATROL SERVICES,S206,HOUSEKEEPING- GUARD,TO ADD FUNDING FOR DETENTION AND TRANSPORTATION SERVICES IN THE LOS ANGELES AREA OF RESPONSIBILITY
70CDCR21FR0000057,CONT_AWD_70CDCR21FR0000057_7012_HSCEDM17D00009_7012,P00004,2021-11-24,2721193.62,"THE GEO GROUP, INC.",JMLKZZ1NL2Z6,DELIVERY ORDER,U.S. Immigration and Customs Enforcement,561210,FACILITIES SUPPORT SERVICES,S206,HOUSEKEEPING- GUARD,MONTGOMERY PROCESSING CENTER DETENTION SERVICES
70CDCR21FR0000051,CONT_AWD_70CDCR21FR0000051_7012_70CDCR20D00000012_7012,P00004,2021-11-29,3818012.99,"THE GEO GROUP, INC.",JMLKZZ1NL2Z6,DELIVERY ORDER,U.S. Immigration and Customs Enforcement,922140,CORRECTIONAL INSTITUTIONS,S206,HOUSEKEEPING- GUARD,SOUTH TEXAS DETENTION COMPLEX FUNDING
70CDCR22FR0000002,CONT_AWD_70CDCR22FR0000002_7012_HSCEDM15D00015_7012,P00001,2021-12-01,0.0,"THE GEO GROUP, INC.",JMLKZZ1NL2Z6,DELIVERY ORDER,U.S. Immigration and Customs Enforcement,561210,FACILITIES SUPPORT SERVICES,S206,HOUSEKEEPING- GUARD,DETENTION AND TRANSPORTATION SERVICES NORTHWEST DETENTION CENTER TACOMA
70CDCR21FC0000008,CONT_AWD_70CDCR21FC0000008_7012_HSCEDM14A00001_7012,P00006,2021-12-06,596087.6,"THE GEO GROUP, INC.",JMLKZZ1NL2Z6,BPA CALL,U.S. Immigration and Customs Enforcement,922140,CORRECTIONAL INSTITUTIONS,S206,HOUSEKEEPING- GUARD,DETENTION SERVICES FOR RIO GRANDE DETENTION CENTER
70CDCR21FR0000057,CONT_AWD_70CDCR21FR0000057_7012_HSCEDM17D00009_7012,P00005,2021-12-07,2747927.41,"THE GEO GROUP, INC.",JMLKZZ1NL2Z6,DELIVERY ORDER,U.S. Immigration and Customs Enforcement,561210,FACILITIES SUPPORT SERVICES,S206,HOUSEKEEPING- GUARD,MONTGOMERY PROCESSING CENTER DETENTION SERVICES
70CDCR21FR0000057,CONT_AWD_70CDCR21FR0000057_7012_HSCEDM17D00009_7012,P00006,2021-12-07,0.0,"THE GEO GROUP, INC.",JMLKZZ1NL2Z6,DELIVERY ORDER,U.S. Immigration and Customs Enforcement,561210,FACILITIES SUPPORT SERVICES,S206,HOUSEKEEPING- GUARD,MONTGOMERY PROCESSING CENTER DETENTION SERVICES
70CDCR21FR0000003,CONT_AWD_70CDCR21FR0000003_7012_70CDCR20D00000008_7012,P00007,2021-12-09,2799467.0,"THE GEO GROUP, INC.",JMLKZZ1NL2Z6,DELIVERY ORDER,U.S. Immigration and Customs Enforcement,561612,SECURITY GUARDS AND PATROL SERVICES,S206,HOUSEKEEPING- GUARD,INCREASE AVAILABLE FUNDS ON THE SUBJECT TASK ORDER FOR DETENTION SERVICES AT MESA VERDE AND GOLDEN STATE FACILITY
70CDCR21FR0000004,CONT_AWD_70CDCR21FR0000004_7012_70CDCR20D00000009_7012,P00008,2021-12-09,6137300.0,"THE GEO GROUP, INC.",JMLKZZ1NL2Z6,DELIVERY ORDER,U.S. Immigration and Customs Enforcement,561612,SECURITY GUARDS AND PATROL SERVICES,S206,HOUSEKEEPING- GUARD,TO ADD FUNDING FOR DETENTION SERVICES IN THE LOS ANGELES AREA OF RESPONSIBILITY
70CDCR21FR0000059,CONT_AWD_70CDCR21FR0000059_7012_70CDCR21D00000004_7012,P00003,2021-12-14,2254100.0,"THE GEO GROUP, INC.",JMLKZZ1NL2Z6,DELIVERY ORDER,U.S. Immigration and Customs Enforcement,561612,SECURITY GUARDS AND PATROL SERVICES,S206,HOUSEKEEPING- GUARD,MIA AOR IMMIGRATION DETENTION AND TRANSPORTATION SERVICES
70CDCR22FR0000002,CONT_AWD_70CDCR22FR0000002_7012_HSCEDM15D00015_7012,P00002,2021-12-15,245936.16,"THE GEO GROUP, INC.",JMLKZZ1NL2Z6,DELIVERY ORDER,U.S. Immigration and Customs Enforcement,561210,FACILITIES SUPPORT SERVICES,S206,HOUSEKEEPING- GUARD,INCREASING BED DAY AND MEAL FUNDING FOR DETENTION AND TRANSPORTATION SERVICES NORTHWEST DETENTION CENTER TACOMA
70CDCR20FC0000013,CONT_AWD_70CDCR20FC0000013_7012_HSCEDM14A00001_7012,P00008,2021-12-16,-107601.13,"THE GEO GROUP, INC.",JMLKZZ1NL2Z6,BPA CALL,U.S. Immigration and Customs Enforcement,922140,CORRECTIONAL INSTITUTIONS,S206,HOUSEKEEPING- GUARD,RIO GRANDE DETENTION CENTER SERVICES
70CDCR21FR0000057,CONT_AWD_70CDCR21FR0000057_7012_HSCEDM17D00009_7012,P00007,2021-12-20,486400.0,"THE GEO GROUP, INC.",JMLKZZ1NL2Z6,DELIVERY ORDER,U.S. Immigration and Customs Enforcement,561210,FACILITIES SUPPORT SERVICES,S206,HOUSEKEEPING- GUARD,MONTGOMERY PROCESSING CENTER DETENTION SERVICES
70CDCR22FR0000010,CONT_AWD_70CDCR22FR0000010_7012_70CDCR20D00000009_7012,0,2021-12-20,8190496.19,"THE GEO GROUP, INC.",JMLKZZ1NL2Z6,DELIVERY ORDER,U.S. Immigration and Customs Enforcement,561612,SECURITY GUARDS AND PATROL SERVICES,S206,HOUSEKEEPING- GUARD,TASK ORDER TO PROVIDE DETENTION SERVICES IN LOS ANGELES AREA OF RESPONSIBILITY
70CDCR22FR0000012,CONT_AWD_70CDCR22FR0000012_7012_70CDCR20D00000008_7012,0,2021-12-20,4645599.4,"THE GEO GROUP, INC.",JMLKZZ1NL2Z6,DELIVERY ORDER,U.S. Immigration and Customs Enforcement,561612,SECURITY GUARDS AND PATROL SERVICES,S206,HOUSEKEEPING- GUARD,"TASK ORDER FOR DETENTION SERVICES AT MESA VERDE AND GOLDEN STATE FACILITIES, CA"
70CDCR21FR0000044,CONT_AWD_70CDCR21FR0000044_7012_70CDCR20D00000011_7012,P00005,2021-12-21,0.0,B.I. INCORPORATED,PKK6L9KLMYR5,DELIVERY ORDER,U.S. Immigration and Customs Enforcement,561210,FACILITIES SUPPORT SERVICES,R408,SUPPORT- PROFESSIONAL: PROGRAM MANAGEMENT/SUPPORT,INTENSIVE SUPERVISION APPEARANCE PROGRAM (ISAP IV)
70CDCR21FR0000051,CONT_AWD_70CDCR21FR0000051_7012_70CDCR20D00000012_7012,P00005,2021-12-21,4424933.0,"THE GEO GROUP, INC.",JMLKZZ1NL2Z6,DELIVERY ORDER,U.S. Immigration and Customs Enforcement,922140,CORRECTIONAL INSTITUTIONS,S206,HOUSEKEEPING- GUARD,SOUTH TEXAS DETENTION COMPLEX FUNDING
70CDCR22FR0000002,CONT_AWD_70CDCR22FR0000002_7012_HSCEDM15D00015_7012,P00003,2021-12-22,204099.18,"THE GEO GROUP, INC.",JMLKZZ1NL2Z6,DELIVERY ORDER,U.S. Immigration and Customs Enforcement,561210,FACILITIES SUPPORT SERVICES,S206,HOUSEKEEPING- GUARD,INCREASING BED DAY GM AND REMOTE POST FUNDING FOR DETENTION AND TRANSPORTATION SERVICES NORTHWEST DETENTION CENTER TACOMA
70CDCR21FR0000059,CONT_AWD_70CDCR21FR0000059_7012_70CDCR21D00000004_7012,P00004,2022-01-03,511100.0,"THE GEO GROUP, INC.",JMLKZZ1NL2Z6,DELIVERY ORDER,U.S. Immigration and Customs Enforcement,561612,SECURITY GUARDS AND PATROL SERVICES,S206,HOUSEKEEPING- GUARD,MIA AOR IMMIGRATION DETENTION AND TRANSPORTATION SERVICES
70CDCR21FC0000008,CONT_AWD_70CDCR21FC0000008_7012_HSCEDM14A00001_7012,P00007,2022-01-18,0.0,"THE GEO GROUP, INC.",JMLKZZ1NL2Z6,BPA CALL,U.S. Immigration and Customs Enforcement,922140,CORRECTIONAL INSTITUTIONS,S206,HOUSEKEEPING- GUARD,DETENTION SERVICES FOR RIO GRANDE DETENTION CENTER
70CDCR21FR0000059,CONT_AWD_70CDCR21FR0000059_7012_70CDCR21D00000004_7012,P00005,2022-01-20,3372800.0,"THE GEO GROUP, INC.",JMLKZZ1NL2Z6,DELIVERY ORDER,U.S. Immigration and Customs Enforcement,561612,SECURITY GUARDS AND PATROL SERVICES,S206,HOUSEKEEPING- GUARD,MIA AOR IMMIGRATION DETENTION AND TRANSPORTATION SERVICES
70CDCR22FR0000001,CONT_AWD_70CDCR22FR0000001_7012_70CDCR22D00000001_7012,P00001,2022-01-20,3731332.32,"THE GEO GROUP, INC.",JMLKZZ1NL2Z6,DELIVERY ORDER,U.S. Immigration and Customs Enforcement,561210,FACILITIES SUPPORT SERVICES,S206,HOUSEKEEPING- GUARD,"DETENTION, TRANSPORTATION AND MEDICAL SERVICES FOR DENVER (AURORA) CONTRACT DETENTION FACILITY"
70CDCR22FR0000012,CONT_AWD_70CDCR22FR0000012_7012_70CDCR20D00000008_7012,P00001,2022-01-24,3429499.72,"THE GEO GROUP, INC.",JMLKZZ1NL2Z6,DELIVERY ORDER,U.S. Immigration and Customs Enforcement,561612,SECURITY GUARDS AND PATROL SERVICES,S206,HOUSEKEEPING- GUARD,INCREMENTALLY FUNDING FOR DETENTION SERVICES AT MESA VERDE AND GOLDEN STATE FACILITIES.
70CDCR21FR0000051,CONT_AWD_70CDCR21FR0000051_7012_70CDCR20D00000012_7012,P00006,2022-01-26,4511822.15,"THE GEO GROUP, INC.",JMLKZZ1NL2Z6,DELIVERY ORDER,U.S. Immigration and Customs Enforcement,922140,CORRECTIONAL INSTITUTIONS,S206,HOUSEKEEPING- GUARD,SOUTH TEXAS DETENTION COMPLEX FUNDING
70CDCR22FR0000002,CONT_AWD_70CDCR22FR0000002_7012_HSCEDM15D00015_7012,P00004,2022-01-26,10244149.02,"THE GEO GROUP, INC.",JMLKZZ1NL2Z6,DELIVERY ORDER,U.S. Immigration and Customs Enforcement,561210,FACILITIES SUPPORT SERVICES,S206,HOUSEKEEPING- GUARD,"FUNDING FOR BED DAY GM, TRANSPORTATION, FUEL, REMOTE POST, AND SNACKS FOR NORTHWEST DETENTION CENTER TACOMA"
70CDCR22FR0000010,CONT_AWD_70CDCR22FR0000010_7012_70CDCR20D00000009_7012,P00001,2022-01-26,8502509.88,"THE GEO GROUP, INC.",JMLKZZ1NL2Z6,DELIVERY ORDER,U.S. Immigration and Customs Enforcement,561612,SECURITY GUARDS AND PATROL SERVICES,S206,HOUSEKEEPING- GUARD,TO ADD FUNDING FOR DETENTION SERVICES IN THE LOS ANGELES AREA OF RESPONSIBILITY
70CDCR21FC0000008,CONT_AWD_70CDCR21FC0000008_7012_HSCEDM14A00001_7012,P00008,2022-01-27,363215.4,"THE GEO GROUP, INC.",JMLKZZ1NL2Z6,BPA CALL,U.S. Immigration and Customs Enforcement,922140,CORRECTIONAL INSTITUTIONS,S206,HOUSEKEEPING- GUARD,DETENTION SERVICES FOR RIO GRANDE DETENTION CENTER
70CDCR21FR0000057,CONT_AWD_70CDCR21FR0000057_7012_HSCEDM17D00009_7012,P00008,2022-01-27,3336795.7,"THE GEO GROUP, INC.",JMLKZZ1NL2Z6,DELIVERY ORDER,U.S. Immigration and Customs Enforcement,561210,FACILITIES SUPPORT SERVICES,S206,HOUSEKEEPING- GUARD,MONTGOMERY PROCESSING CENTER DETENTION SERVICES
70CDCR20FC0000019,CONT_AWD_70CDCR20FC0000019_7012_70CDCR18A00000007_7012,P00004,2022-02-09,-204863.43,"THE GEO GROUP, INC.",JMLKZZ1NL2Z6,BPA CALL,U.S. Immigration and Customs Enforcement,922140,CORRECTIONAL INSTITUTIONS,S206,HOUSEKEEPING- GUARD,DETAINEE BED DAYS AT THE ROBERT A. DEYTON DETENTION FACILITY
70CDCR22FR0000002,CONT_AWD_70CDCR22FR0000002_7012_HSCEDM15D00015_7012,P00005,2022-02-17,2811629.73,"THE GEO GROUP, INC.",JMLKZZ1NL2Z6,DELIVERY ORDER,U.S. Immigration and Customs Enforcement,561210,FACILITIES SUPPORT SERVICES,S206,HOUSEKEEPING- GUARD,"FUNDING FOR BED DAY GM, TRANSPORTATION, FUEL, AND REMOTE POST FOR NORTHWEST DETENTION CENTER TACOMA"
70CDCR21FR0000059,CONT_AWD_70CDCR21FR0000059_7012_70CDCR21D00000004_7012,P00006,2022-02-18,3071600.0,"THE GEO GROUP, INC.",JMLKZZ1NL2Z6,DELIVERY ORDER,U.S. Immigration and Customs Enforcement,561612,SECURITY GUARDS AND PATROL SERVICES,S206,HOUSEKEEPING- GUARD,MIA AOR IMMIGRATION DETENTION AND TRANSPORTATION SERVICES
70CDCR21FR0000001,CONT_AWD_70CDCR21FR0000001_7012_15M40018DA3500001_1544,P00001,2022-02-28,-1884.84,"THE GEO GROUP, INC.",JMLKZZ1NL2Z6,DELIVERY ORDER,U.S. Immigration and Customs Enforcement,561210,FACILITIES SUPPORT SERVICES,S206,HOUSEKEEPING- GUARD,CLOSEOUT TASK ORDER FOR DETENTION AND GUARD SERVICES
70CDCR21FR0000003,CONT_AWD_70CDCR21FR0000003_7012_70CDCR20D00000008_7012,P00008,2022-02-28,-481271.74,"THE GEO GROUP, INC.",JMLKZZ1NL2Z6,DELIVERY ORDER,U.S. Immigration and Customs Enforcement,561612,SECURITY GUARDS AND PATROL SERVICES,S206,HOUSEKEEPING- GUARD,DEOBLIGATION AND CLOSEOUT
70CDCR22FR0000001,CONT_AWD_70CDCR22FR0000001_7012_70CDCR22D00000001_7012,P00002,2022-02-28,3670393.34,"THE GEO GROUP, INC.",JMLKZZ1NL2Z6,DELIVERY ORDER,U.S. Immigration and Customs Enforcement,561210,FACILITIES SUPPORT SERVICES,S206,HOUSEKEEPING- GUARD,"INCREMENTAL FUNDING FOR DETENTION, TRANSPORTATION AND MEDICAL SERVICES FOR DENVER (AURORA) CONTRACT DETENTION FACILITY"
70CDCR21FR0000051,CONT_AWD_70CDCR21FR0000051_7012_70CDCR20D00000012_7012,P00007,2022-03-01,4260832.54,"THE GEO GROUP, INC.",JMLKZZ1NL2Z6,DELIVERY ORDER,U.S. Immigration and Customs Enforcement,922140,CORRECTIONAL INSTITUTIONS,S206,HOUSEKEEPING- GUARD,SOUTH TEXAS DETENTION COMPLEX FUNDING
70CDCR22FR0000012,CONT_AWD_70CDCR22FR0000012_7012_70CDCR20D00000008_7012,P00002,2022-03-01,6858915.78,"THE GEO GROUP, INC.",JMLKZZ1NL2Z6,DELIVERY ORDER,U.S. Immigration and Customs Enforcement,561612,SECURITY GUARDS AND PATROL SERVICES,S206,HOUSEKEEPING- GUARD,INCREMENTAL FUNDING FOR DETENTION SERVICES AT MESA VERDE AND GOLDEN STATE FACILITIES.
70CDCR21FR0000057,CONT_AWD_70CDCR21FR0000057_7012_HSCEDM17D00009_7012,P00009,2022-03-02,3429052.43,"THE GEO GROUP, INC.",JMLKZZ1NL2Z6,DELIVERY ORDER,U.S. Immigration and Customs Enforcement,561210,FACILITIES SUPPORT SERVICES,S206,HOUSEKEEPING- GUARD,MONTGOMERY PROCESSING CENTER DETENTION SERVICES
70CDCR22FR0000010,CONT_AWD_70CDCR22FR0000010_7012_70CDCR20D00000009_7012,P00002,2022-03-08,7239649.88,"THE GEO GROUP, INC.",JMLKZZ1NL2Z6,DELIVERY ORDER,U.S. Immigration and Customs Enforcement,561612,SECURITY GUARDS AND PATROL SERVICES,S206,HOUSEKEEPING- GUARD,TO ADD FUNDING FOR DETENTION SERVICES IN THE LOS ANGELES AREA OF RESPONSIBILITY
70CDCR22FC0000011,CONT_AWD_70CDCR22FC0000011_7012_HSCEDM14A00001_7012,0,2022-03-14,435864.92,"THE GEO GROUP, INC.",JMLKZZ1NL2Z6,BPA CALL,U.S. Immigration and Customs Enforcement,922140,CORRECTIONAL INSTITUTIONS,S206,HOUSEKEEPING- GUARD,FUNDING FOR RIO GRANDE FACILITY WITH GEO GROUP UNDER DOJ NUMBER ODT-7-C-0003.  NEW TASK ORDER .  (POP 4/1/22 - 3/31/23)  COR:  JOSE LONGORIA
70CDCR21FR0000051,CONT_AWD_70CDCR21FR0000051_7012_70CDCR20D00000012_7012,P00008,2022-03-15,4235349.0,"THE GEO GROUP, INC.",JMLKZZ1NL2Z6,DELIVERY ORDER,U.S. Immigration and Customs Enforcement,922140,CORRECTIONAL INSTITUTIONS,S206,HOUSEKEEPING- GUARD,SOUTH TEXAS DETENTION COMPLEX FUNDING
70CDCR22FR0000010,CONT_AWD_70CDCR22FR0000010_7012_70CDCR20D00000009_7012,P00003,2022-03-15,9835198.0,"THE GEO GROUP, INC.",JMLKZZ1NL2Z6,DELIVERY ORDER,U.S. Immigration and Customs Enforcement,561612,SECURITY GUARDS AND PATROL SERVICES,S206,HOUSEKEEPING- GUARD,TO ADD FUNDING FOR DETENTION SERVICES IN THE LOS ANGELES AREA OF RESPONSIBILITY
70CDCR21FC0000008,CONT_AWD_70CDCR21FC0000008_7012_HSCEDM14A00001_7012,P00009,2022-03-16,129980.8,"THE GEO GROUP, INC.",JMLKZZ1NL2Z6,BPA CALL,U.S. Immigration and Customs Enforcement,922140,CORRECTIONAL INSTITUTIONS,S206,HOUSEKEEPING- GUARD,DETENTION SERVICES FOR RIO GRANDE DETENTION CENTER
70CDCR22FR0000002,CONT_AWD_70CDCR22FR0000002_7012_HSCEDM15D00015_7012,P00006,2022-03-16,0.0,"THE GEO GROUP, INC.",JMLKZZ1NL2Z6,DELIVERY ORDER,U.S. Immigration and Customs Enforcement,561210,FACILITIES SUPPORT SERVICES,S206,HOUSEKEEPING- GUARD,"CHANGING PROGRAM OFFICE POCS, DE-OB AND RE-OB OF MONE FROM $10 SNACKS TO $5 SNACKS FOR NORTHWEST DETENTION CENTER TACOMA"
70CDCR21FR0000057,CONT_AWD_70CDCR21FR0000057_7012_HSCEDM17D00009_7012,P00010,2022-03-17,3350058.18,"THE GEO GROUP, INC.",JMLKZZ1NL2Z6,DELIVERY ORDER,U.S. Immigration and Customs Enforcement,561210,FACILITIES SUPPORT SERVICES,S206,HOUSEKEEPING- GUARD,MONTGOMERY PROCESSING CENTER DETENTION SERVICES
70CDCR22FR0000002,CONT_AWD_70CDCR22FR0000002_7012_HSCEDM15D00015_7012,P00007,2022-03-17,2977418.53,"THE GEO GROUP, INC.",JMLKZZ1NL2Z6,DELIVERY ORDER,U.S. Immigration and Customs Enforcement,561210,FACILITIES SUPPORT SERVICES,S206,HOUSEKEEPING- GUARD,"INCREMENTALLY FUNDING FOR DETENTION SERVICES AT NORTHWEST DETENTION CENTER, TACOMA"
70CDCR22FR0000001,CONT_AWD_70CDCR22FR0000001_7012_70CDCR22D00000001_7012,P00003,2022-03-24,3901458.85,"THE GEO GROUP, INC.",JMLKZZ1NL2Z6,DELIVERY ORDER,U.S. Immigration and Customs Enforcement,561210,FACILITIES SUPPORT SERVICES,S206,HOUSEKEEPING- GUARD,"INCREMENTAL FUNDING FOR DETENTION, TRANSPORTATION AND MEDICAL SERVICES FOR DENVER (AURORA) CONTRACT DETENTION FACILITY"
70CDCR21FR0000057,CONT_AWD_70CDCR21FR0000057_7012_HSCEDM17D00009_7012,P00011,2022-04-04,3489916.19,"THE GEO GROUP, INC.",JMLKZZ1NL2Z6,DELIVERY ORDER,U.S. Immigration and Customs Enforcement,561210,FACILITIES SUPPORT SERVICES,S206,HOUSEKEEPING- GUARD,MONTGOMERY PROCESSING CENTER DETENTION SERVICES
70CDCR21FR0000059,CONT_AWD_70CDCR21FR0000059_7012_70CDCR21D00000004_7012,P00007,2022-04-04,5469188.83,"THE GEO GROUP, INC.",JMLKZZ1NL2Z6,DELIVERY ORDER,U.S. Immigration and Customs Enforcement,561612,SECURITY GUARDS AND PATROL SERVICES,S206,HOUSEKEEPING- GUARD,MIA AOR IMMIGRATION DETENTION AND TRANSPORTATION SERVICES
70CDCR21FC0000008,CONT_AWD_70CDCR21FC0000008_7012_HSCEDM14A00001_7012,P00010,2022-04-05,257455.0,"THE GEO GROUP, INC.",JMLKZZ1NL2Z6,BPA CALL,U.S. Immigration and Customs Enforcement,922140,CORRECTIONAL INSTITUTIONS,S206,HOUSEKEEPING- GUARD,DETENTION SERVICES FOR RIO GRANDE DETENTION CENTER
70CDCR22FR0000002,CONT_AWD_70CDCR22FR0000002_7012_HSCEDM15D00015_7012,P00008,2022-04-05,5298719.48,"THE GEO GROUP, INC.",JMLKZZ1NL2Z6,DELIVERY ORDER,U.S. Immigration and Customs Enforcement,561210,FACILITIES SUPPORT SERVICES,S206,HOUSEKEEPING- GUARD,"INCREMENTALLY FUNDING FOR DETENTION SERVICES AT NORTHWEST DETENTION CENTER, TACOMA"
70CDCR22FR0000012,CONT_AWD_70CDCR22FR0000012_7012_70CDCR20D00000008_7012,P00003,2022-04-11,233069.0,"THE GEO GROUP, INC.",JMLKZZ1NL2Z6,DELIVERY ORDER,U.S. Immigration and Customs Enforcement,561612,SECURITY GUARDS AND PATROL SERVICES,S206,HOUSEKEEPING- GUARD,INCREMENTAL FUNDING FOR DETENTION SERVICES AT MESA VERDE AND GOLDEN STATE FACILITIES.
70CDCR21FR0000051,CONT_AWD_70CDCR21FR0000051_7012_70CDCR20D00000012_7012,P00009,2022-04-12,4463145.61,"THE GEO GROUP, INC.",JMLKZZ1NL2Z6,DELIVERY ORDER,U.S. Immigration and Customs Enforcement,922140,CORRECTIONAL INSTITUTIONS,S206,HOUSEKEEPING- GUARD,SOUTH TEXAS DETENTION COMPLEX FUNDING
70CDCR22FR0000010,CONT_AWD_70CDCR22FR0000010_7012_70CDCR20D00000009_7012,P00004,2022-04-13,10266100.0,"THE GEO GROUP, INC.",JMLKZZ1NL2Z6,DELIVERY ORDER,U.S. Immigration and Customs Enforcement,561612,SECURITY GUARDS AND PATROL SERVICES,S206,HOUSEKEEPING- GUARD,ADD FUNDING FOR DETENTION SERVICES IN THE LOS ANGELES AREA OF RESPONSIBILITY
70CDCR22FC0000011,CONT_AWD_70CDCR22FC0000011_7012_HSCEDM14A00001_7012,P00001,2022-04-19,664309.4,"THE GEO GROUP, INC.",JMLKZZ1NL2Z6,BPA CALL,U.S. Immigration and Customs Enforcement,922140,CORRECTIONAL INSTITUTIONS,S206,HOUSEKEEPING- GUARD,FUNDING FOR RIO GRANDE FACILITY WITH GEO GROUP UNDER DOJ NUMBER ODT-7-C-0003. (POP 4/1/22 - 3/31/23)  COR:  JOSE LONGORIA
70CDCR22FR0000001,CONT_AWD_70CDCR22FR0000001_7012_70CDCR22D00000001_7012,P00004,2022-04-26,3707600.0,"THE GEO GROUP, INC.",JMLKZZ1NL2Z6,DELIVERY ORDER,U.S. Immigration and Customs Enforcement,561210,FACILITIES SUPPORT SERVICES,S206,HOUSEKEEPING- GUARD,"INCREMENTAL FUNDING FOR DETENTION, TRANSPORTATION AND MEDICAL SERVICES FOR DENVER (AURORA) CONTRACT DETENTION FACILITY"
70CDCR19FR0000059,CONT_AWD_70CDCR19FR0000059_7012_HSCEDM15D00015_7012,P00009,2022-05-11,-227777.7,"THE GEO GROUP, INC.",JMLKZZ1NL2Z6,DELIVERY ORDER,U.S. Immigration and Customs Enforcement,561210,FACILITIES SUPPORT SERVICES,S206,HOUSEKEEPING- GUARD,"DETENTION, FOOD AND TRANSPORTATION SERVICES"
70CDCR20FR0000031,CONT_AWD_70CDCR20FR0000031_7012_HSCEDM15D00015_7012,P00007,2022-05-11,-354950.99,"THE GEO GROUP, INC.",JMLKZZ1NL2Z6,DELIVERY ORDER,U.S. Immigration and Customs Enforcement,561210,FACILITIES SUPPORT SERVICES,S206,HOUSEKEEPING- GUARD,"DE-OBLIGATE EXCESS FUNDS AND CLOSEOUT DETENTION AND TRANSPORTATION SERVICES AT NORTHWEST DETENTION CENTER, TACOMA WA"
70CDCR21FR0000051,CONT_AWD_70CDCR21FR0000051_7012_70CDCR20D00000012_7012,P00010,2022-05-11,9308015.49,"THE GEO GROUP, INC.",JMLKZZ1NL2Z6,DELIVERY ORDER,U.S. Immigration and Customs Enforcement,922140,CORRECTIONAL INSTITUTIONS,S206,HOUSEKEEPING- GUARD,SOUTH TEXAS DETENTION COMPLEX FUNDING
70CDCR21FR0000073,CONT_AWD_70CDCR21FR0000073_7012_HSCEDM15D00015_7012,P00001,2022-05-11,-168785.32,"THE GEO GROUP, INC.",JMLKZZ1NL2Z6,DELIVERY ORDER,U.S. Immigration and Customs Enforcement,561210,FACILITIES SUPPORT SERVICES,S206,HOUSEKEEPING- GUARD,"DE-OBLIGATE EXCESS FUNDS AND CLOSEOUT DETENTION AND TRANSPORTATION SERVICES AT NORTHWEST DETENTION CENTER, TACOMA WA"
70CDCR21FR0000057,CONT_AWD_70CDCR21FR0000057_7012_HSCEDM17D00009_7012,P00012,2022-05-12,6803952.65,"THE GEO GROUP, INC.",JMLKZZ1NL2Z6,DELIVERY ORDER,U.S. Immigration and Customs Enforcement,561210,FACILITIES SUPPORT SERVICES,S206,HOUSEKEEPING- GUARD,MONTGOMERY PROCESSING CENTER DETENTION SERVICES
70CDCR21FR0000059,CONT_AWD_70CDCR21FR0000059_7012_70CDCR21D00000004_7012,P00008,2022-05-12,5634400.0,"THE GEO GROUP, INC.",JMLKZZ1NL2Z6,DELIVERY ORDER,U.S. Immigration and Customs Enforcement,561612,SECURITY GUARDS AND PATROL SERVICES,S206,HOUSEKEEPING- GUARD,MIA AOR IMMIGRATION DETENTION AND TRANSPORTATION SERVICES
70CDCR21FR0000051,CONT_AWD_70CDCR21FR0000051_7012_70CDCR20D00000012_7012,P00011,2022-05-16,0.0,"THE GEO GROUP, INC.",JMLKZZ1NL2Z6,DELIVERY ORDER,U.S. Immigration and Customs Enforcement,922140,CORRECTIONAL INSTITUTIONS,S206,HOUSEKEEPING- GUARD,SOUTH TEXAS DETENTION COMPLEX FUNDING
70CDCR22FR0000001,CONT_AWD_70CDCR22FR0000001_7012_70CDCR22D00000001_7012,P00005,2022-05-16,7221778.76,"THE GEO GROUP, INC.",JMLKZZ1NL2Z6,DELIVERY ORDER,U.S. Immigration and Customs Enforcement,561210,FACILITIES SUPPORT SERVICES,S206,HOUSEKEEPING- GUARD,"INCREMENTAL FUNDING FOR DETENTION, TRANSPORTATION AND MEDICAL SERVICES FOR DENVER (AURORA) CONTRACT DETENTION FACILITY"
70CDCR22FR0000002,CONT_AWD_70CDCR22FR0000002_7012_HSCEDM15D00015_7012,P00009,2022-05-16,10660400.0,"THE GEO GROUP, INC.",JMLKZZ1NL2Z6,DELIVERY ORDER,U.S. Immigration and Customs Enforcement,561210,FACILITIES SUPPORT SERVICES,S206,HOUSEKEEPING- GUARD,"INCREMENTALLY FUNDING FOR DETENTION SERVICES AT NORTHWEST DETENTION CENTER, TACOMA"
70CDCR22FR0000010,CONT_AWD_70CDCR22FR0000010_7012_70CDCR20D00000009_7012,P00005,2022-05-24,20531800.0,"THE GEO GROUP, INC.",JMLKZZ1NL2Z6,DELIVERY ORDER,U.S. Immigration and Customs Enforcement,561612,SECURITY GUARDS AND PATROL SERVICES,S206,HOUSEKEEPING- GUARD,ADD FUNDING FOR DETENTION SERVICES IN THE LOS ANGELES AREA OF RESPONSIBILITY
70CDCR22FR0000012,CONT_AWD_70CDCR22FR0000012_7012_70CDCR20D00000008_7012,P00004,2022-05-24,13519151.05,"THE GEO GROUP, INC.",JMLKZZ1NL2Z6,DELIVERY ORDER,U.S. Immigration and Customs Enforcement,561612,SECURITY GUARDS AND PATROL SERVICES,S206,HOUSEKEEPING- GUARD,FUNDING FOR DETENTION SERVICES AT MESA VERDE AND GOLDEN STATE FACILITIES.
70CDCR21FC0000008,CONT_AWD_70CDCR21FC0000008_7012_HSCEDM14A00001_7012,P00011,2022-06-16,0.0,"THE GEO GROUP, INC.",JMLKZZ1NL2Z6,BPA CALL,U.S. Immigration and Customs Enforcement,922140,CORRECTIONAL INSTITUTIONS,S206,HOUSEKEEPING- GUARD,DETENTION SERVICES FOR RIO GRANDE DETENTION CENTER
70CDCR22FC0000011,CONT_AWD_70CDCR22FC0000011_7012_HSCEDM14A00001_7012,P00002,2022-06-16,0.0,"THE GEO GROUP, INC.",JMLKZZ1NL2Z6,BPA CALL,U.S. Immigration and Customs Enforcement,922140,CORRECTIONAL INSTITUTIONS,S206,HOUSEKEEPING- GUARD,ADMIN MOD FOR RIO GRANDE FACILITY WITH GEO GROUP UNDER DOJ NUMBER ODT-7-C-0003. (POP 4/1/22 - 3/31/23)  COR:  JOSE LONGORIA
70CDCR21FR0000051,CONT_AWD_70CDCR21FR0000051_7012_70CDCR20D00000012_7012,P00012,2022-06-24,38241.95,"THE GEO GROUP, INC.",JMLKZZ1NL2Z6,DELIVERY ORDER,U.S. Immigration and Customs Enforcement,922140,CORRECTIONAL INSTITUTIONS,S206,HOUSEKEEPING- GUARD,SOUTH TEXAS DETENTION COMPLEX FUNDING
70CDCR21FR0000044,CONT_AWD_70CDCR21FR0000044_7012_70CDCR20D00000011_7012,P00006,2022-07-07,44173108.0,B.I. INCORPORATED,PKK6L9KLMYR5,DELIVERY ORDER,U.S. Immigration and Customs Enforcement,561210,FACILITIES SUPPORT SERVICES,R408,SUPPORT- PROFESSIONAL: PROGRAM MANAGEMENT/SUPPORT,FUNDING INTENSIVE SUPERVISION APPEARANCE PROGRAM (ISAP IV)
70CDCR21FR0000059,CONT_AWD_70CDCR21FR0000059_7012_70CDCR21D00000004_7012,P00009,2022-07-11,0.0,"THE GEO GROUP, INC.",JMLKZZ1NL2Z6,DELIVERY ORDER,U.S. Immigration and Customs Enforcement,561612,SECURITY GUARDS AND PATROL SERVICES,S206,HOUSEKEEPING- GUARD,MIA AOR IMMIGRATION DETENTION AND TRANSPORTATION SERVICES
70CDCR19FR0000056,CONT_AWD_70CDCR19FR0000056_7012_HSCEDM17D00009_7012,P00007,2022-07-19,-1491925.62,"THE GEO GROUP, INC.",JMLKZZ1NL2Z6,DELIVERY ORDER,U.S. Immigration and Customs Enforcement,561210,FACILITIES SUPPORT SERVICES,S206,HOUSEKEEPING- GUARD,"MONTGOMERY PROCESSING CENTER, HOUSTON"
70CDCR22FC0000012,CONT_AWD_70CDCR22FC0000012_7012_70CDCR18A00000007_7012,0,2022-07-20,69400.0,"THE GEO GROUP, INC.",JMLKZZ1NL2Z6,BPA CALL,U.S. Immigration and Customs Enforcement,922140,CORRECTIONAL INSTITUTIONS,S206,HOUSEKEEPING- GUARD,DETAINEE BED DAYS AT THE ROBERT A. DEYTON DETENTION FACILITY
70CDCR22FR0000002,CONT_AWD_70CDCR22FR0000002_7012_HSCEDM15D00015_7012,P00010,2022-07-28,5542000.0,"THE GEO GROUP, INC.",JMLKZZ1NL2Z6,DELIVERY ORDER,U.S. Immigration and Customs Enforcement,561210,FACILITIES SUPPORT SERVICES,S206,HOUSEKEEPING- GUARD,"INCREMENTALLY FUNDING FOR DETENTION SERVICES AT NORTHWEST DETENTION CENTER, TACOMA"
70CDCR21FR0000059,CONT_AWD_70CDCR21FR0000059_7012_70CDCR21D00000004_7012,P00010,2022-07-29,2972300.0,"THE GEO GROUP, INC.",JMLKZZ1NL2Z6,DELIVERY ORDER,U.S. Immigration and Customs Enforcement,561612,SECURITY GUARDS AND PATROL SERVICES,S206,HOUSEKEEPING- GUARD,MIA AOR IMMIGRATION DETENTION AND TRANSPORTATION SERVICES
70CDCR22FR0000034,CONT_AWD_70CDCR22FR0000034_7012_70CDCR20D00000011_7012,0,2022-07-29,193076560.0,B.I. INCORPORATED,PKK6L9KLMYR5,DELIVERY ORDER,U.S. Immigration and Customs Enforcement,561210,FACILITIES SUPPORT SERVICES,R408,SUPPORT- PROFESSIONAL: PROGRAM MANAGEMENT/SUPPORT,INTENSIVE SUPERVISION APPEARANCE PROGRAM (ISAP IV)
70CDCR22FC0000011,CONT_AWD_70CDCR22FC0000011_7012_HSCEDM14A00001_7012,P00003,2022-08-01,300278.6,"THE GEO GROUP, INC.",JMLKZZ1NL2Z6,BPA CALL,U.S. Immigration and Customs Enforcement,922140,CORRECTIONAL INSTITUTIONS,S206,HOUSEKEEPING- GUARD,ADMIN MOD FOR RIO GRANDE FACILITY WITH GEO GROUP UNDER DOJ NUMBER ODT-7-C-0003. (POP 4/1/22 - 3/31/23)  COR:  JOSE LONGORIA
70CDCR22FR0000012,CONT_AWD_70CDCR22FR0000012_7012_70CDCR20D00000008_7012,P00005,2022-08-02,4424299.9,"THE GEO GROUP, INC.",JMLKZZ1NL2Z6,DELIVERY ORDER,U.S. Immigration and Customs Enforcement,561612,SECURITY GUARDS AND PATROL SERVICES,S206,HOUSEKEEPING- GUARD,FUNDING FOR DETENTION SERVICES AT MESA VERDE AND GOLDEN STATE FACILITIES.
70CDCR22FR0000041,CONT_AWD_70CDCR22FR0000041_7012_70CDCR20D00000012_7012,0,2022-08-05,4202000.0,"THE GEO GROUP, INC.",JMLKZZ1NL2Z6,DELIVERY ORDER,U.S. Immigration and Customs Enforcement,922140,CORRECTIONAL INSTITUTIONS,S206,HOUSEKEEPING- GUARD,SOUTH TEXAS DETENTION COMPLEX NEW TASK ORDER - POP 06 AUG 2022  - 05 AUG 2023.
70CDCR21FR0000051,CONT_AWD_70CDCR21FR0000051_7012_70CDCR20D00000012_7012,P00013,2022-08-08,5141863.25,"THE GEO GROUP, INC.",JMLKZZ1NL2Z6,DELIVERY ORDER,U.S. Immigration and Customs Enforcement,922140,CORRECTIONAL INSTITUTIONS,S206,HOUSEKEEPING- GUARD,SOUTH TEXAS DETENTION COMPLEX FUNDING
70CDCR22FR0000001,CONT_AWD_70CDCR22FR0000001_7012_70CDCR22D00000001_7012,P00006,2022-08-08,3344400.0,"THE GEO GROUP, INC.",JMLKZZ1NL2Z6,DELIVERY ORDER,U.S. Immigration and Customs Enforcement,561210,FACILITIES SUPPORT SERVICES,S206,HOUSEKEEPING- GUARD,"INCREMENTAL FUNDING FOR DETENTION, TRANSPORTATION AND MEDICAL SERVICES FOR DENVER (AURORA) CONTRACT DETENTION FACILITY"
70CDCR21FR0000057,CONT_AWD_70CDCR21FR0000057_7012_HSCEDM17D00009_7012,P00013,2022-08-09,5066668.08,"THE GEO GROUP, INC.",JMLKZZ1NL2Z6,DELIVERY ORDER,U.S. Immigration and Customs Enforcement,561210,FACILITIES SUPPORT SERVICES,S206,HOUSEKEEPING- GUARD,MONTGOMERY PROCESSING CENTER DETENTION SERVICES
70CDCR21C00000005,CONT_AWD_70CDCR21C00000005_7012_-NONE-_-NONE-,P00001,2022-08-10,-3105948.3,"GEO TRANSPORT, INC.",DFEKRCYPZD84,DEFINITIVE CONTRACT,U.S. Immigration and Customs Enforcement,481211,NONSCHEDULED CHARTERED PASSENGER AIR TRANSPORTATION,V211,TRANSPORTATION/TRAVEL/RELOCATION- TRAVEL/LODGING/RECRUITMENT: AIR PASSENGER,EMERGENCY HAITIAN MIGRANTS FLIGHT SERVICES
70CDCR22FR0000010,CONT_AWD_70CDCR22FR0000010_7012_70CDCR20D00000009_7012,P00006,2022-08-11,10158700.0,"THE GEO GROUP, INC.",JMLKZZ1NL2Z6,DELIVERY ORDER,U.S. Immigration and Customs Enforcement,561612,SECURITY GUARDS AND PATROL SERVICES,S206,HOUSEKEEPING- GUARD,ADD FUNDING FOR DETENTION SERVICES IN THE LOS ANGELES AREA OF RESPONSIBILITY
70CDCR21FR0000059,CONT_AWD_70CDCR21FR0000059_7012_70CDCR21D00000004_7012,P00011,2022-08-12,2552300.0,"THE GEO GROUP, INC.",JMLKZZ1NL2Z6,DELIVERY ORDER,U.S. Immigration and Customs Enforcement,561612,SECURITY GUARDS AND PATROL SERVICES,S206,HOUSEKEEPING- GUARD,MIA AOR IMMIGRATION DETENTION AND TRANSPORTATION SERVICES
70CDCR22FC0000011,CONT_AWD_70CDCR22FC0000011_7012_HSCEDM14A00001_7012,P00004,2022-08-17,300278.6,"THE GEO GROUP, INC.",JMLKZZ1NL2Z6,BPA CALL,U.S. Immigration and Customs Enforcement,922140,CORRECTIONAL INSTITUTIONS,S206,HOUSEKEEPING- GUARD,FUNDING MOD FOR RIO GRANDE FACILITY WITH GEO GROUP UNDER DOJ NUMBER ODT-7-C-0003. (POP 4/1/22 - 3/31/23)  COR:  JOSE LONGORIA
70CDCR22FR0000045,CONT_AWD_70CDCR22FR0000045_7012_HSCEDM17D00009_7012,0,2022-08-17,6778893.21,"THE GEO GROUP, INC.",JMLKZZ1NL2Z6,DELIVERY ORDER,U.S. Immigration and Customs Enforcement,561210,FACILITIES SUPPORT SERVICES,S206,HOUSEKEEPING- GUARD,**NEW TASK ORDER NUMBER ( MONTGOMERY PROCESSING CENTER (MPC) /GEO) CONTRACT PERIOD OF PERFORMANCE- 18 AUG 2022 - 17 AUG 2023 FUNDING PERIOD OF PERFORMANCE - 18 AUG 2022 - 30 SEP 2022
70CDCR20FR0000066,CONT_AWD_70CDCR20FR0000066_7012_HSCEDM11D00003_7012,P00009,2022-08-22,-3666307.61,"THE GEO GROUP, INC.",JMLKZZ1NL2Z6,DELIVERY ORDER,U.S. Immigration and Customs Enforcement,561210,FACILITIES SUPPORT SERVICES,S206,HOUSEKEEPING- GUARD,"DE-OBLIGATION DETENTION MANAGEMENT/MEDICAL/TRANSPORTATION FOR AURORA, CO"
70CDCR22FR0000044,CONT_AWD_70CDCR22FR0000044_7012_70CDCR21D00000004_7012,0,2022-08-23,3067493.91,"THE GEO GROUP, INC.",JMLKZZ1NL2Z6,DELIVERY ORDER,U.S. Immigration and Customs Enforcement,561612,SECURITY GUARDS AND PATROL SERVICES,S206,HOUSEKEEPING- GUARD,MIA AOR DETENTION AND TRANSPORTATION SERVICES
70CDCR22FR0000001,CONT_AWD_70CDCR22FR0000001_7012_70CDCR22D00000001_7012,P00007,2022-08-24,3344400.0,"THE GEO GROUP, INC.",JMLKZZ1NL2Z6,DELIVERY ORDER,U.S. Immigration and Customs Enforcement,561210,FACILITIES SUPPORT SERVICES,S206,HOUSEKEEPING- GUARD,"INCREMENTAL FUNDING FOR DETENTION, TRANSPORTATION AND MEDICAL SERVICES FOR DENVER (AURORA) CONTRACT DETENTION FACILITY"
70CDCR22FR0000002,CONT_AWD_70CDCR22FR0000002_7012_HSCEDM15D00015_7012,P00011,2022-08-24,5542000.0,"THE GEO GROUP, INC.",JMLKZZ1NL2Z6,DELIVERY ORDER,U.S. Immigration and Customs Enforcement,561210,FACILITIES SUPPORT SERVICES,S206,HOUSEKEEPING- GUARD,"INCREMENTALLY FUNDING FOR DETENTION SERVICES AT NORTHWEST DETENTION CENTER, TACOMA"
70CDCR22FR0000010,CONT_AWD_70CDCR22FR0000010_7012_70CDCR20D00000009_7012,P00007,2022-08-24,10158700.0,"THE GEO GROUP, INC.",JMLKZZ1NL2Z6,DELIVERY ORDER,U.S. Immigration and Customs Enforcement,561612,SECURITY GUARDS AND PATROL SERVICES,S206,HOUSEKEEPING- GUARD,ADD FUNDING FOR DETENTION SERVICES IN THE LOS ANGELES AREA OF RESPONSIBILITY
70CDCR22FR0000002,CONT_AWD_70CDCR22FR0000002_7012_HSCEDM15D00015_7012,P00012,2022-08-30,-18400.0,"THE GEO GROUP, INC.",JMLKZZ1NL2Z6,DELIVERY ORDER,U.S. Immigration and Customs Enforcement,561210,FACILITIES SUPPORT SERVICES,S206,HOUSEKEEPING- GUARD,"DE-OBLIGATE FUNDING FOR DETENTION SERVICES AT NORTHWEST DETENTION CENTER, TACOMA"
70CDCR22FR0000012,CONT_AWD_70CDCR22FR0000012_7012_70CDCR20D00000008_7012,P00006,2022-09-01,4424300.0,"THE GEO GROUP, INC.",JMLKZZ1NL2Z6,DELIVERY ORDER,U.S. Immigration and Customs Enforcement,561612,SECURITY GUARDS AND PATROL SERVICES,S206,HOUSEKEEPING- GUARD,FUNDING FOR DETENTION SERVICES AT MESA VERDE AND GOLDEN STATE FACILITIES.
70CDCR22FR0000012,CONT_AWD_70CDCR22FR0000012_7012_70CDCR20D00000008_7012,P00007,2022-09-06,4320399.41,"THE GEO GROUP, INC.",JMLKZZ1NL2Z6,DELIVERY ORDER,U.S. Immigration and Customs Enforcement,561612,SECURITY GUARDS AND PATROL SERVICES,S206,HOUSEKEEPING- GUARD,FUNDING FOR DETENTION SERVICES AT MESA VERDE AND GOLDEN STATE FACILITIES.
70CDCR20FR0000008,CONT_AWD_70CDCR20FR0000008_7012_70CDCR20D00000009_7012,P00007,2022-09-08,154722.0,"THE GEO GROUP, INC.",JMLKZZ1NL2Z6,DELIVERY ORDER,U.S. Immigration and Customs Enforcement,561612,SECURITY GUARDS AND PATROL SERVICES,S206,HOUSEKEEPING- GUARD,THE PURPOSE OF MODIFICATION P00007 IS TO ADD FUNDING.
70CDCR22FR0000001,CONT_AWD_70CDCR22FR0000001_7012_70CDCR22D00000001_7012,P00008,2022-09-12,0.0,"THE GEO GROUP, INC.",JMLKZZ1NL2Z6,DELIVERY ORDER,U.S. Immigration and Customs Enforcement,561210,FACILITIES SUPPORT SERVICES,S206,HOUSEKEEPING- GUARD,"MUTUAL AGREEMENT FOR DETENTION, TRANSPORTATION AND MEDICAL SERVICES FOR DENVER (AURORA) CONTRACT DETENTION FACILITY"
70CDCR22FR0000010,CONT_AWD_70CDCR22FR0000010_7012_70CDCR20D00000009_7012,P00008,2022-09-12,9929100.0,"THE GEO GROUP, INC.",JMLKZZ1NL2Z6,DELIVERY ORDER,U.S. Immigration and Customs Enforcement,561612,SECURITY GUARDS AND PATROL SERVICES,S206,HOUSEKEEPING- GUARD,ADD FUNDING FOR DETENTION SERVICES IN THE LOS ANGELES AREA OF RESPONSIBILITY
70CDCR22FR0000041,CONT_AWD_70CDCR22FR0000041_7012_70CDCR20D00000012_7012,P00001,2022-09-12,4008852.44,"THE GEO GROUP, INC.",JMLKZZ1NL2Z6,DELIVERY ORDER,U.S. Immigration and Customs Enforcement,922140,CORRECTIONAL INSTITUTIONS,S206,HOUSEKEEPING- GUARD,SOUTH TEXAS DETENTION COMPLEX NEW TASK ORDER - POP 06 AUG 2022  - 05 AUG 2023.
70CDCR22FR0000001,CONT_AWD_70CDCR22FR0000001_7012_70CDCR22D00000001_7012,P00009,2022-09-13,3128000.0,"THE GEO GROUP, INC.",JMLKZZ1NL2Z6,DELIVERY ORDER,U.S. Immigration and Customs Enforcement,561210,FACILITIES SUPPORT SERVICES,S206,HOUSEKEEPING- GUARD,"INCREMENTAL FUNDING FOR DETENTION, TRANSPORTATION AND MEDICAL SERVICES FOR DENVER (AURORA) CONTRACT DETENTION FACILITY"
70CDCR21FR0000059,CONT_AWD_70CDCR21FR0000059_7012_70CDCR21D00000004_7012,P00012,2022-09-14,350000.0,"THE GEO GROUP, INC.",JMLKZZ1NL2Z6,DELIVERY ORDER,U.S. Immigration and Customs Enforcement,561612,SECURITY GUARDS AND PATROL SERVICES,S206,HOUSEKEEPING- GUARD,MIA AOR IMMIGRATION DETENTION AND TRANSPORTATION SERVICES
70CDCR22FC0000011,CONT_AWD_70CDCR22FC0000011_7012_HSCEDM14A00001_7012,P00005,2022-09-14,206990.8,"THE GEO GROUP, INC.",JMLKZZ1NL2Z6,BPA CALL,U.S. Immigration and Customs Enforcement,922140,CORRECTIONAL INSTITUTIONS,S206,HOUSEKEEPING- GUARD,FUNDING MOD FOR RIO GRANDE FACILITY WITH GEO GROUP UNDER DOJ NUMBER ODT-7-C-0003. (POP 4/1/22 - 3/31/23)  COR:  JOSE LONGORIA
70CDCR22FR0000002,CONT_AWD_70CDCR22FR0000002_7012_HSCEDM15D00015_7012,P00013,2022-09-14,5617270.41,"THE GEO GROUP, INC.",JMLKZZ1NL2Z6,DELIVERY ORDER,U.S. Immigration and Customs Enforcement,561210,FACILITIES SUPPORT SERVICES,S206,HOUSEKEEPING- GUARD,"THIS MODIFICATION IS TO ADD FUNDING FOR DETENTION SERVICES AT NORTHWEST DETENTION CENTER, TACOMA"
70CDCR19FR0000089,CONT_AWD_70CDCR19FR0000089_7012_HSCEDM11D00003_7012,P00007,2022-09-16,69073.56,"THE GEO GROUP, INC.",JMLKZZ1NL2Z6,DELIVERY ORDER,U.S. Immigration and Customs Enforcement,561210,FACILITIES SUPPORT SERVICES,S206,HOUSEKEEPING- GUARD,"DETENTION MANAGEMENT/MEDICAL/TRANSPORTATION FOR AURORA, CO"
70CDCR21FR0000004,CONT_AWD_70CDCR21FR0000004_7012_70CDCR20D00000009_7012,P00009,2022-09-16,1505243.0,"THE GEO GROUP, INC.",JMLKZZ1NL2Z6,DELIVERY ORDER,U.S. Immigration and Customs Enforcement,561612,SECURITY GUARDS AND PATROL SERVICES,S206,HOUSEKEEPING- GUARD,TO ADD FUNDING FOR DETENTION SERVICES IN THE LOS ANGELES AREA OF RESPONSIBILITY
70CDCR22FR0000044,CONT_AWD_70CDCR22FR0000044_7012_70CDCR21D00000004_7012,P00001,2022-09-16,486108.3,"THE GEO GROUP, INC.",JMLKZZ1NL2Z6,DELIVERY ORDER,U.S. Immigration and Customs Enforcement,561612,SECURITY GUARDS AND PATROL SERVICES,S206,HOUSEKEEPING- GUARD,MIA AOR DETENTION AND TRANSPORTATION SERVICES
70CDCR21FR0000059,CONT_AWD_70CDCR21FR0000059_7012_70CDCR21D00000004_7012,P00013,2022-09-20,26500.0,"THE GEO GROUP, INC.",JMLKZZ1NL2Z6,DELIVERY ORDER,U.S. Immigration and Customs Enforcement,561612,SECURITY GUARDS AND PATROL SERVICES,S206,HOUSEKEEPING- GUARD,MIA AOR IMMIGRATION DETENTION AND TRANSPORTATION SERVICES
70CDCR21FR0000057,CONT_AWD_70CDCR21FR0000057_7012_HSCEDM17D00009_7012,P00014,2022-09-21,263854.53,"THE GEO GROUP, INC.",JMLKZZ1NL2Z6,DELIVERY ORDER,U.S. Immigration and Customs Enforcement,561210,FACILITIES SUPPORT SERVICES,S206,HOUSEKEEPING- GUARD,MONTGOMERY PROCESSING CENTER DETENTION SERVICES
70CDCR22FR0000002,CONT_AWD_70CDCR22FR0000002_7012_HSCEDM15D00015_7012,P00014,2022-09-22,37083.37,"THE GEO GROUP, INC.",JMLKZZ1NL2Z6,DELIVERY ORDER,U.S. Immigration and Customs Enforcement,561210,FACILITIES SUPPORT SERVICES,S206,HOUSEKEEPING- GUARD,"THIS MODIFICATION IS TO ADD FUNDING FOR DETENTION SERVICES AT NORTHWEST DETENTION CENTER, TACOMA"
70CDCR22FR0000034,CONT_AWD_70CDCR22FR0000034_7012_70CDCR20D00000011_7012,P00001,2022-09-22,31127771.0,B.I. INCORPORATED,PKK6L9KLMYR5,DELIVERY ORDER,U.S. Immigration and Customs Enforcement,561210,FACILITIES SUPPORT SERVICES,R408,SUPPORT- PROFESSIONAL: PROGRAM MANAGEMENT/SUPPORT,INTENSIVE SUPERVISION APPEARANCE PROGRAM (ISAP IV)
70CDCR22FR0000041,CONT_AWD_70CDCR22FR0000041_7012_70CDCR20D00000012_7012,P00002,2022-09-22,5500.0,"THE GEO GROUP, INC.",JMLKZZ1NL2Z6,DELIVERY ORDER,U.S. Immigration and Customs Enforcement,922140,CORRECTIONAL INSTITUTIONS,S206,HOUSEKEEPING- GUARD,SOUTH TEXAS DETENTION COMPLEX NEW TASK ORDER - POP 06 AUG 2022  - 05 AUG 2023.
70CDCR22FR0000034,CONT_AWD_70CDCR22FR0000034_7012_70CDCR20D00000011_7012,P00002,2022-09-26,400000.0,B.I. INCORPORATED,PKK6L9KLMYR5,DELIVERY ORDER,U.S. Immigration and Customs Enforcement,561210,FACILITIES SUPPORT SERVICES,R408,SUPPORT- PROFESSIONAL: PROGRAM MANAGEMENT/SUPPORT,INTENSIVE SUPERVISION APPEARANCE PROGRAM (ISAP IV)
70CDCR22FR0000010,CONT_AWD_70CDCR22FR0000010_7012_70CDCR20D00000009_7012,P00009,2022-09-27,1195817.0,"THE GEO GROUP, INC.",JMLKZZ1NL2Z6,DELIVERY ORDER,U.S. Immigration and Customs Enforcement,561612,SECURITY GUARDS AND PATROL SERVICES,S206,HOUSEKEEPING- GUARD,ADD FUNDING FOR DETENTION SERVICES IN THE LOS ANGELES AREA OF RESPONSIBILITY
70CDCR22FR0000002,CONT_AWD_70CDCR22FR0000002_7012_HSCEDM15D00015_7012,P00015,2022-09-28,500000.0,"THE GEO GROUP, INC.",JMLKZZ1NL2Z6,DELIVERY ORDER,U.S. Immigration and Customs Enforcement,561210,FACILITIES SUPPORT SERVICES,S206,HOUSEKEEPING- GUARD,"THIS MODIFICATION IS TO ADD FUNDING FOR DETENTION SERVICES AT NORTHWEST DETENTION CENTER, TACOMA"
70CDCR22FR0000034,CONT_AWD_70CDCR22FR0000034_7012_70CDCR20D00000011_7012,P00003,2022-09-29,762474.91,B.I. INCORPORATED,PKK6L9KLMYR5,DELIVERY ORDER,U.S. Immigration and Customs Enforcement,561210,FACILITIES SUPPORT SERVICES,R408,SUPPORT- PROFESSIONAL: PROGRAM MANAGEMENT/SUPPORT,INTENSIVE SUPERVISION APPEARANCE PROGRAM (ISAP IV)
70CDCR22FC0000011,CONT_AWD_70CDCR22FC0000011_7012_HSCEDM14A00001_7012,P00006,2022-09-30,249995.6,"THE GEO GROUP, INC.",JMLKZZ1NL2Z6,BPA CALL,U.S. Immigration and Customs Enforcement,922140,CORRECTIONAL INSTITUTIONS,S206,HOUSEKEEPING- GUARD,FUNDING MOD FOR RIO GRANDE FACILITY WITH GEO GROUP UNDER DOJ NUMBER ODT-7-C-0003. (POP 4/1/22 - 3/31/23)  COR:  JOSE LONGORIA
70CDCR22FR0000034,CONT_AWD_70CDCR22FR0000034_7012_70CDCR20D00000011_7012,P00004,2022-09-30,583965.74,B.I. INCORPORATED,PKK6L9KLMYR5,DELIVERY ORDER,U.S. Immigration and Customs Enforcement,561210,FACILITIES SUPPORT SERVICES,R408,SUPPORT- PROFESSIONAL: PROGRAM MANAGEMENT/SUPPORT,INTENSIVE SUPERVISION APPEARANCE PROGRAM (ISAP IV)
70CDCR21FR0000073,CONT_AWD_70CDCR21FR0000073_7012_HSCEDM15D00015_7012,P00002,2022-10-06,0.0,"THE GEO GROUP, INC.",JMLKZZ1NL2Z6,DELIVERY ORDER,U.S. Immigration and Customs Enforcement,561210,FACILITIES SUPPORT SERVICES,S206,HOUSEKEEPING- GUARD,"REVISING UNIT PRICE ON THE DETENTION AND TRANSPORTATION SERVICES AT NORTHWEST DETENTION CENTER, TACOMA WA"
70CDCR23FR0000001,CONT_AWD_70CDCR23FR0000001_7012_70CDCR22D00000001_7012,0,2022-10-14,5553933.28,"THE GEO GROUP, INC.",JMLKZZ1NL2Z6,DELIVERY ORDER,U.S. Immigration and Customs Enforcement,561210,FACILITIES SUPPORT SERVICES,S206,HOUSEKEEPING- GUARD,"NEW TASK ORDER FOR DETENTION, TRANSPORTATION AND MEDICAL SERVICES FOR DENVER (AURORA) CONTRACT DETENTION FACILITY"
70CDCR22FR0000041,CONT_AWD_70CDCR22FR0000041_7012_70CDCR20D00000012_7012,P00003,2022-10-20,9046400.0,"THE GEO GROUP, INC.",JMLKZZ1NL2Z6,DELIVERY ORDER,U.S. Immigration and Customs Enforcement,922140,CORRECTIONAL INSTITUTIONS,S206,HOUSEKEEPING- GUARD,SOUTH TEXAS DETENTION COMPLEX NEW TASK ORDER - POP 06 AUG 2022  - 05 AUG 2023.
70CDCR23FR0000001,CONT_AWD_70CDCR23FR0000001_7012_70CDCR22D00000001_7012,P00001,2022-10-26,207500.0,"THE GEO GROUP, INC.",JMLKZZ1NL2Z6,DELIVERY ORDER,U.S. Immigration and Customs Enforcement,561210,FACILITIES SUPPORT SERVICES,S206,HOUSEKEEPING- GUARD,"ADDING FUNDS FOR DETENTION, TRANSPORTATION AND MEDICAL SERVICES FOR DENVER (AURORA) CONTRACT DETENTION FACILITY"
70CDCR22FR0000001,CONT_AWD_70CDCR22FR0000001_7012_70CDCR22D00000001_7012,P00010,2022-10-27,1576700.0,"THE GEO GROUP, INC.",JMLKZZ1NL2Z6,DELIVERY ORDER,U.S. Immigration and Customs Enforcement,561210,FACILITIES SUPPORT SERVICES,S206,HOUSEKEEPING- GUARD,"INCREMENTAL FUNDING FOR DETENTION, TRANSPORTATION AND MEDICAL SERVICES FOR DENVER (AURORA) CONTRACT DETENTION FACILITY"
70CDCR22FR0000002,CONT_AWD_70CDCR22FR0000002_7012_HSCEDM15D00015_7012,P00016,2022-10-27,5086426.0,"THE GEO GROUP, INC.",JMLKZZ1NL2Z6,DELIVERY ORDER,U.S. Immigration and Customs Enforcement,561210,FACILITIES SUPPORT SERVICES,S206,HOUSEKEEPING- GUARD,"THIS MODIFICATION IS TO ADD FUNDING FOR DETENTION SERVICES AT NORTHWEST DETENTION CENTER, TACOMA"
70CDCR22FR0000002,CONT_AWD_70CDCR22FR0000002_7012_HSCEDM15D00015_7012,P00017,2022-10-27,0.0,"THE GEO GROUP, INC.",JMLKZZ1NL2Z6,DELIVERY ORDER,U.S. Immigration and Customs Enforcement,561210,FACILITIES SUPPORT SERVICES,S206,HOUSEKEEPING- GUARD,"THIS MODIFICATION IS TO CORRECT CONTRACT LINE ITEM NUMBERS (CLINS) FOR DETENTION SERVICES AT NORTHWEST DETENTION CENTER, TACOMA"
70CDCR23FR0000002,CONT_AWD_70CDCR23FR0000002_7012_HSCEDM15D00015_7012,0,2022-10-27,6004500.0,"THE GEO GROUP, INC.",JMLKZZ1NL2Z6,DELIVERY ORDER,U.S. Immigration and Customs Enforcement,561210,FACILITIES SUPPORT SERVICES,S206,HOUSEKEEPING- GUARD,"NEW TASK ORDER FOR DETENTION AND TRANSPORTATION SERVICES AT NORTHWEST DETENTION CENTER, TACOMA"
70CDCR22FR0000045,CONT_AWD_70CDCR22FR0000045_7012_HSCEDM17D00009_7012,P00001,2022-11-01,5478198.49,"THE GEO GROUP, INC.",JMLKZZ1NL2Z6,DELIVERY ORDER,U.S. Immigration and Customs Enforcement,561210,FACILITIES SUPPORT SERVICES,S206,HOUSEKEEPING- GUARD,**NEW TASK ORDER NUMBER ( MONTGOMERY PROCESSING CENTER (MPC) /GEO) CONTRACT PERIOD OF PERFORMANCE- 18 AUG 2022 - 17 AUG 2023 FUNDING PERIOD OF PERFORMANCE - 18 AUG 2022 - 30 SEP 2022
70CDCR22FR0000010,CONT_AWD_70CDCR22FR0000010_7012_70CDCR20D00000009_7012,P00010,2022-11-02,22884200.0,"THE GEO GROUP, INC.",JMLKZZ1NL2Z6,DELIVERY ORDER,U.S. Immigration and Customs Enforcement,561612,SECURITY GUARDS AND PATROL SERVICES,S206,HOUSEKEEPING- GUARD,ADD FUNDING FOR DETENTION SERVICES IN THE LOS ANGELES AREA OF RESPONSIBILITY
70CDCR22FR0000012,CONT_AWD_70CDCR22FR0000012_7012_70CDCR20D00000008_7012,P00008,2022-11-02,11373002.0,"THE GEO GROUP, INC.",JMLKZZ1NL2Z6,DELIVERY ORDER,U.S. Immigration and Customs Enforcement,561612,SECURITY GUARDS AND PATROL SERVICES,S206,HOUSEKEEPING- GUARD,FUNDING FOR DETENTION SERVICES AT MESA VERDE AND GOLDEN STATE FACILITIES.
70CDCR22FR0000044,CONT_AWD_70CDCR22FR0000044_7012_70CDCR21D00000004_7012,P00002,2022-11-09,5812700.0,"THE GEO GROUP, INC.",JMLKZZ1NL2Z6,DELIVERY ORDER,U.S. Immigration and Customs Enforcement,561612,SECURITY GUARDS AND PATROL SERVICES,S206,HOUSEKEEPING- GUARD,MIA AOR DETENTION AND TRANSPORTATION SERVICES
70CDCR22FR0000041,CONT_AWD_70CDCR22FR0000041_7012_70CDCR20D00000012_7012,P00004,2022-11-13,47000.0,"THE GEO GROUP, INC.",JMLKZZ1NL2Z6,DELIVERY ORDER,U.S. Immigration and Customs Enforcement,922140,CORRECTIONAL INSTITUTIONS,S206,HOUSEKEEPING- GUARD,SOUTH TEXAS DETENTION COMPLEX NEW TASK ORDER - POP 06 AUG 2022  - 05 AUG 2023.
70CDCR18P00000084,CONT_AWD_70CDCR18P00000084_7012_-NONE-_-NONE-,P00002,2022-11-15,0.0,"CORNELL COMPANIES, INC.",TLDCDE29G781,PURCHASE ORDER,U.S. Immigration and Customs Enforcement,561612,SECURITY GUARDS AND PATROL SERVICES,S206,HOUSEKEEPING- GUARD,USE OF THIS FACILITY DUE TO POSSIBLE INCLEMENT WEATHER AND HAZARDOUS DRIVING CONDITIONS.
70CDCR22FC0000011,CONT_AWD_70CDCR22FC0000011_7012_HSCEDM14A00001_7012,P00007,2022-11-15,530700.0,"THE GEO GROUP, INC.",JMLKZZ1NL2Z6,BPA CALL,U.S. Immigration and Customs Enforcement,922140,CORRECTIONAL INSTITUTIONS,S206,HOUSEKEEPING- GUARD,FUNDING MOD FOR RIO GRANDE FACILITY WITH GEO GROUP UNDER DOJ NUMBER ODT-7-C-0003. (POP 4/1/22 - 3/31/23)  COR:  JOSE LONGORIA
70CDCR22FC0000012,CONT_AWD_70CDCR22FC0000012_7012_70CDCR18A00000007_7012,P00001,2022-11-15,43900.0,"THE GEO GROUP, INC.",JMLKZZ1NL2Z6,BPA CALL,U.S. Immigration and Customs Enforcement,922140,CORRECTIONAL INSTITUTIONS,S206,HOUSEKEEPING- GUARD,DETAINEE BED DAYS AT THE ROBERT A. DEYTON DETENTION FACILITY
70CDCR22FR0000034,CONT_AWD_70CDCR22FR0000034_7012_70CDCR20D00000011_7012,P00005,2022-11-22,54787537.0,B.I. INCORPORATED,PKK6L9KLMYR5,DELIVERY ORDER,U.S. Immigration and Customs Enforcement,561210,FACILITIES SUPPORT SERVICES,R408,SUPPORT- PROFESSIONAL: PROGRAM MANAGEMENT/SUPPORT,INTENSIVE SUPERVISION APPEARANCE PROGRAM (ISAP IV)
70CDCR22FR0000044,CONT_AWD_70CDCR22FR0000044_7012_70CDCR21D00000004_7012,P00003,2022-12-12,2906300.0,"THE GEO GROUP, INC.",JMLKZZ1NL2Z6,DELIVERY ORDER,U.S. Immigration and Customs Enforcement,561612,SECURITY GUARDS AND PATROL SERVICES,S206,HOUSEKEEPING- GUARD,MIA AOR DETENTION AND TRANSPORTATION SERVICES
70CDCR20FR0000050,CONT_AWD_70CDCR20FR0000050_7012_70CDCR20D00000012_7012,P00008,2022-12-16,38931.28,"THE GEO GROUP, INC.",JMLKZZ1NL2Z6,DELIVERY ORDER,U.S. Immigration and Customs Enforcement,922140,CORRECTIONAL INSTITUTIONS,S206,HOUSEKEEPING- GUARD,FY20 TO FOR DETENTION AND TRANSPORTATION SERVICES - SOUTH TEXAS ICE PROCESSING CENTER (STIPC)
70CDCR22FR0000003,CONT_AWD_70CDCR22FR0000003_7012_15M40018DA3500001_1544,P00001,2022-12-19,-417.0,"THE GEO GROUP, INC.",JMLKZZ1NL2Z6,DELIVERY ORDER,U.S. Immigration and Customs Enforcement,561210,FACILITIES SUPPORT SERVICES,S206,HOUSEKEEPING- GUARD,CLOSEOUT TASK ORDER FOR DETENTION AND GUARD SERVICES
70CDCR23FR0000009,CONT_AWD_70CDCR23FR0000009_7012_70CDCR20D00000008_7012,0,2022-12-19,4611194.0,"THE GEO GROUP, INC.",JMLKZZ1NL2Z6,DELIVERY ORDER,U.S. Immigration and Customs Enforcement,561612,SECURITY GUARDS AND PATROL SERVICES,S206,HOUSEKEEPING- GUARD,NEW TASK ORDER FOR DETENTION SERVICES AT MESA VERDE AND GOLDEN STATE FACILITIES.
70CDCR23FR0000014,CONT_AWD_70CDCR23FR0000014_7012_70CDCR20D00000009_7012,0,2022-12-19,10547650.0,"THE GEO GROUP, INC.",JMLKZZ1NL2Z6,DELIVERY ORDER,U.S. Immigration and Customs Enforcement,561612,SECURITY GUARDS AND PATROL SERVICES,S206,HOUSEKEEPING- GUARD,NEW TASK ORDER FOR DETENTION SERVICES IN THE LOS ANGELES AREA OF RESPONSIBILITY
70CDCR22FR0000010,CONT_AWD_70CDCR22FR0000010_7012_70CDCR20D00000009_7012,P00011,2022-12-21,7127700.0,"THE GEO GROUP, INC.",JMLKZZ1NL2Z6,DELIVERY ORDER,U.S. Immigration and Customs Enforcement,561612,SECURITY GUARDS AND PATROL SERVICES,S206,HOUSEKEEPING- GUARD,ADD FUNDING FOR DETENTION SERVICES IN THE LOS ANGELES AREA OF RESPONSIBILITY
70CDCR23FR0000002,CONT_AWD_70CDCR23FR0000002_7012_HSCEDM15D00015_7012,P00001,2022-12-21,6004277.75,"THE GEO GROUP, INC.",JMLKZZ1NL2Z6,DELIVERY ORDER,U.S. Immigration and Customs Enforcement,561210,FACILITIES SUPPORT SERVICES,S206,HOUSEKEEPING- GUARD,"ADDING FUNDS FOR DETENTION AND TRANSPORTATION SERVICES AT NORTHWEST DETENTION CENTER, TACOMA"
70CDCR21FR0000059,CONT_AWD_70CDCR21FR0000059_7012_70CDCR21D00000004_7012,P00014,2022-12-28,-63357.24,"THE GEO GROUP, INC.",JMLKZZ1NL2Z6,DELIVERY ORDER,U.S. Immigration and Customs Enforcement,561612,SECURITY GUARDS AND PATROL SERVICES,S206,HOUSEKEEPING- GUARD,MIA AOR IMMIGRATION DETENTION AND TRANSPORTATION SERVICES
70CDCR22FR0000041,CONT_AWD_70CDCR22FR0000041_7012_70CDCR20D00000012_7012,P00005,2022-12-29,4523181.47,"THE GEO GROUP, INC.",JMLKZZ1NL2Z6,DELIVERY ORDER,U.S. Immigration and Customs Enforcement,922140,CORRECTIONAL INSTITUTIONS,S206,HOUSEKEEPING- GUARD,SOUTH TEXAS DETENTION COMPLEX FUNDING MODIFICATION
70CDCR22FR0000010,CONT_AWD_70CDCR22FR0000010_7012_70CDCR20D00000009_7012,P00012,2023-01-05,350000.0,"THE GEO GROUP, INC.",JMLKZZ1NL2Z6,DELIVERY ORDER,U.S. Immigration and Customs Enforcement,561612,SECURITY GUARDS AND PATROL SERVICES,S206,HOUSEKEEPING- GUARD,ADD FUNDING FOR DETENTION SERVICES IN THE LOS ANGELES AREA OF RESPONSIBILITY
70CDCR22FR0000045,CONT_AWD_70CDCR22FR0000045_7012_HSCEDM17D00009_7012,P00002,2023-01-06,2735934.18,"THE GEO GROUP, INC.",JMLKZZ1NL2Z6,DELIVERY ORDER,U.S. Immigration and Customs Enforcement,561210,FACILITIES SUPPORT SERVICES,S206,HOUSEKEEPING- GUARD,ADMIN MOD- PRICE ADJUSTMENT
70CDCR23FR0000001,CONT_AWD_70CDCR23FR0000001_7012_70CDCR22D00000001_7012,P00002,2023-01-19,3761621.6,"THE GEO GROUP, INC.",JMLKZZ1NL2Z6,DELIVERY ORDER,U.S. Immigration and Customs Enforcement,561210,FACILITIES SUPPORT SERVICES,S206,HOUSEKEEPING- GUARD,"ADDING FUNDS FOR DETENTION, TRANSPORTATION AND MEDICAL SERVICES FOR DENVER (AURORA) CONTRACT DETENTION FACILITY"
70CDCR20FR0000023,CONT_AWD_70CDCR20FR0000023_7012_70CDCR20D00000011_7012,P00008,2023-01-27,-6544.39,B.I. INCORPORATED,PKK6L9KLMYR5,DELIVERY ORDER,U.S. Immigration and Customs Enforcement,561210,FACILITIES SUPPORT SERVICES,R408,SUPPORT- PROFESSIONAL: PROGRAM MANAGEMENT/SUPPORT,INTENSIVE SUPERVISION APPEARANCE PROGRAM (ISAP IV)
70CDCR23FR0000002,CONT_AWD_70CDCR23FR0000002_7012_HSCEDM15D00015_7012,P00002,2023-01-27,17542956.52,"THE GEO GROUP, INC.",JMLKZZ1NL2Z6,DELIVERY ORDER,U.S. Immigration and Customs Enforcement,561210,FACILITIES SUPPORT SERVICES,S206,HOUSEKEEPING- GUARD,"ADDING FUNDS FOR DETENTION AND TRANSPORTATION SERVICES AT NORTHWEST DETENTION CENTER, TACOMA"
70CDCR19FR0000058,CONT_AWD_70CDCR19FR0000058_7012_70CDCR19D00000011_7012,P00005,2023-01-31,0.0,"THE GEO GROUP, INC.",JMLKZZ1NL2Z6,DELIVERY ORDER,U.S. Immigration and Customs Enforcement,561210,FACILITIES SUPPORT SERVICES,S206,HOUSEKEEPING- GUARD,DETENTION SERVICES
70CDCR22FC0000012,CONT_AWD_70CDCR22FC0000012_7012_70CDCR18A00000007_7012,P00002,2023-02-03,71300.0,"THE GEO GROUP, INC.",JMLKZZ1NL2Z6,BPA CALL,U.S. Immigration and Customs Enforcement,922140,CORRECTIONAL INSTITUTIONS,S206,HOUSEKEEPING- GUARD,DETAINEE BED DAYS AT THE ROBERT A. DEYTON DETENTION FACILITY
70CDCR22FR0000044,CONT_AWD_70CDCR22FR0000044_7012_70CDCR21D00000004_7012,P00004,2023-02-03,9496194.09,"THE GEO GROUP, INC.",JMLKZZ1NL2Z6,DELIVERY ORDER,U.S. Immigration and Customs Enforcement,561612,SECURITY GUARDS AND PATROL SERVICES,S206,HOUSEKEEPING- GUARD,MIA AOR DETENTION AND TRANSPORTATION SERVICES
70CDCR21FC0000008,CONT_AWD_70CDCR21FC0000008_7012_HSCEDM14A00001_7012,P00012,2023-02-06,-324407.36,"THE GEO GROUP, INC.",JMLKZZ1NL2Z6,BPA CALL,U.S. Immigration and Customs Enforcement,922140,CORRECTIONAL INSTITUTIONS,S206,HOUSEKEEPING- GUARD,CLOSEOUT MODIFICATION
70CDCR22FR0000041,CONT_AWD_70CDCR22FR0000041_7012_70CDCR20D00000012_7012,P00006,2023-02-08,13358813.85,"THE GEO GROUP, INC.",JMLKZZ1NL2Z6,DELIVERY ORDER,U.S. Immigration and Customs Enforcement,922140,CORRECTIONAL INSTITUTIONS,S206,HOUSEKEEPING- GUARD,SOUTH TEXAS DETENTION COMPLEX FUNDING MODIFICATION
70CDCR22FR0000045,CONT_AWD_70CDCR22FR0000045_7012_HSCEDM17D00009_7012,P00003,2023-02-08,11780552.06,"THE GEO GROUP, INC.",JMLKZZ1NL2Z6,DELIVERY ORDER,U.S. Immigration and Customs Enforcement,561210,FACILITIES SUPPORT SERVICES,S206,HOUSEKEEPING- GUARD,ADMIN MOD- PRICE ADJUSTMENT
70CDCR22FR0000002,CONT_AWD_70CDCR22FR0000002_7012_HSCEDM15D00015_7012,P00018,2023-02-09,66704.32,"THE GEO GROUP, INC.",JMLKZZ1NL2Z6,DELIVERY ORDER,U.S. Immigration and Customs Enforcement,561210,FACILITIES SUPPORT SERVICES,S206,HOUSEKEEPING- GUARD,"THIS MODIFICATION IS TO ADD PRIOR YEAR FUNDS FOR DETENTION SERVICES AT NORTHWEST DETENTION CENTER, TACOMA"
70CDCR23FR0000001,CONT_AWD_70CDCR23FR0000001_7012_70CDCR22D00000001_7012,P00003,2023-02-09,14784641.23,"THE GEO GROUP, INC.",JMLKZZ1NL2Z6,DELIVERY ORDER,U.S. Immigration and Customs Enforcement,561210,FACILITIES SUPPORT SERVICES,S206,HOUSEKEEPING- GUARD,"ADDING FUNDS FOR DETENTION, TRANSPORTATION AND MEDICAL SERVICES FOR DENVER (AURORA) CONTRACT DETENTION FACILITY"
70CDCR22FR0000034,CONT_AWD_70CDCR22FR0000034_7012_70CDCR20D00000011_7012,P00006,2023-02-10,103571671.0,B.I. INCORPORATED,PKK6L9KLMYR5,DELIVERY ORDER,U.S. Immigration and Customs Enforcement,561210,FACILITIES SUPPORT SERVICES,R408,SUPPORT- PROFESSIONAL: PROGRAM MANAGEMENT/SUPPORT,INTENSIVE SUPERVISION APPEARANCE PROGRAM (ISAP IV)
70CDCR22FC0000011,CONT_AWD_70CDCR22FC0000011_7012_HSCEDM14A00001_7012,P00008,2023-02-13,2042200.0,"THE GEO GROUP, INC.",JMLKZZ1NL2Z6,BPA CALL,U.S. Immigration and Customs Enforcement,922140,CORRECTIONAL INSTITUTIONS,S206,HOUSEKEEPING- GUARD,FUNDING MOD FOR RIO GRANDE FACILITY WITH GEO GROUP UNDER DOJ NUMBER ODT-7-C-0003. (POP 4/1/22 - 3/31/23)  COR:  JOSE LONGORIA
70CDCR23FR0000009,CONT_AWD_70CDCR23FR0000009_7012_70CDCR20D00000008_7012,P00001,2023-02-13,10760881.83,"THE GEO GROUP, INC.",JMLKZZ1NL2Z6,DELIVERY ORDER,U.S. Immigration and Customs Enforcement,561612,SECURITY GUARDS AND PATROL SERVICES,S206,HOUSEKEEPING- GUARD,THE PURPOSE OF THIS MODIFICATION IS TO INCREASE FUNDING UNDER THE TASK ORDER.
70CDCR23FR0000014,CONT_AWD_70CDCR23FR0000014_7012_70CDCR20D00000009_7012,P00001,2023-02-13,26320686.0,"THE GEO GROUP, INC.",JMLKZZ1NL2Z6,DELIVERY ORDER,U.S. Immigration and Customs Enforcement,561612,SECURITY GUARDS AND PATROL SERVICES,S206,HOUSEKEEPING- GUARD,ADDING FUNDS FOR DETENTION SERVICES IN THE LOS ANGELES AREA OF RESPONSIBILITY
70CDCR22FR0000034,CONT_AWD_70CDCR22FR0000034_7012_70CDCR20D00000011_7012,P00007,2023-02-14,21000000.0,B.I. INCORPORATED,PKK6L9KLMYR5,DELIVERY ORDER,U.S. Immigration and Customs Enforcement,561210,FACILITIES SUPPORT SERVICES,R408,SUPPORT- PROFESSIONAL: PROGRAM MANAGEMENT/SUPPORT,INTENSIVE SUPERVISION APPEARANCE PROGRAM (ISAP IV)
70CDCR22FR0000045,CONT_AWD_70CDCR22FR0000045_7012_HSCEDM17D00009_7012,P00004,2023-02-15,0.0,"THE GEO GROUP, INC.",JMLKZZ1NL2Z6,DELIVERY ORDER,U.S. Immigration and Customs Enforcement,561210,FACILITIES SUPPORT SERVICES,S206,HOUSEKEEPING- GUARD,COR UPDATE
70CDCR21FR0000057,CONT_AWD_70CDCR21FR0000057_7012_HSCEDM17D00009_7012,P00015,2023-02-27,0.0,"THE GEO GROUP, INC.",JMLKZZ1NL2Z6,DELIVERY ORDER,U.S. Immigration and Customs Enforcement,561210,FACILITIES SUPPORT SERVICES,S206,HOUSEKEEPING- GUARD,COR UPDATE
HSCEDM12F00004,CONT_AWD_HSCEDM12F00004_7012_HSCEDM09D00006_7012,P00028,2023-03-08,0.0,"THE GEO GROUP, INC.",JMLKZZ1NL2Z6,DELIVERY ORDER,U.S. Immigration and Customs Enforcement,561621,SECURITY SYSTEMS SERVICES (EXCEPT LOCKSMITHS),S206,HOUSEKEEPING- GUARD,DE-OBLIGATE DETENTION BED FUNDING
70CDCR21FR0000051,CONT_AWD_70CDCR21FR0000051_7012_70CDCR20D00000012_7012,P00014,2023-03-11,-202769.95,"THE GEO GROUP, INC.",JMLKZZ1NL2Z6,DELIVERY ORDER,U.S. Immigration and Customs Enforcement,922140,CORRECTIONAL INSTITUTIONS,S206,HOUSEKEEPING- GUARD,SOUTH TEXAS DETENTION COMPLEX FUNDING. CLOSEOUT MODIFICATION.
HSCEDM11J00054,CONT_AWD_HSCEDM11J00054_7012_HSCEDM11D00003_7012,P00019,2023-03-13,0.0,"THE GEO GROUP, INC.",JMLKZZ1NL2Z6,DELIVERY ORDER,U.S. Immigration and Customs Enforcement,561210,FACILITIES SUPPORT SERVICES,S206,HOUSEKEEPING- GUARD,CRITICAL FUNCTION. DETENTION MANAGEMENT AURORA CDF.
70CDCR22FC0000011,CONT_AWD_70CDCR22FC0000011_7012_HSCEDM14A00001_7012,P00009,2023-03-14,0.0,"THE GEO GROUP, INC.",JMLKZZ1NL2Z6,BPA CALL,U.S. Immigration and Customs Enforcement,922140,CORRECTIONAL INSTITUTIONS,S206,HOUSEKEEPING- GUARD,RATE UPDATE
70CDCR22FR0000012,CONT_AWD_70CDCR22FR0000012_7012_70CDCR20D00000008_7012,P00009,2023-03-16,-314767.05,"THE GEO GROUP, INC.",JMLKZZ1NL2Z6,DELIVERY ORDER,U.S. Immigration and Customs Enforcement,561612,SECURITY GUARDS AND PATROL SERVICES,S206,HOUSEKEEPING- GUARD,DEOBLIGATE EXCESS FUNDS AND CLOSE OUT
70CDCR21P00000004,CONT_AWD_70CDCR21P00000004_7012_-NONE-_-NONE-,P00002,2023-03-22,-6426.6,"THE GEO GROUP, INC.",JMLKZZ1NL2Z6,PURCHASE ORDER,U.S. Immigration and Customs Enforcement,925110,ADMINISTRATION OF HOUSING PROGRAMS,R429,SUPPORT- PROFESSIONAL: EMERGENCY RESPONSE/DISASTER PLANNING/PREPAREDNESS SUPPORT,DETAINEE HOUSING COST FOR EMERGENCY SITUATION-INCLEMENT WEATHER
HSCECR11J00001,CONT_AWD_HSCECR11J00001_7012_HSCECR09D00002_7012,P00017,2023-03-22,0.0,B.I. INCORPORATED,PKK6L9KLMYR5,DELIVERY ORDER,U.S. Immigration and Customs Enforcement,561210,FACILITIES SUPPORT SERVICES,R408,SUPPORT- PROFESSIONAL: PROGRAM MANAGEMENT/SUPPORT,OPTION YEAR 1 TASK ORDER AWARD ISAP II (BASE CONTRACT# HSCECR-09-D-00002)
HSCEDM14J00033,CONT_AWD_HSCEDM14J00033_7012_HSCEDM14D00004_7012,P00012,2023-03-27,0.0,B.I. INCORPORATED,PKK6L9KLMYR5,DELIVERY ORDER,U.S. Immigration and Customs Enforcement,561210,FACILITIES SUPPORT SERVICES,R408,SUPPORT- PROFESSIONAL: PROGRAM MANAGEMENT/SUPPORT,INTENSIVE SUPERVISION APPEARANCE PROGRAM III FOR ATD.
70CDCR22FR0000001,CONT_AWD_70CDCR22FR0000001_7012_70CDCR22D00000001_7012,P00011,2023-03-28,-978390.77,"THE GEO GROUP, INC.",JMLKZZ1NL2Z6,DELIVERY ORDER,U.S. Immigration and Customs Enforcement,561210,FACILITIES SUPPORT SERVICES,S206,HOUSEKEEPING- GUARD,"INCREMENTAL FUNDING FOR DETENTION, TRANSPORTATION AND MEDICAL SERVICES FOR DENVER (AURORA) CONTRACT DETENTION FACILITY"
HSCEDM14J00031,CONT_AWD_HSCEDM14J00031_7012_HSCEDM11D00003_7012,P00011,2023-03-28,0.0,"THE GEO GROUP, INC.",JMLKZZ1NL2Z6,DELIVERY ORDER,U.S. Immigration and Customs Enforcement,561210,FACILITIES SUPPORT SERVICES,S206,HOUSEKEEPING- GUARD,"DETENTION MANAGEMENT, MEDICAL, TRANSPORTATION, FOOD SERVICES FOR DHS/ICE AURORA, CO GEO GROUP COCA FACILITY."
70CDCR22FR0000034,CONT_AWD_70CDCR22FR0000034_7012_70CDCR20D00000011_7012,P00008,2023-03-30,22000000.0,B.I. INCORPORATED,PKK6L9KLMYR5,DELIVERY ORDER,U.S. Immigration and Customs Enforcement,561210,FACILITIES SUPPORT SERVICES,R408,SUPPORT- PROFESSIONAL: PROGRAM MANAGEMENT/SUPPORT,ADMINISTRATIVE ACCOUNTING CORRECTION
HSCEDM16J00047,CONT_AWD_HSCEDM16J00047_7012_HSCEDM15D00011_7012,P00008,2023-04-03,0.0,"GEO CARE SERVICES, LLC",G6XJKMJUNB91,DELIVERY ORDER,U.S. Immigration and Customs Enforcement,624190,OTHER INDIVIDUAL AND FAMILY SERVICES,G099,SOCIAL- OTHER,FAMILY CASE MANAGEMENT SERVICES
HSCEDM16J00052,CONT_AWD_HSCEDM16J00052_7012_HSCEDM15D00015_7012,P00013,2023-04-04,0.0,"THE GEO GROUP, INC.",JMLKZZ1NL2Z6,DELIVERY ORDER,U.S. Immigration and Customs Enforcement,561210,FACILITIES SUPPORT SERVICES,S206,HOUSEKEEPING- GUARD,"DETENTION, TRANSPORTATION AND FOOD SERVICES"
70CDCR22FR0000041,CONT_AWD_70CDCR22FR0000041_7012_70CDCR20D00000012_7012,P00007,2023-04-05,118262.53,"THE GEO GROUP, INC.",JMLKZZ1NL2Z6,DELIVERY ORDER,U.S. Immigration and Customs Enforcement,922140,CORRECTIONAL INSTITUTIONS,S206,HOUSEKEEPING- GUARD,SOUTH TEXAS DETENTION COMPLEX - RETROACTIVE PAYMENT FOR REA
70CDCR23FC0000010,CONT_AWD_70CDCR23FC0000010_7012_HSCEDM14A00001_7012,0,2023-04-10,493400.0,"THE GEO GROUP, INC.",JMLKZZ1NL2Z6,BPA CALL,U.S. Immigration and Customs Enforcement,922140,CORRECTIONAL INSTITUTIONS,S206,HOUSEKEEPING- GUARD,RIO GRANDE DETENTION CENTER  COR:  JOSE LONGORIA
70CDCR22FR0000034,CONT_AWD_70CDCR22FR0000034_7012_70CDCR20D00000011_7012,P00009,2023-04-11,-22000000.0,B.I. INCORPORATED,PKK6L9KLMYR5,DELIVERY ORDER,U.S. Immigration and Customs Enforcement,561210,FACILITIES SUPPORT SERVICES,R408,SUPPORT- PROFESSIONAL: PROGRAM MANAGEMENT/SUPPORT,ADMINISTRATIVE ACCOUNTING CORRECTION
HSCEDM17J00017,CONT_AWD_HSCEDM17J00017_7012_HSCEDM12D00001_7012,P00004,2023-04-11,0.0,"THE GEO GROUP, INC.",JMLKZZ1NL2Z6,DELIVERY ORDER,U.S. Immigration and Customs Enforcement,561210,FACILITIES SUPPORT SERVICES,S206,HOUSEKEEPING- GUARD,DETENTION SERVICES AT THE SOUTH TEXAS DETENTION CENTER
HSCEDM15J00041,CONT_AWD_HSCEDM15J00041_7012_HSCEDM15D00011_7012,P00009,2023-04-12,0.0,"GEO CARE SERVICES, LLC",G6XJKMJUNB91,DELIVERY ORDER,U.S. Immigration and Customs Enforcement,624190,OTHER INDIVIDUAL AND FAMILY SERVICES,G099,SOCIAL- OTHER,TASK ORDER FOR FAMILY CASE MANAGEMENT SERVICES [NY]
HSCEDM17P00032,CONT_AWD_HSCEDM17P00032_7012_-NONE-_-NONE-,P00001,2023-04-13,0.0,"CORNELL COMPANIES, INC.",TLDCDE29G781,PURCHASE ORDER,U.S. Immigration and Customs Enforcement,561612,SECURITY GUARDS AND PATROL SERVICES,S206,HOUSEKEEPING- GUARD,INCLEMENT WEATHER HOUSING
70CDCR22FC0000012,CONT_AWD_70CDCR22FC0000012_7012_70CDCR18A00000007_7012,P00003,2023-04-18,44600.0,"THE GEO GROUP, INC.",JMLKZZ1NL2Z6,BPA CALL,U.S. Immigration and Customs Enforcement,922140,CORRECTIONAL INSTITUTIONS,S206,HOUSEKEEPING- GUARD,DETAINEE BED DAYS AT THE ROBERT A. DEYTON DETENTION FACILITY
70CDCR20FR0000066,CONT_AWD_70CDCR20FR0000066_7012_HSCEDM11D00003_7012,P00010,2023-04-19,-73866.5,"THE GEO GROUP, INC.",JMLKZZ1NL2Z6,DELIVERY ORDER,U.S. Immigration and Customs Enforcement,561210,FACILITIES SUPPORT SERVICES,S206,HOUSEKEEPING- GUARD,"DE-OBLIGATION DETENTION MANAGEMENT/MEDICAL/TRANSPORTATION FOR AURORA, CO"
70CDCR22FR0000010,CONT_AWD_70CDCR22FR0000010_7012_70CDCR20D00000009_7012,P00013,2023-04-25,-3905065.95,"THE GEO GROUP, INC.",JMLKZZ1NL2Z6,DELIVERY ORDER,U.S. Immigration and Customs Enforcement,561612,SECURITY GUARDS AND PATROL SERVICES,S206,HOUSEKEEPING- GUARD,DE-OBLIGATE AND CLOSEOUT TASK ORDER FOR DETENTION SERVICES IN THE LOS ANGELES AREA OF RESPONSIBILITY
70CDCR23FC0000010,CONT_AWD_70CDCR23FC0000010_7012_HSCEDM14A00001_7012,P00001,2023-04-25,554900.0,"THE GEO GROUP, INC.",JMLKZZ1NL2Z6,BPA CALL,U.S. Immigration and Customs Enforcement,922140,CORRECTIONAL INSTITUTIONS,S206,HOUSEKEEPING- GUARD,RIO GRANDE DETENTION CENTER  COR:  JOSE LONGORIA
70CDCR22FR0000034,CONT_AWD_70CDCR22FR0000034_7012_70CDCR20D00000011_7012,P00010,2023-04-27,86901014.0,B.I. INCORPORATED,PKK6L9KLMYR5,DELIVERY ORDER,U.S. Immigration and Customs Enforcement,561210,FACILITIES SUPPORT SERVICES,R408,SUPPORT- PROFESSIONAL: PROGRAM MANAGEMENT/SUPPORT,ADD FUNDING
70CDCR22FR0000045,CONT_AWD_70CDCR22FR0000045_7012_HSCEDM17D00009_7012,P00005,2023-04-27,17206622.0,"THE GEO GROUP, INC.",JMLKZZ1NL2Z6,DELIVERY ORDER,U.S. Immigration and Customs Enforcement,561210,FACILITIES SUPPORT SERVICES,S206,HOUSEKEEPING- GUARD,FUNDING AND COR UPDATE
70CDCR23FR0000001,CONT_AWD_70CDCR23FR0000001_7012_70CDCR22D00000001_7012,P00004,2023-04-27,8770885.18,"THE GEO GROUP, INC.",JMLKZZ1NL2Z6,DELIVERY ORDER,U.S. Immigration and Customs Enforcement,561210,FACILITIES SUPPORT SERVICES,S206,HOUSEKEEPING- GUARD,"ADDING FUNDS FOR DETENTION, TRANSPORTATION AND MEDICAL SERVICES FOR DENVER (AURORA) CONTRACT DETENTION FACILITY"
70CDCR20FR0000008,CONT_AWD_70CDCR20FR0000008_7012_70CDCR20D00000009_7012,P00008,2023-05-04,-31767.26,"THE GEO GROUP, INC.",JMLKZZ1NL2Z6,DELIVERY ORDER,U.S. Immigration and Customs Enforcement,561612,SECURITY GUARDS AND PATROL SERVICES,S206,HOUSEKEEPING- GUARD,DE-OBLIGATION OF FUNDING AND CONTRACT CLOSEOUT
70CDCR23FR0000009,CONT_AWD_70CDCR23FR0000009_7012_70CDCR20D00000008_7012,P00002,2023-05-04,13747842.0,"THE GEO GROUP, INC.",JMLKZZ1NL2Z6,DELIVERY ORDER,U.S. Immigration and Customs Enforcement,561612,SECURITY GUARDS AND PATROL SERVICES,S206,HOUSEKEEPING- GUARD,THE PURPOSE OF THIS MODIFICATION IS TO INCREASE FUNDING UNDER THE TASK ORDER.
70CDCR23FR0000014,CONT_AWD_70CDCR23FR0000014_7012_70CDCR20D00000009_7012,P00002,2023-05-04,25465487.13,"THE GEO GROUP, INC.",JMLKZZ1NL2Z6,DELIVERY ORDER,U.S. Immigration and Customs Enforcement,561612,SECURITY GUARDS AND PATROL SERVICES,S206,HOUSEKEEPING- GUARD,ADDING FUNDS FOR DETENTION SERVICES IN THE LOS ANGELES AREA OF RESPONSIBILITY
70CDCR21FR0000004,CONT_AWD_70CDCR21FR0000004_7012_70CDCR20D00000009_7012,P00010,2023-05-05,-30114.36,"THE GEO GROUP, INC.",JMLKZZ1NL2Z6,DELIVERY ORDER,U.S. Immigration and Customs Enforcement,561612,SECURITY GUARDS AND PATROL SERVICES,S206,HOUSEKEEPING- GUARD,DE-OBLIGATE FUNDS AND CLOSEOUT THE CONTRACT
70CDCR21FR0000044,CONT_AWD_70CDCR21FR0000044_7012_70CDCR20D00000011_7012,P00007,2023-05-05,-228568.93,B.I. INCORPORATED,PKK6L9KLMYR5,DELIVERY ORDER,U.S. Immigration and Customs Enforcement,561210,FACILITIES SUPPORT SERVICES,R408,SUPPORT- PROFESSIONAL: PROGRAM MANAGEMENT/SUPPORT,DEOBLIGATION AND CLOSEOUT
70CDCR23FR0000001,CONT_AWD_70CDCR23FR0000001_7012_70CDCR22D00000001_7012,P00005,2023-05-08,442706.0,"THE GEO GROUP, INC.",JMLKZZ1NL2Z6,DELIVERY ORDER,U.S. Immigration and Customs Enforcement,561210,FACILITIES SUPPORT SERVICES,S206,HOUSEKEEPING- GUARD,"ADDING FUNDS FOR DETENTION, TRANSPORTATION AND MEDICAL SERVICES FOR DENVER (AURORA) CONTRACT DETENTION FACILITY"
70CDCR23FR0000002,CONT_AWD_70CDCR23FR0000002_7012_HSCEDM15D00015_7012,P00003,2023-05-08,17443900.0,"THE GEO GROUP, INC.",JMLKZZ1NL2Z6,DELIVERY ORDER,U.S. Immigration and Customs Enforcement,561210,FACILITIES SUPPORT SERVICES,S206,HOUSEKEEPING- GUARD,"ADDING FUNDS FOR DETENTION AND TRANSPORTATION SERVICES AT NORTHWEST DETENTION CENTER, TACOMA"
70CDCR22FR0000041,CONT_AWD_70CDCR22FR0000041_7012_70CDCR20D00000012_7012,P00008,2023-05-09,14154493.71,"THE GEO GROUP, INC.",JMLKZZ1NL2Z6,DELIVERY ORDER,U.S. Immigration and Customs Enforcement,922140,CORRECTIONAL INSTITUTIONS,S206,HOUSEKEEPING- GUARD,SOUTH TEXAS DETENTION COMPLEX - FUNDING MODIFICATION
70CDCR19FIGR00278,CONT_AWD_70CDCR19FIGR00278_7012_HSCEDM15D00006_7012,P00008,2023-05-10,0.0,"THE GEO GROUP, INC.",JMLKZZ1NL2Z6,DELIVERY ORDER,U.S. Immigration and Customs Enforcement,561210,FACILITIES SUPPORT SERVICES,S206,HOUSEKEEPING- GUARD,DETENTION SERVICES AT BROWARD TRANSITIONAL CENTER
70CDCR20FR0000050,CONT_AWD_70CDCR20FR0000050_7012_70CDCR20D00000012_7012,P00009,2023-05-10,0.0,"THE GEO GROUP, INC.",JMLKZZ1NL2Z6,DELIVERY ORDER,U.S. Immigration and Customs Enforcement,922140,CORRECTIONAL INSTITUTIONS,S206,HOUSEKEEPING- GUARD,"FAR 4.804, CONTRACT CLOSEOUT"
70CDCR22FR0000044,CONT_AWD_70CDCR22FR0000044_7012_70CDCR21D00000004_7012,P00005,2023-05-11,8836995.93,"THE GEO GROUP, INC.",JMLKZZ1NL2Z6,DELIVERY ORDER,U.S. Immigration and Customs Enforcement,561612,SECURITY GUARDS AND PATROL SERVICES,S206,HOUSEKEEPING- GUARD,MIA AOR DETENTION AND TRANSPORTATION SERVICES
70CDCR22FC0000011,CONT_AWD_70CDCR22FC0000011_7012_HSCEDM14A00001_7012,P00010,2023-05-30,-594476.3,"THE GEO GROUP, INC.",JMLKZZ1NL2Z6,BPA CALL,U.S. Immigration and Customs Enforcement,922140,CORRECTIONAL INSTITUTIONS,S206,HOUSEKEEPING- GUARD,CLOSEOUT MODIFICATION
70CDCR22FR0000001,CONT_AWD_70CDCR22FR0000001_7012_70CDCR22D00000001_7012,P00012,2023-05-31,0.0,"THE GEO GROUP, INC.",JMLKZZ1NL2Z6,DELIVERY ORDER,U.S. Immigration and Customs Enforcement,561210,FACILITIES SUPPORT SERVICES,S206,HOUSEKEEPING- GUARD,"INCREMENTAL FUNDING FOR DETENTION, TRANSPORTATION AND MEDICAL SERVICES FOR DENVER (AURORA) CONTRACT DETENTION FACILITY"
70CDCR23FR0000014,CONT_AWD_70CDCR23FR0000014_7012_70CDCR20D00000009_7012,P00003,2023-06-05,1527982.0,"THE GEO GROUP, INC.",JMLKZZ1NL2Z6,DELIVERY ORDER,U.S. Immigration and Customs Enforcement,561612,SECURITY GUARDS AND PATROL SERVICES,S206,HOUSEKEEPING- GUARD,ADDING FUNDS FOR DETENTION SERVICES IN THE LOS ANGELES AREA OF RESPONSIBILITY
70CDCR22FR0000041,CONT_AWD_70CDCR22FR0000041_7012_70CDCR20D00000012_7012,P00009,2023-07-11,381351.0,"THE GEO GROUP, INC.",JMLKZZ1NL2Z6,DELIVERY ORDER,U.S. Immigration and Customs Enforcement,922140,CORRECTIONAL INSTITUTIONS,S206,HOUSEKEEPING- GUARD,SOUTH TEXAS DETENTION COMPLEX - FUNDING MODIFICATION
70CDCR23FC0000014,CONT_AWD_70CDCR23FC0000014_7012_70CDCR18A00000007_7012,0,2023-07-17,75400.0,"THE GEO GROUP, INC.",JMLKZZ1NL2Z6,BPA CALL,U.S. Immigration and Customs Enforcement,922140,CORRECTIONAL INSTITUTIONS,S206,HOUSEKEEPING- GUARD,DETAINEE BED DAYS AT THE ROBERT A. DEYTON DETENTION FACILITY
70CDCR22FR0000045,CONT_AWD_70CDCR22FR0000045_7012_HSCEDM17D00009_7012,P00006,2023-07-19,76492.0,"THE GEO GROUP, INC.",JMLKZZ1NL2Z6,DELIVERY ORDER,U.S. Immigration and Customs Enforcement,561210,FACILITIES SUPPORT SERVICES,S206,HOUSEKEEPING- GUARD,FUNDING ONLY ACTION
70CDCR23FR0000014,CONT_AWD_70CDCR23FR0000014_7012_70CDCR20D00000009_7012,P00004,2023-07-19,9211434.0,"THE GEO GROUP, INC.",JMLKZZ1NL2Z6,DELIVERY ORDER,U.S. Immigration and Customs Enforcement,561612,SECURITY GUARDS AND PATROL SERVICES,S206,HOUSEKEEPING- GUARD,ADDING FUNDS FOR DETENTION SERVICES IN THE LOS ANGELES AREA OF RESPONSIBILITY
70CDCR22FR0000044,CONT_AWD_70CDCR22FR0000044_7012_70CDCR21D00000004_7012,P00006,2023-07-21,5722011.73,"THE GEO GROUP, INC.",JMLKZZ1NL2Z6,DELIVERY ORDER,U.S. Immigration and Customs Enforcement,561612,SECURITY GUARDS AND PATROL SERVICES,S206,HOUSEKEEPING- GUARD,MIA AOR DETENTION AND TRANSPORTATION SERVICES
70CDCR23FR0000001,CONT_AWD_70CDCR23FR0000001_7012_70CDCR22D00000001_7012,P00006,2023-07-24,4654451.98,"THE GEO GROUP, INC.",JMLKZZ1NL2Z6,DELIVERY ORDER,U.S. Immigration and Customs Enforcement,561210,FACILITIES SUPPORT SERVICES,S206,HOUSEKEEPING- GUARD,"FUNDS FOR DETENTION, TRANSPORTATION, AND MEDICAL SERVICES FOR DENVER (AURORA) CONTRACT DETENTION FACILITY"
70CDCR22FR0000034,CONT_AWD_70CDCR22FR0000034_7012_70CDCR20D00000011_7012,P00011,2023-07-27,-48800000.0,B.I. INCORPORATED,PKK6L9KLMYR5,DELIVERY ORDER,U.S. Immigration and Customs Enforcement,561210,FACILITIES SUPPORT SERVICES,R408,SUPPORT- PROFESSIONAL: PROGRAM MANAGEMENT/SUPPORT,DEOBLIGATION
70CDCR22FR0000041,CONT_AWD_70CDCR22FR0000041_7012_70CDCR20D00000012_7012,P00010,2023-07-27,5116175.0,"THE GEO GROUP, INC.",JMLKZZ1NL2Z6,DELIVERY ORDER,U.S. Immigration and Customs Enforcement,922140,CORRECTIONAL INSTITUTIONS,S206,HOUSEKEEPING- GUARD,SOUTH TEXAS DETENTION COMPLEX - FUNDING MODIFICATION
70CDCR23FR0000042,CONT_AWD_70CDCR23FR0000042_7012_70CDCR20D00000011_7012,0,2023-07-31,68784415.0,B.I. INCORPORATED,PKK6L9KLMYR5,DELIVERY ORDER,U.S. Immigration and Customs Enforcement,561210,FACILITIES SUPPORT SERVICES,R408,SUPPORT- PROFESSIONAL: PROGRAM MANAGEMENT/SUPPORT,INTENSIVE SUPERVISION APPEARANCE PROGRAM (ISAP IV)
70CDCR22FR0000045,CONT_AWD_70CDCR22FR0000045_7012_HSCEDM17D00009_7012,P00007,2023-08-02,6166100.0,"THE GEO GROUP, INC.",JMLKZZ1NL2Z6,DELIVERY ORDER,U.S. Immigration and Customs Enforcement,561210,FACILITIES SUPPORT SERVICES,S206,HOUSEKEEPING- GUARD,FUNDING ONLY ACTION
70CDCR23FC0000010,CONT_AWD_70CDCR23FC0000010_7012_HSCEDM14A00001_7012,P00002,2023-08-02,664400.0,"THE GEO GROUP, INC.",JMLKZZ1NL2Z6,BPA CALL,U.S. Immigration and Customs Enforcement,922140,CORRECTIONAL INSTITUTIONS,S206,HOUSEKEEPING- GUARD,RIO GRANDE DETENTION CENTER FUNDING MODIFICATION
70CDCR23FR0000002,CONT_AWD_70CDCR23FR0000002_7012_HSCEDM15D00015_7012,P00004,2023-08-02,6907577.62,"THE GEO GROUP, INC.",JMLKZZ1NL2Z6,DELIVERY ORDER,U.S. Immigration and Customs Enforcement,561210,FACILITIES SUPPORT SERVICES,S206,HOUSEKEEPING- GUARD,"ADDING FUNDS FOR DETENTION AND TRANSPORTATION SERVICES AT NORTHWEST DETENTION CENTER, TACOMA"
70CDCR23FR0000009,CONT_AWD_70CDCR23FR0000009_7012_70CDCR20D00000008_7012,P00003,2023-08-03,6922106.67,"THE GEO GROUP, INC.",JMLKZZ1NL2Z6,DELIVERY ORDER,U.S. Immigration and Customs Enforcement,561612,SECURITY GUARDS AND PATROL SERVICES,S206,HOUSEKEEPING- GUARD,THE PURPOSE OF THIS MODIFICATION IS TO INCREASE FUNDING UNDER THE TASK ORDER.
70CDCR23FR0000045,CONT_AWD_70CDCR23FR0000045_7012_70CDCR20D00000012_7012,0,2023-08-04,4713717.0,"THE GEO GROUP, INC.",JMLKZZ1NL2Z6,DELIVERY ORDER,U.S. Immigration and Customs Enforcement,922140,CORRECTIONAL INSTITUTIONS,S206,HOUSEKEEPING- GUARD,DETENTION AND TRANSPORTATION SERVICES - SOUTH TEXAS ICE PROCESSING CENTER (STIPC)  POP 06 AUG 2023  - 05 AUG 2024
70CDCR23FC0000010,CONT_AWD_70CDCR23FC0000010_7012_HSCEDM14A00001_7012,P00003,2023-08-21,0.0,"THE GEO GROUP, INC.",JMLKZZ1NL2Z6,BPA CALL,U.S. Immigration and Customs Enforcement,922140,CORRECTIONAL INSTITUTIONS,S206,HOUSEKEEPING- GUARD,RIO GRANDE DETENTION CENTER FUNDING REALIGNMENT
70CDCR21FC0000011,CONT_AWD_70CDCR21FC0000011_7012_70CDCR18A00000007_7012,P00003,2023-08-22,-26463.19,"THE GEO GROUP, INC.",JMLKZZ1NL2Z6,BPA CALL,U.S. Immigration and Customs Enforcement,922140,CORRECTIONAL INSTITUTIONS,S206,HOUSEKEEPING- GUARD,DETAINEE BED DAYS AT THE ROBERT A. DEYTON DETENTION FACILITY
70CDCR23FR0000045,CONT_AWD_70CDCR23FR0000045_7012_70CDCR20D00000012_7012,P00001,2023-08-23,474911.0,"THE GEO GROUP, INC.",JMLKZZ1NL2Z6,DELIVERY ORDER,U.S. Immigration and Customs Enforcement,922140,CORRECTIONAL INSTITUTIONS,S206,HOUSEKEEPING- GUARD,DETENTION AND TRANSPORTATION SERVICES - SOUTH TEXAS ICE PROCESSING CENTER (STIPC)  POP 06 AUG 2023  - 05 AUG 2024
70CDCR23FR0000050,CONT_AWD_70CDCR23FR0000050_7012_HSCEDM17D00009_7012,0,2023-08-23,5110100.0,"THE GEO GROUP, INC.",JMLKZZ1NL2Z6,DELIVERY ORDER,U.S. Immigration and Customs Enforcement,561210,FACILITIES SUPPORT SERVICES,S206,HOUSEKEEPING- GUARD,MONTGOMERY PROCESSING CENTER DETENTION SERVICES
70CDCR23FR0000048,CONT_AWD_70CDCR23FR0000048_7012_70CDCR21D00000004_7012,0,2023-08-25,3218788.23,"THE GEO GROUP, INC.",JMLKZZ1NL2Z6,DELIVERY ORDER,U.S. Immigration and Customs Enforcement,561612,SECURITY GUARDS AND PATROL SERVICES,S206,HOUSEKEEPING- GUARD,"BROWARD COUNTY, FL DETENTION AND TRANSPORTATION SERVICES"
70CDCR23FR0000014,CONT_AWD_70CDCR23FR0000014_7012_70CDCR20D00000009_7012,P00005,2023-08-28,98850.0,"THE GEO GROUP, INC.",JMLKZZ1NL2Z6,DELIVERY ORDER,U.S. Immigration and Customs Enforcement,561612,SECURITY GUARDS AND PATROL SERVICES,S206,HOUSEKEEPING- GUARD,ADDING FUNDS FOR DETENTION SERVICES IN THE LOS ANGELES AREA OF RESPONSIBILITY
70CDCR22FR0000044,CONT_AWD_70CDCR22FR0000044_7012_70CDCR21D00000004_7012,P00007,2023-08-29,455270.8,"THE GEO GROUP, INC.",JMLKZZ1NL2Z6,DELIVERY ORDER,U.S. Immigration and Customs Enforcement,561612,SECURITY GUARDS AND PATROL SERVICES,S206,HOUSEKEEPING- GUARD,MIA AOR DETENTION AND TRANSPORTATION SERVICES
70CDCR23FR0000014,CONT_AWD_70CDCR23FR0000014_7012_70CDCR20D00000009_7012,P00006,2023-08-30,673567.9,"THE GEO GROUP, INC.",JMLKZZ1NL2Z6,DELIVERY ORDER,U.S. Immigration and Customs Enforcement,561612,SECURITY GUARDS AND PATROL SERVICES,S206,HOUSEKEEPING- GUARD,ADDING FUNDS FOR DETENTION SERVICES IN THE LOS ANGELES AREA OF RESPONSIBILITY
70CDCR23FR0000001,CONT_AWD_70CDCR23FR0000001_7012_70CDCR22D00000001_7012,P00007,2023-09-05,3711100.0,"THE GEO GROUP, INC.",JMLKZZ1NL2Z6,DELIVERY ORDER,U.S. Immigration and Customs Enforcement,561210,FACILITIES SUPPORT SERVICES,S206,HOUSEKEEPING- GUARD,"FUNDS FOR DETENTION, TRANSPORTATION, AND MEDICAL SERVICES FOR DENVER (AURORA) CONTRACT DETENTION FACILITY"
70CDCR23FR0000009,CONT_AWD_70CDCR23FR0000009_7012_70CDCR20D00000008_7012,P00004,2023-09-07,7170116.86,"THE GEO GROUP, INC.",JMLKZZ1NL2Z6,DELIVERY ORDER,U.S. Immigration and Customs Enforcement,561612,SECURITY GUARDS AND PATROL SERVICES,S206,HOUSEKEEPING- GUARD,THE PURPOSE OF THIS MODIFICATION IS TO INCREASE FUNDING UNDER THE TASK ORDER.
70CDCR23FR0000014,CONT_AWD_70CDCR23FR0000014_7012_70CDCR20D00000009_7012,P00007,2023-09-07,9849216.0,"THE GEO GROUP, INC.",JMLKZZ1NL2Z6,DELIVERY ORDER,U.S. Immigration and Customs Enforcement,561612,SECURITY GUARDS AND PATROL SERVICES,S206,HOUSEKEEPING- GUARD,ADDING FUNDS FOR DETENTION SERVICES IN THE LOS ANGELES AREA OF RESPONSIBILITY
70CDCR22FR0000034,CONT_AWD_70CDCR22FR0000034_7012_70CDCR20D00000011_7012,P00012,2023-09-11,-3105396.07,B.I. INCORPORATED,PKK6L9KLMYR5,DELIVERY ORDER,U.S. Immigration and Customs Enforcement,561210,FACILITIES SUPPORT SERVICES,R408,SUPPORT- PROFESSIONAL: PROGRAM MANAGEMENT/SUPPORT,DEOBLIGATION
70CDCR23FR0000001,CONT_AWD_70CDCR23FR0000001_7012_70CDCR22D00000001_7012,P00008,2023-09-12,5286100.0,"THE GEO GROUP, INC.",JMLKZZ1NL2Z6,DELIVERY ORDER,U.S. Immigration and Customs Enforcement,561210,FACILITIES SUPPORT SERVICES,S206,HOUSEKEEPING- GUARD,"FUNDS FOR DETENTION, TRANSPORTATION, AND MEDICAL SERVICES FOR DENVER (AURORA) CONTRACT DETENTION FACILITY"
70CDCR23FR0000014,CONT_AWD_70CDCR23FR0000014_7012_70CDCR20D00000009_7012,P00008,2023-09-12,9895883.0,"THE GEO GROUP, INC.",JMLKZZ1NL2Z6,DELIVERY ORDER,U.S. Immigration and Customs Enforcement,561612,SECURITY GUARDS AND PATROL SERVICES,S206,HOUSEKEEPING- GUARD,ADDING FUNDS FOR DETENTION SERVICES IN THE LOS ANGELES AREA OF RESPONSIBILITY
70CDCR22FR0000034,CONT_AWD_70CDCR22FR0000034_7012_70CDCR20D00000011_7012,P00013,2023-09-13,0.0,B.I. INCORPORATED,PKK6L9KLMYR5,DELIVERY ORDER,U.S. Immigration and Customs Enforcement,561210,FACILITIES SUPPORT SERVICES,R408,SUPPORT- PROFESSIONAL: PROGRAM MANAGEMENT/SUPPORT,MOVE/RE-ALIGN FUNDS
70CDCR23FR0000002,CONT_AWD_70CDCR23FR0000002_7012_HSCEDM15D00015_7012,P00005,2023-09-13,10535466.0,"THE GEO GROUP, INC.",JMLKZZ1NL2Z6,DELIVERY ORDER,U.S. Immigration and Customs Enforcement,561210,FACILITIES SUPPORT SERVICES,S206,HOUSEKEEPING- GUARD,"ADDING FUNDS FOR DETENTION AND TRANSPORTATION SERVICES AT NORTHWEST DETENTION CENTER, TACOMA"
70CDCR23FR0000045,CONT_AWD_70CDCR23FR0000045_7012_70CDCR20D00000012_7012,P00002,2023-09-14,3578601.0,"THE GEO GROUP, INC.",JMLKZZ1NL2Z6,DELIVERY ORDER,U.S. Immigration and Customs Enforcement,922140,CORRECTIONAL INSTITUTIONS,S206,HOUSEKEEPING- GUARD,DETENTION AND TRANSPORTATION SERVICES - SOUTH TEXAS ICE PROCESSING CENTER (STIPC)  POP 06 AUG 2023  - 05 AUG 2024
70CDCR23FR0000050,CONT_AWD_70CDCR23FR0000050_7012_HSCEDM17D00009_7012,P00001,2023-09-14,4181900.0,"THE GEO GROUP, INC.",JMLKZZ1NL2Z6,DELIVERY ORDER,U.S. Immigration and Customs Enforcement,561210,FACILITIES SUPPORT SERVICES,S206,HOUSEKEEPING- GUARD,MONTGOMERY PROCESSING CENTER DETENTION SERVICES
70CDCR23FR0000050,CONT_AWD_70CDCR23FR0000050_7012_HSCEDM17D00009_7012,P00002,2023-09-15,0.0,"THE GEO GROUP, INC.",JMLKZZ1NL2Z6,DELIVERY ORDER,U.S. Immigration and Customs Enforcement,561210,FACILITIES SUPPORT SERVICES,S206,HOUSEKEEPING- GUARD,MONTGOMERY PROCESSING CENTER DETENTION SERVICES
70CDCR23FC0000010,CONT_AWD_70CDCR23FC0000010_7012_HSCEDM14A00001_7012,P00004,2023-09-18,205000.0,"THE GEO GROUP, INC.",JMLKZZ1NL2Z6,BPA CALL,U.S. Immigration and Customs Enforcement,922140,CORRECTIONAL INSTITUTIONS,S206,HOUSEKEEPING- GUARD,RIO GRANDE DETENTION CENTER FUNDING MODIFICATION
70CDCR23FR0000042,CONT_AWD_70CDCR23FR0000042_7012_70CDCR20D00000011_7012,P00001,2023-09-18,28775396.07,B.I. INCORPORATED,PKK6L9KLMYR5,DELIVERY ORDER,U.S. Immigration and Customs Enforcement,561210,FACILITIES SUPPORT SERVICES,R408,SUPPORT- PROFESSIONAL: PROGRAM MANAGEMENT/SUPPORT,ADD FUNDING
70CDCR23FR0000048,CONT_AWD_70CDCR23FR0000048_7012_70CDCR21D00000004_7012,P00001,2023-09-18,50042.4,"THE GEO GROUP, INC.",JMLKZZ1NL2Z6,DELIVERY ORDER,U.S. Immigration and Customs Enforcement,561612,SECURITY GUARDS AND PATROL SERVICES,S206,HOUSEKEEPING- GUARD,BROWARD COUNTY FL DETENTION AND TRANSPORTATION SERVICES
70CDCR23FC0000014,CONT_AWD_70CDCR23FC0000014_7012_70CDCR18A00000007_7012,P00001,2023-09-19,0.0,"THE GEO GROUP, INC.",JMLKZZ1NL2Z6,BPA CALL,U.S. Immigration and Customs Enforcement,922140,CORRECTIONAL INSTITUTIONS,S206,HOUSEKEEPING- GUARD,THE PURPOSE OF THIS MODIFICATION IS TO CHANGE THE CORS.
70CDCR22FR0000044,CONT_AWD_70CDCR22FR0000044_7012_70CDCR21D00000004_7012,P00008,2023-09-20,5234.32,"THE GEO GROUP, INC.",JMLKZZ1NL2Z6,DELIVERY ORDER,U.S. Immigration and Customs Enforcement,561612,SECURITY GUARDS AND PATROL SERVICES,S206,HOUSEKEEPING- GUARD,MIA AOR DETENTION AND TRANSPORTATION SERVICES FUNDING
70CDCR20FR0000005,CONT_AWD_70CDCR20FR0000005_7012_70CDCR20D00000003_7012,P00007,2023-09-25,0.0,"THE GEO GROUP, INC.",JMLKZZ1NL2Z6,DELIVERY ORDER,U.S. Immigration and Customs Enforcement,561612,SECURITY GUARDS AND PATROL SERVICES,S206,HOUSEKEEPING- GUARD,DETENTION AND DETENTION RELATED SERVICES AT THE SOUTH TEXAS DETENTION COMPLEX (STDC)
70CDCR23FR0000002,CONT_AWD_70CDCR23FR0000002_7012_HSCEDM15D00015_7012,P00006,2023-09-25,316238.0,"THE GEO GROUP, INC.",JMLKZZ1NL2Z6,DELIVERY ORDER,U.S. Immigration and Customs Enforcement,561210,FACILITIES SUPPORT SERVICES,S206,HOUSEKEEPING- GUARD,"ADDING FUNDS FOR VIRTUAL ATTORNEY VISITATION (VAV) AND WINDOW TINT AT NORTHWEST DETENTION CENTER, TACOMA"
70CDCR23FR0000050,CONT_AWD_70CDCR23FR0000050_7012_HSCEDM17D00009_7012,P00003,2023-09-25,3855157.5,"THE GEO GROUP, INC.",JMLKZZ1NL2Z6,DELIVERY ORDER,U.S. Immigration and Customs Enforcement,561210,FACILITIES SUPPORT SERVICES,S206,HOUSEKEEPING- GUARD,MONTGOMERY PROCESSING CENTER DETENTION SERVICES
70CDCR23FC0000010,CONT_AWD_70CDCR23FC0000010_7012_HSCEDM14A00001_7012,P00005,2023-09-26,627455.0,"THE GEO GROUP, INC.",JMLKZZ1NL2Z6,BPA CALL,U.S. Immigration and Customs Enforcement,922140,CORRECTIONAL INSTITUTIONS,S206,HOUSEKEEPING- GUARD,RIO GRANDE DETENTION CENTER FUNDING MODIFICATION
70CDCR23FR0000048,CONT_AWD_70CDCR23FR0000048_7012_70CDCR21D00000004_7012,P00002,2023-09-26,304693.44,"THE GEO GROUP, INC.",JMLKZZ1NL2Z6,DELIVERY ORDER,U.S. Immigration and Customs Enforcement,561612,SECURITY GUARDS AND PATROL SERVICES,S206,HOUSEKEEPING- GUARD,VIRTUAL ATTORNEY VISITATION (VAV) BOOTHS INSTALLATION
70CDCR23FR0000050,CONT_AWD_70CDCR23FR0000050_7012_HSCEDM17D00009_7012,P00004,2023-09-27,0.0,"THE GEO GROUP, INC.",JMLKZZ1NL2Z6,DELIVERY ORDER,U.S. Immigration and Customs Enforcement,561210,FACILITIES SUPPORT SERVICES,S206,HOUSEKEEPING- GUARD,MONTGOMERY PROCESSING CENTER DETENTION SERVICES
70CDCR23FC0000010,CONT_AWD_70CDCR23FC0000010_7012_HSCEDM14A00001_7012,P00006,2023-09-28,0.0,"THE GEO GROUP, INC.",JMLKZZ1NL2Z6,BPA CALL,U.S. Immigration and Customs Enforcement,922140,CORRECTIONAL INSTITUTIONS,S206,HOUSEKEEPING- GUARD,RIO GRANDE DETENTION CENTER POP EXTENSION
70CDCR23FR0000001,CONT_AWD_70CDCR23FR0000001_7012_70CDCR22D00000001_7012,P00009,2023-09-28,0.0,"THE GEO GROUP, INC.",JMLKZZ1NL2Z6,DELIVERY ORDER,U.S. Immigration and Customs Enforcement,561210,FACILITIES SUPPORT SERVICES,S206,HOUSEKEEPING- GUARD,"FUNDS FOR DETENTION, TRANSPORTATION, AND MEDICAL SERVICES FOR DENVER (AURORA) CONTRACT DETENTION FACILITY"
70CDCR23FR0000042,CONT_AWD_70CDCR23FR0000042_7012_70CDCR20D00000011_7012,P00002,2023-09-28,2524375.19,B.I. INCORPORATED,PKK6L9KLMYR5,DELIVERY ORDER,U.S. Immigration and Customs Enforcement,561210,FACILITIES SUPPORT SERVICES,R408,SUPPORT- PROFESSIONAL: PROGRAM MANAGEMENT/SUPPORT,ADD FUNDING
70CDCR24FR0000001,CONT_AWD_70CDCR24FR0000001_7012_70CDCR22D00000001_7012,0,2023-10-14,6820696.0,"THE GEO GROUP, INC.",JMLKZZ1NL2Z6,DELIVERY ORDER,U.S. Immigration and Customs Enforcement,561210,FACILITIES SUPPORT SERVICES,S206,HOUSEKEEPING- GUARD,"DETENTION, TRANSPORTATION, AND MEDICAL SERVICES FOR DENVER (AURORA) CONTRACT DETENTION FACILITY"
70CDCR23FC0000010,CONT_AWD_70CDCR23FC0000010_7012_HSCEDM14A00001_7012,P00007,2023-10-24,223164.0,"THE GEO GROUP, INC.",JMLKZZ1NL2Z6,BPA CALL,U.S. Immigration and Customs Enforcement,922140,CORRECTIONAL INSTITUTIONS,S206,HOUSEKEEPING- GUARD,RIO GRANDE DETENTION CENTER FUNDING MODIFICATION
70CDCR23FC0000014,CONT_AWD_70CDCR23FC0000014_7012_70CDCR18A00000007_7012,P00002,2023-10-25,30000.0,"THE GEO GROUP, INC.",JMLKZZ1NL2Z6,BPA CALL,U.S. Immigration and Customs Enforcement,922140,CORRECTIONAL INSTITUTIONS,S206,HOUSEKEEPING- GUARD,THE PURPOSE OF THIS MODIFICATION IS TO OBLIGATE FUNDING.
70CDCR23FR0000045,CONT_AWD_70CDCR23FR0000045_7012_70CDCR20D00000012_7012,P00003,2023-10-25,9059253.98,"THE GEO GROUP, INC.",JMLKZZ1NL2Z6,DELIVERY ORDER,U.S. Immigration and Customs Enforcement,922140,CORRECTIONAL INSTITUTIONS,S206,HOUSEKEEPING- GUARD,DETENTION AND TRANSPORTATION SERVICES - SOUTH TEXAS ICE PROCESSING CENTER (STIPC)  POP 06 AUG 2023  - 05 AUG 2024
70CDCR24FR0000003,CONT_AWD_70CDCR24FR0000003_7012_HSCEDM15D00015_7012,0,2023-10-27,6447250.18,"THE GEO GROUP, INC.",JMLKZZ1NL2Z6,DELIVERY ORDER,U.S. Immigration and Customs Enforcement,561210,FACILITIES SUPPORT SERVICES,S206,HOUSEKEEPING- GUARD,NEW TASK ORDER FOR DETENTION AND TRANSPORTATION SERVICES FOR NORTHWEST DETENTION CENTER.
70CDCR23FR0000014,CONT_AWD_70CDCR23FR0000014_7012_70CDCR20D00000009_7012,P00009,2023-10-30,17807415.0,"THE GEO GROUP, INC.",JMLKZZ1NL2Z6,DELIVERY ORDER,U.S. Immigration and Customs Enforcement,561612,SECURITY GUARDS AND PATROL SERVICES,S206,HOUSEKEEPING- GUARD,ADDING FUNDS FOR DETENTION SERVICES IN THE LOS ANGELES AREA OF RESPONSIBILITY
70CDCR23FR0000009,CONT_AWD_70CDCR23FR0000009_7012_70CDCR20D00000008_7012,P00005,2023-11-01,9232121.07,"THE GEO GROUP, INC.",JMLKZZ1NL2Z6,DELIVERY ORDER,U.S. Immigration and Customs Enforcement,561612,SECURITY GUARDS AND PATROL SERVICES,S206,HOUSEKEEPING- GUARD,THE PURPOSE OF THIS MODIFICATION IS TO INCREASE FUNDING UNDER THE TASK ORDER.
70CDCR23FR0000042,CONT_AWD_70CDCR23FR0000042_7012_70CDCR20D00000011_7012,P00003,2023-11-01,24990420.0,B.I. INCORPORATED,PKK6L9KLMYR5,DELIVERY ORDER,U.S. Immigration and Customs Enforcement,561210,FACILITIES SUPPORT SERVICES,R408,SUPPORT- PROFESSIONAL: PROGRAM MANAGEMENT/SUPPORT,ADD FUNDING
70CDCR23FR0000050,CONT_AWD_70CDCR23FR0000050_7012_HSCEDM17D00009_7012,P00005,2023-11-02,1561255.0,"THE GEO GROUP, INC.",JMLKZZ1NL2Z6,DELIVERY ORDER,U.S. Immigration and Customs Enforcement,561210,FACILITIES SUPPORT SERVICES,S206,HOUSEKEEPING- GUARD,MONTGOMERY PROCESSING CENTER DETENTION SERVICES
70CDCR23FR0000002,CONT_AWD_70CDCR23FR0000002_7012_HSCEDM15D00015_7012,P00007,2023-11-07,4876433.18,"THE GEO GROUP, INC.",JMLKZZ1NL2Z6,DELIVERY ORDER,U.S. Immigration and Customs Enforcement,561210,FACILITIES SUPPORT SERVICES,S206,HOUSEKEEPING- GUARD,"ADDITIONAL FUNDING AT NORTHWEST DETENTION CENTER, TACOMA"
70CDCR23FR0000048,CONT_AWD_70CDCR23FR0000048_7012_70CDCR21D00000004_7012,P00003,2023-11-07,6444147.0,"THE GEO GROUP, INC.",JMLKZZ1NL2Z6,DELIVERY ORDER,U.S. Immigration and Customs Enforcement,561612,SECURITY GUARDS AND PATROL SERVICES,S206,HOUSEKEEPING- GUARD,VIRTUAL ATTORNEY VISITATION (VAV) BOOTHS INSTALLATION
HSCEDM17J00032,CONT_AWD_HSCEDM17J00032_7012_HSCEDM15D00015_7012,P00008,2023-11-15,0.0,"THE GEO GROUP, INC.",JMLKZZ1NL2Z6,DELIVERY ORDER,U.S. Immigration and Customs Enforcement,561210,FACILITIES SUPPORT SERVICES,S206,HOUSEKEEPING- GUARD,"DETENTION, TRANSPORTATION AND FOOD SERVICES"
70CDCR23FR0000001,CONT_AWD_70CDCR23FR0000001_7012_70CDCR22D00000001_7012,P00010,2023-11-27,989982.23,"THE GEO GROUP, INC.",JMLKZZ1NL2Z6,DELIVERY ORDER,U.S. Immigration and Customs Enforcement,561210,FACILITIES SUPPORT SERVICES,S206,HOUSEKEEPING- GUARD,"FUNDS FOR DETENTION, TRANSPORTATION, AND MEDICAL SERVICES FOR DENVER (AURORA) CONTRACT DETENTION FACILITY"
70CDCR23FR0000002,CONT_AWD_70CDCR23FR0000002_7012_HSCEDM15D00015_7012,P00008,2023-12-08,25453.9,"THE GEO GROUP, INC.",JMLKZZ1NL2Z6,DELIVERY ORDER,U.S. Immigration and Customs Enforcement,561210,FACILITIES SUPPORT SERVICES,S206,HOUSEKEEPING- GUARD,"ADDITIONAL FUNDING AT NORTHWEST DETENTION CENTER, TACOMA"
70CDCR22FR0000045,CONT_AWD_70CDCR22FR0000045_7012_HSCEDM17D00009_7012,P00008,2023-12-11,-1625717.64,"THE GEO GROUP, INC.",JMLKZZ1NL2Z6,DELIVERY ORDER,U.S. Immigration and Customs Enforcement,561210,FACILITIES SUPPORT SERVICES,S206,HOUSEKEEPING- GUARD,DEOBLIGATION ACTION
70CDCR23FR0000009,CONT_AWD_70CDCR23FR0000009_7012_70CDCR20D00000008_7012,P00006,2023-12-13,2714440.44,"THE GEO GROUP, INC.",JMLKZZ1NL2Z6,DELIVERY ORDER,U.S. Immigration and Customs Enforcement,561612,SECURITY GUARDS AND PATROL SERVICES,S206,HOUSEKEEPING- GUARD,THE PURPOSE OF THIS MODIFICATION IS TO INCREASE FUNDING UNDER THE TASK ORDER.
70CDCR23FR0000050,CONT_AWD_70CDCR23FR0000050_7012_HSCEDM17D00009_7012,P00006,2023-12-14,8167703.0,"THE GEO GROUP, INC.",JMLKZZ1NL2Z6,DELIVERY ORDER,U.S. Immigration and Customs Enforcement,561210,FACILITIES SUPPORT SERVICES,S206,HOUSEKEEPING- GUARD,MONTGOMERY PROCESSING CENTER DETENTION SERVICES
70CDCR23FR0000014,CONT_AWD_70CDCR23FR0000014_7012_70CDCR20D00000009_7012,P00010,2023-12-18,5604204.0,"THE GEO GROUP, INC.",JMLKZZ1NL2Z6,DELIVERY ORDER,U.S. Immigration and Customs Enforcement,561612,SECURITY GUARDS AND PATROL SERVICES,S206,HOUSEKEEPING- GUARD,ADDING FUNDS FOR DETENTION SERVICES IN THE LOS ANGELES AREA OF RESPONSIBILITY
70CDCR24FR0000011,CONT_AWD_70CDCR24FR0000011_7012_70CDCR20D00000009_7012,0,2023-12-18,7100303.55,"THE GEO GROUP, INC.",JMLKZZ1NL2Z6,DELIVERY ORDER,U.S. Immigration and Customs Enforcement,561612,SECURITY GUARDS AND PATROL SERVICES,S206,HOUSEKEEPING- GUARD,ESTABLISH NEW TASK ORDER FOR DETENTION SERVICES AT ADELANTO
70CDCR24FR0000010,CONT_AWD_70CDCR24FR0000010_7012_70CDCR20D00000008_7012,0,2023-12-19,4790099.2,"THE GEO GROUP, INC.",JMLKZZ1NL2Z6,DELIVERY ORDER,U.S. Immigration and Customs Enforcement,561612,SECURITY GUARDS AND PATROL SERVICES,S206,HOUSEKEEPING- GUARD,NEW TASK ORDER FOR DETENTION SERVICES AT MESA VERDE AND GOLDEN STATE FACILITIES. TASK ORDER POP: 12/20/23 - 12/19/24
70CDCR24FR0000012,CONT_AWD_70CDCR24FR0000012_7012_70CDCR20D00000009_7012,0,2023-12-19,2400000.0,"THE GEO GROUP, INC.",JMLKZZ1NL2Z6,DELIVERY ORDER,U.S. Immigration and Customs Enforcement,561612,SECURITY GUARDS AND PATROL SERVICES,S206,HOUSEKEEPING- GUARD,NEW TASK ORDER FOR DETENTION SERVICES DESERT VIEW (DV) ANNEX IN THE LOS ANGELES AREA OF RESPONSIBILITY
70CDCR23FR0000045,CONT_AWD_70CDCR23FR0000045_7012_70CDCR20D00000012_7012,P00004,2023-12-20,9143500.0,"THE GEO GROUP, INC.",JMLKZZ1NL2Z6,DELIVERY ORDER,U.S. Immigration and Customs Enforcement,922140,CORRECTIONAL INSTITUTIONS,S206,HOUSEKEEPING- GUARD,DETENTION AND TRANSPORTATION SERVICES - SOUTH TEXAS ICE PROCESSING CENTER (STIPC)  POP 06 AUG 2023  - 05 AUG 2024
70CDCR24FR0000012,CONT_AWD_70CDCR24FR0000012_7012_70CDCR20D00000009_7012,P00001,2023-12-20,299957.0,"THE GEO GROUP, INC.",JMLKZZ1NL2Z6,DELIVERY ORDER,U.S. Immigration and Customs Enforcement,561612,SECURITY GUARDS AND PATROL SERVICES,S206,HOUSEKEEPING- GUARD,ADDING FUNDS FOR DETENTION SERVICES IN THE LOS ANGELES AREA OF RESPONSIBILITY
70CDCR23FR0000042,CONT_AWD_70CDCR23FR0000042_7012_70CDCR20D00000011_7012,P00004,2023-12-21,48575543.0,B.I. INCORPORATED,PKK6L9KLMYR5,DELIVERY ORDER,U.S. Immigration and Customs Enforcement,561210,FACILITIES SUPPORT SERVICES,R408,SUPPORT- PROFESSIONAL: PROGRAM MANAGEMENT/SUPPORT,ADD FUNDING
70CDCR23FC0000010,CONT_AWD_70CDCR23FC0000010_7012_HSCEDM14A00001_7012,P00008,2023-12-22,1201000.0,"THE GEO GROUP, INC.",JMLKZZ1NL2Z6,BPA CALL,U.S. Immigration and Customs Enforcement,922140,CORRECTIONAL INSTITUTIONS,S206,HOUSEKEEPING- GUARD,RIO GRANDE DETENTION CENTER FUNDING MODIFICATION
70CDCR22FR0000044,CONT_AWD_70CDCR22FR0000044_7012_70CDCR21D00000004_7012,P00009,2023-12-28,-242.63,"THE GEO GROUP, INC.",JMLKZZ1NL2Z6,DELIVERY ORDER,U.S. Immigration and Customs Enforcement,561612,SECURITY GUARDS AND PATROL SERVICES,S206,HOUSEKEEPING- GUARD,DE-OB EXCESS FUNDS AND CLOSE-OUT
70CDCR23FR0000045,CONT_AWD_70CDCR23FR0000045_7012_70CDCR20D00000012_7012,P00005,2023-12-28,0.0,"THE GEO GROUP, INC.",JMLKZZ1NL2Z6,DELIVERY ORDER,U.S. Immigration and Customs Enforcement,922140,CORRECTIONAL INSTITUTIONS,S206,HOUSEKEEPING- GUARD,DETENTION AND TRANSPORTATION SERVICES - SOUTH TEXAS ICE PROCESSING CENTER (STIPC)  POP 06 AUG 2023  - 05 AUG 2024
70CDCR23FR0000048,CONT_AWD_70CDCR23FR0000048_7012_70CDCR21D00000004_7012,P00004,2023-12-28,7141626.06,"THE GEO GROUP, INC.",JMLKZZ1NL2Z6,DELIVERY ORDER,U.S. Immigration and Customs Enforcement,561612,SECURITY GUARDS AND PATROL SERVICES,S206,HOUSEKEEPING- GUARD,ADDITIONAL FUNDING FOR DETENTION SERVICES
70CDCR24FR0000001,CONT_AWD_70CDCR24FR0000001_7012_70CDCR22D00000001_7012,P00001,2024-01-05,4625584.0,"THE GEO GROUP, INC.",JMLKZZ1NL2Z6,DELIVERY ORDER,U.S. Immigration and Customs Enforcement,561210,FACILITIES SUPPORT SERVICES,S206,HOUSEKEEPING- GUARD,"DETENTION, TRANSPORTATION, AND MEDICAL SERVICES FOR DENVER (AURORA) CONTRACT DETENTION FACILITY"
70CDCR24FR0000003,CONT_AWD_70CDCR24FR0000003_7012_HSCEDM15D00015_7012,P00001,2024-01-05,6821300.0,"THE GEO GROUP, INC.",JMLKZZ1NL2Z6,DELIVERY ORDER,U.S. Immigration and Customs Enforcement,561210,FACILITIES SUPPORT SERVICES,S206,HOUSEKEEPING- GUARD,ADDITIONAL FUNDING
70CDCR23FC0000014,CONT_AWD_70CDCR23FC0000014_7012_70CDCR18A00000007_7012,P00003,2024-01-11,10000.0,"THE GEO GROUP, INC.",JMLKZZ1NL2Z6,BPA CALL,U.S. Immigration and Customs Enforcement,922140,CORRECTIONAL INSTITUTIONS,S206,HOUSEKEEPING- GUARD,DETAINEE BED DAYS AT THE ROBERT A. DEYTON DETENTION FACILITY
70CDCR24FR0000003,CONT_AWD_70CDCR24FR0000003_7012_HSCEDM15D00015_7012,P00002,2024-01-17,0.0,"THE GEO GROUP, INC.",JMLKZZ1NL2Z6,DELIVERY ORDER,U.S. Immigration and Customs Enforcement,561210,FACILITIES SUPPORT SERVICES,S206,HOUSEKEEPING- GUARD,ADD ALTERNATE CONTRACTING OFFICER'S REPRESENTATIVE (ACOR)
70CDCR24FR0000011,CONT_AWD_70CDCR24FR0000011_7012_70CDCR20D00000009_7012,P00001,2024-01-18,6920776.52,"THE GEO GROUP, INC.",JMLKZZ1NL2Z6,DELIVERY ORDER,U.S. Immigration and Customs Enforcement,561612,SECURITY GUARDS AND PATROL SERVICES,S206,HOUSEKEEPING- GUARD,EXTENSION AND FUNDING DETENTION SERVICES AT ADELANTO
70CDCR24FR0000012,CONT_AWD_70CDCR24FR0000012_7012_70CDCR20D00000009_7012,P00002,2024-01-19,2699957.0,"THE GEO GROUP, INC.",JMLKZZ1NL2Z6,DELIVERY ORDER,U.S. Immigration and Customs Enforcement,561612,SECURITY GUARDS AND PATROL SERVICES,S206,HOUSEKEEPING- GUARD,ADDING FUNDS FOR DETENTION SERVICES IN THE LOS ANGELES AREA OF RESPONSIBILITY
70CDCR20FR0000039,CONT_AWD_70CDCR20FR0000039_7012_HSCEDM15D00006_7012,P00007,2024-01-25,-599465.59,"THE GEO GROUP, INC.",JMLKZZ1NL2Z6,DELIVERY ORDER,U.S. Immigration and Customs Enforcement,561210,FACILITIES SUPPORT SERVICES,S206,HOUSEKEEPING- GUARD,DE-OB EXCESS FUNDING AND CLOSE-OUT
70CDCR24FR0000001,CONT_AWD_70CDCR24FR0000001_7012_70CDCR22D00000001_7012,P00002,2024-01-30,4216000.0,"THE GEO GROUP, INC.",JMLKZZ1NL2Z6,DELIVERY ORDER,U.S. Immigration and Customs Enforcement,561210,FACILITIES SUPPORT SERVICES,S206,HOUSEKEEPING- GUARD,"DETENTION, TRANSPORTATION, AND MEDICAL SERVICES FOR DENVER (AURORA) CONTRACT DETENTION FACILITY"
70CDCR24FR0000003,CONT_AWD_70CDCR24FR0000003_7012_HSCEDM15D00015_7012,P00003,2024-01-30,5941000.0,"THE GEO GROUP, INC.",JMLKZZ1NL2Z6,DELIVERY ORDER,U.S. Immigration and Customs Enforcement,561210,FACILITIES SUPPORT SERVICES,S206,HOUSEKEEPING- GUARD,ADD FUNDS
70CDCR24FR0000001,CONT_AWD_70CDCR24FR0000001_7012_70CDCR22D00000001_7012,P00003,2024-02-07,500000.0,"THE GEO GROUP, INC.",JMLKZZ1NL2Z6,DELIVERY ORDER,U.S. Immigration and Customs Enforcement,561210,FACILITIES SUPPORT SERVICES,S206,HOUSEKEEPING- GUARD,"DETENTION, TRANSPORTATION, AND MEDICAL SERVICES FOR DENVER (AURORA) CONTRACT DETENTION FACILITY"
70CDCR23FC0000010,CONT_AWD_70CDCR23FC0000010_7012_HSCEDM14A00001_7012,P00009,2024-02-08,257460.0,"THE GEO GROUP, INC.",JMLKZZ1NL2Z6,BPA CALL,U.S. Immigration and Customs Enforcement,922140,CORRECTIONAL INSTITUTIONS,S206,HOUSEKEEPING- GUARD,RIO GRANDE DETENTION CENTER FUNDING MODIFICATION
70CDCR23FR0000048,CONT_AWD_70CDCR23FR0000048_7012_70CDCR21D00000004_7012,P00005,2024-02-08,3177200.0,"THE GEO GROUP, INC.",JMLKZZ1NL2Z6,DELIVERY ORDER,U.S. Immigration and Customs Enforcement,561612,SECURITY GUARDS AND PATROL SERVICES,S206,HOUSEKEEPING- GUARD,ADDITIONAL FUNDING FOR DETENTION SERVICES
70CDCR23FR0000045,CONT_AWD_70CDCR23FR0000045_7012_70CDCR20D00000012_7012,P00006,2024-02-13,1167486.14,"THE GEO GROUP, INC.",JMLKZZ1NL2Z6,DELIVERY ORDER,U.S. Immigration and Customs Enforcement,922140,CORRECTIONAL INSTITUTIONS,S206,HOUSEKEEPING- GUARD,DETENTION AND TRANSPORTATION SERVICES - SOUTH TEXAS ICE PROCESSING CENTER (STIPC)  POP 06 AUG 2023  - 05 AUG 2024
70CDCR24FR0000010,CONT_AWD_70CDCR24FR0000010_7012_70CDCR20D00000008_7012,P00001,2024-02-13,1801978.0,"THE GEO GROUP, INC.",JMLKZZ1NL2Z6,DELIVERY ORDER,U.S. Immigration and Customs Enforcement,561612,SECURITY GUARDS AND PATROL SERVICES,S206,HOUSEKEEPING- GUARD,ADD FUNDS FOR DETENTION SERVICES AT MESA VERDE AND GOLDEN STATE FACILITIES
70CDCR23FR0000048,CONT_AWD_70CDCR23FR0000048_7012_70CDCR21D00000004_7012,P00006,2024-02-20,0.0,"THE GEO GROUP, INC.",JMLKZZ1NL2Z6,DELIVERY ORDER,U.S. Immigration and Customs Enforcement,561612,SECURITY GUARDS AND PATROL SERVICES,S206,HOUSEKEEPING- GUARD,UPDATE PRICING FOR DETENTION SERVICES
70CDCR24FR0000011,CONT_AWD_70CDCR24FR0000011_7012_70CDCR20D00000009_7012,P00002,2024-02-23,6741520.0,"THE GEO GROUP, INC.",JMLKZZ1NL2Z6,DELIVERY ORDER,U.S. Immigration and Customs Enforcement,561612,SECURITY GUARDS AND PATROL SERVICES,S206,HOUSEKEEPING- GUARD,EXTENSION AND FUNDING DETENTION SERVICES AT ADELANTO
70CDCR24FR0000012,CONT_AWD_70CDCR24FR0000012_7012_70CDCR20D00000009_7012,P00003,2024-02-23,2699956.12,"THE GEO GROUP, INC.",JMLKZZ1NL2Z6,DELIVERY ORDER,U.S. Immigration and Customs Enforcement,561612,SECURITY GUARDS AND PATROL SERVICES,S206,HOUSEKEEPING- GUARD,ADDING FUNDS FOR DETENTION SERVICES IN THE LOS ANGELES AREA OF RESPONSIBILITY
70CDCR23FR0000042,CONT_AWD_70CDCR23FR0000042_7012_70CDCR20D00000011_7012,P00005,2024-02-27,45592912.0,B.I. INCORPORATED,PKK6L9KLMYR5,DELIVERY ORDER,U.S. Immigration and Customs Enforcement,561210,FACILITIES SUPPORT SERVICES,R408,SUPPORT- PROFESSIONAL: PROGRAM MANAGEMENT/SUPPORT,ADD FUNDING
70CDCR24FR0000001,CONT_AWD_70CDCR24FR0000001_7012_70CDCR22D00000001_7012,P00004,2024-02-27,5138047.0,"THE GEO GROUP, INC.",JMLKZZ1NL2Z6,DELIVERY ORDER,U.S. Immigration and Customs Enforcement,561210,FACILITIES SUPPORT SERVICES,S206,HOUSEKEEPING- GUARD,"DETENTION, TRANSPORTATION, AND MEDICAL SERVICES FOR DENVER (AURORA) CONTRACT DETENTION FACILITY"
70CDCR23FR0000050,CONT_AWD_70CDCR23FR0000050_7012_HSCEDM17D00009_7012,P00007,2024-02-28,1340400.0,"THE GEO GROUP, INC.",JMLKZZ1NL2Z6,DELIVERY ORDER,U.S. Immigration and Customs Enforcement,561210,FACILITIES SUPPORT SERVICES,S206,HOUSEKEEPING- GUARD,MONTGOMERY PROCESSING CENTER DETENTION SERVICES FUNDING MOD
70CDCR24FR0000003,CONT_AWD_70CDCR24FR0000003_7012_HSCEDM15D00015_7012,P00004,2024-02-28,5860950.0,"THE GEO GROUP, INC.",JMLKZZ1NL2Z6,DELIVERY ORDER,U.S. Immigration and Customs Enforcement,561210,FACILITIES SUPPORT SERVICES,S206,HOUSEKEEPING- GUARD,ADD FUNDS
70CDCR23FC0000010,CONT_AWD_70CDCR23FC0000010_7012_HSCEDM14A00001_7012,P00010,2024-02-29,19027.94,"THE GEO GROUP, INC.",JMLKZZ1NL2Z6,BPA CALL,U.S. Immigration and Customs Enforcement,922140,CORRECTIONAL INSTITUTIONS,S206,HOUSEKEEPING- GUARD,RIO GRANDE DETENTION CENTER FUNDING MODIFICATION
70CDCR23FR0000009,CONT_AWD_70CDCR23FR0000009_7012_70CDCR20D00000008_7012,P00007,2024-03-04,-295815.67,"THE GEO GROUP, INC.",JMLKZZ1NL2Z6,DELIVERY ORDER,U.S. Immigration and Customs Enforcement,561612,SECURITY GUARDS AND PATROL SERVICES,S206,HOUSEKEEPING- GUARD,DE-OBLIGATION OF EXCESS FUNDS AND CLOSEOUT
70CDCR24FR0000010,CONT_AWD_70CDCR24FR0000010_7012_70CDCR20D00000008_7012,P00002,2024-03-06,3463600.0,"THE GEO GROUP, INC.",JMLKZZ1NL2Z6,DELIVERY ORDER,U.S. Immigration and Customs Enforcement,561612,SECURITY GUARDS AND PATROL SERVICES,S206,HOUSEKEEPING- GUARD,ADD FUNDS FOR DETENTION SERVICES AT MESA VERDE AND GOLDEN STATE FACILITIES
70CDCR24FR0000001,CONT_AWD_70CDCR24FR0000001_7012_70CDCR22D00000001_7012,P00005,2024-03-07,4059000.0,"THE GEO GROUP, INC.",JMLKZZ1NL2Z6,DELIVERY ORDER,U.S. Immigration and Customs Enforcement,561210,FACILITIES SUPPORT SERVICES,S206,HOUSEKEEPING- GUARD,"DETENTION, TRANSPORTATION, AND MEDICAL SERVICES FOR DENVER (AURORA) CONTRACT DETENTION FACILITY"
70CDCR24FR0000010,CONT_AWD_70CDCR24FR0000010_7012_70CDCR20D00000008_7012,P00003,2024-03-11,5505900.2,"THE GEO GROUP, INC.",JMLKZZ1NL2Z6,DELIVERY ORDER,U.S. Immigration and Customs Enforcement,561612,SECURITY GUARDS AND PATROL SERVICES,S206,HOUSEKEEPING- GUARD,ADD FUNDS FOR DETENTION SERVICES AT MESA VERDE AND GOLDEN STATE FACILITIES
70CDCR20FR0000039,CONT_AWD_70CDCR20FR0000039_7012_HSCEDM15D00006_7012,P00008,2024-03-12,0.0,"THE GEO GROUP, INC.",JMLKZZ1NL2Z6,DELIVERY ORDER,U.S. Immigration and Customs Enforcement,561210,FACILITIES SUPPORT SERVICES,S206,HOUSEKEEPING- GUARD,DE-OB EXCESS FUNDING AND CLOSE-OUT
70CDCR23FC0000010,CONT_AWD_70CDCR23FC0000010_7012_HSCEDM14A00001_7012,P00011,2024-03-12,1216600.0,"THE GEO GROUP, INC.",JMLKZZ1NL2Z6,BPA CALL,U.S. Immigration and Customs Enforcement,922140,CORRECTIONAL INSTITUTIONS,S206,HOUSEKEEPING- GUARD,RIO GRANDE DETENTION CENTER FUNDING MODIFICATION
70CDCR23FR0000048,CONT_AWD_70CDCR23FR0000048_7012_70CDCR21D00000004_7012,P00007,2024-03-12,2397600.0,"THE GEO GROUP, INC.",JMLKZZ1NL2Z6,DELIVERY ORDER,U.S. Immigration and Customs Enforcement,561612,SECURITY GUARDS AND PATROL SERVICES,S206,HOUSEKEEPING- GUARD,ADDITIONAL FUNDING IN SUPPORT OF DETENTION FACILITY.
70CDCR23FR0000045,CONT_AWD_70CDCR23FR0000045_7012_70CDCR20D00000012_7012,P00007,2024-03-13,9140900.0,"THE GEO GROUP, INC.",JMLKZZ1NL2Z6,DELIVERY ORDER,U.S. Immigration and Customs Enforcement,922140,CORRECTIONAL INSTITUTIONS,S206,HOUSEKEEPING- GUARD,DETENTION AND TRANSPORTATION SERVICES - SOUTH TEXAS ICE PROCESSING CENTER (STIPC) FUNDING MODIFICATION
70CDCR22FR0000044,CONT_AWD_70CDCR22FR0000044_7012_70CDCR21D00000004_7012,P00010,2024-03-14,0.0,"THE GEO GROUP, INC.",JMLKZZ1NL2Z6,DELIVERY ORDER,U.S. Immigration and Customs Enforcement,561612,SECURITY GUARDS AND PATROL SERVICES,S206,HOUSEKEEPING- GUARD,DE-OB EXCESS FUNDS AND CLOSE-OUT
70CDCR23FR0000050,CONT_AWD_70CDCR23FR0000050_7012_HSCEDM17D00009_7012,P00008,2024-03-19,8428400.0,"THE GEO GROUP, INC.",JMLKZZ1NL2Z6,DELIVERY ORDER,U.S. Immigration and Customs Enforcement,561210,FACILITIES SUPPORT SERVICES,S206,HOUSEKEEPING- GUARD,MONTGOMERY PROCESSING CENTER DETENTION SERVICES FUNDING MOD
70CDCR24FR0000001,CONT_AWD_70CDCR24FR0000001_7012_70CDCR22D00000001_7012,P00006,2024-03-20,112400.0,"THE GEO GROUP, INC.",JMLKZZ1NL2Z6,DELIVERY ORDER,U.S. Immigration and Customs Enforcement,561210,FACILITIES SUPPORT SERVICES,S206,HOUSEKEEPING- GUARD,"DETENTION, TRANSPORTATION, AND MEDICAL SERVICES FOR DENVER (AURORA) CONTRACT DETENTION FACILITY"
70CDCR23FR0000045,CONT_AWD_70CDCR23FR0000045_7012_70CDCR20D00000012_7012,P00008,2024-03-21,726659.24,"THE GEO GROUP, INC.",JMLKZZ1NL2Z6,DELIVERY ORDER,U.S. Immigration and Customs Enforcement,922140,CORRECTIONAL INSTITUTIONS,S206,HOUSEKEEPING- GUARD,DETENTION AND TRANSPORTATION SERVICES - SOUTH TEXAS ICE PROCESSING CENTER (STIPC) FUNDING MODIFICATION
70CDCR24FR0000003,CONT_AWD_70CDCR24FR0000003_7012_HSCEDM15D00015_7012,P00005,2024-03-21,5113700.0,"THE GEO GROUP, INC.",JMLKZZ1NL2Z6,DELIVERY ORDER,U.S. Immigration and Customs Enforcement,561210,FACILITIES SUPPORT SERVICES,S206,HOUSEKEEPING- GUARD,ADD FUNDS
70CDCR24FR0000011,CONT_AWD_70CDCR24FR0000011_7012_70CDCR20D00000009_7012,P00003,2024-03-21,6730787.11,"THE GEO GROUP, INC.",JMLKZZ1NL2Z6,DELIVERY ORDER,U.S. Immigration and Customs Enforcement,561612,SECURITY GUARDS AND PATROL SERVICES,S206,HOUSEKEEPING- GUARD,FUNDING DETENTION SERVICES AT ADELANTO
70CDCR24FR0000012,CONT_AWD_70CDCR24FR0000012_7012_70CDCR20D00000009_7012,P00004,2024-03-21,2653396.0,"THE GEO GROUP, INC.",JMLKZZ1NL2Z6,DELIVERY ORDER,U.S. Immigration and Customs Enforcement,561612,SECURITY GUARDS AND PATROL SERVICES,S206,HOUSEKEEPING- GUARD,ADDING FUNDS FOR DETENTION SERVICES IN THE LOS ANGELES AREA OF RESPONSIBILITY
70CDCR24FR0000010,CONT_AWD_70CDCR24FR0000010_7012_70CDCR20D00000008_7012,P00004,2024-03-22,249306.0,"THE GEO GROUP, INC.",JMLKZZ1NL2Z6,DELIVERY ORDER,U.S. Immigration and Customs Enforcement,561612,SECURITY GUARDS AND PATROL SERVICES,S206,HOUSEKEEPING- GUARD,ADD FUNDS FOR DETENTION SERVICES AT MESA VERDE AND GOLDEN STATE FACILITIES
70CDCR22FR0000034,CONT_AWD_70CDCR22FR0000034_7012_70CDCR20D00000011_7012,P00014,2024-03-26,0.0,B.I. INCORPORATED,PKK6L9KLMYR5,DELIVERY ORDER,U.S. Immigration and Customs Enforcement,561210,FACILITIES SUPPORT SERVICES,R408,SUPPORT- PROFESSIONAL: PROGRAM MANAGEMENT/SUPPORT,MOVE/RE-ALIGN FUNDS
70CDCR23FR0000050,CONT_AWD_70CDCR23FR0000050_7012_HSCEDM17D00009_7012,P00009,2024-03-26,1764900.0,"THE GEO GROUP, INC.",JMLKZZ1NL2Z6,DELIVERY ORDER,U.S. Immigration and Customs Enforcement,561210,FACILITIES SUPPORT SERVICES,S206,HOUSEKEEPING- GUARD,MONTGOMERY PROCESSING CENTER DETENTION SERVICES FUNDING MOD
70CDCR24FC0000004,CONT_AWD_70CDCR24FC0000004_7012_HSCEDM14A00001_7012,0,2024-03-26,578200.0,"THE GEO GROUP, INC.",JMLKZZ1NL2Z6,BPA CALL,U.S. Immigration and Customs Enforcement,922140,CORRECTIONAL INSTITUTIONS,S206,HOUSEKEEPING- GUARD,RIO GRANDE DETENTION CENTER FY24 BPA CALL
70CDCR24FR0000001,CONT_AWD_70CDCR24FR0000001_7012_70CDCR22D00000001_7012,P00007,2024-04-11,4291267.0,"THE GEO GROUP, INC.",JMLKZZ1NL2Z6,DELIVERY ORDER,U.S. Immigration and Customs Enforcement,561210,FACILITIES SUPPORT SERVICES,S206,HOUSEKEEPING- GUARD,"DETENTION, TRANSPORTATION, AND MEDICAL SERVICES FOR DENVER (AURORA) CONTRACT DETENTION FACILITY"
70CDCR24FC0000004,CONT_AWD_70CDCR24FC0000004_7012_HSCEDM14A00001_7012,P00001,2024-04-15,577300.0,"THE GEO GROUP, INC.",JMLKZZ1NL2Z6,BPA CALL,U.S. Immigration and Customs Enforcement,922140,CORRECTIONAL INSTITUTIONS,S206,HOUSEKEEPING- GUARD,RIO GRANDE DETENTION CENTER FUNDING MOD
70CDCR22FC0000012,CONT_AWD_70CDCR22FC0000012_7012_70CDCR18A00000007_7012,P00004,2024-04-22,-17870.85,"THE GEO GROUP, INC.",JMLKZZ1NL2Z6,BPA CALL,U.S. Immigration and Customs Enforcement,922140,CORRECTIONAL INSTITUTIONS,S206,HOUSEKEEPING- GUARD,THE PURPOSE OF THIS MOD IS TO DEOB EXCESS FUNDS AND CLOSEOUT THE ORDER.
70CDCR23FR0000050,CONT_AWD_70CDCR23FR0000050_7012_HSCEDM17D00009_7012,P00010,2024-04-23,4581000.0,"THE GEO GROUP, INC.",JMLKZZ1NL2Z6,DELIVERY ORDER,U.S. Immigration and Customs Enforcement,561210,FACILITIES SUPPORT SERVICES,S206,HOUSEKEEPING- GUARD,MONTGOMERY PROCESSING CENTER DETENTION SERVICES FUNDING MOD
70CDCR24FR0000003,CONT_AWD_70CDCR24FR0000003_7012_HSCEDM15D00015_7012,P00006,2024-04-23,99500.0,"THE GEO GROUP, INC.",JMLKZZ1NL2Z6,DELIVERY ORDER,U.S. Immigration and Customs Enforcement,561210,FACILITIES SUPPORT SERVICES,S206,HOUSEKEEPING- GUARD,ADD FUNDS
70CDCR22FR0000041,CONT_AWD_70CDCR22FR0000041_7012_70CDCR20D00000012_7012,P00011,2024-04-30,-799182.78,"THE GEO GROUP, INC.",JMLKZZ1NL2Z6,DELIVERY ORDER,U.S. Immigration and Customs Enforcement,922140,CORRECTIONAL INSTITUTIONS,S206,HOUSEKEEPING- GUARD,SOUTH TEXAS DETENTION COMPLEX - CLOSEOUT MODIFICATION
70CDCR23FR0000045,CONT_AWD_70CDCR23FR0000045_7012_70CDCR20D00000012_7012,P00009,2024-04-30,9622100.96,"THE GEO GROUP, INC.",JMLKZZ1NL2Z6,DELIVERY ORDER,U.S. Immigration and Customs Enforcement,922140,CORRECTIONAL INSTITUTIONS,S206,HOUSEKEEPING- GUARD,DETENTION AND TRANSPORTATION SERVICES - SOUTH TEXAS ICE PROCESSING CENTER (STIPC) FUNDING MODIFICATION
70CDCR22FR0000045,CONT_AWD_70CDCR22FR0000045_7012_HSCEDM17D00009_7012,P00009,2024-05-01,2462.45,"THE GEO GROUP, INC.",JMLKZZ1NL2Z6,DELIVERY ORDER,U.S. Immigration and Customs Enforcement,561210,FACILITIES SUPPORT SERVICES,S206,HOUSEKEEPING- GUARD,ADMIN MOD
70CDCR24FR0000003,CONT_AWD_70CDCR24FR0000003_7012_HSCEDM15D00015_7012,P00007,2024-05-03,0.0,"THE GEO GROUP, INC.",JMLKZZ1NL2Z6,DELIVERY ORDER,U.S. Immigration and Customs Enforcement,561210,FACILITIES SUPPORT SERVICES,S206,HOUSEKEEPING- GUARD,MOVE FUNDING BETWEEN CLINS
70CDCR24FR0000010,CONT_AWD_70CDCR24FR0000010_7012_70CDCR20D00000008_7012,P00005,2024-05-03,9332174.45,"THE GEO GROUP, INC.",JMLKZZ1NL2Z6,DELIVERY ORDER,U.S. Immigration and Customs Enforcement,561612,SECURITY GUARDS AND PATROL SERVICES,S206,HOUSEKEEPING- GUARD,COR CHANGE AND ADD FUNDING
70CDCR24FR0000011,CONT_AWD_70CDCR24FR0000011_7012_70CDCR20D00000009_7012,P00004,2024-05-08,14343284.0,"THE GEO GROUP, INC.",JMLKZZ1NL2Z6,DELIVERY ORDER,U.S. Immigration and Customs Enforcement,561612,SECURITY GUARDS AND PATROL SERVICES,S206,HOUSEKEEPING- GUARD,FUNDING DETENTION SERVICES AT ADELANTO
70CDCR24FC0000004,CONT_AWD_70CDCR24FC0000004_7012_HSCEDM14A00001_7012,P00002,2024-05-13,577300.0,"THE GEO GROUP, INC.",JMLKZZ1NL2Z6,BPA CALL,U.S. Immigration and Customs Enforcement,922140,CORRECTIONAL INSTITUTIONS,S206,HOUSEKEEPING- GUARD,RIO GRANDE DETENTION CENTER FUNDING MOD
70CDCR24FR0000001,CONT_AWD_70CDCR24FR0000001_7012_70CDCR22D00000001_7012,P00008,2024-05-14,5010601.0,"THE GEO GROUP, INC.",JMLKZZ1NL2Z6,DELIVERY ORDER,U.S. Immigration and Customs Enforcement,561210,FACILITIES SUPPORT SERVICES,S206,HOUSEKEEPING- GUARD,"DETENTION, TRANSPORTATION, AND MEDICAL SERVICES FOR DENVER (AURORA) CONTRACT DETENTION FACILITY"
70CDCR24FR0000012,CONT_AWD_70CDCR24FR0000012_7012_70CDCR20D00000009_7012,P00005,2024-05-14,5744227.0,"THE GEO GROUP, INC.",JMLKZZ1NL2Z6,DELIVERY ORDER,U.S. Immigration and Customs Enforcement,561612,SECURITY GUARDS AND PATROL SERVICES,S206,HOUSEKEEPING- GUARD,ADDING FUNDS FOR DETENTION SERVICES AT DESERT VIEW
70CDCR21FR0000057,CONT_AWD_70CDCR21FR0000057_7012_HSCEDM17D00009_7012,P00017,2024-05-16,-27498.68,"THE GEO GROUP, INC.",JMLKZZ1NL2Z6,DELIVERY ORDER,U.S. Immigration and Customs Enforcement,561210,FACILITIES SUPPORT SERVICES,S206,HOUSEKEEPING- GUARD,DE-OBLIGATE AND CLOSEOUT
70CDCR24FR0000003,CONT_AWD_70CDCR24FR0000003_7012_HSCEDM15D00015_7012,P00008,2024-05-16,11528271.0,"THE GEO GROUP, INC.",JMLKZZ1NL2Z6,DELIVERY ORDER,U.S. Immigration and Customs Enforcement,561210,FACILITIES SUPPORT SERVICES,S206,HOUSEKEEPING- GUARD,ADDITIONAL FUNDING
70CDCR23FR0000042,CONT_AWD_70CDCR23FR0000042_7012_70CDCR20D00000011_7012,P00006,2024-05-17,31575543.0,B.I. INCORPORATED,PKK6L9KLMYR5,DELIVERY ORDER,U.S. Immigration and Customs Enforcement,561210,FACILITIES SUPPORT SERVICES,R408,SUPPORT- PROFESSIONAL: PROGRAM MANAGEMENT/SUPPORT,ADD FUNDING
70CDCR23FR0000050,CONT_AWD_70CDCR23FR0000050_7012_HSCEDM17D00009_7012,P00011,2024-05-21,5488650.0,"THE GEO GROUP, INC.",JMLKZZ1NL2Z6,DELIVERY ORDER,U.S. Immigration and Customs Enforcement,561210,FACILITIES SUPPORT SERVICES,S206,HOUSEKEEPING- GUARD,MONTGOMERY PROCESSING CENTER DETENTION SERVICES FUNDING MOD
70CDCR23FR0000048,CONT_AWD_70CDCR23FR0000048_7012_70CDCR21D00000004_7012,P00008,2024-05-24,6560534.0,"THE GEO GROUP, INC.",JMLKZZ1NL2Z6,DELIVERY ORDER,U.S. Immigration and Customs Enforcement,561612,SECURITY GUARDS AND PATROL SERVICES,S206,HOUSEKEEPING- GUARD,ADDITIONAL FUNDING IN SUPPORT OF DETENTION FACILITY.
70CDCR23FR0000014,CONT_AWD_70CDCR23FR0000014_7012_70CDCR20D00000009_7012,P00011,2024-05-28,-406521.5,"THE GEO GROUP, INC.",JMLKZZ1NL2Z6,DELIVERY ORDER,U.S. Immigration and Customs Enforcement,561612,SECURITY GUARDS AND PATROL SERVICES,S206,HOUSEKEEPING- GUARD,DE-OBLIGATE AND CLOSEOUT
70CDCR24FR0000003,CONT_AWD_70CDCR24FR0000003_7012_HSCEDM15D00015_7012,P00009,2024-05-28,5806934.0,"THE GEO GROUP, INC.",JMLKZZ1NL2Z6,DELIVERY ORDER,U.S. Immigration and Customs Enforcement,561210,FACILITIES SUPPORT SERVICES,S206,HOUSEKEEPING- GUARD,ADDITIONAL FUNDING
70CDCR23FR0000045,CONT_AWD_70CDCR23FR0000045_7012_70CDCR20D00000012_7012,P00010,2024-05-29,4050336.92,"THE GEO GROUP, INC.",JMLKZZ1NL2Z6,DELIVERY ORDER,U.S. Immigration and Customs Enforcement,922140,CORRECTIONAL INSTITUTIONS,S206,HOUSEKEEPING- GUARD,DETENTION AND TRANSPORTATION SERVICES - SOUTH TEXAS ICE PROCESSING CENTER (STIPC) FUNDING MODIFICATION
70CDCR24FC0000004,CONT_AWD_70CDCR24FC0000004_7012_HSCEDM14A00001_7012,P00003,2024-05-29,577300.0,"THE GEO GROUP, INC.",JMLKZZ1NL2Z6,BPA CALL,U.S. Immigration and Customs Enforcement,922140,CORRECTIONAL INSTITUTIONS,S206,HOUSEKEEPING- GUARD,RIO GRANDE DETENTION CENTER FUNDING MOD
70CDCR23FR0000050,CONT_AWD_70CDCR23FR0000050_7012_HSCEDM17D00009_7012,P00012,2024-05-30,4886223.0,"THE GEO GROUP, INC.",JMLKZZ1NL2Z6,DELIVERY ORDER,U.S. Immigration and Customs Enforcement,561210,FACILITIES SUPPORT SERVICES,S206,HOUSEKEEPING- GUARD,MONTGOMERY PROCESSING CENTER DETENTION SERVICES FUNDING MOD
70CDCR23FC0000014,CONT_AWD_70CDCR23FC0000014_7012_70CDCR18A00000007_7012,P00004,2024-06-04,0.0,"THE GEO GROUP, INC.",JMLKZZ1NL2Z6,BPA CALL,U.S. Immigration and Customs Enforcement,922140,CORRECTIONAL INSTITUTIONS,S206,HOUSEKEEPING- GUARD,THE PURPOSE OF THIS MODIFICATION IS TO UPDATE THE COR.
70CDCR24FR0000001,CONT_AWD_70CDCR24FR0000001_7012_70CDCR22D00000001_7012,P00009,2024-06-05,4650934.0,"THE GEO GROUP, INC.",JMLKZZ1NL2Z6,DELIVERY ORDER,U.S. Immigration and Customs Enforcement,561210,FACILITIES SUPPORT SERVICES,S206,HOUSEKEEPING- GUARD,"DETENTION, TRANSPORTATION, AND MEDICAL SERVICES FOR DENVER (AURORA) CONTRACT DETENTION FACILITY"
70CDCR23FR0000001,CONT_AWD_70CDCR23FR0000001_7012_70CDCR22D00000001_7012,P00011,2024-06-06,-814900.0,"THE GEO GROUP, INC.",JMLKZZ1NL2Z6,DELIVERY ORDER,U.S. Immigration and Customs Enforcement,561210,FACILITIES SUPPORT SERVICES,S206,HOUSEKEEPING- GUARD,"FUNDS FOR DETENTION, TRANSPORTATION, AND MEDICAL SERVICES FOR DENVER (AURORA) CONTRACT DETENTION FACILITY"
70CDCR23FR0000001,CONT_AWD_70CDCR23FR0000001_7012_70CDCR22D00000001_7012,P00012,2024-06-14,-3925.39,"THE GEO GROUP, INC.",JMLKZZ1NL2Z6,DELIVERY ORDER,U.S. Immigration and Customs Enforcement,561210,FACILITIES SUPPORT SERVICES,S206,HOUSEKEEPING- GUARD,"FUNDS FOR DETENTION, TRANSPORTATION, AND MEDICAL SERVICES FOR DENVER (AURORA) CONTRACT DETENTION FACILITY"
70CDCR24FR0000010,CONT_AWD_70CDCR24FR0000010_7012_70CDCR20D00000008_7012,P00006,2024-06-14,4678531.6,"THE GEO GROUP, INC.",JMLKZZ1NL2Z6,DELIVERY ORDER,U.S. Immigration and Customs Enforcement,561612,SECURITY GUARDS AND PATROL SERVICES,S206,HOUSEKEEPING- GUARD,ADD FUNDING
70CDCR24FR0000012,CONT_AWD_70CDCR24FR0000012_7012_70CDCR20D00000009_7012,P00006,2024-06-20,2727493.98,"THE GEO GROUP, INC.",JMLKZZ1NL2Z6,DELIVERY ORDER,U.S. Immigration and Customs Enforcement,561612,SECURITY GUARDS AND PATROL SERVICES,S206,HOUSEKEEPING- GUARD,ADDING FUNDS FOR DETENTION SERVICES AT DESERT VIEW
70CDCR23FR0000048,CONT_AWD_70CDCR23FR0000048_7012_70CDCR21D00000004_7012,P00009,2024-06-21,3240266.0,"THE GEO GROUP, INC.",JMLKZZ1NL2Z6,DELIVERY ORDER,U.S. Immigration and Customs Enforcement,561612,SECURITY GUARDS AND PATROL SERVICES,S206,HOUSEKEEPING- GUARD,ADDITIONAL FUNDING IN SUPPORT OF DETENTION FACILITY.
70CDCR24FR0000011,CONT_AWD_70CDCR24FR0000011_7012_70CDCR20D00000009_7012,P00005,2024-06-21,7030972.29,"THE GEO GROUP, INC.",JMLKZZ1NL2Z6,DELIVERY ORDER,U.S. Immigration and Customs Enforcement,561612,SECURITY GUARDS AND PATROL SERVICES,S206,HOUSEKEEPING- GUARD,FUNDING DETENTION SERVICES AT ADELANTO
70CDCR23FR0000042,CONT_AWD_70CDCR23FR0000042_7012_70CDCR20D00000011_7012,P00007,2024-06-27,27575542.0,B.I. INCORPORATED,PKK6L9KLMYR5,DELIVERY ORDER,U.S. Immigration and Customs Enforcement,561210,FACILITIES SUPPORT SERVICES,R408,SUPPORT- PROFESSIONAL: PROGRAM MANAGEMENT/SUPPORT,ADD FUNDING
70CDCR23FR0000045,CONT_AWD_70CDCR23FR0000045_7012_70CDCR20D00000012_7012,P00011,2024-06-28,5620996.2,"THE GEO GROUP, INC.",JMLKZZ1NL2Z6,DELIVERY ORDER,U.S. Immigration and Customs Enforcement,922140,CORRECTIONAL INSTITUTIONS,S206,HOUSEKEEPING- GUARD,DETENTION AND TRANSPORTATION SERVICES - SOUTH TEXAS ICE PROCESSING CENTER (STIPC) FUNDING MODIFICATION
70CDCR24FC0000004,CONT_AWD_70CDCR24FC0000004_7012_HSCEDM14A00001_7012,P00004,2024-06-28,863285.0,"THE GEO GROUP, INC.",JMLKZZ1NL2Z6,BPA CALL,U.S. Immigration and Customs Enforcement,922140,CORRECTIONAL INSTITUTIONS,S206,HOUSEKEEPING- GUARD,RIO GRANDE DETENTION CENTER FUNDING MOD
70CDCR23FR0000050,CONT_AWD_70CDCR23FR0000050_7012_HSCEDM17D00009_7012,P00013,2024-06-30,5863000.0,"THE GEO GROUP, INC.",JMLKZZ1NL2Z6,DELIVERY ORDER,U.S. Immigration and Customs Enforcement,561210,FACILITIES SUPPORT SERVICES,S206,HOUSEKEEPING- GUARD,MONTGOMERY PROCESSING CENTER DETENTION SERVICES FUNDING MOD
70CDCR23FC0000014,CONT_AWD_70CDCR23FC0000014_7012_70CDCR18A00000007_7012,P00005,2024-07-01,24000.0,"THE GEO GROUP, INC.",JMLKZZ1NL2Z6,BPA CALL,U.S. Immigration and Customs Enforcement,922140,CORRECTIONAL INSTITUTIONS,S206,HOUSEKEEPING- GUARD,"THE PURPOSE OF THIS MODIFICATION IS TO OBLIGATE FUNDING IN THE AMOUNT OF $24,000.00."
70CDCR24FR0000003,CONT_AWD_70CDCR24FR0000003_7012_HSCEDM15D00015_7012,P00010,2024-07-03,17844328.0,"THE GEO GROUP, INC.",JMLKZZ1NL2Z6,DELIVERY ORDER,U.S. Immigration and Customs Enforcement,561210,FACILITIES SUPPORT SERVICES,S206,HOUSEKEEPING- GUARD,ADDITIONAL FUNDING
70CDCR22FR0000045,CONT_AWD_70CDCR22FR0000045_7012_HSCEDM17D00009_7012,P00010,2024-07-09,-287437.5,"THE GEO GROUP, INC.",JMLKZZ1NL2Z6,DELIVERY ORDER,U.S. Immigration and Customs Enforcement,561210,FACILITIES SUPPORT SERVICES,S206,HOUSEKEEPING- GUARD,DEOBLIGATION MODIFICATION
70CDCR24FR0000001,CONT_AWD_70CDCR24FR0000001_7012_70CDCR22D00000001_7012,P00010,2024-07-09,13833876.42,"THE GEO GROUP, INC.",JMLKZZ1NL2Z6,DELIVERY ORDER,U.S. Immigration and Customs Enforcement,561210,FACILITIES SUPPORT SERVICES,S206,HOUSEKEEPING- GUARD,"DETENTION, TRANSPORTATION, AND MEDICAL SERVICES FOR DENVER (AURORA) CONTRACT DETENTION FACILITY"
70CDCR24FR0000010,CONT_AWD_70CDCR24FR0000010_7012_70CDCR20D00000008_7012,P00007,2024-07-09,14814014.63,"THE GEO GROUP, INC.",JMLKZZ1NL2Z6,DELIVERY ORDER,U.S. Immigration and Customs Enforcement,561612,SECURITY GUARDS AND PATROL SERVICES,S206,HOUSEKEEPING- GUARD,ADD FUNDING
70CDCR24FR0000012,CONT_AWD_70CDCR24FR0000012_7012_70CDCR20D00000009_7012,P00007,2024-07-09,8208700.0,"THE GEO GROUP, INC.",JMLKZZ1NL2Z6,DELIVERY ORDER,U.S. Immigration and Customs Enforcement,561612,SECURITY GUARDS AND PATROL SERVICES,S206,HOUSEKEEPING- GUARD,ADDING FUNDS FOR DETENTION SERVICES AT DESERT VIEW
70CDCR24FR0000011,CONT_AWD_70CDCR24FR0000011_7012_70CDCR20D00000009_7012,P00006,2024-07-11,20740800.0,"THE GEO GROUP, INC.",JMLKZZ1NL2Z6,DELIVERY ORDER,U.S. Immigration and Customs Enforcement,561612,SECURITY GUARDS AND PATROL SERVICES,S206,HOUSEKEEPING- GUARD,FUNDING DETENTION SERVICES AT ADELANTO
70CDCR24FC0000005,CONT_AWD_70CDCR24FC0000005_7012_70CDCR18A00000007_7012,0,2024-07-17,39600.0,"THE GEO GROUP, INC.",JMLKZZ1NL2Z6,BPA CALL,U.S. Immigration and Customs Enforcement,922140,CORRECTIONAL INSTITUTIONS,S206,HOUSEKEEPING- GUARD,DETAINEE BED DAYS AT THE ROBERT A. DEYTON DETENTION FACILITY
70CDCR22FR0000002,CONT_AWD_70CDCR22FR0000002_7012_HSCEDM15D00015_7012,P00019,2024-07-24,-40076.03,"THE GEO GROUP, INC.",JMLKZZ1NL2Z6,DELIVERY ORDER,U.S. Immigration and Customs Enforcement,561210,FACILITIES SUPPORT SERVICES,S206,HOUSEKEEPING- GUARD,DEOBLIGATION AND CLOSEOUT
70CDCR23FR0000042,CONT_AWD_70CDCR23FR0000042_7012_70CDCR20D00000011_7012,P00008,2024-07-25,7545630.0,B.I. INCORPORATED,PKK6L9KLMYR5,DELIVERY ORDER,U.S. Immigration and Customs Enforcement,561210,FACILITIES SUPPORT SERVICES,R408,SUPPORT- PROFESSIONAL: PROGRAM MANAGEMENT/SUPPORT,ADD FUNDING
70CDCR24FR0000049,CONT_AWD_70CDCR24FR0000049_7012_70CDCR20D00000011_7012,0,2024-07-30,46503027.0,B.I. INCORPORATED,PKK6L9KLMYR5,DELIVERY ORDER,U.S. Immigration and Customs Enforcement,561210,FACILITIES SUPPORT SERVICES,R408,SUPPORT- PROFESSIONAL: PROGRAM MANAGEMENT/SUPPORT,INTENSIVE SUPERVISION APPEARANCE PROGRAM (ISAP IV)
70CDCR23FR0000048,CONT_AWD_70CDCR23FR0000048_7012_70CDCR21D00000004_7012,P00010,2024-08-01,6593143.23,"THE GEO GROUP, INC.",JMLKZZ1NL2Z6,DELIVERY ORDER,U.S. Immigration and Customs Enforcement,561612,SECURITY GUARDS AND PATROL SERVICES,S206,HOUSEKEEPING- GUARD,ADDITIONAL FUNDING IN SUPPORT OF DETENTION FACILITY.
70CDCR24FR0000038,CONT_AWD_70CDCR24FR0000038_7012_70CDCR20D00000012_7012,0,2024-08-06,9571499.92,"THE GEO GROUP, INC.",JMLKZZ1NL2Z6,DELIVERY ORDER,U.S. Immigration and Customs Enforcement,922140,CORRECTIONAL INSTITUTIONS,S206,HOUSEKEEPING- GUARD,DETENTION AND TRANSPORTATION SERVICES - SOUTH TEXAS ICE PROCESSING CENTER (STIPC) FY24 TASK ORDER
70CDCR23FC0000010,CONT_AWD_70CDCR23FC0000010_7012_HSCEDM14A00001_7012,P00012,2024-08-09,-123480.19,"THE GEO GROUP, INC.",JMLKZZ1NL2Z6,BPA CALL,U.S. Immigration and Customs Enforcement,922140,CORRECTIONAL INSTITUTIONS,S206,HOUSEKEEPING- GUARD,RIO GRANDE DETENTION CENTER FUNDING MODIFICATION
70CDCR24FR0000053,CONT_AWD_70CDCR24FR0000053_7012_70CDCR21D00000004_7012,0,2024-08-13,3352598.0,"THE GEO GROUP, INC.",JMLKZZ1NL2Z6,DELIVERY ORDER,U.S. Immigration and Customs Enforcement,561612,SECURITY GUARDS AND PATROL SERVICES,S206,HOUSEKEEPING- GUARD,NEW TASK ORDER TO PROVIDE FUNDING TO HOUSE AND TRANSPORT ICE DETAINEES AT BROWARD TRANSITIONAL CENTER
70CDCR24FR0000056,CONT_AWD_70CDCR24FR0000056_7012_HSCEDM17D00009_7012,0,2024-08-16,9641400.0,"THE GEO GROUP, INC.",JMLKZZ1NL2Z6,DELIVERY ORDER,U.S. Immigration and Customs Enforcement,561210,FACILITIES SUPPORT SERVICES,S206,HOUSEKEEPING- GUARD,MONTGOMERY PROCESSING CTR FY24
70CDCR23FR0000045,CONT_AWD_70CDCR23FR0000045_7012_70CDCR20D00000012_7012,P00012,2024-08-19,160000.0,"THE GEO GROUP, INC.",JMLKZZ1NL2Z6,DELIVERY ORDER,U.S. Immigration and Customs Enforcement,922140,CORRECTIONAL INSTITUTIONS,S206,HOUSEKEEPING- GUARD,DETENTION AND TRANSPORTATION SERVICES - SOUTH TEXAS ICE PROCESSING CENTER (STIPC) FUNDING MODIFICATION
70CDCR23FR0000042,CONT_AWD_70CDCR23FR0000042_7012_70CDCR20D00000011_7012,P00009,2024-08-22,186477.51,B.I. INCORPORATED,PKK6L9KLMYR5,DELIVERY ORDER,U.S. Immigration and Customs Enforcement,561210,FACILITIES SUPPORT SERVICES,R408,SUPPORT- PROFESSIONAL: PROGRAM MANAGEMENT/SUPPORT,ADD FUNDING
70CDCR24FR0000049,CONT_AWD_70CDCR24FR0000049_7012_70CDCR20D00000011_7012,P00001,2024-08-23,34039522.49,B.I. INCORPORATED,PKK6L9KLMYR5,DELIVERY ORDER,U.S. Immigration and Customs Enforcement,561210,FACILITIES SUPPORT SERVICES,R408,SUPPORT- PROFESSIONAL: PROGRAM MANAGEMENT/SUPPORT,INTENSIVE SUPERVISION APPEARANCE PROGRAM (ISAP) IV SUPPORT SERVICES
70CDCR24FR0000056,CONT_AWD_70CDCR24FR0000056_7012_HSCEDM17D00009_7012,P00001,2024-09-03,0.0,"THE GEO GROUP, INC.",JMLKZZ1NL2Z6,DELIVERY ORDER,U.S. Immigration and Customs Enforcement,561210,FACILITIES SUPPORT SERVICES,S206,HOUSEKEEPING- GUARD,MONTGOMERY PROCESSING CTR FY24
70CDCR24FR0000011,CONT_AWD_70CDCR24FR0000011_7012_70CDCR20D00000009_7012,P00007,2024-09-04,0.0,"THE GEO GROUP, INC.",JMLKZZ1NL2Z6,DELIVERY ORDER,U.S. Immigration and Customs Enforcement,561612,SECURITY GUARDS AND PATROL SERVICES,S206,HOUSEKEEPING- GUARD,MOVE FUNDS
70CDCR24FR0000001,CONT_AWD_70CDCR24FR0000001_7012_70CDCR22D00000001_7012,P00011,2024-09-16,600000.0,"THE GEO GROUP, INC.",JMLKZZ1NL2Z6,DELIVERY ORDER,U.S. Immigration and Customs Enforcement,561210,FACILITIES SUPPORT SERVICES,S206,HOUSEKEEPING- GUARD,"DETENTION, TRANSPORTATION, AND MEDICAL SERVICES FOR DENVER (AURORA) CONTRACT DETENTION FACILITY"
70CDCR23FR0000045,CONT_AWD_70CDCR23FR0000045_7012_70CDCR20D00000012_7012,P00013,2024-09-17,-185517.54,"THE GEO GROUP, INC.",JMLKZZ1NL2Z6,DELIVERY ORDER,U.S. Immigration and Customs Enforcement,922140,CORRECTIONAL INSTITUTIONS,S206,HOUSEKEEPING- GUARD,DETENTION AND TRANSPORTATION SERVICES - SOUTH TEXAS ICE PROCESSING CENTER (STIPC) FUNDING MODIFICATION
70CDCR24FR0000003,CONT_AWD_70CDCR24FR0000003_7012_HSCEDM15D00015_7012,P00011,2024-09-18,1842022.44,"THE GEO GROUP, INC.",JMLKZZ1NL2Z6,DELIVERY ORDER,U.S. Immigration and Customs Enforcement,561210,FACILITIES SUPPORT SERVICES,S206,HOUSEKEEPING- GUARD,DETENTION AND TRANSPORTATION SERVICES FOR NORTHWEST DETENTION CENTER
70CDCR24FR0000049,CONT_AWD_70CDCR24FR0000049_7012_70CDCR20D00000011_7012,P00002,2024-09-18,19165274.75,B.I. INCORPORATED,PKK6L9KLMYR5,DELIVERY ORDER,U.S. Immigration and Customs Enforcement,561210,FACILITIES SUPPORT SERVICES,R408,SUPPORT- PROFESSIONAL: PROGRAM MANAGEMENT/SUPPORT,INTENSIVE SUPERVISION APPEARANCE PROGRAM (ISAP) IV SUPPORT SERVICES
70CDCR24FR0000049,CONT_AWD_70CDCR24FR0000049_7012_70CDCR20D00000011_7012,P00003,2024-09-25,2200000.0,B.I. INCORPORATED,PKK6L9KLMYR5,DELIVERY ORDER,U.S. Immigration and Customs Enforcement,561210,FACILITIES SUPPORT SERVICES,R408,SUPPORT- PROFESSIONAL: PROGRAM MANAGEMENT/SUPPORT,INTENSIVE SUPERVISION APPEARANCE PROGRAM (ISAP) IV SUPPORT SERVICES
70CDCR24FR0000003,CONT_AWD_70CDCR24FR0000003_7012_HSCEDM15D00015_7012,P00012,2024-09-26,4817349.0,"THE GEO GROUP, INC.",JMLKZZ1NL2Z6,DELIVERY ORDER,U.S. Immigration and Customs Enforcement,561210,FACILITIES SUPPORT SERVICES,S206,HOUSEKEEPING- GUARD,FUNDING FOR DETENTION SERVICES
70CDCR24FR0000010,CONT_AWD_70CDCR24FR0000010_7012_70CDCR20D00000008_7012,P00008,2024-09-27,315800.0,"THE GEO GROUP, INC.",JMLKZZ1NL2Z6,DELIVERY ORDER,U.S. Immigration and Customs Enforcement,561612,SECURITY GUARDS AND PATROL SERVICES,S206,HOUSEKEEPING- GUARD,ADD FUNDING FOR DETENTION SERVICES
70CDCR24FR0000049,CONT_AWD_70CDCR24FR0000049_7012_70CDCR20D00000011_7012,P00004,2024-09-30,342921.33,B.I. INCORPORATED,PKK6L9KLMYR5,DELIVERY ORDER,U.S. Immigration and Customs Enforcement,561210,FACILITIES SUPPORT SERVICES,R408,SUPPORT- PROFESSIONAL: PROGRAM MANAGEMENT/SUPPORT,FUNDING FOR INTENSIVE SUPERVISION APPEARANCE PROGRAM (ISAP) IV SUPPORT SERVICES
70CDCR24FR0000049,CONT_AWD_70CDCR24FR0000049_7012_70CDCR20D00000011_7012,P00005,2024-09-30,23784.66,B.I. INCORPORATED,PKK6L9KLMYR5,DELIVERY ORDER,U.S. Immigration and Customs Enforcement,561210,FACILITIES SUPPORT SERVICES,R408,SUPPORT- PROFESSIONAL: PROGRAM MANAGEMENT/SUPPORT,FUNDING FOR INTENSIVE SUPERVISION APPEARANCE PROGRAM (ISAP) IV SUPPORT SERVICES
70CDCR24FR0000053,CONT_AWD_70CDCR24FR0000053_7012_70CDCR21D00000004_7012,P00001,2024-10-09,0.0,"THE GEO GROUP, INC.",JMLKZZ1NL2Z6,DELIVERY ORDER,U.S. Immigration and Customs Enforcement,561612,SECURITY GUARDS AND PATROL SERVICES,S206,HOUSEKEEPING- GUARD,ADMIN MOD
70CDCR24FR0000011,CONT_AWD_70CDCR24FR0000011_7012_70CDCR20D00000009_7012,P00008,2024-10-16,14144700.0,"THE GEO GROUP, INC.",JMLKZZ1NL2Z6,DELIVERY ORDER,U.S. Immigration and Customs Enforcement,561612,SECURITY GUARDS AND PATROL SERVICES,S206,HOUSEKEEPING- GUARD,FUNDING DETENTION BEDS AT ADELANTO
70CDCR25FR0000005,CONT_AWD_70CDCR25FR0000005_7012_70CDCR22D00000001_7012,0,2024-10-16,9724800.0,"THE GEO GROUP, INC.",JMLKZZ1NL2Z6,DELIVERY ORDER,U.S. Immigration and Customs Enforcement,561210,FACILITIES SUPPORT SERVICES,S206,HOUSEKEEPING- GUARD,"DETENTION, TRANSPORTATION, AND MEDICAL SERVICES FOR DENVER (AURORA) CONTRACT DETENTION FACILITY"
70CDCR24FC0000005,CONT_AWD_70CDCR24FC0000005_7012_70CDCR18A00000007_7012,P00001,2024-10-24,6000.0,"THE GEO GROUP, INC.",JMLKZZ1NL2Z6,BPA CALL,U.S. Immigration and Customs Enforcement,922140,CORRECTIONAL INSTITUTIONS,S206,HOUSEKEEPING- GUARD,DETAINEE BED DAYS AT THE ROBERT A. DEYTON DETENTION FACILITY
70CDCR24FR0000003,CONT_AWD_70CDCR24FR0000003_7012_HSCEDM15D00015_7012,P00013,2024-10-24,5473158.0,"THE GEO GROUP, INC.",JMLKZZ1NL2Z6,DELIVERY ORDER,U.S. Immigration and Customs Enforcement,561210,FACILITIES SUPPORT SERVICES,S206,HOUSEKEEPING- GUARD,"FUNDING FOR DETENTION SERVICES AT TACOMA, WA"
70CDCR24FR0000049,CONT_AWD_70CDCR24FR0000049_7012_70CDCR20D00000011_7012,P00006,2024-10-24,30339560.0,B.I. INCORPORATED,PKK6L9KLMYR5,DELIVERY ORDER,U.S. Immigration and Customs Enforcement,561210,FACILITIES SUPPORT SERVICES,R408,SUPPORT- PROFESSIONAL: PROGRAM MANAGEMENT/SUPPORT,FUNDING FOR INTENSIVE SUPERVISION APPEARANCE PROGRAM (ISAP) IV ALTERNATIVES TO DETENTION OPERATIONAL SUPPORT
70CDCR25FR0000004,CONT_AWD_70CDCR25FR0000004_7012_HSCEDM15D00015_7012,0,2024-10-24,13617122.0,"THE GEO GROUP, INC.",JMLKZZ1NL2Z6,DELIVERY ORDER,U.S. Immigration and Customs Enforcement,561210,FACILITIES SUPPORT SERVICES,S206,HOUSEKEEPING- GUARD,"NEW TASK ORDER FOR DETENTION AND TRANSPORTATION SERVICES AT TACOMA, WA FOR SEATTLE AOR"
70CDCR25FR0000005,CONT_AWD_70CDCR25FR0000005_7012_70CDCR22D00000001_7012,P00001,2024-10-24,0.0,"THE GEO GROUP, INC.",JMLKZZ1NL2Z6,DELIVERY ORDER,U.S. Immigration and Customs Enforcement,561210,FACILITIES SUPPORT SERVICES,S206,HOUSEKEEPING- GUARD,"DETENTION, TRANSPORTATION, AND MEDICAL SERVICES FOR DENVER (AURORA) CONTRACT DETENTION FACILITY"
70CDCR24FC0000004,CONT_AWD_70CDCR24FC0000004_7012_HSCEDM14A00001_7012,P00005,2024-10-25,1025800.0,"THE GEO GROUP, INC.",JMLKZZ1NL2Z6,BPA CALL,U.S. Immigration and Customs Enforcement,922140,CORRECTIONAL INSTITUTIONS,S206,HOUSEKEEPING- GUARD,RIO GRANDE DETENTION CENTER FUNDING MOD
70CDCR24FR0000056,CONT_AWD_70CDCR24FR0000056_7012_HSCEDM17D00009_7012,P00002,2024-10-25,11943800.0,"THE GEO GROUP, INC.",JMLKZZ1NL2Z6,DELIVERY ORDER,U.S. Immigration and Customs Enforcement,561210,FACILITIES SUPPORT SERVICES,S206,HOUSEKEEPING- GUARD,MONTGOMERY PROCESSING CTR FY24
70CDCR24FR0000001,CONT_AWD_70CDCR24FR0000001_7012_70CDCR22D00000001_7012,P00012,2024-10-30,2475700.0,"THE GEO GROUP, INC.",JMLKZZ1NL2Z6,DELIVERY ORDER,U.S. Immigration and Customs Enforcement,561210,FACILITIES SUPPORT SERVICES,S206,HOUSEKEEPING- GUARD,"DETENTION, TRANSPORTATION, AND MEDICAL SERVICES FOR DENVER (AURORA) CONTRACT DETENTION FACILITY"
70CDCR24FR0000012,CONT_AWD_70CDCR24FR0000012_7012_70CDCR20D00000009_7012,P00008,2024-10-30,5393093.12,"THE GEO GROUP, INC.",JMLKZZ1NL2Z6,DELIVERY ORDER,U.S. Immigration and Customs Enforcement,561612,SECURITY GUARDS AND PATROL SERVICES,S206,HOUSEKEEPING- GUARD,ADDING FUNDS FOR DETENTION SERVICES AT DESERT VIEW FOR LOS AOR
70CDCR24FR0000010,CONT_AWD_70CDCR24FR0000010_7012_70CDCR20D00000008_7012,P00009,2024-10-31,12644764.0,"THE GEO GROUP, INC.",JMLKZZ1NL2Z6,DELIVERY ORDER,U.S. Immigration and Customs Enforcement,561612,SECURITY GUARDS AND PATROL SERVICES,S206,HOUSEKEEPING- GUARD,ADD FUNDING FOR DETENTION SERVICES AT MESA VERDE
70CDCR24FR0000038,CONT_AWD_70CDCR24FR0000038_7012_70CDCR20D00000012_7012,P00001,2024-11-06,13882474.14,"THE GEO GROUP, INC.",JMLKZZ1NL2Z6,DELIVERY ORDER,U.S. Immigration and Customs Enforcement,922140,CORRECTIONAL INSTITUTIONS,S206,HOUSEKEEPING- GUARD,DETENTION AND TRANSPORTATION SERVICES - SOUTH TEXAS ICE PROCESSING CENTER (STIPC) FY24 TASK ORDER
70CDCR24FR0000053,CONT_AWD_70CDCR24FR0000053_7012_70CDCR21D00000004_7012,P00002,2024-11-06,9992300.0,"THE GEO GROUP, INC.",JMLKZZ1NL2Z6,DELIVERY ORDER,U.S. Immigration and Customs Enforcement,561612,SECURITY GUARDS AND PATROL SERVICES,S206,HOUSEKEEPING- GUARD,FUNDING MODIFICATION TO PROVIDE ADDITIONAL FUNDING.
70CDCR24FR0000038,CONT_AWD_70CDCR24FR0000038_7012_70CDCR20D00000012_7012,P00002,2024-11-15,0.0,"THE GEO GROUP, INC.",JMLKZZ1NL2Z6,DELIVERY ORDER,U.S. Immigration and Customs Enforcement,922140,CORRECTIONAL INSTITUTIONS,S206,HOUSEKEEPING- GUARD,DETENTION AND TRANSPORTATION SERVICES - SOUTH TEXAS ICE PROCESSING CENTER (STIPC) FY24 TASK ORDER
70CDCR24FR0000012,CONT_AWD_70CDCR24FR0000012_7012_70CDCR20D00000009_7012,P00009,2024-11-21,0.0,"THE GEO GROUP, INC.",JMLKZZ1NL2Z6,DELIVERY ORDER,U.S. Immigration and Customs Enforcement,561612,SECURITY GUARDS AND PATROL SERVICES,S206,HOUSEKEEPING- GUARD,ADDING FUNDS FOR DETENTION SERVICES AT DESERT VIEW FOR LOS AOR
70CDCR25FR0000005,CONT_AWD_70CDCR25FR0000005_7012_70CDCR22D00000001_7012,P00002,2024-11-22,4865200.0,"THE GEO GROUP, INC.",JMLKZZ1NL2Z6,DELIVERY ORDER,U.S. Immigration and Customs Enforcement,561210,FACILITIES SUPPORT SERVICES,S206,HOUSEKEEPING- GUARD,"DETENTION, TRANSPORTATION, AND MEDICAL SERVICES FOR DENVER (AURORA) CONTRACT DETENTION FACILITY"
70CDCR24FR0000049,CONT_AWD_70CDCR24FR0000049_7012_70CDCR20D00000011_7012,P00007,2024-11-29,466062.24,B.I. INCORPORATED,PKK6L9KLMYR5,DELIVERY ORDER,U.S. Immigration and Customs Enforcement,561210,FACILITIES SUPPORT SERVICES,R408,SUPPORT- PROFESSIONAL: PROGRAM MANAGEMENT/SUPPORT,"FUNDING FOR INTENSIVE SUPERVISION APPEARANCE PROGRAM (ISAP) IV CLIN 4001, IN RESPONSE TO AN UPDATED WAGE DETERMINATION REQUEST FOR EQUITABLE ADJUSTMENT"
70CDCR25FR0000009,CONT_AWD_70CDCR25FR0000009_7012_70CDCR20D00000009_7012,0,2024-12-20,7277608.26,"THE GEO GROUP, INC.",JMLKZZ1NL2Z6,DELIVERY ORDER,U.S. Immigration and Customs Enforcement,561612,SECURITY GUARDS AND PATROL SERVICES,S206,HOUSEKEEPING- GUARD,DETENTION SERVICES FOR LOS ANGELES AOR AT ADELANTO DETENTION FACILITY
70CDCR25FR0000010,CONT_AWD_70CDCR25FR0000010_7012_70CDCR20D00000009_7012,0,2024-12-20,2810964.09,"THE GEO GROUP, INC.",JMLKZZ1NL2Z6,DELIVERY ORDER,U.S. Immigration and Customs Enforcement,561612,SECURITY GUARDS AND PATROL SERVICES,S206,HOUSEKEEPING- GUARD,DETENTION SERVICES DESERT VIEW (DV) ANNEX IN THE LOS ANGELES AREA OF RESPONSIBILITY
70CDCR25FR0000013,CONT_AWD_70CDCR25FR0000013_7012_70CDCR20D00000008_7012,0,2024-12-20,4936059.23,"THE GEO GROUP, INC.",JMLKZZ1NL2Z6,DELIVERY ORDER,U.S. Immigration and Customs Enforcement,561612,SECURITY GUARDS AND PATROL SERVICES,S206,HOUSEKEEPING- GUARD,HOUSING FOR DETAINEES
70CDCR24FC0000004,CONT_AWD_70CDCR24FC0000004_7012_HSCEDM14A00001_7012,P00006,2024-12-27,732955.0,"THE GEO GROUP, INC.",JMLKZZ1NL2Z6,BPA CALL,U.S. Immigration and Customs Enforcement,922140,CORRECTIONAL INSTITUTIONS,S206,HOUSEKEEPING- GUARD,RIO GRANDE DETENTION CENTER FUNDING MOD
70CDCR24FR0000001,CONT_AWD_70CDCR24FR0000001_7012_70CDCR22D00000001_7012,P00013,2025-01-13,-324852.49,"THE GEO GROUP, INC.",JMLKZZ1NL2Z6,DELIVERY ORDER,U.S. Immigration and Customs Enforcement,561210,FACILITIES SUPPORT SERVICES,S206,HOUSEKEEPING- GUARD,"DETENTION, TRANSPORTATION, AND MEDICAL SERVICES FOR DENVER (AURORA) CONTRACT DETENTION FACILITY"
70CDCR24FR0000038,CONT_AWD_70CDCR24FR0000038_7012_70CDCR20D00000012_7012,P00003,2025-01-13,5079487.09,"THE GEO GROUP, INC.",JMLKZZ1NL2Z6,DELIVERY ORDER,U.S. Immigration and Customs Enforcement,922140,CORRECTIONAL INSTITUTIONS,S206,HOUSEKEEPING- GUARD,DETENTION AND TRANSPORTATION SERVICES - SOUTH TEXAS ICE PROCESSING CENTER (STIPC) FY24 TASK ORDER
70CDCR24FR0000056,CONT_AWD_70CDCR24FR0000056_7012_HSCEDM17D00009_7012,P00003,2025-01-13,4766834.0,"THE GEO GROUP, INC.",JMLKZZ1NL2Z6,DELIVERY ORDER,U.S. Immigration and Customs Enforcement,561210,FACILITIES SUPPORT SERVICES,S206,HOUSEKEEPING- GUARD,MONTGOMERY PROCESSING CTR FY24
70CDCR24FC0000005,CONT_AWD_70CDCR24FC0000005_7012_70CDCR18A00000007_7012,P00002,2025-01-14,38500.0,"THE GEO GROUP, INC.",JMLKZZ1NL2Z6,BPA CALL,U.S. Immigration and Customs Enforcement,922140,CORRECTIONAL INSTITUTIONS,S206,HOUSEKEEPING- GUARD,OBLIGATE FUNDING FOR BED DAYS
70CDCR25FR0000005,CONT_AWD_70CDCR25FR0000005_7012_70CDCR22D00000001_7012,P00003,2025-01-17,9722800.0,"THE GEO GROUP, INC.",JMLKZZ1NL2Z6,DELIVERY ORDER,U.S. Immigration and Customs Enforcement,561210,FACILITIES SUPPORT SERVICES,S206,HOUSEKEEPING- GUARD,"DETENTION, TRANSPORTATION, AND MEDICAL SERVICES FOR DENVER (AURORA) CONTRACT DETENTION FACILITY"
70CDCR24FC0000004,CONT_AWD_70CDCR24FC0000004_7012_HSCEDM14A00001_7012,P00007,2025-01-24,878268.0,"THE GEO GROUP, INC.",JMLKZZ1NL2Z6,BPA CALL,U.S. Immigration and Customs Enforcement,922140,CORRECTIONAL INSTITUTIONS,S206,HOUSEKEEPING- GUARD,RIO GRANDE DETENTION CENTER FUNDING MOD
70CDCR25FR0000004,CONT_AWD_70CDCR25FR0000004_7012_HSCEDM15D00015_7012,P00001,2025-01-24,11628517.45,"THE GEO GROUP, INC.",JMLKZZ1NL2Z6,DELIVERY ORDER,U.S. Immigration and Customs Enforcement,561210,FACILITIES SUPPORT SERVICES,S206,HOUSEKEEPING- GUARD,"DETENTION AND TRANSPORTATION SERVICES AT TACOMA, WA FOR SEATTLE AOR"
70CDCR24FR0000038,CONT_AWD_70CDCR24FR0000038_7012_70CDCR20D00000012_7012,P00004,2025-01-27,5109488.54,"THE GEO GROUP, INC.",JMLKZZ1NL2Z6,DELIVERY ORDER,U.S. Immigration and Customs Enforcement,922140,CORRECTIONAL INSTITUTIONS,S206,HOUSEKEEPING- GUARD,DETENTION AND TRANSPORTATION SERVICES - SOUTH TEXAS ICE PROCESSING CENTER (STIPC) FY24 TASK ORDER
70CDCR23FR0000042,CONT_AWD_70CDCR23FR0000042_7012_70CDCR20D00000011_7012,P00010,2025-01-28,-14166.31,B.I. INCORPORATED,PKK6L9KLMYR5,DELIVERY ORDER,U.S. Immigration and Customs Enforcement,561210,FACILITIES SUPPORT SERVICES,R408,SUPPORT- PROFESSIONAL: PROGRAM MANAGEMENT/SUPPORT,DE-OBGLIATE FROM CLIN 3020 - ATD OPERATIONAL SUPPORT AND CLOSE OUT TASK ORDER
70CDCR24FR0000053,CONT_AWD_70CDCR24FR0000053_7012_70CDCR21D00000004_7012,P00003,2025-01-29,6777267.0,"THE GEO GROUP, INC.",JMLKZZ1NL2Z6,DELIVERY ORDER,U.S. Immigration and Customs Enforcement,561612,SECURITY GUARDS AND PATROL SERVICES,S206,HOUSEKEEPING- GUARD,FUNDING MODIFICATION TO PROVIDE ADDITIONAL FUNDING.
70CDCR24FR0000003,CONT_AWD_70CDCR24FR0000003_7012_HSCEDM15D00015_7012,P00014,2025-02-05,-4867824.31,"THE GEO GROUP, INC.",JMLKZZ1NL2Z6,DELIVERY ORDER,U.S. Immigration and Customs Enforcement,561210,FACILITIES SUPPORT SERVICES,S206,HOUSEKEEPING- GUARD,"DE-OBLIGATION OF DETENTION AND TRANSPORTATION FUNDS AND CLOSE OUT OF TASK ORDER FOR DETENTION SERVICES IN TACOMA, WA"
70CDCR24FR0000049,CONT_AWD_70CDCR24FR0000049_7012_70CDCR20D00000011_7012,P00008,2025-02-07,59477400.0,B.I. INCORPORATED,PKK6L9KLMYR5,DELIVERY ORDER,U.S. Immigration and Customs Enforcement,561210,FACILITIES SUPPORT SERVICES,R408,SUPPORT- PROFESSIONAL: PROGRAM MANAGEMENT/SUPPORT,FUNDING FOR INTENSIVE SUPERVISION APPEARANCE PROGRAM (ISAP) IV
70CDCR24FR0000056,CONT_AWD_70CDCR24FR0000056_7012_HSCEDM17D00009_7012,P00004,2025-02-13,4766833.0,"THE GEO GROUP, INC.",JMLKZZ1NL2Z6,DELIVERY ORDER,U.S. Immigration and Customs Enforcement,561210,FACILITIES SUPPORT SERVICES,S206,HOUSEKEEPING- GUARD,MONTGOMERY PROCESSING CTR FUNDING MODIFICATION
70CDCR25FR0000005,CONT_AWD_70CDCR25FR0000005_7012_70CDCR22D00000001_7012,P00004,2025-02-13,0.0,"THE GEO GROUP, INC.",JMLKZZ1NL2Z6,DELIVERY ORDER,U.S. Immigration and Customs Enforcement,561210,FACILITIES SUPPORT SERVICES,S206,HOUSEKEEPING- GUARD,"DETENTION, TRANSPORTATION, AND MEDICAL SERVICES FOR DENVER (AURORA) CONTRACT DETENTION FACILITY"
70CDCR25FR0000013,CONT_AWD_70CDCR25FR0000013_7012_70CDCR20D00000008_7012,P00001,2025-02-13,4956515.81,"THE GEO GROUP, INC.",JMLKZZ1NL2Z6,DELIVERY ORDER,U.S. Immigration and Customs Enforcement,561612,SECURITY GUARDS AND PATROL SERVICES,S206,HOUSEKEEPING- GUARD,HOUSING FOR DETAINEES
70CDCR25FR0000009,CONT_AWD_70CDCR25FR0000009_7012_70CDCR20D00000009_7012,P00001,2025-02-19,7341784.0,"THE GEO GROUP, INC.",JMLKZZ1NL2Z6,DELIVERY ORDER,U.S. Immigration and Customs Enforcement,561612,SECURITY GUARDS AND PATROL SERVICES,S206,HOUSEKEEPING- GUARD,"FUNDING FOR ADELANTO DETENTION SERVICES FACILITY OPERATING CHARGE, TRANSPORTATION, AND GUARD SERVICES AT ADELANTO DETENTION CENTER IN LOS ANGELES CALIFORNIA"
70CDCR25FR0000010,CONT_AWD_70CDCR25FR0000010_7012_70CDCR20D00000009_7012,P00001,2025-02-21,2811134.0,"THE GEO GROUP, INC.",JMLKZZ1NL2Z6,DELIVERY ORDER,U.S. Immigration and Customs Enforcement,561612,SECURITY GUARDS AND PATROL SERVICES,S206,HOUSEKEEPING- GUARD,FUNDING FOR DESERT VIEW DETENTION SERVICES FACILITY OPERATING CHARGE & PER DIEM RATES AT THE DESERT VIEW ANNEX IN LOS ANGELES CALIFORNIA
70CDCR24FR0000056,CONT_AWD_70CDCR24FR0000056_7012_HSCEDM17D00009_7012,P00005,2025-02-24,0.0,"THE GEO GROUP, INC.",JMLKZZ1NL2Z6,DELIVERY ORDER,U.S. Immigration and Customs Enforcement,561210,FACILITIES SUPPORT SERVICES,S206,HOUSEKEEPING- GUARD,"THE PURPOSE OF THIS MODIFICATION IS TO ADJUST THE GUARD, TRANSPORTATION, AND BED DAY RATES IN ACCORDANCE WITH THE APPROVED SERVICE CONTRACT ACT WAGE ADJUSTMENT FOR DETENTION SERVICES AT MONTGOMERY PROCESSING CENTER."
70CDCR25FR0000009,CONT_AWD_70CDCR25FR0000009_7012_70CDCR20D00000009_7012,P00002,2025-02-24,14335200.0,"THE GEO GROUP, INC.",JMLKZZ1NL2Z6,DELIVERY ORDER,U.S. Immigration and Customs Enforcement,561612,SECURITY GUARDS AND PATROL SERVICES,S206,HOUSEKEEPING- GUARD,"FUNDING FOR ADELANTO DETENTION SERVICES FACILITY OPERATING CHARGE, DAILY OCCUPANCY, TRANSPORTATION, GUARD SERVICES, AND COVID TESTS AT ADELANTO DETENTION CENTER IN LOS ANGELES CALIFORNIA"
70CDCR25FR0000005,CONT_AWD_70CDCR25FR0000005_7012_70CDCR22D00000001_7012,P00005,2025-02-26,0.0,"THE GEO GROUP, INC.",JMLKZZ1NL2Z6,DELIVERY ORDER,U.S. Immigration and Customs Enforcement,561210,FACILITIES SUPPORT SERVICES,S206,HOUSEKEEPING- GUARD,"DETENTION, TRANSPORTATION, AND MEDICAL SERVICES FOR DENVER (AURORA) CONTRACT DETENTION FACILITY"
70CDCR24FR0000053,CONT_AWD_70CDCR24FR0000053_7012_70CDCR21D00000004_7012,P00004,2025-02-28,2790904.0,"THE GEO GROUP, INC.",JMLKZZ1NL2Z6,DELIVERY ORDER,U.S. Immigration and Customs Enforcement,561612,SECURITY GUARDS AND PATROL SERVICES,S206,HOUSEKEEPING- GUARD,THIS MODIFICATION OBLIGATES FUNDS FOR DETENTION AND TRANSPORTATION SERVICES TO HOUSE AND SAFEGUARD ILLEGAL ALIEN DETAINEES AT BROWARD TRANSITIONAL CENTER WITHIN ENFORCEMENT AND REMOVAL OPERATIONS (ERO) MIAMI AREA OF RESPONSIBILITY (AOR)
70CDCR23FR0000002,CONT_AWD_70CDCR23FR0000002_7012_HSCEDM15D00015_7012,P00009,2025-03-03,-114145.78,"THE GEO GROUP, INC.",JMLKZZ1NL2Z6,DELIVERY ORDER,U.S. Immigration and Customs Enforcement,561210,FACILITIES SUPPORT SERVICES,S206,HOUSEKEEPING- GUARD,"THE MODIFICATION IS TO CLOSE OUT THE CONTRACT AND DE-OBLIGATE FUNDING FOR THE NORTHWEST DETENTION CENTER, TACOMA"
70CDCR25FR0000010,CONT_AWD_70CDCR25FR0000010_7012_70CDCR20D00000009_7012,P00002,2025-03-03,5622400.0,"THE GEO GROUP, INC.",JMLKZZ1NL2Z6,DELIVERY ORDER,U.S. Immigration and Customs Enforcement,561612,SECURITY GUARDS AND PATROL SERVICES,S206,HOUSEKEEPING- GUARD,FUNDING FOR DESERT VIEW DETENTION SERVICES FACILITY OPERATING CHARGE & PER DIEM RATES AT THE DESERT VIEW ANNEX IN LOS ANGELES CALIFORNIA
70CDCR25FR0000004,CONT_AWD_70CDCR25FR0000004_7012_HSCEDM15D00015_7012,P00002,2025-03-04,6385200.0,"THE GEO GROUP, INC.",JMLKZZ1NL2Z6,DELIVERY ORDER,U.S. Immigration and Customs Enforcement,561210,FACILITIES SUPPORT SERVICES,S206,HOUSEKEEPING- GUARD,THIS MODIFICATION ADDS FUNDING TO THE AWARD FOR DETENTION AND TRANSPORTATION SERVICES AT A DETENTION FACILITY IN THE SEATTLE AREA OF RESPONSIBILITY
70CDCR25FR0000005,CONT_AWD_70CDCR25FR0000005_7012_70CDCR22D00000001_7012,P00006,2025-03-05,4970776.0,"THE GEO GROUP, INC.",JMLKZZ1NL2Z6,DELIVERY ORDER,U.S. Immigration and Customs Enforcement,561210,FACILITIES SUPPORT SERVICES,S206,HOUSEKEEPING- GUARD,"THIS TASK ORDER PROVIDES DETENTION, TRANSPORTATION, AND MEDICAL SERVICES FOR DENVER AURORA CONTRACT DETENTION FACILITY TO ACHIEVE THE ICE MISSION TO SAFELY HOUSE DETAINED ALIENS. THIS MODIFICATION OBLIGATES INCREMENTAL FUNDING FOR THESE SERVICES."
70CDCR25FR0000013,CONT_AWD_70CDCR25FR0000013_7012_70CDCR20D00000008_7012,P00002,2025-03-05,15457395.19,"THE GEO GROUP, INC.",JMLKZZ1NL2Z6,DELIVERY ORDER,U.S. Immigration and Customs Enforcement,561612,SECURITY GUARDS AND PATROL SERVICES,S206,HOUSEKEEPING- GUARD,THE PURPOSE OF THIS MODIFICATION IS TO ADD FUNDING FOR DETENTION SERVICES IN MESSA VERDE AND GOLDEN STATES ICE DETENTION FACILITIES.
70CDCR25FR0000029,CONT_AWD_70CDCR25FR0000029_7012_70CDCR25D00000007_7012,0,2025-03-06,4448573.9,"THE GEO GROUP, INC.",JMLKZZ1NL2Z6,DELIVERY ORDER,U.S. Immigration and Customs Enforcement,561612,SECURITY GUARDS AND PATROL SERVICES,S206,HOUSEKEEPING- GUARD,"THE PURPOSE OF THIS NEW TASK ORDER IS TO PROVIDE THE FUNDING NECESSARY FOR TRANSITION, DETENTION, AND TRANSPORTATION SERVICES FOR HOUSING ICE ALIENS AT THE DELANEY HALL CONTRACT DETENTION FACILITY IN NEWARK NEW JERSEY."
70CDCR25FR0000004,CONT_AWD_70CDCR25FR0000004_7012_HSCEDM15D00015_7012,P00003,2025-03-11,15505.85,"THE GEO GROUP, INC.",JMLKZZ1NL2Z6,DELIVERY ORDER,U.S. Immigration and Customs Enforcement,561210,FACILITIES SUPPORT SERVICES,S206,HOUSEKEEPING- GUARD,THIS MODIFICATION ADDS FUNDING TO THE AWARD FOR DETENTION AND TRANSPORTATION SERVICES AT A DETENTION FACILITY IN THE SEATTLE AREA OF RESPONSIBILITY
70CDCR24FC0000004,CONT_AWD_70CDCR24FC0000004_7012_HSCEDM14A00001_7012,P00008,2025-03-12,1140975.93,"THE GEO GROUP, INC.",JMLKZZ1NL2Z6,BPA CALL,U.S. Immigration and Customs Enforcement,922140,CORRECTIONAL INSTITUTIONS,S206,HOUSEKEEPING- GUARD,THE PURPOSE OF THIS MODIFICATION IS TO ADD FUNDING FOR DETENTION SERVICES AT RIO GRANDE DETENTION CENTER.
70CDCR24FR0000038,CONT_AWD_70CDCR24FR0000038_7012_70CDCR20D00000012_7012,P00005,2025-03-12,5840393.54,"THE GEO GROUP, INC.",JMLKZZ1NL2Z6,DELIVERY ORDER,U.S. Immigration and Customs Enforcement,922140,CORRECTIONAL INSTITUTIONS,S206,HOUSEKEEPING- GUARD,THE PURPOSE OF THIS MODIFICATION IS TO PROVIDE DETENTION AND TRANSPORTATION SERVICES FOR ALIEN DETAINEES AT THE ICE SOUTH TEXAS ICE PROCESSING CENTER (STIPC).
70CDCR24FR0000010,CONT_AWD_70CDCR24FR0000010_7012_70CDCR20D00000008_7012,P00010,2025-03-19,-412389.51,"THE GEO GROUP, INC.",JMLKZZ1NL2Z6,DELIVERY ORDER,U.S. Immigration and Customs Enforcement,561612,SECURITY GUARDS AND PATROL SERVICES,S206,HOUSEKEEPING- GUARD,THE PURPOSE OF THIS MODIFICATION IS TO DE-OBLIGATE EXCESS FUNDS FOR DETENTION SERVICES AT MESA VERDE AND CLOSEOUT THIS TASK ORDER.
70CDCR25FR0000004,CONT_AWD_70CDCR25FR0000004_7012_HSCEDM15D00015_7012,P00004,2025-03-19,131272.47,"THE GEO GROUP, INC.",JMLKZZ1NL2Z6,DELIVERY ORDER,U.S. Immigration and Customs Enforcement,561210,FACILITIES SUPPORT SERVICES,S206,HOUSEKEEPING- GUARD,"THIS MODIFICATION ADDS FUNDING FOR DETENTION SERVICES ABOVE THE GUARANTEED MINIMUM, OVERTIME TRANSPORTATION SERVICES, AND REMOTE POSTS AT A DETENTION FACILITY IN THE SEATTLE AREA OF RESPONSIBILITY"
70CDCR24FR0000056,CONT_AWD_70CDCR24FR0000056_7012_HSCEDM17D00009_7012,P00006,2025-03-21,5736700.0,"THE GEO GROUP, INC.",JMLKZZ1NL2Z6,DELIVERY ORDER,U.S. Immigration and Customs Enforcement,561210,FACILITIES SUPPORT SERVICES,S206,HOUSEKEEPING- GUARD,THE PURPOSE OF THIS MODIFICATION IS TO ADD FUNDING FOR DETENTION AND TRANSPORTATION SERVICES AT MONTGOMERY PROCESSING CENTER.
70CDCR25FC0000002,CONT_AWD_70CDCR25FC0000002_7012_HSCEDM14A00001_7012,0,2025-03-31,655200.0,"THE GEO GROUP, INC.",JMLKZZ1NL2Z6,BPA CALL,U.S. Immigration and Customs Enforcement,922140,CORRECTIONAL INSTITUTIONS,S206,HOUSEKEEPING- GUARD,"THE PURPOSE OF THIS CONTRACT IS TO PROVIDE DETENTION AND TRANSPORTATION SERVICES AT RIO GRANDE DETENTION CENTER IN LAREDO, TX."
70CDCR23FR0000045,CONT_AWD_70CDCR23FR0000045_7012_70CDCR20D00000012_7012,P00014,2025-04-01,0.0,"THE GEO GROUP, INC.",JMLKZZ1NL2Z6,DELIVERY ORDER,U.S. Immigration and Customs Enforcement,922140,CORRECTIONAL INSTITUTIONS,S206,HOUSEKEEPING- GUARD,DETENTION AND TRANSPORTATION SERVICES - SOUTH TEXAS ICE PROCESSING CENTER (STIPC) FUNDING MODIFICATION  THIS IS A CLOSEOUT MODIFICATION
70CDCR24FR0000056,CONT_AWD_70CDCR24FR0000056_7012_HSCEDM17D00009_7012,P00007,2025-04-01,200000.0,"THE GEO GROUP, INC.",JMLKZZ1NL2Z6,DELIVERY ORDER,U.S. Immigration and Customs Enforcement,561210,FACILITIES SUPPORT SERVICES,S206,HOUSEKEEPING- GUARD,THE PURPOSE OF THIS CONTRACT IS TO PROVIDE DETENTION AND TRANSPORTATION SERVICES AT MONTGOMERY PROCESSING CENTER IN TX. THE PURPOSE OF THIS ORDER IS TO UPDATE THE PERIOD OF PERFORMANCE AND ADD FUNDING FOR THE CONTINUANCE OF SERVICES.
70CDCR25FR0000037,CONT_AWD_70CDCR25FR0000037_7012_70CDCR25D00000009_7012,0,2025-04-01,7001000.0,"THE GEO GROUP, INC.",JMLKZZ1NL2Z6,DELIVERY ORDER,U.S. Immigration and Customs Enforcement,561612,SECURITY GUARDS AND PATROL SERVICES,S206,HOUSEKEEPING- GUARD,THE PURPOSE OF THIS TASK ORDER IS TO ESTABLISH A DETENTION FACILITY WITHIN THE NORTH LAKE CORRECTIONAL FACILITY IN SUPPORT OF THE PRESIDENT'S DECLARATION OF A NATIONAL EMERGENCY AT THE SOUTHERN BORDER.
70CDCR25FR0000029,CONT_AWD_70CDCR25FR0000029_7012_70CDCR25D00000007_7012,P00001,2025-04-02,822109.34,"THE GEO GROUP, INC.",JMLKZZ1NL2Z6,DELIVERY ORDER,U.S. Immigration and Customs Enforcement,561612,SECURITY GUARDS AND PATROL SERVICES,S206,HOUSEKEEPING- GUARD,"THE PURPOSE OF THIS TASK ORDER IS TO PROVIDE THE FUNDING NECESSARY FOR TRANSITION, DETENTION, AND TRANSPORTATION SERVICES FOR HOUSING ICE ALIENS AT THE DELANEY HALL CONTRACT DETENTION FACILITY.  THIS MODIFICATION PROVIDES ADDITIONAL FUNDING."
70CDCR24FR0000053,CONT_AWD_70CDCR24FR0000053_7012_70CDCR21D00000004_7012,P00005,2025-04-04,913383.0,"THE GEO GROUP, INC.",JMLKZZ1NL2Z6,DELIVERY ORDER,U.S. Immigration and Customs Enforcement,561612,SECURITY GUARDS AND PATROL SERVICES,S206,HOUSEKEEPING- GUARD,THIS MODIFICATION OBLIGATES FUNDS FOR DETENTION AND TRANSPORTATION SERVICES TO HOUSE AND SAFEGUARD ILLEGAL ALIEN DETAINEES AT BROWARD TRANSITIONAL CENTER WITHIN ENFORCEMENT AND REMOVAL OPERATIONS (ERO) MIAMI AREA OF RESPONSIBILITY (AOR)
70CDCR24FC0000005,CONT_AWD_70CDCR24FC0000005_7012_70CDCR18A00000007_7012,P00003,2025-04-07,167600.0,"THE GEO GROUP, INC.",JMLKZZ1NL2Z6,BPA CALL,U.S. Immigration and Customs Enforcement,922140,CORRECTIONAL INSTITUTIONS,S206,HOUSEKEEPING- GUARD,THIS MODIFICATION FUNDS DETENTION SERVICES TO HOUSE AND SAFEGUARD ILLEGAL ALIENS IN SUPPORT OF ENFORCEMENT AND REMOVAL OPERATIONS (ERO) AT ROBERT A. DEYTON DETENTION FACILITY
70CDCR24FR0000001,CONT_AWD_70CDCR24FR0000001_7012_70CDCR22D00000001_7012,P00014,2025-04-08,0.0,"THE GEO GROUP, INC.",JMLKZZ1NL2Z6,DELIVERY ORDER,U.S. Immigration and Customs Enforcement,561210,FACILITIES SUPPORT SERVICES,S206,HOUSEKEEPING- GUARD,"DETENTION, TRANSPORTATION, AND MEDICAL SERVICES FOR DENVER (AURORA) CONTRACT DETENTION FACILITY  THIS IS A CLOSEOUT MODIFICATION"
70CDCR24FR0000056,CONT_AWD_70CDCR24FR0000056_7012_HSCEDM17D00009_7012,P00008,2025-04-10,5523267.0,"THE GEO GROUP, INC.",JMLKZZ1NL2Z6,DELIVERY ORDER,U.S. Immigration and Customs Enforcement,561210,FACILITIES SUPPORT SERVICES,S206,HOUSEKEEPING- GUARD,THE PURPOSE OF THIS CONTRACT IS TO PROVIDE DETENTION AND TRANSPORTATION SERVICES AT MONTGOMERY PROCESSING CENTER IN TX. THE PURPOSE OF THIS ORDER IS TO UPDATE THE PERIOD OF PERFORMANCE AND ADD FUNDING FOR THE CONTINUANCE OF SERVICES.
70CDCR25FR0000005,CONT_AWD_70CDCR25FR0000005_7012_70CDCR22D00000001_7012,P00007,2025-04-11,4367600.0,"THE GEO GROUP, INC.",JMLKZZ1NL2Z6,DELIVERY ORDER,U.S. Immigration and Customs Enforcement,561210,FACILITIES SUPPORT SERVICES,S206,HOUSEKEEPING- GUARD,"THIS TASK ORDER PROVIDES DETENTION, TRANSPORTATION, AND MEDICAL SERVICES FOR DENVER AURORA CONTRACT DETENTION FACILITY TO ACHIEVE THE ICE MISSION TO SAFELY HOUSE DETAINED ALIENS. THIS MODIFICATION OBLIGATES INCREMENTAL FUNDING FOR THESE SERVICES."
70CDCR24FR0000038,CONT_AWD_70CDCR24FR0000038_7012_70CDCR20D00000012_7012,P00006,2025-04-14,4961770.8,"THE GEO GROUP, INC.",JMLKZZ1NL2Z6,DELIVERY ORDER,U.S. Immigration and Customs Enforcement,922140,CORRECTIONAL INSTITUTIONS,S206,HOUSEKEEPING- GUARD,THIS TASK ORDER PROVIDES DETENTION AND TRANSPORTATION SERVICES FOR ALIEN DETAINEES AT THE SOUTH TEXAS ICE PROCESSING CENTER (STIPC). THIS CURRENT MODIFICATION OBLIGATES FUNDS TO SUPPORT THE DETENTION AND TRANSPORTATION SERVICES.
70CDCR25FR0000009,CONT_AWD_70CDCR25FR0000009_7012_70CDCR20D00000009_7012,P00003,2025-04-14,178419.0,"THE GEO GROUP, INC.",JMLKZZ1NL2Z6,DELIVERY ORDER,U.S. Immigration and Customs Enforcement,561612,SECURITY GUARDS AND PATROL SERVICES,S206,HOUSEKEEPING- GUARD,FUNDING FOR ADELANTO DETENTION DAILY OCCUPANCY SERVICES AND OTHER DIRECT COSTS AT ADELANTO DETENTION CENTER IN LOS ANGELES CALIFORNIA
70CDCR20FR0000036,CONT_AWD_70CDCR20FR0000036_7012_HSCEDM17D00009_7012,P00007,2025-04-15,-100235.21,"THE GEO GROUP, INC.",JMLKZZ1NL2Z6,DELIVERY ORDER,U.S. Immigration and Customs Enforcement,561210,FACILITIES SUPPORT SERVICES,S206,HOUSEKEEPING- GUARD,THE PURPOSE OF THIS CONTRACT IS TO PROVIDE DETENTION AND TRANSPORTATION SERVICES AT MONTGOMERY PROCESSING CENTER (MPC). THE PURPOSE OF THIS MODIFICATION IS TO DEOBLIGATE UNEXPENDED FUNDS.
70CDCR25FR0000004,CONT_AWD_70CDCR25FR0000004_7012_HSCEDM15D00015_7012,P00005,2025-04-18,6764458.0,"THE GEO GROUP, INC.",JMLKZZ1NL2Z6,DELIVERY ORDER,U.S. Immigration and Customs Enforcement,561210,FACILITIES SUPPORT SERVICES,S206,HOUSEKEEPING- GUARD,"THIS MODIFICATION ADDS FUNDING FOR DETENTION AND TRANSPORTATION SERVICES, FUEL, OVERTIME TRANSPORTATION SERVICES, AND REMOTE POST AT A DETENTION FACILITY IN THE SEATTLE AREA OF RESPONSIBILITY."
70CDCR25FR0000029,CONT_AWD_70CDCR25FR0000029_7012_70CDCR25D00000007_7012,P00002,2025-04-22,5635200.0,"THE GEO GROUP, INC.",JMLKZZ1NL2Z6,DELIVERY ORDER,U.S. Immigration and Customs Enforcement,561612,SECURITY GUARDS AND PATROL SERVICES,S206,HOUSEKEEPING- GUARD,THE PURPOSE OF THIS CONTRACT IS TO PROVIDE DETENTION AND TRANSPORTATION SERVICES FOR HOUSING ICE ALIENS AT THE DELANEY HALL CONTRACT DETENTION FACILITY. THIS TASK ORDER MODIFICATION PROVIDES ADDITIONAL FUNDING FOR THESE SERVICES.
70CDCR25FR0000013,CONT_AWD_70CDCR25FR0000013_7012_70CDCR20D00000008_7012,P00003,2025-04-23,5224367.92,"THE GEO GROUP, INC.",JMLKZZ1NL2Z6,DELIVERY ORDER,U.S. Immigration and Customs Enforcement,561612,SECURITY GUARDS AND PATROL SERVICES,S206,HOUSEKEEPING- GUARD,THE PURPOSE OF THIS MODIFICATION IS TO ADD FUNDING FOR DETENTION SERVICES IN MESA VERDE AND GOLDEN STATE DETENTION FACILITIES.
70CDCR25FC0000002,CONT_AWD_70CDCR25FC0000002_7012_HSCEDM14A00001_7012,P00001,2025-04-25,711000.0,"THE GEO GROUP, INC.",JMLKZZ1NL2Z6,BPA CALL,U.S. Immigration and Customs Enforcement,922140,CORRECTIONAL INSTITUTIONS,S206,HOUSEKEEPING- GUARD,THE PURPOSE OF THIS CONTRACT IS TO PROVIDE DETENTION AND TRANSPORTATION SERVICES AT RIO GRANDE DETENTION CENTER. THE PURPOSE OF THIS MODIFICATION IS TO ADD FUNDING FOR DETENTION AND TRANSPORTATION SERVICES.
70CDCR24FR0000053,CONT_AWD_70CDCR24FR0000053_7012_70CDCR21D00000004_7012,P00006,2025-04-28,3616900.0,"THE GEO GROUP, INC.",JMLKZZ1NL2Z6,DELIVERY ORDER,U.S. Immigration and Customs Enforcement,561612,SECURITY GUARDS AND PATROL SERVICES,S206,HOUSEKEEPING- GUARD,THIS MODIFICATION OBLIGATES FUNDS FOR DETENTION AND TRANSPORTATION SERVICES TO HOUSE AND SAFEGUARD ILLEGAL ALIEN DETAINEES AT BROWARD TRANSITIONAL CENTER WITHIN ENFORCEMENT AND REMOVAL OPERATIONS (ERO) MIAMI AREA OF RESPONSIBILITY (AOR)
70CDCR24FR0000038,CONT_AWD_70CDCR24FR0000038_7012_70CDCR20D00000012_7012,P00007,2025-04-29,10142664.24,"THE GEO GROUP, INC.",JMLKZZ1NL2Z6,DELIVERY ORDER,U.S. Immigration and Customs Enforcement,922140,CORRECTIONAL INSTITUTIONS,S206,HOUSEKEEPING- GUARD,THIS TASK ORDER PROVIDES DETENTION AND TRANSPORTATION SERVICES FOR ALIEN DETAINEES AT THE SOUTH TEXAS ICE PROCESSING CENTER (STIPC). THIS CURRENT MODIFICATION OBLIGATES FUNDS TO SUPPORT THE DETENTION AND TRANSPORTATION SERVICES.
70CDCR24FR0000056,CONT_AWD_70CDCR24FR0000056_7012_HSCEDM17D00009_7012,P00009,2025-04-30,11089200.0,"THE GEO GROUP, INC.",JMLKZZ1NL2Z6,DELIVERY ORDER,U.S. Immigration and Customs Enforcement,561210,FACILITIES SUPPORT SERVICES,S206,HOUSEKEEPING- GUARD,"THE PURPOSE OF THIS CONTRACT IS TO PROVIDE DETENTION AND TRANSPORTATION SERVICES AT MONTGOMERY PROCESSING CENTER IN CONROE, TX. THE PURPOSE OF THIS ORDER IS TO UPDATE THE PERIOD OF PERFORMANCE AND ADD FUNDING FOR THE CONTINUANCE OF SERVICES."
70CDCR25FR0000009,CONT_AWD_70CDCR25FR0000009_7012_70CDCR20D00000009_7012,P00004,2025-05-05,7325766.0,"THE GEO GROUP, INC.",JMLKZZ1NL2Z6,DELIVERY ORDER,U.S. Immigration and Customs Enforcement,561612,SECURITY GUARDS AND PATROL SERVICES,S206,HOUSEKEEPING- GUARD,"FUNDING FOR ADELANTO DETENTION SERVICES FACILITY OPERATING CHARGE, DAILY OCCUPANCY, TRANSPORTATION, GUARD SERVICES, AND OTHER DIRECT COSTS AT ADELANTO DETENTION CENTER IN LOS ANGELES CALIFORNIA."
70CDCR25FR0000004,CONT_AWD_70CDCR25FR0000004_7012_HSCEDM15D00015_7012,P00006,2025-05-06,15045785.73,"THE GEO GROUP, INC.",JMLKZZ1NL2Z6,DELIVERY ORDER,U.S. Immigration and Customs Enforcement,561210,FACILITIES SUPPORT SERVICES,S206,HOUSEKEEPING- GUARD,"THIS MODIFICATION ADDS FUNDING FOR DETENTION AND TRANSPORTATION SERVICES, FUEL, OVERTIME TRANSPORTATION SERVICES, AND REMOTE POST AT A DETENTION FACILITY IN THE SEATTLE AREA OF RESPONSIBILITY."
70CDCR24FR0000053,CONT_AWD_70CDCR24FR0000053_7012_70CDCR21D00000004_7012,P00007,2025-05-07,7733800.0,"THE GEO GROUP, INC.",JMLKZZ1NL2Z6,DELIVERY ORDER,U.S. Immigration and Customs Enforcement,561612,SECURITY GUARDS AND PATROL SERVICES,S206,HOUSEKEEPING- GUARD,THIS MODIFICATION OBLIGATES FUNDS FOR DETENTION AND TRANSPORTATION SERVICES TO HOUSE AND SAFEGUARD ILLEGAL ALIEN DETAINEES AT BROWARD TRANSITIONAL CENTER WITHIN ENFORCEMENT AND REMOVAL OPERATIONS (ERO) MIAMI AREA OF RESPONSIBILITY (AOR)
70CDCR25FC0000002,CONT_AWD_70CDCR25FC0000002_7012_HSCEDM14A00001_7012,P00002,2025-05-07,711000.0,"THE GEO GROUP, INC.",JMLKZZ1NL2Z6,BPA CALL,U.S. Immigration and Customs Enforcement,922140,CORRECTIONAL INSTITUTIONS,S206,HOUSEKEEPING- GUARD,THE PURPOSE OF THIS CONTRACT IS TO PROVIDE DETENTION AND TRANSPORTATION SERVICES AT RIO GRANDE DETENTION CENTER. THE PURPOSE OF THIS MODIFICATION IS TO ADD FUNDING FOR DETENTION AND TRANSPORTATION SERVICES.
70CDCR25FR0000005,CONT_AWD_70CDCR25FR0000005_7012_70CDCR22D00000001_7012,P00008,2025-05-07,8735199.99,"THE GEO GROUP, INC.",JMLKZZ1NL2Z6,DELIVERY ORDER,U.S. Immigration and Customs Enforcement,561210,FACILITIES SUPPORT SERVICES,S206,HOUSEKEEPING- GUARD,"THIS AWARD PROVIDES DETENTION, TRANSPORTATION, AND MEDICAL SERVICES FOR DENVER AURORA CONTRACT DETENTION FACILITY TO ACHIEVE THE ICE MISSION TO SAFELY HOUSE DETAINED ALIENS. THIS MODIFICATION OBLIGATES ADDITIONAL FUNDING FOR THESE SERVICES."
70CDCR25FR0000010,CONT_AWD_70CDCR25FR0000010_7012_70CDCR20D00000009_7012,P00003,2025-05-08,2853167.0,"THE GEO GROUP, INC.",JMLKZZ1NL2Z6,DELIVERY ORDER,U.S. Immigration and Customs Enforcement,561612,SECURITY GUARDS AND PATROL SERVICES,S206,HOUSEKEEPING- GUARD,FUNDING FOR DESERT VIEW DETENTION SERVICES FACILITY OPERATING CHARGE AND PER DIEM RATES AT THE DESERT VIEW ANNEX IN LOS ANGELES CALIFORNIA.
70CDCR25FR0000029,CONT_AWD_70CDCR25FR0000029_7012_70CDCR25D00000007_7012,P00003,2025-05-09,9616100.0,"THE GEO GROUP, INC.",JMLKZZ1NL2Z6,DELIVERY ORDER,U.S. Immigration and Customs Enforcement,561612,SECURITY GUARDS AND PATROL SERVICES,S206,HOUSEKEEPING- GUARD,THIS AWARD PROVIDES DETENTION AND TRANSPORTATION SERVICES WHICH IS REQUIRED FOR HOUSING ICE ALIENS AT THE DELANEY HALL CONTRACT DETENTION FACILITY. THIS MODIFICATION PROVIDES ADDITIONAL FUNDING FOR THESE SERVICES.
70CDCR25FR0000075,CONT_AWD_70CDCR25FR0000075_7012_70CDCR25D00000016_7012,0,2025-05-17,250.0,"THE GEO GROUP, INC.",JMLKZZ1NL2Z6,DELIVERY ORDER,U.S. Immigration and Customs Enforcement,561612,SECURITY GUARDS AND PATROL SERVICES,S206,HOUSEKEEPING- GUARD,THIS IS A TASK ORDER FOR THE MINIMUM OBLIGATION UNDER THE MULTIPLE-AWARD STRATEGIC SOURCING VEHICLE FOR EMERGENCY DETENTION AND RELATED SERVICES FOR ALIENS IN IMMIGRATION AND CUSTOMS ENFORCEMENT CUSTODY IN RESPONSE TO THE BORDER EMERGENCY.
70CDCR25FC0000002,CONT_AWD_70CDCR25FC0000002_7012_HSCEDM14A00001_7012,P00003,2025-05-21,0.0,"THE GEO GROUP, INC.",JMLKZZ1NL2Z6,BPA CALL,U.S. Immigration and Customs Enforcement,922140,CORRECTIONAL INSTITUTIONS,S206,HOUSEKEEPING- GUARD,THE PURPOSE OF THIS CONTRACT IS TO PROVIDE DETENTION AND TRANSPORTATION SERVICES AT RIO GRANDE DETENTION CENTER. THE PURPOSE OF THIS MODIFICATION IS TO UPDATE THE GUARD SERVICES RATE.
70CDCR25FR0000013,CONT_AWD_70CDCR25FR0000013_7012_70CDCR20D00000008_7012,P00004,2025-05-21,8576503.0,"THE GEO GROUP, INC.",JMLKZZ1NL2Z6,DELIVERY ORDER,U.S. Immigration and Customs Enforcement,561612,SECURITY GUARDS AND PATROL SERVICES,S206,HOUSEKEEPING- GUARD,THIS MODIFICATION ADDS FUNDING FOR DETENTION SERVICES AT THE MESA VERDE AND GOLDEN STATE ICE DETENTION FACILITIES IN THE SAN FRANCISCO AREA OF RESPONSIBILITY.
70CDCR25FR0000009,CONT_AWD_70CDCR25FR0000009_7012_70CDCR20D00000009_7012,P00005,2025-05-28,14651600.0,"THE GEO GROUP, INC.",JMLKZZ1NL2Z6,DELIVERY ORDER,U.S. Immigration and Customs Enforcement,561612,SECURITY GUARDS AND PATROL SERVICES,S206,HOUSEKEEPING- GUARD,"FUNDING FOR ADELANTO DETENTION SERVICES FACILITY OPERATING CHARGE, DAILY OCCUPANCY, TRANSPORTATION, GUARD SERVICES, AND OTHER DIRECT COSTS AT ADELANTO DETENTION CENTER IN LOS ANGELES CALIFORNIA."
70CDCR25FR0000010,CONT_AWD_70CDCR25FR0000010_7012_70CDCR20D00000009_7012,P00004,2025-05-28,5706400.0,"THE GEO GROUP, INC.",JMLKZZ1NL2Z6,DELIVERY ORDER,U.S. Immigration and Customs Enforcement,561612,SECURITY GUARDS AND PATROL SERVICES,S206,HOUSEKEEPING- GUARD,FUNDING FOR DESERT VIEW DETENTION SERVICES FACILITY OPERATING CHARGE AND PER DIEM RATES AT THE DESERT VIEW ANNEX IN LOS ANGELES CALIFORNIA.
70CDCR24FC0000005,CONT_AWD_70CDCR24FC0000005_7012_70CDCR18A00000007_7012,P00004,2025-05-30,300000.0,"THE GEO GROUP, INC.",JMLKZZ1NL2Z6,BPA CALL,U.S. Immigration and Customs Enforcement,922140,CORRECTIONAL INSTITUTIONS,S206,HOUSEKEEPING- GUARD,THIS MODIFICATION FUNDS DETENTION SERVICES TO HOUSE AND SAFEGUARD ILLEGAL ALIENS IN SUPPORT OF ENFORCEMENT AND REMOVAL OPERATIONS (ERO) AT ROBERT A. DEYTON DETENTION FACILITY
70CDCR24FR0000011,CONT_AWD_70CDCR24FR0000011_7012_70CDCR20D00000009_7012,P00009,2025-06-04,-385159.1,"THE GEO GROUP, INC.",JMLKZZ1NL2Z6,DELIVERY ORDER,U.S. Immigration and Customs Enforcement,561612,SECURITY GUARDS AND PATROL SERVICES,S206,HOUSEKEEPING- GUARD,DE-OBLIGATION OF FUNDING FOR DETENTION BEDS AT ADELANTO
70CDCR24FR0000049,CONT_AWD_70CDCR24FR0000049_7012_70CDCR20D00000011_7012,P00009,2025-06-06,18349546.68,B.I. INCORPORATED,PKK6L9KLMYR5,DELIVERY ORDER,U.S. Immigration and Customs Enforcement,561210,FACILITIES SUPPORT SERVICES,R408,SUPPORT- PROFESSIONAL: PROGRAM MANAGEMENT/SUPPORT,ADDITIONAL FUNDING FOR CONTRACT MANAGEMENT AND OPERATIONAL SUPPORT FOR THE INTENSIVE SUPERVISION APPEARANCE PROGRAM IN SUPPORT OF ALTERNATIVES TO DETENTION FOR IMMIGRATION AND CUSTOMS ENFORCEMENT
70CDCR24FR0000053,CONT_AWD_70CDCR24FR0000053_7012_70CDCR21D00000004_7012,P00008,2025-06-06,540287.0,"THE GEO GROUP, INC.",JMLKZZ1NL2Z6,DELIVERY ORDER,U.S. Immigration and Customs Enforcement,561612,SECURITY GUARDS AND PATROL SERVICES,S206,HOUSEKEEPING- GUARD,THIS MODIFICATION OBLIGATES FUNDS FOR DETENTION AND TRANSPORTATION SERVICES TO HOUSE AND SAFEGUARD ILLEGAL ALIEN DETAINEES AT BROWARD TRANSITIONAL CENTER WITHIN ENFORCEMENT AND REMOVAL OPERATIONS (ERO) MIAMI AREA OF RESPONSIBILITY (AOR)
70CDCR25FR0000005,CONT_AWD_70CDCR25FR0000005_7012_70CDCR22D00000001_7012,P00009,2025-06-13,1768206.53,"THE GEO GROUP, INC.",JMLKZZ1NL2Z6,DELIVERY ORDER,U.S. Immigration and Customs Enforcement,561210,FACILITIES SUPPORT SERVICES,S206,HOUSEKEEPING- GUARD,"THIS AWARD PROVIDES DETENTION, TRANSPORTATION, AND MEDICAL SERVICES FOR DENVER AURORA CONTRACT DETENTION FACILITY TO ACHIEVE THE ICE MISSION TO SAFELY HOUSE DETAINED ALIENS. THIS MODIFICATION OBLIGATES ADDITIONAL FUNDING FOR THESE SERVICES."
70CDCR25FC0000002,CONT_AWD_70CDCR25FC0000002_7012_HSCEDM14A00001_7012,P00004,2025-06-30,1941188.0,"THE GEO GROUP, INC.",JMLKZZ1NL2Z6,BPA CALL,U.S. Immigration and Customs Enforcement,922140,CORRECTIONAL INSTITUTIONS,S206,HOUSEKEEPING- GUARD,THE PURPOSE OF THIS CONTRACT IS TO PROVIDE DETENTION AND TRANSPORTATION SERVICES AT RIO GRANDE DETENTION CENTER. THE PURPOSE OF THIS MODIFICATION IS TO ADD FUNDING FOR GUARD SERVICES.
70CDCR25FR0000005,CONT_AWD_70CDCR25FR0000005_7012_70CDCR22D00000001_7012,P00010,2025-07-01,10630000.0,"THE GEO GROUP, INC.",JMLKZZ1NL2Z6,DELIVERY ORDER,U.S. Immigration and Customs Enforcement,561210,FACILITIES SUPPORT SERVICES,S206,HOUSEKEEPING- GUARD,"THIS AWARD PROVIDES DETENTION, TRANSPORTATION, AND MEDICAL SERVICES FOR DENVER AURORA CONTRACT DETENTION FACILITY TO ACHIEVE THE ICE MISSION TO SAFELY HOUSE DETAINED ALIENS. THIS MODIFICATION OBLIGATES ADDITIONAL FUNDING FOR THESE SERVICES."
70CDCR24FR0000056,CONT_AWD_70CDCR24FR0000056_7012_HSCEDM17D00009_7012,P00010,2025-07-14,7428000.0,"THE GEO GROUP, INC.",JMLKZZ1NL2Z6,DELIVERY ORDER,U.S. Immigration and Customs Enforcement,561210,FACILITIES SUPPORT SERVICES,S206,HOUSEKEEPING- GUARD,"THE PURPOSE OF THIS CONTRACT IS TO PROVIDE DETENTION AND TRANSPORTATION SERVICES AT MONTGOMERY PROCESSING CENTER IN CONROE, TX. THE PURPOSE OF THIS ORDER IS TO UPDATE THE PERIOD OF PERFORMANCE AND ADD FUNDING FOR THE CONTINUANCE OF SERVICES."
70CDCR25FC0000007,CONT_AWD_70CDCR25FC0000007_7012_70CDCR18A00000007_7012,0,2025-07-21,35300.0,"THE GEO GROUP, INC.",JMLKZZ1NL2Z6,BPA CALL,U.S. Immigration and Customs Enforcement,922140,CORRECTIONAL INSTITUTIONS,S206,HOUSEKEEPING- GUARD,THIS TASK ORDER FUNDS DETENTION SERVICES TO HOUSE AND SAFEGUARD ILLEGAL ALIENS IN SUPPORT OF ENFORCEMENT AND REMOVAL OPERATIONS (ERO) AT ROBERT A. DEYTON DETENTION FACILITY
70CDCR23FC0000014,CONT_AWD_70CDCR23FC0000014_7012_70CDCR18A00000007_7012,P00006,2025-07-22,-2219.44,"THE GEO GROUP, INC.",JMLKZZ1NL2Z6,BPA CALL,U.S. Immigration and Customs Enforcement,922140,CORRECTIONAL INSTITUTIONS,S206,HOUSEKEEPING- GUARD,THE PURPOSE OF THIS MODIFICATION IS TO ODE-OBLIGATE UNUSED FUNDING AND CLOSE THIS TASK ORDER.
70CDCR23FR0000002,CONT_AWD_70CDCR23FR0000002_7012_HSCEDM15D00015_7012,P00010,2025-07-22,-3150.0,"THE GEO GROUP, INC.",JMLKZZ1NL2Z6,DELIVERY ORDER,U.S. Immigration and Customs Enforcement,561210,FACILITIES SUPPORT SERVICES,S206,HOUSEKEEPING- GUARD,"THE MODIFICATION IS TO CLOSE OUT THE CONTRACT AND DE-OBLIGATE FUNDING FOR THE NORTHWEST DETENTION CENTER, TACOMA"
70CDCR24FR0000012,CONT_AWD_70CDCR24FR0000012_7012_70CDCR20D00000009_7012,P00010,2025-07-23,-68104.3,"THE GEO GROUP, INC.",JMLKZZ1NL2Z6,DELIVERY ORDER,U.S. Immigration and Customs Enforcement,561612,SECURITY GUARDS AND PATROL SERVICES,S206,HOUSEKEEPING- GUARD,CLOSE OUT AND DEOBLIGATION OF FUNDS FOR DETENTION SERVICES AT DESERT VIEW FOR LOS AOR
70CDCR25FC0000002,CONT_AWD_70CDCR25FC0000002_7012_HSCEDM14A00001_7012,P00005,2025-07-24,600.0,"THE GEO GROUP, INC.",JMLKZZ1NL2Z6,BPA CALL,U.S. Immigration and Customs Enforcement,922140,CORRECTIONAL INSTITUTIONS,S206,HOUSEKEEPING- GUARD,THE PURPOSE OF THIS CONTRACT IS TO PROVIDE DETENTION AND TRANSPORTATION SERVICES AT RIO GRANDE DETENTION CENTER. THE PURPOSE OF THIS MODIFICATION IS TO ADD FUNDING FOR GUARD SERVICES.
70CDCR25FR0000004,CONT_AWD_70CDCR25FR0000004_7012_HSCEDM15D00015_7012,P00007,2025-07-24,13700853.0,"THE GEO GROUP, INC.",JMLKZZ1NL2Z6,DELIVERY ORDER,U.S. Immigration and Customs Enforcement,561210,FACILITIES SUPPORT SERVICES,S206,HOUSEKEEPING- GUARD,"THIS MODIFICATION ADDS FUNDING FOR DETENTION AND TRANSPORTATION SERVICES, FUEL, EXPANSION, REMOTE POST, AND OVERTIME BEDS AT A DETENTION FACILITY IN THE SEATTLE AREA OF RESPONSIBILITY."
70CDCR25FR0000096,CONT_AWD_70CDCR25FR0000096_7012_70CDCR25D00000009_7012,0,2025-08-01,17999289.0,"THE GEO GROUP, INC.",JMLKZZ1NL2Z6,DELIVERY ORDER,U.S. Immigration and Customs Enforcement,561612,SECURITY GUARDS AND PATROL SERVICES,S206,HOUSEKEEPING- GUARD,THE PURPOSE OF THIS TASK ORDER IS FOR COMPREHENSIVE DETENTION AND TRANSPORATION SERVICES FOR HOUSING CRIMINAL ALIENS AT NORTH LAKE DETENTION CENTER IN BALDWIN MI.
70CDCR24FC0000004,CONT_AWD_70CDCR24FC0000004_7012_HSCEDM14A00001_7012,P00009,2025-08-04,-154977.5,"THE GEO GROUP, INC.",JMLKZZ1NL2Z6,BPA CALL,U.S. Immigration and Customs Enforcement,922140,CORRECTIONAL INSTITUTIONS,S206,HOUSEKEEPING- GUARD,THIS IS A TASK ORDER FOR DETENTION SERVICES AT THE RIO GRANDE DETENTION CENTER. THE PURPOSE OF THIS MODIFICATION IS TO DEOBLIGATE EXCESS FUNDS AND CLOSEOUT THE TASK ORDER.
70CDCR25FR0000010,CONT_AWD_70CDCR25FR0000010_7012_70CDCR20D00000009_7012,P00005,2025-08-07,4633800.0,"THE GEO GROUP, INC.",JMLKZZ1NL2Z6,DELIVERY ORDER,U.S. Immigration and Customs Enforcement,561612,SECURITY GUARDS AND PATROL SERVICES,S206,HOUSEKEEPING- GUARD,FUNDING FOR DESERT VIEW DETENTION SERVICES FACILITY OPERATING CHARGE AND PER DIEM RATES AT THE DESERT VIEW ANNEX IN LOS ANGELES CALIFORNIA.
70CDCR25FR0000091,CONT_AWD_70CDCR25FR0000091_7012_70CDCR20D00000012_7012,0,2025-08-12,10260749.45,"THE GEO GROUP, INC.",JMLKZZ1NL2Z6,DELIVERY ORDER,U.S. Immigration and Customs Enforcement,922140,CORRECTIONAL INSTITUTIONS,S206,HOUSEKEEPING- GUARD,THIS TASK ORDER PROVIDES DETENTION AND TRANSPORTATION SERVICES AT THE SOUTH TEXAS ICE IMMIGRATION PROCESSING CENTER (STIPC).
70CDCR25FR0000009,CONT_AWD_70CDCR25FR0000009_7012_70CDCR20D00000009_7012,P00006,2025-08-13,17707729.0,"THE GEO GROUP, INC.",JMLKZZ1NL2Z6,DELIVERY ORDER,U.S. Immigration and Customs Enforcement,561612,SECURITY GUARDS AND PATROL SERVICES,S206,HOUSEKEEPING- GUARD,"FUNDING FOR ADELANTO DETENTION SERVICES FACILITY OPERATING CHARGE, DAILY OCCUPANCY, TRANSPORTATION, GUARD SERVICES, AND OTHER DIRECT COSTS AT ADELANTO DETENTION CENTER IN LOS ANGELES CALIFORNIA."
70CDCR24FR0000038,CONT_AWD_70CDCR24FR0000038_7012_70CDCR20D00000012_7012,P00008,2025-08-14,6465158.63,"THE GEO GROUP, INC.",JMLKZZ1NL2Z6,DELIVERY ORDER,U.S. Immigration and Customs Enforcement,922140,CORRECTIONAL INSTITUTIONS,S206,HOUSEKEEPING- GUARD,THIS TASK ORDER PROVIDES DETENTION AND TRANSPORTATION SERVICES FOR ALIEN DETAINEES AT THE SOUTH TEXAS ICE PROCESSING CENTER (STIPC). THIS CURRENT MODIFICATION OBLIGATES FUNDS TO SUPPORT THE DETENTION AND TRANSPORTATION SERVICES.
70CDCR24FR0000053,CONT_AWD_70CDCR24FR0000053_7012_70CDCR21D00000004_7012,P00009,2025-08-18,6135050.0,"THE GEO GROUP, INC.",JMLKZZ1NL2Z6,DELIVERY ORDER,U.S. Immigration and Customs Enforcement,561612,SECURITY GUARDS AND PATROL SERVICES,S206,HOUSEKEEPING- GUARD,THIS MODIFICATION OBLIGATES FUNDS FOR DETENTION AND TRANSPORTATION SERVICES TO HOUSE AND SAFEGUARD ILLEGAL ALIEN DETAINEES AT BROWARD TRANSITIONAL CENTER WITHIN ENFORCEMENT AND REMOVAL OPERATIONS (ERO) MIAMI AREA OF RESPONSIBILITY (AOR)
70CDCR25FR0000100,CONT_AWD_70CDCR25FR0000100_7012_70CDCR21D00000004_7012,0,2025-08-28,2637300.0,"THE GEO GROUP, INC.",JMLKZZ1NL2Z6,DELIVERY ORDER,U.S. Immigration and Customs Enforcement,561612,SECURITY GUARDS AND PATROL SERVICES,S206,HOUSEKEEPING- GUARD,"THIS IS A NEW TASK ORDER TO OBLIGATE FUNDING FOR HOUSING AND SAFEGUARDING ILLEGAL ALIENS IN SUPPORT OF ENFORCEMENT AND REMOVAL OPERATIONS (ERO) AT BROWARD TRANSITIONAL CENTER IN POMPANO, FL."
70CDCR23FR0000048,CONT_AWD_70CDCR23FR0000048_7012_70CDCR21D00000004_7012,P00011,2025-09-04,-266874.17,"THE GEO GROUP, INC.",JMLKZZ1NL2Z6,DELIVERY ORDER,U.S. Immigration and Customs Enforcement,561612,SECURITY GUARDS AND PATROL SERVICES,S206,HOUSEKEEPING- GUARD,THIS IS A CONTRACT FOR DETENTION AND TRANSPORTATION SERVICES FOR ILLEGAL ALIEN DETAINEES AT BROWARD TRANSITIONAL CENTER WITHIN ENFORCEMENT AND REMOVAL OPERATIONS (ERO). THIS MODIFICATION DE-OBLIGATES EXCESS FUNDS.
70CDCR25FR0000009,CONT_AWD_70CDCR25FR0000009_7012_70CDCR20D00000009_7012,P00007,2025-09-15,19153000.0,"THE GEO GROUP, INC.",JMLKZZ1NL2Z6,DELIVERY ORDER,U.S. Immigration and Customs Enforcement,561612,SECURITY GUARDS AND PATROL SERVICES,S206,HOUSEKEEPING- GUARD,"FUNDING FOR ADELANTO DETENTION SERVICES FACILITY OPERATING CHARGE, TRANSPORTATION, AND GUARD SERVICES AT ADELANTO DETENTION CENTER TO SUPPORT LOS ANGELES AOR."
70CDCR25FR0000010,CONT_AWD_70CDCR25FR0000010_7012_70CDCR20D00000009_7012,P00006,2025-09-15,5174000.0,"THE GEO GROUP, INC.",JMLKZZ1NL2Z6,DELIVERY ORDER,U.S. Immigration and Customs Enforcement,561612,SECURITY GUARDS AND PATROL SERVICES,S206,HOUSEKEEPING- GUARD,FUNDING FOR DESERT VIEW DETENTION SERVICES FACILITY OPERATING CHARGE AND PER DIEM RATES AT THE DESERT VIEW ANNEX IN LOS ANGELES CALIFORNIA.
70CDCR25FR0000091,CONT_AWD_70CDCR25FR0000091_7012_70CDCR20D00000012_7012,P00001,2025-09-16,0.0,"THE GEO GROUP, INC.",JMLKZZ1NL2Z6,DELIVERY ORDER,U.S. Immigration and Customs Enforcement,922140,CORRECTIONAL INSTITUTIONS,S206,HOUSEKEEPING- GUARD,THIS TASK ORDER PROVIDES DETENTION AND TRANSPORTATION SERVICES AT THE SOUTH TEXAS ICE IMMIGRATION PROCESSING CENTER (STIPC). THIS MODIFICATION INCORPORATES EMERGENCY BEDS TO THE TASK ORDER.
70CDCR25FR0000100,CONT_AWD_70CDCR25FR0000100_7012_70CDCR21D00000004_7012,P00001,2025-09-17,2649500.0,"THE GEO GROUP, INC.",JMLKZZ1NL2Z6,DELIVERY ORDER,U.S. Immigration and Customs Enforcement,561612,SECURITY GUARDS AND PATROL SERVICES,S206,HOUSEKEEPING- GUARD,THIS MODIFICATION ADDS FUNDING TO THE TASK ORDER FOR PROVIDING DETENTION SERVICES IN SUPPORT OF ENFORCEMENT AND REMOVAL OPERATIONS AT BROWARD TRANSITIONAL CENTER
70CDCR24FR0000056,CONT_AWD_70CDCR24FR0000056_7012_HSCEDM17D00009_7012,P00011,2025-09-19,650000.0,"THE GEO GROUP, INC.",JMLKZZ1NL2Z6,DELIVERY ORDER,U.S. Immigration and Customs Enforcement,561210,FACILITIES SUPPORT SERVICES,S206,HOUSEKEEPING- GUARD,"THE PURPOSE OF THIS CONTRACT IS TO PROVIDE DETENTION AND TRANSPORTATION SERVICES AT MONTGOMERY PROCESSING CENTER IN CONROE, TX. THE PURPOSE OF THIS ORDER IS TO ADD FUNDING FOR THE CONTINUANCE OF SERVICES."
70CDCR25FR0000091,CONT_AWD_70CDCR25FR0000091_7012_70CDCR20D00000012_7012,P00002,2025-09-19,5485800.0,"THE GEO GROUP, INC.",JMLKZZ1NL2Z6,DELIVERY ORDER,U.S. Immigration and Customs Enforcement,922140,CORRECTIONAL INSTITUTIONS,S206,HOUSEKEEPING- GUARD,THIS TASK ORDER PROVIDES DETENTION AND TRANSPORTATION SERVICES AT THE SOUTH TEXAS ICE IMMIGRATION PROCESSING CENTER (STIPC). THIS MODIFICATION OBLIGATES FUND TO THE TASK ORDER.
70CDCR25FR0000096,CONT_AWD_70CDCR25FR0000096_7012_70CDCR25D00000009_7012,P00001,2025-09-19,4922500.0,"THE GEO GROUP, INC.",JMLKZZ1NL2Z6,DELIVERY ORDER,U.S. Immigration and Customs Enforcement,561612,SECURITY GUARDS AND PATROL SERVICES,S206,HOUSEKEEPING- GUARD,THE PURPOSE OF THIS MODIFICATION IS TO PROVIDE CONTINUING FUNDING FOR DETENTION AND TRANSPORTATION SERVICES FOR HOUSING CRIMINAL ALIENS AT NORTH LAKE DETENTION CENTER IN BALDWIN MI.
70CDCR24FR0000056,CONT_AWD_70CDCR24FR0000056_7012_HSCEDM17D00009_7012,P00012,2025-09-21,88920.77,"THE GEO GROUP, INC.",JMLKZZ1NL2Z6,DELIVERY ORDER,U.S. Immigration and Customs Enforcement,561210,FACILITIES SUPPORT SERVICES,S206,HOUSEKEEPING- GUARD,THE PURPOSE OF THIS CONTRACT IS TO PROVIDE DETENTION AND TRANSPORTATION SERVICES AT MONTGOMERY PROCESSING CENTER (MPC) IN TEXAS. THE PURPOSE OF THIS ORDER IS TO ADD FUNDING FOR THE CONTINUANCE OF SERVICES.
70CDCR25FR0000013,CONT_AWD_70CDCR25FR0000013_7012_70CDCR20D00000008_7012,P00005,2025-09-22,11324797.31,"THE GEO GROUP, INC.",JMLKZZ1NL2Z6,DELIVERY ORDER,U.S. Immigration and Customs Enforcement,561612,SECURITY GUARDS AND PATROL SERVICES,S206,HOUSEKEEPING- GUARD,THIS MODIFICATION ADDS FUNDING FOR DETENTION SERVICES AT THE MESA VERDE AND GOLDEN STATE ICE DETENTION FACILITIES IN THE SAN FRANCISCO AREA OF RESPONSIBILITY.
70CDCR25FR0000029,CONT_AWD_70CDCR25FR0000029_7012_70CDCR25D00000007_7012,P00004,2025-09-22,90000.0,"THE GEO GROUP, INC.",JMLKZZ1NL2Z6,DELIVERY ORDER,U.S. Immigration and Customs Enforcement,561612,SECURITY GUARDS AND PATROL SERVICES,S206,HOUSEKEEPING- GUARD,THIS AWARD PROVIDES DETENTION AND TRANSPORTATION SERVICES WHICH IS REQUIRED FOR HOUSING ICE ALIENS AT THE DELANEY HALL CONTRACT DETENTION FACILITY. THIS MODIFICATION PROVIDES ADDITIONAL FUNDING FOR THESE SERVICES.
70CDCR24FR0000056,CONT_AWD_70CDCR24FR0000056_7012_HSCEDM17D00009_7012,P00013,2025-09-23,50000.0,"THE GEO GROUP, INC.",JMLKZZ1NL2Z6,DELIVERY ORDER,U.S. Immigration and Customs Enforcement,561210,FACILITIES SUPPORT SERVICES,S206,HOUSEKEEPING- GUARD,THE PURPOSE OF THIS CONTRACT IS TO PROVIDE DETENTION AND TRANSPORTATION SERVICES AT MONTGOMERY PROCESSING CENTER (MPC) IN TEXAS. THE PURPOSE OF THIS ORDER IS TO ADD FUNDING FOR THE CONTINUANCE OF SERVICES.
70CDCR25FR0000005,CONT_AWD_70CDCR25FR0000005_7012_70CDCR22D00000001_7012,P00011,2025-09-23,7004194.7,"THE GEO GROUP, INC.",JMLKZZ1NL2Z6,DELIVERY ORDER,U.S. Immigration and Customs Enforcement,561210,FACILITIES SUPPORT SERVICES,S206,HOUSEKEEPING- GUARD,"THIS AWARD PROVIDES DETENTION, TRANSPORTATION, AND MEDICAL SERVICES FOR DENVER AURORA CONTRACT DETENTION FACILITY. THIS MODIFICATION INCREASES THE MAXIMUM NUMBER OF BEDS AND OBLIGATES ADDITIONAL FUNDING FOR THESE SERVICES."
70CDCR24FR0000053,CONT_AWD_70CDCR24FR0000053_7012_70CDCR21D00000004_7012,P00010,2025-09-24,81518.99,"THE GEO GROUP, INC.",JMLKZZ1NL2Z6,DELIVERY ORDER,U.S. Immigration and Customs Enforcement,561612,SECURITY GUARDS AND PATROL SERVICES,S206,HOUSEKEEPING- GUARD,THIS MODIFICATION PROVIDES ADDITIONAL FUNDS FOR DETENTION AND TRANSPORTATION SERVICES TO HOUSE AND SAFEGUARD ILLEGAL ALIEN DETAINEES AT BROWARD TRANSITIONAL CENTER WITHIN ENFORCEMENT AND REMOVAL OPERATIONS (ERO) MIAMI AREA OF RESPONSIBILITY (AOR)
70CDCR25FR0000111,CONT_AWD_70CDCR25FR0000111_7012_70CDCR22D00000001_7012,0,2025-09-24,6103000.0,"THE GEO GROUP, INC.",JMLKZZ1NL2Z6,DELIVERY ORDER,U.S. Immigration and Customs Enforcement,561210,FACILITIES SUPPORT SERVICES,S206,HOUSEKEEPING- GUARD,"THIS TASK ORDER PROVIDES DETENTION, TRANSPORTATION, AND MEDICAL SERVICES AT THE AURORA, CO CONTRACT DETENTION FACILITY."
70CDCR25FR0000029,CONT_AWD_70CDCR25FR0000029_7012_70CDCR25D00000007_7012,P00005,2025-09-25,10144100.0,"THE GEO GROUP, INC.",JMLKZZ1NL2Z6,DELIVERY ORDER,U.S. Immigration and Customs Enforcement,561612,SECURITY GUARDS AND PATROL SERVICES,S206,HOUSEKEEPING- GUARD,THIS AWARD PROVIDES DETENTION AND TRANSPORTATION SERVICES WHICH ARE REQUIRED FOR HOUSING ICE ALIENS AT THE DELANEY HALL CONTRACT DETENTION FACILITY. THIS MODIFICATION PROVIDES ADDITIONAL FUNDING FOR THESE SERVICES.
70CDCR25FR0000100,CONT_AWD_70CDCR25FR0000100_7012_70CDCR21D00000004_7012,P00002,2025-09-25,3002400.0,"THE GEO GROUP, INC.",JMLKZZ1NL2Z6,DELIVERY ORDER,U.S. Immigration and Customs Enforcement,561612,SECURITY GUARDS AND PATROL SERVICES,S206,HOUSEKEEPING- GUARD,THIS MODIFICATION ADDS FUNDING TO THE TASK ORDER FOR PROVIDING DETENTION SERVICES IN SUPPORT OF ENFORCEMENT AND REMOVAL OPERATIONS AT BROWARD TRANSITIONAL CENTER
70CDCR24FR0000049,CONT_AWD_70CDCR24FR0000049_7012_70CDCR20D00000011_7012,P00010,2025-09-26,59741224.35,B.I. INCORPORATED,PKK6L9KLMYR5,DELIVERY ORDER,U.S. Immigration and Customs Enforcement,561210,FACILITIES SUPPORT SERVICES,R408,SUPPORT- PROFESSIONAL: PROGRAM MANAGEMENT/SUPPORT,ADDITIONAL FUNDING FOR CONTRACT MANAGEMENT AND OPERATIONAL SUPPORT FOR THE INTENSIVE SUPERVISION APPEARANCE PROGRAM IN SUPPORT OF ALTERNATIVES TO DETENTION FOR IMMIGRATION AND CUSTOMS ENFORCEMENT
70CDCR25FR0000004,CONT_AWD_70CDCR25FR0000004_7012_HSCEDM15D00015_7012,P00008,2025-09-26,11894500.0,"THE GEO GROUP, INC.",JMLKZZ1NL2Z6,DELIVERY ORDER,U.S. Immigration and Customs Enforcement,561210,FACILITIES SUPPORT SERVICES,S206,HOUSEKEEPING- GUARD,"THIS MODIFICATION EXTENDS THE TERM OF THE TASK ORDER AND ADDS FUNDING FOR DETENTION AND TRANSPORTATION SERVICES, FUEL, EXPANSION, REMOTE POST, AND OVERTIME BEDS AT A DETENTION FACILITY IN THE SEATTLE AREA OF RESPONSIBILITY."
70CDCR24FR0000053,CONT_AWD_70CDCR24FR0000053_7012_70CDCR21D00000004_7012,P00011,2025-09-27,992166.76,"THE GEO GROUP, INC.",JMLKZZ1NL2Z6,DELIVERY ORDER,U.S. Immigration and Customs Enforcement,561612,SECURITY GUARDS AND PATROL SERVICES,S206,HOUSEKEEPING- GUARD,THIS MODIFICATION PROVIDES ADDITIONAL FUNDS FOR DETENTION AND TRANSPORTATION SERVICES TO HOUSE AND SAFEGUARD ILLEGAL ALIEN DETAINEES AT BROWARD TRANSITIONAL CENTER WITHIN ENFORCEMENT AND REMOVAL OPERATIONS (ERO) MIAMI AREA OF RESPONSIBILITY (AOR)
70CDCR25FR0000097,CONT_AWD_70CDCR25FR0000097_7012_HSCEDM17D00009_7012,0,2025-09-29,10038100.0,"THE GEO GROUP, INC.",JMLKZZ1NL2Z6,DELIVERY ORDER,U.S. Immigration and Customs Enforcement,561210,FACILITIES SUPPORT SERVICES,S206,HOUSEKEEPING- GUARD,"THE PURPOSE OF THIS CONTRACT IS TO PROVIDE DETENTION AND TRANSPORTATION SERVICES AT MONTGOMERY PROCESSING CENTER (MPC) IN HOUSTON, TX. THE PURPOSE OF THIS NEW TASK ORDER IS TO ADD FUNDING FOR THE CONTINUANCE OF SERVICES."
70CDCR25FR0000097,CONT_AWD_70CDCR25FR0000097_7012_HSCEDM17D00009_7012,P00001,2025-09-29,11297900.0,"THE GEO GROUP, INC.",JMLKZZ1NL2Z6,DELIVERY ORDER,U.S. Immigration and Customs Enforcement,561210,FACILITIES SUPPORT SERVICES,S206,HOUSEKEEPING- GUARD,"THE PURPOSE OF THIS CONTRACT IS TO PROVIDE DETENTION AND TRANSPORTATION SERVICES AT MONTGOMERY PROCESSING CENTER (MPC) IN HOUSTON, TX. THE PURPOSE OF THIS MODIFICATION IS TO ADD FUNDING FOR THE CONTINUANCE OF SERVICES."
70CDCR25FR0000091,CONT_AWD_70CDCR25FR0000091_7012_70CDCR20D00000012_7012,P00003,2025-09-30,15127573.4,"THE GEO GROUP, INC.",JMLKZZ1NL2Z6,DELIVERY ORDER,U.S. Immigration and Customs Enforcement,922140,CORRECTIONAL INSTITUTIONS,S206,HOUSEKEEPING- GUARD,THIS TASK ORDER PROVIDES DETENTION AND TRANSPORTATION SERVICES AT THE SOUTH TEXAS ICE IMMIGRATION PROCESSING CENTER (STIPC). THIS MODIFICATION OBLIGATES FUND TO THE TASK ORDER.
70CDCR25FR0000127,CONT_AWD_70CDCR25FR0000127_7012_70CDCR25D00000062_7012,0,2025-09-30,21966324.91,B.I. INCORPORATED,PKK6L9KLMYR5,DELIVERY ORDER,U.S. Immigration and Customs Enforcement,561210,FACILITIES SUPPORT SERVICES,R408,SUPPORT- PROFESSIONAL: PROGRAM MANAGEMENT/SUPPORT,"THIS TASK ORDER FACILITATES THE INTENSIVE SUPERVISION APPEARANCE PROGRAM (ISAP) V. ISAP PROVIDES ENFORCEMENT AND REMOVAL OPERATIONS (ERO) WITH A COST-EFFECTIVE ALTERNATIVE TO DETENTION, UTILIZING TECHNOLOGY AND CASE MANAGEMENT."
70CDCR25FR0000127,CONT_AWD_70CDCR25FR0000127_7012_70CDCR25D00000062_7012,P00001,2025-09-30,16103.09,B.I. INCORPORATED,PKK6L9KLMYR5,DELIVERY ORDER,U.S. Immigration and Customs Enforcement,561210,FACILITIES SUPPORT SERVICES,R408,SUPPORT- PROFESSIONAL: PROGRAM MANAGEMENT/SUPPORT,"THIS MODIFICATION PROVIDES ADDITIONAL FUNDING FOR THE INTENSIVE SUPERVISION APPEARANCE PROGRAM (ISAP) V. ISAP PROVIDES ENFORCEMENT AND REMOVAL OPERATIONS (ERO) WITH A COST-EFFECTIVE ALTERNATIVE TO DETENTION, UTILIZING TECHNOLOGY AND CASE MANAGEMENT."
70CDCR25FR0000127,CONT_AWD_70CDCR25FR0000127_7012_70CDCR25D00000062_7012,P00002,2025-10-30,690000.0,B.I. INCORPORATED,PKK6L9KLMYR5,DELIVERY ORDER,U.S. Immigration and Customs Enforcement,561210,FACILITIES SUPPORT SERVICES,R408,SUPPORT- PROFESSIONAL: PROGRAM MANAGEMENT/SUPPORT,"THIS MODIFICATION ADDS FUNDING FOR SKIP TRACING SERVICES FOR THE INTENSIVE SUPERVISION APPEARANCE PROGRAM (ISAP) V. ISAP PROVIDES ENFORCEMENT AND REMOVAL OPERATIONS (ERO) WITH A COST-EFFECTIVE ALTERNATIVE TO DETENTION, UTILIZING TECHNOLOGY AND CASE M"
70CDCR24FR0000038,CONT_AWD_70CDCR24FR0000038_7012_70CDCR20D00000012_7012,P00009,2025-11-14,-529091.27,"THE GEO GROUP, INC.",JMLKZZ1NL2Z6,DELIVERY ORDER,U.S. Immigration and Customs Enforcement,922140,CORRECTIONAL INSTITUTIONS,S206,HOUSEKEEPING- GUARD,THIS TASK ORDER PROVIDES DETENTION AND TRANSPORTATION SERVICES FOR ALIEN DETAINEES AT THE SOUTH TEXAS ICE PROCESSING CENTER. THE PURPOSE OF THIS MODIFICATION IS DEOBLIGATE EXCESS FUNDING AND CLOSEOUT THE TASK ORDER.
70CDCR25FR0000097,CONT_AWD_70CDCR25FR0000097_7012_HSCEDM17D00009_7012,P00002,2025-11-14,0.0,"THE GEO GROUP, INC.",JMLKZZ1NL2Z6,DELIVERY ORDER,U.S. Immigration and Customs Enforcement,561210,FACILITIES SUPPORT SERVICES,S206,HOUSEKEEPING- GUARD,"THE PURPOSE OF THIS CONTRACT IS TO PROVIDE DETENTION AND TRANSPORTATION SERVICES AT MONTGOMERY PROCESSING CENTER (MPC) IN HOUSTON, TX. THE PURPOSE OF THIS MODIFICATION IS TO UPDATE THE COR INFORMATION FOR THIS ORDER."
70CDCR24FR0000012,CONT_AWD_70CDCR24FR0000012_7012_70CDCR20D00000009_7012,P00011,2025-11-18,0.0,"THE GEO GROUP, INC.",JMLKZZ1NL2Z6,DELIVERY ORDER,U.S. Immigration and Customs Enforcement,561612,SECURITY GUARDS AND PATROL SERVICES,S206,HOUSEKEEPING- GUARD,CLOSE OUT AND DEOBLIGATION OF FUNDS FOR DETENTION SERVICES AT DESERT VIEW FOR LOS AOR  THIS IS A CLOSEOUT MODIFICATION
70CDCR25FR0000004,CONT_AWD_70CDCR25FR0000004_7012_HSCEDM15D00015_7012,P00009,2025-11-18,0.0,"THE GEO GROUP, INC.",JMLKZZ1NL2Z6,DELIVERY ORDER,U.S. Immigration and Customs Enforcement,561210,FACILITIES SUPPORT SERVICES,S206,HOUSEKEEPING- GUARD,"THIS MODIFICATION INCORPORATES CHANGES FOR DETENTION AND TRANSPORTATION SERVICES, FUEL, EXPANSION, REMOTE POST, AND OVERTIME BEDS AT A DETENTION FACILITY IN THE SEATTLE AREA OF RESPONSIBILITY."
70CDCR23FR0000048,CONT_AWD_70CDCR23FR0000048_7012_70CDCR21D00000004_7012,P00012,2025-11-24,0.0,"THE GEO GROUP, INC.",JMLKZZ1NL2Z6,DELIVERY ORDER,U.S. Immigration and Customs Enforcement,561612,SECURITY GUARDS AND PATROL SERVICES,S206,HOUSEKEEPING- GUARD,THIS IS A CONTRACT FOR DETENTION AND TRANSPORTATION SERVICES FOR ILLEGAL ALIEN DETAINEES AT BROWARD TRANSITIONAL CENTER WITHIN ENFORCEMENT AND REMOVAL OPERATIONS (ERO). THIS MODIFICATION DE-OBLIGATES EXCESS FUNDS.  THIS IS A CLOSEOUT MODIFICATION
70CDCR25FC0000007,CONT_AWD_70CDCR25FC0000007_7012_70CDCR18A00000007_7012,P00001,2025-11-28,97300.0,"THE GEO GROUP, INC.",JMLKZZ1NL2Z6,BPA CALL,U.S. Immigration and Customs Enforcement,922140,CORRECTIONAL INSTITUTIONS,S206,HOUSEKEEPING- GUARD,THIS TASK ORDER FUNDS DETENTION SERVICES TO HOUSE AND SAFEGUARD ILLEGAL ALIENS IN SUPPORT OF ENFORCEMENT AND REMOVAL OPERATIONS (ERO) AT ROBERT A. DEYTON DETENTION FACILITY
70CDCR25FR0000111,CONT_AWD_70CDCR25FR0000111_7012_70CDCR22D00000001_7012,P00001,2025-12-02,0.0,"THE GEO GROUP, INC.",JMLKZZ1NL2Z6,DELIVERY ORDER,U.S. Immigration and Customs Enforcement,561210,FACILITIES SUPPORT SERVICES,S206,HOUSEKEEPING- GUARD,"THIS TASK ORDER PROVIDES DETENTION, TRANSPORTATION, AND MEDICAL SERVICES AT THE AURORA, CO CONTRACT DETENTION FACILITY. THE PURPOSE OF THIS MODIFICATION IS TO MAKE ADMINISTRATIVE CORRECTIONS TO THE PERIOD OF PERFORMANCE AND MAXIMUM NUMBER OF BEDS."
70CDCR25FC0000007,CONT_AWD_70CDCR25FC0000007_7012_70CDCR18A00000007_7012,P00002,2025-12-12,56000.0,"THE GEO GROUP, INC.",JMLKZZ1NL2Z6,BPA CALL,U.S. Immigration and Customs Enforcement,922140,CORRECTIONAL INSTITUTIONS,S206,HOUSEKEEPING- GUARD,FUNDING FOR DETAINEE BED DAYS
70CDCR25FR0000029,CONT_AWD_70CDCR25FR0000029_7012_70CDCR25D00000007_7012,P00006,2025-12-16,27262590.0,"THE GEO GROUP, INC.",JMLKZZ1NL2Z6,DELIVERY ORDER,U.S. Immigration and Customs Enforcement,561612,SECURITY GUARDS AND PATROL SERVICES,S206,HOUSEKEEPING- GUARD,THIS AWARD PROVIDES DETENTION AND TRANSPORTATION SERVICES WHICH ARE REQUIRED FOR HOUSING ICE ALIENS AT THE DELANEY HALL CONTRACT DETENTION FACILITY. THIS MODIFICATION PROVIDES ADDITIONAL FUNDING FOR THESE SERVICES.
70CDCR25FR0000127,CONT_AWD_70CDCR25FR0000127_7012_70CDCR25D00000062_7012,P00003,2025-12-17,9660000.0,B.I. INCORPORATED,PKK6L9KLMYR5,DELIVERY ORDER,U.S. Immigration and Customs Enforcement,561210,FACILITIES SUPPORT SERVICES,R408,SUPPORT- PROFESSIONAL: PROGRAM MANAGEMENT/SUPPORT,THIS MODIFICATION ADDS FUNDING FOR ATTACHMENT 4 PRICING SCHEDULE ITEM 42 SKIP TRACING SERVICES FOR THE INTENSIVE SUPERVISION APPEARANCE PROGRAM (ISAP) V. ISAP PROVIDES ENFORCEMENT AND REMOVAL OPERATIONS (ERO) WITH A COST-EFFECTIVE ALTERNATIVE TO DETE
70CDCR25FR0000091,CONT_AWD_70CDCR25FR0000091_7012_70CDCR20D00000012_7012,P00004,2025-12-18,500400.0,"THE GEO GROUP, INC.",JMLKZZ1NL2Z6,DELIVERY ORDER,U.S. Immigration and Customs Enforcement,922140,CORRECTIONAL INSTITUTIONS,S206,HOUSEKEEPING- GUARD,THIS TASK ORDER PROVIDES DETENTION AND TRANSPORTATION SERVICES AT THE SOUTH TEXAS ICE IMMIGRATION PROCESSING CENTER (STIPC). THE PURPOSE OF THIS MODIFICATION IS TO ADD FUNDING FOR THESE SERVICES.
70CDCR26FR0000021,CONT_AWD_70CDCR26FR0000021_7012_70CDCR26D00000005_7012,0,2025-12-18,1624500.0,B.I. INCORPORATED,PKK6L9KLMYR5,DELIVERY ORDER,U.S. Immigration and Customs Enforcement,561611,INVESTIGATION AND PERSONAL BACKGROUND CHECK SERVICES,R799,SUPPORT- MANAGEMENT: OTHER,THE PURPOSE OF THIS TASK ORDER IS TO OBTAIN SKIP TRACING SERVICES FOR ENFORCEMENT AND REMOVAL OPERATIONS (ERO).
70CDCR24FR0000053,CONT_AWD_70CDCR24FR0000053_7012_70CDCR21D00000004_7012,P00012,2026-01-05,0.0,"THE GEO GROUP, INC.",JMLKZZ1NL2Z6,DELIVERY ORDER,U.S. Immigration and Customs Enforcement,561612,SECURITY GUARDS AND PATROL SERVICES,S206,HOUSEKEEPING- GUARD,THIS MODIFICATION PROVIDES ADDITIONAL FUNDS FOR DETENTION AND TRANSPORTATION SERVICES TO HOUSE AND SAFEGUARD ILLEGAL ALIEN DETAINEES AT BROWARD TRANSITIONAL CENTER WITHIN ENFORCEMENT AND REMOVAL OPERATIONS (ERO) MIAMI AREA OF RESPONSIBILITY (AOR)
70CDCR25FC0000002,CONT_AWD_70CDCR25FC0000002_7012_HSCEDM14A00001_7012,P00006,2026-01-07,2618100.0,"THE GEO GROUP, INC.",JMLKZZ1NL2Z6,BPA CALL,U.S. Immigration and Customs Enforcement,922140,CORRECTIONAL INSTITUTIONS,S206,HOUSEKEEPING- GUARD,THE PURPOSE OF THIS CONTRACT IS TO PROVIDE DETENTION AND TRANSPORTATION SERVICES AT RIO GRANDE DETENTION CENTER. THE PURPOSE OF THIS MODIFICATION IS TO ADD FUNDING FOR GUARD SERVICES.
70CDCR26FR0000002,CONT_AWD_70CDCR26FR0000002_7012_70CDCR25D00000002_7012,0,2026-01-09,10384455.59,"GEO TRANSPORT, INC.",DFEKRCYPZD84,DELIVERY ORDER,U.S. Immigration and Customs Enforcement,561612,SECURITY GUARDS AND PATROL SERVICES,S206,HOUSEKEEPING- GUARD,THE PURPOSE OF THIS AWARD IS TO PROVIDE GROUND TRANSPORTATION SERVICES IN SUPPORT OF ENFORCEMENT AND REMOVAL OPERATIONS (ERO) IN THE SALT LAKE CITY (SLC) AREA OF RESPONSIBILITY (AOR).
70CDCR25FR0000004,CONT_AWD_70CDCR25FR0000004_7012_HSCEDM15D00015_7012,P00010,2026-01-16,17132900.0,"THE GEO GROUP, INC.",JMLKZZ1NL2Z6,DELIVERY ORDER,U.S. Immigration and Customs Enforcement,561210,FACILITIES SUPPORT SERVICES,S206,HOUSEKEEPING- GUARD,"THIS MODIFICATION ADDS FUNDING FOR DETENTION AND TRANSPORTATION SERVICES, FUEL, EXPANSION, REMOTE POST, AND OVERTIME BEDS AT A DETENTION FACILITY IN THE SEATTLE AREA OF RESPONSIBILITY."
70CDCR25FR0000096,CONT_AWD_70CDCR25FR0000096_7012_70CDCR25D00000009_7012,P00002,2026-01-21,46978632.0,"THE GEO GROUP, INC.",JMLKZZ1NL2Z6,DELIVERY ORDER,U.S. Immigration and Customs Enforcement,561612,SECURITY GUARDS AND PATROL SERVICES,S206,HOUSEKEEPING- GUARD,THIS CONTRACT PROVIDES DETENTION AND TRANSPORTATION SERVICES FOR THE NORTH LAKE CORRECTIONAL FACILITY IN BALDWIN MI. THE PURPOSE OF THIS MODIFICATION IS TO PROVIDE ADDITIONAL FUNDING FOR THE CONTINUED SUPPORT OF SERVICES AT THE NORTH LAKE FACILITY.
70CDCR25FR0000009,CONT_AWD_70CDCR25FR0000009_7012_70CDCR20D00000009_7012,P00008,2026-01-22,17646400.0,"THE GEO GROUP, INC.",JMLKZZ1NL2Z6,DELIVERY ORDER,U.S. Immigration and Customs Enforcement,561612,SECURITY GUARDS AND PATROL SERVICES,S206,HOUSEKEEPING- GUARD,ADD FUNDING FOR DETENTION AND TRANSPORTATION SERVICES AT ADELANTO ICE PROCESSING CENTER IN SUPPORT OF LOS ANGELES AREA OF RESPONSIBILITY
70CDCR25FR0000010,CONT_AWD_70CDCR25FR0000010_7012_70CDCR20D00000009_7012,P00007,2026-01-22,4646400.0,"THE GEO GROUP, INC.",JMLKZZ1NL2Z6,DELIVERY ORDER,U.S. Immigration and Customs Enforcement,561612,SECURITY GUARDS AND PATROL SERVICES,S206,HOUSEKEEPING- GUARD,"FUNDING DETENTION SERVICES AT DESERT VIEW DETENTION FACILITY IN SUPPORT TO LOS ANGELES AREA OF RESPONSIBILITY, CA."
70CDCR25FR0000013,CONT_AWD_70CDCR25FR0000013_7012_70CDCR20D00000008_7012,P00006,2026-01-22,15715124.26,"THE GEO GROUP, INC.",JMLKZZ1NL2Z6,DELIVERY ORDER,U.S. Immigration and Customs Enforcement,561612,SECURITY GUARDS AND PATROL SERVICES,S206,HOUSEKEEPING- GUARD,THIS MODIFICATION ADDS FUNDING FOR DETENTION SERVICES AT THE MESA VERDE AND GOLDEN STATE ICE DETENTION FACILITIES IN THE SAN FRANCISCO AREA OF RESPONSIBILITY.
70CDCR25FR0000009,CONT_AWD_70CDCR25FR0000009_7012_70CDCR20D00000009_7012,P00009,2026-01-27,13375800.0,"THE GEO GROUP, INC.",JMLKZZ1NL2Z6,DELIVERY ORDER,U.S. Immigration and Customs Enforcement,561612,SECURITY GUARDS AND PATROL SERVICES,S206,HOUSEKEEPING- GUARD,ADD FUNDING FOR DETENTION AND TRANSPORTATION SERVICES AT ADELANTO ICE PROCESSING CENTER IN SUPPORT OF LOS ANGELES AREA OF RESPONSIBILITY
70CDCR25FR0000127,CONT_AWD_70CDCR25FR0000127_7012_70CDCR25D00000062_7012,P00004,2026-01-27,76011425.0,B.I. INCORPORATED,PKK6L9KLMYR5,DELIVERY ORDER,U.S. Immigration and Customs Enforcement,561210,FACILITIES SUPPORT SERVICES,R408,SUPPORT- PROFESSIONAL: PROGRAM MANAGEMENT/SUPPORT,THIS MODIFICATION ADDS FUNDING FOR ATTACHMENT 4 PRICING SCHEDULE ITEM 42 SKIP TRACING SERVICES FOR THE INTENSIVE SUPERVISION APPEARANCE PROGRAM (ISAP) V. ISAP PROVIDES ENFORCEMENT AND REMOVAL OPERATIONS (ERO) WITH A COST-EFFECTIVE ALTERNATIVE TO DETE
70CDCR26FR0000028,CONT_AWD_70CDCR26FR0000028_7012_70CDCR20D00000009_7012,0,2026-01-27,20134000.0,"THE GEO GROUP, INC.",JMLKZZ1NL2Z6,DELIVERY ORDER,U.S. Immigration and Customs Enforcement,561612,SECURITY GUARDS AND PATROL SERVICES,S206,HOUSEKEEPING- GUARD,DETENTION AND TRANSPORTATION SERVICES AT ADELANTO ICE PROCESSING CENTER FOR LOS ANGELES AREA OF RESPONSIBILITY
70CDCR25FR0000097,CONT_AWD_70CDCR25FR0000097_7012_HSCEDM17D00009_7012,P00003,2026-01-28,28642428.0,"THE GEO GROUP, INC.",JMLKZZ1NL2Z6,DELIVERY ORDER,U.S. Immigration and Customs Enforcement,561210,FACILITIES SUPPORT SERVICES,S206,HOUSEKEEPING- GUARD,"THE PURPOSE OF THIS CONTRACT IS TO PROVIDE DETENTION AND TRANSPORTATION SERVICES AT MONTGOMERY PROCESSING CENTER (MPC) IN HOUSTON, TX. THE PURPOSE OF THIS MODIFICATION IS TO ADD FUNDING FOR THE CONTINUANCE OF SERVICES."
70CDCR25FR0000100,CONT_AWD_70CDCR25FR0000100_7012_70CDCR21D00000004_7012,P00003,2026-01-28,30402635.0,"THE GEO GROUP, INC.",JMLKZZ1NL2Z6,DELIVERY ORDER,U.S. Immigration and Customs Enforcement,561612,SECURITY GUARDS AND PATROL SERVICES,S206,HOUSEKEEPING- GUARD,THIS MODIFICATION OBLIGATES FUNDING TO THE TASK ORDER FOR PROVIDING DETENTION SERVICES IN SUPPORT OF ENFORCEMENT AND REMOVAL OPERATIONS AT BROWARD TRANSITIONAL CENTER.
70CDCR26FR0000031,CONT_AWD_70CDCR26FR0000031_7012_70CDCR20D00000009_7012,0,2026-01-28,9292800.0,"THE GEO GROUP, INC.",JMLKZZ1NL2Z6,DELIVERY ORDER,U.S. Immigration and Customs Enforcement,561612,SECURITY GUARDS AND PATROL SERVICES,S206,HOUSEKEEPING- GUARD,"DETENTION SERVICES AT THE DESERT VIEW ANNEX LOCATED IN ADELANTO, CA FOR LOS ANGELES AREA OF RESPONSIBILITY"
70CDCR25FR0000096,CONT_AWD_70CDCR25FR0000096_7012_70CDCR25D00000009_7012,P00003,2026-02-03,0.0,"THE GEO GROUP, INC.",JMLKZZ1NL2Z6,DELIVERY ORDER,U.S. Immigration and Customs Enforcement,561612,SECURITY GUARDS AND PATROL SERVICES,S206,HOUSEKEEPING- GUARD,THIS CONTRACT PROVIDES DETENTION AND TRANSPORTATION SERVICES FOR THE NORTH LAKE CORRECTIONAL FACILITY IN BALDWIN MI. THE PURPOSE OF THIS MODIFICATION IS TO EXTEND THE PERIOD OF PERFORMANCE FOR CONTINUED SUPPORT OF SERVICES AT THIS FACILITY.
70CDCR26FR0000042,CONT_AWD_70CDCR26FR0000042_7012_70CDCR20D00000008_7012,0,2026-02-03,16762626.49,"THE GEO GROUP, INC.",JMLKZZ1NL2Z6,DELIVERY ORDER,U.S. Immigration and Customs Enforcement,561612,SECURITY GUARDS AND PATROL SERVICES,S206,HOUSEKEEPING- GUARD,THIS IS TO ESTABLISH NEW TASK ORDER FOR DETENTION SERVICES AT THE MESA VERDE AND GOLDEN STATE ICE DETENTION FACILITY IN THE SAN FRANSCISCO AREA OF RESPONSIBILITY
70CDCR25FR0000111,CONT_AWD_70CDCR25FR0000111_7012_70CDCR22D00000001_7012,P00002,2026-02-11,43875696.47,"THE GEO GROUP, INC.",JMLKZZ1NL2Z6,DELIVERY ORDER,U.S. Immigration and Customs Enforcement,561210,FACILITIES SUPPORT SERVICES,S206,HOUSEKEEPING- GUARD,"THIS TASK ORDER PROVIDES DETENTION, TRANSPORTATION, AND MEDICAL SERVICES AT THE AURORA, CO CONTRACT DETENTION FACILITY. THE PURPOSE OF THIS MODIFICATION IS TO PROVIDE INCREMENTAL FUNDING."
70CDCR25FR0000037,CONT_AWD_70CDCR25FR0000037_7012_70CDCR25D00000009_7012,P00001,2026-02-17,349371.31,"THE GEO GROUP, INC.",JMLKZZ1NL2Z6,DELIVERY ORDER,U.S. Immigration and Customs Enforcement,561612,SECURITY GUARDS AND PATROL SERVICES,S206,HOUSEKEEPING- GUARD,"THE PURPOSE OF THIS TASK ORDER IS FOR REQUIRED DETENTION SERVICES FOR ICE ALIENS AT THE NORTH LAKE CORRECTIONAL FACILITY, IN BALDWIN, MI. THIS MODIFICATION FINALIZES COSTS ASSOCIATED WITH THE UNDEFINITIZED CONTRACT PERIOD."
70CDCR24FC0000005,CONT_AWD_70CDCR24FC0000005_7012_70CDCR18A00000007_7012,P00005,2026-02-24,-61967.6,"THE GEO GROUP, INC.",JMLKZZ1NL2Z6,BPA CALL,U.S. Immigration and Customs Enforcement,922140,CORRECTIONAL INSTITUTIONS,S206,HOUSEKEEPING- GUARD,THIS MODIFICATION DE-OBLIGATES FUNDING FOR DETENTION SERVICES TO HOUSE AND SAFEGUARD ILLEGAL ALIENS IN SUPPORT OF ENFORCEMENT AND REMOVAL OPERATIONS (ERO) AT ROBERT A. DEYTON DETENTION FACILITY
70CDCR25FC0000002,CONT_AWD_70CDCR25FC0000002_7012_HSCEDM14A00001_7012,P00007,2026-03-03,2085360.0,"THE GEO GROUP, INC.",JMLKZZ1NL2Z6,BPA CALL,U.S. Immigration and Customs Enforcement,922140,CORRECTIONAL INSTITUTIONS,S206,HOUSEKEEPING- GUARD,THE PURPOSE OF THIS CONTRACT IS TO PROVIDE DETENTION AND TRANSPORTATION SERVICES AT RIO GRANDE DETENTION CENTER. THE PURPOSE OF THIS MODIFICATION IS TO UPDATE THE RATE FOR GUARD SERVICES AND ADD FUNDING FOR CONTINUED SERVICES.
70CDCR25FR0000091,CONT_AWD_70CDCR25FR0000091_7012_70CDCR20D00000012_7012,P00005,2026-03-05,10192000.0,"THE GEO GROUP, INC.",JMLKZZ1NL2Z6,DELIVERY ORDER,U.S. Immigration and Customs Enforcement,922140,CORRECTIONAL INSTITUTIONS,S206,HOUSEKEEPING- GUARD,THIS TASK ORDER PROVIDES DETENTION AND TRANSPORTATION SERVICES AT THE SOUTH TEXAS ICE IMMIGRATION PROCESSING CENTER (STIPC). THE PURPOSE OF THIS MODIFICATION IS TO ADD FUNDING FOR THESE SERVICES.
70CDCR25FR0000004,CONT_AWD_70CDCR25FR0000004_7012_HSCEDM15D00015_7012,P00011,2026-03-06,21115235.0,"THE GEO GROUP, INC.",JMLKZZ1NL2Z6,DELIVERY ORDER,U.S. Immigration and Customs Enforcement,561210,FACILITIES SUPPORT SERVICES,S206,HOUSEKEEPING- GUARD,"THIS MODIFICATION ADDS FUNDING FOR DETENTION AND TRANSPORTATION SERVICES AT A NORTHWEST ICE DETENTION CENTER, TACOMA, WA IN SUPPORT OF SEATTLE AREA OF RESPONSIBILITY."
70CDCR26FR0000042,CONT_AWD_70CDCR26FR0000042_7012_70CDCR20D00000008_7012,P00001,2026-03-06,10073576.0,"THE GEO GROUP, INC.",JMLKZZ1NL2Z6,DELIVERY ORDER,U.S. Immigration and Customs Enforcement,561612,SECURITY GUARDS AND PATROL SERVICES,S206,HOUSEKEEPING- GUARD,THIS MODIFICATION ADDS FUNDING FOR DETENTION AND TRANSPORTATION SERVICES FOR MESA VERDE AND GOLDEN STATE ANNEX DETENTION FACILITY IN THE SAN FRANCISCO AREA OF RESPONSIBILITY
70CDCR25FR0000029,CONT_AWD_70CDCR25FR0000029_7012_70CDCR25D00000007_7012,P00007,2026-03-11,619000.0,"THE GEO GROUP, INC.",JMLKZZ1NL2Z6,DELIVERY ORDER,U.S. Immigration and Customs Enforcement,561612,SECURITY GUARDS AND PATROL SERVICES,S206,HOUSEKEEPING- GUARD,THIS AWARD PROVIDES DETENTION AND TRANSPORTATION SERVICES WHICH ARE REQUIRED FOR HOUSING ICE ALIENS AT THE DELANEY HALL CONTRACT DETENTION FACILITY. THIS MODIFICATION PROVIDES ADDITIONAL FUNDING FOR THESE SERVICES.
70CDCR26FR0000021,CONT_AWD_70CDCR26FR0000021_7012_70CDCR26D00000005_7012,P00001,2026-03-11,0.0,B.I. INCORPORATED,PKK6L9KLMYR5,DELIVERY ORDER,U.S. Immigration and Customs Enforcement,561611,INVESTIGATION AND PERSONAL BACKGROUND CHECK SERVICES,R799,SUPPORT- MANAGEMENT: OTHER,THE PURPOSE OF THIS MODIFICATION IS TO EXTEND THE PERIOD OF PERFORMANCE 60 DAYS FOR SKIP TRACING SERVICES FOR ENFORCEMENT AND REMOVAL OPERATIONS (ERO).
70CDCR25FR0000097,CONT_AWD_70CDCR25FR0000097_7012_HSCEDM17D00009_7012,P00004,2026-03-13,0.0,"THE GEO GROUP, INC.",JMLKZZ1NL2Z6,DELIVERY ORDER,U.S. Immigration and Customs Enforcement,561210,FACILITIES SUPPORT SERVICES,S206,HOUSEKEEPING- GUARD,THIS CONTRACT PROVIDES DETENTION AND TRANSPORTATION SERVICES AT MONTGOMERY PROCESSING CENTER. THE PURPOSE OF THIS MODIFICATION IS TO UPDATE THE COR INFORMATION FOR THIS CONTRACT.
70CDCR26FR0000050,CONT_AWD_70CDCR26FR0000050_7012_70CDCR25D00000007_7012,0,2026-03-18,5670000.0,"THE GEO GROUP, INC.",JMLKZZ1NL2Z6,DELIVERY ORDER,U.S. Immigration and Customs Enforcement,561612,SECURITY GUARDS AND PATROL SERVICES,S206,HOUSEKEEPING- GUARD,THE PURPOSE OF THIS NEW TASK ORDER IS TO PROVIDE FUNDING NECESSARY FOR DETENTION AND TRANSPORTATION SERVICES FOR HOUSING ICE ALIENS AT THE DELANEY HALL CONTRACT DETENTION FACILITY IN NEWARK NEW JERSEY.
70CDCR26FC0000002,CONT_AWD_70CDCR26FC0000002_7012_HSCEDM14A00001_7012,0,2026-03-23,2667900.0,"THE GEO GROUP, INC.",JMLKZZ1NL2Z6,BPA CALL,U.S. Immigration and Customs Enforcement,922140,CORRECTIONAL INSTITUTIONS,S206,HOUSEKEEPING- GUARD,THE PURPOSE OF THIS CONTRACT IS TO PROVIDE DETENTION AND TRANSPORTATION SERVICES AT RIO GRANDE DETENTION CENTER.
70CDCR23FR0000050,CONT_AWD_70CDCR23FR0000050_7012_HSCEDM17D00009_7012,P00014,2026-03-27,-210184.34,"THE GEO GROUP, INC.",JMLKZZ1NL2Z6,DELIVERY ORDER,U.S. Immigration and Customs Enforcement,561210,FACILITIES SUPPORT SERVICES,S206,HOUSEKEEPING- GUARD,THE PURPOSE OF THIS CONTRACT IS TO PROVIDE DETENTION AND TRANSPORTATION SERVICES AT MONTGOMERY PROCESSING CENTER (MPC) IN TEXAS. THE PURPOSE OF THIS ORDER IS DEOBLIGATE EXCESS FUNDS AND CLOSEOUT THE ORDER.
70CDCR25FR0000111,CONT_AWD_70CDCR25FR0000111_7012_70CDCR22D00000001_7012,P00003,2026-04-01,16914698.53,"THE GEO GROUP, INC.",JMLKZZ1NL2Z6,DELIVERY ORDER,U.S. Immigration and Customs Enforcement,561210,FACILITIES SUPPORT SERVICES,S206,HOUSEKEEPING- GUARD,"THIS TASK ORDER PROVIDES DETENTION, TRANSPORTATION, AND MEDICAL SERVICES AT THE AURORA, CO CONTRACT DETENTION FACILITY. THE PURPOSE OF THIS MODIFICATION IS TO PROVIDE INCREMENTAL FUNDING."
70CDCR26FR0000042,CONT_AWD_70CDCR26FR0000042_7012_70CDCR20D00000008_7012,P00002,2026-04-03,5869612.0,"THE GEO GROUP, INC.",JMLKZZ1NL2Z6,DELIVERY ORDER,U.S. Immigration and Customs Enforcement,561612,SECURITY GUARDS AND PATROL SERVICES,S206,HOUSEKEEPING- GUARD,THIS MODIFICATION ADDS FUNDING FOR DETENTION AND TRANSPORTATION SERVICES FOR THE CENTRAL VALLEY ANNEX IN SUPPORT OF THE SAN FRANCISCO AREA OF RESPONSIBILITY
70CDCR25FR0000009,CONT_AWD_70CDCR25FR0000009_7012_70CDCR20D00000009_7012,P00010,2026-04-06,1400000.0,"THE GEO GROUP, INC.",JMLKZZ1NL2Z6,DELIVERY ORDER,U.S. Immigration and Customs Enforcement,561612,SECURITY GUARDS AND PATROL SERVICES,S206,HOUSEKEEPING- GUARD,ADD FUNDING FOR DETENTION AND TRANSPORTATION SERVICES AT ADELANTO ICE PROCESSING CENTER IN SUPPORT OF THE LOS ANGELES AREA OF RESPONSIBILITY
70CDCR25FR0000005,CONT_AWD_70CDCR25FR0000005_7012_70CDCR22D00000001_7012,P00012,2026-04-07,-1795324.02,"THE GEO GROUP, INC.",JMLKZZ1NL2Z6,DELIVERY ORDER,U.S. Immigration and Customs Enforcement,561210,FACILITIES SUPPORT SERVICES,S206,HOUSEKEEPING- GUARD,"THIS AWARD PROVIDES DETENTION, TRANSPORTATION, AND MEDICAL SERVICES FOR DENVER AURORA CONTRACT DETENTION FACILITY. THIS MODIFICATION DE-OBLIGATES REMAINING FUNDS AND CLOSES OUT THE AWARD."
70CDCR25FC0000007,CONT_AWD_70CDCR25FC0000007_7012_70CDCR18A00000007_7012,P00003,2026-04-15,95000.0,"THE GEO GROUP, INC.",JMLKZZ1NL2Z6,BPA CALL,U.S. Immigration and Customs Enforcement,922140,CORRECTIONAL INSTITUTIONS,S206,HOUSEKEEPING- GUARD,FUNDING FOR DETAINEE BED DAYS
70CDCR25FR0000096,CONT_AWD_70CDCR25FR0000096_7012_70CDCR25D00000009_7012,P00004,2026-04-22,1000000.0,"THE GEO GROUP, INC.",JMLKZZ1NL2Z6,DELIVERY ORDER,U.S. Immigration and Customs Enforcement,561612,SECURITY GUARDS AND PATROL SERVICES,S206,HOUSEKEEPING- GUARD,THIS CONTRACT PROVIDES DETENTION AND TRANSPORTATION SERVICES FOR THE NORTH LAKE CORRECTIONAL FACILITY IN BALDWIN MI. THE PURPOSE OF THIS MODIFICATION IS TO ADD FUNDING FOR CONTINUED SUPPORT OF SERVICES AT THIS FACILITY.
70CDCR24FC0000005,CONT_AWD_70CDCR24FC0000005_7012_70CDCR18A00000007_7012,P00006,2026-04-23,0.0,"THE GEO GROUP, INC.",JMLKZZ1NL2Z6,BPA CALL,U.S. Immigration and Customs Enforcement,922140,CORRECTIONAL INSTITUTIONS,S206,HOUSEKEEPING- GUARD,THIS MODIFICATION DE-OBLIGATES FUNDING FOR DETENTION SERVICES TO HOUSE AND SAFEGUARD ILLEGAL ALIENS IN SUPPORT OF ENFORCEMENT AND REMOVAL OPERATIONS (ERO) AT ROBERT A. DEYTON DETENTION FACILITY  THIS IS A CLOSEOUT MODIFICATION
70CDCR25FR0000037,CONT_AWD_70CDCR25FR0000037_7012_70CDCR25D00000009_7012,P00002,2026-04-23,0.0,"THE GEO GROUP, INC.",JMLKZZ1NL2Z6,DELIVERY ORDER,U.S. Immigration and Customs Enforcement,561612,SECURITY GUARDS AND PATROL SERVICES,S206,HOUSEKEEPING- GUARD,"THE PURPOSE OF THIS TASK ORDER IS FOR REQUIRED DETENTION SERVICES FOR ICE ALIENS AT THE NORTH LAKE CORRECTIONAL FACILITY, IN BALDWIN, MI. THIS MODIFICATION FINALIZES COSTS ASSOCIATED WITH THE UNDEFINITIZED CONTRACT PERIOD.  THIS IS A CLOSEOUT MODIF"
70CDCR25FR0000010,CONT_AWD_70CDCR25FR0000010_7012_70CDCR20D00000009_7012,P00008,2026-04-30,12562.39,"THE GEO GROUP, INC.",JMLKZZ1NL2Z6,DELIVERY ORDER,U.S. Immigration and Customs Enforcement,561612,SECURITY GUARDS AND PATROL SERVICES,S206,HOUSEKEEPING- GUARD,"FUNDING DETENTION SERVICES AT DESERT VIEW DETENTION FACILITY IN SUPPORT OF THE LOS ANGELES AREA OF RESPONSIBILITY, CA."
70CDCR25FR0000100,CONT_AWD_70CDCR25FR0000100_7012_70CDCR21D00000004_7012,P00004,2026-04-30,1121000.0,"THE GEO GROUP, INC.",JMLKZZ1NL2Z6,DELIVERY ORDER,U.S. Immigration and Customs Enforcement,561612,SECURITY GUARDS AND PATROL SERVICES,S206,HOUSEKEEPING- GUARD,THIS MODIFICATION OBLIGATES FUNDING TO THE TASK ORDER FOR PROVIDING DETENTION SERVICES IN SUPPORT OF ENFORCEMENT AND REMOVAL OPERATIONS AT BROWARD TRANSITIONAL CENTER.
70CDCR26FR0000028,CONT_AWD_70CDCR26FR0000028_7012_70CDCR20D00000009_7012,P00001,2026-04-30,30870000.0,"THE GEO GROUP, INC.",JMLKZZ1NL2Z6,DELIVERY ORDER,U.S. Immigration and Customs Enforcement,561612,SECURITY GUARDS AND PATROL SERVICES,S206,HOUSEKEEPING- GUARD,FUNDING DETENTION AND TRANSPORTATION SERVICES AT ADELANTO ICE PROCESSING CENTER IN SUPPORT OF THE LOS ANGELES AREA OF RESPONSIBILITY
70CDCR26FR0000031,CONT_AWD_70CDCR26FR0000031_7012_70CDCR20D00000009_7012,P00001,2026-04-30,8680100.0,"THE GEO GROUP, INC.",JMLKZZ1NL2Z6,DELIVERY ORDER,U.S. Immigration and Customs Enforcement,561612,SECURITY GUARDS AND PATROL SERVICES,S206,HOUSEKEEPING- GUARD,"FUNDING DETENTION SERVICES AT THE DESERT VIEW ANNEX LOCATED IN ADELANTO, CA FOR LOS ANGELES AREA OF RESPONSIBILITY"
70CDCR26FC0000002,CONT_AWD_70CDCR26FC0000002_7012_HSCEDM14A00001_7012,P00001,2026-05-05,562000.0,"THE GEO GROUP, INC.",JMLKZZ1NL2Z6,BPA CALL,U.S. Immigration and Customs Enforcement,922140,CORRECTIONAL INSTITUTIONS,S206,HOUSEKEEPING- GUARD,THE PURPOSE OF THIS MODIFICATION IS TO PROVIDE ADDITIONAL FUNDING FOR CONTINUED DETENTION AND TRANSPORTATION SERVICES AT RIO GRANDE DETENTION CENTER.
70CDCR25FC0000007,CONT_AWD_70CDCR25FC0000007_7012_70CDCR18A00000007_7012,P00004,2026-05-06,863000.0,"THE GEO GROUP, INC.",JMLKZZ1NL2Z6,BPA CALL,U.S. Immigration and Customs Enforcement,922140,CORRECTIONAL INSTITUTIONS,S206,HOUSEKEEPING- GUARD,FUNDING FOR DETAINEE BED DAYS
70CDCR25FR0000100,CONT_AWD_70CDCR25FR0000100_7012_70CDCR21D00000004_7012,P00005,2026-05-07,3802700.0,"THE GEO GROUP, INC.",JMLKZZ1NL2Z6,DELIVERY ORDER,U.S. Immigration and Customs Enforcement,561612,SECURITY GUARDS AND PATROL SERVICES,S206,HOUSEKEEPING- GUARD,THIS MODIFICATION OBLIGATES FUNDING TO THE TASK ORDER FOR PROVIDING DETENTION SERVICES IN SUPPORT OF ENFORCEMENT AND REMOVAL OPERATIONS AT BROWARD TRANSITIONAL CENTER.
70CDCR26FR0000055,CONT_AWD_70CDCR26FR0000055_7012_70CDCR26D00000026_7012,0,2026-05-08,8898848.14,"THE GEO GROUP, INC.",JMLKZZ1NL2Z6,DELIVERY ORDER,U.S. Immigration and Customs Enforcement,561612,SECURITY GUARDS AND PATROL SERVICES,S206,HOUSEKEEPING- GUARD,"TASK ORDER FOR DETENTION AND TRANSPORTATION SERVICES AT A NORTHWEST ICE DETENTION CENTER, TACOMA, WA IN SUPPORT OF SEATTLE AREA OF RESPONSIBILITY."
70CDCR25FR0000096,CONT_AWD_70CDCR25FR0000096_7012_70CDCR25D00000009_7012,P00005,2026-05-19,14750000.0,"THE GEO GROUP, INC.",JMLKZZ1NL2Z6,DELIVERY ORDER,U.S. Immigration and Customs Enforcement,561612,SECURITY GUARDS AND PATROL SERVICES,S206,HOUSEKEEPING- GUARD,THIS CONTRACT PROVIDES DETENTION AND TRANSPORTATION SERVICES FOR THE NORTH LAKE CORRECTIONAL FACILITY IN BALDWIN MI. THE PURPOSE OF THIS MODIFICATION IS TO ADD FUNDING FOR CONTINUED SUPPORT OF SERVICES AT THIS FACILITY.
70CDCR26FR0000055,CONT_AWD_70CDCR26FR0000055_7012_70CDCR26D00000026_7012,P00001,2026-05-21,30143898.85,"THE GEO GROUP, INC.",JMLKZZ1NL2Z6,DELIVERY ORDER,U.S. Immigration and Customs Enforcement,561612,SECURITY GUARDS AND PATROL SERVICES,S206,HOUSEKEEPING- GUARD,"TASK ORDER FOR DETENTION AND TRANSPORTATION SERVICES AT A NORTHWEST ICE DETENTION CENTER, TACOMA, WA IN SUPPORT OF SEATTLE AREA OF RESPONSIBILITY."
70CDCR26FR0000042,CONT_AWD_70CDCR26FR0000042_7012_70CDCR20D00000008_7012,P00003,2026-05-22,3563193.6,"THE GEO GROUP, INC.",JMLKZZ1NL2Z6,DELIVERY ORDER,U.S. Immigration and Customs Enforcement,561612,SECURITY GUARDS AND PATROL SERVICES,S206,HOUSEKEEPING- GUARD,THIS MODIFICATION ADDS FUNDING FOR DETENTION AND TRANSPORTATION SERVICES FOR THE MESA VERDE DETENTION FACILITY IN SUPPORT OF THE SAN FRANCISCO AREA OF RESPONSIBILITY
70CDCR25FR0000097,CONT_AWD_70CDCR25FR0000097_7012_HSCEDM17D00009_7012,P00005,2026-05-29,2000000.0,"THE GEO GROUP, INC.",JMLKZZ1NL2Z6,DELIVERY ORDER,U.S. Immigration and Customs Enforcement,561210,FACILITIES SUPPORT SERVICES,S206,HOUSEKEEPING- GUARD,THIS CONTRACT PROVIDES DETENTION AND TRANSPORTATION SERVICES AT MONTGOMERY PROCESSING CENTER. THE PURPOSE OF THIS MODIFICATION IS TO PROVIDE ADDITIONAL FUNDING AND UPDATE THE COR INFORMATION FOR THIS ORDER.
70CDCR25FC0000007,CONT_AWD_70CDCR25FC0000007_7012_70CDCR18A00000007_7012,P00005,2026-06-02,750000.0,"THE GEO GROUP, INC.",JMLKZZ1NL2Z6,BPA CALL,U.S. Immigration and Customs Enforcement,922140,CORRECTIONAL INSTITUTIONS,S206,HOUSEKEEPING- GUARD,FUNDING FOR DETAINEE BED DAYS
70CDCR26FR0000028,CONT_AWD_70CDCR26FR0000028_7012_70CDCR20D00000009_7012,P00002,2026-06-10,35400000.0,"THE GEO GROUP, INC.",JMLKZZ1NL2Z6,DELIVERY ORDER,U.S. Immigration and Customs Enforcement,561612,SECURITY GUARDS AND PATROL SERVICES,S206,HOUSEKEEPING- GUARD,ADD FUNDING FOR DETENTION AND TRANSPORTATION SERVICES AT ADELANTO ICE PROCESSING CENTER IN SUPPORT OF THE LOS ANGELES AREA OF RESPONSIBILITY
70CDCR26FR0000050,CONT_AWD_70CDCR26FR0000050_7012_70CDCR25D00000007_7012,P00001,2026-06-10,17010000.0,"THE GEO GROUP, INC.",JMLKZZ1NL2Z6,DELIVERY ORDER,U.S. Immigration and Customs Enforcement,561612,SECURITY GUARDS AND PATROL SERVICES,S206,HOUSEKEEPING- GUARD,THE PURPOSE OF THIS NEW TASK ORDER IS TO PROVIDE FUNDING NECESSARY FOR DETENTION AND TRANSPORTATION SERVICES FOR HOUSING ICE ALIENS AT THE DELANEY HALL CONTRACT DETENTION FACILITY IN NEWARK NEW JERSEY.
70CDCR25FR0000010,CONT_AWD_70CDCR25FR0000010_7012_70CDCR20D00000009_7012,P00009,2026-06-16,0.0,"THE GEO GROUP, INC.",JMLKZZ1NL2Z6,DELIVERY ORDER,U.S. Immigration and Customs Enforcement,561612,SECURITY GUARDS AND PATROL SERVICES,S206,HOUSEKEEPING- GUARD,"FUNDING DETENTION SERVICES AT DESERT VIEW DETENTION FACILITY IN SUPPORT OF THE LOS ANGELES AREA OF RESPONSIBILITY, CA.  THIS IS A CLOSEOUT MODIFICATION"
70CDCR20FR0000036,CONT_AWD_70CDCR20FR0000036_7012_HSCEDM17D00009_7012,P00008,2026-06-18,-91938.94,"THE GEO GROUP, INC.",JMLKZZ1NL2Z6,DELIVERY ORDER,U.S. Immigration and Customs Enforcement,561210,FACILITIES SUPPORT SERVICES,S206,HOUSEKEEPING- GUARD,THE PURPOSE OF THIS CONTRACT IS TO PROVIDE DETENTION AND TRANSPORTATION SERVICES AT MONTGOMERY PROCESSING CENTER (MPC). THE PURPOSE OF THIS MODIFICATION IS TO DEOBLIGATE UNEXPENDED FUNDS AND CLOSE OUT THE ORDER.
70CDCR26FR0000050,CONT_AWD_70CDCR26FR0000050_7012_70CDCR25D00000007_7012,P00002,2026-06-22,0.0,"THE GEO GROUP, INC.",JMLKZZ1NL2Z6,DELIVERY ORDER,U.S. Immigration and Customs Enforcement,561612,SECURITY GUARDS AND PATROL SERVICES,S206,HOUSEKEEPING- GUARD,DETENTION AND TRANSPORTATION SERVICES FOR HOUSING ICE ALIENS AT THE DELANEY HALL CONTRACT DETENTION FACILITY IN NEWARK NEW JERSEY. MODIFICATION P00002 INCREASES RATES I.A.W. AN APPROVED REQUEST FOR EQUITABLE ADJUSTMENT.
70CDCR26FR0000042,CONT_AWD_70CDCR26FR0000042_7012_70CDCR20D00000008_7012,P00004,2026-06-26,4898964.63,"THE GEO GROUP, INC.",JMLKZZ1NL2Z6,DELIVERY ORDER,U.S. Immigration and Customs Enforcement,561612,SECURITY GUARDS AND PATROL SERVICES,S206,HOUSEKEEPING- GUARD,THIS MODIFICATION ADDS FUNDING FOR DETENTION AND TRANSPORTATION SERVICES FOR THE GOLDEN STATE DETENTION FACILITY IN SUPPORT OF THE SAN FRANCISCO AREA OF RESPONSIBILITY.
70CDCR25FR0000091,CONT_AWD_70CDCR25FR0000091_7012_70CDCR20D00000012_7012,P00006,2026-07-02,15950642.43,"THE GEO GROUP, INC.",JMLKZZ1NL2Z6,DELIVERY ORDER,U.S. Immigration and Customs Enforcement,922140,CORRECTIONAL INSTITUTIONS,S206,HOUSEKEEPING- GUARD,THIS TASK ORDER PROVIDES DETENTION AND TRANSPORTATION SERVICES AT THE SOUTH TEXAS ICE IMMIGRATION PROCESSING CENTER (STIPC). THE PURPOSE OF THIS MODIFICATION IS TO ADD FUNDING FOR THESE SERVICES.
70CDCR26FC0000004,CONT_AWD_70CDCR26FC0000004_7012_70CDCR18A00000007_7012,0,2026-07-09,300000.0,"THE GEO GROUP, INC.",JMLKZZ1NL2Z6,BPA CALL,U.S. Immigration and Customs Enforcement,922140,CORRECTIONAL INSTITUTIONS,S206,HOUSEKEEPING- GUARD,DETAINEE BED DAYS AT THE ROBERT A. DEYTON DETENTION FACILITY
