event_id,date,license_num,license_scope,event_subtype,entity_name,entity_dba,actions,outcome,board_granted_application,ownership_subject_entity,ownership_subject_scope,parties_before,parties_after,entity_before,entity_after,entity_conversion_explicit,source_url,page_start,page_end,item_number,outcome_text,ambiguity_notes,item_text
BLB-2024-01-04-OWN-p6-i14,2024-01-04,LB101637,explicit_alcohol,ownership_application_disposition,"Marriott Hotel Services, Inc.",Marriott Long Wharf,"[""corporate_structure_change""]",granted,True,"Marriott Hotel Services, Inc.",licensee_entity_form_conversion,[],[],"Marriott Hotel Services, Inc.","Marriott Hotel Services, LLC",True,https://www.boston.gov/sites/default/files/file/2024/01/Voting%20Minutes%201-4-24.docx_0.pdf,6,6,14,Granted,"[""Corporate-to-LLC conversion is explicit. Entity before/after names are not shareholders or beneficial owners; no change in equity control is inferred."", ""Same Marriott Hotel Services Inc-to-LLC conversion appears for Long Wharf and Copley license applications; preserve both source occurrences without counting two distinct equity transactions."", ""No owner/shareholder names or ownership percentages are stated for the ownership action; officer and manager names in the item are not substituted."", ""Board approval alone does not establish a completed transaction, current capitalization, control, or private-equity sponsorship.""]","14. Marriott Hotel Services, Inc.

Doing business as: Marriott Long Wharf
296 State St, Boston, MA 02110
License #: LB-101637
Holder of an Innholder All-Alcoholic Beverages License has petitioned to change the Corporate
Structure of the licensed business - From: Marriott Hotel Services, Inc. To: Marriott Hotel Services,
LLC. Secondly, has petitioned for a change of Officers/Directors/LLC Managers.
Attorney: Joseph H. Devlin

Granted"
BLB-2024-01-04-OWN-p7-i15,2024-01-04,,explicit_alcohol,ownership_application_disposition,"Marriott Hotel Services, Inc.",Boston Marriott Hotel - Copley,"[""corporate_structure_change""]",granted,True,"Marriott Hotel Services, Inc.",licensee_entity_form_conversion,[],[],"Marriott Hotel Services, Inc.","Marriott Hotel Services, LLC",True,https://www.boston.gov/sites/default/files/file/2024/01/Voting%20Minutes%201-4-24.docx_0.pdf,7,7,15,Granted,"[""Boston LB identifier omitted in this source item; not inferred from another record."", ""Corporate-to-LLC conversion is explicit. Entity before/after names are not shareholders or beneficial owners; no change in equity control is inferred."", ""Same Marriott Hotel Services Inc-to-LLC conversion appears for Long Wharf and Copley license applications; preserve both source occurrences without counting two distinct equity transactions."", ""No owner/shareholder names or ownership percentages are stated for the ownership action; officer and manager names in the item are not substituted."", ""Board approval alone does not establish a completed transaction, current capitalization, control, or private-equity sponsorship.""]","15. Marriott Hotel Services, Inc.

Doing business as: Boston Marriott Hotel - Copley
110 Huntington Ave, Boston, MA 02116
Holder of an Innholder All-Alcoholic Beverages License has petitioned to change the Corporate
Structure of the licensed business - From: Marriott Hotel Services, Inc. To: Marriott Hotel Services,
LLC. Secondly, has petitioned for a change of Officers/Directors/LLC Managers.
Attorney: Joseph H. Devlin

Granted"
BLB-2024-01-04-OWN-p7-i16,2024-01-04,LB101640,explicit_alcohol,ownership_application_disposition,Courtyard Management Corporation,Courtyard Boston Downtown,"[""corporate_structure_change""]",granted,True,Courtyard Management Corporation,licensee_entity_form_conversion,[],[],Courtyard Management Corporation,Courtyard Management LLC,True,https://www.boston.gov/sites/default/files/file/2024/01/Voting%20Minutes%201-4-24.docx_0.pdf,7,7,16,Granted,"[""Corporate-to-LLC conversion is explicit. Entity before/after names are not shareholders or beneficial owners; no change in equity control is inferred."", ""No owner/shareholder names or ownership percentages are stated for the ownership action; officer and manager names in the item are not substituted."", ""Board approval alone does not establish a completed transaction, current capitalization, control, or private-equity sponsorship.""]","16. Courtyard Management Corporation

Doing business as: Courtyard Boston Downtown
275 Tremont St, Boston, MA 02116
License #: LB-101640
Holder of an Innholder All-Alcoholic Beverages License has petitioned to change the Corporate
Structure of the licensed business - From: Courtyard Management Corporation To: Courtyard
Management LLC. Secondly, has petitioned for a change of Officers/Directors/LLC Managers.
Attorney: Joseph H. Devlin

Granted"
BLB-2024-01-04-OWN-p7-i17,2024-01-04,,explicit_alcohol,ownership_application_disposition,"IVA Foods, Inc.",Bazaar on Cambridge Street,"[""stock_interest_change""]",granted,True,"IVA Foods, Inc.",named_licensee_or_licensed_business; indirect_ownership_level_not_further_specified,[],[],,,False,https://www.boston.gov/sites/default/files/file/2024/01/Voting%20Minutes%201-4-24.docx_0.pdf,7,7,17,Granted,"[""Boston LB identifier omitted in this source item; not inferred from another record."", ""No owner/shareholder names or ownership percentages are stated for the ownership action; officer and manager names in the item are not substituted."", ""Board approval alone does not establish a completed transaction, current capitalization, control, or private-equity sponsorship.""]","17. IVA Foods, Inc.

Doing business as: Bazaar on Cambridge Street
424 Cambridge St, Allston, MA 02134
Holder of a Retail Package Store All-Alcoholic Beverages License has petitioned for a change of
Officers/Directors. Secondly, has petitioned for a change of Stock Interest.
Attorney: Patricia Lang Farnsworth

Granted"
BLB-2024-01-04-OWN-p7-i18,2024-01-04,LB99793,explicit_alcohol,ownership_application_disposition,"Piarosa Group, Inc.",Libertine,"[""stock_interest_change""]",granted,True,"Piarosa Group, Inc.",named_licensee_or_licensed_business; indirect_ownership_level_not_further_specified,[],[],,,False,https://www.boston.gov/sites/default/files/file/2024/01/Voting%20Minutes%201-4-24.docx_0.pdf,7,7,18,Granted,"[""No owner/shareholder names or ownership percentages are stated for the ownership action; officer and manager names in the item are not substituted."", ""Board approval alone does not establish a completed transaction, current capitalization, control, or private-equity sponsorship.""]","18. Piarosa Group, Inc.

Doing business as: Libertine
123-125 Salem St, Boston, MA 02113
License #: LB-99793
Holder of a Common Victualler 7 Day Wines and Malt Beverages w/ Liqueurs has petitioned to change
the manager of the licensed business - From: Shannon MacGowan To: Arlene Saia. Secondly, has
petitioned to change the Officers/Directors. And lastly, has petitioned for a change of Stock Interest.
Attorney: Carolyn M. Conway

Granted"
BLB-2024-02-01-OWN-p5-i8,2024-02-01,LB101961,explicit_alcohol,ownership_application_disposition,Wildduck 96 Salem St Inc.,The Wild Duck,"[""stock_interest_change""]",granted,True,Wildduck 96 Salem St Inc.,named_licensee_or_licensed_business; indirect_ownership_level_not_further_specified,[],[],,,False,https://www.boston.gov/sites/default/files/file/2024/02/Voting%20Minutes%202-1-24_3.pdf,5,5,8,Granted,"[""No owner/shareholder names or ownership percentages are stated for the ownership action; officer and manager names in the item are not substituted."", ""Board approval alone does not establish a completed transaction, current capitalization, control, or private-equity sponsorship.""]","8. Wildduck 96 Salem St Inc.

 Doing business as: The Wild Duck
 94-96 Salem St, Boston, MA 02113
 License #: LB-101961
 Holder of a Retail Package Store All-Alcoholic Beverages License has petitioned to change the
 manager of the licensed business - From: Jaimini Patel To: Nelson Antonio Carballo Aguilar. Secondly,
 has petitioned for a change of Stock Interest.
 Attorney: John Mooradian

 Granted"
BLB-2024-02-01-OWN-p6-i9,2024-02-01,LB99401,explicit_alcohol,ownership_application_disposition,Parm Copley LLC,,"[""ownership_interest_change""]",granted,True,Parm Copley LLC,named_licensee_or_licensed_business; indirect_ownership_level_not_further_specified,[],[],,,False,https://www.boston.gov/sites/default/files/file/2024/02/Voting%20Minutes%202-1-24_3.pdf,6,6,9,Granted,"[""No owner/shareholder names or ownership percentages are stated for the ownership action; officer and manager names in the item are not substituted."", ""Board approval alone does not establish a completed transaction, current capitalization, control, or private-equity sponsorship.""]","9. Parm Copley LLC

100 Huntington Ave, Boston, MA 02116
License #: LB-99401
Holder of a Common Victualler 7 Day All-Alcoholic Beverages License has petitioned to change the
manager of the licensed business – From: Patrick Chhoy To: Scott Devine. Secondly, has petitioned for
a change in Ownership Interest.
Attorney: Dennis A. Quilty

Granted"
BLB-2024-02-01-OWN-p6-i10,2024-02-01,LB99093,explicit_alcohol,ownership_application_disposition,186 Harvard Ave Bar LLC,HAN,"[""ownership_interest_change""]",granted,True,186 Harvard Ave Bar LLC,named_licensee_or_licensed_business; indirect_ownership_level_not_further_specified,[],[],,,False,https://www.boston.gov/sites/default/files/file/2024/02/Voting%20Minutes%202-1-24_3.pdf,6,6,10,Granted,"[""No owner/shareholder names or ownership percentages are stated for the ownership action; officer and manager names in the item are not substituted."", ""Board approval alone does not establish a completed transaction, current capitalization, control, or private-equity sponsorship.""]","10. 186 Harvard Ave Bar LLC

Doing business as: HAN
178-188 Harvard Ave, Allston, MA 02134
License #: LB-99093
Holder of a Common Victualler 7 Day All-Alcoholic Beverages License has petitioned to change the
manager of the licensed business – From: Henry Wong To: Daniel Stiffler. Secondly, has petitioned for
a change of Officers/Directors/LLC Managers. Lastly, has petitioned for a change in Ownership
Interest.
Attorney: Chase Liu

Granted"
BLB-2024-02-01-OWN-p6-i11,2024-02-01,LB98944,explicit_alcohol,ownership_application_disposition,"Kojam, LLC",Faccia a Faccia,"[""ownership_interest_change""]",granted,True,"Kojam, LLC",named_licensee_or_licensed_business; indirect_ownership_level_not_further_specified,[],[],,,False,https://www.boston.gov/sites/default/files/file/2024/02/Voting%20Minutes%202-1-24_3.pdf,6,6,11,Granted,"[""No owner/shareholder names or ownership percentages are stated for the ownership action; officer and manager names in the item are not substituted."", ""Board approval alone does not establish a completed transaction, current capitalization, control, or private-equity sponsorship.""]","11. Kojam, LLC

Doing business as: Faccia a Faccia
276-278 Newbury St, Boston, MA 02116
License #: LB-98944
Holder of a Common Victualler 7 Day All-Alcoholic Beverages License has petitioned for a change of
LLC Manager. Secondly has petitioned for a change in Ownership Interest.
Attorney: Thomas P. Miller

Granted"
BLB-2024-02-08-OWN-p5-i5,2024-02-08,LB99514,explicit_alcohol,ownership_application_disposition,Venture 66 LLC,Halftime Pizza,"[""ownership_interest_change""]",granted,True,Venture 66 LLC,named_licensee_or_licensed_business; indirect_ownership_level_not_further_specified,[],[],,,False,https://www.boston.gov/sites/default/files/file/2024/02/Voting%20Minutes%202-8-24%20-%20very%20final%20draft.pdf,5,5,5,Granted,"[""No owner/shareholder names or ownership percentages are stated for the ownership action; officer and manager names in the item are not substituted."", ""Board approval alone does not establish a completed transaction, current capitalization, control, or private-equity sponsorship.""]","5. Venture 66 LLC

Doing business as: Halftime Pizza
115 Causeway St, Boston, MA 02114
License #: LB-99514
Holder of a Common Victualler 7 Day Wines and Malt Beverages License has petitioned for a change
in Ownership Interest.
Attorney: Thomas P. Miller

Granted"
BLB-2024-02-29-OWN-p5-i5,2024-02-29,LB101846,explicit_alcohol,ownership_application_disposition,"Stephen T. DeAngelis, Inc.",Golden Goose Market,"[""stock_interest_change""]",granted,True,"Stephen T. DeAngelis, Inc.",named_licensee_or_licensed_business; indirect_ownership_level_not_further_specified,[],[],,,False,https://www.boston.gov/sites/default/files/file/2024/02/Voting%20Minutes%202-29-24%20-%20Final%20-%20To%20Be%20Posted.pdf,5,5,5,Granted,"[""Golden Goose stock-interest changes recur on February 29 and June 6. Parties and amounts are unstated, so whether these reflect the same or different underlying equity transaction is unresolved."", ""No owner/shareholder names or ownership percentages are stated for the ownership action; officer and manager names in the item are not substituted."", ""Board approval alone does not establish a completed transaction, current capitalization, control, or private-equity sponsorship.""]","5. Stephen T. DeAngelis, Inc.

Doing business as: Golden Goose Market
179 Commercial Street, Boston, MA 02109
License #: LB-101846
Holder of a Retail Package Store All-Alcoholic Beverages License has petitioned to change the
corporate name of the licensed business - From: Stephen T. DeAngelis, Inc. To: Golden Goose Markets,
Inc. Secondly, has petitioned for a change of Stock Interest.

Granted"
BLB-2024-02-29-OWN-p5-i6,2024-02-29,LB99289,explicit_alcohol,ownership_application_disposition,"Pleasant, Inc.",Pleasant Café,"[""ownership_interest_change"", ""stock_interest_change""]",granted,True,"Pleasant, Inc.",named_licensee_or_licensed_business; indirect_ownership_level_not_further_specified,[],[],,,False,https://www.boston.gov/sites/default/files/file/2024/02/Voting%20Minutes%202-29-24%20-%20Final%20-%20To%20Be%20Posted.pdf,5,5,6,Granted,"[""No owner/shareholder names or ownership percentages are stated for the ownership action; officer and manager names in the item are not substituted."", ""Board approval alone does not establish a completed transaction, current capitalization, control, or private-equity sponsorship.""]","6. Pleasant, Inc.

Doing business as: Pleasant Café
4511-4519 Washington Street, Roslindale, MA 02131
License #: LB-99289
Holder of a Common Victualler 7 Day All-Alcoholic Beverages License has petitioned for a change of
Officers/Directors. Secondly, has petitioned for a change of Ownership Interest. Lastly, has petitioned
for a change of Stock Interest.
Attorney: Patricia Malone

Granted"
BLB-2024-03-07-OWN-p1-i2,2024-03-07,LB98962,explicit_alcohol,ownership_application_disposition,"Colonial Tavern, Inc.",Jacques Restaurant,"[""stock_interest_change""]",granted,True,"Colonial Tavern, Inc.",named_licensee_or_licensed_business; indirect_ownership_level_not_further_specified,[],[],,,False,https://www.boston.gov/sites/default/files/file/2024/03/Voting%20Minutes%203-7-24%20-%20Final.pdf,1,1,2,Granted,"[""No owner/shareholder names or ownership percentages are stated for the ownership action; officer and manager names in the item are not substituted."", ""Board approval alone does not establish a completed transaction, current capitalization, control, or private-equity sponsorship.""]","2. Colonial Tavern, Inc.

Doing business as: Jacques Restaurant
77 - 79 Broadway, Boston, MA 02116
License #: LB-98962
Holder of a General On Premises All-Alcoholic Beverages License has petitioned to change the manager of the
licensed business - From: Kristen Turilli To: Henry D. Vara III. Secondly, has petitioned for a change of
Officers/Directors. Lastly, has petitioned for a change of Stock Interest.
Attorney: Carolyn Conway

Granted"
BLB-2024-04-04-OWN-p3-i2,2024-04-04,LB99763,explicit_alcohol,ownership_application_disposition,Dailongy Hot Pot Inc.,Dynasty Restaurant,"[""stock_interest_change""]",granted,True,Dailongy Hot Pot Inc.,named_licensee_or_licensed_business; indirect_ownership_level_not_further_specified,[],[],,,False,https://www.boston.gov/sites/default/files/file/2024/04/Voting%20Minutes%204-4-24.docx%20%282%29.pdf,3,3,2,Granted,"[""No owner/shareholder names or ownership percentages are stated for the ownership action; officer and manager names in the item are not substituted."", ""Board approval alone does not establish a completed transaction, current capitalization, control, or private-equity sponsorship.""]","2. Dailongy Hot Pot Inc.

  Doing business as: Dynasty Restaurant
  14 Hudson St, Boston, MA 02111
  License #: LB-99763
  Holder of a Common Victualler 7 Day Wines and Malt Beverages w/ Liqueurs License has petitioned
  to change the manager of the licensed business – From: Limin Chen To: William Jian Min Huang.
  Secondly, has petitioned to change the corporate name of the licensed business -
  from: Dailongy Hot Pot, Inc. To: Dynasty Restaurant, Inc. Thirdly, has petitioned for a change of
  Officers/Directors. Lastly, has petitioned for a change of Stock Interest.
  Attorney: Chung H. Lee

Granted"
BLB-2024-04-25-OWN-p5-i9,2024-04-25,LB102056,explicit_alcohol,ownership_application_disposition,"G & V Brighton Mart, Inc.",Babushka Deli,"[""stock_interest_change""]",granted,True,"G & V Brighton Mart, Inc.",named_licensee_or_licensed_business; indirect_ownership_level_not_further_specified,[],[],,,False,https://www.boston.gov/sites/default/files/file/2024/04/Voting%20Minutes%204-25-24_0.pdf,5,5,9,Granted,"[""No owner/shareholder names or ownership percentages are stated for the ownership action; officer and manager names in the item are not substituted."", ""Board approval alone does not establish a completed transaction, current capitalization, control, or private-equity sponsorship.""]","9. G & V Brighton Mart, Inc.

Doing business as: Babushka Deli
62 Washington St, Brighton, MA 02135
License #: LB-102056
Holder of a Retail Package Store All-Alcoholic Beverages License has petitioned for a change of
Officers /Directors. Secondly, has petitioned for a change of Stock Interest. Lastly, has petitioned to
change the manager of the licensed business – From: Niral Patel To: MD Bashirul Islam.
Attorney: Carolyn M Conway

Granted"
BLB-2024-04-25-OWN-p6-i10,2024-04-25,LB138282,explicit_alcohol,ownership_application_disposition,Stride Corporation,Sava’s Market,"[""stock_interest_change""]",granted,True,Stride Corporation,named_licensee_or_licensed_business; indirect_ownership_level_not_further_specified,[],[],,,False,https://www.boston.gov/sites/default/files/file/2024/04/Voting%20Minutes%204-25-24_0.pdf,6,6,10,Granted,"[""No owner/shareholder names or ownership percentages are stated for the ownership action; officer and manager names in the item are not substituted."", ""Board approval alone does not establish a completed transaction, current capitalization, control, or private-equity sponsorship.""]","10. Stride Corporation

Doing business as: Sava’s Market
150 Bennington St, East Boston, MA 02128
License #: LB-138282
Holder of a Retail Package Store All-Alcoholic Beverages License has petitioned for a change of
Officers/Directors. Secondly, has petitioned for a change of Stock Interest.
Attorney: John Mooradian

Granted"
BLB-2024-04-25-OWN-p11-i3,2024-04-25,LB100822,common_victualler_no_alcohol_stated,ownership_application_disposition,Triple Coast LLC,Ula Cafe,"[""ownership_interest_change""]",granted,True,Triple Coast LLC,named_licensee_or_licensed_business; indirect_ownership_level_not_further_specified,"[{""name"": ""Kelly Fernandes"", ""interest_percent"": 100, ""role"": ""ownership_interest_holder"", ""source_quote"": ""Ownership Interest (LLC Members/LLP Partners/Trustees) From: Kelly Fernandes (100%) To: Elizabeth Santos (50%) and Marvin Mathelier (50%)"", ""interest_quantity"": null, ""interest_unit"": null}]","[{""name"": ""Elizabeth Santos"", ""interest_percent"": 50, ""role"": ""ownership_interest_holder"", ""source_quote"": ""Ownership Interest (LLC Members/LLP Partners/Trustees) From: Kelly Fernandes (100%) To: Elizabeth Santos (50%) and Marvin Mathelier (50%)"", ""interest_quantity"": null, ""interest_unit"": null}, {""name"": ""Marvin Mathelier"", ""interest_percent"": 50, ""role"": ""ownership_interest_holder"", ""source_quote"": ""Ownership Interest (LLC Members/LLP Partners/Trustees) From: Kelly Fernandes (100%) To: Elizabeth Santos (50%) and Marvin Mathelier (50%)"", ""interest_quantity"": null, ""interest_unit"": null}]",,,False,https://www.boston.gov/sites/default/files/file/2024/04/Voting%20Minutes%204-25-24_0.pdf,11,11,3,Granted,"[""Board approval alone does not establish a completed transaction, current capitalization, control, or private-equity sponsorship.""]","3. Triple Coast LLC

Doing business as: Ula Cafe
284 Amory St., Jamaica Plain, MA 02130
License #: LB‑100822
Holder of a Common Victualler License has petitioned to change the Manager of the licensed business
From: Kelly Fernandes To: Michael Behme.
Secondly, has petitioned to change the Officers/Directors/LLC Managers ‑ From: Kelly Fernandes To:
Elizabeth Santos and Marvin Mathelier.
Lastly, has petitioned to change the Change of Ownership Interest (LLC Members/LLP
Partners/Trustees) From: Kelly Fernandes (100%) To: Elizabeth Santos (50%) and Marvin Mathelier
(50%)

Granted"
BLB-2024-04-25-OWN-p12-i4,2024-04-25,LB99949,common_victualler_no_alcohol_stated,ownership_application_disposition,"JJ Cobblestones, LLC",Cobblestones,"[""ownership_interest_change""]",granted,True,"JJ Cobblestones, LLC",named_licensee_or_licensed_business; indirect_ownership_level_not_further_specified,"[{""name"": ""Jennifer Gallagher"", ""interest_percent"": 70, ""role"": ""ownership_interest_holder"", ""source_quote"": ""Ownership interest of the licensed business From: Jennifer Gallagher (70%), Dave O'Donnell (15%) and John Abbott (15%) To: Jennifer Gallagher (65%), Dave O'Donnell (35%)"", ""interest_quantity"": null, ""interest_unit"": null}, {""name"": ""Dave O'Donnell"", ""interest_percent"": 15, ""role"": ""ownership_interest_holder"", ""source_quote"": ""Ownership interest of the licensed business From: Jennifer Gallagher (70%), Dave O'Donnell (15%) and John Abbott (15%) To: Jennifer Gallagher (65%), Dave O'Donnell (35%)"", ""interest_quantity"": null, ""interest_unit"": null}, {""name"": ""John Abbott"", ""interest_percent"": 15, ""role"": ""ownership_interest_holder"", ""source_quote"": ""Ownership interest of the licensed business From: Jennifer Gallagher (70%), Dave O'Donnell (15%) and John Abbott (15%) To: Jennifer Gallagher (65%), Dave O'Donnell (35%)"", ""interest_quantity"": null, ""interest_unit"": null}]","[{""name"": ""Jennifer Gallagher"", ""interest_percent"": 65, ""role"": ""ownership_interest_holder"", ""source_quote"": ""Ownership interest of the licensed business From: Jennifer Gallagher (70%), Dave O'Donnell (15%) and John Abbott (15%) To: Jennifer Gallagher (65%), Dave O'Donnell (35%)"", ""interest_quantity"": null, ""interest_unit"": null}, {""name"": ""Dave O'Donnell"", ""interest_percent"": 35, ""role"": ""ownership_interest_holder"", ""source_quote"": ""Ownership interest of the licensed business From: Jennifer Gallagher (70%), Dave O'Donnell (15%) and John Abbott (15%) To: Jennifer Gallagher (65%), Dave O'Donnell (35%)"", ""interest_quantity"": null, ""interest_unit"": null}]",,,False,https://www.boston.gov/sites/default/files/file/2024/04/Voting%20Minutes%204-25-24_0.pdf,12,12,4,Granted,"[""Board approval alone does not establish a completed transaction, current capitalization, control, or private-equity sponsorship.""]","4. JJ Cobblestones, LLC

Doing business as: Cobblestones
30 Charles St., Boston, MA 02114
License #: LB‑99949
Holder of a Common Victualler License has petitioned to change the Ownership interest of the licensed
business From: Jennifer Gallagher (70%), Dave O'Donnell (15%) and John Abbott (15%)
To: Jennifer Gallagher (65%), Dave O'Donnell (35%)

Granted"
BLB-2024-05-23-OWN-p6-i10,2024-05-23,LB99295,explicit_alcohol,ownership_application_disposition,"D&D Hospitality, LLC",Publico,"[""ownership_interest_change""]",granted,True,"D&D Hospitality, LLC",named_licensee_or_licensed_business; indirect_ownership_level_not_further_specified,[],[],,,False,https://www.boston.gov/sites/default/files/file/2024/05/Voting%20Minutes%205_23_24.docx.pdf,6,6,10,Granted,"[""No owner/shareholder names or ownership percentages are stated for the ownership action; officer and manager names in the item are not substituted."", ""Board approval alone does not establish a completed transaction, current capitalization, control, or private-equity sponsorship.""]","10. D&D Hospitality, LLC

Doing business as: Publico
11 Dorchester St, South Boston, MA 02127
License #: LB-99295
Holder of a Common Victualler 7 Day All-Alcoholic Beverages License has petitioned for a change in
Ownership Interest. Attorney: Lesley Delaney Hawkins

Granted"
BLB-2024-05-23-OWN-p6-i11,2024-05-23,LB98922,explicit_alcohol,ownership_application_disposition,"Flagship Restaurant Group, LLC",Forcella,"[""ownership_interest_change""]",granted,True,"Flagship Restaurant Group, LLC",named_licensee_or_licensed_business; indirect_ownership_level_not_further_specified,[],[],,,False,https://www.boston.gov/sites/default/files/file/2024/05/Voting%20Minutes%205_23_24.docx.pdf,6,6,11,Granted,"[""No owner/shareholder names or ownership percentages are stated for the ownership action; officer and manager names in the item are not substituted."", ""Board approval alone does not establish a completed transaction, current capitalization, control, or private-equity sponsorship.""]","11. Flagship Restaurant Group, LLC

Doing business as: Forcella
33 North Square, Boston, MA 02113
License #: LB-98922
Holder of a Common Victualler 7 Day Wines and Malt Beverages with Liqueurs License has petitioned
for a change of LLC Managers. Secondly, has petitioned for a change in Ownership Interest.
Attorney: Dennis A. Quilty

Granted"
BLB-2024-05-23-OWN-p7-i12,2024-05-23,LB99787,explicit_alcohol,ownership_application_disposition,Arguetas Corporation,,"[""stock_interest_change""]",granted,True,Arguetas Corporation,named_licensee_or_licensed_business; indirect_ownership_level_not_further_specified,[],[],,,False,https://www.boston.gov/sites/default/files/file/2024/05/Voting%20Minutes%205_23_24.docx.pdf,7,7,12,Granted,"[""No owner/shareholder names or ownership percentages are stated for the ownership action; officer and manager names in the item are not substituted."", ""Board approval alone does not establish a completed transaction, current capitalization, control, or private-equity sponsorship.""]","12. Arguetas Corporation

30 Bennington Street, East Boston, MA 02128
License #: LB-99787
Holder of a Common Victualler 7 Day Wines and Malt Beverages with Liqueurs License has petitioned
for a change of Officers/Directors. Secondly, has petitioned for a change of Stock Interest. Lastly, has
petitioned to change the manager of the licensed business - From: Ferdy Marlon Argueta
To: Rigoberto Restrepo.
Attorney: Mark A. White

Granted"
BLB-2024-05-23-OWN-p13-i3,2024-05-23,LB405940,common_victualler_no_alcohol_stated,ownership_application_disposition,"Monumental Market Group, LLC",Monumental Market,"[""ownership_interest_change""]",granted,True,"Monumental Market Group, LLC",named_licensee_or_licensed_business; indirect_ownership_level_not_further_specified,"[{""name"": ""Kelsey Munger"", ""interest_percent"": 50, ""role"": ""ownership_interest_holder"", ""source_quote"": ""Ownership interest of the licensed business From: Kelsey Munger (50%) & Javier Amador‑Pena (50%) To: Kelsey Munger (100%)"", ""interest_quantity"": null, ""interest_unit"": null}, {""name"": ""Javier Amador‑Pena"", ""interest_percent"": 50, ""role"": ""ownership_interest_holder"", ""source_quote"": ""Ownership interest of the licensed business From: Kelsey Munger (50%) & Javier Amador‑Pena (50%) To: Kelsey Munger (100%)"", ""interest_quantity"": null, ""interest_unit"": null}]","[{""name"": ""Kelsey Munger"", ""interest_percent"": 100, ""role"": ""ownership_interest_holder"", ""source_quote"": ""Ownership interest of the licensed business From: Kelsey Munger (50%) & Javier Amador‑Pena (50%) To: Kelsey Munger (100%)"", ""interest_quantity"": null, ""interest_unit"": null}]",,,False,https://www.boston.gov/sites/default/files/file/2024/05/Voting%20Minutes%205_23_24.docx.pdf,13,13,3,Granted,"[""Board approval alone does not establish a completed transaction, current capitalization, control, or private-equity sponsorship.""]","3. Monumental Market Group, LLC

Doing business as: Monumental Market
36 South St., Jamaica Plain, MA 02130
License #: LB‑405940
Holder of a Common Victualler License has petitioned to change the Ownership interest of the licensed
business From: Kelsey Munger (50%) & Javier Amador‑Pena (50%) To: Kelsey Munger (100%)

Granted"
BLB-2024-06-06-OWN-p5-i6,2024-06-06,LB101846,explicit_alcohol,ownership_application_disposition,"Stephen T. DeAngelis, Inc.",Golden Goose Market,"[""stock_interest_change""]",granted,True,"Stephen T. DeAngelis, Inc.",named_licensee_or_licensed_business; indirect_ownership_level_not_further_specified,[],[],,,False,https://www.boston.gov/sites/default/files/file/2024/06/Voting%20Minutes%206-6-24.docx%20%281%29.pdf,5,5,6,Granted,"[""Golden Goose stock-interest changes recur on February 29 and June 6. Parties and amounts are unstated, so whether these reflect the same or different underlying equity transaction is unresolved."", ""No owner/shareholder names or ownership percentages are stated for the ownership action; officer and manager names in the item are not substituted."", ""Board approval alone does not establish a completed transaction, current capitalization, control, or private-equity sponsorship.""]","6. Stephen T. DeAngelis, Inc.

Doing business as: Golden Goose Market
179 Commercial St, Boston, MA 02109
License #: LB-101846
Holder of a Retail Package Store All-Alcoholic Beverages License has petitioned for a change
in Stock Interest.

Granted"
BLB-2024-07-11-OWN-p4-i6,2024-07-11,LB101621,explicit_alcohol,ownership_application_disposition,"Remington Boston Employers, LLC",Hilton Boston Back Bay,"[""ownership_interest_change""]",granted,True,"Remington Boston Employers, LLC",named_licensee_or_licensed_business; indirect_ownership_level_not_further_specified,[],[],,,False,https://www.boston.gov/sites/default/files/file/2024/07/Voting%20Agenda%20July%2011.docx_2.pdf,4,4,6,Granted,"[""No owner/shareholder names or ownership percentages are stated for the ownership action; officer and manager names in the item are not substituted."", ""Board approval alone does not establish a completed transaction, current capitalization, control, or private-equity sponsorship.""]","6. Remington Boston Employers, LLC

Doing business as: Hilton Boston Back Bay
40 Dalton St, Boston, MA 02115
License #: LB-101621
Holder of an Innholder All-Alcoholic Beverages License has petitioned for a change in Ownership
Interest. Secondly, has petitioned to change the manager of the licensed business – From: Dominique
Marty To: Doug Koenig.

Granted"
BLB-2024-08-01-OWN-p6-i11,2024-08-01,LB101859,explicit_alcohol,ownership_application_disposition,"ENA Liquors, Inc.",Brothers Super Liquors,"[""stock_interest_change""]",granted,True,"ENA Liquors, Inc.",named_licensee_or_licensed_business; indirect_ownership_level_not_further_specified,[],[],,,False,https://www.boston.gov/sites/default/files/file/2024/08/Voting%20Minutes%208-1-24.docx.pdf,6,6,11,Granted,"[""No owner/shareholder names or ownership percentages are stated for the ownership action; officer and manager names in the item are not substituted."", ""Board approval alone does not establish a completed transaction, current capitalization, control, or private-equity sponsorship.""]","11. ENA Liquors, Inc.

Doing business as: Brothers Super Liquors
213 Bowdoin St, Dorchester, MA 02122
License #: LB-101859
Holder of a Retail Package Store All-Alcoholic Beverages License has petitioned to change the
manager of the licensed business – From: Eduardo Fernandez To: Nelson Fernandez. Secondly, has
petitioned to change the d/b/a of the licensed business - From: Brothers Super Liquors To: Brother’s
Wines & Spirits. Thirdly, has petitioned for a change of
Officers/Directors. Lastly, has petitioned for a change of Stock Interest.
Attorney: Jennifer Allen

Granted"
BLB-2024-08-01-OWN-p6-i12,2024-08-01,LB99643,explicit_alcohol,ownership_application_disposition,"Mirage Charcoal Kabob, Inc.",Zen Restaurant,"[""stock_interest_change""]",granted,True,"Mirage Charcoal Kabob, Inc.",named_licensee_or_licensed_business; indirect_ownership_level_not_further_specified,[],[],,,False,https://www.boston.gov/sites/default/files/file/2024/08/Voting%20Minutes%208-1-24.docx.pdf,6,6,12,Granted,"[""No owner/shareholder names or ownership percentages are stated for the ownership action; officer and manager names in the item are not substituted."", ""Board approval alone does not establish a completed transaction, current capitalization, control, or private-equity sponsorship.""]","12. Mirage Charcoal Kabob, Inc.

Doing business as: Zen Restaurant
21A Beacon St, Boston, MA 02108
License #: LB-99643
Holder of a Common Victualler 7 Day Wines and Malt Beverages License has petitioned for a change
of Officers /Directors. Secondly, has petitioned for a change of Stock Interest.
Attorney: Duo Liu

Granted"
BLB-2024-08-22-OWN-p5-i7,2024-08-22,LB99333,explicit_alcohol,ownership_application_disposition,"Unique Design Concepts, LLC",Kings,"[""ownership_interest_change""]",granted,True,"Unique Design Concepts, LLC",named_licensee_or_licensed_business; indirect_ownership_level_not_further_specified,[],[],,,False,https://www.boston.gov/sites/default/files/file/2024/08/Voting%20Minutes%208-22-24.docx.pdf,5,5,7,Granted,"[""No owner/shareholder names or ownership percentages are stated for the ownership action; officer and manager names in the item are not substituted."", ""Board approval alone does not establish a completed transaction, current capitalization, control, or private-equity sponsorship.""]","7. Unique Design Concepts, LLC

Doing business as: Kings
50A Dalton St, Boston, MA 02115
License #: LB-99333
Holder of a Common Victualler 7 Day All-Alcoholic Beverages License has petitioned for a change of
LLC Managers. Secondly, has petitioned for a change in Ownership Interest.
Attorney: Dennis A. Quilty

Granted"
BLB-2024-08-22-OWN-p5-i8,2024-08-22,LB99325,explicit_alcohol,ownership_application_disposition,"Kings Bowl of Seaport, LLC",King’s,"[""ownership_interest_change""]",granted,True,"Kings Bowl of Seaport, LLC",named_licensee_or_licensed_business; indirect_ownership_level_not_further_specified,[],[],,,False,https://www.boston.gov/sites/default/files/file/2024/08/Voting%20Minutes%208-22-24.docx.pdf,5,5,8,Granted,"[""No owner/shareholder names or ownership percentages are stated for the ownership action; officer and manager names in the item are not substituted."", ""Board approval alone does not establish a completed transaction, current capitalization, control, or private-equity sponsorship.""]","8. Kings Bowl of Seaport, LLC

Doing business as: King’s
60 Seaport Blvd, Boston MA 02210
License #: LB-99325
Holder of a Common Victualler 7 Day All-Alcoholic Beverages License has petitioned for a change of
LLC Managers. Secondly, has petitioned for a change in Ownership Interest.
Attorney: Dennis A. Quilty

Granted"
BLB-2024-09-26-OWN-p5-i10,2024-09-26,LB99748,explicit_alcohol,ownership_application_disposition,"Caffe Dello Sport, Inc.",Caffe Dello Sport,"[""stock_interest_change""]",granted,True,"Caffe Dello Sport, Inc.",named_licensee_or_licensed_business; indirect_ownership_level_not_further_specified,[],[],,,False,https://www.boston.gov/sites/default/files/file/2024/09/Voting%20Minutes%209-26-24.pdf,5,5,10,Granted,"[""No owner/shareholder names or ownership percentages are stated for the ownership action; officer and manager names in the item are not substituted."", ""Board approval alone does not establish a completed transaction, current capitalization, control, or private-equity sponsorship.""]","10. Caffe Dello Sport, Inc.

Doing business as: Caffe Dello Sport
308 Hanover St, Boston, MA 02113
License #: LB-99748
Holder of a Common Victualler 7 Day Wines and Malt Beverages with Liqueurs License has petitioned
to change the manager of the licensed business - From: Angelo Cattaneo To: Mivan Spencer. Secondly,
has petitioned for a change of Officers/Directors. Lastly, has petitioned for a change of Stock Interest.

Granted"
BLB-2024-10-17-OWN-p8-i16,2024-10-17,LB99212,explicit_alcohol,ownership_application_disposition,"Ruth’s Chris Steak House Boston, LLC",Ruth’s Chris Steak House,"[""ownership_interest_change"", ""stock_interest_change""]",granted,True,"Ruth’s Chris Steak House Boston, LLC",named_licensee_or_licensed_business; indirect_ownership_level_not_further_specified,[],[],,,False,https://www.boston.gov/sites/default/files/file/2024/10/Voting%20Minutes%2010-15-24.docx.pdf,8,8,16,Granted,"[""No owner/shareholder names or ownership percentages are stated for the ownership action; officer and manager names in the item are not substituted."", ""Board approval alone does not establish a completed transaction, current capitalization, control, or private-equity sponsorship.""]","16. Ruth’s Chris Steak House Boston, LLC

      Doing business as: Ruth’s Chris Steak House
      45 School St, Boston, MA 02108
      License #: LB-99212
      Holder of a Common Victualler 7 Day All-Alcoholic Beverages License has petitioned for a change of
      Officers/Directors/LLC Managers. Secondly, has petitioned for a change of Ownership Interest. Lastly,
      has petitioned for a change of Stock Interest.
      Attorney: Joseph H. Devlin

       Granted"
BLB-2024-10-17-OWN-p19-i5,2024-10-17,LB100635,common_victualler_no_alcohol_stated,ownership_application_disposition,"Jade Naga, Inc.",Laughing Monk Cafe,"[""ownership_interest_change""]",granted,True,"Jade Naga, Inc.",named_licensee_or_licensed_business; indirect_ownership_level_not_further_specified,[],"[{""name"": ""Wiyada Chunlawat"", ""interest_percent"": null, ""role"": ""ownership_interest_holder"", ""source_quote"": ""Ownership Interest of the license business‑ To: Wiyada Chunlawat"", ""interest_quantity"": null, ""interest_unit"": null}]",,,False,https://www.boston.gov/sites/default/files/file/2024/10/Voting%20Minutes%2010-15-24.docx.pdf,19,19,5,Granted,"[""Ownership clause independently names Wiyada Chunlawat, but no percentage or prior owner is stated. The manager From/To clause is not used as ownership evidence."", ""Board approval alone does not establish a completed transaction, current capitalization, control, or private-equity sponsorship.""]","5. Jade Naga, Inc.

      Doing business as: Laughing Monk Cafe
      168 Brighton Ave., Allston, MA 02134
      License #: LB‑100635
      Holder of a Common Victualler License has petitioned to change the Manager of the licensed business
      From: Dome Nakapakorn To: Wiyada Chunlawat Secondly, has petitioned to change the Ownership
      Interest of the license business‑ To: Wiyada Chunlawat Lastly, has petitioned to change the Officer/
      director/ LLC Manager of the license business‑ To: Wiyada Chunlawat

       Granted"
BLB-2024-10-17-OWN-p19-i8,2024-10-17,LB160484,common_victualler_no_alcohol_stated,ownership_application_disposition,"Caffe Nero Americas, Ltd.",Caffe Nero,"[""licensed_business_ownership_change""]",granted,True,"Caffe Nero Americas, Ltd.",named_licensee_or_licensed_business; indirect_ownership_level_not_further_specified,[],[],"Caffe Nero Americas, Ltd","Caffe Nero Americas, Inc",False,https://www.boston.gov/sites/default/files/file/2024/10/Voting%20Minutes%2010-15-24.docx.pdf,19,19,8,Granted,"[""Source calls this ownership of the licensed business, naming Ltd and Inc entities. Names are retained separately as entity before/after, not treated as beneficial owners; legal conversion versus separate entity transfer is not established."", ""No owner/shareholder names or ownership percentages are stated for the ownership action; officer and manager names in the item are not substituted."", ""Board approval alone does not establish a completed transaction, current capitalization, control, or private-equity sponsorship.""]","8. Caffe Nero Americas, Ltd.

      Doing business as: Caffe Nero
      368 Congress St., Boston, MA 02210
      License #: LB‑160484
      Holder of a Common Victualler License has petitioned to change the Ownership of the Licensed
      Business From: Caffe Nero Americas, Ltd To: Caffe Nero Americas, Inc.
      Secondly, has petitioned to change the Manager of the licensed business From: Paul Angelo To: Lee
      Cepeda. Lastly, has petitioned to add Tim Sheehan as an Officer of the license business.

       Granted"
BLB-2024-10-31-OWN-p6-i7,2024-10-31,LB98983,explicit_alcohol,ownership_application_disposition,"Galway House, Inc.",The Galway House,"[""stock_interest_change""]",granted,True,"Galway House, Inc.",named_licensee_or_licensed_business; indirect_ownership_level_not_further_specified,[],[],,,False,https://www.boston.gov/sites/default/files/file/2024/11/Voting%20Minutes%2010-31-24.docx.pdf,6,6,7,Granted,"[""No owner/shareholder names or ownership percentages are stated for the ownership action; officer and manager names in the item are not substituted."", ""Board approval alone does not establish a completed transaction, current capitalization, control, or private-equity sponsorship.""]","7. Galway House, Inc.

      Doing business as: The Galway House
      710A-712 Centre St, Jamaica Plain, MA 02130
      License #: LB-98983
      Holder of a Common Victualler 7 Day All-Alcohol Beverages License has petitioned to change the
      manager of the licensed business - From: Edward Lanzillo To: Albi Gjura. Secondly, has petitioned for
      a change of Officers/Directors. Thirdly, has petitioned for a change of Stock Interest. Lastly, has
      petitioned to Pledge the License and Inventory to Rockland Trust Company.
      Attorney: John P. Connell

      Granted"
BLB-2024-10-31-OWN-p6-i8,2024-10-31,LB163968,explicit_alcohol,ownership_application_disposition,"RBSBW, INC.",Roche Bros. Supermarket,"[""ownership_interest_change"", ""stock_interest_change"", ""corporate_structure_change""]",granted,True,"RBSBW, INC.",named_licensee_or_licensed_business; indirect_ownership_level_not_further_specified,[],[],,,False,https://www.boston.gov/sites/default/files/file/2024/11/Voting%20Minutes%2010-31-24.docx.pdf,6,6,8,Granted,"[""Same meeting repeats each RBSBW/Roche Bros license in two items, with and without corporate structure change. Preserve source occurrences; not evidence of two distinct equity transactions. No owners, percentages, or resulting corporate form are supplied."", ""No owner/shareholder names or ownership percentages are stated for the ownership action; officer and manager names in the item are not substituted."", ""Board approval alone does not establish a completed transaction, current capitalization, control, or private-equity sponsorship.""]","8. RBSBW, INC.

      Doing business as: Roche Bros. Supermarket
      8 Summer St, Boston, MA 02110
      License #: LB-163968
      Holder of a Retail Package Store All-Alcoholic Beverages License has petitioned to change the
      Corporate Structure of the licensed business. Secondly, has petitioned for a change of Ownership
      Interest. Lastly, has petitioned for a change of Stock Interest.
      Attorney: Andrew F. Upton

      Granted"
BLB-2024-10-31-OWN-p6-i9,2024-10-31,LB163968,explicit_alcohol,ownership_application_disposition,"RBSBW, INC.",Roche Bros. Supermarket,"[""ownership_interest_change"", ""stock_interest_change""]",granted,True,"RBSBW, INC.",named_licensee_or_licensed_business; indirect_ownership_level_not_further_specified,[],[],,,False,https://www.boston.gov/sites/default/files/file/2024/11/Voting%20Minutes%2010-31-24.docx.pdf,6,6,9,Granted,"[""Same meeting repeats each RBSBW/Roche Bros license in two items, with and without corporate structure change. Preserve source occurrences; not evidence of two distinct equity transactions. No owners, percentages, or resulting corporate form are supplied."", ""No owner/shareholder names or ownership percentages are stated for the ownership action; officer and manager names in the item are not substituted."", ""Board approval alone does not establish a completed transaction, current capitalization, control, or private-equity sponsorship.""]","9. RBSBW, INC.

      Doing business as: Roche Bros. Supermarket
      8 Summer St, Boston, MA 02110
      License #: LB-163968
      Holder of a Retail Package Store All-Alcoholic Beverages License has petitioned for a change of
      Ownership Interest. Secondly, has petitioned for a change of Stock Interest.
      Attorney: Andrew F. Upton

       Granted"
BLB-2024-10-31-OWN-p7-i10,2024-10-31,LB173360,explicit_alcohol,ownership_application_disposition,"RBSBW, INC.",Roche Bros Supermarket,"[""ownership_interest_change"", ""stock_interest_change"", ""corporate_structure_change""]",granted,True,"RBSBW, INC.",named_licensee_or_licensed_business; indirect_ownership_level_not_further_specified,[],[],,,False,https://www.boston.gov/sites/default/files/file/2024/11/Voting%20Minutes%2010-31-24.docx.pdf,7,7,10,Granted,"[""Same meeting repeats each RBSBW/Roche Bros license in two items, with and without corporate structure change. Preserve source occurrences; not evidence of two distinct equity transactions. No owners, percentages, or resulting corporate form are supplied."", ""No owner/shareholder names or ownership percentages are stated for the ownership action; officer and manager names in the item are not substituted."", ""Board approval alone does not establish a completed transaction, current capitalization, control, or private-equity sponsorship.""]","10. RBSBW, INC.

Doing business as: Roche Bros Supermarket
1800 Centre St. West Roxbury, MA 02132
License #: LB-173360
Holder of a Retail Package Store Wines and Malt Beverages License has petitioned to change the
Corporate Structure of the licensed business. Secondly, has petitioned for a change of Ownership
Interest. Lastly, has petitioned for a change of Stock Interest.
Attorney: Andrew F. Upton

Granted"
BLB-2024-10-31-OWN-p7-i11,2024-10-31,LB173360,explicit_alcohol,ownership_application_disposition,"RBSBW, INC.",Roche Bros. Supermarket,"[""ownership_interest_change"", ""stock_interest_change""]",granted,True,"RBSBW, INC.",named_licensee_or_licensed_business; indirect_ownership_level_not_further_specified,[],[],,,False,https://www.boston.gov/sites/default/files/file/2024/11/Voting%20Minutes%2010-31-24.docx.pdf,7,7,11,Granted,"[""Same meeting repeats each RBSBW/Roche Bros license in two items, with and without corporate structure change. Preserve source occurrences; not evidence of two distinct equity transactions. No owners, percentages, or resulting corporate form are supplied."", ""No owner/shareholder names or ownership percentages are stated for the ownership action; officer and manager names in the item are not substituted."", ""Board approval alone does not establish a completed transaction, current capitalization, control, or private-equity sponsorship.""]","11. RBSBW, INC.

Doing business as: Roche Bros. Supermarket
1800 Centre St. West Roxbury, MA 02132
License #: LB-173360
Holder of a Retail Package Store Wines and Malt Beverages License has petitioned for a change of
Ownership Interest. Secondly, has petitioned for a change of Stock Interest.
Attorney: Andrew F. Upton

Granted"
BLB-2024-10-31-OWN-p14-i2,2024-10-31,LB100760,common_victualler_no_alcohol_stated,ownership_application_disposition,"1107 Dot. Ave, LLC",Lucky Cafe Restaurant,"[""ownership_interest_change""]",granted,True,"1107 Dot. Ave, LLC",named_licensee_or_licensed_business; indirect_ownership_level_not_further_specified,"[{""name"": ""Robert Eng"", ""interest_percent"": 60, ""role"": ""ownership_interest_holder"", ""source_quote"": ""ownership interest From: Robert Eng 60% shares & Paul Eng 40% shares To: Robert Eng 60% shares & Wu Hua Wu 40% shares."", ""interest_quantity"": null, ""interest_unit"": null}, {""name"": ""Paul Eng"", ""interest_percent"": 40, ""role"": ""ownership_interest_holder"", ""source_quote"": ""ownership interest From: Robert Eng 60% shares & Paul Eng 40% shares To: Robert Eng 60% shares & Wu Hua Wu 40% shares."", ""interest_quantity"": null, ""interest_unit"": null}]","[{""name"": ""Robert Eng"", ""interest_percent"": 60, ""role"": ""ownership_interest_holder"", ""source_quote"": ""ownership interest From: Robert Eng 60% shares & Paul Eng 40% shares To: Robert Eng 60% shares & Wu Hua Wu 40% shares."", ""interest_quantity"": null, ""interest_unit"": null}, {""name"": ""Wu Hua Wu"", ""interest_percent"": 40, ""role"": ""ownership_interest_holder"", ""source_quote"": ""ownership interest From: Robert Eng 60% shares & Paul Eng 40% shares To: Robert Eng 60% shares & Wu Hua Wu 40% shares."", ""interest_quantity"": null, ""interest_unit"": null}]",,,False,https://www.boston.gov/sites/default/files/file/2024/11/Voting%20Minutes%2010-31-24.docx.pdf,14,14,2,Granted,"[""Board approval alone does not establish a completed transaction, current capitalization, control, or private-equity sponsorship.""]","2. 1107 Dot. Ave, LLC

Doing business as: Lucky Cafe Restaurant
1107 Dorchester Ave., Dorchester, MA 02125
License #: LB‑100760
Holder of a Common Victualler License has petitioned to change the Officer/ Director/ LLC Manager
of the licensed business‑ From: Paul Eng To: Robert Eng & Wu Hua Wu.
Secondly, has petitioned to change ownership interest From: Robert Eng 60% shares & Paul Eng 40%
shares To: Robert Eng 60% shares & Wu Hua Wu 40% shares.

Granted"
BLB-2024-10-31-OWN-p15-i7,2024-10-31,LB429465,common_victualler_no_alcohol_stated,ownership_application_disposition,"Boston Pie, Inc.",Domino's Pizza,"[""ownership_interest_change""]",granted,True,"Boston Pie, Inc.",named_licensee_or_licensed_business; indirect_ownership_level_not_further_specified,"[{""name"": ""David Jenks"", ""interest_percent"": 75, ""role"": ""ownership_interest_holder"", ""source_quote"": ""Ownership interest of the licensed business From: David Jenks (75%) & Dominic Benvenuti (20%) & Shawn Brunelle (5%) To: David Jenks (51%) & Dominic Benvenuti (49%)"", ""interest_quantity"": null, ""interest_unit"": null}, {""name"": ""Dominic Benvenuti"", ""interest_percent"": 20, ""role"": ""ownership_interest_holder"", ""source_quote"": ""Ownership interest of the licensed business From: David Jenks (75%) & Dominic Benvenuti (20%) & Shawn Brunelle (5%) To: David Jenks (51%) & Dominic Benvenuti (49%)"", ""interest_quantity"": null, ""interest_unit"": null}, {""name"": ""Shawn Brunelle"", ""interest_percent"": 5, ""role"": ""ownership_interest_holder"", ""source_quote"": ""Ownership interest of the licensed business From: David Jenks (75%) & Dominic Benvenuti (20%) & Shawn Brunelle (5%) To: David Jenks (51%) & Dominic Benvenuti (49%)"", ""interest_quantity"": null, ""interest_unit"": null}]","[{""name"": ""David Jenks"", ""interest_percent"": 51, ""role"": ""ownership_interest_holder"", ""source_quote"": ""Ownership interest of the licensed business From: David Jenks (75%) & Dominic Benvenuti (20%) & Shawn Brunelle (5%) To: David Jenks (51%) & Dominic Benvenuti (49%)"", ""interest_quantity"": null, ""interest_unit"": null}, {""name"": ""Dominic Benvenuti"", ""interest_percent"": 49, ""role"": ""ownership_interest_holder"", ""source_quote"": ""Ownership interest of the licensed business From: David Jenks (75%) & Dominic Benvenuti (20%) & Shawn Brunelle (5%) To: David Jenks (51%) & Dominic Benvenuti (49%)"", ""interest_quantity"": null, ""interest_unit"": null}]",,,False,https://www.boston.gov/sites/default/files/file/2024/11/Voting%20Minutes%2010-31-24.docx.pdf,15,15,7,Granted,"[""Same named owners and before/after percentages recur for four Boston Pie licensed locations in this meeting. Preserve the four license-item occurrences, not four distinct underlying equity transactions."", ""Board approval alone does not establish a completed transaction, current capitalization, control, or private-equity sponsorship.""]","7. Boston Pie, Inc.

Doing business as: Domino's Pizza
506 ‑ 512A Park Dr., Boston, MA 02215
License #: LB‑429465
Holder of a Common Victualler License has petitioned to change the Ownership interest of the licensed
business From: David Jenks (75%) & Dominic Benvenuti (20%) & Shawn Brunelle (5%) To: David
Jenks (51%) & Dominic Benvenuti (49%)

Granted"
BLB-2024-10-31-OWN-p16-i8,2024-10-31,LB386471,common_victualler_no_alcohol_stated,ownership_application_disposition,"Boston Pie, Inc.",Domino's,"[""ownership_interest_change""]",granted,True,"Boston Pie, Inc.",named_licensee_or_licensed_business; indirect_ownership_level_not_further_specified,"[{""name"": ""David Jenks"", ""interest_percent"": 75, ""role"": ""ownership_interest_holder"", ""source_quote"": ""Ownership interest of the licensed business‑ From: David Jenks (75%) & Dominic Benvenuti (20%) & Shawn Brunelle (5%) To: David Jenks (51%) & Dominic Benvenuti (49%)"", ""interest_quantity"": null, ""interest_unit"": null}, {""name"": ""Dominic Benvenuti"", ""interest_percent"": 20, ""role"": ""ownership_interest_holder"", ""source_quote"": ""Ownership interest of the licensed business‑ From: David Jenks (75%) & Dominic Benvenuti (20%) & Shawn Brunelle (5%) To: David Jenks (51%) & Dominic Benvenuti (49%)"", ""interest_quantity"": null, ""interest_unit"": null}, {""name"": ""Shawn Brunelle"", ""interest_percent"": 5, ""role"": ""ownership_interest_holder"", ""source_quote"": ""Ownership interest of the licensed business‑ From: David Jenks (75%) & Dominic Benvenuti (20%) & Shawn Brunelle (5%) To: David Jenks (51%) & Dominic Benvenuti (49%)"", ""interest_quantity"": null, ""interest_unit"": null}]","[{""name"": ""David Jenks"", ""interest_percent"": 51, ""role"": ""ownership_interest_holder"", ""source_quote"": ""Ownership interest of the licensed business‑ From: David Jenks (75%) & Dominic Benvenuti (20%) & Shawn Brunelle (5%) To: David Jenks (51%) & Dominic Benvenuti (49%)"", ""interest_quantity"": null, ""interest_unit"": null}, {""name"": ""Dominic Benvenuti"", ""interest_percent"": 49, ""role"": ""ownership_interest_holder"", ""source_quote"": ""Ownership interest of the licensed business‑ From: David Jenks (75%) & Dominic Benvenuti (20%) & Shawn Brunelle (5%) To: David Jenks (51%) & Dominic Benvenuti (49%)"", ""interest_quantity"": null, ""interest_unit"": null}]",,,False,https://www.boston.gov/sites/default/files/file/2024/11/Voting%20Minutes%2010-31-24.docx.pdf,16,16,8,Granted,"[""Same named owners and before/after percentages recur for four Boston Pie licensed locations in this meeting. Preserve the four license-item occurrences, not four distinct underlying equity transactions."", ""Board approval alone does not establish a completed transaction, current capitalization, control, or private-equity sponsorship.""]","8. Boston Pie, Inc.

Doing business as: Domino's
414 ‑ 416 Cambridge St., Allston, MA 02134
License #: LB‑386471
Holder of a Common Victualler License has petitioned to change the Ownership interest of the licensed
business‑ From: David Jenks (75%) & Dominic Benvenuti (20%) & Shawn Brunelle (5%) To: David
Jenks (51%) & Dominic Benvenuti (49%)
Secondly, has petitioned to change the Manager of the license business‑ From: Scott Gaspar To: Ebru
Akkus

Granted"
BLB-2024-10-31-OWN-p16-i9,2024-10-31,LB100654,common_victualler_no_alcohol_stated,ownership_application_disposition,"Boston Pie, Inc.",Domino's Pizza,"[""ownership_interest_change""]",granted,True,"Boston Pie, Inc.",named_licensee_or_licensed_business; indirect_ownership_level_not_further_specified,"[{""name"": ""David Jenks"", ""interest_percent"": 75, ""role"": ""ownership_interest_holder"", ""source_quote"": ""Ownership interest of the licensed business‑ From: David Jenks (75%) & Dominic Benvenuti (20%) & Shawn Brunelle (5%) To: David Jenks (51%) & Dominic Benvenuti (49%)"", ""interest_quantity"": null, ""interest_unit"": null}, {""name"": ""Dominic Benvenuti"", ""interest_percent"": 20, ""role"": ""ownership_interest_holder"", ""source_quote"": ""Ownership interest of the licensed business‑ From: David Jenks (75%) & Dominic Benvenuti (20%) & Shawn Brunelle (5%) To: David Jenks (51%) & Dominic Benvenuti (49%)"", ""interest_quantity"": null, ""interest_unit"": null}, {""name"": ""Shawn Brunelle"", ""interest_percent"": 5, ""role"": ""ownership_interest_holder"", ""source_quote"": ""Ownership interest of the licensed business‑ From: David Jenks (75%) & Dominic Benvenuti (20%) & Shawn Brunelle (5%) To: David Jenks (51%) & Dominic Benvenuti (49%)"", ""interest_quantity"": null, ""interest_unit"": null}]","[{""name"": ""David Jenks"", ""interest_percent"": 51, ""role"": ""ownership_interest_holder"", ""source_quote"": ""Ownership interest of the licensed business‑ From: David Jenks (75%) & Dominic Benvenuti (20%) & Shawn Brunelle (5%) To: David Jenks (51%) & Dominic Benvenuti (49%)"", ""interest_quantity"": null, ""interest_unit"": null}, {""name"": ""Dominic Benvenuti"", ""interest_percent"": 49, ""role"": ""ownership_interest_holder"", ""source_quote"": ""Ownership interest of the licensed business‑ From: David Jenks (75%) & Dominic Benvenuti (20%) & Shawn Brunelle (5%) To: David Jenks (51%) & Dominic Benvenuti (49%)"", ""interest_quantity"": null, ""interest_unit"": null}]",,,False,https://www.boston.gov/sites/default/files/file/2024/11/Voting%20Minutes%2010-31-24.docx.pdf,16,16,9,Granted,"[""Same named owners and before/after percentages recur for four Boston Pie licensed locations in this meeting. Preserve the four license-item occurrences, not four distinct underlying equity transactions."", ""Board approval alone does not establish a completed transaction, current capitalization, control, or private-equity sponsorship.""]","9. Boston Pie, Inc.

Doing business as: Domino's Pizza
1400 Tremont St., Mission Hill, MA 02120
License #: LB‑100654
Holder of a Common Victualler License has petitioned to change the Ownership interest of the licensed
business‑ From: David Jenks (75%) & Dominic Benvenuti (20%) & Shawn Brunelle (5%) To: David
Jenks (51%) & Dominic Benvenuti (49%)
Secondly, has petitioned to change the Manager of the license business‑ From: Anselmo Carrera To:
Anselmo Vidal Lizardo

Granted"
BLB-2024-10-31-OWN-p16-i10,2024-10-31,LB100165,common_victualler_no_alcohol_stated,ownership_application_disposition,"Boston Pie, Inc.",Domino's Pizza,"[""ownership_interest_change""]",granted,True,"Boston Pie, Inc.",named_licensee_or_licensed_business; indirect_ownership_level_not_further_specified,"[{""name"": ""David Jenks"", ""interest_percent"": 75, ""role"": ""ownership_interest_holder"", ""source_quote"": ""Ownership interest of the licensed business‑ From: David Jenks (75%) & Dominic Benvenuti (20%) & Shawn Brunelle (5%) To: David Jenks (51%) & Dominic Benvenuti (49%)"", ""interest_quantity"": null, ""interest_unit"": null}, {""name"": ""Dominic Benvenuti"", ""interest_percent"": 20, ""role"": ""ownership_interest_holder"", ""source_quote"": ""Ownership interest of the licensed business‑ From: David Jenks (75%) & Dominic Benvenuti (20%) & Shawn Brunelle (5%) To: David Jenks (51%) & Dominic Benvenuti (49%)"", ""interest_quantity"": null, ""interest_unit"": null}, {""name"": ""Shawn Brunelle"", ""interest_percent"": 5, ""role"": ""ownership_interest_holder"", ""source_quote"": ""Ownership interest of the licensed business‑ From: David Jenks (75%) & Dominic Benvenuti (20%) & Shawn Brunelle (5%) To: David Jenks (51%) & Dominic Benvenuti (49%)"", ""interest_quantity"": null, ""interest_unit"": null}]","[{""name"": ""David Jenks"", ""interest_percent"": 51, ""role"": ""ownership_interest_holder"", ""source_quote"": ""Ownership interest of the licensed business‑ From: David Jenks (75%) & Dominic Benvenuti (20%) & Shawn Brunelle (5%) To: David Jenks (51%) & Dominic Benvenuti (49%)"", ""interest_quantity"": null, ""interest_unit"": null}, {""name"": ""Dominic Benvenuti"", ""interest_percent"": 49, ""role"": ""ownership_interest_holder"", ""source_quote"": ""Ownership interest of the licensed business‑ From: David Jenks (75%) & Dominic Benvenuti (20%) & Shawn Brunelle (5%) To: David Jenks (51%) & Dominic Benvenuti (49%)"", ""interest_quantity"": null, ""interest_unit"": null}]",,,False,https://www.boston.gov/sites/default/files/file/2024/11/Voting%20Minutes%2010-31-24.docx.pdf,16,16,10,Granted,"[""Same named owners and before/after percentages recur for four Boston Pie licensed locations in this meeting. Preserve the four license-item occurrences, not four distinct underlying equity transactions."", ""Board approval alone does not establish a completed transaction, current capitalization, control, or private-equity sponsorship.""]","10. Boston Pie, Inc.

Doing business as: Domino's Pizza
64 Staniford St., Boston, MA 02114
License #: LB‑100165
Holder of a Common Victualler License has petitioned to change the Ownership interest of the licensed
business‑ From: David Jenks (75%) & Dominic Benvenuti (20%) & Shawn Brunelle (5%) To: David
Jenks (51%) & Dominic Benvenuti (49%)
Secondly, has petitioned to change the Manager of the license business‑ From: Ibrahim Donderici To:
Rumeysa Karaarisan

Granted"
BLB-2024-10-31-OWN-p17-i11,2024-10-31,LB100912,common_victualler_no_alcohol_stated,ownership_application_disposition,Peng Xiao Xian Restaurant LLC,Boston Soup Dumplings,"[""ownership_interest_change""]",granted,True,Peng Xiao Xian Restaurant LLC,named_licensee_or_licensed_business; indirect_ownership_level_not_further_specified,"[{""name"": ""Xiaoheng Peng"", ""interest_percent"": 50, ""role"": ""ownership_interest_holder"", ""source_quote"": ""Ownership Interest of the licensed business From: Xiaoheng Peng (50%) shares & Xiaoqo Peng (50%) shares To: Xiaoheng Peng (100%) share."", ""interest_quantity"": null, ""interest_unit"": null}, {""name"": ""Xiaoqo Peng"", ""interest_percent"": 50, ""role"": ""ownership_interest_holder"", ""source_quote"": ""Ownership Interest of the licensed business From: Xiaoheng Peng (50%) shares & Xiaoqo Peng (50%) shares To: Xiaoheng Peng (100%) share."", ""interest_quantity"": null, ""interest_unit"": null}]","[{""name"": ""Xiaoheng Peng"", ""interest_percent"": 100, ""role"": ""ownership_interest_holder"", ""source_quote"": ""Ownership Interest of the licensed business From: Xiaoheng Peng (50%) shares & Xiaoqo Peng (50%) shares To: Xiaoheng Peng (100%) share."", ""interest_quantity"": null, ""interest_unit"": null}]",,,False,https://www.boston.gov/sites/default/files/file/2024/11/Voting%20Minutes%2010-31-24.docx.pdf,17,17,11,Granted,"[""Board approval alone does not establish a completed transaction, current capitalization, control, or private-equity sponsorship.""]","11. Peng Xiao Xian Restaurant LLC

Doing business as: Boston Soup Dumplings
113 Brighton Ave., Allston, MA 02134
License #: LB‑100912
Holder of a Common Victualler License has petitioned to change the Ownership Interest of the licensed
business From: Xiaoheng Peng (50%) shares & Xiaoqo Peng (50%) shares To: Xiaoheng Peng (100%)
share. Secondly, has petitioned to change the corporate name of the license business‑ From: Peng Xiao
Xian Restaurant LLC To: Pxx Innovation LLC Lastly, has petitioned to change the opening hours of the
license business‑ From: 11:30 AM To: 10:30 AM

Granted"
BLB-2024-10-31-OWN-p17-i12,2024-10-31,LB128286,common_victualler_no_alcohol_stated,ownership_application_disposition,"West Garden, Inc.",West Garden,"[""ownership_interest_change""]",granted,True,"West Garden, Inc.",named_licensee_or_licensed_business; indirect_ownership_level_not_further_specified,"[{""name"": ""Jian Hong Huang"", ""interest_percent"": 50, ""role"": ""ownership_interest_holder"", ""source_quote"": ""ownership interest From: Jian Hong Huang 50% shares & Ren Quan Chen 50% shares To: Jian Hong Huang 100% shares"", ""interest_quantity"": null, ""interest_unit"": null}, {""name"": ""Ren Quan Chen"", ""interest_percent"": 50, ""role"": ""ownership_interest_holder"", ""source_quote"": ""ownership interest From: Jian Hong Huang 50% shares & Ren Quan Chen 50% shares To: Jian Hong Huang 100% shares"", ""interest_quantity"": null, ""interest_unit"": null}]","[{""name"": ""Jian Hong Huang"", ""interest_percent"": 100, ""role"": ""ownership_interest_holder"", ""source_quote"": ""ownership interest From: Jian Hong Huang 50% shares & Ren Quan Chen 50% shares To: Jian Hong Huang 100% shares"", ""interest_quantity"": null, ""interest_unit"": null}]",,,False,https://www.boston.gov/sites/default/files/file/2024/11/Voting%20Minutes%2010-31-24.docx.pdf,17,17,12,Granted,"[""Board approval alone does not establish a completed transaction, current capitalization, control, or private-equity sponsorship.""]","12. West Garden, Inc.

Doing business as: West Garden
1890 Centre St., West Roxbury, MA 02132
License #: LB‑128286
Holder of a Common Victualler License has petitioned to change the Manager of the licensed business‑
From: Ren Quan Chen To: Jian Hong Huang. Secondly, has petitioned to change ownership interest
From: Jian Hong Huang 50% shares & Ren Quan Chen 50% shares To: Jian Hong Huang 100% shares

Granted"
BLB-2024-11-21-OWN-p2-i5,2024-11-21,LB431061,explicit_alcohol,ownership_application_disposition,"Night Shift Lovejoy, LLC",Night Shift Brewing,"[""stock_interest_change""]",granted,True,"Night Shift Lovejoy, LLC",named_licensee_or_licensed_business; indirect_ownership_level_not_further_specified,[],[],,,False,https://www.boston.gov/sites/default/files/file/2024/11/Voting%20Minutes%2011-21-24.docx_0.pdf,2,2,5,Granted,"[""Source repeats LB-431061 for four separate 19C/19B/19E/19H pouring-license items. Preserve all source occurrences and their stated IDs/types; not four distinct equity transactions. Manager change does not establish personal shareholding."", ""No owner/shareholder names or ownership percentages are stated for the ownership action; officer and manager names in the item are not substituted."", ""Board approval alone does not establish a completed transaction, current capitalization, control, or private-equity sponsorship.""]","5. Night Shift Lovejoy, LLC

Doing business as: Night Shift Brewing
1 Lovejoy Wharf, Boston, MA 02114
License #: LB-431061
Holder of a 19C Farmer Brewery Pouring License has petitioned to change the manager of the licensed
business - From: Michael O’Mara To: Jack Hendler. Secondly, has petitioned for a Change of
Officers/Directors. Lastly, has petitioned for a change in Stock Interest.
Attorney: John P. Connell

Granted"
BLB-2024-11-21-OWN-p2-i6,2024-11-21,LB431061,explicit_alcohol,ownership_application_disposition,"Night Shift Lovejoy, LLC",Night Shift Brewing,"[""stock_interest_change""]",granted,True,"Night Shift Lovejoy, LLC",named_licensee_or_licensed_business; indirect_ownership_level_not_further_specified,[],[],,,False,https://www.boston.gov/sites/default/files/file/2024/11/Voting%20Minutes%2011-21-24.docx_0.pdf,2,2,6,Granted,"[""Source repeats LB-431061 for four separate 19C/19B/19E/19H pouring-license items. Preserve all source occurrences and their stated IDs/types; not four distinct equity transactions. Manager change does not establish personal shareholding."", ""No owner/shareholder names or ownership percentages are stated for the ownership action; officer and manager names in the item are not substituted."", ""Board approval alone does not establish a completed transaction, current capitalization, control, or private-equity sponsorship.""]","6. Night Shift Lovejoy, LLC

Doing business as: Night Shift Brewing
1 Lovejoy Wharf, Boston, MA 02114
License #: LB-431061
Holder of a 19B Farmer Winery Pouring License has petitioned to change the manager of the licensed
business - From: Michael O’Mara To: Jack Hendler. Secondly, has petitioned for a Change of
Officers/Directors. Lastly, has petitioned for a change in Stock Interest.
Attorney: John P. Connell

Granted"
BLB-2024-11-21-OWN-p2-i7,2024-11-21,LB431061,explicit_alcohol,ownership_application_disposition,"Night Shift Lovejoy, LLC",Night Shift Brewing,"[""stock_interest_change""]",granted,True,"Night Shift Lovejoy, LLC",named_licensee_or_licensed_business; indirect_ownership_level_not_further_specified,[],[],,,False,https://www.boston.gov/sites/default/files/file/2024/11/Voting%20Minutes%2011-21-24.docx_0.pdf,2,2,7,Granted,"[""Source repeats LB-431061 for four separate 19C/19B/19E/19H pouring-license items. Preserve all source occurrences and their stated IDs/types; not four distinct equity transactions. Manager change does not establish personal shareholding."", ""No owner/shareholder names or ownership percentages are stated for the ownership action; officer and manager names in the item are not substituted."", ""Board approval alone does not establish a completed transaction, current capitalization, control, or private-equity sponsorship.""]","7. Night Shift Lovejoy, LLC

Doing business as: Night Shift Brewing
1 Lovejoy Wharf, Boston, MA 02114
License #: LB-431061
Holder of a 19E Farmer Distillery Pouring License has petitioned to change the manager of the licensed
business - From: Michael O’Mara To: Jack Hendler. Secondly, has petitioned for a Change of
Officers/Directors. Lastly, has petitioned for a change in Stock Interest.
Attorney: John P. Connell

Granted"
BLB-2024-11-21-OWN-p3-i8,2024-11-21,LB431061,explicit_alcohol,ownership_application_disposition,"Night Shift Lovejoy, LLC",Night Shift Brewing,"[""stock_interest_change""]",granted,True,"Night Shift Lovejoy, LLC",named_licensee_or_licensed_business; indirect_ownership_level_not_further_specified,[],[],,,False,https://www.boston.gov/sites/default/files/file/2024/11/Voting%20Minutes%2011-21-24.docx_0.pdf,3,3,8,Granted,"[""Source repeats LB-431061 for four separate 19C/19B/19E/19H pouring-license items. Preserve all source occurrences and their stated IDs/types; not four distinct equity transactions. Manager change does not establish personal shareholding."", ""No owner/shareholder names or ownership percentages are stated for the ownership action; officer and manager names in the item are not substituted."", ""Board approval alone does not establish a completed transaction, current capitalization, control, or private-equity sponsorship.""]","8. Night Shift Lovejoy, LLC

Doing business as: Night Shift Brewing
1 Lovejoy Wharf, Boston, MA 02114
License #: LB-431061
Holder of a 19H (Wines, Malts, Distillery) Combined Pouring License has petitioned to change the
manager of the licensed business - From: Michael O’Mara To: Jack Hendler. Secondly, has petitioned
for a Change of Officers/Directors. Lastly, has petitioned for a change in Stock Interest.
Attorney: John P. Connell

Granted"
BLB-2024-11-21-OWN-p3-i9,2024-11-21,LB99755,explicit_alcohol,ownership_application_disposition,"M&K Restaurant Group, LLC",Blasi Cafe,"[""ownership_interest_change""]",granted,True,"M&K Restaurant Group, LLC",named_licensee_or_licensed_business; indirect_ownership_level_not_further_specified,[],[],,,False,https://www.boston.gov/sites/default/files/file/2024/11/Voting%20Minutes%2011-21-24.docx_0.pdf,3,3,9,Granted,"[""No owner/shareholder names or ownership percentages are stated for the ownership action; officer and manager names in the item are not substituted."", ""Board approval alone does not establish a completed transaction, current capitalization, control, or private-equity sponsorship.""]","9. M&K Restaurant Group, LLC

Doing business as: Blasi Cafe
762 Adams St, Dorchester, MA 02122
License #: LB-99755
Holder of a Common Victualler 7 Day Wines and Malt Beverages with Liqueurs License has petitioned
to change the manager of the licensed business - From: Kenneth P. Blasi To: Maria S. Blasi. Secondly,
has petitioned for a Change of Officers/Directors/LLC Managers. Lastly, has petitioned for a change of
Ownership Interest.
Attorney: Ryan Spitz

Granted"
BLB-2024-12-12-OWN-p7-i15,2024-12-12,LB99274,explicit_alcohol,ownership_application_disposition,"GRNA GRB of MA, LLC",Gordon Ramsay Burger,"[""ownership_interest_change"", ""stock_interest_change""]",granted,True,"GRNA GRB of MA, LLC",named_licensee_or_licensed_business; indirect_ownership_level_not_further_specified,[],[],,,False,https://www.boston.gov/sites/default/files/file/2024/12/Voting%20Minutes%2012-12-24.docx.pdf,7,7,15,Granted,"[""No owner/shareholder names or ownership percentages are stated for the ownership action; officer and manager names in the item are not substituted."", ""Board approval alone does not establish a completed transaction, current capitalization, control, or private-equity sponsorship.""]","15. GRNA GRB of MA, LLC

Doing business as: Gordon Ramsay Burger
120 John F. Fitzgerald Surface Rd, Boston, MA 02109
License #: LB-99274
Holder of a Common Victualler 7 Day All-Alcoholic Beverages License has petitioned to change the manager
of the licensed business - From: Michael Grigioni To: Alondra Rivera. Secondly, has petitioned for a change of
Officers/Directors/LLC Managers. Thirdly, has petitioned for a change of Ownership Interest. Lastly, has
petitioned for a change of Stock Interest.
Attorney: Eugene R. Richard

Granted"
BLB-2024-12-12-OWN-p7-i16,2024-12-12,LB99223,explicit_alcohol,ownership_application_disposition,"GRNA RK of MA, LLC",Ramsay's Kitchen,"[""ownership_interest_change"", ""stock_interest_change""]",granted,True,"GRNA RK of MA, LLC",named_licensee_or_licensed_business; indirect_ownership_level_not_further_specified,[],[],,,False,https://www.boston.gov/sites/default/files/file/2024/12/Voting%20Minutes%2012-12-24.docx.pdf,7,7,16,Granted,"[""No owner/shareholder names or ownership percentages are stated for the ownership action; officer and manager names in the item are not substituted."", ""Board approval alone does not establish a completed transaction, current capitalization, control, or private-equity sponsorship.""]","16. GRNA RK of MA, LLC

Doing business as: Ramsay's Kitchen
776 Boylston St, Boston, MA 02199
License #: LB-99223
Holder of a Common Victualler 7 Day All-Alcoholic Beverages License has petitioned to change the manager
of the licensed business - From: Charles Hunter To: Adam Christian. Secondly, has petitioned for a change of
Officers/Directors/LLC Managers. Thirdly, has petitioned for a change of Ownership Interest. Lastly, has
petitioned for a change of Stock Interest.
Attorney: Eugene R. Richard

Granted"
BLB-2024-12-12-OWN-p7-i17,2024-12-12,LB98917,explicit_alcohol,ownership_application_disposition,"Fogo De Chao Churrascaria (Boston), LLC",Fogo De Chao Churrascaria,"[""ownership_interest_change"", ""stock_interest_change""]",granted,True,"Fogo De Chao Churrascaria (Boston), LLC",named_licensee_or_licensed_business; indirect_ownership_level_not_further_specified,[],[],,,False,https://www.boston.gov/sites/default/files/file/2024/12/Voting%20Minutes%2012-12-24.docx.pdf,7,7,17,Granted,"[""No owner/shareholder names or ownership percentages are stated for the ownership action; officer and manager names in the item are not substituted."", ""Board approval alone does not establish a completed transaction, current capitalization, control, or private-equity sponsorship.""]","17. Fogo De Chao Churrascaria (Boston), LLC

Doing business as: Fogo De Chao Churrascaria
200 Dartmouth St, Boston, MA 02116
License #: LB-98917
Holder of a Common Victualler 7 Day All-Alcoholic Beverages License has petitioned to change the manager
of the licensed business - From: Shayenne DeAssis To: Maria Martins Mendes. Secondly, has petitioned for a
change of Ownership Interest. Lastly, has petitioned for a change of Stock Interest.
Attorney: Eugene R. Richard

Granted"
BLB-2024-12-12-OWN-p8-i18,2024-12-12,LB139226,explicit_alcohol,ownership_application_disposition,"Arjun, Inc.",Vine & Barley,"[""stock_interest_change""]",granted,True,"Arjun, Inc.",named_licensee_or_licensed_business; indirect_ownership_level_not_further_specified,[],[],,,False,https://www.boston.gov/sites/default/files/file/2024/12/Voting%20Minutes%2012-12-24.docx.pdf,8,8,18,Granted,"[""No owner/shareholder names or ownership percentages are stated for the ownership action; officer and manager names in the item are not substituted."", ""Board approval alone does not establish a completed transaction, current capitalization, control, or private-equity sponsorship.""]","18. Arjun, Inc.

Doing business as: Vine & Barley
326 Sumner St, East Boston, MA 02128
License #: LB-139226
Holder of a Retail Package Store All-Alcoholic Beverages License has petitioned for a change of
Officers/Directors. Secondly, has petitioned for a change of Stock Interest.

Granted"
BLB-2025-01-09-OI-038,2025-01-09,LB171735,common_victualler_no_alcohol_stated,ownership_application_disposition,"Clover Fast Food, Inc.",Clover Food Lab,"[""ownership_interest_change""]",granted,True,"Clover Fast Food, Inc.",licensee,"[{""name"": ""Ayr Muir"", ""interest_percent"": 100, ""role"": ""CEO"", ""source_quote"": ""change the Ownership interest of the licensed business‑ From: Ayr Muir (CEO) 100% shares To: Clover Fast Food, Inc 100% shares"", ""interest_quantity"": null, ""interest_unit"": null}]","[{""name"": ""Clover Fast Food, Inc"", ""interest_percent"": 100, ""role"": null, ""source_quote"": ""change the Ownership interest of the licensed business‑ From: Ayr Muir (CEO) 100% shares To: Clover Fast Food, Inc 100% shares"", ""interest_quantity"": null, ""interest_unit"": null}]",,,False,https://www.boston.gov/sites/default/files/file/2025/01/Voting%20Minutes%201-9-25.docx_0.pdf,12,12,6,Granted,"[""Only parties and interests stated in the ownership clause are listed; this is not assumed to be a complete capitalization table."", ""Source names Clover Fast Food, Inc itself as 100% holder; preserved as stated without resolving apparent self-ownership wording.""]","6. Clover Fast Food, Inc.

Doing business as: Clover Food Lab
160 Federal St., Boston, MA 02110
License #: LB‑171735
Holder of a Common Victualler License has petitioned to change the Officer/ Director/ LLC Manager
of the licensed business‑ From: Ayr Muir (CEO) To: Julia Wrin (CEO)
Secondly, has petitioned to change the Ownership interest of the licensed business‑ From: Ayr Muir
(CEO) 100% shares To: Clover Fast Food, Inc 100% shares
Lastly, has petitioned to change the Manager of the license business‑ From: Julia Bremner & Robert
Christensen To: Ana Losada

Granted
___________________________________________________________________________________"
BLB-2025-01-16-OI-013,2025-01-16,LB202196,explicit_alcohol,ownership_application_disposition,"Bennington1004, LLC",Renegades Pub,"[""ownership_interest_change""]",granted,True,"Bennington1004, LLC",licensee,[],[],,,False,https://www.boston.gov/sites/default/files/file/2025/01/Voting%20Minutes%201-16-25.docx.pdf,4,5,5,Granted,"[""Source does not identify before/after equity holders or percentages; manager/officer names are not treated as owners.""]","5. Bennington1004, LLC

Doing business as: Renegades Pub
1004 Bennington St, East Boston, MA 02128
License #: LB-202196
Holder of a (Restricted) Common Victualler 7 Day All-Alcoholic Beverages License has petitioned for
a change of Ownership Interest.
Attorney: Kristen L. Scanlon

Granted

THE BOARD WILL DEFER DELIBERATION ON ALL NEW ALCOHOLIC BEVERAGES
LICENSE APPLICATIONS UNTIL ALL APPLICATIONS RECEIVED BY DECEMBER 6
HAVE BEEN HEARD
___________________________________________________________________________________"
BLB-2025-01-16-OI-023,2025-01-16,LB570847,common_victualler_no_alcohol_stated,ownership_application_disposition,"Virtual Fulfillment Center, LLC",Virtual Food Court (VFC),"[""ownership_interest_change""]",granted,True,"Virtual Fulfillment Center, LLC",licensee,"[{""name"": ""Ahmed Kasem"", ""interest_percent"": 20, ""role"": ""Manager"", ""source_quote"": ""change ownership interest From: Ahmed Kasem ‑ Manager ‑ 20% Shares / Dany Abouelkhier ‑ Manager ‑ 20% Shares / Mohamed Kassem ‑ Manager ‑ 20% Shares / Mohammed Ali ‑ Manager ‑ 20% Shares / Omar Neamatalla ‑ Manager ‑ 20% Shares To: Ahmed Kasem ‑ Manager ‑ 25% Shares / Mohamed Kassem ‑ Manager ‑ 25% Shares / Mohammed Ali ‑ Manager ‑ 25% Shares / Omar Neamatalla ‑ Manager ‑ 25% Shares"", ""interest_quantity"": null, ""interest_unit"": null}, {""name"": ""Dany Abouelkhier"", ""interest_percent"": 20, ""role"": ""Manager"", ""source_quote"": ""change ownership interest From: Ahmed Kasem ‑ Manager ‑ 20% Shares / Dany Abouelkhier ‑ Manager ‑ 20% Shares / Mohamed Kassem ‑ Manager ‑ 20% Shares / Mohammed Ali ‑ Manager ‑ 20% Shares / Omar Neamatalla ‑ Manager ‑ 20% Shares To: Ahmed Kasem ‑ Manager ‑ 25% Shares / Mohamed Kassem ‑ Manager ‑ 25% Shares / Mohammed Ali ‑ Manager ‑ 25% Shares / Omar Neamatalla ‑ Manager ‑ 25% Shares"", ""interest_quantity"": null, ""interest_unit"": null}, {""name"": ""Mohamed Kassem"", ""interest_percent"": 20, ""role"": ""Manager"", ""source_quote"": ""change ownership interest From: Ahmed Kasem ‑ Manager ‑ 20% Shares / Dany Abouelkhier ‑ Manager ‑ 20% Shares / Mohamed Kassem ‑ Manager ‑ 20% Shares / Mohammed Ali ‑ Manager ‑ 20% Shares / Omar Neamatalla ‑ Manager ‑ 20% Shares To: Ahmed Kasem ‑ Manager ‑ 25% Shares / Mohamed Kassem ‑ Manager ‑ 25% Shares / Mohammed Ali ‑ Manager ‑ 25% Shares / Omar Neamatalla ‑ Manager ‑ 25% Shares"", ""interest_quantity"": null, ""interest_unit"": null}, {""name"": ""Mohammed Ali"", ""interest_percent"": 20, ""role"": ""Manager"", ""source_quote"": ""change ownership interest From: Ahmed Kasem ‑ Manager ‑ 20% Shares / Dany Abouelkhier ‑ Manager ‑ 20% Shares / Mohamed Kassem ‑ Manager ‑ 20% Shares / Mohammed Ali ‑ Manager ‑ 20% Shares / Omar Neamatalla ‑ Manager ‑ 20% Shares To: Ahmed Kasem ‑ Manager ‑ 25% Shares / Mohamed Kassem ‑ Manager ‑ 25% Shares / Mohammed Ali ‑ Manager ‑ 25% Shares / Omar Neamatalla ‑ Manager ‑ 25% Shares"", ""interest_quantity"": null, ""interest_unit"": null}, {""name"": ""Omar Neamatalla"", ""interest_percent"": 20, ""role"": ""Manager"", ""source_quote"": ""change ownership interest From: Ahmed Kasem ‑ Manager ‑ 20% Shares / Dany Abouelkhier ‑ Manager ‑ 20% Shares / Mohamed Kassem ‑ Manager ‑ 20% Shares / Mohammed Ali ‑ Manager ‑ 20% Shares / Omar Neamatalla ‑ Manager ‑ 20% Shares To: Ahmed Kasem ‑ Manager ‑ 25% Shares / Mohamed Kassem ‑ Manager ‑ 25% Shares / Mohammed Ali ‑ Manager ‑ 25% Shares / Omar Neamatalla ‑ Manager ‑ 25% Shares"", ""interest_quantity"": null, ""interest_unit"": null}]","[{""name"": ""Ahmed Kasem"", ""interest_percent"": 25, ""role"": ""Manager"", ""source_quote"": ""change ownership interest From: Ahmed Kasem ‑ Manager ‑ 20% Shares / Dany Abouelkhier ‑ Manager ‑ 20% Shares / Mohamed Kassem ‑ Manager ‑ 20% Shares / Mohammed Ali ‑ Manager ‑ 20% Shares / Omar Neamatalla ‑ Manager ‑ 20% Shares To: Ahmed Kasem ‑ Manager ‑ 25% Shares / Mohamed Kassem ‑ Manager ‑ 25% Shares / Mohammed Ali ‑ Manager ‑ 25% Shares / Omar Neamatalla ‑ Manager ‑ 25% Shares"", ""interest_quantity"": null, ""interest_unit"": null}, {""name"": ""Mohamed Kassem"", ""interest_percent"": 25, ""role"": ""Manager"", ""source_quote"": ""change ownership interest From: Ahmed Kasem ‑ Manager ‑ 20% Shares / Dany Abouelkhier ‑ Manager ‑ 20% Shares / Mohamed Kassem ‑ Manager ‑ 20% Shares / Mohammed Ali ‑ Manager ‑ 20% Shares / Omar Neamatalla ‑ Manager ‑ 20% Shares To: Ahmed Kasem ‑ Manager ‑ 25% Shares / Mohamed Kassem ‑ Manager ‑ 25% Shares / Mohammed Ali ‑ Manager ‑ 25% Shares / Omar Neamatalla ‑ Manager ‑ 25% Shares"", ""interest_quantity"": null, ""interest_unit"": null}, {""name"": ""Mohammed Ali"", ""interest_percent"": 25, ""role"": ""Manager"", ""source_quote"": ""change ownership interest From: Ahmed Kasem ‑ Manager ‑ 20% Shares / Dany Abouelkhier ‑ Manager ‑ 20% Shares / Mohamed Kassem ‑ Manager ‑ 20% Shares / Mohammed Ali ‑ Manager ‑ 20% Shares / Omar Neamatalla ‑ Manager ‑ 20% Shares To: Ahmed Kasem ‑ Manager ‑ 25% Shares / Mohamed Kassem ‑ Manager ‑ 25% Shares / Mohammed Ali ‑ Manager ‑ 25% Shares / Omar Neamatalla ‑ Manager ‑ 25% Shares"", ""interest_quantity"": null, ""interest_unit"": null}, {""name"": ""Omar Neamatalla"", ""interest_percent"": 25, ""role"": ""Manager"", ""source_quote"": ""change ownership interest From: Ahmed Kasem ‑ Manager ‑ 20% Shares / Dany Abouelkhier ‑ Manager ‑ 20% Shares / Mohamed Kassem ‑ Manager ‑ 20% Shares / Mohammed Ali ‑ Manager ‑ 20% Shares / Omar Neamatalla ‑ Manager ‑ 20% Shares To: Ahmed Kasem ‑ Manager ‑ 25% Shares / Mohamed Kassem ‑ Manager ‑ 25% Shares / Mohammed Ali ‑ Manager ‑ 25% Shares / Omar Neamatalla ‑ Manager ‑ 25% Shares"", ""interest_quantity"": null, ""interest_unit"": null}]",,,False,https://www.boston.gov/sites/default/files/file/2025/01/Voting%20Minutes%201-16-25.docx.pdf,8,8,2,Granted,"[""Only parties and interests stated in the ownership clause are listed; this is not assumed to be a complete capitalization table.""]","2. Virtual Fulfillment Center, LLC

Doing business as: Virtual Food Court (VFC)
313 Old Colony Av., South Boston, MA 02127
License #: LB‑570847
Holder of a Common Victualler License has petitioned to change the DBA of the licensed business
From: Virtual Food Court (VFC) To: VFCeats
Secondly, has petitioned to change ownership interest From: Ahmed Kasem ‑ Manager ‑ 20%
Shares / Dany Abouelkhier ‑ Manager ‑ 20% Shares / Mohamed Kassem ‑ Manager ‑ 20% Shares /
Mohammed Ali ‑ Manager ‑ 20% Shares / Omar Neamatalla ‑ Manager ‑ 20% Shares
To: Ahmed Kasem ‑ Manager ‑ 25% Shares / Mohamed Kassem ‑ Manager ‑ 25% Shares / Mohammed
Ali ‑ Manager ‑ 25% Shares / Omar Neamatalla ‑ Manager ‑ 25% Shares
Lastly, has petitioned to change the Manager of the licensed business From: Dany Abouelkhier To:
Ahmed Kasem

Granted
___________________________________________________________________________________




The Following have applied for a One Day Amendment to Existing License:"
BLB-2025-02-13-OI-017,2025-02-13,LB99387,explicit_alcohol,ownership_application_disposition,"Wahlburgers Fenway, LLC",Wahlburgers,"[""ownership_interest_change""]",granted,True,"Wahlburgers Fenway, LLC",licensee,[],[],,,False,https://www.boston.gov/sites/default/files/file/2025/02/Voting%20Minutes%202-13-25.docx.pdf,5,5,9,Granted,"[""Source does not identify before/after equity holders or percentages; manager/officer names are not treated as owners.""]","9. Wahlburgers Fenway, LLC

Doing business as: Wahlburgers
132 Brookline Ave, Boston, MA 02215
License #: LB-99387
Holder of a Common Victualler 7 Day All-Alcoholic Beverages License has petitioned for a change of
Ownership Interest.
Attorney: Thomas P. Miller

Granted"
BLB-2025-02-13-OI-018,2025-02-13,LB99210,explicit_alcohol,ownership_application_disposition,"Taco Mex, Inc.",Taco Mex Restaurant,"[""stock_interest_change""]",granted,True,"Taco Mex, Inc.",licensee,[],[],,,False,https://www.boston.gov/sites/default/files/file/2025/02/Voting%20Minutes%202-13-25.docx.pdf,5,5,10,Granted,"[""Source does not identify before/after equity holders or percentages; manager/officer names are not treated as owners.""]","10. Taco Mex, Inc.

Doing business as: Taco Mex Restaurant
65-67 Maverick Sq, East Boston, MA 02128
License #: LB-99210
Holder of a Common Victualler 7 Day All-Alcoholic Beverages License has petitioned for a change of
Officers/Directors. Secondly, has petitioned for a change of Stock Interest.
Attorney: Dennis A. Quilty

Granted"
BLB-2025-02-27-OI-033,2025-02-27,LB463819,common_victualler_no_alcohol_stated,ownership_application_disposition,"Thazia, LLC",,"[""ownership_interest_change""]",granted,True,"Thazia, LLC",licensee,"[{""name"": ""Panupak Kraiwong"", ""interest_percent"": 30, ""role"": null, ""source_quote"": ""change the Ownership Interest of the license business From: Panupak Kraiwong 30% shares, Alisa Satnurugs 40% shares, & Nakhon Rungruanatanapol 30% To: Nakhon Rungruanatanapol (Member) 45% shares & Alisa Satnurugs (Member ) 55% shares"", ""interest_quantity"": null, ""interest_unit"": null}, {""name"": ""Alisa Satnurugs"", ""interest_percent"": 40, ""role"": null, ""source_quote"": ""change the Ownership Interest of the license business From: Panupak Kraiwong 30% shares, Alisa Satnurugs 40% shares, & Nakhon Rungruanatanapol 30% To: Nakhon Rungruanatanapol (Member) 45% shares & Alisa Satnurugs (Member ) 55% shares"", ""interest_quantity"": null, ""interest_unit"": null}, {""name"": ""Nakhon Rungruanatanapol"", ""interest_percent"": 30, ""role"": null, ""source_quote"": ""change the Ownership Interest of the license business From: Panupak Kraiwong 30% shares, Alisa Satnurugs 40% shares, & Nakhon Rungruanatanapol 30% To: Nakhon Rungruanatanapol (Member) 45% shares & Alisa Satnurugs (Member ) 55% shares"", ""interest_quantity"": null, ""interest_unit"": null}]","[{""name"": ""Nakhon Rungruanatanapol"", ""interest_percent"": 45, ""role"": ""Member"", ""source_quote"": ""change the Ownership Interest of the license business From: Panupak Kraiwong 30% shares, Alisa Satnurugs 40% shares, & Nakhon Rungruanatanapol 30% To: Nakhon Rungruanatanapol (Member) 45% shares & Alisa Satnurugs (Member ) 55% shares"", ""interest_quantity"": null, ""interest_unit"": null}, {""name"": ""Alisa Satnurugs"", ""interest_percent"": 55, ""role"": ""Member"", ""source_quote"": ""change the Ownership Interest of the license business From: Panupak Kraiwong 30% shares, Alisa Satnurugs 40% shares, & Nakhon Rungruanatanapol 30% To: Nakhon Rungruanatanapol (Member) 45% shares & Alisa Satnurugs (Member ) 55% shares"", ""interest_quantity"": null, ""interest_unit"": null}]",,,False,https://www.boston.gov/sites/default/files/file/2025/02/Voting%20Minutes%202-27-25.docx.pdf,11,11,1,Granted,"[""Only parties and interests stated in the ownership clause are listed; this is not assumed to be a complete capitalization table.""]","1. Thazia, LLC

21 Dry Dock Av., Boston, MA 02210
License #: LB‑463819
Holder of a Common Victualler License has petitioned to change the Corporate name of the license
business‑ From: Thazia LLC To: Thasia LLC
Secondly, has petitioned to change the Ownership Interest of the license business From:
Panupak Kraiwong 30% shares, Alisa Satnurugs 40% shares, & Nakhon Rungruanatanapol 30% To:
Nakhon Rungruanatanapol (Member) 45% shares & Alisa Satnurugs (Member ) 55% shares

Granted
___________________________________________________________________________________"
BLB-2025-03-06-OI-008,2025-03-06,LB463565,explicit_alcohol,ownership_application_disposition,"Mass. Bay Brewing Company, Inc.",Harpoon Brewery,"[""stock_interest_change""]",granted,True,"Mass. Bay Brewing Company, Inc.",licensee,[],[],,,False,https://www.boston.gov/sites/default/files/file/2025/03/Voting%20Minutes%203-6-25.docx.pdf,3,3,8,Granted,"[""Source does not identify before/after equity holders or percentages; manager/officer names are not treated as owners."", ""Same document repeats this LB number in three distinct pouring-license categories; source occurrences preserved, not assumed three separate equity transactions.""]","8. Mass. Bay Brewing Company, Inc.

Doing business as: Harpoon Brewery
306 Northern Av., Boston, MA 02210
License #: LB-463565
Holder of a 19B Farmer Winery Pouring License has petitioned for a Change of Officers/Directors.
Secondly, has petitioned for a Change in Stock Interest.

Granted
___________________________________________________________________________________"
BLB-2025-03-06-OI-009,2025-03-06,LB463565,explicit_alcohol,ownership_application_disposition,"Mass. Bay Brewing Company, Inc.",Harpoon Brewery,"[""stock_interest_change""]",granted,True,"Mass. Bay Brewing Company, Inc.",licensee,[],[],,,False,https://www.boston.gov/sites/default/files/file/2025/03/Voting%20Minutes%203-6-25.docx.pdf,3,3,9,Granted,"[""Source does not identify before/after equity holders or percentages; manager/officer names are not treated as owners."", ""Same document repeats this LB number in three distinct pouring-license categories; source occurrences preserved, not assumed three separate equity transactions.""]","9. Mass. Bay Brewing Company, Inc.

Doing business as: Harpoon Brewery
306 Northern Av., Boston, MA 02210
License #: LB-463565
Holder of a 19C Farmer Brewery Pouring License has petitioned for a Change of Officers/Directors.
Secondly, has petitioned for a Change in Stock Interest.

Granted
___________________________________________________________________________________"
BLB-2025-03-06-OI-010,2025-03-06,LB463565,explicit_alcohol,ownership_application_disposition,"Mass. Bay Brewing Company, Inc.",Harpoon Brewery,"[""stock_interest_change""]",granted,True,"Mass. Bay Brewing Company, Inc.",licensee,[],[],,,False,https://www.boston.gov/sites/default/files/file/2025/03/Voting%20Minutes%203-6-25.docx.pdf,3,3,10,Granted,"[""Source does not identify before/after equity holders or percentages; manager/officer names are not treated as owners."", ""Same document repeats this LB number in three distinct pouring-license categories; source occurrences preserved, not assumed three separate equity transactions.""]","10. Mass. Bay Brewing Company, Inc.

Doing business as: Harpoon Brewery
306 Northern Av., Boston, MA 02210
License #: LB-463565
Holder of a 19H (Wines and Malts) Combined Pouring License has petitioned for a Change of
Officers/Directors. Secondly, has petitioned for a Change in Stock Interest.

Granted
___________________________________________________________________________________"
BLB-2025-03-06-OI-011,2025-03-06,LB516903,explicit_alcohol,ownership_application_disposition,Golden Naga Inc.,Laughing Monk Cafe,"[""stock_interest_change""]",granted,True,Golden Naga Inc.,licensee,[],[],,,False,https://www.boston.gov/sites/default/files/file/2025/03/Voting%20Minutes%203-6-25.docx.pdf,4,4,11,Granted,"[""Source does not identify before/after equity holders or percentages; manager/officer names are not treated as owners.""]","11. Golden Naga Inc.

Doing business as: Laughing Monk Cafe
737 Huntington Av., Boston, MA 02115
License #: LB-516903
Holder of a Common Victualler 7 Day All-Alcoholic Beverages License has petitioned for a Change of
Officers/Directors. Secondly, has petitioned for a Change in Stock Interest.
Attorney: Kristen L. Scanlon

Granted
___________________________________________________________________________________"
BLB-2025-03-06-OI-019,2025-03-06,LB100527,common_victualler_no_alcohol_stated,ownership_application_disposition,"Athenian Enterprise, Inc.",Stash’s,"[""stock_transfer""]",granted,True,"Athenian Enterprise, Inc.",licensee,"[{""name"": ""Stavros Papantoniadis"", ""interest_percent"": 100, ""role"": ""Owner"", ""source_quote"": ""Transfer of Stock From: Stavros Papantoniadis (Owner) 100% shares To: Anastasia Papantoniadis ( President )50% shares, Gregorios Papantoniadis (Treasurer, Director) 25% shares & Anastasios Papantoniadis (Secretary) 25% shares."", ""interest_quantity"": null, ""interest_unit"": null}]","[{""name"": ""Anastasia Papantoniadis"", ""interest_percent"": 50, ""role"": ""President"", ""source_quote"": ""Transfer of Stock From: Stavros Papantoniadis (Owner) 100% shares To: Anastasia Papantoniadis ( President )50% shares, Gregorios Papantoniadis (Treasurer, Director) 25% shares & Anastasios Papantoniadis (Secretary) 25% shares."", ""interest_quantity"": null, ""interest_unit"": null}, {""name"": ""Gregorios Papantoniadis"", ""interest_percent"": 25, ""role"": ""Treasurer, Director"", ""source_quote"": ""Transfer of Stock From: Stavros Papantoniadis (Owner) 100% shares To: Anastasia Papantoniadis ( President )50% shares, Gregorios Papantoniadis (Treasurer, Director) 25% shares & Anastasios Papantoniadis (Secretary) 25% shares."", ""interest_quantity"": null, ""interest_unit"": null}, {""name"": ""Anastasios Papantoniadis"", ""interest_percent"": 25, ""role"": ""Secretary"", ""source_quote"": ""Transfer of Stock From: Stavros Papantoniadis (Owner) 100% shares To: Anastasia Papantoniadis ( President )50% shares, Gregorios Papantoniadis (Treasurer, Director) 25% shares & Anastasios Papantoniadis (Secretary) 25% shares."", ""interest_quantity"": null, ""interest_unit"": null}]",,,False,https://www.boston.gov/sites/default/files/file/2025/03/Voting%20Minutes%203-6-25.docx.pdf,7,7,1,Granted,"[""Only parties and interests stated in the ownership clause are listed; this is not assumed to be a complete capitalization table.""]","1. Athenian Enterprise, Inc.

Doing business as: Stash’s
612 Blue Hill Av., Dorchester, MA 02121
License #: LB‑100527
Holder of a Common Victualler License has petitioned for a Change of Officers and Transfer of Stock
From: Stavros Papantoniadis (Owner) 100% shares To: Anastasia Papantoniadis ( President )50%
shares, Gregorios Papantoniadis (Treasurer, Director) 25% shares & Anastasios Papantoniadis
(Secretary) 25% shares.

Granted
___________________________________________________________________________________"
BLB-2025-03-06-OI-020,2025-03-06,LB128840,common_victualler_no_alcohol_stated,ownership_application_disposition,"Papantoniadis Pizza, Inc.",Bel Ave Pizza,"[""stock_transfer""]",granted,True,"Papantoniadis Pizza, Inc.",licensee,"[{""name"": ""Stavros Papantoniadis"", ""interest_percent"": 100, ""role"": ""Owner"", ""source_quote"": ""Transfer of Stock From: Stavros Papantoniadis (Owner) 100% shares To: Anastasia Papantoniadis ( President, Secretary, Treasurer, Director)100% shares"", ""interest_quantity"": null, ""interest_unit"": null}]","[{""name"": ""Anastasia Papantoniadis"", ""interest_percent"": 100, ""role"": ""President, Secretary, Treasurer, Director"", ""source_quote"": ""Transfer of Stock From: Stavros Papantoniadis (Owner) 100% shares To: Anastasia Papantoniadis ( President, Secretary, Treasurer, Director)100% shares"", ""interest_quantity"": null, ""interest_unit"": null}]",,,False,https://www.boston.gov/sites/default/files/file/2025/03/Voting%20Minutes%203-6-25.docx.pdf,7,7,2,Granted,"[""Only parties and interests stated in the ownership clause are listed; this is not assumed to be a complete capitalization table.""]","2. Papantoniadis Pizza, Inc.

Doing business as: Bel Ave Pizza
330 Belgrade Av., Roslindale, MA 02131
License #: LB‑128840
Holder of a Common Victualler License has petitioned for a Change of Officers and Transfer of Stock
From: Stavros Papantoniadis (Owner) 100% shares To: Anastasia Papantoniadis ( President, Secretary,
Treasurer, Director)100% shares

Granted
___________________________________________________________________________________



The Following have applied for a One Day Amendment to Existing License:"
BLB-2025-03-27-OI-015,2025-03-27,LB101944,explicit_alcohol,ownership_application_disposition,Shiv Park Corp,Richard’s Wine and Spirits,"[""stock_interest_change""]",granted,True,Shiv Park Corp,licensee,[],[],,,False,https://www.boston.gov/sites/default/files/file/2025/03/Voting%20Minutes%203-27-25.docx.pdf,5,5,6,Granted,"[""Source does not identify before/after equity holders or percentages; manager/officer names are not treated as owners.""]","6. Shiv Park Corp

Doing business as: Richard’s Wine and Spirits
175-179 Wolcott Square, Hyde Park, MA 02136
License #: LB-101944
Holder of a Retail Package Store All-Alcoholic Beverages License has petitioned for a change of
Officers/Directors. Secondly, has petitioned for a change of Stock Interest.
Attorney: Thomas T. Truax

Granted"
BLB-2025-03-27-OI-032,2025-03-27,LB100142,common_victualler_no_alcohol_stated,ownership_application_disposition,"Louiallston, LLC",Underdog Hot Chicken,"[""ownership_interest_change""]",granted,True,"Louiallston, LLC",licensee,"[{""name"": ""Hyuk Kim"", ""interest_percent"": 28.19, ""role"": ""LLC Manager / Member"", ""source_quote"": ""change the Ownership Interest of the license business From: LLC Managers / Members: Hyuk Kim (28.19% Shares ), Sampson Duong (15.96% Shares), Jonathan Joo (30.57% Shares), Augustus Lam (6.38%,Shares), Edward Kang (5.88% Shares ), Henry Nguyen (13.02% Shares ) To: LLC Managers / Members: Jin Chong (100% Shares)"", ""interest_quantity"": null, ""interest_unit"": null}, {""name"": ""Sampson Duong"", ""interest_percent"": 15.96, ""role"": ""LLC Manager / Member"", ""source_quote"": ""change the Ownership Interest of the license business From: LLC Managers / Members: Hyuk Kim (28.19% Shares ), Sampson Duong (15.96% Shares), Jonathan Joo (30.57% Shares), Augustus Lam (6.38%,Shares), Edward Kang (5.88% Shares ), Henry Nguyen (13.02% Shares ) To: LLC Managers / Members: Jin Chong (100% Shares)"", ""interest_quantity"": null, ""interest_unit"": null}, {""name"": ""Jonathan Joo"", ""interest_percent"": 30.57, ""role"": ""LLC Manager / Member"", ""source_quote"": ""change the Ownership Interest of the license business From: LLC Managers / Members: Hyuk Kim (28.19% Shares ), Sampson Duong (15.96% Shares), Jonathan Joo (30.57% Shares), Augustus Lam (6.38%,Shares), Edward Kang (5.88% Shares ), Henry Nguyen (13.02% Shares ) To: LLC Managers / Members: Jin Chong (100% Shares)"", ""interest_quantity"": null, ""interest_unit"": null}, {""name"": ""Augustus Lam"", ""interest_percent"": 6.38, ""role"": ""LLC Manager / Member"", ""source_quote"": ""change the Ownership Interest of the license business From: LLC Managers / Members: Hyuk Kim (28.19% Shares ), Sampson Duong (15.96% Shares), Jonathan Joo (30.57% Shares), Augustus Lam (6.38%,Shares), Edward Kang (5.88% Shares ), Henry Nguyen (13.02% Shares ) To: LLC Managers / Members: Jin Chong (100% Shares)"", ""interest_quantity"": null, ""interest_unit"": null}, {""name"": ""Edward Kang"", ""interest_percent"": 5.88, ""role"": ""LLC Manager / Member"", ""source_quote"": ""change the Ownership Interest of the license business From: LLC Managers / Members: Hyuk Kim (28.19% Shares ), Sampson Duong (15.96% Shares), Jonathan Joo (30.57% Shares), Augustus Lam (6.38%,Shares), Edward Kang (5.88% Shares ), Henry Nguyen (13.02% Shares ) To: LLC Managers / Members: Jin Chong (100% Shares)"", ""interest_quantity"": null, ""interest_unit"": null}, {""name"": ""Henry Nguyen"", ""interest_percent"": 13.02, ""role"": ""LLC Manager / Member"", ""source_quote"": ""change the Ownership Interest of the license business From: LLC Managers / Members: Hyuk Kim (28.19% Shares ), Sampson Duong (15.96% Shares), Jonathan Joo (30.57% Shares), Augustus Lam (6.38%,Shares), Edward Kang (5.88% Shares ), Henry Nguyen (13.02% Shares ) To: LLC Managers / Members: Jin Chong (100% Shares)"", ""interest_quantity"": null, ""interest_unit"": null}]","[{""name"": ""Jin Chong"", ""interest_percent"": 100, ""role"": ""LLC Manager / Member"", ""source_quote"": ""change the Ownership Interest of the license business From: LLC Managers / Members: Hyuk Kim (28.19% Shares ), Sampson Duong (15.96% Shares), Jonathan Joo (30.57% Shares), Augustus Lam (6.38%,Shares), Edward Kang (5.88% Shares ), Henry Nguyen (13.02% Shares ) To: LLC Managers / Members: Jin Chong (100% Shares)"", ""interest_quantity"": null, ""interest_unit"": null}]",,,False,https://www.boston.gov/sites/default/files/file/2025/03/Voting%20Minutes%203-27-25.docx.pdf,14,15,1,Granted,"[""Only parties and interests stated in the ownership clause are listed; this is not assumed to be a complete capitalization table.""]","1. Louiallston, LLC

Doing business as: Underdog Hot Chicken
160 Brighton Av., Allston, MA 02134
License #: LB‑100142
Holder of a Common Victualler License has petitioned to change the Ownership Interest of the license
business From: LLC Managers / Members: Hyuk Kim (28.19% Shares ), Sampson Duong (15.96%
Shares), Jonathan Joo (30.57% Shares), Augustus Lam (6.38%,Shares), Edward Kang (5.88% Shares ),
Henry Nguyen (13.02% Shares )
To: LLC Managers / Members: Jin Chong (100% Shares)
Secondly, has petitioned to change the Manager of the license business From:‑ Jonathan Joo To: Jin
Chong

Granted
__________________________________________________________________________________



The Following have applied to make changes to their existing Dormitory License:"
BLB-2025-04-03-OI-014,2025-04-03,LB492559,explicit_alcohol,ownership_application_disposition,"Llanera Supermarket, Inc.",,"[""stock_interest_change""]",granted,True,"Llanera Supermarket, Inc.",licensee,[],[],,,False,https://www.boston.gov/sites/default/files/file/2025/04/Voting%20Minutes%204-3-25.docx.pdf,4,4,7,Granted,"[""Source does not identify before/after equity holders or percentages; manager/officer names are not treated as owners.""]","7. Llanera Supermarket, Inc.

260 E Eighth St, South Boston, MA 02127
License #: LB-492559
Holder of a Retail Package Store All-Alcoholic Beverages License has petitioned for a Change of
Officers/Directors. Secondly, has petitioned for a Change of Stock Interest.

Granted"
BLB-2025-04-03-OI-015,2025-04-03,LB99570,explicit_alcohol,ownership_application_disposition,"Biscay, LLC",Zurito,"[""ownership_interest_change""]",granted,True,"Biscay, LLC",licensee,[],[],,,False,https://www.boston.gov/sites/default/files/file/2025/04/Voting%20Minutes%204-3-25.docx.pdf,5,5,8,Granted,"[""Source does not identify before/after equity holders or percentages; manager/officer names are not treated as owners.""]","8. Biscay, LLC

Doing business as: Zurito
20-26 Charles St, Boston, MA 02114
License #: LB-99570
Holder of a Common Victualler 7 Day Wines & Malt Beverages w/ Liqueurs License has petitioned for
a Change of Ownership Interest.
Attorney: Thomas P. Miller

Granted"
BLB-2025-04-03-OI-016,2025-04-03,LB98961,explicit_alcohol,ownership_application_disposition,"Rock Bottom Group, LLC",Rock Bottom Restaurant & Brewery,"[""ownership_interest_change""]",granted,True,"Rock Bottom Group, LLC",licensee,[],[],,,False,https://www.boston.gov/sites/default/files/file/2025/04/Voting%20Minutes%204-3-25.docx.pdf,5,5,9,Granted,"[""Source does not identify before/after equity holders or percentages; manager/officer names are not treated as owners.""]","9. Rock Bottom Group, LLC

Doing business as: Rock Bottom Restaurant & Brewery
115 Stuart St, Boston, MA 02116
License #: LB-98961
Holder of a Common Victualler 7 Day All-Alcoholic Beverages License has petitioned for a change of
Ownership Interest. Secondly, has petitioned for a change of LLC Manager.
Attorney: Joseph H. Devlin

Granted"
BLB-2025-05-01-OI-021,2025-05-01,LB99178,explicit_alcohol,ownership_application_disposition,"Buccellati, LLC",Mamma Maria,"[""ownership_interest_change""]",granted,True,"Buccellati, LLC",licensee,[],[],,,False,https://www.boston.gov/sites/default/files/file/2025/05/Voting%20Minutes%205-1-25.docx.pdf,6,6,12,Granted,"[""Source does not identify before/after equity holders or percentages; manager/officer names are not treated as owners.""]","12. Buccellati, LLC

Doing business as: Mamma Maria
3 North Square, Boston, MA 02113
License #: LB-99178
Holder of a Common Victualler 7 Day All-Alcoholic Beverages License has petitioned to amend the
description of the licensed business - From: Four floors to be licensed consisting of (i) first floor with
three rooms (2 dining areas and kitchen), bathroom and common area, (ii) second floor with four rooms
(4 dining areas), bathrooms, and common areas, (iii) third floor with 1 room (administrative) and
common area, and (iv) basement with three rooms (kitchen, service area and storage) and bathroom.
Premises include one entrance and exit from North Square, 1 entrance and exit on Garden Court Street
that is handicapped accessible and 1 side exit for emergencies and stock on Garden Court Street.
Seating capacity of 38 on 1st floor and 57 on 2nd floor. Mamma Maria is a longstanding Italian
restaurant located in a 19th century rowhouse in the North End. To: (3,472SF) Four floors to be licensed
consisting of (1)first floor with three rooms (2 dining areas, service bar and kitchen), bathroom and
common area, (2) second floor with four rooms (4 dining areas and service bar), bathrooms and
common areas, (3)third floor with five rooms (bar/waiting area, administrative, prep space, storage and
liquor storage), bathroom and common areas, and (4)basement with three rooms (kitchen, service area
and storage) and bathroom. Premises include one entrance and exit from North Square, one entrance
and exit on Garden Court Street that is handicapped accessible and one side exit for emergencies and
stock on Garden Court Street. Seating capacity of 35 on first floor, 49 on second floor and 15 on third
floor. Mamma Maria is a longstanding Italian restaurant located in a 19th century rowhouse in the North
End. Secondly, has petitioned for a change in Ownership Interest.
Attorney: Brent McDonald

Granted"
BLB-2025-05-01-OI-022,2025-05-01,LB481086,explicit_alcohol,ownership_application_disposition,"Fresh Boston Retail, LLC",Fresh Boston,"[""ownership_interest_change""]",continued,False,"Fresh Boston Retail, LLC",licensee,[],[],,,False,https://www.boston.gov/sites/default/files/file/2025/05/Voting%20Minutes%205-1-25.docx.pdf,7,7,13,"Continued to the May 14, 2025 Transactional Hearing","[""Source does not identify before/after equity holders or percentages; manager/officer names are not treated as owners."", ""Same ownership-change petition is continued May 1 then granted May 15, 2025; preserved as separate decisions.""]","13. Fresh Boston Retail, LLC

Doing business as: Fresh Boston
232 Old Colony Ave, South Boston, MA 02127
License #: LB-481086
Holder of a Retail Package Store All-Alcoholic Beverages License has petitioned for a Change of
Ownership Interest. Secondly, has petitioned for a Change of Officers/Directors/LLC Managers. Lastly,
has petitioned to change the manager of the licensed business – From: Alexis Sillery To: Charles
Merritt.
Attorney: Thomas P. Miller

Continued to the May 14, 2025 Transactional Hearing"
BLB-2025-05-15-OI-024,2025-05-15,LB481086,explicit_alcohol,ownership_application_disposition,"Fresh Boston Retail, LLC",Fresh Boston,"[""ownership_interest_change""]",granted,True,"Fresh Boston Retail, LLC",licensee,[],[],,,False,https://www.boston.gov/sites/default/files/file/2025/05/Voting%20Minutes%205-15-25.docx.pdf,7,7,15,Granted,"[""Source does not identify before/after equity holders or percentages; manager/officer names are not treated as owners."", ""Same ownership-change petition is continued May 1 then granted May 15, 2025; preserved as separate decisions.""]","15. Fresh Boston Retail, LLC

Doing business as: Fresh Boston
232 Old Colony Ave, South Boston, MA 02127
License #: LB-481086
Holder of a Retail Package Store All-Alcoholic Beverages License has petitioned for a Change of
Ownership Interest. Secondly, has petitioned for a Change of Officers/Directors/LLC Managers. Lastly,
has petitioned to change the manager of the licensed business – From: Alexis Sillery To: Charles
Merritt.
Attorney: Thomas P. Miller

Granted"
BLB-2025-06-26-OI-020,2025-06-26,LB99216,explicit_alcohol,ownership_application_disposition,"Alamo Seaport, LLC",Alamo Drafthouse Cinema,"[""ownership_interest_change""]",granted,True,"Alamo Seaport, LLC",licensee,[],[],,,False,https://www.boston.gov/sites/default/files/file/2025/06/Voting%20Minutes%206-26-25.docx%20%281%29.pdf,6,6,12,Granted,"[""Source does not identify before/after equity holders or percentages; manager/officer names are not treated as owners.""]","12. Alamo Seaport, LLC

Doing business as: Alamo Drafthouse Cinema
60 Seaport Blvd, Boston, MA 02210
License #: LB-99216
Holder of a Common Victualler 7 Day All-Alcoholic Beverages License has petitioned for a change in
Ownership Interest. Secondly, has petitioned for a change of Officers/Directors/LLC Managers. Lastly,
has petitioned to change the manager of the licensed business – From: Hannah Statton To: Vanessa
Morales.
Attorney: Dennis A. Quilty

Granted"
BLB-2025-06-26-OI-043,2025-06-26,LB98704,other,ownership_application_disposition,"Colonial Tavern, Incorporated",Jacques Restaurant,"[""ownership_interest_change""]",granted,True,"Colonial Tavern, Incorporated",licensee,"[{""name"": ""ESTATE OF ANGELINA VARA,C/O DIMENTO AND SULLIVAN"", ""interest_percent"": null, ""role"": null, ""source_quote"": ""change the Ownership interest of the licensed business From: ESTATE OF ANGELINA VARA,C/O DIMENTO AND SULLIVAN To: Henry D Vera, III (Director / President ) shares 33.33% , Holli Vera (Director / Treasurer / Secretary) shares 33.33% , Christian Vera ( Director) shares 33.33%"", ""interest_quantity"": null, ""interest_unit"": null}]","[{""name"": ""Henry D Vera, III"", ""interest_percent"": 33.33, ""role"": ""Director / President"", ""source_quote"": ""change the Ownership interest of the licensed business From: ESTATE OF ANGELINA VARA,C/O DIMENTO AND SULLIVAN To: Henry D Vera, III (Director / President ) shares 33.33% , Holli Vera (Director / Treasurer / Secretary) shares 33.33% , Christian Vera ( Director) shares 33.33%"", ""interest_quantity"": null, ""interest_unit"": null}, {""name"": ""Holli Vera"", ""interest_percent"": 33.33, ""role"": ""Director / Treasurer / Secretary"", ""source_quote"": ""change the Ownership interest of the licensed business From: ESTATE OF ANGELINA VARA,C/O DIMENTO AND SULLIVAN To: Henry D Vera, III (Director / President ) shares 33.33% , Holli Vera (Director / Treasurer / Secretary) shares 33.33% , Christian Vera ( Director) shares 33.33%"", ""interest_quantity"": null, ""interest_unit"": null}, {""name"": ""Christian Vera"", ""interest_percent"": 33.33, ""role"": ""Director"", ""source_quote"": ""change the Ownership interest of the licensed business From: ESTATE OF ANGELINA VARA,C/O DIMENTO AND SULLIVAN To: Henry D Vera, III (Director / President ) shares 33.33% , Holli Vera (Director / Treasurer / Secretary) shares 33.33% , Christian Vera ( Director) shares 33.33%"", ""interest_quantity"": null, ""interest_unit"": null}]",,,False,https://www.boston.gov/sites/default/files/file/2025/06/Voting%20Minutes%206-26-25.docx%20%281%29.pdf,15,15,3,Granted,"[""Only parties and interests stated in the ownership clause are listed; this is not assumed to be a complete capitalization table.""]","3. Colonial Tavern, Incorporated

Doing business as: Jacques Restaurant
77 ‑ 79 Broadway, Boston, MA 02116
License #: LB‑98704
Holder of a Billiards License has petitioned to change the Ownership interest of the licensed business
From: ESTATE OF ANGELINA VARA,C/O DIMENTO AND SULLIVAN To: Henry D Vera, III
(Director / President ) shares 33.33% , Holli Vera (Director / Treasurer / Secretary) shares 33.33% ,
Christian Vera ( Director) shares 33.33%
Secondly, has petitioned to change the Manager of the licensed business From: Kristen Turilli To:
Henry D Vera, III

Granted
___________________________________________________________________________________


The Following have applied to make changes to their existing Lodging House License:"
BLB-2025-07-17-OI-013,2025-07-17,LB139452,explicit_alcohol,ownership_application_disposition,"South End Partners, Inc.",SRV Restaurant,"[""stock_interest_change""]",granted,True,"South End Partners, Inc.",licensee,[],[],,,False,https://www.boston.gov/sites/default/files/file/2025/07/Voting%20Minutes%207-17-25.docx.pdf,4,5,5,Granted,"[""Source does not identify before/after equity holders or percentages; manager/officer names are not treated as owners."", ""Item also includes a stock pledge, which does not itself establish an equity ownership transfer or control.""]","5. South End Partners, Inc.

    Doing business as: SRV Restaurant
    569-575 Columbus Ave, Boston, MA 02118
    License #: LB-139452
    Holder of a (Restricted) Common Victualler 7 Day All-Alcoholic Beverages License has petitioned for
    Change of Stock Interest. Secondly, has petitioned for a change of Officers/Directors. Lastly, has
    petitioned for a pledge of stock to James T. Cochener.
    Attorney: Marshall F. Newman

    Granted

___________________________________________________________________________________"
BLB-2025-07-31-OI-009,2025-07-31,LB99791,explicit_alcohol,ownership_application_disposition,"Shake Shack Massachusetts, LLC",Shake Shack,"[""ownership_interest_change""]",granted,True,"Shake Shack Massachusetts, LLC",licensee,[],[],,,False,https://www.boston.gov/sites/default/files/file/2025/07/Voting%20Minutes%207-31-25.docx.pdf,3,3,5,Granted,"[""Source does not identify before/after equity holders or percentages; manager/officer names are not treated as owners.""]","5. Shake Shack Massachusetts, LLC

Doing business as: Shake Shack
322-328 Washington St, Boston, MA 02108
License #: LB-99791
Holder of a Common Victualler 7 Day Wines and Malt Beverages with Liqueurs License has petitioned
for a change of Ownership Interest. Secondly, has petitioned for a change of Officers/Directors/LLC
Managers.

Granted"
BLB-2025-07-31-OI-010,2025-07-31,LB99834,explicit_alcohol,ownership_application_disposition,"Shake Shack Seaport Boston, LLC",Shake Shack,"[""ownership_interest_change""]",granted,True,"Shake Shack Seaport Boston, LLC",licensee,[],[],,,False,https://www.boston.gov/sites/default/files/file/2025/07/Voting%20Minutes%207-31-25.docx.pdf,3,3,6,Granted,"[""Source does not identify before/after equity holders or percentages; manager/officer names are not treated as owners.""]","6. Shake Shack Seaport Boston, LLC

Doing business as: Shake Shack
77 Seaport Blvd, Boston, MA 02210
License #: LB-99834
Holder of a Common Victualler 7 Day Wines and Malt Beverages with Liqueurs License has petitioned
for a change of Ownership Interest. Secondly, has petitioned for a change of Officers/Directors/LLC
Managers.

Granted"
BLB-2025-07-31-OI-011,2025-07-31,LB99539,explicit_alcohol,ownership_application_disposition,"Shake Shack Newbury Street Boston, LLC",Shake Shack,"[""ownership_interest_change""]",granted,True,"Shake Shack Newbury Street Boston, LLC",licensee,[],[],,,False,https://www.boston.gov/sites/default/files/file/2025/07/Voting%20Minutes%207-31-25.docx.pdf,3,3,7,Granted,"[""Source does not identify before/after equity holders or percentages; manager/officer names are not treated as owners.""]","7. Shake Shack Newbury Street Boston, LLC

Doing business as: Shake Shack
234-236 Newbury St, Boston, MA 02116
License #: LB-99539
Holder of a Common Victualler 7 Day Wines and Malt Beverages License has petitioned for a change
of Ownership Interest. Secondly, has petitioned for a change of Officers/Directors/LLC Managers.

Granted"
BLB-2025-08-07-OI-014,2025-08-07,LB485388,explicit_alcohol,ownership_application_disposition,"Trinity Stuart Concessions, LLC",The Raffles Hotel,"[""ownership_interest_change""]",granted,True,"Trinity Stuart Concessions, LLC",licensee,[],[],,,False,https://www.boston.gov/sites/default/files/file/2025/08/Voting%20Minutes%208-7-25.docx.pdf,5,5,7,Granted,"[""Source does not identify before/after equity holders or percentages; manager/officer names are not treated as owners.""]","7. Trinity Stuart Concessions, LLC

Doing business as: The Raffles Hotel
40 Trinity Place, Boston, MA 02116
License #: LB-485388
Holder of an Innholder All-Alcoholic Beverages License has petitioned for a change of Ownership
Interest. Secondly, has petitioned for a change of Officers/Directors/LLC Managers.
Attorney: Elizabeth Pisano

Granted"
BLB-2025-08-07-OI-015,2025-08-07,LB353145,explicit_alcohol,ownership_application_disposition,"GB LL Holdings MA, LLC",goPuff,"[""ownership_interest_change""]",granted,True,"GB LL Holdings MA, LLC",licensee,[],[],,,False,https://www.boston.gov/sites/default/files/file/2025/08/Voting%20Minutes%208-7-25.docx.pdf,5,5,8,Granted,"[""Source does not identify before/after equity holders or percentages; manager/officer names are not treated as owners.""]","8. GB LL Holdings MA, LLC

Doing business as: goPuff
371 Dorchester Ave, South Boston, MA 02127
License #: LB-353145
Holder of a Retail Package Store All-Alcoholic Beverages License has petitioned for a change of
Ownership Interest. Secondly, has petitioned for a change of Officers/Directors/LLC Managers. Lastly,
has petitioned to change the manager of the licensed business - From: Christopher Walsh To: Kelly
Carillo.
Attorney: Caroline O'Connell

Granted"
BLB-2025-08-07-OI-016,2025-08-07,LB101867,explicit_alcohol,ownership_application_disposition,"GB LL Holdings MA, LLC",Boston Liquors,"[""ownership_interest_change""]",granted,True,"GB LL Holdings MA, LLC",licensee,[],[],,,False,https://www.boston.gov/sites/default/files/file/2025/08/Voting%20Minutes%208-7-25.docx.pdf,5,5,9,Granted,"[""Source does not identify before/after equity holders or percentages; manager/officer names are not treated as owners.""]","9. GB LL Holdings MA, LLC

Doing business as: Boston Liquors
225-227 Cambridge St, Allston, MA 02134
License #: LB-101867
Holder of a Retail Package Store All-Alcoholic Beverages License has petitioned to amend the
description of the licensed business - From: 225, 227 Cambridge Street and 361 North Harvard Street,
in one room first floor with rear room for stock. To: 225, 227 Cambridge Street and 361 North Harvard
Street. The first floor is 8,000 square feet and has two rooms, one of which is for stock. The basement
has 3,150 square feet and has two rooms, one which is 3,000 sq. ft and one which is 150 sq.ft. Secondly,
has petitioned for a change of Ownership Interest. Thirdly, has petitioned for a change of
Officers/Directors/LLC Managers. Lastly, has petitioned to change the manager of the licensed business
- From: Jamie Villanueva To: Nam Sam.
Attorney: Caroline O'Connell

Granted"
BLB-2025-08-07-OI-018,2025-08-07,LB99350,explicit_alcohol,ownership_application_disposition,Frank Pezzano,U’Sarraceno Restaurant,"[""updated_stockholders""]",granted,True,"F.P. Restaurant, Inc.",proposed_transferee_explicit,[],[],,,False,https://www.boston.gov/sites/default/files/file/2025/08/Voting%20Minutes%208-7-25.docx.pdf,6,6,11,Granted,"[""Source does not identify before/after equity holders or percentages; manager/officer names are not treated as owners."", ""Source explicitly says transferee has updated stockholders, but names no stockholders. License transfer is separately captured in the original frozen corpus.""]","11. Frank Pezzano

Doing business as: U’Sarraceno Restaurant
286 Hanover St, Boston, MA 02113
License #: LB-99350
Holder of a Common Victualler 7 Day All-Alcoholic Beverages License has petitioned to transfer the
license from the above - To: F.P. Restaurant, Inc. (with updated stockholders and officers) dba
Saraceno/Bella Vista (at the same location). Frank Pezzano, Manager. 1:00 AM Closing Hour.
Secondly, has petitioned to amend the description of the licensed premise -From: One room on
Basement Level - One room on Street Level and Kitchen - Storage in Basement Level. To: (7200 SF
total, 2 entrances, 3 exits) In three floors: (1) basement level, totaling 2400 square feet, in two (2)rooms
with 64 seats and 36 seats respectively, office and bathrooms; first floor level, totaling 2400 square feet,
in two rooms: the first room with 40 seats, bathroom and kitchen in rear, and the second room with a
12-seat bar and table seating of 20, a second kitchen and bathroom in rear; the second floor level,
totaling 2400 square feet, in two rooms, the first room for liquor and sundries storage and the second
room for dining with 57 seats.
Attorney: Carolyn M. Conway

Granted"
BLB-2025-08-28-OI-036,2025-08-28,LB101954,explicit_alcohol,ownership_application_disposition,"Camilo Liquors, Inc.",Camilo Liquors,"[""stock_interest_change""]",granted,True,"Camilo Liquors, Inc.",licensee,[],[],,,False,https://www.boston.gov/sites/default/files/file/2025/08/Voting%20Minutes%208-28-25.docx.pdf,10,10,28,Granted,"[""Source does not identify before/after equity holders or percentages; manager/officer names are not treated as owners.""]","28. Camilo Liquors, Inc.

Doing business as: Camilo Liquors
280 Centre St, Jamaica Plain, MA 02130
License #: LB-101954
Holder of a Retail Package Store All-Alcoholic Beverages License has petitioned for a change of Stock
Interest. Secondly, has petitioned for a change of Officers/Directors. Lastly, has petitioned to change the
DBA of the licensed business - From: Camilo Liquors To: Camilo Market.
Attorney: Jennifer Allen

Granted"
BLB-2025-08-28-OI-055,2025-08-28,LB100478,common_victualler_no_alcohol_stated,ownership_application_disposition,"Kitchens of the Bay State, Inc.",The Dog House,"[""ownership_interest_change""]",granted,True,"Kitchens of the Bay State, Inc.",licensee,"[{""name"": ""Lindsay Rosado"", ""interest_percent"": null, ""role"": null, ""source_quote"": ""change the Ownership Interest of the license business‑ From: Lindsay Rosado ( 800 shares) , Michael Lamattina (800 shares) To: Lindsay Rosado ( 300 shares) , Michael Lamattina (300 shares)"", ""interest_quantity"": 800, ""interest_unit"": ""shares""}, {""name"": ""Michael Lamattina"", ""interest_percent"": null, ""role"": null, ""source_quote"": ""change the Ownership Interest of the license business‑ From: Lindsay Rosado ( 800 shares) , Michael Lamattina (800 shares) To: Lindsay Rosado ( 300 shares) , Michael Lamattina (300 shares)"", ""interest_quantity"": 800, ""interest_unit"": ""shares""}]","[{""name"": ""Lindsay Rosado"", ""interest_percent"": null, ""role"": null, ""source_quote"": ""change the Ownership Interest of the license business‑ From: Lindsay Rosado ( 800 shares) , Michael Lamattina (800 shares) To: Lindsay Rosado ( 300 shares) , Michael Lamattina (300 shares)"", ""interest_quantity"": 300, ""interest_unit"": ""shares""}, {""name"": ""Michael Lamattina"", ""interest_percent"": null, ""role"": null, ""source_quote"": ""change the Ownership Interest of the license business‑ From: Lindsay Rosado ( 800 shares) , Michael Lamattina (800 shares) To: Lindsay Rosado ( 300 shares) , Michael Lamattina (300 shares)"", ""interest_quantity"": 300, ""interest_unit"": ""shares""}]",,,False,https://www.boston.gov/sites/default/files/file/2025/08/Voting%20Minutes%208-28-25.docx.pdf,18,18,2,Granted,"[""Only parties and interests stated in the ownership clause are listed; this is not assumed to be a complete capitalization table."", ""Source states share quantities without percent symbols; these are not converted to percentages. Separate officer removal does not establish disposition of that officer's shares.""]","2. Kitchens of the Bay State, Inc.

Doing business as: The Dog House
6 Faneuil Hill Sq., Boston, MA 02109
License #: LB‑100478
Holder of a Common Victualler License has petition to remove the Officer from the licensed business
location‑ From: Saed Sadeddin (50 shares) Secondly, has petitioned to change the Ownership Interest of
the license business‑ From: Lindsay Rosado ( 800 shares) , Michael Lamattina (800 shares) To: Lindsay
Rosado ( 300 shares) , Michael Lamattina (300 shares)

Granted
___________________________________________________________________________________"
BLB-2025-08-28-OI-056,2025-08-28,LB101176,common_victualler_no_alcohol_stated,ownership_application_disposition,"Kitchens of the Bay State, Inc.",Wicked Lobsta,"[""ownership_interest_change""]",granted,True,"Kitchens of the Bay State, Inc.",licensee,"[{""name"": ""Lindsay Rosado"", ""interest_percent"": null, ""role"": null, ""source_quote"": ""change the Ownership Interest of the license business‑ From: Lindsay Rosado ( 46.25 shares) , Michael Lamattina (46.25 shares) To: Lindsay Rosado ( 300 shares) , Michael Lamattina (300 shares)"", ""interest_quantity"": 46.25, ""interest_unit"": ""shares""}, {""name"": ""Michael Lamattina"", ""interest_percent"": null, ""role"": null, ""source_quote"": ""change the Ownership Interest of the license business‑ From: Lindsay Rosado ( 46.25 shares) , Michael Lamattina (46.25 shares) To: Lindsay Rosado ( 300 shares) , Michael Lamattina (300 shares)"", ""interest_quantity"": 46.25, ""interest_unit"": ""shares""}]","[{""name"": ""Lindsay Rosado"", ""interest_percent"": null, ""role"": null, ""source_quote"": ""change the Ownership Interest of the license business‑ From: Lindsay Rosado ( 46.25 shares) , Michael Lamattina (46.25 shares) To: Lindsay Rosado ( 300 shares) , Michael Lamattina (300 shares)"", ""interest_quantity"": 300, ""interest_unit"": ""shares""}, {""name"": ""Michael Lamattina"", ""interest_percent"": null, ""role"": null, ""source_quote"": ""change the Ownership Interest of the license business‑ From: Lindsay Rosado ( 46.25 shares) , Michael Lamattina (46.25 shares) To: Lindsay Rosado ( 300 shares) , Michael Lamattina (300 shares)"", ""interest_quantity"": 300, ""interest_unit"": ""shares""}]",,,False,https://www.boston.gov/sites/default/files/file/2025/08/Voting%20Minutes%208-28-25.docx.pdf,18,18,3,Granted,"[""Only parties and interests stated in the ownership clause are listed; this is not assumed to be a complete capitalization table."", ""Source states share quantities without percent symbols; these are not converted to percentages. Separate officer removal does not establish disposition of that officer's shares.""]","3. Kitchens of the Bay State, Inc.

Doing business as: Wicked Lobsta
300 Faneuil Hall Marketplace, Boston, MA 02109
License #: LB‑101176
Holder of a Common Victualler License has petition to remove the Officer from the licensed business
location‑ From: Saed Sadeddin (7.50 shares) Secondly, has petitioned to change the Ownership Interest
of the license business‑ From: Lindsay Rosado ( 46.25 shares) , Michael Lamattina (46.25 shares) To:
Lindsay Rosado ( 300 shares) , Michael Lamattina (300 shares)

Granted
___________________________________________________________________________________"
BLB-2025-09-18-OI-020,2025-09-18,LB99746,explicit_alcohol,ownership_application_disposition,Shin Hakata Ramen Corp.,Berklee Noodles Factory,"[""stock_interest_change""]",granted,True,Shin Hakata Ramen Corp.,licensee,[],[],,,False,https://www.boston.gov/sites/default/files/file/2025/09/Voting%20Minutes%209-18-25.docx.pdf,6,6,14,Granted,"[""Source does not identify before/after equity holders or percentages; manager/officer names are not treated as owners.""]","14. Shin Hakata Ramen Corp.

Doing business as: Berklee Noodles Factory
173 Massachusetts Ave, Boston, MA 02115
License #: LB-99746
Holder of a Common Victualler 7 Day Wines and Malt Beverages with Liqueurs License has petitioned
for a change of Stock Interest. Secondly, has petitioned for a change of Officers/Directors. Lastly, has
petitioned to change the manager of the licensed business - From: Xiao Dan Liu To: Austin Chen.
Attorney: Ka-yung Wong

Granted"
BLB-2025-09-18-OI-021,2025-09-18,LB99294,explicit_alcohol,ownership_application_disposition,"Oznemoc, Inc.",Centerfolds,"[""stock_interest_change""]",granted,True,"Oznemoc, Inc.",licensee,[],[],,,False,https://www.boston.gov/sites/default/files/file/2025/09/Voting%20Minutes%209-18-25.docx.pdf,6,6,15,Granted,"[""Source does not identify before/after equity holders or percentages; manager/officer names are not treated as owners.""]","15. Oznemoc, Inc.

Doing business as: Centerfolds
12-18 LaGrange St, Boston, MA 02116
License #: LB-99294
Holder of a Common Victualler 7 Day All-Alcoholic Beverages License has petitioned for a change of
Stock Interest. Secondly, has petitioned for a change of Officers/Directors.
Attorney: John P. Connell

Granted"
BLB-2025-09-18-OI-029,2025-09-18,LB356763,explicit_alcohol,ownership_application_disposition,"RIA Brewing, Inc.",Democracy Brewing,"[""stock_interest_change""]",granted,True,"RIA Brewing, Inc.",licensee,[],[],,,False,https://www.boston.gov/sites/default/files/file/2025/09/Voting%20Minutes%209-18-25.docx.pdf,8,8,23,Granted,"[""Source does not identify before/after equity holders or percentages; manager/officer names are not treated as owners.""]","23. RIA Brewing, Inc.

Doing business as: Democracy Brewing
29-35 Temple Place, Boston, MA 02111
License #: LB-356763
Holder of a Farmer Brewery Pouring Permit has petitioned for a change of Stock Interest. Secondly, has
petitioned for a change of Officers/Directors.

Granted"
BLB-2025-09-18-OI-042,2025-09-18,LB100205,common_victualler_no_alcohol_stated,ownership_application_disposition,"Santini Baldini, LLC",Casa Razdora,"[""corporate_structure_change""]",granted,True,"Santini Baldini, LLC",licensee,[],[],"SANTINI BALDINI, LLC","SANTINI BALDINI, INC",True,https://www.boston.gov/sites/default/files/file/2025/09/Voting%20Minutes%209-18-25.docx.pdf,13,13,1,Granted,"[""Corporate conversion identifies entity forms, not beneficial owners or consideration."", ""Source does not identify before/after equity holders or percentages; manager/officer names are not treated as owners.""]","1. Santini Baldini, LLC

Doing business as: Casa Razdora
115 Water St., Boston, MA 02109
License #: LB 100205
Holder of a Common Victualler License has petitioned to change the Corporate Structure of the license
business From: SANTINI BALDINI, LLC To: SANTINI BALDINI, INC Secondly has petitioned to
change the Manager of the licensed business From: Giancarlo Baldini To: Denise Santini.

Granted
___________________________________________________________________________________"
BLB-2025-09-18-OI-054,2025-09-18,LB547630,common_victualler_no_alcohol_stated,ownership_application_disposition,Wtea Inc,What Tea,"[""ownership_interest_change""]",granted,True,Wtea Inc,licensee,"[{""name"": ""Qianyi Weng"", ""interest_percent"": 25, ""role"": null, ""source_quote"": ""change the Ownership Interest of the license business From: Qianyi Weng ( 25% Shares), Jieyi Chen ( 25% Shares), Wenyin Ma (25% Shares) , Xinyi Liang ( 25% Shares) To: Shimeng Fu (50% Shares) & Brandon Bo Hon Chiu (50% Shares)"", ""interest_quantity"": null, ""interest_unit"": null}, {""name"": ""Jieyi Chen"", ""interest_percent"": 25, ""role"": null, ""source_quote"": ""change the Ownership Interest of the license business From: Qianyi Weng ( 25% Shares), Jieyi Chen ( 25% Shares), Wenyin Ma (25% Shares) , Xinyi Liang ( 25% Shares) To: Shimeng Fu (50% Shares) & Brandon Bo Hon Chiu (50% Shares)"", ""interest_quantity"": null, ""interest_unit"": null}, {""name"": ""Wenyin Ma"", ""interest_percent"": 25, ""role"": null, ""source_quote"": ""change the Ownership Interest of the license business From: Qianyi Weng ( 25% Shares), Jieyi Chen ( 25% Shares), Wenyin Ma (25% Shares) , Xinyi Liang ( 25% Shares) To: Shimeng Fu (50% Shares) & Brandon Bo Hon Chiu (50% Shares)"", ""interest_quantity"": null, ""interest_unit"": null}, {""name"": ""Xinyi Liang"", ""interest_percent"": 25, ""role"": null, ""source_quote"": ""change the Ownership Interest of the license business From: Qianyi Weng ( 25% Shares), Jieyi Chen ( 25% Shares), Wenyin Ma (25% Shares) , Xinyi Liang ( 25% Shares) To: Shimeng Fu (50% Shares) & Brandon Bo Hon Chiu (50% Shares)"", ""interest_quantity"": null, ""interest_unit"": null}]","[{""name"": ""Shimeng Fu"", ""interest_percent"": 50, ""role"": null, ""source_quote"": ""change the Ownership Interest of the license business From: Qianyi Weng ( 25% Shares), Jieyi Chen ( 25% Shares), Wenyin Ma (25% Shares) , Xinyi Liang ( 25% Shares) To: Shimeng Fu (50% Shares) & Brandon Bo Hon Chiu (50% Shares)"", ""interest_quantity"": null, ""interest_unit"": null}, {""name"": ""Brandon Bo Hon Chiu"", ""interest_percent"": 50, ""role"": null, ""source_quote"": ""change the Ownership Interest of the license business From: Qianyi Weng ( 25% Shares), Jieyi Chen ( 25% Shares), Wenyin Ma (25% Shares) , Xinyi Liang ( 25% Shares) To: Shimeng Fu (50% Shares) & Brandon Bo Hon Chiu (50% Shares)"", ""interest_quantity"": null, ""interest_unit"": null}]",,,False,https://www.boston.gov/sites/default/files/file/2025/09/Voting%20Minutes%209-18-25.docx.pdf,15,15,13,Granted,"[""Only parties and interests stated in the ownership clause are listed; this is not assumed to be a complete capitalization table.""]","13. Wtea Inc

Doing business as: What Tea
42 Beach St., Boston, MA 02111
License #: LB 547630
Holder of a Common Victualler has petitioned to change the Ownership Interest of the license business
From: Qianyi Weng ( 25% Shares), Jieyi Chen ( 25% Shares), Wenyin Ma (25% Shares) , Xinyi Liang (
25% Shares) To: Shimeng Fu (50% Shares) & Brandon Bo Hon Chiu (50% Shares)
Secondly has petitioned to change the DBA of the licensed business From: What Tea To: More Coffee
and Tea
Lastly has petitioned to change the Manager of the licensed business From: Qianyi Weng To: Shimeng
Fu

Granted
___________________________________________________________________________________"
BLB-2025-10-01-OI-024,2025-10-01,LB98959,explicit_alcohol,ownership_application_disposition,"Endever Hospitality Group, LLC",Warehouse Bar & Grill,"[""ownership_interest_change""]",granted,True,"Endever Hospitality Group, LLC",licensee,[],[],,,False,https://docs.google.com/document/d/e/2PACX-1vTeHLRvJlPmTfl3vIvK2ThWgOvzf4b3jaWl3LXTY31CQsyD5NnjfF8xMbjI5cVrGA/pub,,,15,Granted,"[""Source does not identify before/after equity holders or percentages; manager/officer names are not treated as owners.""]","15. Endever Hospitality Group, LLC

Doing business as: Warehouse Bar & Grill
40 Broad St, Boston, MA 02109
License #:  LB-98959
Holder of a Common Victualler 7 Day All-Alcoholic Beverages License has petitioned for a change of Ownership Interest. Secondly, has petitioned to change the DBA of the licensed business - From: Warehouse Bar & Grille To: Warehouse Kitchen + Sports Bar.
Attorney:  Adam R. Barnosky

Granted"
BLB-2025-10-23-OI-028,2025-10-23,LB99259,explicit_alcohol,ownership_application_disposition,"Tavern in the Square Causeway Street, LLC",Tavern in the Square,"[""ownership_interest_change""]",granted,True,"Tavern in the Square Causeway Street, LLC",licensee,[],[],,,False,https://www.boston.gov/sites/default/files/file/2025/10/Voting%20Minutes%2010-23-25.docx_0.pdf,8,8,21,Granted,"[""Source does not identify before/after equity holders or percentages; manager/officer names are not treated as owners.""]","21. Tavern in the Square Causeway Street, LLC

Doing business as: Tavern in the Square
120 Beverly St, Boston, MA 02114
License #: LB-99259
Holder of a Common Victualler 7 Day All-Alcoholic Beverages License has petitioned for a change of
Officers/Directors/LLC Managers. Secondly, has petitioned for a change in Ownership Interest.
Attorney: Elizabeth Pisano

Granted"
BLB-2025-10-23-OI-029,2025-10-23,LB98812,explicit_alcohol,ownership_application_disposition,"Tavern in the Square South Station, LLC",Tavern in the Square,"[""ownership_interest_change""]",granted,True,"Tavern in the Square South Station, LLC",licensee,[],[],,,False,https://www.boston.gov/sites/default/files/file/2025/10/Voting%20Minutes%2010-23-25.docx_0.pdf,8,8,22,Granted,"[""Source does not identify before/after equity holders or percentages; manager/officer names are not treated as owners.""]","22. Tavern in the Square South Station, LLC

Doing business as: Tavern in the Square
1 South Station, Boston, MA 02110
License #: LB-98812
Holder of a Common Victualler 7 Day All-Alcoholic Beverages License has petitioned for a change of
Officers/Directors/LLC Managers. Secondly, has petitioned for a change in Ownership Interest.
Attorney: Elizabeth Pisano

Granted"
BLB-2025-10-23-OI-030,2025-10-23,LB99058,explicit_alcohol,ownership_application_disposition,"James Associates, Inc.",The Broadway,"[""ownership_interest_change"", ""corporate_structure_change""]",granted,True,"James Associates, Inc.",licensee,[],[],"James Associates, Inc.","James Associates, LLC",True,https://www.boston.gov/sites/default/files/file/2025/10/Voting%20Minutes%2010-23-25.docx_0.pdf,8,8,23,Granted,"[""Corporate conversion identifies entity forms, not beneficial owners or consideration."", ""Source does not identify before/after equity holders or percentages; manager/officer names are not treated as owners.""]","23. James Associates, Inc.

Doing business as: The Broadway
734 E Broadway, South Boston, MA 02127
License #: LB-99058
Holder of a Common Victualler 7 Day All-Alcoholic Beverages License has petitioned to change the
Corporate Structure of the licensed business - From: James Associates, Inc. To: James Associates, LLC.
Secondly, has petitioned for a change of Ownership Interest. Lastly, has petitioned for a change of
Officers/Directors/LLC Managers.
Attorney: Elizabeth Pisano

Granted"
BLB-2025-10-23-OI-031,2025-10-23,LB99057,explicit_alcohol,ownership_application_disposition,JABC Corp.,The Playwright Bar,"[""ownership_interest_change"", ""corporate_structure_change""]",granted,True,JABC Corp.,licensee,[],[],JABC Corp.,"JABC, LLC",True,https://www.boston.gov/sites/default/files/file/2025/10/Voting%20Minutes%2010-23-25.docx_0.pdf,9,9,24,Granted,"[""Corporate conversion identifies entity forms, not beneficial owners or consideration."", ""Source does not identify before/after equity holders or percentages; manager/officer names are not treated as owners.""]","24. JABC Corp.

Doing business as: The Playwright Bar
658-660 E Broadway, South Boston, MA 02127
License #: LB-99057
Holder of a Common Victualler 7 Day All-Alcoholic Beverages License has petitioned to change the
Corporate Structure of the licensed business - From: JABC Corp. To: JABC, LLC. Secondly, has
petitioned for a change of Ownership Interest. Lastly, has petitioned for a change of
Officers/Directors/LLC Managers.
Attorney: Elizabeth Pisano

Granted"
BLB-2025-10-23-OI-032,2025-10-23,LB101887,explicit_alcohol,ownership_application_disposition,"Fields Station Liquors, Inc.",Supreme Liquors - Fields Station,"[""stock_interest_change""]",granted,True,"Fields Station Liquors, Inc.",licensee,[],[],,,False,https://www.boston.gov/sites/default/files/file/2025/10/Voting%20Minutes%2010-23-25.docx_0.pdf,9,9,25,Granted,"[""Source does not identify before/after equity holders or percentages; manager/officer names are not treated as owners.""]","25. Fields Station Liquors, Inc.

Doing business as: Supreme Liquors - Fields Station
500-520 Geneva Ave, Dorchester, MA 02122
License #: LB-101887
Holder of a Retail Package Store All-Alcoholic Beverages License has petitioned for a change of
Officers/Directors. Secondly, has petitioned for a change of Stock Interest.
Attorney: Julia Royce

Granted"
BLB-2025-10-23-OI-033,2025-10-23,LB101886,explicit_alcohol,ownership_application_disposition,"Dorchester Supreme Liquor Stores, Inc.",Supreme Liquors,"[""stock_interest_change""]",granted,True,"Dorchester Supreme Liquor Stores, Inc.",licensee,[],[],,,False,https://www.boston.gov/sites/default/files/file/2025/10/Voting%20Minutes%2010-23-25.docx_0.pdf,9,9,26,Granted,"[""Source does not identify before/after equity holders or percentages; manager/officer names are not treated as owners.""]","26. Dorchester Supreme Liquor Stores, Inc.

Doing business as: Supreme Liquors
540 Gallivan Blvd, Dorchester, MA 02122
License #: LB-101886
Holder of a Retail Package Store All-Alcoholic Beverages License has petitioned for a change of
Officers/Directors. Secondly, has petitioned for a change of Stock Interest.
Attorney: Julia Royce

Granted"
BLB-2025-10-23-OI-034,2025-10-23,LB99810,explicit_alcohol,ownership_application_disposition,"Wagamama Boston One, LLC",Wagamama,"[""ownership_interest_change""]",granted,True,"Wagamama Boston One, LLC",licensee,[],[],,,False,https://www.boston.gov/sites/default/files/file/2025/10/Voting%20Minutes%2010-23-25.docx_0.pdf,9,9,27,Granted,"[""Source does not identify before/after equity holders or percentages; manager/officer names are not treated as owners.""]","27. Wagamama Boston One, LLC

Doing business as: Wagamama
200-299 Faneuil Hall Marketplace, Boston, MA 02109
License #: LB-99810
Holder of a Common Victualler 7 Day Wines and Malt Beverages with Liqueurs License has petitioned
to change the manager of the licensed business - From: Jesus Mendoza To: Amir Dhungel. Secondly,
has petitioned for a change of Officers/Directors/LLC Managers. Lastly, has petitioned for a change of
Ownership Interest.
Attorney: Elizabeth Pisano

Granted"
BLB-2025-10-23-OI-035,2025-10-23,LB99809,explicit_alcohol,ownership_application_disposition,"Wagamama Boston One, LLC",Wagamama,"[""ownership_interest_change""]",granted,True,"Wagamama Boston One, LLC",licensee,[],[],,,False,https://www.boston.gov/sites/default/files/file/2025/10/Voting%20Minutes%2010-23-25.docx_0.pdf,10,10,28,Granted,"[""Source does not identify before/after equity holders or percentages; manager/officer names are not treated as owners.""]","28. Wagamama Boston One, LLC

Doing business as: Wagamama
800 Boylston St, Boston, MA 02199
License #: LB-99809
Holder of a Common Victualler 7 Day Wines and Malt Beverages with Liqueurs License has petitioned
for a change of Officers/Directors/LLC Managers. Secondly, has petitioned for a change of Ownership
Interest.
Attorney: Elizabeth Pisano

Granted"
BLB-2025-10-23-OI-036,2025-10-23,LB464464,explicit_alcohol,ownership_application_disposition,Virpa Corp,Square Bites,"[""stock_interest_change""]",granted,True,Virpa Corp,licensee,[],[],,,False,https://www.boston.gov/sites/default/files/file/2025/10/Voting%20Minutes%2010-23-25.docx_0.pdf,10,10,29,Granted,"[""Source does not identify before/after equity holders or percentages; manager/officer names are not treated as owners.""]","29. Virpa Corp

Doing business as: Square Bites
38 Maverick Square, East Boston, MA 02128
License #: LB-464464
Holder of a Retail Package Store Wines and Malt Beverages License has petitioned to change the
category of the license - From: Retail Package Store Wines and Malt Beverages. To: Retail Package
Store All-Alcoholic Beverages. Secondly, has petitioned for a change of Stock Interest. Thirdly, has
petitioned for a change of Officers/Directors. Lastly, has petitioned to change the manager of the
licensed business - From: Disha Patel To: Sanjaykumar Patel.
Attorney: Thomas P. Miller

Granted
Condition: No increase to the amount of floor space dedicated to alcohol, or changes to the
floorplan on file with the Board, without Board approval.
Licensee must have a copy of the approved floorplan on the premises at all times"
BLB-2025-11-06-OI-024,2025-11-06,LB100852,common_victualler_no_alcohol_stated,ownership_application_disposition,"Ozseferoglu, LLC",Arboretum Grill,"[""ownership_interest_change""]",granted,True,"Ozseferoglu, LLC",licensee,"[{""name"": ""Ahmet Ozseferoglu"", ""interest_percent"": 50, ""role"": ""Owner"", ""source_quote"": ""change the Ownership Interest of the license business From: Ahmet Ozseferoglu: Owner (50% Shares) To: Gulsume Erdem: Owner (50% Shares)"", ""interest_quantity"": null, ""interest_unit"": null}]","[{""name"": ""Gulsume Erdem"", ""interest_percent"": 50, ""role"": ""Owner"", ""source_quote"": ""change the Ownership Interest of the license business From: Ahmet Ozseferoglu: Owner (50% Shares) To: Gulsume Erdem: Owner (50% Shares)"", ""interest_quantity"": null, ""interest_unit"": null}]",,,False,https://drive.google.com/file/d/1UhcS_UqlbNBRe2OO23O2ENwcfs5wz8Wi/view?usp=drive_link,9,9,1,Granted,"[""Only parties and interests stated in the ownership clause are listed; this is not assumed to be a complete capitalization table.""]","1. Ozseferoglu, LLC

Doing business as: Arboretum Grill
4021 ‐ 4025 Washington St., Roslindale, MA 02131
License #: LB‐100852
Holder of a Common Victualler License has petitioned to change the Ownership Interest of the license
business From: Ahmet Ozseferoglu: Owner (50% Shares) To: Gulsume Erdem: Owner (50% Shares)

Granted
___________________________________________________________________________________"
BLB-2025-11-06-OI-026,2025-11-06,LB386575,common_victualler_no_alcohol_stated,ownership_application_disposition,"Night Shift Lovejoy, LLC",Night Shift Brewing,"[""stock_interest_change""]",granted,True,Nightshift Brewing Inc.,parent_company_explicit,[],[],,,False,https://drive.google.com/file/d/1UhcS_UqlbNBRe2OO23O2ENwcfs5wz8Wi/view?usp=drive_link,9,9,3,Granted,"[""Source does not identify before/after equity holders or percentages; manager/officer names are not treated as owners."", ""Source explicitly places the stock-interest change at the parent company Nightshift Brewing Inc.; licensee is Night Shift Lovejoy, LLC.""]","3. Night Shift Lovejoy, LLC

Doing business as: Night Shift Brewing
1 Lovejoy Wh., Boston, MA 02114
License #: LB‐386575
Holder of a Common Victualler License has petitioned to change the manager of the licensed business ‐
From: Michael O’Mara To: Jack Hendler.
Secondly, has petitioned for a Change of Officers/Directors and a change in Stock interest of the Parent
Company Nightshift Brewing Inc.

Granted
___________________________________________________________________________________"
BLB-2025-11-06-OI-027,2025-11-06,LB480459,common_victualler_no_alcohol_stated,ownership_application_disposition,"Fruit Tea MA2, Inc.",Yifang Taiwan Fruit Tea,"[""ownership_interest_change""]",granted,True,"Fruit Tea MA2, Inc.",licensee,"[{""name"": ""Ming Yang Zheng"", ""interest_percent"": 50, ""role"": ""Owner/Treasurer"", ""source_quote"": ""change the Ownership Interest of the license business From: Ming Yang Zheng: Owner/Treasurer(50% Shares) To: Emily Chen: Pres/Manager (100% Shares)"", ""interest_quantity"": null, ""interest_unit"": null}]","[{""name"": ""Emily Chen"", ""interest_percent"": 100, ""role"": ""Pres/Manager"", ""source_quote"": ""change the Ownership Interest of the license business From: Ming Yang Zheng: Owner/Treasurer(50% Shares) To: Emily Chen: Pres/Manager (100% Shares)"", ""interest_quantity"": null, ""interest_unit"": null}]",,,False,https://drive.google.com/file/d/1UhcS_UqlbNBRe2OO23O2ENwcfs5wz8Wi/view?usp=drive_link,9,9,4,Granted,"[""Only parties and interests stated in the ownership clause are listed; this is not assumed to be a complete capitalization table.""]","4. Fruit Tea MA2, Inc.

Doing business as: Yifang Taiwan Fruit Tea
14 Brighton Av., Allston, MA 02134
License #: LB‐480459
Holder of a Common Victualler License has petitioned to change the Ownership Interest of the license
business From: Ming Yang Zheng: Owner/Treasurer(50% Shares) To: Emily Chen: Pres/Manager
(100% Shares)
Secondly, has petitioned to change the DBA of the licensed business From: Yifang Taiwan Fruit Tea To:
Bloome Fruit Tea

Granted
___________________________________________________________________________________"
BLB-2025-11-06-OI-031,2025-11-06,LB332339,common_victualler_no_alcohol_stated,ownership_application_disposition,"Essential Body Herbs, Inc.",Essential Herb N Juice Cafe,"[""ownership_interest_change""]",granted,True,"Essential Body Herbs, Inc.",licensee,"[{""name"": ""Richard Phipps"", ""interest_percent"": 33.33, ""role"": ""Vice President"", ""source_quote"": ""change the Ownership Interest of the license business From: Richard Phipps: Vice President (33.33% Shares) & Meridith Morgan: Secretary (33.33% Shares) To: Wayne Atkinson: President (100% Shares)"", ""interest_quantity"": null, ""interest_unit"": null}, {""name"": ""Meridith Morgan"", ""interest_percent"": 33.33, ""role"": ""Secretary"", ""source_quote"": ""change the Ownership Interest of the license business From: Richard Phipps: Vice President (33.33% Shares) & Meridith Morgan: Secretary (33.33% Shares) To: Wayne Atkinson: President (100% Shares)"", ""interest_quantity"": null, ""interest_unit"": null}]","[{""name"": ""Wayne Atkinson"", ""interest_percent"": 100, ""role"": ""President"", ""source_quote"": ""change the Ownership Interest of the license business From: Richard Phipps: Vice President (33.33% Shares) & Meridith Morgan: Secretary (33.33% Shares) To: Wayne Atkinson: President (100% Shares)"", ""interest_quantity"": null, ""interest_unit"": null}]",,,False,https://drive.google.com/file/d/1UhcS_UqlbNBRe2OO23O2ENwcfs5wz8Wi/view?usp=drive_link,10,10,8,Granted,"[""Only parties and interests stated in the ownership clause are listed; this is not assumed to be a complete capitalization table.""]","8. Essential Body Herbs, Inc.

Doing business as: Essential Herb N Juice Cafe
501B Washington St., Dorchester, MA 02124
License #: LB‐332339
Holder of a Common Victualler License has petitioned to change the Ownership Interest of the license
business From: Richard Phipps: Vice President (33.33% Shares) & Meridith Morgan: Secretary
(33.33% Shares) To: Wayne Atkinson: President (100% Shares)

Granted
___________________________________________________________________________________"
BLB-2025-11-20-OI-014,2025-11-20,LB101898,explicit_alcohol,ownership_application_disposition,"Metropolitan Liquor Associates, Inc.",Top Liquors,"[""stock_interest_change""]",granted,True,"Metropolitan Liquor Associates, Inc.",licensee,[],[],,,False,https://drive.google.com/file/d/1Ham1bqHNtmqMWczY3e1sQ6TBt06HZoGv/view,4,4,7,Granted,"[""Source does not identify before/after equity holders or percentages; manager/officer names are not treated as owners.""]","7. Metropolitan Liquor Associates, Inc.

Doing business as: Top Liquors
435-439 Hyde Park Ave, Roslindale, MA 02131
License #: LB-101898
Holder of a Retail Package Store All-Alcoholic Beverages License has petitioned for a change of
Officers /Directors. Secondly, has petitioned for a change of Stock Interest.
Attorney: Timothy J. Burke

Granted"
BLB-2025-11-20-OI-015,2025-11-20,LB101971,explicit_alcohol,ownership_application_disposition,"Sobo Wine, Inc.",Sobo Wine and Spirits,"[""stock_interest_change""]",granted,True,"Sobo Wine, Inc.",licensee,[],[],,,False,https://drive.google.com/file/d/1Ham1bqHNtmqMWczY3e1sQ6TBt06HZoGv/view,4,4,8,Granted,"[""Source does not identify before/after equity holders or percentages; manager/officer names are not treated as owners.""]","8. Sobo Wine, Inc.

Doing business as: Sobo Wine and Spirits
259 Dorchester St, South Boston, MA 02127
License #: LB-101971
Holder of a Retail Package Store All-Alcoholic Beverages License has petitioned for a change of Stock
Interest. Secondly, has petitioned to change the DBA of the licensed business To: City Liquor & Smoke
Shop.
Attorney: Andrew F. Upton

Granted"
BLB-2025-11-20-OI-016,2025-11-20,LB101902,explicit_alcohol,ownership_application_disposition,"Marlborough Liquor Market, Inc.",Marlborough Market,"[""stock_interest_change""]",granted,True,"Marlborough Liquor Market, Inc.",licensee,[],[],,,False,https://drive.google.com/file/d/1Ham1bqHNtmqMWczY3e1sQ6TBt06HZoGv/view,4,4,9,Granted,"[""Source does not identify before/after equity holders or percentages; manager/officer names are not treated as owners."", ""Grant has an explicit issuance condition retained in full item text; no assertion that the condition was satisfied.""]","9. Marlborough Liquor Market, Inc.

Doing business as: Marlborough Market
45 Massachusetts Ave, Boston, MA 02115
License #: LB-101902
Holder of a Retail Package Store All-Alcoholic Beverages License has petitioned for a change of Stock
Interest. Secondly, has petitioned to change the DBA of the license business To: City Liquor & Smoke
Shop.
Attorney: Andrew F. Upton

Granted
License not to be issued until the Licensee has met with the Neighborhood Association of the Back
Bay
Conditions: 1. No singles; 2. No kegs; 3. Licensee commits to monitoring trash outside the licensed
premise; 4. Licensee commits to improved lighting"
BLB-2025-12-04-OI-011,2025-12-04,LB99747,explicit_alcohol,ownership_application_disposition,"Tri’ur, Inc.",Salty Pig,"[""stock_interest_change""]",granted,True,"Tri’ur, Inc.",licensee,[],[],,,False,https://www.boston.gov/sites/default/files/file/2025/12/Voting%20Minutes%2012-4-25.docx.pdf,4,4,6,Granted,"[""Source does not identify before/after equity holders or percentages; manager/officer names are not treated as owners."", ""Item also includes a stock pledge, which does not itself establish an equity ownership transfer or control.""]","6. Tri’ur, Inc.

Doing business as: Salty Pig
130 Dartmouth St, Boston, MA 02116
License #: LB-99747
Holder of a Common Victualler 7 Day Wines and Malt Beverages with Liqueurs License has petitioned
for Change of Stock Interest. Secondly, has petitioned for a pledge of stock to James T. Cochener.
Attorney: Marshall F. Newman

Granted"
BLB-2025-12-04-OI-012,2025-12-04,LB99446,explicit_alcohol,ownership_application_disposition,"Traveler Street Partners, Inc.",,"[""stock_interest_change""]",granted,True,"Traveler Street Partners, Inc.",licensee,[],[],,,False,https://www.boston.gov/sites/default/files/file/2025/12/Voting%20Minutes%2012-4-25.docx.pdf,4,4,7,Granted,"[""Source does not identify before/after equity holders or percentages; manager/officer names are not treated as owners."", ""Item also includes a stock pledge, which does not itself establish an equity ownership transfer or control.""]","7. Traveler Street Partners, Inc.

264 E Berkeley St, Boston, MA 02118
License #: LB-99446
Holder of a Common Victualler 7 Day All-Alcoholic Beverages License has petitioned for Change of
Stock Interest. Secondly, has petitioned for a pledge of stock to James T. Cochener.
Attorney: Marshall F. Newman

Granted"
BLB-2025-12-04-OI-021,2025-12-04,LB114808,common_victualler_no_alcohol_stated,ownership_application_disposition,"Wingz to Perfection, LLC",Bobby Fish,"[""ownership_interest_change""]",granted,True,"Wingz to Perfection, LLC",licensee,"[{""name"": ""Olcian Durham"", ""interest_percent"": 50, ""role"": ""Vice President"", ""source_quote"": ""change the Ownership Interest of the license business From: Olcian Durham: Vice President (50% Shares) To: Andrew Gayle: Co‐Owner (50% Shares)"", ""interest_quantity"": null, ""interest_unit"": null}]","[{""name"": ""Andrew Gayle"", ""interest_percent"": 50, ""role"": ""Co-Owner"", ""source_quote"": ""change the Ownership Interest of the license business From: Olcian Durham: Vice President (50% Shares) To: Andrew Gayle: Co‐Owner (50% Shares)"", ""interest_quantity"": null, ""interest_unit"": null}]",,,False,https://www.boston.gov/sites/default/files/file/2025/12/Voting%20Minutes%2012-4-25.docx.pdf,8,8,1,Granted,"[""Only parties and interests stated in the ownership clause are listed; this is not assumed to be a complete capitalization table.""]","1. Wingz to Perfection, LLC

Doing business as: Bobby Fish
312 Bowdoin St., Dorchester, MA 02125
License #: LB‐114808
Holder of a Common Victualler License has petitioned to change the Ownership Interest of the license
business From: Olcian Durham: Vice President (50% Shares) To: Andrew Gayle: Co‐Owner (50%
Shares)

Granted
___________________________________________________________________________________"
BLB-2026-01-08-OI-E017,2026-01-08,LB99402,explicit_alcohol,ownership_application_disposition,"Fan Hall MV Restaurant, LLC",Margaritaville,"[""ownership_interest_change""]",granted,True,"Fan Hall MV Restaurant, LLC",licensee,[],[],,,False,https://www.boston.gov/sites/default/files/file/2026/01/Voting%20Minutes%201-9-26.docx.pdf,5,5,8,Granted,"[""The item states a change of ownership/stock interest but does not identify the before/after owners or their percentages. Named managers, officers, attorneys and pledge recipients are not treated as shareholders.""]","8. Fan Hall MV Restaurant, LLC

Doing business as: Margaritaville
300 Faneuil Hall Marketplace, Boston, MA 02109
License #: LB-99402
Holder of a Common Victualler 7 Day All-Alcoholic Beverages License has petitioned for a Change of
Ownership Interest. Secondly, has petitioned for a Change of Officers/LLC Managers.
Attorney: Elizabeth Pisano

Granted"
BLB-2026-01-08-OI-E018,2026-01-08,LB99538,explicit_alcohol,ownership_application_disposition,"669 Centre, LLC",Tonino,"[""ownership_interest_change""]",granted,True,"669 Centre, LLC",licensee,[],[],,,False,https://www.boston.gov/sites/default/files/file/2026/01/Voting%20Minutes%201-9-26.docx.pdf,5,5,9,Granted,"[""The item states a change of ownership/stock interest but does not identify the before/after owners or their percentages. Named managers, officers, attorneys and pledge recipients are not treated as shareholders.""]","9. 669 Centre, LLC

Doing business as: Tonino
669A Centre St, Jamaica Plain, MA 02130
License #: LB-99538
Holder of a Common Victualler 7 Day Wines and Malt Beverages with Liqueurs License has petitioned
for a Change of Ownership Interest. Secondly, has petitioned for a Change of Officers/LLC Managers.
Attorney: Adam R. Barnosky

Granted"
BLB-2026-01-08-OI-E019,2026-01-08,LB101852,explicit_alcohol,ownership_application_disposition,"JJDA Fernandez, Inc.",Fernandez Liquors VI,"[""stock_interest_change""]",granted,True,"JJDA Fernandez, Inc.",licensee,[],[],,,False,https://www.boston.gov/sites/default/files/file/2026/01/Voting%20Minutes%201-9-26.docx.pdf,6,6,10,Granted,"[""The item states a change of ownership/stock interest but does not identify the before/after owners or their percentages. Named managers, officers, attorneys and pledge recipients are not treated as shareholders.""]","10. JJDA Fernandez, Inc.

Doing business as: Fernandez Liquors VI
1151 Blue Hill Ave, Dorchester, MA 02124
License #: LB-101852
Holder of a Retail Package Store All-Alcoholic Beverages License has petitioned for a Change of Stock
Interest. Secondly, has petitioned for a Change of Officers/Directors. Thirdly, has petitioned to change
the manager of the licensed business - From: Amilcar Fernandez To: Frandy Fernandez. Fourthly, has
petitioned to change the dba of the licensed business - From: Fernandez Liquors VI To: Fernandez
Square Liquors. Lastly, has petitioned to pledge the license to Rockland Trust.
Attorney: Jennifer Allen

Granted"
BLB-2026-01-29-OI-E037,2026-01-29,LB584421,common_victualler_no_alcohol_stated,ownership_application_disposition,Zarhan LLC,Emmi Bakery & Cafe,"[""ownership_interest_change""]",granted,True,Zarhan LLC,licensee,"[{""name"": ""Orhan Berten"", ""interest_percent"": 50, ""role"": ""shareholder"", ""source_quote"": ""From: Orhan Berten (50% Shares) To: Sezar Yavuz (100%shares)"", ""interest_quantity"": null, ""interest_unit"": null}]","[{""name"": ""Sezar Yavuz"", ""interest_percent"": 100, ""role"": ""shareholder"", ""source_quote"": ""From: Orhan Berten (50% Shares) To: Sezar Yavuz (100%shares)"", ""interest_quantity"": null, ""interest_unit"": null}]",,,False,https://www.boston.gov/sites/default/files/file/2026/01/Voting%20Minutes%201-29-26.docx.pdf,12,12,2,Granted,"[""Only the stated 50% prior interest is recorded. The item does not identify the other prior 50% or state Sezar Yavuz's prior percentage. Manager roles do not supply missing ownership.""]","2. Zarhan LLC

Doing business as: Emmi Bakery & Cafe
100 City Sq., Charlestown, MA 02129
License #: LB‐584421
Holder of a Common Victualler License has petitioned to change the Officer/ Director/ LLC Manager
of the license business From: Orhan Berten (LLC Manager) To: Sezar Yavuz (LLC Manager ) Secondly,
has petitioned to change the Ownership Interest of the license business‐ From: Orhan Berten (50%
Shares) To: Sezar Yavuz (100%shares)

Granted
___________________________________________________________________________________"
BLB-2026-01-29-OI-E040,2026-01-29,LB577304,common_victualler_no_alcohol_stated,ownership_application_disposition,Pho Que Inc.,Pho Que Restaurant,"[""stock_transfer""]",granted,True,Pho Que Inc.,licensee,"[{""name"": ""Daniel Lam"", ""interest_percent"": 43, ""role"": ""shareholder"", ""source_quote"": ""From: Daniel Lam (43% Shares) , Uyen Lai (43% Shares & Trang Tran (14% Shares) To: Daniel Lam (100% Shares)"", ""interest_quantity"": null, ""interest_unit"": null}, {""name"": ""Uyen Lai"", ""interest_percent"": 43, ""role"": ""shareholder"", ""source_quote"": ""From: Daniel Lam (43% Shares) , Uyen Lai (43% Shares & Trang Tran (14% Shares) To: Daniel Lam (100% Shares)"", ""interest_quantity"": null, ""interest_unit"": null}, {""name"": ""Trang Tran"", ""interest_percent"": 14, ""role"": ""shareholder"", ""source_quote"": ""From: Daniel Lam (43% Shares) , Uyen Lai (43% Shares & Trang Tran (14% Shares) To: Daniel Lam (100% Shares)"", ""interest_quantity"": null, ""interest_unit"": null}]","[{""name"": ""Daniel Lam"", ""interest_percent"": 100, ""role"": ""shareholder"", ""source_quote"": ""From: Daniel Lam (43% Shares) , Uyen Lai (43% Shares & Trang Tran (14% Shares) To: Daniel Lam (100% Shares)"", ""interest_quantity"": null, ""interest_unit"": null}]",,,False,https://www.boston.gov/sites/default/files/file/2026/01/Voting%20Minutes%201-29-26.docx.pdf,13,13,5,Granted,"[""The source omits a closing parenthesis after Uyen Lai's 43% interest; names and percentages are preserved as stated.""]","5. Pho Que Inc.

Doing business as: Pho Que Restaurant
291 Adams St., Dorchester, MA 02122
License #: LB‐577304
Holder of a Common Victualler License has petitioned for a Transfer of Stock of the licensed
business From: Daniel Lam (43% Shares) , Uyen Lai (43% Shares & Trang Tran (14% Shares)
To: Daniel Lam (100% Shares)

Granted
___________________________________________________________________________________"
BLB-2026-02-12-OI-E021,2026-02-12,LB99090,explicit_alcohol,ownership_application_disposition,"Basho Fenway Ventures, LLC",Basho Japanese Restaurant & Lounge,"[""ownership_interest_change""]",granted,True,"Basho Fenway Ventures, LLC",licensee,[],[],,,False,https://www.boston.gov/sites/default/files/file/2026/02/Voting%20Minutes%202-12-26.docx%20%281%29.pdf,6,6,14,Granted,"[""The item states a change of ownership/stock interest but does not identify the before/after owners or their percentages. Named managers, officers, attorneys and pledge recipients are not treated as shareholders.""]","14. Basho Fenway Ventures, LLC

Doing business as: Basho Japanese Restaurant & Lounge
1330 Boylston St, Boston, MA 02215
License #: LB-99090
Holder of a Common Victualler 7 Day All-Alcoholic Beverages License has petitioned for Change of
Ownership Interest. Secondly, has petitioned for a Change of LLC Manager. Lastly, has petitioned to
change the manager of the licensed business - From: Kuotai Jack Huang To: Chiachen Chow.
Attorney: Adam R. Barnosky

Granted"
BLB-2026-02-12-OI-E022,2026-02-12,LB98920,explicit_alcohol,ownership_application_disposition,"HLC Group Enterprises, LLC",Douzo,"[""ownership_interest_change""]",granted,True,"HLC Group Enterprises, LLC",licensee,[],[],,,False,https://www.boston.gov/sites/default/files/file/2026/02/Voting%20Minutes%202-12-26.docx%20%281%29.pdf,7,7,15,Granted,"[""The item states a change of ownership/stock interest but does not identify the before/after owners or their percentages. Named managers, officers, attorneys and pledge recipients are not treated as shareholders.""]","15. HLC Group Enterprises, LLC

Doing business as: Douzo
131 Dartmouth St, Boston, MA 02116
License #: LB-98920
Holder of a Common Victualler 7 Day All-Alcoholic Beverages License has petitioned for Change of
Ownership Interest. Secondly, has petitioned for a Change of LLC Manager. Lastly, has petitioned to
change the manager of the licensed business - From: Kuotai Jack Huang To: Chiachen Chow.
Attorney: Adam R. Barnosky

Granted"
BLB-2026-02-12-OI-E023,2026-02-12,LB99443,explicit_alcohol,ownership_application_disposition,"Clover Ventures, LLC",Bostonia Public House,"[""ownership_interest_change""]",granted,True,"Clover Ventures, LLC",licensee,[],[],,,False,https://www.boston.gov/sites/default/files/file/2026/02/Voting%20Minutes%202-12-26.docx%20%281%29.pdf,7,7,16,Granted,"[""The item states a change of ownership/stock interest but does not identify the before/after owners or their percentages. Named managers, officers, attorneys and pledge recipients are not treated as shareholders.""]","16. Clover Ventures, LLC

Doing business as: Bostonia Public House
131 State St, Boston, MA 02109
License #: LB-99443
Holder of a Common Victualler 7 Day All-Alcoholic Beverages License has petitioned for Change of
Ownership Interest. Attorney: Dawson Cooper

Granted"
BLB-2026-02-12-OI-E028,2026-02-12,LB99594,explicit_alcohol,ownership_application_disposition,"Trident Booksellers, Inc.",Trident Booksellers,"[""stock_interest_change""]",granted,True,"Trident Booksellers, Inc.",licensee,[],[],,,False,https://www.boston.gov/sites/default/files/file/2026/02/Voting%20Minutes%202-12-26.docx%20%281%29.pdf,8,8,21,Granted,"[""The item states a change of ownership/stock interest but does not identify the before/after owners or their percentages. Named managers, officers, attorneys and pledge recipients are not treated as shareholders.""]","21. Trident Booksellers, Inc.

Doing business as: Trident Booksellers
338 Newbury St, Boston, MA 02115
License #: LB-99594
Holder of a Common Victualler 7 Day Wines and Malt Beverages License has petitioned for a Change
of Stock Interest. Secondly, has petitioned for a Change of Officers/Directors. Lastly, has petitioned to
change the classification of its license - To: a (restricted) All-Alcoholic Beverages License pursuant to
the authority contained in M.G.L. Chapter 138, Section 12D.

Granted"
BLB-2026-03-05-OI-E023,2026-03-05,LB138437,explicit_alcohol,ownership_application_disposition,"LMPBTR, LLC",Silver Dove Afternoon Tea,"[""ownership_interest_change""]",granted,True,"LMPBTR, LLC",licensee,[],[],,,False,https://www.boston.gov/sites/default/files/file/2026/03/Voting%20Minutes%203-5-26.pdf,7,7,13,"Granted
(Commissioner Curran abstained)","[""The item states a change of ownership/stock interest but does not identify the before/after owners or their percentages. Named managers, officers, attorneys and pledge recipients are not treated as shareholders.""]","13. LMPBTR, LLC

Doing business as: Silver Dove Afternoon Tea
18 Tremont St, Boston, MA 02108
License #: LB-138437
Holder of a Common Victualler 7 Day Wines and Malt Beverages with Liqueurs License has petitioned
for a Change of Ownership Interest. Secondly, has petitioned to change the classification of its license -
To: a (restricted) All-Alcoholic Beverages License pursuant to the authority contained in M.G.L.
Chapter 138, Section 12D.
Attorney: Ryan M. Gazda

Granted
(Commissioner Curran abstained)"
BLB-2026-03-26-OI-E026,2026-03-26,LB102023,explicit_alcohol,ownership_application_disposition,"Huntington Avenue Market, Inc.",Huntington Market,"[""stock_interest_change""]",granted,True,"Huntington Avenue Market, Inc.",licensee,[],[],,,False,https://www.boston.gov/sites/default/files/file/2026/03/Voting%20Minutes%203-26-26.docx.pdf,8,8,20,Granted,"[""The item states a change of ownership/stock interest but does not identify the before/after owners or their percentages. Named managers, officers, attorneys and pledge recipients are not treated as shareholders.""]","20. Huntington Avenue Market, Inc.

Doing business as: Huntington Market
818-820 Huntington Ave, Boston, MA 02115
License #: LB-102023
Holder of a Retail Package Store All-Alcoholic Beverages License has petitioned to change the
manager of the licensed business - From: Charvak P. Karpe To: Shetal Patel. Secondly, has petitioned
for a change of Stock Interest. Thirdly, has petitioned for a change of Officers/Directors. Lastly, has
petitioned for a pledge of stock to Hareshkumar K. Patel.
Attorney: Thomas T. Truax

Granted"
BLB-2026-03-26-OI-E027,2026-03-26,LB603766,explicit_alcohol,ownership_application_disposition,"RFC LA, LLC",Roger’s Fish & Chips,"[""ownership_interest_change""]",granted,True,"RFC LA, LLC",licensee,[],[],,,False,https://www.boston.gov/sites/default/files/file/2026/03/Voting%20Minutes%203-26-26.docx.pdf,8,8,21,Granted,"[""The item states a change of ownership/stock interest but does not identify the before/after owners or their percentages. Named managers, officers, attorneys and pledge recipients are not treated as shareholders.""]","21. RFC LA, LLC

Doing business as: Roger’s Fish & Chips
1 Harborside Drive, East Boston, MA 02128
License #: LB-603766
Holder of a Common Victualler 7 Day (Airport) All-Alcoholic Beverages License has petitioned for a
change of Ownership Interest. Secondly, has petitioned for a pledge of license to The Bank of Canton.
Attorney: Richard Heller

Granted"
BLB-2026-04-30-OI-E022,2026-04-30,LB525934,explicit_alcohol,ownership_application_disposition,"LLH, LLC",Trader Joe’s,"[""ownership_interest_change""]",granted,True,"LLH, LLC",licensee,[],[],,,False,https://www.boston.gov/sites/default/files/file/2026/04/Voting%20Agenda%204-30-26.pdf,7,7,12,Granted,"[""The item states a change of ownership/stock interest but does not identify the before/after owners or their percentages. Named managers, officers, attorneys and pledge recipients are not treated as shareholders.""]","12. LLH, LLC

Doing business as: Trader Joe’s
500 Boylston St, Boston, MA 02116
License #: LB-525934
Holder of a Retail Package Store All-Alcoholic Beverages License has petitioned for a Change of
Ownership Interest.
Attorney: Andrew F. Upton

Granted"
BLB-2026-04-30-OI-E023,2026-04-30,LB314275,explicit_alcohol,ownership_application_disposition,"LLH, LLC",Trader Joe’s,"[""ownership_interest_change""]",granted,True,"LLH, LLC",licensee,[],[],,,False,https://www.boston.gov/sites/default/files/file/2026/04/Voting%20Agenda%204-30-26.pdf,7,7,13,Granted,"[""The item states a change of ownership/stock interest but does not identify the before/after owners or their percentages. Named managers, officers, attorneys and pledge recipients are not treated as shareholders.""]","13. LLH, LLC

Doing business as: Trader Joe’s
199 N. Harvard St, Allston, MA 02134
License #: LB-314275
Holder of a Retail Package Store All-Alcoholic Beverages License has petitioned for a Change of
Ownership Interest.
Attorney: Andrew F. Upton

Granted"
BLB-2026-04-30-OI-E024,2026-04-30,LB99093,explicit_alcohol,ownership_application_disposition,"186 Harvard Ave Bar, LLC",HAN,"[""ownership_interest_change""]",granted,True,"186 Harvard Ave Bar, LLC",licensee,[],[],,,False,https://www.boston.gov/sites/default/files/file/2026/04/Voting%20Agenda%204-30-26.pdf,8,8,14,Granted,"[""The item states a change of ownership/stock interest but does not identify the before/after owners or their percentages. Named managers, officers, attorneys and pledge recipients are not treated as shareholders.""]","14. 186 Harvard Ave Bar, LLC

Doing business as: HAN
178-188 Harvard Ave, Allston, MA 02134
License #: LB-99093
Holder of a Common Victualler 7 Day All-Alcoholic Beverages License has petitioned for Change of
Ownership Interest. Secondly, has petitioned to change the manager of the license business - From:
Daniel Stiffler To: Matthew Scibilia.
Attorney: Dennis A. Quilty

Granted"
BLB-2026-04-30-OI-E025,2026-04-30,LB99046,explicit_alcohol,ownership_application_disposition,"Sports Connection Bar & Grill, Inc.",,"[""stock_interest_change""]",granted,True,"Sports Connection Bar & Grill, Inc.",licensee,[],[],,,False,https://www.boston.gov/sites/default/files/file/2026/04/Voting%20Agenda%204-30-26.pdf,8,8,15,Granted,"[""The item states a change of ownership/stock interest but does not identify the before/after owners or their percentages. Named managers, officers, attorneys and pledge recipients are not treated as shareholders.""]","15. Sports Connection Bar & Grill, Inc.

560 Dorchester Ave, South Boston, MA 02127
License #: LB-99046
Holder of a Common Victualler 7 Day All-Alcoholic Beverages License has petitioned for Change of
Stock Interest. Secondly, has petitioned for a Change of Officers/Directors.

Granted"
BLB-2026-04-30-OI-E051,2026-04-30,LB99928,common_victualler_no_alcohol_stated,ownership_application_disposition,"China Bros., Inc.",China Sky Restaurant,"[""ownership_interest_change""]",granted,True,"China Bros., Inc.",licensee,[],"[{""name"": ""Jia Liang Ruan"", ""interest_percent"": 100, ""role"": ""owner"", ""source_quote"": ""To: Jia Liang Ruan, Manager of Record, President, Treasurer, Clerk, and 100% Owner"", ""interest_quantity"": null, ""interest_unit"": null}]",,,False,https://www.boston.gov/sites/default/files/file/2026/04/Voting%20Agenda%204-30-26.pdf,16,16,1,Granted,"[""The prior named people are identified only as manager/officers, with no prior ownership percentages stated. They are not classified as prior owners.""]","1. China Bros., Inc.

Doing business as: China Sky Restaurant
784 Adams St., Dorchester, MA 02122
License #: LB 99928
Holder of a Common Victualler License has petitioned to change the Ownership Interest,
Officers/Directors, and Manager of Record of the licensed business From: Richard K. Chin, Manager
of Record; Danny C. K. Yuen, President / Director; Yu Lan Ruan, Clerk
To: Jia Liang Ruan, Manager of Record, President, Treasurer, Clerk, and 100% Owner

Granted
___________________________________________________________________________________"
BLB-2026-05-07-OI-E009,2026-05-07,LB99597,explicit_alcohol,ownership_application_disposition,"Sweet Rice Thai Sushi, Inc.",,"[""stock_interest_change""]",granted,True,"Sweet Rice Thai Sushi, Inc.",licensee,[],[],,,False,https://www.boston.gov/sites/default/files/file/2026/05/5-7-26%20Minutes_0.pdf,3,3,9,Granted,"[""The item states a change of ownership/stock interest but does not identify the before/after owners or their percentages. Named managers, officers, attorneys and pledge recipients are not treated as shareholders.""]","9. Sweet Rice Thai Sushi, Inc.

187 Main St, Charlestown, MA 02129
License #: LB-99597
Holder of a Common Victualler 7 Day Wines and Malt Beverages License has petitioned for a Change
of Stock Interest. Secondly, has petitioned for a Change of Officers/Directors. Lastly, has petitioned to
change the manager of the licensed business - From: Natthasit Nitsakulchai To: Wanalee Chamchoy.
Attorney: Meihuei Hu

Granted"
BLB-2026-05-21-OI-E023,2026-05-21,LB99375,explicit_alcohol,ownership_application_disposition,Pressed Huntington Cafe LLC,Pressed,"[""ownership_interest_change""]",granted,True,Pressed Huntington Cafe LLC,licensee,[],[],,,False,https://www.boston.gov/sites/default/files/file/2026/05/Voting%20Minutes%205-21-26.docx.pdf,7,7,6,"Granted
(Commissioner Curran recused himself)","[""The item states a change of ownership/stock interest but does not identify the before/after owners or their percentages. Named managers, officers, attorneys and pledge recipients are not treated as shareholders.""]","6. Pressed Huntington Cafe LLC

Doing business as: Pressed
105 Huntington Ave, Boston, MA 02199
License #: LB-99375
Holder of a Common Victualler 7 Day All-Alcoholic Beverages License has petitioned for a Change of
Ownership Interest. Secondly, has petitioned to change the manager of the licensed business - From:
Saumil Patel To: Enis Hidri.
Attorney: Dennis A. Quilty

Granted
(Commissioner Curran recused himself)"
BLB-2026-05-21-OI-E024,2026-05-21,LB101960,explicit_alcohol,ownership_application_disposition,Wine and Liquors Inc.,Roslindale Liquors,"[""stock_interest_change""]",granted,True,Wine and Liquors Inc.,licensee,[],[],,,False,https://www.boston.gov/sites/default/files/file/2026/05/Voting%20Minutes%205-21-26.docx.pdf,7,7,7,Granted,"[""The item states a change of ownership/stock interest but does not identify the before/after owners or their percentages. Named managers, officers, attorneys and pledge recipients are not treated as shareholders.""]","7. Wine and Liquors Inc.

Doing business as: Roslindale Liquors
23 Corinth St, Roslindale, MA 02131
License #: LB-101960
Holder of a Retail Package Store All-Alcoholic Beverages License has petitioned to change the
manager of the licensed business - From: Uma Vadher To: Dharaben Patel. Secondly, has petitioned for
a Change of Stock Interest. Lastly, has petitioned for a Change of Officers/Directors.

Granted"
BLB-2026-05-21-OI-E025,2026-05-21,LB434282,explicit_alcohol,ownership_application_disposition,Blue Hills Liquors Inc.,Discount Liquors,"[""stock_interest_change""]",granted,True,Blue Hills Liquors Inc.,licensee,[],[],,,False,https://www.boston.gov/sites/default/files/file/2026/05/Voting%20Minutes%205-21-26.docx.pdf,8,8,8,Granted,"[""The item states a change of ownership/stock interest but does not identify the before/after owners or their percentages. Named managers, officers, attorneys and pledge recipients are not treated as shareholders.""]","8. Blue Hills Liquors Inc.

Doing business as: Discount Liquors
950 American Legion Hwy, Hyde Park, MA 02136
License #: LB-434282
Holder of a Retail Package Store All-Alcoholic Beverages License has petitioned to change the
manager of the licensed business - From: Uma Vadher To: Dharaben Patel. Secondly, has petitioned for
a Change of Stock Interest. Thirdly, has petitioned for a Change of Officers/Directors. Lastly, has
petitioned to pledge the license and inventory to Rockland Trust Company.

Granted"
BLB-2026-05-21-OI-E026,2026-05-21,LB102059,explicit_alcohol,ownership_application_disposition,Ishtiaq H. Naqvi,,"[""corporate_structure_change""]",granted,True,Ishtiaq H. Naqvi,licensee,[],[],"ISHTIAQ H. NAQVI, as Sole Proprietor","Shaboo Bee, Inc.",True,https://www.boston.gov/sites/default/files/file/2026/05/Voting%20Minutes%205-21-26.docx.pdf,8,8,9,"Granted
Conditions: 1. No sale of alcoholic beverage products smaller than one pint; 2. No increase to the
amount of floor space dedicated to alcohol, or changes to the floor plan on file with the Board,
without Board approval.
The Licensee must keep a copy of the approved floorplan at the Licensed Premise at all times.","[""Corporate-structure change only. The item does not establish a change in beneficial ownership or identify shareholders.""]","9. Ishtiaq H. Naqvi

1745 Washington St, Roxbury, MA 02118
License #: LB-102059
Holder of a Retail Package Store Wines and Malt Beverages License has petitioned to change the
category of the licensed business- From: Retail Package Store Wines and Malt Beverages To: Retail
Package Store All-Alcoholic Beverages. Secondly, has petitioned to change the location of the licensed
premise - From: 1745 Washington St, Boston, MA 02118 To: 1747 Washington St, Boston, MA 02118,
updating the description of premise as follows - 2,343SF convenience store located on the street level of
a multi-use building. There is one entrance/exit for public access and deliveries at the corner of
Washington St and Massachusetts Ave. A separate entrance/exit is on Mass Ave for emergencies.
Storage for the alcohol is in back of the office. There is a lockable cooler; a lockable closet for alcohol;
and a display of alcoholic beverages enclosed by a lockable gate for when hours for sales are not
available. Thirdly, has petitioned to change the corporate structure of the licensed business - From:
ISHTIAQ H. NAQVI, as Sole Proprietor To: Shaboo Bee, Inc. Lastly, has petitioned to change the d/b/a
of the licensed business - To: Cloverdale Farms.

Granted
Conditions: 1. No sale of alcoholic beverage products smaller than one pint; 2. No increase to the
amount of floor space dedicated to alcohol, or changes to the floor plan on file with the Board,
without Board approval.
The Licensee must keep a copy of the approved floorplan at the Licensed Premise at all times."
BLB-2026-06-25-OI-E038,2026-06-25,LB99104,explicit_alcohol,ownership_application_disposition,Newbury Guest House Inc,Newbury Guest House,"[""stock_interest_change""]",granted,True,Newbury Guest House Inc,licensee,[],[],,,False,https://www.boston.gov/sites/default/files/file/2026/06/Voting%20Minutes%206-25-26.docx.pdf,11,11,19,Granted,"[""The item states a change of ownership/stock interest but does not identify the before/after owners or their percentages. Named managers, officers, attorneys and pledge recipients are not treated as shareholders.""]","19. Newbury Guest House Inc

Doing business as: Newbury Guest House
257-261 Newbury St, Boston, MA 02116
License #: LB-99104
Holder of an Innholder 7 Day All-Alcoholic Beverages License has petitioned for a Change of
Officers/Directors. Secondly, has petitioned for a Change of Stock Interest.
Attorney: Dennis A. Quilty

Granted"
BLB-2026-06-25-OI-E039,2026-06-25,LB98902,explicit_alcohol,ownership_application_disposition,Mile 22 Inc.,Cityside in the Circle,"[""stock_interest_change""]",granted,True,Mile 22 Inc.,licensee,[],[],,,False,https://www.boston.gov/sites/default/files/file/2026/06/Voting%20Minutes%206-25-26.docx.pdf,11,11,20,Granted,"[""The item states a change of ownership/stock interest but does not identify the before/after owners or their percentages. Named managers, officers, attorneys and pledge recipients are not treated as shareholders.""]","20. Mile 22 Inc.

Doing business as: Cityside in the Circle
1958-1969 Beacon St, Brighton, MA 02135
License #: LB-98902
Holder of a Common Victualler 7 Day All-Alcoholic Beverages License has petitioned for a Change of
Officers/Directors. Secondly, has petitioned for a Change of Stock Interest. Lastly, has petitioned to
Pledge the License to Tru-North Bank.
Attorney: Steffani Boudreau

Granted"
BLB-2026-06-25-OI-E040,2026-06-25,LB99092,explicit_alcohol,ownership_application_disposition,Early Monsoon LLC,Don’t Tell Aunty,"[""ownership_interest_change""]",granted,True,Early Monsoon LLC,licensee,[],[],,,False,https://www.boston.gov/sites/default/files/file/2026/06/Voting%20Minutes%206-25-26.docx.pdf,12,12,21,Granted,"[""The item states a change of ownership/stock interest but does not identify the before/after owners or their percentages. Named managers, officers, attorneys and pledge recipients are not treated as shareholders.""]","21. Early Monsoon LLC

Doing business as: Don’t Tell Aunty
1080 Boylston St, Boston, MA 02115
License #: LB-99092
Holder of a Common Victualler 7 Day All-Alcoholic Beverages License has petitioned for a Change of
LLC Manager. Secondly, has petitioned for a Change of Ownership Interest. Lastly, has petitioned to
change the manager of the licensed business - From: Niral Patel To: Vishal R. Patel.
Attorney: Jon D. Aieta

Granted"
BLB-2026-07-16-OI-E025,2026-07-16,LB99617,explicit_alcohol,ownership_application_disposition,"JTBC, Inc.",Jiang Nan,"[""stock_interest_change""]",granted,True,"JTBC, Inc.",licensee,[],[],,,False,https://www.boston.gov/sites/default/files/file/2026/07/Voting%20Minutes%207-16-26.docx.pdf,8,8,17,Granted,"[""The item states a change of ownership/stock interest but does not identify the before/after owners or their percentages. Named managers, officers, attorneys and pledge recipients are not treated as shareholders.""]","17. JTBC, Inc.

Doing business as: Jiang Nan
177 Tremont St, Boston, MA 02111
License #: LB-99617
Holder of a Common Victualler 7 Day Wines and Malt Beverages with Liqueurs License has petitioned
for a Change of Stock Interest. Secondly, has petitioned for a Change of Officers/Directors.
Attorney: Anthony McGuinness

Granted"
BLB-2026-07-16-OI-E026,2026-07-16,LB99385,explicit_alcohol,ownership_application_disposition,DFD Restaurant Group LLC,Ristorante Toscano,"[""ownership_interest_change""]",granted,True,DFD Restaurant Group LLC,licensee,[],[],,,False,https://www.boston.gov/sites/default/files/file/2026/07/Voting%20Minutes%207-16-26.docx.pdf,8,8,18,Granted,"[""The item states a change of ownership/stock interest but does not identify the before/after owners or their percentages. Named managers, officers, attorneys and pledge recipients are not treated as shareholders.""]","18. DFD Restaurant Group LLC

Doing business as: Ristorante Toscano
41 Charles St, Boston, MA 02108
License #: LB-99385
Holder of a Common Victualler 7 Day All-Alcoholic Beverages License has petitioned for a Change of
Ownership Interest. Secondly, has petitioned for a Change of LLC Managers.Thirdly, has petitioned to
change the manager of the licensed business - From: Richard Cacciagrani To: Andrew J. D’Alessandro.
Lastly, has petitioned to change the DBA of the licensed business - To: Toscano Restaurant.
Attorney: Dennis A. Quilty

Granted"
BLB-2026-07-16-OI-E027,2026-07-16,LB99250,explicit_alcohol,ownership_application_disposition,"Brewed Intentions, LLC",The Fourth Wall,"[""ownership_interest_change""]",granted,True,"Brewed Intentions, LLC",licensee,[],[],,,False,https://www.boston.gov/sites/default/files/file/2026/07/Voting%20Minutes%207-16-26.docx.pdf,8,8,19,Granted,"[""The item states a change of ownership/stock interest but does not identify the before/after owners or their percentages. Named managers, officers, attorneys and pledge recipients are not treated as shareholders.""]","19. Brewed Intentions, LLC

Doing business as: The Fourth Wall
228 Tremont St, Boston, MA 02116
License #: LB-99250
Holder of a Common Victualler 7 Day All-Alcoholic Beverages License has petitioned for a Change of
Ownership Interest. Secondly, has petitioned for a Change of LLC Manager. Lastly, has petitioned to
change the manager of the licensed business - From: Derek Brady To: David Ferrando.
Attorney: Curt F. Bletzer

Granted"
BLB-2026-07-16-OI-E028,2026-07-16,LB99119,explicit_alcohol,ownership_application_disposition,"Rebecca’s Cafe, Inc.",East Meets West,"[""stock_interest_change""]",granted,True,"Rebecca’s Cafe, Inc.",licensee,[],[],,,False,https://www.boston.gov/sites/default/files/file/2026/07/Voting%20Minutes%207-16-26.docx.pdf,9,9,20,Granted,"[""The item states a change of ownership/stock interest but does not identify the before/after owners or their percentages. Named managers, officers, attorneys and pledge recipients are not treated as shareholders.""]","20. Rebecca’s Cafe, Inc.

Doing business as: East Meets West
212 Northern Ave, Boston, MA 02210
License #: LB-99119
Holder of a Common Victualler 7 Day All-Alcoholic Beverages License has petitioned for a Change of
Stock Interest. Secondly, has petitioned for a Change of Officers/Directors. Thirdly, has petitioned to
change the manager of the licensed business - From: Michele Stump To: Alexandria Michelson. Lastly,
has petitioned for a pledge of stock to - Campbell Bewley, Inc.
Attorney: Thomas P. Miller

Granted"
BLB-2026-08-06-OI-E026,2026-08-06,LB130760,explicit_alcohol,ownership_application_disposition,"Whole Foods Market Group, Inc.",Whole Foods Market,"[""corporate_structure_change""]",granted,True,"Whole Foods Market Group, Inc.",licensee,[],[],"Whole Foods Market Group, Inc.",Whole Foods Market Group LLC,True,https://www.boston.gov/sites/default/files/file/2026/08/Voting%20Agenda%208-6-26.docx_0.pdf,9,9,16,Granted,"[""Corporate-structure change only. The item does not establish a change in beneficial ownership or identify shareholders.""]","16. Whole Foods Market Group, Inc.

Doing business as: Whole Foods Market
348 Harrison Ave, Roxbury, MA 02118
License #: LB-130760
Holder of a Retail Package Store All-Alcoholic Beverages License has petitioned for a change of
Corporate Name and Corporate Structure - From: Whole Foods Market Group, Inc. To: Whole Foods
Market Group LLC. Additionally, has petitioned for a change of Officers/Directors/LLC Managers.
Attorney: Jon D. Aieta

Granted"
BLB-2026-08-06-OI-E052,2026-08-06,LB99984,common_victualler_no_alcohol_stated,ownership_application_disposition,"Whole Foods Market Group, Inc.",Whole Foods Market,"[""corporate_structure_change""]",granted,True,"Whole Foods Market Group, Inc.",licensee,[],[],"Whole Foods Market Group, Inc.",Whole Foods Market Group LLC,True,https://www.boston.gov/sites/default/files/file/2026/08/Voting%20Agenda%208-6-26.docx_0.pdf,19,19,5,Granted,"[""Corporate-structure change only. The item does not establish a change in beneficial ownership or identify shareholders.""]","5. Whole Foods Market Group, Inc.

Doing business as: Whole Foods Market
15 Westland Av., Boston, MA 02115
License #: LB‐99984
Holder of a Common Victualler License has petitioned to change the Corporate Structure of the license
business‐ From: Whole Foods Market Group, Inc. To: Whole Foods Market Group LLC

Granted
___________________________________________________________________________________"
BLB-2026-08-06-OI-E053,2026-08-06,LB101174,common_victualler_no_alcohol_stated,ownership_application_disposition,"Whole Foods Market Group, Inc.",Whole Foods,"[""corporate_structure_change""]",granted,True,"Whole Foods Market Group, Inc.",licensee,[],[],"Whole Foods Market Group, Inc.",Whole Foods Market Group LLC,True,https://www.boston.gov/sites/default/files/file/2026/08/Voting%20Agenda%208-6-26.docx_0.pdf,19,20,6,Granted,"[""Corporate-structure change only. The item does not establish a change in beneficial ownership or identify shareholders.""]","6. Whole Foods Market Group, Inc.

Doing business as: Whole Foods
413 Centre St., Jamaica Plain, MA 02130
License #: LB‐101174
Holder of a Common Victualler License has petitioned to change the Corporate Structure of the license
business‐ From: Whole Foods Market Group, Inc. To: Whole Foods Market Group LLC

Granted
___________________________________________________________________________________"
BLB-2026-08-06-OI-E054,2026-08-06,LB101028,common_victualler_no_alcohol_stated,ownership_application_disposition,"Whole Foods Market Group, Inc.",Whole Foods Market,"[""corporate_structure_change""]",granted,True,"Whole Foods Market Group, Inc.",licensee,[],[],"Whole Foods Market Group, Inc.",Whole Foods Market Group LLC,True,https://www.boston.gov/sites/default/files/file/2026/08/Voting%20Agenda%208-6-26.docx_0.pdf,20,20,7,Granted,"[""Corporate-structure change only. The item does not establish a change in beneficial ownership or identify shareholders.""]","7. Whole Foods Market Group, Inc.

Doing business as: Whole Foods Market
181 Cambridge St., Boston, MA 02114
License #: LB‐101028
Holder of a Common Victualler License has petitioned to change the Corporate Structure of the license
business‐ From: Whole Foods Market Group, Inc. To: Whole Foods Market Group LLC

Granted
___________________________________________________________________________________"
BLB-2026-08-06-OI-E055,2026-08-06,LB108942,common_victualler_no_alcohol_stated,ownership_application_disposition,"Whole Foods Market Group, Inc.",Whole Foods Market,"[""corporate_structure_change""]",granted,True,"Whole Foods Market Group, Inc.",licensee,[],[],"Whole Foods Market Group, Inc.",Whole Foods Market Group LLC,True,https://www.boston.gov/sites/default/files/file/2026/08/Voting%20Agenda%208-6-26.docx_0.pdf,20,20,8,Granted,"[""Corporate-structure change only. The item does not establish a change in beneficial ownership or identify shareholders.""]","8. Whole Foods Market Group, Inc.

Doing business as: Whole Foods Market
27 Austin St., Charlestown, MA 02129
License #: LB‐108942
Holder of a Common Victualler License has petitioned to change the Corporate Structure of the license
business‐ From: Whole Foods Market Group, Inc. To: Whole Foods Market Group LLC

Granted
___________________________________________________________________________________"
BLB-2026-08-27-OI-E020,2026-08-27,LB99295,explicit_alcohol,ownership_application_disposition,"D & D Hospitality, LLC",Publico,"[""ownership_interest_change""]",granted,True,"D & D Hospitality, LLC",licensee,[],[],,,False,https://www.boston.gov/sites/default/files/file/2026/08/Voting%20Minutes%208-27-26.docx_0.pdf,6,6,11,Granted,"[""The item states a change of ownership/stock interest but does not identify the before/after owners or their percentages. Named managers, officers, attorneys and pledge recipients are not treated as shareholders.""]","11. D & D Hospitality, LLC

Doing business as: Publico
11 Dorchester St., South Boston, MA 02127
License #: LB 99295
Holder of a Common Victualler 7 Day All Alcoholic Beverages License has petitioned for a change of
Ownership Interest. Secondly, has petitioned to change the manager of the licensed business From:
Theofanis Bougas To: Joseph Marotta.
Attorney: Nicholas J. Zozula

Granted
___________________________________________________________________________________"
