event_id,source_id,license_num,license_number_as_printed,license_id_missing,decision_date,event_type,action_subtype,outcome,outcome_text,board_granted_application,referenced_approval_date,transferor,transferor_dba,transferee,transferee_dba,licensee_heading,pledge_recipient,from_address,to_address,source_url,source_page_url,page_start,page_end,item_number,ambiguity_notes
BLB-2024-01-04-T-22,BLB-2024-01-04,LB101572,LB-101572,False,2024-01-04,license_transfer,transfer_application_disposition,granted,Granted,True,,"Patina Marine Life, LLC",,"Boston Culinary Group, Inc.",Sodexo Live!,,,"Central Wharf, Boston, MA 02110","Central Wharf, Boston, MA 02110",https://www.boston.gov/sites/default/files/file/2024/01/Voting%20Minutes%201-4-24.docx_0.pdf,https://www.boston.gov/sites/default/files/file/2024/01/Voting%20Minutes%201-4-24.docx_0.pdf#page=8,8,8,22,"[""Destination address carried from explicit same-location statement.""]"
BLB-2024-01-04-P-23,BLB-2024-01-04,,,True,2024-01-04,license_pledge,pledge_application_disposition,granted,Granted,True,,The Family Restaurant Partners LLC,Backyard Betty’s,Reggie Rondo LLC,Small Victories,,The Family Restaurant Partners LLC,"400 Dorchester St, South Boston, MA 02127","400 Dorchester St, South Boston, MA 02127",https://www.boston.gov/sites/default/files/file/2024/01/Voting%20Minutes%201-4-24.docx_0.pdf,https://www.boston.gov/sites/default/files/file/2024/01/Voting%20Minutes%201-4-24.docx_0.pdf#page=9,9,9,23,"[""The source item omits a Boston LB license number; not inferred from another roster or document."", ""Destination address carried from explicit same-location statement.""]"
BLB-2024-01-04-T-23,BLB-2024-01-04,,,True,2024-01-04,license_transfer,transfer_application_disposition,granted,Granted,True,,The Family Restaurant Partners LLC,Backyard Betty’s,Reggie Rondo LLC,Small Victories,,The Family Restaurant Partners LLC,"400 Dorchester St, South Boston, MA 02127","400 Dorchester St, South Boston, MA 02127",https://www.boston.gov/sites/default/files/file/2024/01/Voting%20Minutes%201-4-24.docx_0.pdf,https://www.boston.gov/sites/default/files/file/2024/01/Voting%20Minutes%201-4-24.docx_0.pdf#page=9,9,9,23,"[""The source item omits a Boston LB license number; not inferred from another roster or document."", ""Destination address carried from explicit same-location statement.""]"
BLB-2024-01-04-T-24,BLB-2024-01-04,LB99785,LB-99785,False,2024-01-04,license_transfer,transfer_application_disposition,granted,Granted,True,,"Clover Fast Food, Inc.",Clover Food Lab,"Food & Life Companies USA, LLC",Sakabayashi Sushi Tavern,,,"360 Longwood Ave, Boston, MA 02215","665 Boylston Street, Boston, MA 02116",https://www.boston.gov/sites/default/files/file/2024/01/Voting%20Minutes%201-4-24.docx_0.pdf,https://www.boston.gov/sites/default/files/file/2024/01/Voting%20Minutes%201-4-24.docx_0.pdf#page=9,9,9,24,[]
BLB-2024-01-04-T-2,BLB-2024-01-04,LB99632,LB-99632,False,2024-01-04,license_transfer,transfer_application_disposition,granted,"Granted, with a closing hour of 1:00 AM",True,,"Juan Reyes, Individual",Miami Restaurant,Tejeda Brothers Investments LLC,Miami Restaurant,,,"381 Centre St., Jamaica Plain, MA 02130","381 Centre St., Jamaica Plain, MA 02130",https://www.boston.gov/sites/default/files/file/2024/01/Voting%20Minutes%201-4-24.docx_0.pdf,https://www.boston.gov/sites/default/files/file/2024/01/Voting%20Minutes%201-4-24.docx_0.pdf#page=14,14,14,2,"[""Destination address carried from explicit same-location statement."", ""Old and New Business resolution of a previously deferred transfer; this document grants it, with closing-hour condition.""]"
BLB-2024-02-01-T-13,BLB-2024-02-01,LB98957,LB-98957,False,2024-02-01,license_transfer,transfer_application_disposition,granted,Granted,True,,"Bedford Dining, Inc.",White Horse Tavern,116 Brighton License LLC,,,,"116-120 Brighton Ave, Allston, MA 02134","116-120 Brighton Ave, Allston, MA 02134",https://www.boston.gov/sites/default/files/file/2024/02/Voting%20Minutes%202-1-24_3.pdf,https://www.boston.gov/sites/default/files/file/2024/02/Voting%20Minutes%202-1-24_3.pdf#page=7,7,7,13,"[""Destination address carried from explicit same-location statement."", ""Same meeting records sequential transfers of LB-98957: Bedford Dining to 116 Brighton License, then 116 Brighton License to Jongro BBQ. These are separate proposed legs of one license chain.""]"
BLB-2024-02-01-P-14,BLB-2024-02-01,LB98957,LB-98957,False,2024-02-01,license_pledge,pledge_application_disposition,granted,Granted,True,,116 Brighton License LLC,,"Jongro BBQ Market Allston, Inc.",Jongro BBQ Market,,116 Brighton License LLC,"116-120 Brighton Ave, Allston, MA 02134","116-120 Brighton Ave, Allston, MA 02134",https://www.boston.gov/sites/default/files/file/2024/02/Voting%20Minutes%202-1-24_3.pdf,https://www.boston.gov/sites/default/files/file/2024/02/Voting%20Minutes%202-1-24_3.pdf#page=7,7,7,14,"[""Destination address carried from explicit same-location statement."", ""Same meeting records sequential transfers of LB-98957: Bedford Dining to 116 Brighton License, then 116 Brighton License to Jongro BBQ. These are separate proposed legs of one license chain.""]"
BLB-2024-02-01-T-14,BLB-2024-02-01,LB98957,LB-98957,False,2024-02-01,license_transfer,transfer_application_disposition,granted,Granted,True,,116 Brighton License LLC,,"Jongro BBQ Market Allston, Inc.",Jongro BBQ Market,,116 Brighton License LLC,"116-120 Brighton Ave, Allston, MA 02134","116-120 Brighton Ave, Allston, MA 02134",https://www.boston.gov/sites/default/files/file/2024/02/Voting%20Minutes%202-1-24_3.pdf,https://www.boston.gov/sites/default/files/file/2024/02/Voting%20Minutes%202-1-24_3.pdf#page=7,7,7,14,"[""Destination address carried from explicit same-location statement."", ""Same meeting records sequential transfers of LB-98957: Bedford Dining to 116 Brighton License, then 116 Brighton License to Jongro BBQ. These are separate proposed legs of one license chain.""]"
BLB-2024-02-01-T-15,BLB-2024-02-01,LB99262,LB-99262,False,2024-02-01,license_transfer,transfer_application_disposition,granted,Granted,True,,"Caswell Restaurant Gruppo, LLC",Oak + Rowan,"LL RP 319A Street, LLC",Citrus & Salt,,,"319-321 A St, Boston, MA 02210","319-321 A St, Boston, MA 02210",https://www.boston.gov/sites/default/files/file/2024/02/Voting%20Minutes%202-1-24_3.pdf,https://www.boston.gov/sites/default/files/file/2024/02/Voting%20Minutes%202-1-24_3.pdf#page=7,7,7,15,"[""Destination address carried from explicit same-location statement.""]"
BLB-2024-02-01-T-16,BLB-2024-02-01,LB101632,LB-101632,False,2024-02-01,license_transfer,transfer_application_disposition,granted,Granted,True,,"Boston 1927 Lessee, Inc.",Boston Park Plaza Hotel & Towers,BPP Investments Property LL LLC,Hilton Boston Park Plaza,,,"50 Park Plaza, Boston, MA 02116","50 Park Plaza, Boston, MA 02116",https://www.boston.gov/sites/default/files/file/2024/02/Voting%20Minutes%202-1-24_3.pdf,https://www.boston.gov/sites/default/files/file/2024/02/Voting%20Minutes%202-1-24_3.pdf#page=8,8,8,16,"[""Destination address carried from explicit same-location statement.""]"
BLB-2024-02-01-P-17,BLB-2024-02-01,LB99431,LB-99431,False,2024-02-01,license_pledge,pledge_application_disposition,granted,Granted,True,,Casa Cana Restaurant LLC,Casa Cana,"CFH 1234 Soldiers Field Road, LLC",Craft Food Halls,,"TDC 1234 Liquor, LLC","1234 Soldiers Field Rd, Brighton, MA 02134","1234 Soldiers Field Rd, Brighton, MA 02134",https://www.boston.gov/sites/default/files/file/2024/02/Voting%20Minutes%202-1-24_3.pdf,https://www.boston.gov/sites/default/files/file/2024/02/Voting%20Minutes%202-1-24_3.pdf#page=8,8,8,17,"[""Destination address carried from explicit same-location statement.""]"
BLB-2024-02-01-T-17,BLB-2024-02-01,LB99431,LB-99431,False,2024-02-01,license_transfer,transfer_application_disposition,granted,Granted,True,,Casa Cana Restaurant LLC,Casa Cana,"CFH 1234 Soldiers Field Road, LLC",Craft Food Halls,,"TDC 1234 Liquor, LLC","1234 Soldiers Field Rd, Brighton, MA 02134","1234 Soldiers Field Rd, Brighton, MA 02134",https://www.boston.gov/sites/default/files/file/2024/02/Voting%20Minutes%202-1-24_3.pdf,https://www.boston.gov/sites/default/files/file/2024/02/Voting%20Minutes%202-1-24_3.pdf#page=8,8,8,17,"[""Destination address carried from explicit same-location statement.""]"
BLB-2024-02-01-P-18,BLB-2024-02-01,LB99415,LB-99415,False,2024-02-01,license_pledge,pledge_application_disposition,granted,Granted,True,,"Pho on Thayer, LLC",Pho on Thayer,Nowon Seaport LLC,Nowon Seaport,,Northern Bank,"11 Thayer St, Roxbury, MA 02118","117 Seaport Blvd, Boston, MA 02110",https://www.boston.gov/sites/default/files/file/2024/02/Voting%20Minutes%202-1-24_3.pdf,https://www.boston.gov/sites/default/files/file/2024/02/Voting%20Minutes%202-1-24_3.pdf#page=9,9,9,18,[]
BLB-2024-02-01-T-18,BLB-2024-02-01,LB99415,LB-99415,False,2024-02-01,license_transfer,transfer_application_disposition,granted,Granted,True,,"Pho on Thayer, LLC",Pho on Thayer,Nowon Seaport LLC,Nowon Seaport,,Northern Bank,"11 Thayer St, Roxbury, MA 02118","117 Seaport Blvd, Boston, MA 02110",https://www.boston.gov/sites/default/files/file/2024/02/Voting%20Minutes%202-1-24_3.pdf,https://www.boston.gov/sites/default/files/file/2024/02/Voting%20Minutes%202-1-24_3.pdf#page=9,9,9,18,[]
BLB-2024-02-08-P-7,BLB-2024-02-08,,,True,2024-02-08,license_pledge,pledge_application_disposition,granted,Granted,True,,"H and M Restaurant, Inc.",Sofia Italian Steakhouse,"VFW Parkway Restaurant Operator, LLC.",Sofia Italian Steakhouse,,HarborOne Bank,"1430 VFW Parkway, West Roxbury, MA 02132","1430 VFW Parkway, West Roxbury, MA 02132",https://www.boston.gov/sites/default/files/file/2024/02/Voting%20Minutes%202-8-24%20-%20very%20final%20draft.pdf,https://www.boston.gov/sites/default/files/file/2024/02/Voting%20Minutes%202-8-24%20-%20very%20final%20draft.pdf#page=5,5,5,7,"[""The source item omits a Boston LB license number; not inferred from another roster or document."", ""Destination address carried from explicit same-location statement.""]"
BLB-2024-02-08-T-7,BLB-2024-02-08,,,True,2024-02-08,license_transfer,transfer_application_disposition,granted,Granted,True,,"H and M Restaurant, Inc.",Sofia Italian Steakhouse,"VFW Parkway Restaurant Operator, LLC.",Sofia Italian Steakhouse,,HarborOne Bank,"1430 VFW Parkway, West Roxbury, MA 02132","1430 VFW Parkway, West Roxbury, MA 02132",https://www.boston.gov/sites/default/files/file/2024/02/Voting%20Minutes%202-8-24%20-%20very%20final%20draft.pdf,https://www.boston.gov/sites/default/files/file/2024/02/Voting%20Minutes%202-8-24%20-%20very%20final%20draft.pdf#page=5,5,5,7,"[""The source item omits a Boston LB license number; not inferred from another roster or document."", ""Destination address carried from explicit same-location statement.""]"
BLB-2024-02-08-T-8,BLB-2024-02-08,LB99800,LB-99800,False,2024-02-08,license_transfer,transfer_application_disposition,granted,Granted,True,,Dig Inn Boylston Street LLC,Dig Inn Seasonal Market,121 Seaport Boulevard LLC,Museum of Ice Cream,,,"557 Boylston St, Boston, MA 02116","121 Seaport Blvd, Boston, MA 02110",https://www.boston.gov/sites/default/files/file/2024/02/Voting%20Minutes%202-8-24%20-%20very%20final%20draft.pdf,https://www.boston.gov/sites/default/files/file/2024/02/Voting%20Minutes%202-8-24%20-%20very%20final%20draft.pdf#page=6,6,6,8,[]
BLB-2024-02-08-P-9,BLB-2024-02-08,LB153841,LB-153841,False,2024-02-08,license_pledge,pledge_application_disposition,granted,Granted,True,,Sahguna Inc.,Maverick Street Market,Krisha Corporation,Maverick Street Market,,Rockland Trust Company,"205 Maverick St, East Boston, MA 02128","207 Maverick Street, Boston, MA 02128",https://www.boston.gov/sites/default/files/file/2024/02/Voting%20Minutes%202-8-24%20-%20very%20final%20draft.pdf,https://www.boston.gov/sites/default/files/file/2024/02/Voting%20Minutes%202-8-24%20-%20very%20final%20draft.pdf#page=6,6,6,9,[]
BLB-2024-02-08-T-9,BLB-2024-02-08,LB153841,LB-153841,False,2024-02-08,license_transfer,transfer_application_disposition,granted,Granted,True,,Sahguna Inc.,Maverick Street Market,Krisha Corporation,Maverick Street Market,,Rockland Trust Company,"205 Maverick St, East Boston, MA 02128","207 Maverick Street, Boston, MA 02128",https://www.boston.gov/sites/default/files/file/2024/02/Voting%20Minutes%202-8-24%20-%20very%20final%20draft.pdf,https://www.boston.gov/sites/default/files/file/2024/02/Voting%20Minutes%202-8-24%20-%20very%20final%20draft.pdf#page=6,6,6,9,[]
BLB-2024-02-29-T-11,BLB-2024-02-29,LB99228,LB-99228,False,2024-02-29,license_transfer,transfer_application_disposition,granted,Granted,True,,T.G.I. Friday’s Inc.,TGI Friday’s,"Sugarloaf Hospitality, LLC.",TGI Friday’s,,,"1 Brigham Circle, Boston, MA 02115","1 Brigham Circle, Boston, MA 02115",https://www.boston.gov/sites/default/files/file/2024/02/Voting%20Minutes%202-29-24%20-%20Final%20-%20To%20Be%20Posted.pdf,https://www.boston.gov/sites/default/files/file/2024/02/Voting%20Minutes%202-29-24%20-%20Final%20-%20To%20Be%20Posted.pdf#page=7,7,7,11,"[""Destination address carried from explicit same-location statement.""]"
BLB-2024-02-29-T-12,BLB-2024-02-29,LB99052,LB-99052,False,2024-02-29,license_transfer,transfer_application_disposition,granted,"Granted
Should an application for a subsequent transfer not be filed within the next nine months, the
Board will schedule a hearing for a status update",True,,Somer Six Corporation,Paddy O’s,CRG License Holdings LLC,Paddy O’s,,,"33A Union Street, Boston, MA 02108","33A Union Street, Boston, MA 02108",https://www.boston.gov/sites/default/files/file/2024/02/Voting%20Minutes%202-29-24%20-%20Final%20-%20To%20Be%20Posted.pdf,https://www.boston.gov/sites/default/files/file/2024/02/Voting%20Minutes%202-29-24%20-%20Final%20-%20To%20Be%20Posted.pdf#page=7,7,7,12,"[""Destination address carried from explicit same-location statement.""]"
BLB-2024-02-29-P-13,BLB-2024-02-29,LB99060,LB-99060,False,2024-02-29,license_pledge,pledge_application_disposition,granted,Granted,True,,"Woods L Street Tavern, Inc.",Woods L Street Tavern,"Medico L Street Tavern, LLC.",L Street Tavern,,"Woods L Street Tavern, Inc.","658 E Eighth Street, South Boston, MA 02127","658 E Eighth Street, South Boston, MA 02127",https://www.boston.gov/sites/default/files/file/2024/02/Voting%20Minutes%202-29-24%20-%20Final%20-%20To%20Be%20Posted.pdf,https://www.boston.gov/sites/default/files/file/2024/02/Voting%20Minutes%202-29-24%20-%20Final%20-%20To%20Be%20Posted.pdf#page=8,8,8,13,"[""Destination address carried from explicit same-location statement.""]"
BLB-2024-02-29-T-13,BLB-2024-02-29,LB99060,LB-99060,False,2024-02-29,license_transfer,transfer_application_disposition,granted,Granted,True,,"Woods L Street Tavern, Inc.",Woods L Street Tavern,"Medico L Street Tavern, LLC.",L Street Tavern,,"Woods L Street Tavern, Inc.","658 E Eighth Street, South Boston, MA 02127","658 E Eighth Street, South Boston, MA 02127",https://www.boston.gov/sites/default/files/file/2024/02/Voting%20Minutes%202-29-24%20-%20Final%20-%20To%20Be%20Posted.pdf,https://www.boston.gov/sites/default/files/file/2024/02/Voting%20Minutes%202-29-24%20-%20Final%20-%20To%20Be%20Posted.pdf#page=8,8,8,13,"[""Destination address carried from explicit same-location statement.""]"
BLB-2024-02-29-P-14,BLB-2024-02-29,LB99309,LB-99309,False,2024-02-29,license_pledge,pledge_application_disposition,granted,Granted,True,,"Allston Restaurant Group, LLC",,LaLaLand LLC,Blondie's,,Allston Restaurant Group LLC,"458 Western Ave, Brighton, MA 02135","458 Western Ave, Brighton, MA 02135",https://www.boston.gov/sites/default/files/file/2024/02/Voting%20Minutes%202-29-24%20-%20Final%20-%20To%20Be%20Posted.pdf,https://www.boston.gov/sites/default/files/file/2024/02/Voting%20Minutes%202-29-24%20-%20Final%20-%20To%20Be%20Posted.pdf#page=8,8,8,14,"[""Destination address carried from explicit same-location statement.""]"
BLB-2024-02-29-T-14,BLB-2024-02-29,LB99309,LB-99309,False,2024-02-29,license_transfer,transfer_application_disposition,granted,Granted,True,,"Allston Restaurant Group, LLC",,LaLaLand LLC,Blondie's,,Allston Restaurant Group LLC,"458 Western Ave, Brighton, MA 02135","458 Western Ave, Brighton, MA 02135",https://www.boston.gov/sites/default/files/file/2024/02/Voting%20Minutes%202-29-24%20-%20Final%20-%20To%20Be%20Posted.pdf,https://www.boston.gov/sites/default/files/file/2024/02/Voting%20Minutes%202-29-24%20-%20Final%20-%20To%20Be%20Posted.pdf#page=8,8,8,14,"[""Destination address carried from explicit same-location statement.""]"
BLB-2024-02-29-P-15,BLB-2024-02-29,LB101579,LB-101579,False,2024-02-29,license_pledge,pledge_application_disposition,granted,Granted,True,,"Maryanne’s Saloon, LLC",Maryanne’s,Flour & Egg LLC,SJ’s,,OPG 745 TRS (DE) LLC,"4-8 Franklin Street, Allston, MA 02134","745 Atlantic Ave, Boston, MA 02111",https://www.boston.gov/sites/default/files/file/2024/02/Voting%20Minutes%202-29-24%20-%20Final%20-%20To%20Be%20Posted.pdf,https://www.boston.gov/sites/default/files/file/2024/02/Voting%20Minutes%202-29-24%20-%20Final%20-%20To%20Be%20Posted.pdf#page=8,8,8,15,[]
BLB-2024-02-29-T-15,BLB-2024-02-29,LB101579,LB-101579,False,2024-02-29,license_transfer,transfer_application_disposition,granted,Granted,True,,"Maryanne’s Saloon, LLC",Maryanne’s,Flour & Egg LLC,SJ’s,,OPG 745 TRS (DE) LLC,"4-8 Franklin Street, Allston, MA 02134","745 Atlantic Ave, Boston, MA 02111",https://www.boston.gov/sites/default/files/file/2024/02/Voting%20Minutes%202-29-24%20-%20Final%20-%20To%20Be%20Posted.pdf,https://www.boston.gov/sites/default/files/file/2024/02/Voting%20Minutes%202-29-24%20-%20Final%20-%20To%20Be%20Posted.pdf#page=8,8,8,15,[]
BLB-2024-03-28-T-15,BLB-2024-03-28,LB99643,LB-99643,False,2024-03-28,license_transfer,transfer_application_disposition,granted,Granted,True,,"Mirage Charcoal Kabob, Inc.",Zen Restaurant,LZZ LLC,Zen Japanese Grill and Sushi Bar,,,"21A Beacon Street, Boston, MA 02108","21A Beacon Street, Boston, MA 02108",https://www.boston.gov/sites/default/files/file/2024/05/Updated%20Voting%20Minutes%203-28-24.docx_1.pdf,https://www.boston.gov/sites/default/files/file/2024/05/Updated%20Voting%20Minutes%203-28-24.docx_1.pdf#page=7,7,7,15,"[""Destination address carried from explicit same-location statement."", ""Later June 6 Old/New Business item 5 acknowledges notice that this purchase and sale agreement was voided and the parties mutually intended to revoke the transfer; do not present as completed sale.""]"
BLB-2024-03-28-T-16,BLB-2024-03-28,LB130749,LB-130749,False,2024-03-28,license_transfer,transfer_application_disposition,granted,Granted,True,,"Boston Dominican, Inc.",Punta Cana Market,"Romerito Liquors, Inc.",Punta Cana Market,,,"168 Belgrade Ave, Roslindale, MA 02131","168 Belgrade Ave, Roslindale, MA 02131",https://www.boston.gov/sites/default/files/file/2024/05/Updated%20Voting%20Minutes%203-28-24.docx_1.pdf,https://www.boston.gov/sites/default/files/file/2024/05/Updated%20Voting%20Minutes%203-28-24.docx_1.pdf#page=8,8,8,16,"[""Destination address carried from explicit same-location statement.""]"
BLB-2024-03-28-T-17,BLB-2024-03-28,LB99672,LB-99672,False,2024-03-28,license_transfer,transfer_application_disposition,granted,Granted,True,,"Fairouz Restaurant, Inc.",,311 Bos Inc.,311 Omakase,,,"5268 Washington Street, West Roxbury, MA 02132","605 Tremont Street, Boston, MA 02118",https://www.boston.gov/sites/default/files/file/2024/05/Updated%20Voting%20Minutes%203-28-24.docx_1.pdf,https://www.boston.gov/sites/default/files/file/2024/05/Updated%20Voting%20Minutes%203-28-24.docx_1.pdf#page=8,8,8,17,[]
BLB-2024-03-28-T-18,BLB-2024-03-28,LB99338,LB-99338,False,2024-03-28,license_transfer,transfer_application_disposition,granted,"Granted
Conditions: Roof deck to close at 1:00 AM; Second level patio to close at 12:00 AM",True,,903 Boylston Street LLC,,OSIB Boston Back Bay Operations LLC,citizenM Back Bay Hotel,,,"903 - 905 Boylston Street, Boston, MA 02115","408 Newbury Street, Boston, MA 02115",https://www.boston.gov/sites/default/files/file/2024/05/Updated%20Voting%20Minutes%203-28-24.docx_1.pdf,https://www.boston.gov/sites/default/files/file/2024/05/Updated%20Voting%20Minutes%203-28-24.docx_1.pdf#page=8,8,8,18,[]
BLB-2024-04-04-T-4,BLB-2024-04-04,LB99797,LB-99797,False,2024-04-04,license_transfer,transfer_application_disposition,granted,Granted,True,,"Fuente Cleaning Services, Inc.",Billares Colombia,ZAAKFL LLC,Billares Colombia,,,"28 Bennington St, East Boston, MA 02128","28 Bennington St, East Boston, MA 02128",https://www.boston.gov/sites/default/files/file/2024/04/Voting%20Minutes%204-4-24.docx%20%282%29.pdf,https://www.boston.gov/sites/default/files/file/2024/04/Voting%20Minutes%204-4-24.docx%20%282%29.pdf#page=4,4,4,4,"[""Destination address carried from explicit same-location statement.""]"
BLB-2024-04-04-T-5,BLB-2024-04-04,LB101895,LB-101895,False,2024-04-04,license_transfer,transfer_application_disposition,granted,Granted,True,,Next Corporation,OBD Liquors,732 Brigham Inc.,Brigham Liquors,,,"732 Huntington Ave, Mission Hill, MA 02120","732 Huntington Ave, Mission Hill, MA 02120",https://www.boston.gov/sites/default/files/file/2024/04/Voting%20Minutes%204-4-24.docx%20%282%29.pdf,https://www.boston.gov/sites/default/files/file/2024/04/Voting%20Minutes%204-4-24.docx%20%282%29.pdf#page=4,4,4,5,"[""Destination address carried from explicit same-location statement.""]"
BLB-2024-04-04-P-6,BLB-2024-04-04,LB99678,LB-99678,False,2024-04-04,license_pledge,pledge_application_disposition,granted,Granted,True,,"Blue Nile, Inc.",Blue Nile Restaurant,"Beza Mackenzie, LLC",Blue Nile,,"Blue Nile, Inc.","389 Centre St, Jamaica Plain, MA 02130","389 Centre St, Jamaica Plain, MA 02130",https://www.boston.gov/sites/default/files/file/2024/04/Voting%20Minutes%204-4-24.docx%20%282%29.pdf,https://www.boston.gov/sites/default/files/file/2024/04/Voting%20Minutes%204-4-24.docx%20%282%29.pdf#page=5,5,5,6,"[""Destination address carried from explicit same-location statement.""]"
BLB-2024-04-04-T-6,BLB-2024-04-04,LB99678,LB-99678,False,2024-04-04,license_transfer,transfer_application_disposition,granted,Granted,True,,"Blue Nile, Inc.",Blue Nile Restaurant,"Beza Mackenzie, LLC",Blue Nile,,"Blue Nile, Inc.","389 Centre St, Jamaica Plain, MA 02130","389 Centre St, Jamaica Plain, MA 02130",https://www.boston.gov/sites/default/files/file/2024/04/Voting%20Minutes%204-4-24.docx%20%282%29.pdf,https://www.boston.gov/sites/default/files/file/2024/04/Voting%20Minutes%204-4-24.docx%20%282%29.pdf#page=5,5,5,6,"[""Destination address carried from explicit same-location statement.""]"
BLB-2024-04-04-P-7,BLB-2024-04-04,LB102021,LB-102021,False,2024-04-04,license_pledge,pledge_application_disposition,granted,Granted,True,,"Commonwealth Market, Inc.",Tropical,Shippys Retail Inc.,Commonwealth Market,,Rockland Trust Company,"1090 Commonwealth Ave, Boston MA 02215","1090 Commonwealth Ave, Boston MA 02215",https://www.boston.gov/sites/default/files/file/2024/04/Voting%20Minutes%204-4-24.docx%20%282%29.pdf,https://www.boston.gov/sites/default/files/file/2024/04/Voting%20Minutes%204-4-24.docx%20%282%29.pdf#page=5,5,5,7,"[""Destination address carried from explicit same-location statement.""]"
BLB-2024-04-04-T-7,BLB-2024-04-04,LB102021,LB-102021,False,2024-04-04,license_transfer,transfer_application_disposition,granted,Granted,True,,"Commonwealth Market, Inc.",Tropical,Shippys Retail Inc.,Commonwealth Market,,Rockland Trust Company,"1090 Commonwealth Ave, Boston MA 02215","1090 Commonwealth Ave, Boston MA 02215",https://www.boston.gov/sites/default/files/file/2024/04/Voting%20Minutes%204-4-24.docx%20%282%29.pdf,https://www.boston.gov/sites/default/files/file/2024/04/Voting%20Minutes%204-4-24.docx%20%282%29.pdf#page=5,5,5,7,"[""Destination address carried from explicit same-location statement.""]"
BLB-2024-04-04-T-8,BLB-2024-04-04,LB102046,LB-102046,False,2024-04-04,license_transfer,transfer_application_disposition,granted,"Granted
The Board will schedule a hearing prior to the Licensee commencing operations to review the
updated floor plan and the security and operations of the Licensee",True,,"Metamorphosis, LLC",Metamorphosis,LM Wines and Spirits LLC,LM Wines and Spirits,,,"1153 Washington St, Mattapan, MA 02126","1153 Washington St, Mattapan, MA 02126",https://www.boston.gov/sites/default/files/file/2024/04/Voting%20Minutes%204-4-24.docx%20%282%29.pdf,https://www.boston.gov/sites/default/files/file/2024/04/Voting%20Minutes%204-4-24.docx%20%282%29.pdf#page=5,5,5,8,"[""Destination address carried from explicit same-location statement.""]"
BLB-2024-04-04-T-9,BLB-2024-04-04,LB99603,LB-99603,False,2024-04-04,license_transfer,transfer_application_disposition,deferred,Deferred to allow for completion of the community process,False,,Immersive Art Space Boston LLC,,"Post Road Company, LLC",Hill Kitchen,,,"130 Columbus Ave, Boston, MA 02116","39 Charles Street, Boston, MA 02114",https://www.boston.gov/sites/default/files/file/2024/04/Voting%20Minutes%204-4-24.docx%20%282%29.pdf,https://www.boston.gov/sites/default/files/file/2024/04/Voting%20Minutes%204-4-24.docx%20%282%29.pdf#page=6,6,6,9,[]
BLB-2024-04-25-P-8,BLB-2024-04-25,LB99150,LB-99150,False,2024-04-25,license_pledge,pledge_application_disposition,granted,Granted,True,,"Flatbread Boston Landing, LLC",Flatbread Company,,,,Ice Box LLC,"76 Guest St, Brighton, MA 02135",,https://www.boston.gov/sites/default/files/file/2024/04/Voting%20Minutes%204-25-24_0.pdf,https://www.boston.gov/sites/default/files/file/2024/04/Voting%20Minutes%204-25-24_0.pdf#page=5,5,5,8,[]
BLB-2024-04-25-T-14,BLB-2024-04-25,LB98912,LB-98912,False,2024-04-25,license_transfer,transfer_application_disposition,granted,"Granted
Condition: any subsequent management agreement or transfer at the same location requires a
community process at the discretion of the Board
The Licensee must provide a status update within six months should an application for a
subsequent transfer or management agreement not be filed with the Board",True,,"The Club at Boston College, Inc.",Boston College Club,"Lincoln Street Property Owner, LLC",,,,"100 Federal St, Boston, MA 02110","1 Lincoln Street, Boston, MA 02111",https://www.boston.gov/sites/default/files/file/2024/04/Voting%20Minutes%204-25-24_0.pdf,https://www.boston.gov/sites/default/files/file/2024/04/Voting%20Minutes%204-25-24_0.pdf#page=7,7,7,14,"[""Destination address carried from explicit same-location statement.""]"
BLB-2024-04-25-T-15,BLB-2024-04-25,LB99580,LB-99580,False,2024-04-25,license_transfer,transfer_application_disposition,granted,Granted,True,,"North End Pomodoro of Boston, Inc.",Pomodoro,204 Hanover Corp.,North End Lobster Co.,,,"364 Hanover St, Boston, MA 02113","204 Hanover Street, Boston, MA 02113",https://www.boston.gov/sites/default/files/file/2024/04/Voting%20Minutes%204-25-24_0.pdf,https://www.boston.gov/sites/default/files/file/2024/04/Voting%20Minutes%204-25-24_0.pdf#page=8,8,8,15,[]
BLB-2024-04-25-P-16,BLB-2024-04-25,LB101570,LB-101570,False,2024-04-25,license_pledge,pledge_application_disposition,granted,Granted,True,,"Nusret Boston, LLC",Nusret Steakhouse,Jewel Box LLC,Bon Mar,,BioMed Realty Holdings LLC,"100 Arlington St, Boston, MA 02116","601 Congress Street, Boston, MA 02210",https://www.boston.gov/sites/default/files/file/2024/04/Voting%20Minutes%204-25-24_0.pdf,https://www.boston.gov/sites/default/files/file/2024/04/Voting%20Minutes%204-25-24_0.pdf#page=8,8,8,16,[]
BLB-2024-04-25-T-16,BLB-2024-04-25,LB101570,LB-101570,False,2024-04-25,license_transfer,transfer_application_disposition,granted,Granted,True,,"Nusret Boston, LLC",Nusret Steakhouse,Jewel Box LLC,Bon Mar,,BioMed Realty Holdings LLC,"100 Arlington St, Boston, MA 02116","601 Congress Street, Boston, MA 02210",https://www.boston.gov/sites/default/files/file/2024/04/Voting%20Minutes%204-25-24_0.pdf,https://www.boston.gov/sites/default/files/file/2024/04/Voting%20Minutes%204-25-24_0.pdf#page=8,8,8,16,[]
BLB-2024-04-25-P-1,BLB-2024-04-25,LB99150,LB-99150,False,2024-04-25,license_pledge,pledge_release_acknowledgment,acknowledged,Acknowledged,False,,Flatbread Boston Landing LLC,Flatbread Company,,,,Newburyport Five Cents Savings Bank,"76 Guest Street, Brighton, MA 02135",,https://www.boston.gov/sites/default/files/file/2024/04/Voting%20Minutes%204-25-24_0.pdf,https://www.boston.gov/sites/default/files/file/2024/04/Voting%20Minutes%204-25-24_0.pdf#page=12,12,12,1,"[""Acknowledged release of prior pledges/security interests, not approval of a new pledge.""]"
BLB-2024-05-01-T-10,BLB-2024-05-01,LB101975,LB-101975,False,2024-05-01,license_transfer,transfer_application_disposition,granted,Granted,True,,"PQT, Inc.",Green Gardens Liquor & Deli,"VJ Partners, Inc.",Green Gardens Liquor & Deli,,,"35 W Milton St, Hyde Park, MA 02136","35 W Milton St, Hyde Park, MA 02136",https://www.boston.gov/sites/default/files/file/2024/05/BLB%20Voting%20Minutes%205-1-24.pdf,https://www.boston.gov/sites/default/files/file/2024/05/BLB%20Voting%20Minutes%205-1-24.pdf#page=6,6,6,10,"[""Destination address carried from explicit same-location statement.""]"
BLB-2024-05-01-T-11,BLB-2024-05-01,LB101580,LB-101580,False,2024-05-01,license_transfer,transfer_application_disposition,granted,Granted,True,,100 Stuart LLC,Metro,"Big House, LLC",BSMNT,,,"100 Stuart St, Boston MA 02116","100 Stuart St, Boston MA 02116",https://www.boston.gov/sites/default/files/file/2024/05/BLB%20Voting%20Minutes%205-1-24.pdf,https://www.boston.gov/sites/default/files/file/2024/05/BLB%20Voting%20Minutes%205-1-24.pdf#page=7,7,7,11,"[""Destination address carried from explicit same-location statement.""]"
BLB-2024-05-01-T-12,BLB-2024-05-01,LB445626,LB-445626,False,2024-05-01,license_transfer,transfer_application_disposition,granted,Granted,True,,Ash and Ben LLC,Sushi Kappo,"OMI Symphony, Inc.",OMI Korean Grill,,,"86 Peterborough St, Boston, MA 02215","267 Huntington Ave, Boston, MA 02115",https://www.boston.gov/sites/default/files/file/2024/05/BLB%20Voting%20Minutes%205-1-24.pdf,https://www.boston.gov/sites/default/files/file/2024/05/BLB%20Voting%20Minutes%205-1-24.pdf#page=7,7,7,12,[]
BLB-2024-05-01-T-13,BLB-2024-05-01,LB98996,LB-98996,False,2024-05-01,license_transfer,transfer_application_disposition,granted,Granted,True,,"Laura’s Place, Inc.",,"The Pearl Group at Boston Landing, LLC",The Pearl,,,"688A Columbia Rd, Dorchester, MA 02125","67-69 Guest Street, Boston, MA 02135",https://www.boston.gov/sites/default/files/file/2024/05/BLB%20Voting%20Minutes%205-1-24.pdf,https://www.boston.gov/sites/default/files/file/2024/05/BLB%20Voting%20Minutes%205-1-24.pdf#page=7,7,7,13,[]
BLB-2024-05-01-P-14,BLB-2024-05-01,LB99415,LB-99415,False,2024-05-01,license_pledge,pledge_application_disposition,granted,Granted,True,,"Pho on Thayer, LLC",Pho on Thayer,Nowon Seaport LLC,Nowon Seaport,,Northern Bank,"11 Thayer St, Roxbury, MA 02118","117 Seaport Blvd, Boston, MA 02110",https://www.boston.gov/sites/default/files/file/2024/05/BLB%20Voting%20Minutes%205-1-24.pdf,https://www.boston.gov/sites/default/files/file/2024/05/BLB%20Voting%20Minutes%205-1-24.pdf#page=8,8,8,14,[]
BLB-2024-05-01-T-14,BLB-2024-05-01,LB99415,LB-99415,False,2024-05-01,license_transfer,transfer_application_disposition,granted,Granted,True,,"Pho on Thayer, LLC",Pho on Thayer,Nowon Seaport LLC,Nowon Seaport,,Northern Bank,"11 Thayer St, Roxbury, MA 02118","117 Seaport Blvd, Boston, MA 02110",https://www.boston.gov/sites/default/files/file/2024/05/BLB%20Voting%20Minutes%205-1-24.pdf,https://www.boston.gov/sites/default/files/file/2024/05/BLB%20Voting%20Minutes%205-1-24.pdf#page=8,8,8,14,[]
BLB-2024-05-23-P-16,BLB-2024-05-23,LB101975,LB-101975,False,2024-05-23,license_pledge,pledge_application_disposition,granted,Granted,True,,"PQT, INC.",Green Gardens Liquor & Deli,"VJ Partners, Inc.",Green Gardens Liquor & Deli,,"PQT, Inc.","35 W Milton St, Hyde Park, MA 02136","35 W Milton St, Hyde Park, MA 02136",https://www.boston.gov/sites/default/files/file/2024/05/Voting%20Minutes%205_23_24.docx.pdf,https://www.boston.gov/sites/default/files/file/2024/05/Voting%20Minutes%205_23_24.docx.pdf#page=8,8,8,16,"[""Destination address carried from explicit same-location statement.""]"
BLB-2024-05-23-T-16,BLB-2024-05-23,LB101975,LB-101975,False,2024-05-23,license_transfer,transfer_application_disposition,granted,Granted,True,,"PQT, INC.",Green Gardens Liquor & Deli,"VJ Partners, Inc.",Green Gardens Liquor & Deli,,"PQT, Inc.","35 W Milton St, Hyde Park, MA 02136","35 W Milton St, Hyde Park, MA 02136",https://www.boston.gov/sites/default/files/file/2024/05/Voting%20Minutes%205_23_24.docx.pdf,https://www.boston.gov/sites/default/files/file/2024/05/Voting%20Minutes%205_23_24.docx.pdf#page=8,8,8,16,"[""Destination address carried from explicit same-location statement.""]"
BLB-2024-05-23-T-17,BLB-2024-05-23,LB99645,LB-99645,False,2024-05-23,license_transfer,transfer_application_disposition,granted,Granted,True,,Qdoba Restaurant Corporation,Qdoba Mexican Eats,"Evergreen Eatery, Inc.",Evergreen Eatery and Cafe,,,"17-23 Forsyth St, Boston, MA 02115","154 Green St, Boston, MA 02130",https://www.boston.gov/sites/default/files/file/2024/05/Voting%20Minutes%205_23_24.docx.pdf,https://www.boston.gov/sites/default/files/file/2024/05/Voting%20Minutes%205_23_24.docx.pdf#page=8,8,8,17,[]
BLB-2024-06-06-P-7,BLB-2024-06-06,LB99038,LB-99038,False,2024-06-06,license_pledge,pledge_application_disposition,granted,Granted,True,,"B. Stone, Inc.",The Blarney Stone,"Jodayaanfre, Inc.",Acapella’s,,"B. Stone, Inc.","1505 Dorchester Ave, Dorchester, MA 02122","1505 Dorchester Ave, Dorchester, MA 02122",https://www.boston.gov/sites/default/files/file/2024/06/Voting%20Minutes%206-6-24.docx%20%281%29.pdf,https://www.boston.gov/sites/default/files/file/2024/06/Voting%20Minutes%206-6-24.docx%20%281%29.pdf#page=5,5,5,7,"[""Destination address carried from explicit same-location statement.""]"
BLB-2024-06-06-T-7,BLB-2024-06-06,LB99038,LB-99038,False,2024-06-06,license_transfer,transfer_application_disposition,granted,Granted,True,,"B. Stone, Inc.",The Blarney Stone,"Jodayaanfre, Inc.",Acapella’s,,"B. Stone, Inc.","1505 Dorchester Ave, Dorchester, MA 02122","1505 Dorchester Ave, Dorchester, MA 02122",https://www.boston.gov/sites/default/files/file/2024/06/Voting%20Minutes%206-6-24.docx%20%281%29.pdf,https://www.boston.gov/sites/default/files/file/2024/06/Voting%20Minutes%206-6-24.docx%20%281%29.pdf#page=5,5,5,7,"[""Destination address carried from explicit same-location statement.""]"
BLB-2024-06-06-T-8,BLB-2024-06-06,LB99570,LB-99570,False,2024-06-06,license_transfer,transfer_application_disposition,granted,Granted,True,,"Beacon Hill Hospitality Group, Inc.",Bin 26 Enoteca,Biscay LLC,Zurito,,,"20-26 Charles St, Boston, MA 02114","20-26 Charles St, Boston, MA 02114",https://www.boston.gov/sites/default/files/file/2024/06/Voting%20Minutes%206-6-24.docx%20%281%29.pdf,https://www.boston.gov/sites/default/files/file/2024/06/Voting%20Minutes%206-6-24.docx%20%281%29.pdf#page=5,5,5,8,"[""Destination address carried from explicit same-location statement.""]"
BLB-2024-06-06-T-9,BLB-2024-06-06,LB98996,LB-98996,False,2024-06-06,license_transfer,transfer_application_disposition,granted,Granted,True,,"Laura’s Place, Inc.",,"The Pearl Group at Boston Landing, LLC",The Pearl,,,"688A Columbia Rd, Dorchester, MA 02125","67-69 Guest Street, Boston, MA 02135",https://www.boston.gov/sites/default/files/file/2024/06/Voting%20Minutes%206-6-24.docx%20%281%29.pdf,https://www.boston.gov/sites/default/files/file/2024/06/Voting%20Minutes%206-6-24.docx%20%281%29.pdf#page=6,6,6,9,[]
BLB-2024-06-06-T-5,BLB-2024-06-06,LB99643,LB-99643,False,2024-06-06,license_transfer,transfer_revocation_notice,acknowledged,Acknowledged,False,2024-03-28,"Mirage Charcoal Kebab, Inc.",Zen Restaurant,LZZ LLC,Zen Japanese Grill and Sushi Bar,,,"21A Beacon St., Boston, MA 02109","21A Beacon St., Boston, MA 02109",https://www.boston.gov/sites/default/files/file/2024/06/Voting%20Minutes%206-6-24.docx%20%281%29.pdf,https://www.boston.gov/sites/default/files/file/2024/06/Voting%20Minutes%206-6-24.docx%20%281%29.pdf#page=10,10,10,5,"[""Board acknowledged seller and buyer notice of mutual intent to revoke the March 28 transfer; source says purchase and sale agreement was voided. This is not a new grant or proof of a completed sale.""]"
BLB-2024-06-26-P-15,BLB-2024-06-26,LB99458,LB-99458,False,2024-06-26,license_pledge,pledge_application_disposition,granted,"Granted
The Board lifts the transferor’s indefinite suspension for the purpose of transferring the license
The Board notes that any future transfer should include a review of the license’s disciplinary
history",True,,Russian Benevolent Society,Crystal Restaurant/Garage Room,"Keryan & Co, Inc.",Jana Grill & Bar,,"Russian Benevolent Society, Inc.","14-20 Linden St, Allston, MA 02134","14-20 Linden St, Allston, MA 02134",https://www.boston.gov/sites/default/files/file/2024/06/Voting%20Minutes%206-26-24.docx.pdf,https://www.boston.gov/sites/default/files/file/2024/06/Voting%20Minutes%206-26-24.docx.pdf#page=7,7,7,15,"[""Destination address carried from explicit same-location statement.""]"
BLB-2024-06-26-T-15,BLB-2024-06-26,LB99458,LB-99458,False,2024-06-26,license_transfer,transfer_application_disposition,granted,"Granted
The Board lifts the transferor’s indefinite suspension for the purpose of transferring the license
The Board notes that any future transfer should include a review of the license’s disciplinary
history",True,,Russian Benevolent Society,Crystal Restaurant/Garage Room,"Keryan & Co, Inc.",Jana Grill & Bar,,"Russian Benevolent Society, Inc.","14-20 Linden St, Allston, MA 02134","14-20 Linden St, Allston, MA 02134",https://www.boston.gov/sites/default/files/file/2024/06/Voting%20Minutes%206-26-24.docx.pdf,https://www.boston.gov/sites/default/files/file/2024/06/Voting%20Minutes%206-26-24.docx.pdf#page=7,7,7,15,"[""Destination address carried from explicit same-location statement.""]"
BLB-2024-06-26-T-16,BLB-2024-06-26,LB99719,LB-99719,False,2024-06-26,license_transfer,transfer_application_disposition,granted,Granted,True,,Street Prince LLC,,Pappare LLC,Pappare Ristorante,,,"48 Temple Place, Boston, MA 02111","358-364 Hanover Street, Boston, MA 02113",https://www.boston.gov/sites/default/files/file/2024/06/Voting%20Minutes%206-26-24.docx.pdf,https://www.boston.gov/sites/default/files/file/2024/06/Voting%20Minutes%206-26-24.docx.pdf#page=8,8,8,16,[]
BLB-2024-06-26-T-17,BLB-2024-06-26,LB99010,LB-99010,False,2024-06-26,license_transfer,transfer_application_disposition,granted,Granted,True,,"BMS After Dark, Inc.",3380 Bar & Grille,Street Prince LLC,Hobgoblin,,,"3380 Washington St, Jamaica Plain, MA 02130","48 Temple Place, Boston, MA 02111",https://www.boston.gov/sites/default/files/file/2024/06/Voting%20Minutes%206-26-24.docx.pdf,https://www.boston.gov/sites/default/files/file/2024/06/Voting%20Minutes%206-26-24.docx.pdf#page=8,8,8,17,[]
BLB-2024-07-11-P-5,BLB-2024-07-11,LB99457,LB-99457,False,2024-07-11,license_pledge,pledge_application_disposition,granted,Granted,True,,"CMG CP1, LLC",Caveau,,,,Eastern Bank,"1-3 Center Plaza, Boston, MA 02108",,https://www.boston.gov/sites/default/files/file/2024/07/Voting%20Agenda%20July%2011.docx_2.pdf,https://www.boston.gov/sites/default/files/file/2024/07/Voting%20Agenda%20July%2011.docx_2.pdf#page=3,3,3,5,[]
BLB-2024-07-11-P-9,BLB-2024-07-11,LB101897,LB-101897,False,2024-07-11,license_pledge,pledge_application_disposition,granted,Granted,True,,JNT Package Corporation,ODB Liquors,Surya Narayan Corporation,Hyde Park Liquor,,Rockland Trust Company,"1253 Hyde Park Ave, Hyde Park, MA 02136","1253 Hyde Park Ave, Hyde Park, MA 02136",https://www.boston.gov/sites/default/files/file/2024/07/Voting%20Agenda%20July%2011.docx_2.pdf,https://www.boston.gov/sites/default/files/file/2024/07/Voting%20Agenda%20July%2011.docx_2.pdf#page=4,4,4,9,"[""Destination address carried from explicit same-location statement.""]"
BLB-2024-07-11-T-9,BLB-2024-07-11,LB101897,LB-101897,False,2024-07-11,license_transfer,transfer_application_disposition,granted,Granted,True,,JNT Package Corporation,ODB Liquors,Surya Narayan Corporation,Hyde Park Liquor,,Rockland Trust Company,"1253 Hyde Park Ave, Hyde Park, MA 02136","1253 Hyde Park Ave, Hyde Park, MA 02136",https://www.boston.gov/sites/default/files/file/2024/07/Voting%20Agenda%20July%2011.docx_2.pdf,https://www.boston.gov/sites/default/files/file/2024/07/Voting%20Agenda%20July%2011.docx_2.pdf#page=4,4,4,9,"[""Destination address carried from explicit same-location statement.""]"
BLB-2024-07-11-T-10,BLB-2024-07-11,LB99152,LB-99152,False,2024-07-11,license_transfer,transfer_application_disposition,granted,Granted,True,,"Lola 42 Restaurant, LLC",Lola 42,"Lola 42 Restaurant Boston, LLC",Lola 42,,,"22 Liberty Drive, Boston, MA 02210","22 Liberty Drive, Boston, MA 02210",https://www.boston.gov/sites/default/files/file/2024/07/Voting%20Agenda%20July%2011.docx_2.pdf,https://www.boston.gov/sites/default/files/file/2024/07/Voting%20Agenda%20July%2011.docx_2.pdf#page=5,5,5,10,"[""Destination address carried from explicit same-location statement.""]"
BLB-2024-07-11-T-11,BLB-2024-07-11,LB99459,LB-99459,False,2024-07-11,license_transfer,transfer_application_disposition,granted,"Granted, with patio closing hour of 10:00 PM",True,,"Atlantico, LLC",Atlantico,Five Iron Golf Seaport LLC,Five Iron Golf,,,"600 Harrison Ave, Roxbury, MA 02118","311 Summer Street, Boston, MA 02210",https://www.boston.gov/sites/default/files/file/2024/07/Voting%20Agenda%20July%2011.docx_2.pdf,https://www.boston.gov/sites/default/files/file/2024/07/Voting%20Agenda%20July%2011.docx_2.pdf#page=5,5,5,11,[]
BLB-2024-07-11-P-12,BLB-2024-07-11,LB99633,LB-99633,False,2024-07-11,license_pledge,pledge_application_disposition,granted,Granted,True,,"Allston Rock City, LLC",Fields West,"SB 201 Brookline Ave, LLC",Shy Bird,,Cambridge Savings Bank,"87 Glenville Ave, Allston, MA 02134","201 Brookline Ave, Boston, MA 02215",https://www.boston.gov/sites/default/files/file/2024/07/Voting%20Agenda%20July%2011.docx_2.pdf,https://www.boston.gov/sites/default/files/file/2024/07/Voting%20Agenda%20July%2011.docx_2.pdf#page=5,5,5,12,[]
BLB-2024-07-11-T-12,BLB-2024-07-11,LB99633,LB-99633,False,2024-07-11,license_transfer,transfer_application_disposition,granted,Granted,True,,"Allston Rock City, LLC",Fields West,"SB 201 Brookline Ave, LLC",Shy Bird,,Cambridge Savings Bank,"87 Glenville Ave, Allston, MA 02134","201 Brookline Ave, Boston, MA 02215",https://www.boston.gov/sites/default/files/file/2024/07/Voting%20Agenda%20July%2011.docx_2.pdf,https://www.boston.gov/sites/default/files/file/2024/07/Voting%20Agenda%20July%2011.docx_2.pdf#page=5,5,5,12,[]
BLB-2024-08-01-P-8,BLB-2024-08-01,LB99655,LB-99655,False,2024-08-01,license_pledge,pledge_application_disposition,granted,Granted,True,,CAMI 1974 Corporation,Melodias,,,,Eastern Bank,"1045 Saratoga St, East Boston, MA 02128",,https://www.boston.gov/sites/default/files/file/2024/08/Voting%20Minutes%208-1-24.docx.pdf,https://www.boston.gov/sites/default/files/file/2024/08/Voting%20Minutes%208-1-24.docx.pdf#page=5,5,5,8,[]
BLB-2024-08-01-T-14,BLB-2024-08-01,LB99161,LB-99161,False,2024-08-01,license_transfer,transfer_application_disposition,granted,Granted,True,,"S&A P-12 Hospitality, LLC",,"Cruise Hospitality, LLC",AVRA,,,"1001 Boylston St, Boston, MA 02215","1001 Boylston St, Boston, MA 02215",https://www.boston.gov/sites/default/files/file/2024/08/Voting%20Minutes%208-1-24.docx.pdf,https://www.boston.gov/sites/default/files/file/2024/08/Voting%20Minutes%208-1-24.docx.pdf#page=7,7,7,14,"[""Source expressly says transfer the licensed business by the named alcoholic-beverages license holder, rather than transfer the license."", ""Destination address carried from explicit same-location statement.""]"
BLB-2024-08-01-T-15,BLB-2024-08-01,LB99783,LB-99783,False,2024-08-01,license_transfer,transfer_application_disposition,granted,Granted,True,,"552 Tremont, LLC",The Butcher Shop,PAG Tremont 552 LLC,,,,"552 Tremont St, Roxbury, MA 02118","552 Tremont St, Roxbury, MA 02118",https://www.boston.gov/sites/default/files/file/2024/08/Voting%20Minutes%208-1-24.docx.pdf,https://www.boston.gov/sites/default/files/file/2024/08/Voting%20Minutes%208-1-24.docx.pdf#page=7,7,7,15,"[""Source expressly says transfer the licensed business by the named alcoholic-beverages license holder, rather than transfer the license."", ""Destination address carried from explicit same-location statement.""]"
BLB-2024-08-01-P-16,BLB-2024-08-01,LB99136,LB-99136,False,2024-08-01,license_pledge,pledge_application_disposition,granted,Granted,True,,"AC NEP, LLC",Dorset Hall,Moville Inc.,McGonagle’s,,Northern Bank and Trust Company,"367-371 Neponset Ave, Dorchester, MA 02122","367-371 Neponset Ave, Dorchester, MA 02122",https://www.boston.gov/sites/default/files/file/2024/08/Voting%20Minutes%208-1-24.docx.pdf,https://www.boston.gov/sites/default/files/file/2024/08/Voting%20Minutes%208-1-24.docx.pdf#page=7,7,7,16,"[""Source expressly says transfer the licensed business by the named alcoholic-beverages license holder, rather than transfer the license."", ""Destination address carried from explicit same-location statement.""]"
BLB-2024-08-01-T-16,BLB-2024-08-01,LB99136,LB-99136,False,2024-08-01,license_transfer,transfer_application_disposition,granted,Granted,True,,"AC NEP, LLC",Dorset Hall,Moville Inc.,McGonagle’s,,Northern Bank and Trust Company,"367-371 Neponset Ave, Dorchester, MA 02122","367-371 Neponset Ave, Dorchester, MA 02122",https://www.boston.gov/sites/default/files/file/2024/08/Voting%20Minutes%208-1-24.docx.pdf,https://www.boston.gov/sites/default/files/file/2024/08/Voting%20Minutes%208-1-24.docx.pdf#page=7,7,7,16,"[""Source expressly says transfer the licensed business by the named alcoholic-beverages license holder, rather than transfer the license."", ""Destination address carried from explicit same-location statement.""]"
BLB-2024-08-01-P-17,BLB-2024-08-01,LB98901,LB-98901,False,2024-08-01,license_pledge,pledge_application_disposition,granted,Granted,True,,"RYGUY, LLC",The Emory,Taco Azul Boston LLC,Taco Azul,,"Webster Bank, National Association","21 Beacon St, Boston, MA 02108","21 Beacon St, Boston, MA 02108",https://www.boston.gov/sites/default/files/file/2024/08/Voting%20Minutes%208-1-24.docx.pdf,https://www.boston.gov/sites/default/files/file/2024/08/Voting%20Minutes%208-1-24.docx.pdf#page=8,8,8,17,"[""Source expressly says transfer the licensed business by the named alcoholic-beverages license holder, rather than transfer the license."", ""Destination address carried from explicit same-location statement.""]"
BLB-2024-08-01-T-17,BLB-2024-08-01,LB98901,LB-98901,False,2024-08-01,license_transfer,transfer_application_disposition,granted,Granted,True,,"RYGUY, LLC",The Emory,Taco Azul Boston LLC,Taco Azul,,"Webster Bank, National Association","21 Beacon St, Boston, MA 02108","21 Beacon St, Boston, MA 02108",https://www.boston.gov/sites/default/files/file/2024/08/Voting%20Minutes%208-1-24.docx.pdf,https://www.boston.gov/sites/default/files/file/2024/08/Voting%20Minutes%208-1-24.docx.pdf#page=8,8,8,17,"[""Source expressly says transfer the licensed business by the named alcoholic-beverages license holder, rather than transfer the license."", ""Destination address carried from explicit same-location statement.""]"
BLB-2024-08-01-T-18,BLB-2024-08-01,LB99246,LB-99246,False,2024-08-01,license_transfer,transfer_application_disposition,granted,"Granted - Condition: Any subsequent management agreement or transfer at the same location
requires a community process at the discretion of the Board.",True,,"East Coast Eats, Inc.",Silvertone Bar & Grill,10 World Trade LHI LLC,,,,"69 Bromfield St, Boston, MA 02108","10 World Trade Center Ave, Boston, MA 02210",https://www.boston.gov/sites/default/files/file/2024/08/Voting%20Minutes%208-1-24.docx.pdf,https://www.boston.gov/sites/default/files/file/2024/08/Voting%20Minutes%208-1-24.docx.pdf#page=8,8,8,18,"[""Destination address carried from explicit same-location statement.""]"
BLB-2024-08-01-P-19,BLB-2024-08-01,LB99092,LB-99092,False,2024-08-01,license_pledge,pledge_application_disposition,granted,Granted,True,,"G&V Ice Cream and Sub, Inc.",Don’t Tell Aunty,Early Monsoon LLC,Don’t Tell Aunty,,Rockland Trust Company,"1122 Boylston St, Boston, MA 02215","1080 Boylston Street, Boston, MA 02215",https://www.boston.gov/sites/default/files/file/2024/08/Voting%20Minutes%208-1-24.docx.pdf,https://www.boston.gov/sites/default/files/file/2024/08/Voting%20Minutes%208-1-24.docx.pdf#page=9,9,9,19,[]
BLB-2024-08-01-T-19,BLB-2024-08-01,LB99092,LB-99092,False,2024-08-01,license_transfer,transfer_application_disposition,granted,Granted,True,,"G&V Ice Cream and Sub, Inc.",Don’t Tell Aunty,Early Monsoon LLC,Don’t Tell Aunty,,Rockland Trust Company,"1122 Boylston St, Boston, MA 02215","1080 Boylston Street, Boston, MA 02215",https://www.boston.gov/sites/default/files/file/2024/08/Voting%20Minutes%208-1-24.docx.pdf,https://www.boston.gov/sites/default/files/file/2024/08/Voting%20Minutes%208-1-24.docx.pdf#page=9,9,9,19,[]
BLB-2024-08-01-P-1,BLB-2024-08-01,LB99655,LB-99655,False,2024-08-01,license_pledge,pledge_release_acknowledgment,acknowledged,Acknowledged,False,,Cami 1975 Corporation,Melodias,,,,Lazaro Orellana,"1045 Saratoga Street, East Boston, MA 02128",,https://www.boston.gov/sites/default/files/file/2024/08/Voting%20Minutes%208-1-24.docx.pdf,https://www.boston.gov/sites/default/files/file/2024/08/Voting%20Minutes%208-1-24.docx.pdf#page=14,14,14,1,"[""Release item says Cami 1975 Corporation; new pledge item 8 in same document says CAMI 1974 Corporation. Preserve source discrepancy; same LB-99655 and premises."", ""Acknowledged release of prior pledges/security interests, not approval of a new pledge.""]"
BLB-2024-08-08-T-5,BLB-2024-08-08,LB99094,LB-99094,False,2024-08-08,license_transfer,transfer_application_disposition,granted,Granted,True,,"Rhubarb, Inc.",O’Brien’s,"Allston Live Concessions, LLC",O’Brien’s Pub,,,"3 Harvard Ave, Allston, MA 02134","3 Harvard Ave, Allston, MA 02134",https://www.boston.gov/sites/default/files/file/2024/08/Voting%20Minutes%208-8-24.docx.pdf,https://www.boston.gov/sites/default/files/file/2024/08/Voting%20Minutes%208-8-24.docx.pdf#page=4,4,4,5,"[""Source expressly says transfer the licensed business by the named alcoholic-beverages license holder, rather than transfer the license."", ""Destination address carried from explicit same-location statement.""]"
BLB-2024-08-22-P-5,BLB-2024-08-22,LB99150,LB-99150,False,2024-08-22,license_pledge,pledge_application_disposition,granted,Granted,True,,"Flatbread Boston Landing, LLC",Flatbread Company,,,,Ice Box LLC,"76 Guest St, Brighton, MA 02135",,https://www.boston.gov/sites/default/files/file/2024/08/Voting%20Minutes%208-22-24.docx.pdf,https://www.boston.gov/sites/default/files/file/2024/08/Voting%20Minutes%208-22-24.docx.pdf#page=4,4,4,5,[]
BLB-2024-08-22-P-10,BLB-2024-08-22,LB353633,LB-353633,False,2024-08-22,license_pledge,pledge_application_disposition,granted,Granted,True,,"Cardullo's Gourmet Food Shoppe, Inc.",Cardullo's Gourmet Shoppe,"Good Team, Inc.",Cardullo’s Gourmet Shoppe,,Rockland Trust Company,"101 Seaport Blvd, Boston, MA 02210","101 Seaport Blvd, Boston, MA 02210",https://www.boston.gov/sites/default/files/file/2024/08/Voting%20Minutes%208-22-24.docx.pdf,https://www.boston.gov/sites/default/files/file/2024/08/Voting%20Minutes%208-22-24.docx.pdf#page=6,6,6,10,"[""Destination address carried from explicit same-location statement.""]"
BLB-2024-08-22-T-10,BLB-2024-08-22,LB353633,LB-353633,False,2024-08-22,license_transfer,transfer_application_disposition,granted,Granted,True,,"Cardullo's Gourmet Food Shoppe, Inc.",Cardullo's Gourmet Shoppe,"Good Team, Inc.",Cardullo’s Gourmet Shoppe,,Rockland Trust Company,"101 Seaport Blvd, Boston, MA 02210","101 Seaport Blvd, Boston, MA 02210",https://www.boston.gov/sites/default/files/file/2024/08/Voting%20Minutes%208-22-24.docx.pdf,https://www.boston.gov/sites/default/files/file/2024/08/Voting%20Minutes%208-22-24.docx.pdf#page=6,6,6,10,"[""Destination address carried from explicit same-location statement.""]"
BLB-2024-09-12-P-18,BLB-2024-09-12,LB98909,LB-98909,False,2024-09-12,license_pledge,pledge_application_disposition,granted,Granted,True,,"Good Tacos, LLC",Naco Taco & Good Company,"CT Eatery, LLC",Lucky Tiger,,"Hood Park, LLC","100 Hood Park Drive, Charlestown, MA 02129","100 Hood Park Drive, Charlestown, MA 02129",https://www.boston.gov/sites/default/files/file/2024/09/Voting%20Minutes%209-12-24.pdf,https://www.boston.gov/sites/default/files/file/2024/09/Voting%20Minutes%209-12-24.pdf#page=9,9,9,18,"[""Destination address carried from explicit same-location statement.""]"
BLB-2024-09-12-T-18,BLB-2024-09-12,LB98909,LB-98909,False,2024-09-12,license_transfer,transfer_application_disposition,granted,Granted,True,,"Good Tacos, LLC",Naco Taco & Good Company,"CT Eatery, LLC",Lucky Tiger,,"Hood Park, LLC","100 Hood Park Drive, Charlestown, MA 02129","100 Hood Park Drive, Charlestown, MA 02129",https://www.boston.gov/sites/default/files/file/2024/09/Voting%20Minutes%209-12-24.pdf,https://www.boston.gov/sites/default/files/file/2024/09/Voting%20Minutes%209-12-24.pdf#page=9,9,9,18,"[""Destination address carried from explicit same-location statement.""]"
BLB-2024-09-12-T-19,BLB-2024-09-12,LB99298,LB-99298,False,2024-09-12,license_transfer,transfer_application_disposition,granted,Granted,True,,"Bespoke Hospitality, LLC",Cambria,"West Broadway Management, LLC",Cambria Hotel,,,"6 W Broadway, South Boston, MA 02127","6 W Broadway, South Boston, MA 02127",https://www.boston.gov/sites/default/files/file/2024/09/Voting%20Minutes%209-12-24.pdf,https://www.boston.gov/sites/default/files/file/2024/09/Voting%20Minutes%209-12-24.pdf#page=9,9,9,19,"[""Destination address carried from explicit same-location statement.""]"
BLB-2024-09-12-T-20,BLB-2024-09-12,LB98933,LB-98933,False,2024-09-12,license_transfer,transfer_application_disposition,granted,Granted,True,,"Glenbeg, Inc.",Azure,"The Lenox Hotel, LLC",,,,"65 Exeter St, Boston MA 02116","65 Exeter St, Boston MA 02116",https://www.boston.gov/sites/default/files/file/2024/09/Voting%20Minutes%209-12-24.pdf,https://www.boston.gov/sites/default/files/file/2024/09/Voting%20Minutes%209-12-24.pdf#page=10,10,10,20,"[""Destination address carried from explicit same-location statement.""]"
BLB-2024-09-12-T-21,BLB-2024-09-12,LB99676,LB-99676,False,2024-09-12,license_transfer,transfer_application_disposition,granted,Granted,True,,"Our Father’s Deli, LLC",Our Father’s Deli,"Elephantine, LLC",Elephantine Bakery,,,"1301 Boylston St, Boston, MA 02215","332 Congress Street, Boston, MA 02210",https://www.boston.gov/sites/default/files/file/2024/09/Voting%20Minutes%209-12-24.pdf,https://www.boston.gov/sites/default/files/file/2024/09/Voting%20Minutes%209-12-24.pdf#page=10,10,10,21,[]
BLB-2024-09-26-P-8,BLB-2024-09-26,LB99443,LB-99443,False,2024-09-26,license_pledge,pledge_application_disposition,granted,Granted,True,,"Clover Ventures, LLC",Bostonia Public House,,,,Northern Bank & Trust Company,"131 State St, Boston, MA 02109",,https://www.boston.gov/sites/default/files/file/2024/09/Voting%20Minutes%209-26-24.pdf,https://www.boston.gov/sites/default/files/file/2024/09/Voting%20Minutes%209-26-24.pdf#page=5,5,5,8,[]
BLB-2024-09-26-T-12,BLB-2024-09-26,LB309815,LB-309815,False,2024-09-26,license_transfer,transfer_application_disposition,granted,Granted,True,,"CPCB, LLC",Cornish Pasty,"Yoshida Omakase, LLC",,,,"51A Massachusetts Ave, Boston, MA 02115","51A Massachusetts Ave, Boston, MA 02115",https://www.boston.gov/sites/default/files/file/2024/09/Voting%20Minutes%209-26-24.pdf,https://www.boston.gov/sites/default/files/file/2024/09/Voting%20Minutes%209-26-24.pdf#page=6,6,6,12,"[""Destination address carried from explicit same-location statement.""]"
BLB-2024-09-26-T-13,BLB-2024-09-26,LB99702,LB-99702,False,2024-09-26,license_transfer,transfer_application_disposition,granted,Granted,True,,"La Roca, Inc.",Dolce Vita,"Martignetti Restaurant Group, LLC",Bar Martignetti,,,"221 Hanover St, Boston, MA 02113","221 Hanover St, Boston, MA 02113",https://www.boston.gov/sites/default/files/file/2024/09/Voting%20Minutes%209-26-24.pdf,https://www.boston.gov/sites/default/files/file/2024/09/Voting%20Minutes%209-26-24.pdf#page=6,6,6,13,"[""Destination address carried from explicit same-location statement.""]"
BLB-2024-09-26-P-14,BLB-2024-09-26,LB99825,LB-99825,False,2024-09-26,license_pledge,pledge_application_disposition,granted,Granted,True,,"Cannonball Cafe, LLC",Cannonball Cafe,"383 Lot, LLC",Park City,,"Cannonball Cafe, LLC","383 Dorchester Ave, South Boston, MA 02127","383 Dorchester Ave, South Boston, MA 02127",https://www.boston.gov/sites/default/files/file/2024/09/Voting%20Minutes%209-26-24.pdf,https://www.boston.gov/sites/default/files/file/2024/09/Voting%20Minutes%209-26-24.pdf#page=7,7,7,14,"[""Destination address carried from explicit same-location statement.""]"
BLB-2024-09-26-T-14,BLB-2024-09-26,LB99825,LB-99825,False,2024-09-26,license_transfer,transfer_application_disposition,granted,Granted,True,,"Cannonball Cafe, LLC",Cannonball Cafe,"383 Lot, LLC",Park City,,"Cannonball Cafe, LLC","383 Dorchester Ave, South Boston, MA 02127","383 Dorchester Ave, South Boston, MA 02127",https://www.boston.gov/sites/default/files/file/2024/09/Voting%20Minutes%209-26-24.pdf,https://www.boston.gov/sites/default/files/file/2024/09/Voting%20Minutes%209-26-24.pdf#page=7,7,7,14,"[""Destination address carried from explicit same-location statement.""]"
BLB-2024-09-26-T-15,BLB-2024-09-26,LB99674,LB-99674,False,2024-09-26,license_transfer,transfer_application_disposition,granted,Granted,True,,"Turnaround Sushi, Inc.",Crave Mad for Chicken,"Hunsa, Inc.",Kala Thai Cookery,,,"75 Kneeland St, Boston, MA 02111","151 Hanover Street, Boston, MA 02108",https://www.boston.gov/sites/default/files/file/2024/09/Voting%20Minutes%209-26-24.pdf,https://www.boston.gov/sites/default/files/file/2024/09/Voting%20Minutes%209-26-24.pdf#page=7,7,7,15,[]
BLB-2024-09-26-T-16,BLB-2024-09-26,LB99671,LB-99671,False,2024-09-26,license_transfer,transfer_application_disposition,granted,Granted,True,,"Gogle Mogle, Inc.",Seabiscuit,"Selfup, LLC",Selfup Cooking Classes,,,"256 Marginal St, East Boston, MA 02128","19 Kingston Street, Boston, MA 02111",https://www.boston.gov/sites/default/files/file/2024/09/Voting%20Minutes%209-26-24.pdf,https://www.boston.gov/sites/default/files/file/2024/09/Voting%20Minutes%209-26-24.pdf#page=7,7,7,16,[]
BLB-2024-10-17-T-20,BLB-2024-10-17,LB525498,LB-525498,False,2024-10-17,license_transfer,transfer_application_disposition,granted,Granted,True,,"Harbor Petroleum, LLC",Meridian St. Mobil,Global Montello Group Corp.,Global Montello Group Corp. #2777,,,"470 Meridian St, East Boston, MA 02128","470 Meridian St, East Boston, MA 02128",https://www.boston.gov/sites/default/files/file/2024/10/Voting%20Minutes%2010-15-24.docx.pdf,https://www.boston.gov/sites/default/files/file/2024/10/Voting%20Minutes%2010-15-24.docx.pdf#page=9,9,9,20,"[""Destination address carried from explicit same-location statement.""]"
BLB-2024-10-17-T-21,BLB-2024-10-17,LB101985,LB-101985,False,2024-10-17,license_transfer,transfer_application_disposition,rescheduled,Rescheduled to the next available hearing date,False,,"Grand Bouchon, LLC",SeiyoWine Shop,"Chang Dao, LLC",New Seiyo Wine Store,,,"1721 Washington St, Roxbury, MA 02118","1721 Washington St, Roxbury, MA 02118",https://www.boston.gov/sites/default/files/file/2024/10/Voting%20Minutes%2010-15-24.docx.pdf,https://www.boston.gov/sites/default/files/file/2024/10/Voting%20Minutes%2010-15-24.docx.pdf#page=10,10,10,21,"[""Destination address carried from explicit same-location statement.""]"
BLB-2024-10-17-T-22,BLB-2024-10-17,LB99305,LB-99305,False,2024-10-17,license_transfer,transfer_application_disposition,granted,"Granted
No license will be issued until the Licensee has successfully completed the community process",True,,"DK Associates, LLC",Worden Hall,"Crazy Tiger, LLC",Kahaani on Broadway,,,"22-26 W Broadway, South Boston, MA 02127","22-26 W Broadway, South Boston, MA 02127",https://www.boston.gov/sites/default/files/file/2024/10/Voting%20Minutes%2010-15-24.docx.pdf,https://www.boston.gov/sites/default/files/file/2024/10/Voting%20Minutes%2010-15-24.docx.pdf#page=10,10,10,22,"[""Destination address carried from explicit same-location statement.""]"
BLB-2024-10-17-T-23,BLB-2024-10-17,LB99321,LB-99321,False,2024-10-17,license_transfer,transfer_application_disposition,granted,Granted,True,,"SB&G, Inc.",Porter’s Bar and Grill,"PBLL 24, LLC",The Flagrant Fowl,,,"173-179 Portland St, Boston, MA 02114","173-179 Portland St, Boston, MA 02114",https://www.boston.gov/sites/default/files/file/2024/10/Voting%20Minutes%2010-15-24.docx.pdf,https://www.boston.gov/sites/default/files/file/2024/10/Voting%20Minutes%2010-15-24.docx.pdf#page=10,10,10,23,"[""Destination address carried from explicit same-location statement.""]"
BLB-2024-10-17-P-24,BLB-2024-10-17,LB99346,LB-99346,False,2024-10-17,license_pledge,pledge_application_disposition,granted,Granted,True,,"142 Berkeley, LLC",,USHG Boston Seaport F&B LLC,,,Trustees of the Commonwealth Pier Trust II,"142 Berkeley St, Boston, MA 02116","200 Seaport Blvd, Boston, MA 02210",https://www.boston.gov/sites/default/files/file/2024/10/Voting%20Minutes%2010-15-24.docx.pdf,https://www.boston.gov/sites/default/files/file/2024/10/Voting%20Minutes%2010-15-24.docx.pdf#page=11,11,11,24,[]
BLB-2024-10-17-T-24,BLB-2024-10-17,LB99346,LB-99346,False,2024-10-17,license_transfer,transfer_application_disposition,granted,Granted,True,,"142 Berkeley, LLC",,USHG Boston Seaport F&B LLC,,,Trustees of the Commonwealth Pier Trust II,"142 Berkeley St, Boston, MA 02116","200 Seaport Blvd, Boston, MA 02210",https://www.boston.gov/sites/default/files/file/2024/10/Voting%20Minutes%2010-15-24.docx.pdf,https://www.boston.gov/sites/default/files/file/2024/10/Voting%20Minutes%2010-15-24.docx.pdf#page=11,11,11,24,[]
BLB-2024-10-17-T-25,BLB-2024-10-17,LB99555,LB-99555,False,2024-10-17,license_transfer,transfer_application_disposition,granted,Granted,True,,"Symphony Exchange, Inc.",The Ginger Exchange,"Post Road Company, LLC",Hill Kitchen,,,"250 Huntington Ave, Boston, MA 02115","39 Charles Street, Boston, MA 02114",https://www.boston.gov/sites/default/files/file/2024/10/Voting%20Minutes%2010-15-24.docx.pdf,https://www.boston.gov/sites/default/files/file/2024/10/Voting%20Minutes%2010-15-24.docx.pdf#page=11,11,11,25,[]
BLB-2024-10-31-P-7,BLB-2024-10-31,LB98983,LB-98983,False,2024-10-31,license_pledge,pledge_application_disposition,granted,Granted,True,,"Galway House, Inc.",The Galway House,,,,Rockland Trust Company,"710A-712 Centre St, Jamaica Plain, MA 02130",,https://www.boston.gov/sites/default/files/file/2024/11/Voting%20Minutes%2010-31-24.docx.pdf,https://www.boston.gov/sites/default/files/file/2024/11/Voting%20Minutes%2010-31-24.docx.pdf#page=6,6,6,7,[]
BLB-2024-10-31-T-14,BLB-2024-10-31,LB98927,LB-98927,False,2024-10-31,license_transfer,transfer_application_disposition,granted,"Granted
Any subsequent management agreement or transfer at the same location will require a
community process prior to a hearing before the Board",True,,"Coppersmith Hall, LLC",,"ARE-15 Necco TRS Holding, LLC",,,,"40 W Third St, South Boston, MA 02127","15 Necco Street, Boston, MA 02210",https://www.boston.gov/sites/default/files/file/2024/11/Voting%20Minutes%2010-31-24.docx.pdf,https://www.boston.gov/sites/default/files/file/2024/11/Voting%20Minutes%2010-31-24.docx.pdf#page=8,8,8,14,"[""Destination address carried from explicit same-location statement.""]"
BLB-2024-10-31-P-15,BLB-2024-10-31,LB99144,LB-99144,False,2024-10-31,license_pledge,pledge_application_disposition,granted,Granted,True,,"Fajitas & ‘Ritas, Inc.",Fajitas & Ritas,Parsons CC Southie OPCO LLC,Common Craft,,Washington Village Phase 1 Property Owner LLC,"25 West St, Boston, MA 02111","85 Damrell Street, Boston, MA 02127",https://www.boston.gov/sites/default/files/file/2024/11/Voting%20Minutes%2010-31-24.docx.pdf,https://www.boston.gov/sites/default/files/file/2024/11/Voting%20Minutes%2010-31-24.docx.pdf#page=8,8,8,15,[]
BLB-2024-10-31-T-15,BLB-2024-10-31,LB99144,LB-99144,False,2024-10-31,license_transfer,transfer_application_disposition,granted,Granted,True,,"Fajitas & ‘Ritas, Inc.",Fajitas & Ritas,Parsons CC Southie OPCO LLC,Common Craft,,Washington Village Phase 1 Property Owner LLC,"25 West St, Boston, MA 02111","85 Damrell Street, Boston, MA 02127",https://www.boston.gov/sites/default/files/file/2024/11/Voting%20Minutes%2010-31-24.docx.pdf,https://www.boston.gov/sites/default/files/file/2024/11/Voting%20Minutes%2010-31-24.docx.pdf#page=8,8,8,15,[]
BLB-2024-10-31-T-16,BLB-2024-10-31,LB99640,LB-99640,False,2024-10-31,license_transfer,transfer_application_disposition,granted,Granted,True,,"Menya Jiro Seaport, Inc.",Menya Jiro,Sarva Foods LLC,Sarva Cafe,,,"50 Northern Ave, Boston, MA 02210","279 Newbury Street, Boston, MA 02116",https://www.boston.gov/sites/default/files/file/2024/11/Voting%20Minutes%2010-31-24.docx.pdf,https://www.boston.gov/sites/default/files/file/2024/11/Voting%20Minutes%2010-31-24.docx.pdf#page=9,9,9,16,[]
BLB-2024-11-14-P-5,BLB-2024-11-14,LB101906,LB-101906,False,2024-11-14,license_pledge,pledge_application_disposition,granted,Granted,True,,"Rodan, Inc.",Beacon Capitol Market,"Beacon Capitol Markets, Inc.",Beacon Capitol Market,,"Rodan, Inc.","32 Myrtle St, Boston, MA 02114","32 Myrtle St, Boston, MA 02114",https://www.boston.gov/sites/default/files/file/2024/11/Voting%20Minutes%2011-14-24.docx%20%281%29.pdf,https://www.boston.gov/sites/default/files/file/2024/11/Voting%20Minutes%2011-14-24.docx%20%281%29.pdf#page=4,4,4,5,"[""Destination address carried from explicit same-location statement.""]"
BLB-2024-11-14-T-5,BLB-2024-11-14,LB101906,LB-101906,False,2024-11-14,license_transfer,transfer_application_disposition,granted,Granted,True,,"Rodan, Inc.",Beacon Capitol Market,"Beacon Capitol Markets, Inc.",Beacon Capitol Market,,"Rodan, Inc.","32 Myrtle St, Boston, MA 02114","32 Myrtle St, Boston, MA 02114",https://www.boston.gov/sites/default/files/file/2024/11/Voting%20Minutes%2011-14-24.docx%20%281%29.pdf,https://www.boston.gov/sites/default/files/file/2024/11/Voting%20Minutes%2011-14-24.docx%20%281%29.pdf#page=4,4,4,5,"[""Destination address carried from explicit same-location statement.""]"
BLB-2024-11-14-T-6,BLB-2024-11-14,LB99712,LB-99712,False,2024-11-14,license_transfer,transfer_application_disposition,granted,Granted,True,,"LoContes Boston, Inc.",LoConte’s,"Brook Egg Farm, Inc.",LoConte’s,,,"116 Salem St, Boston MA, 02113","116 Salem St, Boston MA, 02113",https://www.boston.gov/sites/default/files/file/2024/11/Voting%20Minutes%2011-14-24.docx%20%281%29.pdf,https://www.boston.gov/sites/default/files/file/2024/11/Voting%20Minutes%2011-14-24.docx%20%281%29.pdf#page=4,4,4,6,"[""Destination address carried from explicit same-location statement.""]"
BLB-2024-11-21-T-11,BLB-2024-11-21,LB98993,LB-98993,False,2024-11-21,license_transfer,transfer_application_disposition,granted,"Granted
The Board lifts the transferor’s indefinite suspension for the purpose of transferring the license
Any subsequent management agreement or transfer at the same location will require a
community process prior to a hearing before the Board",True,,"Causeway Union, LLC",,"CRG License Holdings II, LLC",,,,"17 Union St, Boston, MA 02108","17 Union St, Boston, MA 02108",https://www.boston.gov/sites/default/files/file/2024/11/Voting%20Minutes%2011-21-24.docx_0.pdf,https://www.boston.gov/sites/default/files/file/2024/11/Voting%20Minutes%2011-21-24.docx_0.pdf#page=4,4,4,11,"[""Source expressly says transfer the licensed business by the named alcoholic-beverages license holder, rather than transfer the license."", ""Destination address carried from explicit same-location statement.""]"
BLB-2024-11-21-T-12,BLB-2024-11-21,LB99168,LB-99168,False,2024-11-21,license_transfer,transfer_application_disposition,granted,Granted,True,,"Korean Fusion, Inc.",Koy,"Swingers BOS, LLC",Swingers,,,"16-18 North St, Boston, MA 02108","777 Boylston Street, Boston, MA 02116",https://www.boston.gov/sites/default/files/file/2024/11/Voting%20Minutes%2011-21-24.docx_0.pdf,https://www.boston.gov/sites/default/files/file/2024/11/Voting%20Minutes%2011-21-24.docx_0.pdf#page=4,4,4,12,[]
BLB-2024-12-12-P-8,BLB-2024-12-12,LB98996,LB-98996,False,2024-12-12,license_pledge,pledge_application_disposition,granted,Granted,True,,"The Pearl Group at Boston Landing, LLC",The Pearl,,,,"Railyard Sports, LLC","67-91 Guest St, Brighton, MA 02135",,https://www.boston.gov/sites/default/files/file/2024/12/Voting%20Minutes%2012-12-24.docx.pdf,https://www.boston.gov/sites/default/files/file/2024/12/Voting%20Minutes%2012-12-24.docx.pdf#page=5,5,5,8,[]
BLB-2024-12-12-P-9,BLB-2024-12-12,LB99041,LB-99041,False,2024-12-12,license_pledge,pledge_application_disposition,granted,Granted,True,,"Seaport Hospitality, Inc.",,,,,Eastern Bank,"42 Summer St, Boston, MA 02210",,https://www.boston.gov/sites/default/files/file/2024/12/Voting%20Minutes%2012-12-24.docx.pdf,https://www.boston.gov/sites/default/files/file/2024/12/Voting%20Minutes%2012-12-24.docx.pdf#page=5,5,5,9,[]
BLB-2024-12-12-P-10,BLB-2024-12-12,LB99126,LB-99126,False,2024-12-12,license_pledge,pledge_application_disposition,granted,Granted,True,,"Northern Avenue Hospitality, Inc.",Gather,,,,Eastern Bank,"75 Northern Ave, Boston, MA 02210",,https://www.boston.gov/sites/default/files/file/2024/12/Voting%20Minutes%2012-12-24.docx.pdf,https://www.boston.gov/sites/default/files/file/2024/12/Voting%20Minutes%2012-12-24.docx.pdf#page=6,6,6,10,[]
BLB-2024-12-12-P-11,BLB-2024-12-12,LB99359,LB-99359,False,2024-12-12,license_pledge,pledge_application_disposition,granted,Granted,True,,"Galway, Inc.",The Harp,,,,Eastern Bank,"85 Causeway St, Boston, MA 02114",,https://www.boston.gov/sites/default/files/file/2024/12/Voting%20Minutes%2012-12-24.docx.pdf,https://www.boston.gov/sites/default/files/file/2024/12/Voting%20Minutes%2012-12-24.docx.pdf#page=6,6,6,11,[]
BLB-2024-12-12-P-12,BLB-2024-12-12,LB99157,LB-99157,False,2024-12-12,license_pledge,pledge_application_disposition,granted,Granted,True,,"Dunboy, Inc.",MJ O'Connor’s Irish Pub,,,,Eastern Bank,"27 Columbus Ave, Boston, MA 02116",,https://www.boston.gov/sites/default/files/file/2024/12/Voting%20Minutes%2012-12-24.docx.pdf,https://www.boston.gov/sites/default/files/file/2024/12/Voting%20Minutes%2012-12-24.docx.pdf#page=6,6,6,12,[]
BLB-2024-12-12-P-13,BLB-2024-12-12,LB99229,LB-99229,False,2024-12-12,license_pledge,pledge_application_disposition,granted,Granted,True,,"150 Canal Street, Inc.",,,,,Eastern Bank,"150 Canal St, Boston, Ma 02114",,https://www.boston.gov/sites/default/files/file/2024/12/Voting%20Minutes%2012-12-24.docx.pdf,https://www.boston.gov/sites/default/files/file/2024/12/Voting%20Minutes%2012-12-24.docx.pdf#page=6,6,6,13,[]
BLB-2024-12-12-P-14,BLB-2024-12-12,LB99128,LB-99128,False,2024-12-12,license_pledge,pledge_application_disposition,granted,Granted,True,,"Adare, Inc.",Ned Devine’s,,,,Eastern Bank,"2201 Faneuil Hall Market Pl, Boston, MA 02109",,https://www.boston.gov/sites/default/files/file/2024/12/Voting%20Minutes%2012-12-24.docx.pdf,https://www.boston.gov/sites/default/files/file/2024/12/Voting%20Minutes%2012-12-24.docx.pdf#page=7,7,7,14,[]
BLB-2024-12-12-T-22,BLB-2024-12-12,LB99603,LB-99603,False,2024-12-12,license_transfer,transfer_application_disposition,granted,Granted,True,,"Immersive Art Space Boston, LLC",,Mai Izakaya LLC,Mai,,,"130 Columbus Ave, Boston, MA 02116","31 Northern Ave, Boston, MA 02210",https://www.boston.gov/sites/default/files/file/2024/12/Voting%20Minutes%2012-12-24.docx.pdf,https://www.boston.gov/sites/default/files/file/2024/12/Voting%20Minutes%2012-12-24.docx.pdf#page=9,9,9,22,[]
BLB-2024-12-12-P-23,BLB-2024-12-12,LB98978,LB-98978,False,2024-12-12,license_pledge,pledge_application_disposition,deferred,Deferred to allow the Applicant to file an application for a Change of License Type,False,,"KBG, Inc.",Kelleher’s Bar & Grille,Flik International Corp.,Flik,,"BP TRS Services, LLC","1410 - 1420 Centre St, Roslindale, MA 02131","200 Clarendon St, Boston, MA 02116",https://www.boston.gov/sites/default/files/file/2024/12/Voting%20Minutes%2012-12-24.docx.pdf,https://www.boston.gov/sites/default/files/file/2024/12/Voting%20Minutes%2012-12-24.docx.pdf#page=9,9,9,23,[]
BLB-2024-12-12-T-23,BLB-2024-12-12,LB98978,LB-98978,False,2024-12-12,license_transfer,transfer_application_disposition,deferred,Deferred to allow the Applicant to file an application for a Change of License Type,False,,"KBG, Inc.",Kelleher’s Bar & Grille,Flik International Corp.,Flik,,"BP TRS Services, LLC","1410 - 1420 Centre St, Roslindale, MA 02131","200 Clarendon St, Boston, MA 02116",https://www.boston.gov/sites/default/files/file/2024/12/Voting%20Minutes%2012-12-24.docx.pdf,https://www.boston.gov/sites/default/files/file/2024/12/Voting%20Minutes%2012-12-24.docx.pdf#page=9,9,9,23,[]
BLB-2025-01-09-016-pledge,BLB-2025-01-09,LB101857,LB-101857,False,2025-01-09,license_pledge,pledge_application_disposition,granted,Granted,True,,,,,,"Brother’s Super Liquors, Inc.",Rockland Trust Company,"740-742 Blue Hill Ave, Dorchester, MA 02121",,https://www.boston.gov/sites/default/files/file/2025/01/Voting%20Minutes%201-9-25.docx_0.pdf,https://www.boston.gov/sites/default/files/file/2025/01/Voting%20Minutes%201-9-25.docx_0.pdf#page=5,5,5,8,[]
BLB-2025-01-09-016-transfer,BLB-2025-01-09,LB101857,LB-101857,False,2025-01-09,license_transfer,transfer_application_disposition,granted,Granted,True,,"Brother’s Super Liquors, Inc.",,"740 Blue Hill, Inc.",Brother’s Wine and Spirits,"Brother’s Super Liquors, Inc.",,"740-742 Blue Hill Ave, Dorchester, MA 02121","740-742 Blue Hill Ave, Dorchester, MA 02121",https://www.boston.gov/sites/default/files/file/2025/01/Voting%20Minutes%201-9-25.docx_0.pdf,https://www.boston.gov/sites/default/files/file/2025/01/Voting%20Minutes%201-9-25.docx_0.pdf#page=5,5,5,8,[]
BLB-2025-01-09-017-transfer,BLB-2025-01-09,LB99120,LB-99120,False,2025-01-09,license_transfer,transfer_application_disposition,granted,Granted,True,,"Lansdowne Boston Restaurant, LLC",House of Blues,"Aramark Sports and Entertainment Services, LLC",House of Blues,"Lansdowne Boston Restaurant, LLC",,"15-41 Lansdowne St, Boston, MA 02215","15-41 Lansdowne St, Boston, MA 02215",https://www.boston.gov/sites/default/files/file/2025/01/Voting%20Minutes%201-9-25.docx_0.pdf,https://www.boston.gov/sites/default/files/file/2025/01/Voting%20Minutes%201-9-25.docx_0.pdf#page=5,5,5,9,[]
BLB-2025-01-09-018-pledge,BLB-2025-01-09,LB98978,LB-98978,False,2025-01-09,license_pledge,pledge_application_disposition,granted,Granted,True,,,,,,"KBG, INC.","BP TRS Services, LLC","1410-1420 Centre St, Roslindale, MA 02131",,https://www.boston.gov/sites/default/files/file/2025/01/Voting%20Minutes%201-9-25.docx_0.pdf,https://www.boston.gov/sites/default/files/file/2025/01/Voting%20Minutes%201-9-25.docx_0.pdf#page=6,6,6,10,[]
BLB-2025-01-09-018-transfer,BLB-2025-01-09,LB98978,LB-98978,False,2025-01-09,license_transfer,transfer_application_disposition,granted,Granted,True,,"KBG, INC.",Kelleher’s Bar & Grille,Flik International Corp.,Flik,"KBG, INC.",,"1410-1420 Centre St, Roslindale, MA 02131","200 Clarendon St, Boston, MA 02116",https://www.boston.gov/sites/default/files/file/2025/01/Voting%20Minutes%201-9-25.docx_0.pdf,https://www.boston.gov/sites/default/files/file/2025/01/Voting%20Minutes%201-9-25.docx_0.pdf#page=6,6,6,10,[]
BLB-2025-01-23-014-transfer,BLB-2025-01-23,LB99068,LB-99068,False,2025-01-23,license_transfer,transfer_application_disposition,granted,Granted,True,,110 Canal License Owner LLC,,60-70 Cross Street Corp.,,110 Canal License Owner LLC,,"112 Canal St, Boston, MA 02114","60-70 Cross St, Boston, MA 02113",https://www.boston.gov/sites/default/files/file/2025/01/Voting%20Minutes%201-23-25.pdf,https://www.boston.gov/sites/default/files/file/2025/01/Voting%20Minutes%201-23-25.pdf#page=5,5,5,8,[]
BLB-2025-02-13-020-transfer,BLB-2025-02-13,LB99516,LB-99516,False,2025-02-13,license_transfer,transfer_application_disposition,granted,Granted,True,,King and I Corporation,King and I,"400 WB, LLC",Si Cara,King and I Corporation,,"145 Charles St, Boston, MA 02114","400 West Broadway, Boston, MA 02127",https://www.boston.gov/sites/default/files/file/2025/02/Voting%20Minutes%202-13-25.docx.pdf,https://www.boston.gov/sites/default/files/file/2025/02/Voting%20Minutes%202-13-25.docx.pdf#page=6,6,6,12,[]
BLB-2025-02-13-021-pledge,BLB-2025-02-13,LB99126,LB-99126,False,2025-02-13,license_pledge,pledge_application_disposition,granted,Granted,True,,,,,,"Northern Avenue Hospitality, Inc.","60 Guest Street Owner, LLC","75 Northern Ave, Boston, MA 02210",,https://www.boston.gov/sites/default/files/file/2025/02/Voting%20Minutes%202-13-25.docx.pdf,https://www.boston.gov/sites/default/files/file/2025/02/Voting%20Minutes%202-13-25.docx.pdf#page=7,7,7,13,[]
BLB-2025-02-13-021-transfer,BLB-2025-02-13,LB99126,LB-99126,False,2025-02-13,license_transfer,transfer_application_disposition,granted,Granted,True,,"Northern Avenue Hospitality, Inc.",Gather,"BT Eatery, LLC",Tradesman,"Northern Avenue Hospitality, Inc.",,"75 Northern Ave, Boston, MA 02210","60 Guest St, Boston, MA 02135",https://www.boston.gov/sites/default/files/file/2025/02/Voting%20Minutes%202-13-25.docx.pdf,https://www.boston.gov/sites/default/files/file/2025/02/Voting%20Minutes%202-13-25.docx.pdf#page=7,7,7,13,[]
BLB-2025-02-27-012-pledge,BLB-2025-02-27,LB162511,LB-162511,False,2025-02-27,license_pledge,pledge_application_disposition,granted,Granted,True,,,,,,"LCTB Fort Point, LLC",Eastern Bank,"253 Summer St, Boston, MA 02210",,https://www.boston.gov/sites/default/files/file/2025/02/Voting%20Minutes%202-27-25.docx.pdf,https://www.boston.gov/sites/default/files/file/2025/02/Voting%20Minutes%202-27-25.docx.pdf#page=4,4,4,5,[]
BLB-2025-02-27-014-transfer,BLB-2025-02-27,LB101871,LB-101871,False,2025-02-27,license_transfer,transfer_application_disposition,granted,Granted,True,,"Massachusetts Package Store, LLC",Coasters,"Patel Coasters, Inc.",Coasters,"Massachusetts Package Store, LLC",,"71-75 Canal St, Boston, MA 02114","71-75 Canal St, Boston, MA 02114",https://www.boston.gov/sites/default/files/file/2025/02/Voting%20Minutes%202-27-25.docx.pdf,https://www.boston.gov/sites/default/files/file/2025/02/Voting%20Minutes%202-27-25.docx.pdf#page=4,4,4,7,[]
BLB-2025-02-27-015-pledge,BLB-2025-02-27,LB101851,LB-101851,False,2025-02-27,license_pledge,pledge_application_disposition,granted,Granted,True,,,,,,"Five Stars Liquors, Inc.",Rockland Trust Company,"108 Blue Hill Ave, Roxbury, MA 02119",,https://www.boston.gov/sites/default/files/file/2025/02/Voting%20Minutes%202-27-25.docx.pdf,https://www.boston.gov/sites/default/files/file/2025/02/Voting%20Minutes%202-27-25.docx.pdf#page=5,5,5,8,[]
BLB-2025-02-27-015-transfer,BLB-2025-02-27,LB101851,LB-101851,False,2025-02-27,license_transfer,transfer_application_disposition,granted,Granted,True,,"Five Stars Liquors, Inc.",Blue Hill Liquors,"MSPK, LLC",Blue Hill Liquors,"Five Stars Liquors, Inc.",,"108 Blue Hill Ave, Roxbury, MA 02119","108 Blue Hill Ave, Roxbury, MA 02119",https://www.boston.gov/sites/default/files/file/2025/02/Voting%20Minutes%202-27-25.docx.pdf,https://www.boston.gov/sites/default/files/file/2025/02/Voting%20Minutes%202-27-25.docx.pdf#page=5,5,5,8,[]
BLB-2025-02-27-016-pledge,BLB-2025-02-27,LB102051,LB-102051,False,2025-02-27,license_pledge,pledge_application_disposition,granted,Granted,True,,,,,,"Bell’s Cash Market, Inc.",Rockland Trust Company,"246 Dorchester St, South Boston, MA 02127",,https://www.boston.gov/sites/default/files/file/2025/02/Voting%20Minutes%202-27-25.docx.pdf,https://www.boston.gov/sites/default/files/file/2025/02/Voting%20Minutes%202-27-25.docx.pdf#page=5,5,5,9,[]
BLB-2025-02-27-016-transfer,BLB-2025-02-27,LB102051,LB-102051,False,2025-02-27,license_transfer,transfer_application_disposition,granted,Granted,True,,"Bell’s Cash Market, Inc.",Bell’s Market,"Bell’s Market, Inc.",Bell’s Market,"Bell’s Cash Market, Inc.",,"246 Dorchester St, South Boston, MA 02127","246 Dorchester St, South Boston, MA 02127",https://www.boston.gov/sites/default/files/file/2025/02/Voting%20Minutes%202-27-25.docx.pdf,https://www.boston.gov/sites/default/files/file/2025/02/Voting%20Minutes%202-27-25.docx.pdf#page=5,5,5,9,[]
BLB-2025-02-27-017-pledge,BLB-2025-02-27,LB99019,LB-99019,False,2025-02-27,license_pledge,pledge_application_disposition,granted,Granted,True,,,,,,"BR Kenmore, LLC","UMNVAG Kenmore, LLC","498 Commonwealth Ave, Boston, MA 02215",,https://www.boston.gov/sites/default/files/file/2025/02/Voting%20Minutes%202-27-25.docx.pdf,https://www.boston.gov/sites/default/files/file/2025/02/Voting%20Minutes%202-27-25.docx.pdf#page=5,5,5,10,[]
BLB-2025-02-27-017-transfer,BLB-2025-02-27,LB99019,LB-99019,False,2025-02-27,license_transfer,transfer_application_disposition,granted,Granted,True,,"BR Kenmore, LLC","Blue Ribbon Brasserie, Blue Ribbon Sushi, Pescador","Row 34 Kenmore, LLC",Row 34,"BR Kenmore, LLC",,"498 Commonwealth Ave, Boston, MA 02215","498 Commonwealth Ave, Boston, MA 02215",https://www.boston.gov/sites/default/files/file/2025/02/Voting%20Minutes%202-27-25.docx.pdf,https://www.boston.gov/sites/default/files/file/2025/02/Voting%20Minutes%202-27-25.docx.pdf#page=5,5,5,10,[]
BLB-2025-02-27-019-pledge,BLB-2025-02-27,LB587870,LB-587870,False,2025-02-27,license_pledge,pledge_application_disposition,granted,Granted,True,,,,,,"Liquor Story, Inc.",Rockland Trust Company,"103 State St, Boston, MA 02109",,https://www.boston.gov/sites/default/files/file/2025/02/Voting%20Minutes%202-27-25.docx.pdf,https://www.boston.gov/sites/default/files/file/2025/02/Voting%20Minutes%202-27-25.docx.pdf#page=6,6,6,12,[]
BLB-2025-03-06-013-pledge,BLB-2025-03-06,LB101894,LB-101894,False,2025-03-06,license_pledge,pledge_application_disposition,granted,Granted,True,,,,,,"Huntington Market, Inc.",Rockland Trust Company,"303 Huntington Av., Boston, MA 02115",,https://www.boston.gov/sites/default/files/file/2025/03/Voting%20Minutes%203-6-25.docx.pdf,https://www.boston.gov/sites/default/files/file/2025/03/Voting%20Minutes%203-6-25.docx.pdf#page=4,4,4,13,[]
BLB-2025-03-06-013-transfer,BLB-2025-03-06,LB101894,LB-101894,False,2025-03-06,license_transfer,transfer_application_disposition,granted,Granted,True,,"Huntington Market, Inc.",Huntington Liquors,"Symphony Liquors, Inc.",Huntington Wine & Spirits,"Huntington Market, Inc.",,"303 Huntington Av., Boston, MA 02115","303 Huntington Av., Boston, MA 02115",https://www.boston.gov/sites/default/files/file/2025/03/Voting%20Minutes%203-6-25.docx.pdf,https://www.boston.gov/sites/default/files/file/2025/03/Voting%20Minutes%203-6-25.docx.pdf#page=4,4,4,13,[]
BLB-2025-03-06-014-transfer,BLB-2025-03-06,LB98955,LB-98955,False,2025-03-06,license_transfer,transfer_application_disposition,granted,Granted,True,,"JAJB, Inc.",Tavern in the Square Allston,"Sanbada Allston, LLC","Jinjee, Sanbada, Bombbada","JAJB, Inc.",,"161 - 165 Brighton Av., Allston, MA 02134","161 - 165 Brighton Av., Allston, MA 02134",https://www.boston.gov/sites/default/files/file/2025/03/Voting%20Minutes%203-6-25.docx.pdf,https://www.boston.gov/sites/default/files/file/2025/03/Voting%20Minutes%203-6-25.docx.pdf#page=5,5,5,14,[]
BLB-2025-03-27-017-pledge,BLB-2025-03-27,LB99426,LB-99426,False,2025-03-27,license_pledge,pledge_application_disposition,granted,Granted,True,,,,,,"Bar and Kitchen Hospitality, Inc.","Allston Labworks Developer, LLC","604 Columbus Ave, Boston, MA 02118",,https://www.boston.gov/sites/default/files/file/2025/03/Voting%20Minutes%203-27-25.docx.pdf,https://www.boston.gov/sites/default/files/file/2025/03/Voting%20Minutes%203-27-25.docx.pdf#page=6,6,6,8,[]
BLB-2025-03-27-017-transfer,BLB-2025-03-27,LB99426,LB-99426,False,2025-03-27,license_transfer,transfer_application_disposition,granted,Granted,True,,"Bar and Kitchen Hospitality, Inc.",Darryl’s Corner Bar & Kitchen,"250 Western, LLC",FiDO Pizza,"Bar and Kitchen Hospitality, Inc.",,"604 Columbus Ave, Boston, MA 02118","250 Western Ave, Boston, MA 02134",https://www.boston.gov/sites/default/files/file/2025/03/Voting%20Minutes%203-27-25.docx.pdf,https://www.boston.gov/sites/default/files/file/2025/03/Voting%20Minutes%203-27-25.docx.pdf#page=6,6,6,8,[]
BLB-2025-04-03-013-pledge,BLB-2025-04-03,LB99267,LB-99267,False,2025-04-03,license_pledge,pledge_application_disposition,granted,Granted,True,,,,,,"Boston Amici Group, Inc.",Pentucket Bank,"103 Porter St, East Boston, MA 02128",,https://www.boston.gov/sites/default/files/file/2025/04/Voting%20Minutes%204-3-25.docx.pdf,https://www.boston.gov/sites/default/files/file/2025/04/Voting%20Minutes%204-3-25.docx.pdf#page=4,4,4,6,[]
BLB-2025-04-03-017-transfer,BLB-2025-04-03,LB99218,LB-99218,False,2025-04-03,license_transfer,transfer_application_disposition,granted,Granted,True,,"222 Friends, Inc.",,Thomson Fields Pie Company LLC,Sally’s Apizza,"222 Friends, Inc.",,"4 Liberty Square, Boston, MA 02109","30 Thomson Place, Boston, MA 02210",https://www.boston.gov/sites/default/files/file/2025/04/Voting%20Minutes%204-3-25.docx.pdf,https://www.boston.gov/sites/default/files/file/2025/04/Voting%20Minutes%204-3-25.docx.pdf#page=5,5,5,10,[]
BLB-2025-04-17-015-transfer,BLB-2025-04-17,LB99788,LB-99788,False,2025-04-17,license_transfer,transfer_application_disposition,granted,Granted,True,,"Dining Innovation Massachusetts, Inc.",Tsuru Ton Tan,"UMNVAG Kenmore, LLC",,"Dining Innovation Massachusetts, Inc.",,"512 Commonwealth Ave, Boston, MA 02215","512 Commonwealth Ave, Boston, MA 02215",https://www.boston.gov/sites/default/files/file/2025/04/Voting%20Minutes%204-17-25.docx.pdf,https://www.boston.gov/sites/default/files/file/2025/04/Voting%20Minutes%204-17-25.docx.pdf#page=5,5,5,6,[]
BLB-2025-04-17-040-notice,BLB-2025-04-17,LB99671,LB-99671,False,2025-04-17,license_transfer,transfer_revocation_notice,acknowledged,Acknowledged,False,2024-09-26,"Gogle Mogle, Inc.",Seabiscuit,Selfup LLC,Selfup Cooking Classes,"The Board is in receipt of correspondence from Selfup LLC d/b/a Selfup Cooking Classes, 19-21",,"256 Marginal St., East Boston, MA 02128","19-21 Kingston St., Boston, MA 02111",https://www.boston.gov/sites/default/files/file/2025/04/Voting%20Minutes%204-17-25.docx.pdf,https://www.boston.gov/sites/default/files/file/2025/04/Voting%20Minutes%204-17-25.docx.pdf#page=12,12,12,1,"[""Acknowledged mutual intent to revoke a previously approved transfer; source reports transaction not timely closed. Not a new approval or completed sale.""]"
BLB-2025-05-01-023-transfer,BLB-2025-05-01,LB99188,LB-99188,False,2025-05-01,license_transfer,transfer_application_disposition,withdrawn,Withdrawn by the Applicant,False,,"Stadium Restaurant, LLC",,"Fresh SB, LLC",Fresh Boston,"Stadium Restaurant, LLC",,"232 Old Colony Ave, South Boston, MA 02127","232 Old Colony Ave, South Boston, MA 02127",https://www.boston.gov/sites/default/files/file/2025/05/Voting%20Minutes%205-1-25.docx.pdf,https://www.boston.gov/sites/default/files/file/2025/05/Voting%20Minutes%205-1-25.docx.pdf#page=7,7,7,14,[]
BLB-2025-05-01-024-transfer,BLB-2025-05-01,LB99206,LB-99206,False,2025-05-01,license_transfer,transfer_application_disposition,granted,Granted,True,,"Strip by Strega, LLC",,BPP Retail LL LLC,,"Strip by Strega, LLC",,"50 Park Plaza, Boston, MA 02116","50 Park Plaza, Boston, MA 02116",https://www.boston.gov/sites/default/files/file/2025/05/Voting%20Minutes%205-1-25.docx.pdf,https://www.boston.gov/sites/default/files/file/2025/05/Voting%20Minutes%205-1-25.docx.pdf#page=7,7,7,15,[]
BLB-2025-05-01-025-pledge,BLB-2025-05-01,LB99417,LB-99417,False,2025-05-01,license_pledge,pledge_application_disposition,granted,Granted,True,,,,,,"No. 9 Park, LLC","9 PSR, LLC","9 Park St, Boston, MA 02108",,https://www.boston.gov/sites/default/files/file/2025/05/Voting%20Minutes%205-1-25.docx.pdf,https://www.boston.gov/sites/default/files/file/2025/05/Voting%20Minutes%205-1-25.docx.pdf#page=8,8,8,16,[]
BLB-2025-05-01-025-transfer,BLB-2025-05-01,LB99417,LB-99417,False,2025-05-01,license_transfer,transfer_application_disposition,granted,Granted,True,,"No. 9 Park, LLC",No. 9 Park,"Nine Restaurant Group, LLC",9,"No. 9 Park, LLC",,"9 Park St, Boston, MA 02108","9 Park St, Boston, MA 02108",https://www.boston.gov/sites/default/files/file/2025/05/Voting%20Minutes%205-1-25.docx.pdf,https://www.boston.gov/sites/default/files/file/2025/05/Voting%20Minutes%205-1-25.docx.pdf#page=8,8,8,16,[]
BLB-2025-05-01-026-transfer,BLB-2025-05-01,LB98891,LB-98891,False,2025-05-01,license_transfer,transfer_application_disposition,continued,"Continued to the May 14, 2025 Transactional Hearing",False,,Seaport Social Limited Partnership,Seaport Social,"SGH Seaport, LLC",Bambola!,Seaport Social Limited Partnership,,"225 Northern Ave, Boston, MA 02210","225 Northern Ave, Boston, MA 02210",https://www.boston.gov/sites/default/files/file/2025/05/Voting%20Minutes%205-1-25.docx.pdf,https://www.boston.gov/sites/default/files/file/2025/05/Voting%20Minutes%205-1-25.docx.pdf#page=8,8,8,17,[]
BLB-2025-05-01-027-transfer,BLB-2025-05-01,LB99756,LB-99756,False,2025-05-01,license_transfer,transfer_application_disposition,granted,Granted,True,,The Neiman Marcus Group LLC,Neiman Marcus,"LTF Club Operations Company, Inc.",Life Time,"The Neiman Marcus Group, LLC",,"5 Copley Place, Boston, MA 02116","800 Boylston Street, Space 179, Boston, MA 02199",https://www.boston.gov/sites/default/files/file/2025/05/Voting%20Minutes%205-1-25.docx.pdf,https://www.boston.gov/sites/default/files/file/2025/05/Voting%20Minutes%205-1-25.docx.pdf#page=9,9,9,18,"[""Transferor heading is 'The Neiman Marcus Group, LLC'; transfer clause identifies 'The Neiman Marcus Group LLC'.""]"
BLB-2025-05-01-028-transfer,BLB-2025-05-01,LB358431,LB-358431,False,2025-05-01,license_transfer,transfer_application_disposition,granted,Granted,True,,"Distraction Brewing Company, LLC",,"Emergency Exit Brewing, LLC",Distraction Brewing Company,"Distraction Brewing Company, LLC",,"2 Belgrade Ave, Roslindale, MA 02131","2 Belgrade Ave, Roslindale, MA 02131",https://www.boston.gov/sites/default/files/file/2025/05/Voting%20Minutes%205-1-25.docx.pdf,https://www.boston.gov/sites/default/files/file/2025/05/Voting%20Minutes%205-1-25.docx.pdf#page=9,9,9,19,[]
BLB-2025-05-15-022-pledge,BLB-2025-05-15,LB334563,LB-334563,False,2025-05-15,license_pledge,pledge_application_disposition,granted,Granted,True,,,,,,Shippy’s Inc.,Brookline Bank,"842 Beacon St, Boston, MA 02215",,https://www.boston.gov/sites/default/files/file/2025/05/Voting%20Minutes%205-15-25.docx.pdf,https://www.boston.gov/sites/default/files/file/2025/05/Voting%20Minutes%205-15-25.docx.pdf#page=7,7,7,13,[]
BLB-2025-05-15-023-transfer,BLB-2025-05-15,LB98891,LB-98891,False,2025-05-15,license_transfer,transfer_application_disposition,granted,Granted,True,,Seaport Social Limited Partnership,Seaport Social,"SGH Seaport, LLC",Bambola!,Seaport Social Limited Partnership,,"225 Northern Ave, Boston, MA 02210","225 Northern Ave, Boston, MA 02210",https://www.boston.gov/sites/default/files/file/2025/05/Voting%20Minutes%205-15-25.docx.pdf,https://www.boston.gov/sites/default/files/file/2025/05/Voting%20Minutes%205-15-25.docx.pdf#page=7,7,7,14,[]
BLB-2025-05-15-025-transfer,BLB-2025-05-15,LB99188,LB-99188,False,2025-05-15,license_transfer,transfer_application_disposition,granted,Granted,True,,"Stadium Restaurant, LLC",,"RSCM Holdings, LLC",Fresh Boston,"Stadium Restaurant, LLC",,"232 Old Colony Ave, South Boston, MA 02127","232 Old Colony Ave, South Boston, MA 02127",https://www.boston.gov/sites/default/files/file/2025/05/Voting%20Minutes%205-15-25.docx.pdf,https://www.boston.gov/sites/default/files/file/2025/05/Voting%20Minutes%205-15-25.docx.pdf#page=8,8,8,16,[]
BLB-2025-05-15-026-transfer,BLB-2025-05-15,LB99562,LB-99562,False,2025-05-15,license_transfer,transfer_application_disposition,granted,Granted,True,,Lola Burger Restaurant Boston LLC,Lola Burger,"Selfup, LLC",Selfup Cooking Classes,"Lola Burger Restaurant Boston, LLC",,"11 Fan Pier Blvd, Boston MA 02210","19 Kingston Street, Boston, MA 02111",https://www.boston.gov/sites/default/files/file/2025/05/Voting%20Minutes%205-15-25.docx.pdf,https://www.boston.gov/sites/default/files/file/2025/05/Voting%20Minutes%205-15-25.docx.pdf#page=8,8,8,17,"[""Transferor heading is 'Lola Burger Restaurant Boston, LLC'; transfer clause identifies 'Lola Burger Restaurant Boston LLC'.""]"
BLB-2025-05-15-027-transfer,BLB-2025-05-15,LB99652,LB-99652,False,2025-05-15,license_transfer,transfer_application_disposition,granted,"Granted, with a closing hour of 2:00 AM on Friday-Saturday",True,,"Hot Eastern, Inc.",Friendship BBQ,"Seaport 50 Hospitality, LLC",Tacos El Chikis,Hot Eastern Inc.,,"40 Harrison Ave, Boston, MA 02111","50 Northern Ave, Boston, MA 02210",https://www.boston.gov/sites/default/files/file/2025/05/Voting%20Minutes%205-15-25.docx.pdf,https://www.boston.gov/sites/default/files/file/2025/05/Voting%20Minutes%205-15-25.docx.pdf#page=8,8,8,18,"[""Transferor heading is 'Hot Eastern Inc.'; transfer clause identifies 'Hot Eastern, Inc.'.""]"
BLB-2025-05-15-046-notice,BLB-2025-05-15,LB334563,LB-334563,False,2025-05-15,license_pledge,pledge_release_acknowledgment,acknowledged,Acknowledged,False,,,,,,The Board is in receipt of a Release of Pledge of License and Security Interests from Rockland Trust,Rockland Trust Company,"842 Beacon Street, Boston, MA 02215",,https://www.boston.gov/sites/default/files/file/2025/05/Voting%20Minutes%205-15-25.docx.pdf,https://www.boston.gov/sites/default/files/file/2025/05/Voting%20Minutes%205-15-25.docx.pdf#page=15,15,15,1,"[""Acknowledged release of previous pledges/security interests, not approval of a new pledge.""]"
BLB-2025-05-29-014-pledge,BLB-2025-05-29,LB98889,LB-98889,False,2025-05-29,license_pledge,pledge_application_disposition,granted,Granted,True,,,,,,"BNV3, Inc.",Merrimack Valley Credit Union,"3 Appleton St, Boston, MA 02116",,https://www.boston.gov/sites/default/files/file/2025/05/Voting%20Minutes%205-29-25.docx.pdf,https://www.boston.gov/sites/default/files/file/2025/05/Voting%20Minutes%205-29-25.docx.pdf#page=5,5,5,8,[]
BLB-2025-05-29-016-transfer,BLB-2025-05-29,LB99330,LB-99330,False,2025-05-29,license_transfer,transfer_application_disposition,granted,Granted,True,,"Shack Foods of Back Bay, LLC",El Barco,"El Barco BackBay, LLC",El Barco,"Shack Foods of Back Bay, LLC",,"50B Dalton St, Boston, MA 02115","50B Dalton St, Boston, MA 02115",https://www.boston.gov/sites/default/files/file/2025/05/Voting%20Minutes%205-29-25.docx.pdf,https://www.boston.gov/sites/default/files/file/2025/05/Voting%20Minutes%205-29-25.docx.pdf#page=5,5,5,10,[]
BLB-2025-05-29-017-pledge,BLB-2025-05-29,LB162572,LB-162572,False,2025-05-29,license_pledge,pledge_application_disposition,granted,Granted,True,,,,,,"Crimson Ventures, LLC",Eastern Bank,"346 Hanover St, Boston, MA 02113",,https://www.boston.gov/sites/default/files/file/2025/05/Voting%20Minutes%205-29-25.docx.pdf,https://www.boston.gov/sites/default/files/file/2025/05/Voting%20Minutes%205-29-25.docx.pdf#page=6,6,6,11,[]
BLB-2025-05-29-017-transfer,BLB-2025-05-29,LB162572,LB-162572,False,2025-05-29,license_transfer,transfer_application_disposition,granted,Granted,True,,"Crimson Ventures, LLC",Cantina Italiana,"Gomes Enterprises, Inc.",Cantina Italiana,"Crimson Ventures, LLC",,"346 Hanover St, Boston, MA 02113","346 Hanover St, Boston, MA 02113",https://www.boston.gov/sites/default/files/file/2025/05/Voting%20Minutes%205-29-25.docx.pdf,https://www.boston.gov/sites/default/files/file/2025/05/Voting%20Minutes%205-29-25.docx.pdf#page=6,6,6,11,[]
BLB-2025-05-29-018-transfer,BLB-2025-05-29,LB546003,LB-546003,False,2025-05-29,license_transfer,transfer_application_disposition,deferred,Deferred to allow for completion of the community process,False,,"B.U., LLC",B.U. Bistro,"Oda Bar & Bites, Inc.",Oda Bar & Bites,"B.U., LLC",,"3840 Washington St, Roslindale, MA 02131","3840 Washington St, Roslindale, MA 02131",https://www.boston.gov/sites/default/files/file/2025/05/Voting%20Minutes%205-29-25.docx.pdf,https://www.boston.gov/sites/default/files/file/2025/05/Voting%20Minutes%205-29-25.docx.pdf#page=6,6,6,12,[]
BLB-2025-05-29-019-transfer,BLB-2025-05-29,LB99546,LB-99546,False,2025-05-29,license_transfer,transfer_application_disposition,granted,Granted,True,,F.P. Restaurant Inc.,Restaurant Bellavista,Gen Allston LP,Gen Korean BBQ House,"F.P. Restaurant, Inc.",,"288 Hanover Street, Boston, MA 02113","121 Harvard Ave, Allston, MA 02134",https://www.boston.gov/sites/default/files/file/2025/05/Voting%20Minutes%205-29-25.docx.pdf,https://www.boston.gov/sites/default/files/file/2025/05/Voting%20Minutes%205-29-25.docx.pdf#page=6,6,6,13,"[""Transferor heading is 'F.P. Restaurant, Inc.'; transfer clause identifies 'F.P. Restaurant Inc.'.""]"
BLB-2025-06-05-010-transfer,BLB-2025-06-05,LB99452,LB-99452,False,2025-06-05,license_transfer,transfer_application_disposition,granted,"Granted, with corrected transferee entity name of 1928 Rowes Wharf LLC",True,,"Pasta Beach Rowes Wharf, LLC",Pasta Beach,1928 Rowes Wharf LLC,1928 Rowes Wharf,"Pasta Beach Rowes Wharf, LLC",,"30 Rowes Wharf, Boston, MA 02110","30 Rowes Wharf, Boston, MA 02110",https://www.boston.gov/sites/default/files/file/2025/06/Voting%20Minutes%206-5-25.docx.pdf,https://www.boston.gov/sites/default/files/file/2025/06/Voting%20Minutes%206-5-25.docx.pdf#page=4,4,4,3,"[""Petition names 1928 Boston Harbor, LLC; decision corrects transferee to 1928 Rowes Wharf LLC.""]"
BLB-2025-06-05-011-pledge,BLB-2025-06-05,LB540101,LB-540101,False,2025-06-05,license_pledge,pledge_application_disposition,granted,"Granted, with a closing hour of 11:00 PM",True,,,,,,Harvard Convenience Inc.,Rockland Trust Company,"157 Brighton Av., Allston, MA 02134",,https://www.boston.gov/sites/default/files/file/2025/06/Voting%20Minutes%206-5-25.docx.pdf,https://www.boston.gov/sites/default/files/file/2025/06/Voting%20Minutes%206-5-25.docx.pdf#page=4,4,5,4,[]
BLB-2025-06-05-011-transfer,BLB-2025-06-05,LB540101,LB-540101,False,2025-06-05,license_transfer,transfer_application_disposition,granted,"Granted, with a closing hour of 11:00 PM",True,,Harvard Convenience Inc.,Harvard Convenience,"Patel Harvard, Inc.",Harvard Convenience,Harvard Convenience Inc.,,"157 Brighton Av., Allston, MA 02134","157 Brighton Av., Allston, MA 02134",https://www.boston.gov/sites/default/files/file/2025/06/Voting%20Minutes%206-5-25.docx.pdf,https://www.boston.gov/sites/default/files/file/2025/06/Voting%20Minutes%206-5-25.docx.pdf#page=4,4,5,4,[]
BLB-2025-06-05-012-transfer,BLB-2025-06-05,LB99388,LB-99388,False,2025-06-05,license_transfer,transfer_application_disposition,granted,Granted,True,,"Water Dragon, LLC",Blue Dragon,"Maple & Ash Boston, LLC",Maple & Ash,"Water Dragon, LLC",,"324 A Street, Boston, MA 02210","131 Seaport Blvd, Boston, MA 02210",https://www.boston.gov/sites/default/files/file/2025/06/Voting%20Minutes%206-5-25.docx.pdf,https://www.boston.gov/sites/default/files/file/2025/06/Voting%20Minutes%206-5-25.docx.pdf#page=5,5,5,5,[]
BLB-2025-06-26-019-pledge,BLB-2025-06-26,LB99242,LB-99242,False,2025-06-26,license_pledge,pledge_application_disposition,granted,Granted,True,,,,,,"429 Broadway, LLC",Cambridge Savings Bank,"429 W Broadway, South Boston, MA 02127",,https://www.boston.gov/sites/default/files/file/2025/06/Voting%20Minutes%206-26-25.docx%20%281%29.pdf,https://www.boston.gov/sites/default/files/file/2025/06/Voting%20Minutes%206-26-25.docx%20%281%29.pdf#page=6,6,6,11,[]
BLB-2025-06-26-022-transfer,BLB-2025-06-26,LB98981,LB-98981,False,2025-06-26,license_transfer,transfer_application_disposition,granted,"Granted, with a closing hour of 1:00 AM",True,,"Purple Shell Restaurant, Inc.",Purple Shell Bar & Kitchen,"Canelo’s Taco and Tequila, Inc.","Agavero, Guac & Margs","Purple Shell Restaurant, Inc.",,"11 W Broadway, South Boston, MA 02127","11 W Broadway, South Boston, MA 02127",https://www.boston.gov/sites/default/files/file/2025/06/Voting%20Minutes%206-26-25.docx%20%281%29.pdf,https://www.boston.gov/sites/default/files/file/2025/06/Voting%20Minutes%206-26-25.docx%20%281%29.pdf#page=7,7,7,14,[]
BLB-2025-06-26-023-transfer,BLB-2025-06-26,LB101570,LB-101570,False,2025-06-26,license_transfer,transfer_application_disposition,granted,Granted,True,,"Nusret Boston, LLC",Nusret Steakhouse,"First Watch Restaurants, Inc.",First Watch #1180,"Nusret Boston, LLC",,"100 Arlington St, Boston, MA 02116","777 Boylston St, Boston, MA 02116",https://www.boston.gov/sites/default/files/file/2025/06/Voting%20Minutes%206-26-25.docx%20%281%29.pdf,https://www.boston.gov/sites/default/files/file/2025/06/Voting%20Minutes%206-26-25.docx%20%281%29.pdf#page=7,7,7,15,[]
BLB-2025-06-26-024-pledge,BLB-2025-06-26,LB99244,LB-99244,False,2025-06-26,license_pledge,pledge_application_disposition,granted,Granted,True,,,,,,"Thornton Companies, Inc.",Fort Hill Square TRS LLC,"100 Peterborough St, Boston, MA 02215",,https://www.boston.gov/sites/default/files/file/2025/06/Voting%20Minutes%206-26-25.docx%20%281%29.pdf,https://www.boston.gov/sites/default/files/file/2025/06/Voting%20Minutes%206-26-25.docx%20%281%29.pdf#page=8,8,8,16,[]
BLB-2025-06-26-024-transfer,BLB-2025-06-26,LB99244,LB-99244,False,2025-06-26,license_transfer,transfer_application_disposition,granted,Granted,True,,"Thornton Companies, Inc.",Thornton’s Fenway Grille,"International Place Location, LLC",Aries Club,"Thornton Companies, Inc.",,"100 Peterborough St, Boston, MA 02215","1-2 International Place, Boston, MA 02110",https://www.boston.gov/sites/default/files/file/2025/06/Voting%20Minutes%206-26-25.docx%20%281%29.pdf,https://www.boston.gov/sites/default/files/file/2025/06/Voting%20Minutes%206-26-25.docx%20%281%29.pdf#page=8,8,8,16,[]
BLB-2025-06-26-051-transfer,BLB-2025-06-26,LB546003,LB-546003,False,2025-06-26,license_transfer,transfer_application_disposition,granted,Granted,True,,"B.U., LLC",B.U. Bistro,"Oda Bar & Bites, Inc.",Oda Bar & Bites,"The Board deferred the following to allow for completion of the community process, which has since",,"3840 Washington St, Roslindale, MA 02131","3840 Washington St, Roslindale, MA 02131",https://www.boston.gov/sites/default/files/file/2025/06/Voting%20Minutes%206-26-25.docx%20%281%29.pdf,https://www.boston.gov/sites/default/files/file/2025/06/Voting%20Minutes%206-26-25.docx%20%281%29.pdf#page=17,17,17,1,[]
BLB-2025-07-17-017-transfer,BLB-2025-07-17,LB99425,LB-99425,False,2025-07-17,license_transfer,transfer_application_disposition,granted,Granted,True,,"Del Frisco’s of Boston, LLC",Del Frisco’s Double Eagle Steakhouse,"888 Boylston Food, LLC",Del Frisco’s Double Eagle Steakhouse,"Del Frisco’s of Boston, LLC",,"888 Boylston St, Boston, MA 02199","888 Boylston St, Boston, MA 02199",https://www.boston.gov/sites/default/files/file/2025/07/Voting%20Minutes%207-17-25.docx.pdf,https://www.boston.gov/sites/default/files/file/2025/07/Voting%20Minutes%207-17-25.docx.pdf#page=6,6,6,9,[]
BLB-2025-07-17-018-pledge,BLB-2025-07-17,LB99831,LB-99831,False,2025-07-17,license_pledge,pledge_application_disposition,granted,Granted,True,,,,,,"Crudo North End, LLC","78-80 Salem Street, LLC","78-80 Salem St, Boston, MA 02113",,https://www.boston.gov/sites/default/files/file/2025/07/Voting%20Minutes%207-17-25.docx.pdf,https://www.boston.gov/sites/default/files/file/2025/07/Voting%20Minutes%207-17-25.docx.pdf#page=6,6,6,10,[]
BLB-2025-07-17-018-transfer,BLB-2025-07-17,LB99831,LB-99831,False,2025-07-17,license_transfer,transfer_application_disposition,granted,Granted,True,,"Crudo North End, LLC",Crudo,"Umami Crudo, Inc.",Umami Crudo,"Crudo North End, LLC",,"78-80 Salem St, Boston, MA 02113","78-80 Salem St, Boston, MA 02113",https://www.boston.gov/sites/default/files/file/2025/07/Voting%20Minutes%207-17-25.docx.pdf,https://www.boston.gov/sites/default/files/file/2025/07/Voting%20Minutes%207-17-25.docx.pdf#page=6,6,6,10,[]
BLB-2025-07-31-012-transfer,BLB-2025-07-31,LB102054,LB-102054,False,2025-07-31,license_transfer,transfer_application_disposition,granted,Granted,True,,B M Krupa Corporation,La Bendicion Super Market,"Shri Bhrahmani, LLC",La Bendicion Market,B M Krupa Corporation,,"32 Bennington St, East Boston, MA 02128","32 Bennington St, East Boston, MA 02128",https://www.boston.gov/sites/default/files/file/2025/07/Voting%20Minutes%207-31-25.docx.pdf,https://www.boston.gov/sites/default/files/file/2025/07/Voting%20Minutes%207-31-25.docx.pdf#page=4,4,4,8,[]
BLB-2025-08-07-017-transfer,BLB-2025-08-07,LB101663,LB-101663,False,2025-08-07,license_transfer,transfer_application_disposition,granted,Granted,True,,"Hersha Hospitality Management, L.P.",Bulfinch Social at the Boxer Hotel,"BM Merrimac Hotel, LLC",Bulfinch Social at Boxer Hotel,"Hersha Hospitality Management, L.P.",,"119 Merrimac St, Boston, MA 02114","119 Merrimac St, Boston, MA 02114",https://www.boston.gov/sites/default/files/file/2025/08/Voting%20Minutes%208-7-25.docx.pdf,https://www.boston.gov/sites/default/files/file/2025/08/Voting%20Minutes%208-7-25.docx.pdf#page=6,6,6,10,[]
BLB-2025-08-07-018-transfer,BLB-2025-08-07,LB99350,LB-99350,False,2025-08-07,license_transfer,transfer_application_disposition,granted,Granted,True,,Frank Pezzano,U’Sarraceno Restaurant,"F.P. Restaurant, Inc.",Saraceno/Bella Vista,Frank Pezzano,,"286 Hanover St, Boston, MA 02113","286 Hanover St, Boston, MA 02113",https://www.boston.gov/sites/default/files/file/2025/08/Voting%20Minutes%208-7-25.docx.pdf,https://www.boston.gov/sites/default/files/file/2025/08/Voting%20Minutes%208-7-25.docx.pdf#page=6,6,6,11,[]
BLB-2025-08-07-019-transfer,BLB-2025-08-07,LB99764,LB-99764,False,2025-08-07,license_transfer,transfer_application_disposition,granted,Granted,True,,"Grotto, Inc.",Grotto Restaurant,"AV 565 Boylston, LLC",All’Antico Vinaio,"Grotto, Inc.",,"37 Bowdoin St, Boston, MA 02114","565 Boylston St, Boston, MA 02116",https://www.boston.gov/sites/default/files/file/2025/08/Voting%20Minutes%208-7-25.docx.pdf,https://www.boston.gov/sites/default/files/file/2025/08/Voting%20Minutes%208-7-25.docx.pdf#page=7,7,7,12,[]
BLB-2025-08-28-035-pledge,BLB-2025-08-28,LB99094,LB-99094,False,2025-08-28,license_pledge,pledge_application_disposition,granted,Granted,True,,,,,,"Allston Live Concessions, LLC",OceanFirst Bank N.A,"3 Harvard Ave, Allston, MA 02134",,https://www.boston.gov/sites/default/files/file/2025/08/Voting%20Minutes%208-28-25.docx.pdf,https://www.boston.gov/sites/default/files/file/2025/08/Voting%20Minutes%208-28-25.docx.pdf#page=10,10,10,27,[]
BLB-2025-08-28-039-pledge,BLB-2025-08-28,LB101923,LB-101923,False,2025-08-28,license_pledge,pledge_application_disposition,granted,Granted,True,,,,,,"SAE Enterprises, Inc.",Rockland Trust Company,"1623 Tremont St, Boston, MA 02120",,https://www.boston.gov/sites/default/files/file/2025/08/Voting%20Minutes%208-28-25.docx.pdf,https://www.boston.gov/sites/default/files/file/2025/08/Voting%20Minutes%208-28-25.docx.pdf#page=11,11,11,31,[]
BLB-2025-08-28-039-transfer,BLB-2025-08-28,LB101923,LB-101923,False,2025-08-28,license_transfer,transfer_application_disposition,granted,Granted,True,,"SAE Enterprises, Inc.",Mission Hill Liquors,"Sip City Liquors, Inc.",Sip City Liquors,"SAE Enterprises, Inc.",,"1623 Tremont St, Boston, MA 02120","1623 Tremont St, Boston, MA 02120",https://www.boston.gov/sites/default/files/file/2025/08/Voting%20Minutes%208-28-25.docx.pdf,https://www.boston.gov/sites/default/files/file/2025/08/Voting%20Minutes%208-28-25.docx.pdf#page=11,11,11,31,[]
BLB-2025-08-28-040-transfer,BLB-2025-08-28,LB99283,LB-99283,False,2025-08-28,license_transfer,transfer_application_disposition,granted,Granted,True,,"Leinster Group, Inc.",Scholars,"Off the Rails Boston, LLC",Scholars,"Leinster Group, Inc.",,"25 School St, Boston, MA 02108","25 School St, Boston, MA 02108",https://www.boston.gov/sites/default/files/file/2025/08/Voting%20Minutes%208-28-25.docx.pdf,https://www.boston.gov/sites/default/files/file/2025/08/Voting%20Minutes%208-28-25.docx.pdf#page=11,11,11,32,[]
BLB-2025-08-28-041-pledge,BLB-2025-08-28,LB101849,LB-101849,False,2025-08-28,license_pledge,pledge_application_disposition,granted,"Granted, with Ravi Patel as Manager of Record",True,,,,,,"Leonid Wine Co, Inc.","Leonid Wine Co., Inc","399 West Broadway, South Boston, MA 02127",,https://www.boston.gov/sites/default/files/file/2025/08/Voting%20Minutes%208-28-25.docx.pdf,https://www.boston.gov/sites/default/files/file/2025/08/Voting%20Minutes%208-28-25.docx.pdf#page=12,12,12,33,[]
BLB-2025-08-28-041-transfer,BLB-2025-08-28,LB101849,LB-101849,False,2025-08-28,license_transfer,transfer_application_disposition,granted,"Granted, with Ravi Patel as Manager of Record",True,,"Leonid Wine Co, Inc.",Southie Liquor,Bhagwan Corporation,Southie Liquor,"Leonid Wine Co, Inc.",,"399 West Broadway, South Boston, MA 02127","399 West Broadway, South Boston, MA 02127",https://www.boston.gov/sites/default/files/file/2025/08/Voting%20Minutes%208-28-25.docx.pdf,https://www.boston.gov/sites/default/files/file/2025/08/Voting%20Minutes%208-28-25.docx.pdf#page=12,12,12,33,[]
BLB-2025-08-28-042-pledge,BLB-2025-08-28,LB101636,LB-101636,False,2025-08-28,license_pledge,pledge_application_disposition,granted,Granted,True,,,,,,"Iconic Food and Beverage Company, LLC",Credit Agricole Corporate and Investment Bank,"138-150 Saint James Ave, Boston, MA 02116",,https://www.boston.gov/sites/default/files/file/2025/08/Voting%20Minutes%208-28-25.docx.pdf,https://www.boston.gov/sites/default/files/file/2025/08/Voting%20Minutes%208-28-25.docx.pdf#page=12,12,12,34,[]
BLB-2025-08-28-042-transfer,BLB-2025-08-28,LB101636,LB-101636,False,2025-08-28,license_transfer,transfer_application_disposition,granted,Granted,True,,"Iconic Food and Beverage Company, LLC",Fairmont Copley Plaza Hotel,"Iconic Copley Plaza Hotel, LLC",Fairmont Copley Plaza Hotel,"Iconic Food and Beverage Company, LLC",,"138-150 Saint James Ave, Boston, MA 02116","138-150 Saint James Ave, Boston, MA 02116",https://www.boston.gov/sites/default/files/file/2025/08/Voting%20Minutes%208-28-25.docx.pdf,https://www.boston.gov/sites/default/files/file/2025/08/Voting%20Minutes%208-28-25.docx.pdf#page=12,12,12,34,[]
BLB-2025-08-28-043-transfer,BLB-2025-08-28,LB98912,LB-98912,False,2025-08-28,license_transfer,transfer_application_disposition,granted,Granted,True,,"Lincoln Street Property Owner, LLC",,"1 Lincoln TRS, LLC",,"Lincoln Street Property Owner, LLC",,"1 Lincoln St, Boston, MA 02111","1 Lincoln St, Boston, MA 02111",https://www.boston.gov/sites/default/files/file/2025/08/Voting%20Minutes%208-28-25.docx.pdf,https://www.boston.gov/sites/default/files/file/2025/08/Voting%20Minutes%208-28-25.docx.pdf#page=13,13,13,35,"[""Grant has an explicit issuance condition; see complete item text.""]"
BLB-2025-08-28-044-transfer,BLB-2025-08-28,LB99328,LB-99328,False,2025-08-28,license_transfer,transfer_application_disposition,granted,Granted,True,,"Lord Hobo Drydock, LLC",Lord Hobo Taphouse,"Haidilao Hot Pot MA, Inc.",Haidilao Hot Pot,"Lord Hobo Drydock, LLC",,"2 Drydock Ave, Boston, MA 02210","601 Washington St, Boston, MA 02111",https://www.boston.gov/sites/default/files/file/2025/08/Voting%20Minutes%208-28-25.docx.pdf,https://www.boston.gov/sites/default/files/file/2025/08/Voting%20Minutes%208-28-25.docx.pdf#page=13,13,13,36,[]
BLB-2025-08-28-045-transfer,BLB-2025-08-28,LB99070,LB-99070,False,2025-08-28,license_transfer,transfer_application_disposition,granted,Granted,True,,"D Street Music, LLC",D’s Keys Dueling Pianos,"Proctor Restaurant Enterprise, Inc.",LuXXor/The Bloom Room,"D Street Music, LLC",,"391 D St, Boston, MA 02210","28-30 Kingston St, Boston, MA 02111",https://www.boston.gov/sites/default/files/file/2025/08/Voting%20Minutes%208-28-25.docx.pdf,https://www.boston.gov/sites/default/files/file/2025/08/Voting%20Minutes%208-28-25.docx.pdf#page=14,14,14,37,"[""Grant has an explicit issuance condition; see complete item text.""]"
BLB-2025-09-18-019-pledge,BLB-2025-09-18,LB101966,LB-101966,False,2025-09-18,license_pledge,pledge_application_disposition,granted,Granted,True,,,,,,Maa Laxmi Corp.,Rockland Trust Company,"1772 Dorchester Ave, Dorchester, MA 02124",,https://www.boston.gov/sites/default/files/file/2025/09/Voting%20Minutes%209-18-25.docx.pdf,https://www.boston.gov/sites/default/files/file/2025/09/Voting%20Minutes%209-18-25.docx.pdf#page=6,6,6,13,[]
BLB-2025-09-18-025-transfer,BLB-2025-09-18,LB101905,LB-101905,False,2025-09-18,license_transfer,transfer_application_disposition,granted,Granted,True,,"Salant Liquors, Inc.",Morton Wine and Liquors,"Castillo Morton Street, LLC",Castillo Liquors,"Salant Liquors, Inc.",,"890-896 Morton St, Mattapan, MA 02126","890-896 Morton St, Mattapan, MA 02126",https://www.boston.gov/sites/default/files/file/2025/09/Voting%20Minutes%209-18-25.docx.pdf,https://www.boston.gov/sites/default/files/file/2025/09/Voting%20Minutes%209-18-25.docx.pdf#page=7,7,7,19,[]
BLB-2025-09-18-026-transfer,BLB-2025-09-18,LB101992,LB-101992,False,2025-09-18,license_transfer,transfer_application_disposition,granted,Granted,True,,"1227 Commonwealth, Inc.",Wild Duck,"Commonwealth Cellars, Inc.",Commonwealth Cellars,"1227 Commonwealth, Inc.",,"1229 Commonwealth Ave, Allston, MA 02134","1229 Commonwealth Ave, Allston, MA 02134",https://www.boston.gov/sites/default/files/file/2025/09/Voting%20Minutes%209-18-25.docx.pdf,https://www.boston.gov/sites/default/files/file/2025/09/Voting%20Minutes%209-18-25.docx.pdf#page=7,7,7,20,[]
BLB-2025-09-18-027-pledge,BLB-2025-09-18,LB494678,LB-494678,False,2025-09-18,license_pledge,pledge_application_disposition,granted,"Granted, with a closing hour of 11:00 PM",True,,,,,,Nice Noodles,"100 Arlington Acquisition Company, LLC","12 Brighton Ave, Boston, MA 02134",,https://www.boston.gov/sites/default/files/file/2025/09/Voting%20Minutes%209-18-25.docx.pdf,https://www.boston.gov/sites/default/files/file/2025/09/Voting%20Minutes%209-18-25.docx.pdf#page=8,8,8,21,"[""Transferor heading is 'Nice Noodles'; transfer clause identifies 'Nice Noodles LLC'.""]"
BLB-2025-09-18-027-transfer,BLB-2025-09-18,LB494678,LB-494678,False,2025-09-18,license_transfer,transfer_application_disposition,granted,"Granted, with a closing hour of 11:00 PM",True,,Nice Noodles LLC,Blue Sakura,"Kitchen + Kocktails by Kevin Kelley Boston, LLC.",Kitchen + Kocktails by Kevin Kelly,Nice Noodles,,"12 Brighton Ave, Boston, MA 02134","100 Arlington St, Boston, MA 02116",https://www.boston.gov/sites/default/files/file/2025/09/Voting%20Minutes%209-18-25.docx.pdf,https://www.boston.gov/sites/default/files/file/2025/09/Voting%20Minutes%209-18-25.docx.pdf#page=8,8,8,21,"[""Transferor heading is 'Nice Noodles'; transfer clause identifies 'Nice Noodles LLC'.""]"
BLB-2025-10-01-023-pledge,BLB-2025-10-01,LB99177,LB-99177,False,2025-10-01,license_pledge,pledge_application_disposition,granted,Granted,True,,,,,,"High Street Restaurant Group, LLC",Cambridge Savings Bank,"184 High St, Boston, MA 02110",,https://docs.google.com/document/d/e/2PACX-1vTeHLRvJlPmTfl3vIvK2ThWgOvzf4b3jaWl3LXTY31CQsyD5NnjfF8xMbjI5cVrGA/pub,https://docs.google.com/document/d/e/2PACX-1vTeHLRvJlPmTfl3vIvK2ThWgOvzf4b3jaWl3LXTY31CQsyD5NnjfF8xMbjI5cVrGA/pub,,,14,[]
BLB-2025-10-01-025-transfer,BLB-2025-10-01,LB99651,LB-99651,False,2025-10-01,license_transfer,transfer_application_disposition,granted,Granted,True,,"Gagandeep, Inc.",Punjab Palace,"Punjab Palace, LLC",Punjab Palace,"Gagandeep, Inc.",,"109 Brighton Ave, Allston, MA 02134","109 Brighton Ave, Allston, MA 02134",https://docs.google.com/document/d/e/2PACX-1vTeHLRvJlPmTfl3vIvK2ThWgOvzf4b3jaWl3LXTY31CQsyD5NnjfF8xMbjI5cVrGA/pub,https://docs.google.com/document/d/e/2PACX-1vTeHLRvJlPmTfl3vIvK2ThWgOvzf4b3jaWl3LXTY31CQsyD5NnjfF8xMbjI5cVrGA/pub,,,16,[]
BLB-2025-10-01-026-transfer,BLB-2025-10-01,LB99668,LB-99668,False,2025-10-01,license_transfer,transfer_application_disposition,granted,Granted,True,,"Aceituna Grill Newbury, LLC",Aceituna Grill,"Picklebos South Boston, LLC",Picklebos,"Aceituna Grill Newbury, LLC",,"267-269 Newbury St, Boston, MA 02116","379R Dorchester Ave, Boston, MA 02127",https://docs.google.com/document/d/e/2PACX-1vTeHLRvJlPmTfl3vIvK2ThWgOvzf4b3jaWl3LXTY31CQsyD5NnjfF8xMbjI5cVrGA/pub,https://docs.google.com/document/d/e/2PACX-1vTeHLRvJlPmTfl3vIvK2ThWgOvzf4b3jaWl3LXTY31CQsyD5NnjfF8xMbjI5cVrGA/pub,,,17,[]
BLB-2025-10-23-037-transfer,BLB-2025-10-23,LB99793,LB-99793,False,2025-10-23,license_transfer,transfer_application_disposition,granted,Granted,True,,"Piarosa Group, Inc.",Libertine,"Libertine New England, LLC",Libertine,"Piarosa Group, Inc.",,"123-125 Salem St, Boston, MA 02113","123-125 Salem St, Boston, MA 02113",https://www.boston.gov/sites/default/files/file/2025/10/Voting%20Minutes%2010-23-25.docx_0.pdf,https://www.boston.gov/sites/default/files/file/2025/10/Voting%20Minutes%2010-23-25.docx_0.pdf#page=10,10,11,30,[]
BLB-2025-11-06-014-pledge,BLB-2025-11-06,LB418633,LB-418633,False,2025-11-06,license_pledge,pledge_application_disposition,granted,Granted,True,,,,,,"Shree Kano, Inc.",Rockland Trust Company,"113 H St, South Boston, MA 02127",,https://drive.google.com/file/d/1UhcS_UqlbNBRe2OO23O2ENwcfs5wz8Wi/view?usp=drive_link,https://drive.google.com/file/d/1UhcS_UqlbNBRe2OO23O2ENwcfs5wz8Wi/view?usp=drive_link#page=5,5,5,7,[]
BLB-2025-11-06-017-pledge,BLB-2025-11-06,LB446754,LB-446754,False,2025-11-06,license_pledge,pledge_application_disposition,granted,Granted,True,,,,,,"Tall Ship Restaurant, LLC",Northern Bank,"1 East Pier Dr, East Boston, MA 02128",,https://drive.google.com/file/d/1UhcS_UqlbNBRe2OO23O2ENwcfs5wz8Wi/view?usp=drive_link,https://drive.google.com/file/d/1UhcS_UqlbNBRe2OO23O2ENwcfs5wz8Wi/view?usp=drive_link#page=6,6,6,10,[]
BLB-2025-11-06-018-transfer,BLB-2025-11-06,LB101905,LB-101905,False,2025-11-06,license_transfer,transfer_application_disposition,granted,Granted,True,,"Salant Liquors, Inc.",Morton Wine and Liquors,"Castillo Morton Street, LLC",Castillo Liquors,"Salant Liquors, Inc.",,"890-896 Morton St, Mattapan, MA 02126","890-896 Morton St, Mattapan, MA 02126",https://drive.google.com/file/d/1UhcS_UqlbNBRe2OO23O2ENwcfs5wz8Wi/view?usp=drive_link,https://drive.google.com/file/d/1UhcS_UqlbNBRe2OO23O2ENwcfs5wz8Wi/view?usp=drive_link#page=6,6,6,11,[]
BLB-2025-11-20-018-transfer,BLB-2025-11-20,LB99389,LB-99389,False,2025-11-20,license_transfer,transfer_application_disposition,granted,Granted. The Board acknowledges the correct address is 289 Dorchester St.,True,,"111, LLC",Brownstone,"Mother’s East Tavern, LLC",Mother’s East Tavern,"111, LLC",,"111 Dartmouth St, Boston MA 02116","289 Dorchester St, South Boston, MA 02127",https://drive.google.com/file/d/1Ham1bqHNtmqMWczY3e1sQ6TBt06HZoGv/view,https://drive.google.com/file/d/1Ham1bqHNtmqMWczY3e1sQ6TBt06HZoGv/view#page=5,5,5,11,"[""Petition says 289 Dorchester Ave; decision corrects address to 289 Dorchester St.""]"
BLB-2025-11-20-019-pledge,BLB-2025-11-20,LB98905,LB-98905,False,2025-11-20,license_pledge,pledge_application_disposition,granted,Granted,True,,,,,,"Rockwood Music Hall Boston, LLC","FoxRock 176 Federal Realty, LLC","88 Van Ness St, Boston, MA 02215",,https://drive.google.com/file/d/1Ham1bqHNtmqMWczY3e1sQ6TBt06HZoGv/view,https://drive.google.com/file/d/1Ham1bqHNtmqMWczY3e1sQ6TBt06HZoGv/view#page=6,6,6,12,"[""Transferor heading is 'Rockwood Music Hall Boston, LLC'; transfer clause identifies 'Rockwood Music Hall Boston LLC'.""]"
BLB-2025-11-20-019-transfer,BLB-2025-11-20,LB98905,LB-98905,False,2025-11-20,license_transfer,transfer_application_disposition,granted,Granted,True,,Rockwood Music Hall Boston LLC,Rockwood Music Hall,"GW Eatery, LLC",Tradesman,"Rockwood Music Hall Boston, LLC",,"88 Van Ness St, Boston, MA 02215","176 Federal St, Boston, MA 02110",https://drive.google.com/file/d/1Ham1bqHNtmqMWczY3e1sQ6TBt06HZoGv/view,https://drive.google.com/file/d/1Ham1bqHNtmqMWczY3e1sQ6TBt06HZoGv/view#page=6,6,6,12,"[""Transferor heading is 'Rockwood Music Hall Boston, LLC'; transfer clause identifies 'Rockwood Music Hall Boston LLC'.""]"
BLB-2025-11-20-020-transfer,BLB-2025-11-20,LB99586,LB-99586,False,2025-11-20,license_transfer,transfer_application_disposition,granted,Granted,True,,"Olives, Inc.",Figs,"Safar Coiffures, Inc.",Safar Salon Boston,"Olives, Inc.",,"67 Main St, Charlestown, MA 02129","235 Newbury St, Boston, MA 02116",https://drive.google.com/file/d/1Ham1bqHNtmqMWczY3e1sQ6TBt06HZoGv/view,https://drive.google.com/file/d/1Ham1bqHNtmqMWczY3e1sQ6TBt06HZoGv/view#page=6,6,6,13,[]
BLB-2025-11-20-021-transfer,BLB-2025-11-20,LB99039,LB-99039,False,2025-11-20,license_transfer,transfer_application_disposition,granted,Granted,True,,"Big Night Venues Boston 5, LLC",,"Allston Phase A Hotel TRS, Inc.",Atlas Hotel,"Big Night Venues Boston 5, LLC",,"186 Tremont St, Boston, MA 02111","30-40 Western Ave, Boston, MA 02134",https://drive.google.com/file/d/1Ham1bqHNtmqMWczY3e1sQ6TBt06HZoGv/view,https://drive.google.com/file/d/1Ham1bqHNtmqMWczY3e1sQ6TBt06HZoGv/view#page=7,7,7,14,[]
BLB-2025-12-04-010-pledge,BLB-2025-12-04,LB99754,LB-99754,False,2025-12-04,license_pledge,pledge_application_disposition,granted,Granted,True,,,,,,"Petula’s, LLC",Salem Five Cents Savings Bank,"81 L St, South Boston, MA 02127",,https://www.boston.gov/sites/default/files/file/2025/12/Voting%20Minutes%2012-4-25.docx.pdf,https://www.boston.gov/sites/default/files/file/2025/12/Voting%20Minutes%2012-4-25.docx.pdf#page=4,4,4,5,[]
BLB-2025-12-04-014-pledge,BLB-2025-12-04,LB101876,LB-101876,False,2025-12-04,license_pledge,pledge_application_disposition,granted,Granted,True,,,,,,"Fernandez Brothers Liquors, Inc.",Salem Five Cents Savings Bank,"527-531 Dudley St, Roxbury, MA 02119",,https://www.boston.gov/sites/default/files/file/2025/12/Voting%20Minutes%2012-4-25.docx.pdf,https://www.boston.gov/sites/default/files/file/2025/12/Voting%20Minutes%2012-4-25.docx.pdf#page=5,5,5,9,[]
BLB-2025-12-04-014-transfer,BLB-2025-12-04,LB101876,LB-101876,False,2025-12-04,license_transfer,transfer_application_disposition,granted,Granted,True,,"Fernandez Brothers Liquors, Inc.",Caribbean Liquors,"SRIAN, LLC",Caribbean Liquors,"Fernandez Brothers Liquors, Inc.",,"527-531 Dudley St, Roxbury, MA 02119","527-531 Dudley St, Roxbury, MA 02119",https://www.boston.gov/sites/default/files/file/2025/12/Voting%20Minutes%2012-4-25.docx.pdf,https://www.boston.gov/sites/default/files/file/2025/12/Voting%20Minutes%2012-4-25.docx.pdf#page=5,5,5,9,[]
BLB-2025-12-04-015-transfer,BLB-2025-12-04,LB316991,LB-316991,False,2025-12-04,license_transfer,transfer_application_disposition,granted,Granted,True,,"Panagiota, Inc",Gyro City,Greenside Athletics Limited Company,Greenside Golf Club,"Panagiota, Inc.",,"181 Chestnut Hill Ave, Brighton, MA 02135","58 Old Colony Ave, Boston, MA 02127",https://www.boston.gov/sites/default/files/file/2025/12/Voting%20Minutes%2012-4-25.docx.pdf,https://www.boston.gov/sites/default/files/file/2025/12/Voting%20Minutes%2012-4-25.docx.pdf#page=6,6,6,10,"[""Transferor heading is 'Panagiota, Inc.'; transfer clause identifies 'Panagiota, Inc'.""]"
BLB-2026-01-08-019-pledge,BLB-2026-01-08,LB101852,LB-101852,False,2026-01-08,license_pledge,pledge_application_disposition,granted,Granted,True,,,,,,"JJDA Fernandez, Inc.",Rockland Trust,"1151 Blue Hill Ave, Dorchester, MA 02124",,https://www.boston.gov/sites/default/files/file/2026/01/Voting%20Minutes%201-9-26.docx.pdf,https://www.boston.gov/sites/default/files/file/2026/01/Voting%20Minutes%201-9-26.docx.pdf#page=6,6,6,10,[]
BLB-2026-01-08-022-transfer,BLB-2026-01-08,LB101675,LB-101675,False,2026-01-08,license_transfer,transfer_application_disposition,granted,Granted,True,,"MJ Back Bay, LLC",Courtyard by Marriott,"CCC Boston’s 88 Exeter Holdco, LLC",Courtyard by Marriott,"MJ Back Bay, LLC",,"88 Exeter St, Boston, MA 02116","88 Exeter St, Boston, MA 02116",https://www.boston.gov/sites/default/files/file/2026/01/Voting%20Minutes%201-9-26.docx.pdf,https://www.boston.gov/sites/default/files/file/2026/01/Voting%20Minutes%201-9-26.docx.pdf#page=7,7,7,13,[]
BLB-2026-01-08-023-transfer,BLB-2026-01-08,LB99286,LB-99286,False,2026-01-08,license_transfer,transfer_application_disposition,continued,"Continued to the January 28, 2026 Transactional Hearing",False,,Alasty Corp.,Napper Tandys,"LH Roslindale, LLC",La Hacienda,Alasty Corp.,,"4187-4195 Washington St, Roslindale, MA 02131","4187-4195 Washington St, Roslindale, MA 02131",https://www.boston.gov/sites/default/files/file/2026/01/Voting%20Minutes%201-9-26.docx.pdf,https://www.boston.gov/sites/default/files/file/2026/01/Voting%20Minutes%201-9-26.docx.pdf#page=7,7,7,14,[]
BLB-2026-01-08-024-transfer,BLB-2026-01-08,LB99339,LB-99339,False,2026-01-08,license_transfer,transfer_application_disposition,granted,Granted,True,,"The Dugout Cafe, Inc.",The Dugout,"Earl's Restaurant (Seaport, MA) Inc.",Earl's Kitchen + Bar,"The Dugout Cafe, Inc.",,"722 Commonwealth Ave, Boston, MA 02215","155 Seaport Blvd, Suite # P14, Boston, MA 02210",https://www.boston.gov/sites/default/files/file/2026/01/Voting%20Minutes%201-9-26.docx.pdf,https://www.boston.gov/sites/default/files/file/2026/01/Voting%20Minutes%201-9-26.docx.pdf#page=7,7,7,15,[]
BLB-2026-01-08-025-pledge,BLB-2026-01-08,LB99345,LB-99345,False,2026-01-08,license_pledge,pledge_application_disposition,granted,"Granted, with a closing hour of 1:00 AM",True,,,,,,"Inshallah, Inc.",Charles M. Talanian,"128 Brighton Ave, Allston, MA 02134",,https://www.boston.gov/sites/default/files/file/2026/01/Voting%20Minutes%201-9-26.docx.pdf,https://www.boston.gov/sites/default/files/file/2026/01/Voting%20Minutes%201-9-26.docx.pdf#page=8,8,8,16,[]
BLB-2026-01-08-025-transfer,BLB-2026-01-08,LB99345,LB-99345,False,2026-01-08,license_transfer,transfer_application_disposition,granted,"Granted, with a closing hour of 1:00 AM",True,,"Inshallah, Inc.",Crave,Wan Xi LLC,ZHU,"Inshallah, Inc.",,"128 Brighton Ave, Allston, MA 02134","903-905 Boylston Street Boston, MA 02115",https://www.boston.gov/sites/default/files/file/2026/01/Voting%20Minutes%201-9-26.docx.pdf,https://www.boston.gov/sites/default/files/file/2026/01/Voting%20Minutes%201-9-26.docx.pdf#page=8,8,8,16,[]
BLB-2026-01-08-026-pledge,BLB-2026-01-08,LB99042,LB-99042,False,2026-01-08,license_pledge,pledge_application_disposition,granted,Granted,True,,,,,,"Tiger Mama, LLC",P-12 Property LLC,"1363 Boylston St, Boston, MA 02215",,https://www.boston.gov/sites/default/files/file/2026/01/Voting%20Minutes%201-9-26.docx.pdf,https://www.boston.gov/sites/default/files/file/2026/01/Voting%20Minutes%201-9-26.docx.pdf#page=8,8,8,17,[]
BLB-2026-01-08-026-transfer,BLB-2026-01-08,LB99042,LB-99042,False,2026-01-08,license_transfer,transfer_application_disposition,granted,Granted,True,,"Tiger Mama, LLC",Tenderoni’s,"Rosa y Marigold, LLC",Rosa y Marigold,"Tiger Mama, LLC",,"1363 Boylston St, Boston, MA 02215","1001 Boylston St a/k/a 400 Newbury St, Boston, MA 02115",https://www.boston.gov/sites/default/files/file/2026/01/Voting%20Minutes%201-9-26.docx.pdf,https://www.boston.gov/sites/default/files/file/2026/01/Voting%20Minutes%201-9-26.docx.pdf#page=8,8,8,17,[]
BLB-2026-01-29-022-transfer,BLB-2026-01-29,LB99286,LB-99286,False,2026-01-29,license_transfer,transfer_application_disposition,continued,Continued to the February 11 Transactional Hearing,False,,Alasty Corp.,Napper Tandy’s,"LH Roslindale, LLC",La Hacienda,Alasty Corp.,,"4187-4195 Washington St, Roslindale, MA 02131","4187-4195 Washington St, Roslindale, MA 02131",https://www.boston.gov/sites/default/files/file/2026/01/Voting%20Minutes%201-29-26.docx.pdf,https://www.boston.gov/sites/default/files/file/2026/01/Voting%20Minutes%201-29-26.docx.pdf#page=7,7,7,15,[]
BLB-2026-01-29-023-transfer,BLB-2026-01-29,LB101619,LB-101619,False,2026-01-29,license_transfer,transfer_application_disposition,granted,Granted,True,,"Sage Client 415, LLC",Hotel Commonwealth,"Kenmore Square Hotel, LLC",Hotel Commonwealth,"Sage Client 415, LLC",,"500 Commonwealth Ave, Boston, MA 02215","500 Commonwealth Ave, Boston, MA 02215",https://www.boston.gov/sites/default/files/file/2026/01/Voting%20Minutes%201-29-26.docx.pdf,https://www.boston.gov/sites/default/files/file/2026/01/Voting%20Minutes%201-29-26.docx.pdf#page=7,7,7,16,[]
BLB-2026-01-29-024-pledge,BLB-2026-01-29,LB99164,LB-99164,False,2026-01-29,license_pledge,pledge_application_disposition,granted,Granted,True,,,,,,"Eddie V’s Holdings, LLC",One Post Office Square LLC,"800 Boylston St, Boston, MA 02199",,https://www.boston.gov/sites/default/files/file/2026/01/Voting%20Minutes%201-29-26.docx.pdf,https://www.boston.gov/sites/default/files/file/2026/01/Voting%20Minutes%201-29-26.docx.pdf#page=8,8,8,17,"[""Transferor heading is 'Eddie V’s Holdings, LLC'; transfer clause identifies 'Eddie V’s Holdings LLC'.""]"
BLB-2026-01-29-024-transfer,BLB-2026-01-29,LB99164,LB-99164,False,2026-01-29,license_transfer,transfer_application_disposition,granted,Granted,True,,Eddie V’s Holdings LLC,Eddie V’s,Craft Food Hall Project Holdings LLC,Craft Food Halls - One Post Office Square,"Eddie V’s Holdings, LLC",,"800 Boylston St, Boston, MA 02199","1 Post Office Square, Boston, MA 02109",https://www.boston.gov/sites/default/files/file/2026/01/Voting%20Minutes%201-29-26.docx.pdf,https://www.boston.gov/sites/default/files/file/2026/01/Voting%20Minutes%201-29-26.docx.pdf#page=8,8,8,17,"[""Transferor heading is 'Eddie V’s Holdings, LLC'; transfer clause identifies 'Eddie V’s Holdings LLC'.""]"
BLB-2026-02-12-031-transfer,BLB-2026-02-12,LB99286,LB-99286,False,2026-02-12,license_transfer,transfer_application_disposition,granted,Granted,True,,Alasty Corp.,Napper Tandys,"LH Roslindale, LLC",La Hacienda,Alasty Corp.,,"4187-4195 Washington St, Roslindale, MA 02131","4187-4195 Washington St, Roslindale, MA 02131",https://www.boston.gov/sites/default/files/file/2026/02/Voting%20Minutes%202-12-26.docx%20%281%29.pdf,https://www.boston.gov/sites/default/files/file/2026/02/Voting%20Minutes%202-12-26.docx%20%281%29.pdf#page=9,9,9,24,[]
BLB-2026-02-12-032-transfer,BLB-2026-02-12,LB99782,LB-99782,False,2026-02-12,license_transfer,transfer_application_disposition,granted,Granted,True,,"550 Tremont, LLC",B&G Oysters LTD,"Clarendon Square Hospitality, LLC",,"550 Tremont, LLC",,"550 Tremont St, Roxbury, MA 02118","550 Tremont St, Roxbury, MA 02118",https://www.boston.gov/sites/default/files/file/2026/02/Voting%20Minutes%202-12-26.docx%20%281%29.pdf,https://www.boston.gov/sites/default/files/file/2026/02/Voting%20Minutes%202-12-26.docx%20%281%29.pdf#page=9,9,9,25,[]
BLB-2026-02-12-033-pledge,BLB-2026-02-12,LB98993,LB-98993,False,2026-02-12,license_pledge,pledge_application_disposition,granted,Granted,True,,,,,,"CRG License Holdings II, LLC","CRG License Holding II, LLC","17 Union St, Boston, MA 02108",,https://www.boston.gov/sites/default/files/file/2026/02/Voting%20Minutes%202-12-26.docx%20%281%29.pdf,https://www.boston.gov/sites/default/files/file/2026/02/Voting%20Minutes%202-12-26.docx%20%281%29.pdf#page=10,10,10,26,[]
BLB-2026-02-12-033-transfer,BLB-2026-02-12,LB98993,LB-98993,False,2026-02-12,license_transfer,transfer_application_disposition,granted,Granted,True,,"CRG License Holdings II, LLC",,Chilin Union Street LLC,Tiki Cove,"CRG License Holdings II, LLC",,"17 Union St, Boston, MA 02108","17 Union St, Boston, MA 02108",https://www.boston.gov/sites/default/files/file/2026/02/Voting%20Minutes%202-12-26.docx%20%281%29.pdf,https://www.boston.gov/sites/default/files/file/2026/02/Voting%20Minutes%202-12-26.docx%20%281%29.pdf#page=10,10,10,26,[]
BLB-2026-02-12-034-pledge,BLB-2026-02-12,LB99113,LB-99113,False,2026-02-12,license_pledge,pledge_application_disposition,granted,Granted,True,,,,,,"Time Out Market (Boston), LLC","ARE-MA Amenities No. 5, LLC","401 Park Drive, Boston MA 02215",,https://www.boston.gov/sites/default/files/file/2026/02/Voting%20Minutes%202-12-26.docx%20%281%29.pdf,https://www.boston.gov/sites/default/files/file/2026/02/Voting%20Minutes%202-12-26.docx%20%281%29.pdf#page=10,10,10,27,[]
BLB-2026-02-12-034-transfer,BLB-2026-02-12,LB99113,LB-99113,False,2026-02-12,license_transfer,transfer_application_disposition,granted,Granted,True,,"Time Out Market (Boston), LLC",Time Out Market,Fenway Food Hall LLC,Time Out Market,"Time Out Market (Boston), LLC",,"401 Park Drive, Boston MA 02215","401 Park Drive, Boston MA 02215",https://www.boston.gov/sites/default/files/file/2026/02/Voting%20Minutes%202-12-26.docx%20%281%29.pdf,https://www.boston.gov/sites/default/files/file/2026/02/Voting%20Minutes%202-12-26.docx%20%281%29.pdf#page=10,10,10,27,[]
BLB-2026-02-12-035-transfer,BLB-2026-02-12,LB99726,LB-99726,False,2026-02-12,license_transfer,transfer_application_disposition,deferred,Deferred pending resolution of active litigation,False,,Dolce Fumo Restaurant Group Corp.,Rabia’s Dolce Fumo,Little Black Dress LLC,Little Black Dress Restaurant,Dolce Fumo Restaurant Group Corp.,,"71-73 Salem St, Boston MA 02113","13-15 West St, Boston, MA 02111",https://www.boston.gov/sites/default/files/file/2026/02/Voting%20Minutes%202-12-26.docx%20%281%29.pdf,https://www.boston.gov/sites/default/files/file/2026/02/Voting%20Minutes%202-12-26.docx%20%281%29.pdf#page=10,10,10,28,[]
BLB-2026-03-05-024-transfer,BLB-2026-03-05,LB99524,LB-99524,False,2026-03-05,license_transfer,transfer_application_disposition,granted,Granted,True,,"Peach Farm, Inc.",Peach Farm,"Peach Farm Boston, LLC",Peach Farm,"Peach Farm, Inc.",,"4 Tyler St, Boston, MA 02111","4 Tyler St, Boston, MA 02111",https://www.boston.gov/sites/default/files/file/2026/03/Voting%20Minutes%203-5-26.pdf,https://www.boston.gov/sites/default/files/file/2026/03/Voting%20Minutes%203-5-26.pdf#page=7,7,7,14,[]
BLB-2026-03-05-025-transfer,BLB-2026-03-05,LB495221,LB-495221,False,2026-03-05,license_transfer,transfer_application_disposition,granted,Granted,True,,"Kured, Inc.",Kured,"Kured Creations, LLC",Kured,"Kured, Inc.",,"83 Charles St, Boston, MA 02114","83 Charles St, Boston, MA 02114",https://www.boston.gov/sites/default/files/file/2026/03/Voting%20Minutes%203-5-26.pdf,https://www.boston.gov/sites/default/files/file/2026/03/Voting%20Minutes%203-5-26.pdf#page=8,8,8,15,[]
BLB-2026-03-05-026-pledge,BLB-2026-03-05,LB101911,LB-101911,False,2026-03-05,license_pledge,pledge_application_disposition,granted,"Granted, with d/b/a of Jersey Street Liquors",True,,,,,,"Jersey Street Liquors, Inc.",Rockland Trust Company,"48 Queensberry St, Boston, MA 02215",,https://www.boston.gov/sites/default/files/file/2026/03/Voting%20Minutes%203-5-26.pdf,https://www.boston.gov/sites/default/files/file/2026/03/Voting%20Minutes%203-5-26.pdf#page=8,8,8,16,"[""Petition proposes Sip City Liquors; decision grants with d/b/a of Jersey Street Liquors.""]"
BLB-2026-03-05-026-transfer,BLB-2026-03-05,LB101911,LB-101911,False,2026-03-05,license_transfer,transfer_application_disposition,granted,"Granted, with d/b/a of Jersey Street Liquors",True,,"Jersey Street Liquors, Inc.",,Diyan2019 Corp.,Jersey Street Liquors,"Jersey Street Liquors, Inc.",,"48 Queensberry St, Boston, MA 02215","48 Queensberry St, Boston, MA 02215",https://www.boston.gov/sites/default/files/file/2026/03/Voting%20Minutes%203-5-26.pdf,https://www.boston.gov/sites/default/files/file/2026/03/Voting%20Minutes%203-5-26.pdf#page=8,8,8,16,"[""Petition proposes Sip City Liquors; decision grants with d/b/a of Jersey Street Liquors.""]"
BLB-2026-03-05-027-pledge,BLB-2026-03-05,LB99134,LB-99134,False,2026-03-05,license_pledge,pledge_application_disposition,granted,"Granted, with Maria Murray as manager of record",True,,,,,,"The DOT Restaurant, LLC",1121 Dorchester Avenue Realty LLC,,,https://www.boston.gov/sites/default/files/file/2026/03/Voting%20Minutes%203-5-26.pdf,https://www.boston.gov/sites/default/files/file/2026/03/Voting%20Minutes%203-5-26.pdf#page=8,8,8,17,"[""Source omits a street address. Same-location transfer is explicit, but no address is inferred.""]"
BLB-2026-03-05-027-transfer,BLB-2026-03-05,LB99134,LB-99134,False,2026-03-05,license_transfer,transfer_application_disposition,granted,"Granted, with Maria Murray as manager of record",True,,"The DOT Restaurant, LLC",the Dorchester,"DOT Associates, LLC",Five Horses Tavern,"The DOT Restaurant, LLC",,,,https://www.boston.gov/sites/default/files/file/2026/03/Voting%20Minutes%203-5-26.pdf,https://www.boston.gov/sites/default/files/file/2026/03/Voting%20Minutes%203-5-26.pdf#page=8,8,8,17,"[""Source omits a street address. Same-location transfer is explicit, but no address is inferred.""]"
BLB-2026-03-05-028-transfer,BLB-2026-03-05,LB99671,LB-99671,False,2026-03-05,license_transfer,transfer_application_disposition,granted,"Granted, with patio closing hour of 10:00 PM 7 days a week",True,,Gogle Mogle Inc.,Seabiscuit,"Fort Point Partner, Inc.",Celine,"Gogle Mogle, Inc.",,"256 Marginal Street, Boston, MA 02128","324 A Street, Boston, MA 02210",https://www.boston.gov/sites/default/files/file/2026/03/Voting%20Minutes%203-5-26.pdf,https://www.boston.gov/sites/default/files/file/2026/03/Voting%20Minutes%203-5-26.pdf#page=9,9,9,18,"[""Transferor heading is 'Gogle Mogle, Inc.'; transfer clause identifies 'Gogle Mogle Inc.'.""]"
BLB-2026-03-05-049-notice,BLB-2026-03-05,LB99070,LB-99070,False,2026-03-05,license_transfer,transfer_revocation_notice,acknowledged,Acknowledged,False,2025-08-28,D Street Music LLC,D’s Keys Dueling Pianos,"Proctor Restaurant Enterprise, Inc.",LuXXor/The Bloom Room,"The Board is in receipt of correspondence from D Street Music LLC d/b/a D’s Keys Dueling Pianos,",,"391 D St., Boston, MA 02210","28-30 Kingston St., Boston, MA 02111",https://www.boston.gov/sites/default/files/file/2026/03/Voting%20Minutes%203-5-26.pdf,https://www.boston.gov/sites/default/files/file/2026/03/Voting%20Minutes%203-5-26.pdf#page=15,15,15,3,"[""Acknowledged mutual intent to revoke a previously approved transfer; source reports transaction not timely closed. Not a new approval or completed sale.""]"
BLB-2026-03-26-024-pledge,BLB-2026-03-26,LB612517,LB-612517,False,2026-03-26,license_pledge,pledge_application_disposition,granted,Granted,True,,,,,,"Namu Distilling Co., LLC",Coastal Heritage Bank,"89 Heath St, Mission Hill, MA 02120",,https://www.boston.gov/sites/default/files/file/2026/03/Voting%20Minutes%203-26-26.docx.pdf,https://www.boston.gov/sites/default/files/file/2026/03/Voting%20Minutes%203-26-26.docx.pdf#page=8,8,8,18,[]
BLB-2026-03-26-025-pledge,BLB-2026-03-26,LB101973,LB-101973,False,2026-03-26,license_pledge,pledge_application_disposition,granted,Granted,True,,,,,,"SK Wine and Liquors, Inc.",Northern Bank and Trust,"255 Newbury St, Boston, MA 02116",,https://www.boston.gov/sites/default/files/file/2026/03/Voting%20Minutes%203-26-26.docx.pdf,https://www.boston.gov/sites/default/files/file/2026/03/Voting%20Minutes%203-26-26.docx.pdf#page=8,8,8,19,[]
BLB-2026-03-26-027-pledge,BLB-2026-03-26,LB603766,LB-603766,False,2026-03-26,license_pledge,pledge_application_disposition,granted,Granted,True,,,,,,"RFC LA, LLC",The Bank of Canton,"1 Harborside Drive, East Boston, MA 02128",,https://www.boston.gov/sites/default/files/file/2026/03/Voting%20Minutes%203-26-26.docx.pdf,https://www.boston.gov/sites/default/files/file/2026/03/Voting%20Minutes%203-26-26.docx.pdf#page=8,8,8,21,[]
BLB-2026-03-26-036-pledge,BLB-2026-03-26,LB101940,LB-101940,False,2026-03-26,license_pledge,pledge_application_disposition,granted,Granted,True,,,,,,"Gray’s Liquors, Inc.",Rockland Trust Company,"610 Washington St, Brighton, MA 02135",,https://www.boston.gov/sites/default/files/file/2026/03/Voting%20Minutes%203-26-26.docx.pdf,https://www.boston.gov/sites/default/files/file/2026/03/Voting%20Minutes%203-26-26.docx.pdf#page=11,11,11,29,[]
BLB-2026-03-26-036-transfer,BLB-2026-03-26,LB101940,LB-101940,False,2026-03-26,license_transfer,transfer_application_disposition,granted,Granted,True,,"Gray’s Liquors, Inc.",Oak Square Liquors,Shri Saibaba Corp,Oak Square Liquors,"Gray’s Liquors, Inc.",,"610 Washington St, Brighton, MA 02135","610 Washington St, Brighton, MA 02135",https://www.boston.gov/sites/default/files/file/2026/03/Voting%20Minutes%203-26-26.docx.pdf,https://www.boston.gov/sites/default/files/file/2026/03/Voting%20Minutes%203-26-26.docx.pdf#page=11,11,11,29,[]
BLB-2026-03-26-038-transfer,BLB-2026-03-26,LB99391,LB-99391,False,2026-03-26,license_transfer,transfer_application_disposition,granted,Granted,True,,"Namaha Capital, LLC",Basile- Fine Italian Kitchen,"200 Boylston Street Restaurant, LLC",,"Namaha Capital, LLC",,"162 Columbus Ave, Boston, MA 02116","200 Boylston St, Boston, MA 02116",https://www.boston.gov/sites/default/files/file/2026/03/Voting%20Minutes%203-26-26.docx.pdf,https://www.boston.gov/sites/default/files/file/2026/03/Voting%20Minutes%203-26-26.docx.pdf#page=11,11,11,31,[]
BLB-2026-03-26-039-transfer,BLB-2026-03-26,LB98926,LB-98926,False,2026-03-26,license_transfer,transfer_application_disposition,granted,Granted,True,,"Powder Dry, Inc.",Leader Bank Pavilion,"Legends Music, LLC",Leader Bank Pavilion,"Powder Dry, Inc.",,"290 Northern Ave, Boston, MA 02210","290 Northern Ave, Boston, MA 02210",https://www.boston.gov/sites/default/files/file/2026/03/Voting%20Minutes%203-26-26.docx.pdf,https://www.boston.gov/sites/default/files/file/2026/03/Voting%20Minutes%203-26-26.docx.pdf#page=12,12,12,32,[]
BLB-2026-03-26-040-transfer,BLB-2026-03-26,LB99536,LB-99536,False,2026-03-26,license_transfer,transfer_application_disposition,granted,Granted,True,,"Olives, Inc.",Figs,Picklebos Charlestown LLC,Picklebos,"Olives, Inc.",,"42 Charles St, Boston, MA 02108","440 Rutherford Ave, Boston, MA 02129",https://www.boston.gov/sites/default/files/file/2026/03/Voting%20Minutes%203-26-26.docx.pdf,https://www.boston.gov/sites/default/files/file/2026/03/Voting%20Minutes%203-26-26.docx.pdf#page=12,12,12,33,[]
BLB-2026-03-26-041-transfer,BLB-2026-03-26,LB99537,LB-99537,False,2026-03-26,license_transfer,transfer_application_disposition,granted,Granted,True,,AOB Corp,L Street Diner & Pizzeria,Ballers Boston Seaport LLC,Ballers,AOB Corp.,,"108 L St, Boston, MA 02127","25 Pier 4 Blvd, Boston, MA 02210",https://www.boston.gov/sites/default/files/file/2026/03/Voting%20Minutes%203-26-26.docx.pdf,https://www.boston.gov/sites/default/files/file/2026/03/Voting%20Minutes%203-26-26.docx.pdf#page=13,13,13,34,"[""Transferor heading is 'AOB Corp.'; transfer clause identifies 'AOB Corp'.""]"
BLB-2026-03-26-042-transfer,BLB-2026-03-26,LB99739,LB-99739,False,2026-03-26,license_transfer,transfer_application_disposition,granted,Granted,True,,"Regina Pizzeria at Fenway, Inc.",Regina Pizzeria,"AV 330 Washington, LLC",All’ Antico Vinaio,"Regina Pizzeria at Fenway, Inc.",,"1330 Boylston St, Boston, MA 02215","330 Washington St, Boston, MA 02108",https://www.boston.gov/sites/default/files/file/2026/03/Voting%20Minutes%203-26-26.docx.pdf,https://www.boston.gov/sites/default/files/file/2026/03/Voting%20Minutes%203-26-26.docx.pdf#page=13,13,13,35,[]
BLB-2026-03-26-078-transfer,BLB-2026-03-26,LB99726,LB-99726,False,2026-03-26,license_transfer,transfer_application_disposition,granted,Granted,True,,Dolce Fumo Restaurant Group Corp.,,Little Black Dress LLC,Little Black Dress Restaurant,"The Board deferred the following pending resolution of active litigation, in which a court order has",,"71-73 Salem St, Boston MA 02113","13-15 West St, Boston, MA 02111",https://www.boston.gov/sites/default/files/file/2026/03/Voting%20Minutes%203-26-26.docx.pdf,https://www.boston.gov/sites/default/files/file/2026/03/Voting%20Minutes%203-26-26.docx.pdf#page=25,25,25,5,"[""Transferor heading is 'The Board deferred the following pending resolution of active litigation, in which a court order has'; transfer clause identifies 'Dolce Fumo Restaurant Group Corp.'.""]"
BLB-2026-04-09-034-transfer,BLB-2026-04-09,LB101621,LB-101621,False,2026-04-09,license_transfer,transfer_application_disposition,granted,Granted,True,,Remington Boston Employers LLC,Hilton Boston Back Bay,"Highgate Hotels, LP",Hilton Boston Back Bay,Remington Boston Employers LLC,,"40 Dalton St, Boston, MA 02115","40 Dalton St, Boston, MA 02115",https://www.boston.gov/sites/default/files/file/2026/04/Voting%20Minutes%204-9-26.docx.pdf,https://www.boston.gov/sites/default/files/file/2026/04/Voting%20Minutes%204-9-26.docx.pdf#page=10,10,10,23,[]
BLB-2026-04-09-035-transfer,BLB-2026-04-09,LB99567,LB-99567,False,2026-04-09,license_transfer,transfer_application_disposition,granted,Granted,True,,Thaitation LLC.,Thaitation,Hanmaru Corporation,Hanmaru,Thaitation LLC,,129 Jersey St. Boston MA 02215,"168-170 Harvard Ave. Allston, MA 02134",https://www.boston.gov/sites/default/files/file/2026/04/Voting%20Minutes%204-9-26.docx.pdf,https://www.boston.gov/sites/default/files/file/2026/04/Voting%20Minutes%204-9-26.docx.pdf#page=10,10,10,24,"[""Transferor heading is 'Thaitation LLC'; transfer clause identifies 'Thaitation LLC.'.""]"
BLB-2026-04-30-020-pledge,BLB-2026-04-30,LB101620,LB-101620,False,2026-04-30,license_pledge,pledge_application_disposition,granted,Granted,True,,,,,,"39 Dalton License, LLC",SMA Investments I Seller LLC,"39 Dalton St, Boston, MA 02199",,https://www.boston.gov/sites/default/files/file/2026/04/Voting%20Agenda%204-30-26.pdf,https://www.boston.gov/sites/default/files/file/2026/04/Voting%20Agenda%204-30-26.pdf#page=7,7,7,10,[]
BLB-2026-04-30-021-pledge,BLB-2026-04-30,LB99317,LB-99317,False,2026-04-30,license_pledge,pledge_application_disposition,granted,Granted,True,,,,,,"Tavern Road, Inc.","343 Congress Propco, LLC","343 Congress St, Boston, MA 02210",,https://www.boston.gov/sites/default/files/file/2026/04/Voting%20Agenda%204-30-26.pdf,https://www.boston.gov/sites/default/files/file/2026/04/Voting%20Agenda%204-30-26.pdf#page=7,7,7,11,[]
BLB-2026-05-07-011-transfer,BLB-2026-05-07,LB99454,LB-99454,False,2026-05-07,license_transfer,transfer_application_disposition,granted,Granted,True,,"The Back Deck, Inc.",French Quarter,"545 Washington, LLC",SEVEN Restaurant & Cocktail Lounge,"The Back Deck, Inc.",,"545 Washington St, Boston, MA 02111","545 Washington St, Boston, MA 02111",https://www.boston.gov/sites/default/files/file/2026/05/5-7-26%20Minutes_0.pdf,https://www.boston.gov/sites/default/files/file/2026/05/5-7-26%20Minutes_0.pdf#page=4,4,4,11,[]
BLB-2026-05-07-012-transfer,BLB-2026-05-07,LB99175,LB-99175,False,2026-05-07,license_transfer,transfer_application_disposition,granted,"Granted, with a patio closing hour of 10:00 PM",True,,"Upper Spectacle, LLC",Hook + Line,Himmel Seaport Restaurant LLC,Le Boulevard,"Upper Spectacle, LLC",,"10 Fan Pier Blvd, Boston, MA 02210","10 Fan Pier Blvd, Boston, MA 02210",https://www.boston.gov/sites/default/files/file/2026/05/5-7-26%20Minutes_0.pdf,https://www.boston.gov/sites/default/files/file/2026/05/5-7-26%20Minutes_0.pdf#page=4,4,4,12,[]
BLB-2026-05-07-013-transfer,BLB-2026-05-07,LB99155,LB-99155,False,2026-05-07,license_transfer,transfer_application_disposition,granted,Granted,True,,"Galleon Ventures, Inc.",,"First Street Distillers, LLC",King Bee,"Galleon Ventures, Inc.",,"134-140 Smith St, Boston, MA 02120","202 W. First Street, Boston, MA 02127",https://www.boston.gov/sites/default/files/file/2026/05/5-7-26%20Minutes_0.pdf,https://www.boston.gov/sites/default/files/file/2026/05/5-7-26%20Minutes_0.pdf#page=5,5,5,13,[]
BLB-2026-05-21-022-pledge,BLB-2026-05-21,LB599551,LB-599551,False,2026-05-21,license_pledge,pledge_application_disposition,granted,Granted,True,,,,,,The Comfort Collective LLC,Eastern Bank,"100 Western Ave, Allston, MA 02134",,https://www.boston.gov/sites/default/files/file/2026/05/Voting%20Minutes%205-21-26.docx.pdf,https://www.boston.gov/sites/default/files/file/2026/05/Voting%20Minutes%205-21-26.docx.pdf#page=7,7,7,5,[]
BLB-2026-05-21-025-pledge,BLB-2026-05-21,LB434282,LB-434282,False,2026-05-21,license_pledge,pledge_application_disposition,granted,Granted,True,,,,,,Blue Hills Liquors Inc.,Rockland Trust Company,"950 American Legion Hwy, Hyde Park, MA 02136",,https://www.boston.gov/sites/default/files/file/2026/05/Voting%20Minutes%205-21-26.docx.pdf,https://www.boston.gov/sites/default/files/file/2026/05/Voting%20Minutes%205-21-26.docx.pdf#page=8,8,8,8,[]
BLB-2026-05-21-031-pledge,BLB-2026-05-21,LB99186,LB-99186,False,2026-05-21,license_pledge,pledge_application_disposition,granted,Granted,True,,,,,,Oxford Hotels and Resorts LLC,Athene Annuity and Life Company,"505 Washington St, Boston, MA 0211",,https://www.boston.gov/sites/default/files/file/2026/05/Voting%20Minutes%205-21-26.docx.pdf,https://www.boston.gov/sites/default/files/file/2026/05/Voting%20Minutes%205-21-26.docx.pdf#page=10,10,10,14,[]
BLB-2026-05-21-031-transfer,BLB-2026-05-21,LB99186,LB-99186,False,2026-05-21,license_transfer,transfer_application_disposition,granted,Granted,True,,Oxford Hotels and Resorts LLC,The Godfrey Hotel,"Dean BC Propco, LLC",The Godfrey Hotel Boston,Oxford Hotels and Resorts LLC,,"505 Washington St, Boston, MA 0211","505 Washington St, Boston, MA 0211",https://www.boston.gov/sites/default/files/file/2026/05/Voting%20Minutes%205-21-26.docx.pdf,https://www.boston.gov/sites/default/files/file/2026/05/Voting%20Minutes%205-21-26.docx.pdf#page=10,10,10,14,[]
BLB-2026-05-21-032-pledge,BLB-2026-05-21,LB98973,LB-98973,False,2026-05-21,license_pledge,pledge_application_disposition,granted,Granted,True,,,,,,BDGA LLC,Canal Plaza LLC,"69 Canal St, Boston, MA 02114",,https://www.boston.gov/sites/default/files/file/2026/05/Voting%20Minutes%205-21-26.docx.pdf,https://www.boston.gov/sites/default/files/file/2026/05/Voting%20Minutes%205-21-26.docx.pdf#page=10,10,10,15,"[""Source uses 'transfer the licensed business' in an alcoholic-beverages license-holder petition.""]"
BLB-2026-05-21-032-transfer,BLB-2026-05-21,LB98973,LB-98973,False,2026-05-21,license_transfer,transfer_application_disposition,granted,Granted,True,,BDGA LLC,,BB Fusion Lounge Inc.,Black Bamboo,BDGA LLC,,"69 Canal St, Boston, MA 02114","69 Canal St, Boston, MA 02114",https://www.boston.gov/sites/default/files/file/2026/05/Voting%20Minutes%205-21-26.docx.pdf,https://www.boston.gov/sites/default/files/file/2026/05/Voting%20Minutes%205-21-26.docx.pdf#page=10,10,10,15,"[""Source uses 'transfer the licensed business' in an alcoholic-beverages license-holder petition.""]"
BLB-2026-05-21-033-pledge,BLB-2026-05-21,LB99816,LB-99816,False,2026-05-21,license_pledge,pledge_application_disposition,granted,Granted,True,,,,,,Zazibar Corp,Seaport B/C Retail Owner LLC,"60 Seaport Bl, Boston, MA 02210",,https://www.boston.gov/sites/default/files/file/2026/05/Voting%20Minutes%205-21-26.docx.pdf,https://www.boston.gov/sites/default/files/file/2026/05/Voting%20Minutes%205-21-26.docx.pdf#page=11,11,11,16,[]
BLB-2026-05-21-033-transfer,BLB-2026-05-21,LB99816,LB-99816,False,2026-05-21,license_transfer,transfer_application_disposition,granted,Granted,True,,Zazibar Corp,ZaZiBar,Bloom Seaport LLC,Bloom,Zazibar Corp,,"60 Seaport Bl, Boston, MA 02210","60 Seaport Bl, Boston, MA 02210",https://www.boston.gov/sites/default/files/file/2026/05/Voting%20Minutes%205-21-26.docx.pdf,https://www.boston.gov/sites/default/files/file/2026/05/Voting%20Minutes%205-21-26.docx.pdf#page=11,11,11,16,[]
BLB-2026-05-21-034-transfer,BLB-2026-05-21,LB98927,LB-98927,False,2026-05-21,license_transfer,transfer_application_disposition,granted,Granted,True,,ARE-15 Necco TRS Holding LLC,,"Hawksmoor Boston, Inc",Hawksmoor Boston,ARE-15 Necco TRS Holding LLC,,"15 Necco St, Boston, MA 02210","15 Necco St, Boston, MA 02210",https://www.boston.gov/sites/default/files/file/2026/05/Voting%20Minutes%205-21-26.docx.pdf,https://www.boston.gov/sites/default/files/file/2026/05/Voting%20Minutes%205-21-26.docx.pdf#page=11,11,11,17,"[""Source uses 'transfer the licensed business' in an alcoholic-beverages license-holder petition."", ""Transferee follows 'from the above -' without a To: marker; extracted from that explicit clause.""]"
BLB-2026-05-21-035-transfer,BLB-2026-05-21,LB99586,LB-99586,False,2026-05-21,license_transfer,transfer_application_disposition,granted,Granted,True,,"Safar Coiffures, Inc.",Safar Salon Boston,"Hugo & Co Holding, LLC",Hugo & Co,Safar Coiffures Inc.,,"235 Newbury St, Boston, MA 02116","40 W. Third St, South Boston, MA 02127",https://www.boston.gov/sites/default/files/file/2026/05/Voting%20Minutes%205-21-26.docx.pdf,https://www.boston.gov/sites/default/files/file/2026/05/Voting%20Minutes%205-21-26.docx.pdf#page=12,12,12,18,"[""Transferor heading is 'Safar Coiffures Inc.'; transfer clause identifies 'Safar Coiffures, Inc.'.""]"
BLB-2026-06-04-017-pledge,BLB-2026-06-04,LB101652,LB-101652,False,2026-06-04,license_pledge,pledge_application_disposition,granted,Granted,True,,,,,,CJ Washington Street LLC,KeyBank National Association,"821 Washington St, Boston, MA 02116",,https://www.boston.gov/sites/default/files/file/2026/06/Voting%20Minutes%206-4-26.docx.pdf,https://www.boston.gov/sites/default/files/file/2026/06/Voting%20Minutes%206-4-26.docx.pdf#page=5,5,5,17,[]
BLB-2026-06-04-027-transfer,BLB-2026-06-04,LB202298,LB-202298,False,2026-06-04,license_transfer,transfer_application_disposition,granted,Granted,True,,Buhdtx LLC,Boston Chops,Exchange Hospitality LLC,The Exchange,Buhdtx LLC,,"52 Temple Place, Boston, MA 02111","52 Temple Place, Boston, MA 02111",https://www.boston.gov/sites/default/files/file/2026/06/Voting%20Minutes%206-4-26.docx.pdf,https://www.boston.gov/sites/default/files/file/2026/06/Voting%20Minutes%206-4-26.docx.pdf#page=9,9,9,27,[]
BLB-2026-06-04-028-pledge,BLB-2026-06-04,LB102056,LB-102056,False,2026-06-04,license_pledge,pledge_application_disposition,granted,Granted,True,,,,,,G&V Brighton Mart Inc.,Rockland Trust Company,"62 Washington St, Brighton, MA 02135",,https://www.boston.gov/sites/default/files/file/2026/06/Voting%20Minutes%206-4-26.docx.pdf,https://www.boston.gov/sites/default/files/file/2026/06/Voting%20Minutes%206-4-26.docx.pdf#page=9,9,9,28,"[""Source uses 'transfer the licensed business' in an alcoholic-beverages license-holder petition.""]"
BLB-2026-06-04-028-transfer,BLB-2026-06-04,LB102056,LB-102056,False,2026-06-04,license_transfer,transfer_application_disposition,granted,Granted,True,,G&V Brighton Mart Inc.,Babushka Deli,Babushka Market & Liquor Corp.,Babushka Deli,G&V Brighton Mart Inc.,,"62 Washington St, Brighton, MA 02135","62 Washington St, Brighton, MA 02135",https://www.boston.gov/sites/default/files/file/2026/06/Voting%20Minutes%206-4-26.docx.pdf,https://www.boston.gov/sites/default/files/file/2026/06/Voting%20Minutes%206-4-26.docx.pdf#page=9,9,9,28,"[""Source uses 'transfer the licensed business' in an alcoholic-beverages license-holder petition.""]"
BLB-2026-06-04-029-transfer,BLB-2026-06-04,LB457700,LB-457700,False,2026-06-04,license_transfer,transfer_application_disposition,granted,Granted,True,,"Mello Vibez Restaurant, LLC",,"South Station Office & Retail FB Services, LLC","The Moseley/Proper Fare,",Mello Vibez Restaurant LLC,,"473 River St, Boston, MA 02126","680 Atlantic Ave, Boston, MA 02210",https://www.boston.gov/sites/default/files/file/2026/06/Voting%20Minutes%206-4-26.docx.pdf,https://www.boston.gov/sites/default/files/file/2026/06/Voting%20Minutes%206-4-26.docx.pdf#page=10,10,10,29,"[""Transferor heading is 'Mello Vibez Restaurant LLC'; transfer clause identifies 'Mello Vibez Restaurant, LLC'.""]"
BLB-2026-06-04-030-transfer,BLB-2026-06-04,LB99652,LB-99652,False,2026-06-04,license_transfer,transfer_application_disposition,granted,Granted,True,,"Seaport 50 Hospitality, LLC",Tacos El Chikis,Broad Rest 125 LLC,125,Seaport 50 Hospitality LLC,,"50 Northern Ave, Boston, MA 02210","125 Broad St, Boston, MA 02110",https://www.boston.gov/sites/default/files/file/2026/06/Voting%20Minutes%206-4-26.docx.pdf,https://www.boston.gov/sites/default/files/file/2026/06/Voting%20Minutes%206-4-26.docx.pdf#page=10,10,10,30,"[""Transferor heading is 'Seaport 50 Hospitality LLC'; transfer clause identifies 'Seaport 50 Hospitality, LLC'.""]"
BLB-2026-06-25-039-pledge,BLB-2026-06-25,LB98902,LB-98902,False,2026-06-25,license_pledge,pledge_application_disposition,granted,Granted,True,,,,,,Mile 22 Inc.,Tru-North Bank,"1958-1969 Beacon St, Brighton, MA 02135",,https://www.boston.gov/sites/default/files/file/2026/06/Voting%20Minutes%206-25-26.docx.pdf,https://www.boston.gov/sites/default/files/file/2026/06/Voting%20Minutes%206-25-26.docx.pdf#page=11,11,11,20,[]
BLB-2026-06-25-047-transfer,BLB-2026-06-25,LB99314,LB-99314,False,2026-06-25,license_transfer,transfer_application_disposition,granted,Granted,True,,A&B Burgers - Causeway LLC,A&B Burgers,"Sport & Leisure Boston, LLC",Sport & Leisure,A&B Burgers - Causeway LLC,,"101 Beverly St, Boston, MA 02114","101 Beverly St, Boston, MA 02114",https://www.boston.gov/sites/default/files/file/2026/06/Voting%20Minutes%206-25-26.docx.pdf,https://www.boston.gov/sites/default/files/file/2026/06/Voting%20Minutes%206-25-26.docx.pdf#page=14,14,14,28,[]
BLB-2026-06-25-048-pledge,BLB-2026-06-25,LB99248,LB-99248,False,2026-06-25,license_pledge,pledge_application_disposition,granted,Granted,True,,,,,,"Mission Hill Hospitality, LLC",MH Tremont LLC,"1619 Tremont St, Mission Hill, MA 02120",,https://www.boston.gov/sites/default/files/file/2026/06/Voting%20Minutes%206-25-26.docx.pdf,https://www.boston.gov/sites/default/files/file/2026/06/Voting%20Minutes%206-25-26.docx.pdf#page=14,14,14,29,[]
BLB-2026-06-25-048-transfer,BLB-2026-06-25,LB99248,LB-99248,False,2026-06-25,license_transfer,transfer_application_disposition,granted,Granted,True,,"Mission Hill Hospitality, LLC",Yellow Door Taqueria-Mission Hill,BUPRIVA 1619 LLC,Flann O'Brien's,"Mission Hill Hospitality, LLC",,"1619 Tremont St, Mission Hill, MA 02120","1619 Tremont St, Mission Hill, MA 02120",https://www.boston.gov/sites/default/files/file/2026/06/Voting%20Minutes%206-25-26.docx.pdf,https://www.boston.gov/sites/default/files/file/2026/06/Voting%20Minutes%206-25-26.docx.pdf#page=14,14,14,29,[]
BLB-2026-06-25-049-pledge,BLB-2026-06-25,LB99194,LB-99194,False,2026-06-25,license_pledge,pledge_application_disposition,granted,Granted,True,,,,,,Brasserie 560 LLC,"Brasserie 560, LLC","560 Harrison Ave, Roxbury, MA 02118",,https://www.boston.gov/sites/default/files/file/2026/06/Voting%20Minutes%206-25-26.docx.pdf,https://www.boston.gov/sites/default/files/file/2026/06/Voting%20Minutes%206-25-26.docx.pdf#page=15,15,15,30,[]
BLB-2026-06-25-049-transfer,BLB-2026-06-25,LB99194,LB-99194,False,2026-06-25,license_transfer,transfer_application_disposition,granted,Granted,True,,Brasserie 560 LLC,Brasserie,"560 Harrison Ave., LLC",,Brasserie 560 LLC,,"560 Harrison Ave, Roxbury, MA 02118","560 Harrison Ave, Roxbury, MA 02118",https://www.boston.gov/sites/default/files/file/2026/06/Voting%20Minutes%206-25-26.docx.pdf,https://www.boston.gov/sites/default/files/file/2026/06/Voting%20Minutes%206-25-26.docx.pdf#page=15,15,15,30,[]
BLB-2026-06-25-051-transfer,BLB-2026-06-25,LB99332,LB-99332,False,2026-06-25,license_transfer,transfer_application_disposition,granted,Granted,True,,"FM Restaurants Signature, LLC",SOL Mexican Cocina,La Petite Maison Boston LLC,"LPM Restaurant & Bar,","FM Restaurants Signature OpCo, LLC",,"116 Huntington Ave, Boston, MA, 02116","1 Dalton St, Boston, MA 02199",https://www.boston.gov/sites/default/files/file/2026/06/Voting%20Minutes%206-25-26.docx.pdf,https://www.boston.gov/sites/default/files/file/2026/06/Voting%20Minutes%206-25-26.docx.pdf#page=17,17,17,32,"[""Transferor heading is 'FM Restaurants Signature OpCo, LLC'; transfer clause identifies 'FM Restaurants Signature, LLC'.""]"
BLB-2026-06-25-052-transfer,BLB-2026-06-25,LB99804,LB-99804,False,2026-06-25,license_transfer,transfer_application_disposition,granted,Granted,True,,"KLK, Inc.",Ten Tables,"Proctor Restaurant Enterprise, Inc.",LuXXor/The Bloom Room,"KLK, Inc.",,"597 Centre St, Jamaica Plain, MA 02130","28-30 Kingston St, Boston, MA 02111",https://www.boston.gov/sites/default/files/file/2026/06/Voting%20Minutes%206-25-26.docx.pdf,https://www.boston.gov/sites/default/files/file/2026/06/Voting%20Minutes%206-25-26.docx.pdf#page=17,17,17,33,[]
BLB-2026-07-16-024-pledge,BLB-2026-07-16,LB99391,LB-99391,False,2026-07-16,license_pledge,pledge_application_disposition,granted,Granted,True,,,,,,"200 Boylston Street Restaurant, LLC","FSH Boylston, Inc","200 Boylston St, Boston, MA 02116",,https://www.boston.gov/sites/default/files/file/2026/07/Voting%20Minutes%207-16-26.docx.pdf,https://www.boston.gov/sites/default/files/file/2026/07/Voting%20Minutes%207-16-26.docx.pdf#page=8,8,8,16,[]
BLB-2026-07-16-033-pledge,BLB-2026-07-16,LB101900,LB-101900,False,2026-07-16,license_pledge,pledge_application_disposition,granted,Granted,True,,,,,,"Kelly’s Liquor Mart, Inc.",NND Capital Partners LLC,"871-873 Hyde Park Ave, Hyde Park, MA 02136",,https://www.boston.gov/sites/default/files/file/2026/07/Voting%20Minutes%207-16-26.docx.pdf,https://www.boston.gov/sites/default/files/file/2026/07/Voting%20Minutes%207-16-26.docx.pdf#page=10,10,10,25,[]
BLB-2026-07-16-033-transfer,BLB-2026-07-16,LB101900,LB-101900,False,2026-07-16,license_transfer,transfer_application_disposition,granted,Granted,True,,"Kelly’s Liquor Mart, Inc.",Kelly’s Liquor Mart,Hanuanta Corporation,Kelly’s Liquor Mart,"Kelly’s Liquor Mart, Inc.",,"871-873 Hyde Park Ave, Hyde Park, MA 02136","871-873 Hyde Park Ave, Hyde Park, MA 02136",https://www.boston.gov/sites/default/files/file/2026/07/Voting%20Minutes%207-16-26.docx.pdf,https://www.boston.gov/sites/default/files/file/2026/07/Voting%20Minutes%207-16-26.docx.pdf#page=10,10,10,25,[]
BLB-2026-07-16-034-transfer,BLB-2026-07-16,LB99153,LB-99153,False,2026-07-16,license_transfer,transfer_application_disposition,granted,Granted,True,,21 Merchants Row Corporation,Clarke’s,MerchRow LLC,,21 Merchants Row Corporation,,"21 Merchants Row, Boston, MA 02109","21 Merchants Row, Boston, MA 02109",https://www.boston.gov/sites/default/files/file/2026/07/Voting%20Minutes%207-16-26.docx.pdf,https://www.boston.gov/sites/default/files/file/2026/07/Voting%20Minutes%207-16-26.docx.pdf#page=10,10,10,26,[]
BLB-2026-07-16-035-pledge,BLB-2026-07-16,LB101581,LB-101581,False,2026-07-16,license_pledge,pledge_application_disposition,granted,Granted,True,,,,,,149 Charles Pub LLC,"147 Charles Holdings, LLC","149 Charles St, Boston, MA 02114",,https://www.boston.gov/sites/default/files/file/2026/07/Voting%20Minutes%207-16-26.docx.pdf,https://www.boston.gov/sites/default/files/file/2026/07/Voting%20Minutes%207-16-26.docx.pdf#page=11,11,11,27,[]
BLB-2026-07-16-035-transfer,BLB-2026-07-16,LB101581,LB-101581,False,2026-07-16,license_transfer,transfer_application_disposition,granted,Granted,True,,149 Charles Pub LLC,Charles Street Pub,"Charles Publican, LLC",Harry Hare’s,149 Charles Pub LLC,,"149 Charles St, Boston, MA 02114","149 Charles St, Boston, MA 02114",https://www.boston.gov/sites/default/files/file/2026/07/Voting%20Minutes%207-16-26.docx.pdf,https://www.boston.gov/sites/default/files/file/2026/07/Voting%20Minutes%207-16-26.docx.pdf#page=11,11,11,27,[]
BLB-2026-07-16-036-transfer,BLB-2026-07-16,LB99420,LB-99420,False,2026-07-16,license_transfer,transfer_application_disposition,granted,Granted,True,,"Somers Boston Restaurants, Inc.",Hennessy’s of Boston,"Himmel Seaport Bar, LLC",Bar 23,"Somers Boston Restaurants, Inc.",,"25 Union St, Boston, MA 02108","11 Fan Pier Blvd, Boston, MA 02210",https://www.boston.gov/sites/default/files/file/2026/07/Voting%20Minutes%207-16-26.docx.pdf,https://www.boston.gov/sites/default/files/file/2026/07/Voting%20Minutes%207-16-26.docx.pdf#page=11,11,11,28,[]
BLB-2026-08-06-035-transfer,BLB-2026-08-06,LB99440,LB-99440,False,2026-08-06,license_transfer,transfer_application_disposition,granted,Granted,True,,"IWJ Restaurant Group, Inc.",Society on High,Clover Ventures III LLC,,"IWJ Restaurant Group, Inc.",,"99 High St, Boston, Ma 02110","99 High St, Boston, Ma 02110",https://www.boston.gov/sites/default/files/file/2026/08/Voting%20Agenda%208-6-26.docx_0.pdf,https://www.boston.gov/sites/default/files/file/2026/08/Voting%20Agenda%208-6-26.docx_0.pdf#page=12,12,12,25,[]
BLB-2026-08-06-036-transfer,BLB-2026-08-06,LB99763,LB-99763,False,2026-08-06,license_transfer,transfer_application_disposition,granted,Granted,True,,"Dynasty Restaurant, Inc.",Dynasty Restaurant,"Zth Enterprises, Inc.",Dynasty Restaurant,"Dynasty Restaurant, Inc.",,"14 Hudson St, Boston, MA 02111","16 Hudson St, Boston, MA 02111",https://www.boston.gov/sites/default/files/file/2026/08/Voting%20Agenda%208-6-26.docx_0.pdf,https://www.boston.gov/sites/default/files/file/2026/08/Voting%20Agenda%208-6-26.docx_0.pdf#page=13,13,13,26,[]
BLB-2026-08-06-037-pledge,BLB-2026-08-06,LB99810,LB-99810,False,2026-08-06,license_pledge,pledge_application_disposition,granted,Granted,True,,,,,,"Wagamama Boston One, LLC",M& T Bank,"200-299 Faneuil Hall Marketplace, Boston, MA 02109",,https://www.boston.gov/sites/default/files/file/2026/08/Voting%20Agenda%208-6-26.docx_0.pdf,https://www.boston.gov/sites/default/files/file/2026/08/Voting%20Agenda%208-6-26.docx_0.pdf#page=13,13,13,27,[]
BLB-2026-08-06-037-transfer,BLB-2026-08-06,LB99810,LB-99810,False,2026-08-06,license_transfer,transfer_application_disposition,granted,Granted,True,,"Wagamama Boston One, LLC",Wagamama,SBCS LLC,Piccolino,"Wagamama Boston One, LLC",,"200-299 Faneuil Hall Marketplace, Boston, MA 02109","236 Dorchester St, Boston, MA 02127",https://www.boston.gov/sites/default/files/file/2026/08/Voting%20Agenda%208-6-26.docx_0.pdf,https://www.boston.gov/sites/default/files/file/2026/08/Voting%20Agenda%208-6-26.docx_0.pdf#page=13,13,13,27,[]
BLB-2026-08-06-038-pledge,BLB-2026-08-06,LB99788,LB-99788,False,2026-08-06,license_pledge,pledge_application_disposition,granted,Granted,True,,,,,,"UMNVAG Kenmore, LLC",UMNVAG Kenmore LLC,"512 Commonwealth Ave, Boston, MA 02215",,https://www.boston.gov/sites/default/files/file/2026/08/Voting%20Agenda%208-6-26.docx_0.pdf,https://www.boston.gov/sites/default/files/file/2026/08/Voting%20Agenda%208-6-26.docx_0.pdf#page=14,14,14,28,"[""Transferor heading is 'UMNVAG Kenmore, LLC'; transfer clause identifies 'UMNVAG Kenmore LLC'.""]"
BLB-2026-08-06-038-transfer,BLB-2026-08-06,LB99788,LB-99788,False,2026-08-06,license_transfer,transfer_application_disposition,granted,Granted,True,,UMNVAG Kenmore LLC,,Tuscan Kenmore LLC,,"UMNVAG Kenmore, LLC",,"512 Commonwealth Ave, Boston, MA 02215","528 Commonwealth Ave, Boston, MA 02215",https://www.boston.gov/sites/default/files/file/2026/08/Voting%20Agenda%208-6-26.docx_0.pdf,https://www.boston.gov/sites/default/files/file/2026/08/Voting%20Agenda%208-6-26.docx_0.pdf#page=14,14,14,28,"[""Transferor heading is 'UMNVAG Kenmore, LLC'; transfer clause identifies 'UMNVAG Kenmore LLC'.""]"
BLB-2026-08-27-018-pledge,BLB-2026-08-27,LB99215,LB-99215,False,2026-08-27,license_pledge,pledge_application_disposition,granted,Granted,True,,,,,,"BR Kenmore, LLC",FFUM Three LLC,"528 Commonwealth Av., Boston, MA 02215",,https://www.boston.gov/sites/default/files/file/2026/08/Voting%20Minutes%208-27-26.docx_0.pdf,https://www.boston.gov/sites/default/files/file/2026/08/Voting%20Minutes%208-27-26.docx_0.pdf#page=5,5,5,9,[]
BLB-2026-08-27-028-transfer,BLB-2026-08-27,LB99139,LB-99139,False,2026-08-27,license_transfer,transfer_application_disposition,granted,Granted,True,,"Union Oyster House, Inc.",Union Oyster House,"UOH Manager, LLC",Union Oyster House,"Union Oyster House, Inc.",,"20 Marshall St., Boston, MA 02108","20 Marshall St., Boston, MA 02108",https://www.boston.gov/sites/default/files/file/2026/08/Voting%20Minutes%208-27-26.docx_0.pdf,https://www.boston.gov/sites/default/files/file/2026/08/Voting%20Minutes%208-27-26.docx_0.pdf#page=9,9,9,19,[]
BLB-2026-08-27-029-transfer,BLB-2026-08-27,LB99342,LB-99342,False,2026-08-27,license_transfer,transfer_application_disposition,granted,Granted,True,,Broad Street Entertainment LLC,,"BOS IX, LLC",The Sports Bra Boston,Broad Street Entertainment LLC,,"1 India St., Boston, MA 02109","1 India St., Boston, MA 02109",https://www.boston.gov/sites/default/files/file/2026/08/Voting%20Minutes%208-27-26.docx_0.pdf,https://www.boston.gov/sites/default/files/file/2026/08/Voting%20Minutes%208-27-26.docx_0.pdf#page=9,9,9,20,[]
BLB-2026-08-27-030-transfer,BLB-2026-08-27,LB99148,LB-99148,False,2026-08-27,license_transfer,transfer_application_disposition,granted,Granted,True,,"Contilli’s, Inc.",Eddie C's,"The Spur Bar, LLC",,"Contilli’s, Inc.",,"34 Maverick Sq., East Boston, MA 02128","34 Maverick Sq., East Boston, MA 02128",https://www.boston.gov/sites/default/files/file/2026/08/Voting%20Minutes%208-27-26.docx_0.pdf,https://www.boston.gov/sites/default/files/file/2026/08/Voting%20Minutes%208-27-26.docx_0.pdf#page=10,10,10,21,[]
BLB-2026-09-03-019-transfer,BLB-2026-09-03,LB99557,LB-99557,False,2026-09-03,license_transfer,transfer_application_disposition,granted,Granted,True,,Pho Zabb Inc.,Pho Zabb,Boonmaroy LLC,Pho Zabb,Pho Zabb Inc.,,"1799 Commonwealth Av., Brighton, MA 02135","1799 Commonwealth Av., Brighton, MA 02135",https://www.boston.gov/sites/default/files/file/2026/09/Voting%20Minutes%209-3-26.docx.pdf,https://www.boston.gov/sites/default/files/file/2026/09/Voting%20Minutes%209-3-26.docx.pdf#page=6,6,6,12,[]
BLB-2026-09-03-020-transfer,BLB-2026-09-03,LB99583,LB-99583,False,2026-09-03,license_transfer,transfer_application_disposition,granted,Granted,True,,Greek Kitchen 1 LLC,Saloniki,Urban Soccer (Boston) LLC,UNLMTD SOCCER,Greek Kitchen 1 LLC,,"132 Brookline Av., Boston, MA 02215","4 Alger Street Boston, MA 02127",https://www.boston.gov/sites/default/files/file/2026/09/Voting%20Minutes%209-3-26.docx.pdf,https://www.boston.gov/sites/default/files/file/2026/09/Voting%20Minutes%209-3-26.docx.pdf#page=6,6,6,13,[]
