holder_id,business_name,holder_key,license_numbers,dbas,scope_classes,query,current_state,lapsed_state
BH-279739c9c88c0b43,100 SUMMER CLUB LLC,100SUMMERCLUBLLC,"[""LB-99772""]","[""ASSEMBLY ON 2""]","[""alcohol_license""]",100 SUMMER CLUB,complete,pending
BH-ae8a4d67d81f51f6,1010 Morrissey Corp.,1010MORRISSEYCORP,"[""LB-596016""]","[""Milkweed""]","[""alcohol_license""]",1010 Morrissey,complete,pending
BH-76f4301b7c079a1a,"107 SALEM RESTAURANT, INC.",107SALEMRESTAURANTINC,"[""LB-99204""]","[""BACCO""]","[""alcohol_license""]",107 SALEM RESTAURANT,pending,pending
BH-f6262a3e8ef3c389,10 City Square LLC,10CITYSQUARELLC,"[""LB-445992""]","[""Prima""]","[""alcohol_license""]",10 City Square,complete,pending
BH-a37d0e6fcfa94175,"10 HIGH STREET RESTAURANT, LLC",10HIGHSTREETRESTAURANTLLC,"[""LB-99101""]","[""SERAFINA""]","[""alcohol_license""]",10 HIGH STREET RESTAURANT,pending,pending
BH-002a9394ce7fda76,10 World Trade LHI LLC,10WORLDTRADELHILLC,"[""LB-99246""]","[""10 World Trade LHI LLC""]","[""alcohol_license""]",10 World Trade LHI,pending,pending
BH-b6ba6e1b9c60d141,110 Boulevard Restaurant LLC,110BOULEVARDRESTAURANTLLC,"[""LB-101573""]","[""110 Boulevard""]","[""alcohol_license""]",110 Boulevard Restaurant,pending,pending
BH-3c0b451c271d3b47,110 Grill SB Boston LLC,110GRILLSBBOSTONLLC,"[""LB-385719""]","[""110 Grill""]","[""alcohol_license""]",110 Grill SB Boston,pending,pending
BH-93f26873e8e5d119,"119 Salem Street, Inc.",119SALEMSTREETINC,"[""LB-99737""]","[""Ristorante Euno""]","[""alcohol_license""]",119 Salem Street,pending,pending
BH-3716fb3f93916dee,11 FAN PIER RESTAURANT LLC,11FANPIERRESTAURANTLLC,"[""LB-99292""]","[""SERAFINA""]","[""alcohol_license""]",11 FAN PIER RESTAURANT,pending,pending
BH-2bf5c95558b9d63b,121 Seaport Boulevard LLC,121SEAPORTBOULEVARDLLC,"[""LB-99800""]","[""Museum of Ice Cream""]","[""alcohol_license""]",121 Seaport Boulevard,pending,pending
BH-c2d93760e42a092f,1260 BOYLSTON STREET LLC,1260BOYLSTONSTREETLLC,"[""LB-99064""]","[""SOJOUBA""]","[""alcohol_license""]",1260 BOYLSTON STREET,pending,pending
BH-dce9e5a84dda135c,"132 BROOKLINE AVENUE, LLC",132BROOKLINEAVENUELLC,"[""LB-99669""]","[""SAL'S PIZZA""]","[""alcohol_license""]",132 BROOKLINE AVENUE,pending,pending
BH-59deed585bd5c4a2,"144 HARVARD STREET LIQUOR, INC.",144HARVARDSTREETLIQUORINC,"[""LB-101870""]","[""GIGI'S""]","[""alcohol_license""]",144 HARVARD STREET LIQUOR,complete,pending
BH-f7b380b90e066498,149 Charles Pub LLC,149CHARLESPUBLLC,"[""LB-101581""]","[""Charles Street Pub""]","[""alcohol_license""]",149 Charles Pub,pending,pending
BH-15155bfef7bbbfee,1508 TREMONT CORP,1508TREMONTCORP,"[""LB-156769""]",[],"[""alcohol_license""]",1508 TREMONT,pending,pending
BH-0916577d72bf066d,"150 CANAL STREET, INC.",150CANALSTREETINC,"[""LB-99229""]","[""Hurricane's""]","[""alcohol_license""]",150 CANAL STREET,pending,pending
BH-bfc82338cc247bb5,15 BEACON STREET LLC,15BEACONSTREETLLC,"[""LB-101651""]","[""XV BEACON HOTEL""]","[""alcohol_license""]",15 BEACON STREET,pending,pending
BH-50bb15974114d7ae,1704 WASHINGTON LLC,1704WASHINGTONLLC,"[""LB-99141""]","[""TORO""]","[""alcohol_license""]",1704 WASHINGTON,pending,pending
BH-db409cd895e8cb4a,"170, LLC",170LLC,"[""LB-99227""]","[""THE GRANARY TAVERN""]","[""alcohol_license""]",170,pending,pending
BH-8d045d730d3c3e2b,170 NORTHEND CORP.,170NORTHENDCORP,"[""LB-102015""]","[""SALEM MARKET""]","[""alcohol_license""]",170 NORTHEND,pending,pending
BH-9c084927ea0cbdd2,"1732 CENTRE STREET,INC.",1732CENTRESTREETINC,"[""LB-98979""]","[""WEST""]","[""alcohol_license""]","1732 CENTRE STREET,INC.",pending,pending
BH-8f16def69ae11ad9,"1750 Washington, Inc.",1750WASHINGTONINC,"[""LB-603690""]","[""Novo Lantern""]","[""alcohol_license""]",1750 Washington,pending,pending
BH-8525151034561222,"175 IPSWICH STREET, LLC",175IPSWICHSTREETLLC,"[""LB-99377""]",[],"[""alcohol_license""]",175 IPSWICH STREET,pending,pending
BH-df8f026d81732480,"1844, INC.",1844INC,"[""LB-99666""]","[""COMELLA'S""]","[""alcohol_license""]",1844,pending,pending
BH-c76f46bbe11a0cd8,186 HARVARD AVE BAR LLC,186HARVARDAVEBARLLC,"[""LB-99093""]","[""HAN""]","[""alcohol_license""]",186 HARVARD AVE BAR,pending,pending
BH-360aa4a4b623669c,"1885 CENTRE STREET, LLC",1885CENTRESTREETLLC,"[""LB-99374""]","[""Boston Ale House""]","[""alcohol_license""]",1885 CENTRE STREET,pending,pending
BH-22aca2dbf4bb3622,1928 BEACON HILL LLC,1928BEACONHILLLLC,"[""LB-99439""]","[""1928 BEACON HILL""]","[""alcohol_license""]",1928 BEACON HILL,pending,pending
BH-ab7772ca60d02fd3,"1928 Rowes Wharf,LLC",1928ROWESWHARFLLC,"[""LB-99452""]","[""1928 Rowes Wharf""]","[""alcohol_license""]","1928 Rowes Wharf,LLC",pending,pending
BH-26bfeaed5e96a958,"1 Lincoln TRS, LLC",1LINCOLNTRSLLC,"[""LB-98912""]",[],"[""alcohol_license""]",1 Lincoln TRS,pending,pending
BH-07b8ca688ca019f7,2000 CHEF FOOD CORP.,2000CHEFFOODCORP,"[""LB-99863""]","[""Nagomi""]","[""alcohol_license""]",2000 CHEF FOOD,pending,pending
BH-64da39186c62b552,"200 Boylston Street Restaurant, LLC",200BOYLSTONSTREETRESTAURANTLLC,"[""LB-99391""]",[],"[""alcohol_license""]",200 Boylston Street Restaurant,pending,pending
BH-ee4e012d27705277,204 Hanover Corp.,204HANOVERCORP,"[""LB-99580""]","[""North End Lobster Co.""]","[""alcohol_license""]",204 Hanover,pending,pending
BH-9aaa6488f1858d41,"20TEN ASHMONT MARKET, INC.",20TENASHMONTMARKETINC,"[""LB-101843""]",[],"[""alcohol_license""]",20TEN ASHMONT MARKET,pending,pending
BH-08d34c12c02c4704,"21ST, INC.",21STINC,"[""LB-98921""]","[""21ST. AMENDMENT""]","[""alcohol_license""]",21ST,pending,pending
BH-72a034718086a758,224 BOSTON RESTAURANT LLC,224BOSTONRESTAURANTLLC,"[""LB-99349""]","[""224 BOSTON""]","[""alcohol_license""]",224 BOSTON RESTAURANT,pending,pending
BH-604a2eb425d92993,24 NEW STREET RESTAURANT LLC,24NEWSTREETRESTAURANTLLC,"[""LB-202199""]","[""Reel House""]","[""alcohol_license""]",24 NEW STREET RESTAURANT,pending,pending
BH-8906136869521ba9,"250 Western, LLC",250WESTERNLLC,"[""LB-99426""]","[""FiDO Pizza""]","[""alcohol_license""]",250 Western,pending,pending
BH-74f0ab3474ac67cc,"253 FOOD AND SPIRIT, LLC",253FOODANDSPIRITLLC,"[""LB-99251""]","[""Nashvilles Ghost Light Tavern""]","[""alcohol_license""]",253 FOOD AND SPIRIT,pending,pending
BH-778be8f5e3b25ffc,"255 NEWBURY, INC.",255NEWBURYINC,"[""LB-128814""]","[""“La Neta” and “Sabina”""]","[""alcohol_license""]",255 NEWBURY,pending,pending
BH-90b13ca32ebb8095,280 Friend Street Fee LLC,280FRIENDSTREETFEELLC,"[""LB-303392""]","[""Hotel Indigo Boston""]","[""alcohol_license""]",280 Friend Street Fee,pending,pending
BH-4bf6fa36c9a5c29c,"286  CAMBRIDGE STREET, INC.",286CAMBRIDGESTREETINC,"[""LB-163200""]","[""ANTONIO'S""]","[""alcohol_license""]",286  CAMBRIDGE STREET,pending,pending
BH-6a8430af44c3e055,30 FLEET STREET CORPORATION,30FLEETSTREETCORPORATION,"[""LB-99714""]","[""LA SUMMA""]","[""alcohol_license""]",30 FLEET STREET,pending,pending
BH-63dfd58b1fde4aee,"30 TRAVELER, LLC",30TRAVELERLLC,"[""LB-99055""]","[""BAR MEZZANA""]","[""alcohol_license""]",30 TRAVELER,pending,pending
BH-b76c8f08775c7fd9,311 Bos Inc.,311BOSINC,"[""LB-99672""]","[""311 Omakase""]","[""alcohol_license""]",311 Bos,pending,pending
BH-d9fb273c43046dcf,"320 Cafe, LLC",320CAFELLC,"[""LB-396004""]","[""Joe's 320 Cafe""]","[""alcohol_license""]",320 Cafe,pending,pending
BH-1b8ee13c4b529e84,"326B, LLC",326BLLC,"[""LB-99005""]","[""Red Fox / Extra Dirty""]","[""alcohol_license""]",326B,pending,pending
BH-5098b1a4d3243eb0,"370 Western Ave Wild Duck, Inc.",370WESTERNAVEWILDDUCKINC,"[""LB-101945""]","[""The Wild Duck""]","[""alcohol_license""]",370 Western Ave Wild Duck,pending,pending
BH-75a177bdfaa1d841,"378 CENTRE STREET, INC.",378CENTRESTREETINC,"[""LB-98982""]","[""THE BRENDAN BEHAN PUB""]","[""alcohol_license""]",378 CENTRE STREET,pending,pending
BH-af064f1709ebfe53,"383 Lot, LLC",383LOTLLC,"[""LB-99825""]","[""Park City""]","[""alcohol_license""]",383 Lot,pending,pending
BH-21758b112b9b01a5,39 Dalton License LLC,39DALTONLICENSELLC,"[""LB-101620""]","[""Sheraton""]","[""alcohol_license""]",39 Dalton License,pending,pending
BH-50998827342515e1,3W&Z CORP.,3WZCORP,"[""LB-99589""]","[""TAIWAN CAFE""]","[""alcohol_license""]",3W&Z,pending,pending
BH-e76404428192b837,"418RE-One Appleton, LLC",418REONEAPPLETONLLC,"[""LB-99116""]","[""Reunion BBQ""]","[""alcohol_license""]",418RE-One Appleton,pending,pending
BH-f0522738a3715c4c,"425 BROADWAY, LLC",425BROADWAYLLC,"[""LB-99049""]",[],"[""alcohol_license""]",425 BROADWAY,pending,pending
BH-e968cded3c7302cc,429 Broadway LLC,429BROADWAYLLC,"[""LB-99242""]","[""Dalia""]","[""alcohol_license""]",429 Broadway,pending,pending
BH-772dae61be318dff,"443 BROADWAY, LLC",443BROADWAYLLC,"[""LB-99447""]","[""CAPO""]","[""alcohol_license""]",443 BROADWAY,pending,pending
BH-2d3e1e6a61531a64,"47 HUNTINGTON MANAGER, LLC",47HUNTINGTONMANAGERLLC,"[""LB-101627""]","[""COPLEY SQUARE HOTEL""]","[""alcohol_license""]",47 HUNTINGTON MANAGER,pending,pending
BH-d451df6cc8af2433,"490 Harrison Restaurant, LLC",490HARRISONRESTAURANTLLC,"[""LB-595024""]","[""Capri""]","[""alcohol_license""]",490 Harrison Restaurant,pending,pending
BH-cf6fe8fde05dae61,51 Liberty Drive LLC,51LIBERTYDRIVELLC,"[""LB-99280""]","[""DAVIO'S NORTHERN ITALIAN STEAKHOUSE""]","[""alcohol_license""]",51 Liberty Drive,pending,pending
BH-e137ee6c0097768a,"545 Washington, LLC",545WASHINGTONLLC,"[""LB-99454""]","[""SEVEN Restaurant & Cocktail Lounge""]","[""alcohol_license""]",545 Washington,pending,pending
BH-d57b1658f13399d0,563 BOYLSTON INC.,563BOYLSTONINC,"[""LB-101862""]","[""WHISKEY & WINE BACK BAY""]","[""alcohol_license""]",563 BOYLSTON,pending,pending
BH-ecbc7a2b1f8d7a40,"567 Washington St, LLC",567WASHINGTONSTLLC,"[""LB-577208""]","[""SubRosa and Humaari""]","[""alcohol_license""]",567 Washington St,pending,pending
BH-4fe54c4870789086,"569 TREMONT, INC.",569TREMONTINC,"[""LB-99423""]","[""AQUITAINE""]","[""alcohol_license""]",569 TREMONT,pending,pending
BH-8bdde85685c6c696,"571 TREMONT, LLC",571TREMONTLLC,"[""LB-99009""]",[],"[""alcohol_license""]",571 TREMONT,pending,pending
BH-b2d6dd9c9eb0a959,"584 TREMONT, INC.",584TREMONTINC,"[""LB-134078""]","[""Metropolis Cafe""]","[""alcohol_license""]",584 TREMONT,pending,pending
BH-6f759017164c81b1,"5 NSQ, LLC",5NSQLLC,"[""LB-99226""]","[""Ciao Roma / Farmacia""]","[""alcohol_license""]",5 NSQ,pending,pending
BH-a9a653d7cb9af287,"605GF, INC.",605GFINC,"[""LB-99826""]","[""GRASS FED""]","[""alcohol_license""]",605GF,pending,pending
BH-1477b2869d37d57b,60-70 Cross Street Corp.,6070CROSSSTREETCORP,"[""LB-99068""]",[],"[""alcohol_license""]",60-70 Cross Street,pending,pending
BH-6d6875f9263ea126,"61 Brookline Restaurant, LLC",61BROOKLINERESTAURANTLLC,"[""LB-99217""]","[""Loco Taqueria & Oyster Bar""]","[""alcohol_license""]",61 Brookline Restaurant,pending,pending
BH-f03c13101110d3b6,636 BBQ Group Inc.,636BBQGROUPINC,"[""LB-99577""]","[""bb.q Chicken""]","[""alcohol_license""]",636 BBQ Group,pending,pending
BH-1cb45f810aef2b78,"667 EAST BROADWAY, INC.",667EASTBROADWAYINC,"[""LB-99576""]","[""THE PARAMOUNT""]","[""alcohol_license""]",667 EAST BROADWAY,pending,pending
BH-f6d710684c8f1cac,"669 CENTRE, LLC",669CENTRELLC,"[""LB-99538""]","[""Tonino""]","[""alcohol_license""]",669 CENTRE,pending,pending
BH-0026833e81997c3e,711 CENTRE LLC,711CENTRELLC,"[""LB-311416""]","[""CASA VERDE""]","[""alcohol_license""]",711 CENTRE,pending,pending
BH-dd618806951b8efe,"724 HUNTINGTON AVENUE, INC.",724HUNTINGTONAVENUEINC,"[""LB-99105""]","[""MISSION BAR & GRILLE""]","[""alcohol_license""]",724 HUNTINGTON AVENUE,pending,pending
BH-44776923d43af6cf,732 Brigham Inc.,732BRIGHAMINC,"[""LB-101895""]","[""Brigham Liquors""]","[""alcohol_license""]",732 Brigham,pending,pending
BH-071261091c1cd0ee,740 Blue Hill Inc.,740BLUEHILLINC,"[""LB-101857""]","[""Brother's Wine and Spirits""]","[""alcohol_license""]",740 Blue Hill,pending,pending
BH-e2c0eed140c274de,"75 ARLINGTON STREET, INC.",75ARLINGTONSTREETINC,"[""LB-99337""]","[""DAVIO'S RESTAURANT""]","[""alcohol_license""]",75 ARLINGTON STREET,pending,pending
BH-1d89cc6c002d8c0a,85 Harvard Ave LLC,85HARVARDAVELLC,"[""LB-581522""]","[""Tofu Story""]","[""alcohol_license""]",85 Harvard Ave,pending,pending
BH-fdee5fc3bc9e49c3,"861 CORPORATION, INC.",861CORPORATIONINC,"[""LB-101942""]","[""AL'S BOTTLED LIQUORS""]","[""alcohol_license""]",861 CORPORATION,pending,pending
BH-b80453183295310a,"86 Mass Ave Wild Duck, Inc.",86MASSAVEWILDDUCKINC,"[""LB-447986""]","[""Wild Duck""]","[""alcohol_license""]",86 Mass Ave Wild Duck,pending,pending
BH-70afdafddc52667e,"888 Boylston Food, LLC",888BOYLSTONFOODLLC,"[""LB-99425""]","[""DEL FRISCO'S DOUBLE EAGLE STEAKHOUSE""]","[""alcohol_license""]",888 Boylston Food,pending,pending
BH-f788674e0465d1ea,955 LLC,955LLC,"[""LB-98953""]","[""DILLON'S""]","[""alcohol_license""]",955,pending,pending
BH-9fc0e82bb6917749,"99 RESTAURANTS OF BOSTON, LLC",99RESTAURANTSOFBOSTONLLC,"[""LB-98896""]","[""99 RESTAURANT & PUB""]","[""alcohol_license""]",99 RESTAURANTS OF BOSTON,pending,pending
BH-fcc99b39eda54717,"AA & AG, Inc.",AAAGINC,"[""LB-157969"", ""LB-541567""]","[""SANCHEZ MARKET"", ""The Corner Restaurant""]","[""alcohol_license""]",AA & AG,pending,pending
BH-54d957f0f67d6232,AAA Restaurant LLC,AAARESTAURANTLLC,"[""LB-592817""]","[""AAA Restaurant""]","[""alcohol_license""]",AAA Restaurant,pending,pending
BH-2460221ea1d23474,A AND A LIQUORS INC.,AANDALIQUORSINC,"[""LB-101848""]","[""DAY SQUARE LIQUORS""]","[""alcohol_license""]",A AND A LIQUORS,pending,pending
BH-ed425584d489c786,Aanvi Corp,AANVICORP,"[""LB-623679""]","[""JK Market I""]","[""alcohol_license""]",Aanvi,pending,pending
BH-82c37c4009654a22,"ACAPULCO MEXICAN RESTAURANT, INC.",ACAPULCOMEXICANRESTAURANTINC,"[""LB-99053""]","[""ACAPULCO MEXICAN RESTAURANT""]","[""alcohol_license""]",ACAPULCO MEXICAN RESTAURANT,pending,pending
BH-8ff1a9ddff621ada,"Aceituna Cafe, LLC",ACEITUNACAFELLC,"[""LB-312661""]","[""Aceituna Cafe""]","[""alcohol_license""]",Aceituna Cafe,pending,pending
BH-c7340d1d2da2c818,A & C NEWBURY STREET,ACNEWBURYSTREET,"[""LB-99836""]","[""Puro Ceviche Bar""]","[""alcohol_license""]",A & C NEWBURY STREET,pending,pending
BH-119ea86b0ae9af6f,"ADARE, INC.",ADAREINC,"[""LB-99128""]","[""NED DEVINE'S""]","[""alcohol_license""]",ADARE,pending,pending
BH-9a21ed5d54323b75,"ADVENTURE INVESTMENTS BOSTON, LLC",ADVENTUREINVESTMENTSBOSTONLLC,"[""LB-99364""]","[""FIRE & ICE""]","[""alcohol_license""]",ADVENTURE INVESTMENTS BOSTON,pending,pending
BH-5df915cc043f6e86,"A&G Liquor Store, LLC",AGLIQUORSTORELLC,"[""LB-593697""]",[],"[""alcohol_license""]",A&G Liquor Store,pending,pending
BH-f2cf37a098484a2b,"AHF Speedway Holdings, LLC",AHFSPEEDWAYHOLDINGSLLC,"[""LB-464491""]","[""Charles River Speedway""]","[""alcohol_license""]",AHF Speedway Holdings,pending,pending
BH-1cacc16aa6144663,"AIMBRIDGE HOSPITALITY, LLC",AIMBRIDGEHOSPITALITYLLC,"[""LB-101654""]","[""EMBASSY SUITES HOTEL""]","[""alcohol_license""]",AIMBRIDGE HOSPITALITY,pending,pending
BH-320b0b7e829dd6a8,"Airist Boston, Co. Inc.",AIRISTBOSTONCOINC,"[""LB-146400""]",[],"[""alcohol_license""]","Airist Boston, Co.",pending,pending
BH-03bfa0b4bca89bdf,"Air Ventures, LLC",AIRVENTURESLLC,"[""LB-363642"", ""LB-398570"", ""LB-99469""]","[""Lucca"", ""Not Your Average Joe's"", ""VINEYARD GRILLE""]","[""alcohol_license""]",Air Ventures,pending,pending
BH-1ca5c08d5621e7db,"Akiki Fine Wines, LLC",AKIKIFINEWINESLLC,"[""LB-139598""]",[],"[""alcohol_license""]",Akiki Fine Wines,pending,pending
BH-87aabe48539da73a,Alamo Seaport LLC,ALAMOSEAPORTLLC,"[""LB-99216""]","[""Alamo Drafthouse Cinema""]","[""alcohol_license""]",Alamo Seaport,pending,pending
BH-f162490dce181b23,Ale & JC Brothers Inc.,ALEJCBROTHERSINC,"[""LB-99609""]","[""Yume Ga Arukara""]","[""alcohol_license""]",Ale & JC Brothers,pending,pending
BH-b1a54301061fc166,"ALEX'S MARKET, INC.",ALEXSMARKETINC,"[""LB-102035""]","[""ALEX'S MARKET, INC.""]","[""alcohol_license""]",ALEX'S MARKET,pending,pending
BH-460f0335d0f5f929,"ALGONQUIN CLUB HEXAGON, LLC",ALGONQUINCLUBHEXAGONLLC,"[""LB-98780""]","[""The 'Quin House""]","[""alcohol_license""]",ALGONQUIN CLUB HEXAGON,pending,pending
BH-848535fb2f0d8edd,Alina Morris,ALINAMORRIS,"[""LB-569775""]","[""DJ's Market""]","[""alcohol_license""]",Alina Morris,pending,pending
BH-33bf88444f20107e,"ALLSTON BBQ, LLC",ALLSTONBBQLLC,"[""LB-99639""]","[""BB.Q Chicken""]","[""alcohol_license""]",ALLSTON BBQ,pending,pending
BH-efda75f348d6ac97,Allston Live Concessions LLC,ALLSTONLIVECONCESSIONSLLC,"[""LB-99094""]","[""O'Brien's Pub""]","[""alcohol_license""]",Allston Live Concessions,pending,pending
BH-940bf0a7247aefa5,"Allston Phase A Hotel TRS, Inc.",ALLSTONPHASEAHOTELTRSINC,"[""LB-99039""]","[""Atlas Hotel""]","[""alcohol_license""]",Allston Phase A Hotel TRS,pending,pending
BH-0c35c7cda79060f7,"Allston Silhouette Lounge, LLC",ALLSTONSILHOUETTELOUNGELLC,"[""LB-98956""]","[""SILHOUETTE LOUNGE""]","[""alcohol_license""]",Allston Silhouette Lounge,pending,pending
BH-eac31e7b0145e783,ALLSTON VENTURE FIVE INC.,ALLSTONVENTUREFIVEINC,"[""LB-99012""]","[""THE AVENUE BAR & GRILL""]","[""alcohol_license""]",ALLSTON VENTURE FIVE,pending,pending
BH-5d08430ebe62fffe,"AL-WADI RESTAURANT, LLC",ALWADIRESTAURANTLLC,"[""LB-160790""]","[""AL-WADI""]","[""alcohol_license""]",AL-WADI RESTAURANT,pending,pending
BH-5fbfc8df5169cc5c,Amabaka Corporation,AMABAKACORPORATION,"[""LB-582324""]","[""Momo Masala""]","[""alcohol_license""]",Amabaka,pending,pending
BH-508db9847b0b5f3d,"AM CALLEJAS, INC.",AMCALLEJASINC,"[""LB-98894""]","[""La Hacienda and Bar""]","[""alcohol_license""]",AM CALLEJAS,pending,pending
BH-90f777039fd10689,"Amelia’s Taqueria IV, Inc.",AMELIASTAQUERIAIVINC,"[""LB-99801""]","[""Amelia’s Taqueria""]","[""alcohol_license""]",Amelia’s Taqueria IV,pending,pending
BH-7707fd44dc99d61e,"AMERICAN AIRLINES, INC.",AMERICANAIRLINESINC,"[""LB-98819""]","[""ADMIRALS CLUB""]","[""alcohol_license""]",AMERICAN AIRLINES,pending,pending
BH-ce1f7e4a07d4b69f,American Craft Brewery LLC,AMERICANCRAFTBREWERYLLC,"[""LB-304109"", ""LB-418981""]","[""Samuel Adams Tap Room"", ""The Boston Beer Company""]","[""alcohol_license""]",American Craft Brewery,pending,pending
BH-e865a44121f23b8e,American Multi-Cinema,AMERICANMULTICINEMA,"[""LB-349572""]","[""AMC""]","[""alcohol_license""]",American Multi-Cinema,pending,pending
BH-fb29dbbb3b0a0f65,"AMERICAN MULTI-CINEMA, INC.",AMERICANMULTICINEMAINC,"[""LB-99166"", ""LB-99352""]","[""AMC THEATRES BOSTON COMMON 19"", ""AMC Theaters""]","[""alcohol_license""]",AMERICAN MULTI-CINEMA,pending,pending
BH-22b02de050ce4e47,"American Repertory Theatre Company, Inc.",AMERICANREPERTORYTHEATRECOMPANYINC,"[""LB-599561""]","[""American Repertory Theatre""]","[""alcohol_license""]",American Repertory Theatre Company,pending,pending
BH-0054256cad2e3ab0,AMF Bowling Centers Inc.,AMFBOWLINGCENTERSINC,"[""LB-98964""]","[""JILLIAN'S BILLIARD'S CLUB""]","[""alcohol_license""]",AMF Bowling Centers,pending,pending
BH-c72192e2aaeae770,ANCHOVIES ACQUISITION LIMITED PARTNERSHIP,ANCHOVIESACQUISITIONLIMITEDPARTNERSHIP,"[""LB-99000""]","[""ANCHOVIES""]","[""alcohol_license""]",ANCHOVIES ACQUISITION LIMITED PARTNERSHIP,pending,pending
BH-9696c06f51eee112,"ANDREW SQUARE LIQUOR, CORP.",ANDREWSQUARELIQUORCORP,"[""LB-101968""]","[""ANDREW SQUARE LIQUORS""]","[""alcohol_license""]",ANDREW SQUARE LIQUOR,pending,pending
BH-4597829aedf73a08,"ANFRATTA, LLC",ANFRATTALLC,"[""LB-99341""]","[""WARD EIGHT""]","[""alcohol_license""]",ANFRATTA,pending,pending
BH-66499697c3508e63,"ANGELA'S CAFE GROUP, INC.",ANGELASCAFEGROUPINC,"[""LB-99808""]","[""ANGELA'S CAFE""]","[""alcohol_license""]",ANGELA'S CAFE GROUP,pending,pending
BH-eee5e8e82b4c0af8,"Angoori, Inc.",ANGOORIINC,"[""LB-593663""]","[""Allston Market""]","[""alcohol_license""]",Angoori,pending,pending
BH-b35961a53428d9af,Anjana Corporation,ANJANACORPORATION,"[""LB-447985""]","[""Neighborhood Convenience""]","[""alcohol_license""]",Anjana,pending,pending
BH-2f4c2966a086028a,ANTHONY OLIVIERO & LUIGI SODANO,ANTHONYOLIVIEROLUIGISODANO,"[""LB-99595""]","[""II NIDO""]","[""alcohol_license""]",ANTHONY OLIVIERO & LUIGI SODANO,pending,pending
BH-dd8047884d4eb245,ANTHONY PERKINS,ANTHONYPERKINS,"[""LB-102042""]","[""THE CORNER STORE OF B.H.A.""]","[""alcohol_license""]",ANTHONY PERKINS,pending,pending
BH-f6d5c4fbdabd6c5f,Anthony's Market Inc.,ANTHONYSMARKETINC,"[""LB-460882""]","[""Anthony's Market""]","[""alcohol_license""]",Anthony's Market,pending,pending
BH-6eb901f1aa6ae511,"Anthony's Restaurant Group, LLC",ANTHONYSRESTAURANTGROUPLLC,"[""LB-134966""]","[""Antonio's Bacaro""]","[""alcohol_license""]",Anthony's Restaurant Group,pending,pending
BH-2c19d37d79c4069c,"ANTICO FORNO, INC.",ANTICOFORNOINC,"[""LB-99732""]","[""ANTICO FORNO""]","[""alcohol_license""]",ANTICO FORNO,pending,pending
BH-4b611b5f7095ef2e,"Apex Bar and Lounge, Inc.",APEXBARANDLOUNGEINC,"[""LB-98991""]","[""Apex Bar and Lounge""]","[""alcohol_license""]",Apex Bar and Lounge,pending,pending
BH-0d7f34039f4dac34,APPLE NEW ENGLAND LLC,APPLENEWENGLANDLLC,"[""LB-99429""]","[""APPLEBEE'S NEIGHBORHOOD GRILL & BAR""]","[""alcohol_license""]",APPLE NEW ENGLAND,pending,pending
BH-6ee782b3278e37ea,"Aramark Sports and Entertainment Services, LLC",ARAMARKSPORTSANDENTERTAINMENTSERVICESLLC,"[""LB-99120""]","[""The House of Blues""]","[""alcohol_license""]",Aramark Sports and Entertainment Services,pending,pending
BH-39ecfe776090639e,Archana Corp,ARCHANACORP,"[""LB-469475""]","[""EZ Market""]","[""alcohol_license""]",Archana,pending,pending
BH-187b47d0368bdf74,"ARCHDALE LIQUOR, INC.",ARCHDALELIQUORINC,"[""LB-101936""]","[""ARCHDALE LIQUORS""]","[""alcohol_license""]",ARCHDALE LIQUOR,pending,pending
BH-063f46be39ba523a,ARIANA RESTAURANT INCORPORATED,ARIANARESTAURANTINCORPORATED,"[""LB-138942""]","[""Ariana Restaurant""]","[""alcohol_license""]",ARIANA RESTAURANT,pending,pending
BH-1429e059a08060af,ARIAS-OBJIO CORPORATION,ARIASOBJIOCORPORATION,"[""LB-101995""]","[""MVP LIQUORS""]","[""alcohol_license""]",ARIAS-OBJIO,pending,pending
BH-f08e218c8b8040fd,Arjun Inc.,ARJUNINC,"[""LB-139226""]","[""VINE & BARLEY""]","[""alcohol_license""]",Arjun,pending,pending
BH-5744c115b01e65f0,"A&R Variety Store, Inc.",ARVARIETYSTOREINC,"[""LB-465562""]","[""Roslindale Variety Store""]","[""alcohol_license""]",A&R Variety Store,pending,pending
BH-e437bffba8f542a1,AS Boston North Station Operations LLC.,ASBOSTONNORTHSTATIONOPERATIONSLLC,"[""LB-99231""]","[""citizenM Hotel""]","[""alcohol_license""]",AS Boston North Station Operations,pending,pending
BH-92240b48b91895f8,Ashish Corp.,ASHISHCORP,"[""LB-451073""]","[""Orient Heights Food Market""]","[""alcohol_license""]",Ashish,pending,pending
BH-5155356647078125,"ASIAN CUISINE, INC.",ASIANCUISINEINC,"[""LB-98931""]","[""TYPHOON-RESTAURANT""]","[""alcohol_license""]",ASIAN CUISINE,pending,pending
BH-8c70199e4aed06fa,"ASIAN GARDEN, INC.",ASIANGARDENINC,"[""LB-99578""]","[""ASIAN GARDEN""]","[""alcohol_license""]",ASIAN GARDEN,pending,pending
BH-036174d6f05231b6,"ASSAGGIO, INC.",ASSAGGIOINC,"[""LB-99362""]","[""ASSAGGIO""]","[""alcohol_license""]",ASSAGGIO,pending,pending
BH-f264e69c9082d70f,ASSOCIATES AND LEISURE ACTIVITIES LLC,ASSOCIATESANDLEISUREACTIVITIESLLC,"[""LB-99073""]","[""LIVE AT THE WILBUR""]","[""alcohol_license""]",ASSOCIATES AND LEISURE ACTIVITIES,pending,pending
BH-38f86db991533080,"ATCF, LLC",ATCFLLC,"[""LB-587892""]","[""Knoll Street Tavern""]","[""alcohol_license""]",ATCF,pending,pending
BH-d7f0e9e8a01cac43,"ATG Colonial, LLC",ATGCOLONIALLLC,"[""LB-101569""]","[""THE EMERSON COLONIAL THEATRE""]","[""alcohol_license""]",ATG Colonial,pending,pending
BH-5defe29a7bc3710b,"A.T.G., INC.",ATGINC,"[""LB-98998""]","[""CLERYS""]","[""alcohol_license""]",A.T.G.,pending,pending
BH-79bab91872862d25,"ATHENS MARKET II, INC.",ATHENSMARKETIIINC,"[""LB-101990""]","[""GIORGIANA'S""]","[""alcohol_license""]",ATHENS MARKET II,pending,pending
BH-00cef8128d3ac4c1,ATLANTIC SHORE RESTAURANT CORPORATION,ATLANTICSHORERESTAURANTCORPORATION,"[""LB-99395""]",[],"[""alcohol_license""]",ATLANTIC SHORE RESTAURANT,pending,pending
BH-0e2e99bd75236272,"AV 330 Washington, LLC",AV330WASHINGTONLLC,"[""LB-99739""]","[""All’ Antico Vinaio""]","[""alcohol_license""]",AV 330 Washington,pending,pending
BH-8ba00a4c159c8077,"AV 565 Boylston, LLC",AV565BOYLSTONLLC,"[""LB-99764""]","[""All’Antico Vinaio""]","[""alcohol_license""]",AV 565 Boylston,pending,pending
BH-86388bf6e3a58137,"AZUMI, LLC",AZUMILLC,"[""LB-99110""]","[""ZUMA""]","[""alcohol_license""]",AZUMI,pending,pending
BH-4e0297538f340c13,Babari Corp.,BABARICORP,"[""LB-102053""]","[""Las Palmas""]","[""alcohol_license""]",Babari,pending,pending
BH-6f462d13f865964d,Babushka Market & Liquor Corp.,BABUSHKAMARKETLIQUORCORP,"[""LB-102056""]","[""BABUSHKA DELI""]","[""alcohol_license""]",Babushka Market & Liquor,pending,pending
BH-7ee9b9802d9501fc,"BACCO'S WINE & CHEESE, INC.",BACCOSWINECHEESEINC,"[""LB-102050""]","[""BACCO'S WINE & CHEESE""]","[""alcohol_license""]",BACCO'S WINE & CHEESE,pending,pending
BH-9681e9f015f1ca5d,"Back Street Boston Lessee, LLC",BACKSTREETBOSTONLESSEELLC,"[""LB-101657""]","[""Pennyweight Hotel""]","[""alcohol_license""]",Back Street Boston Lessee,pending,pending
BH-c15298aa3f304459,"BAMBOO, INC.",BAMBOOINC,"[""LB-99535""]",[],"[""alcohol_license""]",BAMBOO,pending,pending
BH-8f088588b4f5419d,"BAM HOSPITALITY, LLC",BAMHOSPITALITYLLC,"[""LB-101666""]","[""FENWAY MARRIOTT RESIDENCE INN""]","[""alcohol_license""]",BAM HOSPITALITY,pending,pending
BH-5287a1fac41e20ac,BAPA BABA CORP.,BAPABABACORP,"[""LB-101994""]","[""MORRISSEY BLVD. WINES & SPIRITS""]","[""alcohol_license""]",BAPA BABA,pending,pending
BH-0da477031cc77bcd,"BARAKAT AND SONS, INC.",BARAKATANDSONSINC,"[""LB-101999""]","[""BRIGHTON GOURMET AND CELLAR""]","[""alcohol_license""]",BARAKAT AND SONS,pending,pending
BH-46bb7afa7bf99224,"BARCELONA SOUTH END, LLC",BARCELONASOUTHENDLLC,"[""LB-99247""]","[""BARCELONA""]","[""alcohol_license""]",BARCELONA SOUTH END,pending,pending
BH-44a295f22c22228b,"BARRY'S CORNER PROPERTY, LLC",BARRYSCORNERPROPERTYLLC,"[""LB-98994""]",[],"[""alcohol_license""]",BARRY'S CORNER PROPERTY,pending,pending
BH-f5dfb6fe114d28d4,"Bartaco Fenway, LLC",BARTACOFENWAYLLC,"[""LB-98992""]","[""Bartaco""]","[""alcohol_license""]",Bartaco Fenway,pending,pending
BH-6c80285c8e374d8a,"BARTACO FORT POINT, LLC",BARTACOFORTPOINTLLC,"[""LB-99287""]","[""BARTACO""]","[""alcohol_license""]",BARTACO FORT POINT,pending,pending
BH-bd7c275fff5a8700,"BARVOLPE, LLC",BARVOLPELLC,"[""LB-98913""]","[""BAR VOLPE""]","[""alcohol_license""]",BARVOLPE,pending,pending
BH-d4ea48440557be26,BASHO FENWAY VENTURES LLC,BASHOFENWAYVENTURESLLC,"[""LB-99090""]","[""BASHO JAPANESE RESTAURANT & LOUNGE""]","[""alcohol_license""]",BASHO FENWAY VENTURES,pending,pending
BH-ed19bc6ddbb7d7db,"BAYSIDE CLUB HOTEL, LLC",BAYSIDECLUBHOTELLLC,"[""LB-101648""]","[""CLUB HOTEL BY DOUBLETREE""]","[""alcohol_license""]",BAYSIDE CLUB HOTEL,pending,pending
BH-76ff214d995078a8,"Bay Sweets, LLC",BAYSWEETSLLC,"[""LB-471191""]","[""Bay Sweets Market""]","[""alcohol_license""]",Bay Sweets,pending,pending
BH-a5cdf77c69015329,BB Fusion Lounge Inc.,BBFUSIONLOUNGEINC,"[""LB-98973""]","[""Black Bamboo""]","[""alcohol_license""]",BB Fusion Lounge,pending,pending
BH-76bf98557c7c3061,"BBRG NEWBURY TR, LLC",BBRGNEWBURYTRLLC,"[""LB-99366""]","[""JOE'S AMERICAN BAR & GRILL""]","[""alcohol_license""]",BBRG NEWBURY TR,pending,pending
BH-0d9188b80bf173fa,"BBRG TR, LLC",BBRGTRLLC,"[""LB-98945"", ""LB-98946""]","[""ABE & LOUIE'S"", ""ATLANTIC FISH COMPANY""]","[""alcohol_license""]",BBRG TR,pending,pending
BH-5c2913d7152d2478,"BBRG WATERFRONT TR, LLC",BBRGWATERFRONTTRLLC,"[""LB-98890""]","[""JOE'S AMERICAN BAR & GRILL""]","[""alcohol_license""]",BBRG WATERFRONT TR,pending,pending
BH-59e60ac5db8151b2,"BB SOCIAL CLUB, LLC",BBSOCIALCLUBLLC,"[""LB-99026""]","[""BACK BAY SOCIAL CLUB""]","[""alcohol_license""]",BB SOCIAL CLUB,pending,pending
BH-19c68b9b8f07d796,BC One Congress Tower Subsidiary LLC,BCONECONGRESSTOWERSUBSIDIARYLLC,"[""LB-99102""]",[],"[""alcohol_license""]",BC One Congress Tower Subsidiary,pending,pending
BH-2b7d8f5fb6866abe,BCP BEAT TRS LLC,BCPBEATTRSLLC,"[""LB-99353""]","[""Morrissey Hall""]","[""alcohol_license""]",BCP BEAT TRS,pending,pending
BH-5e8bd6575f413828,"Beacon Capitol Market, Inc.",BEACONCAPITOLMARKETINC,"[""LB-101906""]","[""Beacon Capitol Market""]","[""alcohol_license""]",Beacon Capitol Market,pending,pending
BH-226c8009dc5a7917,"BEACON FINE DINING, INC.",BEACONFINEDININGINC,"[""LB-98970""]","[""HARVARD GARDENS""]","[""alcohol_license""]",BEACON FINE DINING,pending,pending
BH-c6af3efc43732717,"BEACON HILL WINE & SPIRITS, INC.",BEACONHILLWINESPIRITSINC,"[""LB-101952""]","[""BEACON HILL WINE & SPIRITS""]","[""alcohol_license""]",BEACON HILL WINE & SPIRITS,pending,pending
BH-d6a771e542f73f8b,BEAU GESTE XXV LLC,BEAUGESTEXXVLLC,"[""LB-101635""]","[""DOUBLETREE GUEST SUITES""]","[""alcohol_license""]",BEAU GESTE XXV,pending,pending
BH-39f60618147a4555,B.EE.F. Inc.,BEEFINC,"[""LB-364796""]","[""Fasika Cafe""]","[""alcohol_license""]",B.EE.F.,pending,pending
BH-a73ac66c80344295,"Beitna, LLC",BEITNALLC,"[""LB-603763""]","[""BEY""]","[""alcohol_license""]",Beitna,pending,pending
BH-23ebeb36e89fc3cb,Bella Haven Restaurant Group,BELLAHAVENRESTAURANTGROUP,"[""LB-471198""]","[""The Haven at the Brewery""]","[""alcohol_license""]",Bella Haven Restaurant Group,pending,pending
BH-7377a34d6b3ca362,"Bell's Market, Inc.",BELLSMARKETINC,"[""LB-102051""]","[""BELL'S MARKET""]","[""alcohol_license""]",Bell's Market,pending,pending
BH-8096f7a82a338c8e,BENNINGTON1004 LLC,BENNINGTON1004LLC,"[""LB-202196""]","[""Renegades Pub""]","[""alcohol_license""]",BENNINGTON1004,pending,pending
BH-267b8c0e61bf72c0,"BENNINGTON LIQUORS, INC.",BENNINGTONLIQUORSINC,"[""LB-101947""]","[""NEPTUNE LIQUORS""]","[""alcohol_license""]",BENNINGTON LIQUORS,pending,pending
BH-30f9f459900738d1,"Bento Express, Inc.",BENTOEXPRESSINC,"[""LB-125132""]","[""BBQ Chicken""]","[""alcohol_license""]",Bento Express,pending,pending
BH-4ebc7a85c214c20a,BERKELEY PLACE RESTAURANT LIMITED PARTNERSHIP,BERKELEYPLACERESTAURANTLIMITEDPARTNERSHIP,"[""LB-99237""]","[""GRILLE 23 RESTAURANT & BAR""]","[""alcohol_license""]",BERKELEY PLACE RESTAURANT LIMITED PARTNERSHIP,pending,pending
BH-060da1be083600b5,"BERTUCCI'S RESTAURANTS, LLC",BERTUCCISRESTAURANTSLLC,"[""LB-99232""]",[],"[""alcohol_license""]",BERTUCCI'S RESTAURANTS,pending,pending
BH-177c2d712748a8fd,"Beverly Street Hotel 1B, LLC",BEVERLYSTREETHOTEL1BLLC,"[""LB-202498""]",[],"[""alcohol_license""]",Beverly Street Hotel 1B,pending,pending
BH-3d89a8490def2b8e,"BEY GROUP, LLC",BEYGROUPLLC,"[""LB-202232""]","[""MIDA""]","[""alcohol_license""]",BEY GROUP,pending,pending
BH-1dde8d44827af472,"Beza Mackenzie, LLC",BEZAMACKENZIELLC,"[""LB-99678""]","[""Blue Nile""]","[""alcohol_license""]",Beza Mackenzie,pending,pending
BH-14de74592a9af7a2,Bhagwan Corporation,BHAGWANCORPORATION,"[""LB-101849""]","[""Southie Liquor""]","[""alcohol_license""]",Bhagwan,pending,pending
BH-06aebc151b174ead,BHC CORPORATION GENERAL PARTNER,BHCCORPORATIONGENERALPARTNER,"[""LB-98997""]","[""CLUB CAFE""]","[""alcohol_license""]",BHC CORPORATION GENERAL PARTNER,pending,pending
BH-b31a8e1f52663abd,"BHR OPERATIONS, L.L.C.",BHROPERATIONSLLC,"[""LB-101614""]","[""WYNDHAM BOSTON BEACON HILL""]","[""alcohol_license""]",BHR OPERATIONS,pending,pending
BH-f180f14cc8aca228,BIG CAUSEWAY LLC,BIGCAUSEWAYLLC,"[""LB-99117""]","[""Big Night Live/Studio B/Play""]","[""alcohol_license""]",BIG CAUSEWAY,pending,pending
BH-070c9f8b041d429d,"BIG HOUSE FINE DINING, LLC",BIGHOUSEFINEDININGLLC,"[""LB-99376""]","[""SCAMPO & ALIBI""]","[""alcohol_license""]",BIG HOUSE FINE DINING,pending,pending
BH-c3db442b0c696ee2,"Big House, LLC",BIGHOUSELLC,"[""LB-101580""]","[""BSMNT""]","[""alcohol_license""]",Big House,pending,pending
BH-cce940d555cb876f,"BIG NIGHT VENUES BOSTON 2, LLC",BIGNIGHTVENUESBOSTON2LLC,"[""LB-98919""]","[""EMPIRE""]","[""alcohol_license""]",BIG NIGHT VENUES BOSTON 2,pending,pending
BH-265c348f80149cdd,BIG NIGHT VENUES BOSTON 3 LLC,BIGNIGHTVENUESBOSTON3LLC,"[""LB-98935""]","[""VERSUS""]","[""alcohol_license""]",BIG NIGHT VENUES BOSTON 3,pending,pending
BH-85ded333500cab05,"BIG NIGHT VENUES BOSTON 4, LLC",BIGNIGHTVENUESBOSTON4LLC,"[""LB-162570""]","[""Scorpion Bar & Restaurant/The Grand""]","[""alcohol_license""]",BIG NIGHT VENUES BOSTON 4,pending,pending
BH-36936911256ac0ae,"BIG TIME BOSTON FOOD, INC.",BIGTIMEBOSTONFOODINC,"[""LB-135168""]","[""Estragon""]","[""alcohol_license""]",BIG TIME BOSTON FOOD,pending,pending
BH-d2eadba10c01da64,"Black Bottle Wines, LLC.",BLACKBOTTLEWINESLLC,"[""LB-457684""]","[""Corossol Wines""]","[""alcohol_license""]",Black Bottle Wines,pending,pending
BH-d7b04a75178ce052,"BLACK OWL, LLC",BLACKOWLLLC,"[""LB-99584""]","[""DOVETAIL""]","[""alcohol_license""]",BLACK OWL,pending,pending
BH-8589d4b1080c831f,"BLANCHARD'S, INC.",BLANCHARDSINC,"[""LB-101892""]","[""BLANCHARD'S""]","[""alcohol_license""]",BLANCHARD'S,pending,pending
BH-bb2800f59cc5439b,"BLANCHARD'S LIQUORS, INC.",BLANCHARDSLIQUORSINC,"[""LB-101875""]","[""BLANCHARD'S LIQUORS""]","[""alcohol_license""]",BLANCHARD'S LIQUORS,pending,pending
BH-40b560cf8e03e1aa,"BLANCHARD'S WEST ROXBURY, INC.",BLANCHARDSWESTROXBURYINC,"[""LB-101901""]","[""BLANCHARD'S""]","[""alcohol_license""]",BLANCHARD'S WEST ROXBURY,pending,pending
BH-a260f55f9b621cfa,"BLEACHER BAR, LLC",BLEACHERBARLLC,"[""LB-99017""]","[""BLEACHER BAR""]","[""alcohol_license""]",BLEACHER BAR,pending,pending
BH-ee377605ce49508f,"Blue Hills Liquors, Inc.",BLUEHILLSLIQUORSINC,"[""LB-434282""]","[""Discount Liquors""]","[""alcohol_license""]",Blue Hills Liquors,pending,pending
BH-7035cdd8fcf4b5f6,"Blue Mountain Jamaican Restaurant, LLC.",BLUEMOUNTAINJAMAICANRESTAURANTLLC,"[""LB-583841""]","[""Blue Mountain Jamaican Restaurant""]","[""alcohol_license""]",Blue Mountain Jamaican Restaurant,pending,pending
BH-d9aecb68e58cce45,"BM Merrimac Hotel, LLC",BMMERRIMACHOTELLLC,"[""LB-101663""]","[""Bulfinch Social at the Boxer Hotel""]","[""alcohol_license""]",BM Merrimac Hotel,pending,pending
BH-31654aa8c64d353f,"BNV3, INC.",BNV3INC,"[""LB-98889""]","[""WINK & NOD""]","[""alcohol_license""]",BNV3,complete,pending
BH-3f621c5b139bd58f,"BNV 4, INC.",BNV4INC,"[""LB-99411""]","[""AKINTO""]","[""alcohol_license""]",BNV 4,pending,pending
BH-4a24b8645c082429,"Boardeaux BOS, LLC",BOARDEAUXBOSLLC,"[""LB-567239""]",[],"[""alcohol_license""]",Boardeaux BOS,pending,pending
BH-a1d6cb0a203f63f4,"BON APPETIT RESTAURANT, INC.",BONAPPETITRESTAURANTINC,"[""LB-143862""]","[""BON APPETIT RESTAURANT""]","[""alcohol_license""]",BON APPETIT RESTAURANT,pending,pending
BH-4e55df356d8b5e15,"Bon Bon, Inc.",BONBONINC,"[""LB-386592""]","[""Mamacita""]","[""alcohol_license""]",Bon Bon,pending,pending
BH-4b965cfae315b85c,"BONCHON ALLSTON, LLC",BONCHONALLSTONLLC,"[""LB-99616""]",[],"[""alcohol_license""]",BONCHON ALLSTON,pending,pending
BH-17dc4206b592bb43,"Bon Sole Market, LLC",BONSOLEMARKETLLC,"[""LB-603679""]","[""Bon Sole Market""]","[""alcohol_license""]",Bon Sole Market,pending,pending
BH-663372cababfa6d3,"BOOZE N BOULA, LLC",BOOZENBOULALLC,"[""LB-126508""]","[""BELLE ISLE WINE & SPIRITS""]","[""alcohol_license""]",BOOZE N BOULA,pending,pending
BH-40c0570a1da666e4,Boqueria Fort Point LLC,BOQUERIAFORTPOINTLLC,"[""LB-98947""]","[""Boqueria Tapas Bar and Restaurant""]","[""alcohol_license""]",Boqueria Fort Point,pending,pending
BH-0a8463772f829a99,Boryung. Inc,BORYUNGINC,"[""LB-99749""]",[],"[""alcohol_license""]",Boryung.,pending,pending
BH-ca958fe676cd35d6,"Boston Amici Group, Inc.",BOSTONAMICIGROUPINC,"[""LB-99267""]","[""PAZZA ON PORTER""]","[""alcohol_license""]",Boston Amici Group,pending,pending
BH-81441482a304b382,BOSTON BALLROOM CORPORATION,BOSTONBALLROOMCORPORATION,"[""LB-99277""]","[""ROYALE""]","[""alcohol_license""]",BOSTON BALLROOM,pending,pending
BH-4b3ff455fbbca92d,Boston Beer Alley Corporation,BOSTONBEERALLEYCORPORATION,"[""LB-396556""]","[""Boston Beer Alley""]","[""alcohol_license""]",Boston Beer Alley,pending,pending
BH-ac5cfb58e6b2a9aa,"BOSTON BEVERAGES SERVICES, INC.",BOSTONBEVERAGESSERVICESINC,"[""LB-99315""]","[""BATTERY WHARF HOTEL BOSTON WATERFRONT""]","[""alcohol_license""]",BOSTON BEVERAGES SERVICES,pending,pending
BH-aa3bccbbade16d8a,Boston BMA LLC,BOSTONBMALLC,"[""LB-99097""]","[""Marcelino's Boutique Bar""]","[""alcohol_license""]",Boston BMA,pending,pending
BH-c05858ff42cfc7c5,"BOSTON BOTTLES, LLC",BOSTONBOTTLESLLC,"[""LB-102020""]","[""BOTTLES""]","[""alcohol_license""]",BOSTON BOTTLES,pending,pending
BH-86e7d80b1d8c99ac,Boston Burger Company,BOSTONBURGERCOMPANY,"[""LB-99680""]","[""BOSTON BURGER COMPANY""]","[""alcohol_license""]",Boston Burger Company,pending,pending
BH-bd2f2568de2d016e,"Boston Center for the Arts, Inc.",BOSTONCENTERFORTHEARTSINC,"[""LB-599554""]","[""Boston Center for the Arts""]","[""alcohol_license""]",Boston Center for the Arts,pending,pending
BH-db88029f356c4bdc,"BOSTON CULINARY GROUP, INC.",BOSTONCULINARYGROUPINC,"[""LB-101572"", ""LB-99438""]","[""BOSTON OPERA HOUSE"", ""Sodexo Live!""]","[""alcohol_license""]",BOSTON CULINARY GROUP,pending,pending
BH-eb32f2682aa244a7,"Boston Diner Group, LLC",BOSTONDINERGROUPLLC,"[""LB-424993""]","[""Charlie's Sandwich Shoppe""]","[""alcohol_license""]",Boston Diner Group,pending,pending
BH-962e7b210a1d202d,"Boston Garden Fours, LLC",BOSTONGARDENFOURSLLC,"[""LB-98972""]","[""Scores""]","[""alcohol_license""]",Boston Garden Fours,pending,pending
BH-a42dbbd11f0b0a38,"Boston Harbor Cruises, LLC.",BOSTONHARBORCRUISESLLC,"[""LB-99410""]","[""THE LANDING""]","[""alcohol_license""]",Boston Harbor Cruises,pending,pending
BH-e49490c67b03392d,"Boston Harbor Distillery, LLC",BOSTONHARBORDISTILLERYLLC,"[""LB-148518""]",[],"[""alcohol_license""]",Boston Harbor Distillery,pending,pending
BH-39a14a9e3cf03104,BOSTON HOSPITALITY PARTNERS LLC,BOSTONHOSPITALITYPARTNERSLLC,"[""LB-98911"", ""LB-98999"", ""LB-99316""]","[""The Club"", ""The Connector and the Collective""]","[""alcohol_license""]",BOSTON HOSPITALITY PARTNERS,pending,pending
BH-bfd00c60e1fa0a29,BOSTONIAN HOTEL LIMITED PARTNERSHIP,BOSTONIANHOTELLIMITEDPARTNERSHIP,"[""LB-101630""]",[],"[""alcohol_license""]",BOSTONIAN HOTEL LIMITED PARTNERSHIP,pending,pending
BH-d5d87a9b9ee576dc,"BostoninFour, LLC",BOSTONINFOURLLC,"[""LB-99198""]","[""A.T. O’Keeffe’s""]","[""alcohol_license""]",BostoninFour,pending,pending
BH-a4bdb144f527a3d7,"BOSTON LIQUOR GROUP, INC.",BOSTONLIQUORGROUPINC,"[""LB-101880"", ""LB-101981""]","[""Southie Wine & Spirits"", ""THE LIQUOR & WINE EMPORIUM""]","[""alcohol_license""]",BOSTON LIQUOR GROUP,pending,pending
BH-7a8e168d10c0380e,Boston Lodge No.10 B.P.O.E,BOSTONLODGENO10BPOE,"[""LB-98788""]","[""BOSTON LODGE OF ELKS #10""]","[""alcohol_license""]",Boston Lodge No.10 B.P.O.E,pending,pending
BH-6b07dea201c3f981,BOSTON & MAINE FISH COMPANY,BOSTONMAINEFISHCOMPANY,"[""LB-99550""]","[""BOSTON & MAINE FISH COMPANY""]","[""alcohol_license""]",BOSTON & MAINE FISH COMPANY,pending,pending
BH-4799577e4a35644f,BOSTON OCEAN CLUB LLC,BOSTONOCEANCLUBLLC,"[""LB-99162""]","[""MASTRO'S OCEAN CLUB""]","[""alcohol_license""]",BOSTON OCEAN CLUB,pending,pending
BH-0c41b5a5423ee9d7,BOSTON PALM CORPORATION,BOSTONPALMCORPORATION,"[""LB-99007""]","[""BOSTON PALM""]","[""alcohol_license""]",BOSTON PALM,pending,pending
BH-6975d38304edd7ce,"Boston Pickle Club, Inc.",BOSTONPICKLECLUBINC,"[""LB-593664""]","[""Boston Pickle Club""]","[""alcohol_license""]",Boston Pickle Club,pending,pending
BH-85892499d3b9cd41,"Boston Ramen Company Back Bay, LLC",BOSTONRAMENCOMPANYBACKBAYLLC,"[""LB-99565""]","[""Sushi by Bosso Ramen Tavern""]","[""alcohol_license""]",Boston Ramen Company Back Bay,pending,pending
BH-5ebae6160f43f644,"Boston Restaurant Bar & Grills, LLC",BOSTONRESTAURANTBARGRILLSLLC,"[""LB-511744""]",[],"[""alcohol_license""]",Boston Restaurant Bar & Grills,pending,pending
BH-0237ef584efb2ec3,"Boston SF, LLC",BOSTONSFLLC,"[""LB-99220""]","[""Sugar Factory""]","[""alcohol_license""]",Boston SF,pending,pending
BH-417958a168e053c9,"BOSTON SPEAKEASY, INC.",BOSTONSPEAKEASYINC,"[""LB-99013""]","[""THE HOPEWELL BAR & KITCHEN""]","[""alcohol_license""]",BOSTON SPEAKEASY,pending,pending
BH-f6c64df237c34f7d,"BOSTON SYMPHONY ORCHESTRA, INC.",BOSTONSYMPHONYORCHESTRAINC,"[""LB-99106""]","[""SYMPHONY HALL""]","[""alcohol_license""]",BOSTON SYMPHONY ORCHESTRA,pending,pending
BH-b21d4242c1b84e48,"BOSTON TAVERN COMPANY, INC.",BOSTONTAVERNCOMPANYINC,"[""LB-99044""]","[""Yellow Door Taqueria""]","[""alcohol_license""]",BOSTON TAVERN COMPANY,pending,pending
BH-c36e162c4367575c,"BOSTON TEA PARTY SHIP, INC",BOSTONTEAPARTYSHIPINC,"[""LB-99127""]","[""BOSTON TEA PARTY SHIPS & MUSEUM""]","[""alcohol_license""]",BOSTON TEA PARTY SHIP,pending,pending
BH-f9c20ef5b926407e,"BOSTON URBAN HOSPITALITY, INC.",BOSTONURBANHOSPITALITYINC,"[""LB-99428""]","[""BOSTON CHOPS""]","[""alcohol_license""]",BOSTON URBAN HOSPITALITY,pending,pending
BH-bfbe2446b44741e8,"Boston Winery, LLC",BOSTONWINERYLLC,"[""LB-349883""]","[""Boston Winery""]","[""alcohol_license""]",Boston Winery,pending,pending
BH-5db4469f92f82fe9,"BOSWORTH PLACE, INC.",BOSWORTHPLACEINC,"[""LB-99273""]","[""BEANTOWN PUB""]","[""alcohol_license""]",BOSWORTH PLACE,pending,pending
BH-1837331a4275e34c,BOYLSTON STREET HOTEL LLC,BOYLSTONSTREETHOTELLLC,"[""LB-99393""]","[""MANDARIN ORIENTAL""]","[""alcohol_license""]",BOYLSTON STREET HOTEL,pending,pending
BH-586004b15423a7c9,BPD POST #1018 VETERANS-FOREIGN WARS/USA,BPDPOST1018VETERANSFOREIGNWARSUSA,"[""LB-98832""]",[],"[""alcohol_license""]",BPD POST #1018 VETERANS-FOREIGN WARS/USA,pending,pending
BH-c05fdfb83503cd92,"BP EATERY,LLC",BPEATERYLLC,"[""LB-99300""]","[""Lily's Boston""]","[""alcohol_license""]","BP EATERY,LLC",pending,pending
BH-3404cd73efe079ac,"BPM Events, LLC",BPMEVENTSLLC,"[""LB-454368""]","[""Boston Public Market""]","[""alcohol_license""]",BPM Events,pending,pending
BH-8e41d1e8d2b6d93a,BPP Investments Property LL LLC,BPPINVESTMENTSPROPERTYLLLLC,"[""LB-101632""]","[""Hilton Boston Park Plaza""]","[""alcohol_license""]",BPP Investments Property LL,pending,pending
BH-86e881518c55834c,BPP Retail LL LLC,BPPRETAILLLLLC,"[""LB-99206""]",[],"[""alcohol_license""]",BPP Retail LL,pending,pending
BH-f66820069f13a275,"BRAEMORE LOUNGE, INC.",BRAEMORELOUNGEINC,"[""LB-99018""]","[""CORNWALL'S""]","[""alcohol_license""]",BRAEMORE LOUNGE,pending,pending
BH-3a3921b05bc256f1,"Brand Nubian, LLC",BRANDNUBIANLLC,"[""LB-515596""]","[""Black Market Social""]","[""alcohol_license""]",Brand Nubian,pending,pending
BH-30669f9d74b6cc78,"BRANNELLY'S CAFE, INC.",BRANNELLYSCAFEINC,"[""LB-99288""]","[""J.J. BRANNELLY'S""]","[""alcohol_license""]",BRANNELLY'S CAFE,pending,pending
BH-7da88a0c1ca5c485,BRASSERIE 560 LLC,BRASSERIE560LLC,"[""LB-99194""]","[""BRASSERIE""]","[""alcohol_license""]",BRASSERIE 560,pending,pending
BH-8bfb41518a2e1ccd,"Bred Winner, LLC",BREDWINNERLLC,"[""LB-154485""]","[""Bred""]","[""alcohol_license""]",Bred Winner,pending,pending
BH-b2ebbcc13414797b,"BREWED INTENTIONS, LLC",BREWEDINTENTIONSLLC,"[""LB-99250""]","[""THE FOURTH WALL""]","[""alcohol_license""]",BREWED INTENTIONS,pending,pending
BH-e321701f2709248e,"BRHANU REDDA, INDIVIDUAL",BRHANUREDDAINDIVIDUAL,"[""LB-102009""]","[""7-ELEVEN""]","[""alcohol_license""]","BRHANU REDDA, INDIVIDUAL",pending,pending
BH-e8955ae2189bb9f1,Brighton Ma Lodge 2199 BPOE of the USA Inc.,BRIGHTONMALODGE2199BPOEOFTHEUSAINC,"[""LB-98793""]","[""Protective Order of Elks""]","[""alcohol_license""]",Brighton Ma Lodge 2199 BPOE of the USA,pending,pending
BH-c7b9c4c0664a7b54,"BRIX WINES, INC.",BRIXWINESINC,"[""LB-101984"", ""LB-101989""]","[""BRIX WINE SHOP""]","[""alcohol_license""]",BRIX WINES,pending,pending
BH-da7cc6b11f858c06,"BR Kenmore, LLC",BRKENMORELLC,"[""LB-99215""]","[""Blue Ribbon Brasserie, Blue Ribbon Sushi, Pescador""]","[""alcohol_license""]",BR Kenmore,pending,pending
BH-dd7838a010a021ba,BROAD STREET ENTERTAINMENT LLC,BROADSTREETENTERTAINMENTLLC,"[""LB-99342""]",[],"[""alcohol_license""]",BROAD STREET ENTERTAINMENT,pending,pending
BH-102f6fe02c5f25cf,"Broadway Restaurant, LLC",BROADWAYRESTAURANTLLC,"[""LB-99304""]","[""Loco Taqueria & Oyster Bar""]","[""alcohol_license""]",Broadway Restaurant,pending,pending
BH-7f801e10f083a9eb,"BROADWAY SOCIAL WINES, INC.",BROADWAYSOCIALWINESINC,"[""LB-101998""]","[""SOCIAL WINES""]","[""alcohol_license""]",BROADWAY SOCIAL WINES,pending,pending
BH-73acbfa272982049,"BROOKLINE LIQUORS MART, INC.",BROOKLINELIQUORSMARTINC,"[""LB-101958""]","[""BROOKLINE LIQUORS MARKET""]","[""alcohol_license""]",BROOKLINE LIQUORS MART,pending,pending
BH-3f474dd7c42ada98,Brooks Select Wines & Spirits LLC,BROOKSSELECTWINESSPIRITSLLC,"[""LB-101899""]","[""Brooks Wine & Spirits""]","[""alcohol_license""]",Brooks Select Wines & Spirits,pending,pending
BH-8e4a96dcbcf634e1,"BROTHER'S SUPER LIQUORS II, INC.",BROTHERSSUPERLIQUORSIIINC,"[""LB-101929""]","[""Brother’s Wine & Spirits""]","[""alcohol_license""]",BROTHER'S SUPER LIQUORS II,complete,pending
BH-53c643b1983236e9,"BROUGHTON ENTERPRISES, INC.",BROUGHTONENTERPRISESINC,"[""LB-99281""]","[""THE MIDWAY CAFE""]","[""alcohol_license""]",BROUGHTON ENTERPRISES,pending,pending
BH-c551b08fc9f58902,"BRUMAK, INC.",BRUMAKINC,"[""LB-101938""]","[""DEDHAM LINE LIQUORS""]","[""alcohol_license""]",BRUMAK,pending,pending
BH-46bee9a5860a1ae7,BRV DINING GROUP LLC,BRVDININGGROUPLLC,"[""LB-99263""]","[""ALMA""]","[""alcohol_license""]",BRV DINING GROUP,pending,pending
BH-1e8b2b3314ae9c9f,"BT Eatery, LLC",BTEATERYLLC,"[""LB-99126""]","[""Tradesman""]","[""alcohol_license""]",BT Eatery,pending,pending
BH-a44c309fc3ae8462,B.T.U.H.W.F. SERVICE CORPORATION,BTUHWFSERVICECORPORATION,"[""LB-99158""]","[""BOSTON TEACHER'S UNION""]","[""alcohol_license""]",B.T.U.H.W.F. SERVICE,pending,pending
BH-858796a411238ed7,Buccellati LLC,BUCCELLATILLC,"[""LB-99178""]","[""MAMMA MARIA""]","[""alcohol_license""]",Buccellati,pending,pending
BH-190f583a4cbd48bc,"Bully Boy Distillers, LLC",BULLYBOYDISTILLERSLLC,"[""LB-312918""]","[""Bully Boy Distillers""]","[""alcohol_license""]",Bully Boy Distillers,pending,pending
BH-1181f0d925217794,BUNKER HILL KNIGHTS OF COLUMBUS BUILDING ASSOCIATION,BUNKERHILLKNIGHTSOFCOLUMBUSBUILDINGASSOCIATION,"[""LB-98796""]",[],"[""alcohol_license""]",BUNKER HILL KNIGHTS OF COLUMBUS BUILDING ASSOCIATION,pending,pending
BH-e9ec3cbeb5b542ae,Bunker Hill Restaurant LLC,BUNKERHILLRESTAURANTLLC,"[""LB-99757""]","[""Waverly""]","[""alcohol_license""]",Bunker Hill Restaurant,pending,pending
BH-7745fe87b5624212,"Butter and Salt, LLC",BUTTERANDSALTLLC,"[""LB-392637""]","[""Stillwater""]","[""alcohol_license""]",Butter and Salt,pending,pending
BH-d4f6ec7d19d69c7c,BUTTERY CORPORATION,BUTTERYCORPORATION,"[""LB-99500""]","[""SOUTH END BUTTERY""]","[""alcohol_license""]",BUTTERY,pending,pending
BH-abf8c59aef6d14bb,"BVP, LLC",BVPLLC,"[""LB-99082""]","[""THE POINT""]","[""alcohol_license""]",BVP,pending,pending
BH-ec322f14251fc28a,"CabanaLV, Inc.",CABANALVINC,"[""LB-583877""]","[""Cabana Grill""]","[""alcohol_license""]",CabanaLV,pending,pending
BH-4ae2f2e2365ed58f,"CACERES, INC.",CACERESINC,"[""LB-101877""]","[""CAMILO LIQUORS II""]","[""alcohol_license""]",CACERES,pending,pending
BH-451cb02c80bfae82,Cactus Cafe Back Bay Inc.,CACTUSCAFEBACKBAYINC,"[""LB-99245""]","[""Cactus Club Cafe""]","[""alcohol_license""]",Cactus Cafe Back Bay,pending,pending
BH-ab56a9c2722c286a,"Cafe Bonjour, Inc.",CAFEBONJOURINC,"[""LB-439874""]","[""Cafe Bonjour""]","[""alcohol_license""]",Cafe Bonjour,pending,pending
BH-b23ae5f3a9aaefb9,"CAFFE PARADISO, INC.",CAFFEPARADISOINC,"[""LB-99085""]","[""CAFFE PARADISO""]","[""alcohol_license""]",CAFFE PARADISO,pending,pending
BH-21372225fe840295,"CAFFE VITTORIA, INC.",CAFFEVITTORIAINC,"[""LB-99086""]","[""CAFFE VITTORIA""]","[""alcohol_license""]",CAFFE VITTORIA,pending,pending
BH-172b8c5c5f26ae28,"CALAMARI FISHERIES, INC.",CALAMARIFISHERIESINC,"[""LB-99545""]","[""THE DAILY CATCH""]","[""alcohol_license""]",CALAMARI FISHERIES,pending,pending
BH-584b0c9189bc437e,"CALIFORNIA PIZZA KITCHEN,INC.",CALIFORNIAPIZZAKITCHENINC,"[""LB-99378""]","[""CALIFORNIA PIZZA KITCHEN""]","[""alcohol_license""]","CALIFORNIA PIZZA KITCHEN,INC.",pending,pending
BH-0dbe08972e3d527a,Cami 1975 corporation,CAMI1975CORPORATION,"[""LB-99655""]","[""MELODIAS""]","[""alcohol_license""]",Cami 1975,pending,pending
BH-912e5cf1ef466445,"CAMILLO LIQUORS, INC.",CAMILLOLIQUORSINC,"[""LB-101954""]","[""CAMILO MARKET""]","[""alcohol_license""]",CAMILLO LIQUORS,pending,pending
BH-45dcdd0ef54c9f50,"CAMILO, INC.",CAMILOINC,"[""LB-101883""]","[""CAMILO LIQUORS III""]","[""alcohol_license""]",CAMILO,pending,pending
BH-595b58c32d332def,"Canelo's Taco and Tequila, Inc.",CANELOSTACOANDTEQUILAINC,"[""LB-98981""]","[""Agavero, Guac & Margs""]","[""alcohol_license""]",Canelo's Taco and Tequila,pending,pending
BH-2e9c67c9644fdc47,"CANTINA, LLC",CANTINALLC,"[""LB-173813""]","[""CANTINA""]","[""alcohol_license""]",CANTINA,pending,pending
BH-bbc571598b6b4888,CAN'T STOP WON'T STOP LLC,CANTSTOPWONTSTOPLLC,"[""LB-98924""]","[""Teddy’s On the Hill""]","[""alcohol_license""]",CAN'T STOP WON'T STOP,pending,pending
BH-6fe3232cdea39749,"CAPE VERDEAN LIQUORS, INC.",CAPEVERDEANLIQUORSINC,"[""LB-101957""]",[],"[""alcohol_license""]",CAPE VERDEAN LIQUORS,pending,pending
BH-d32aabefa04b6f0b,"CAPITAL BURGER HOLDINGS, LLC",CAPITALBURGERHOLDINGSLLC,"[""LB-99163""]","[""THE CAPITAL BURGER""]","[""alcohol_license""]",CAPITAL BURGER HOLDINGS,pending,pending
BH-0dbc6f616e5a8bc6,"CAPITAL GRILLE HOLDINGS, INC.",CAPITALGRILLEHOLDINGSINC,"[""LB-99142""]","[""THE CAPITAL GRILLE""]","[""alcohol_license""]",CAPITAL GRILLE HOLDINGS,pending,pending
BH-d0841d088bf262dd,"CARDONA'S, INC.",CARDONASINC,"[""LB-99099""]","[""BARNEY'S GRILL""]","[""alcohol_license""]",CARDONA'S,pending,pending
BH-23c00bf0946b3af7,"CARLO'S CUCINA 02134, INC.",CARLOSCUCINA02134INC,"[""LB-99717""]","[""CARLO'S CUCINA ITALIANA""]","[""alcohol_license""]",CARLO'S CUCINA 02134,pending,pending
BH-9b4ff7dca5cc3a19,"CARMAC, INC.",CARMACINC,"[""LB-99427""]","[""6B/Emmetts""]","[""alcohol_license""]",CARMAC,pending,pending
BH-21c751082131d28a,"CARMEN CARTAGENA RIVERA, INDIVIDUAL",CARMENCARTAGENARIVERAINDIVIDUAL,"[""LB-99559""]","[""MONDONGUITO RESTAURANT""]","[""alcohol_license""]","CARMEN CARTAGENA RIVERA, INDIVIDUAL",pending,pending
BH-a3b799af1884d950,Casarecce LLC,CASARECCELLC,"[""LB-99569""]","[""CASARECCE RESTAURANT""]","[""alcohol_license""]",Casarecce,pending,pending
BH-32d9072111dc417f,CASTANEDA GOMEZ CORPORATION,CASTANEDAGOMEZCORPORATION,"[""LB-99381""]","[""LA FONDA COLOMBIANA""]","[""alcohol_license""]",CASTANEDA GOMEZ,pending,pending
BH-770cd5da7e2aa7f7,"CASTILLO BEER, WINE AND LIQUORS, LLC",CASTILLOBEERWINEANDLIQUORSLLC,"[""LB-101914""]",[],"[""alcohol_license""]","CASTILLO BEER, WINE AND LIQUORS",pending,pending
BH-54f020e093e95fa9,CASTILLO EGLESTON LIQUORS LLC,CASTILLOEGLESTONLIQUORSLLC,"[""LB-101932""]",[],"[""alcohol_license""]",CASTILLO EGLESTON LIQUORS,pending,pending
BH-df05c23375a3bd2c,"CASTILLO LIQUORS, INC.",CASTILLOLIQUORSINC,"[""LB-101904""]","[""CASTILLO LIQUORS""]","[""alcohol_license""]",CASTILLO LIQUORS,pending,pending
BH-1d1b22b38020f422,"Castillo Morton Street, LLC",CASTILLOMORTONSTREETLLC,"[""LB-101905""]","[""Castillo Liquors""]","[""alcohol_license""]",Castillo Morton Street,complete,pending
BH-d42aa121f7d12df5,"Castle Island C2H, LLC",CASTLEISLANDC2HLLC,"[""LB-523577""]","[""Castle Island Brewing Co.""]","[""alcohol_license""]",Castle Island C2H,pending,pending
BH-02245659a2925a7d,Cathleen Stone Island Education Center Inc.,CATHLEENSTONEISLANDEDUCATIONCENTERINC,"[""LB-148028""]",[],"[""alcohol_license""]",Cathleen Stone Island Education Center,pending,pending
BH-11c3a371c3e86d52,"CAZAROSSI, LLC",CAZAROSSILLC,"[""LB-138939""]","[""Frenchie""]","[""alcohol_license""]",CAZAROSSI,pending,pending
BH-d186013f85d0aeda,"CCC’s Boston 88 Exeter Holdco, LLC",CCCSBOSTON88EXETERHOLDCOLLC,"[""LB-101675""]","[""COURTYARD BY MARRIOTT""]","[""alcohol_license""]",CCC’s Boston 88 Exeter Holdco,pending,pending
BH-0993c29e048c4f37,CECIL W. FOGG THOMAS J. ROBERTS POST #78,CECILWFOGGTHOMASJROBERTSPOST78,"[""LB-98838""]","[""FOGG-ROBERTS POST""]","[""alcohol_license""]",CECIL W. FOGG THOMAS J. ROBERTS POST #78,pending,pending
BH-7fc1747eb2e5d7de,"CENTER HOUSE OF PIZZA, INC.",CENTERHOUSEOFPIZZAINC,"[""LB-99661""]","[""ESPERIA GRILL & ROTISSERIE""]","[""alcohol_license""]",CENTER HOUSE OF PIZZA,pending,pending
BH-d3353401e41a3f3c,Centre Foodservice LLC,CENTREFOODSERVICELLC,"[""LB-615311""]","[""Maria's Kitchen""]","[""alcohol_license""]",Centre Foodservice,pending,pending
BH-6b299794807fdc5b,"CFH 1234 Soldiers Field Road, LLC",CFH1234SOLDIERSFIELDROADLLC,"[""LB-99431""]","[""Craft Food Halls""]","[""alcohol_license""]",CFH 1234 Soldiers Field Road,pending,pending
BH-989744baa6bcc4d5,"C&G CORP., INC",CGCORPINC,"[""LB-154430""]","[""L STREET MARKET""]","[""alcohol_license""]",C&G CORP.,pending,pending
BH-dbcf34c11507371a,"Chamas Mart & Convenience Store, Inc.",CHAMASMARTCONVENIENCESTOREINC,"[""LB-590956""]",[],"[""alcohol_license""]",Chamas Mart & Convenience Store,pending,pending
BH-2cc798cc93b2a16c,CHANG XIN GLOBAL CREATIONS CO.,CHANGXINGLOBALCREATIONSCO,"[""LB-99221""]","[""Bootleg Special""]","[""alcohol_license""]",CHANG XIN GLOBAL CREATIONS CO.,pending,pending
BH-f95794633e0a28bf,"CHANSKY MARKET, INC.",CHANSKYMARKETINC,"[""LB-102011""]","[""CHANSKY'S SUPER MARKET""]","[""alcohol_license""]",CHANSKY MARKET,pending,pending
BH-ebec87a170fdbfa5,"CHANS LIQUOR AND WINE, INC..",CHANSLIQUORANDWINEINC,"[""LB-101921""]","[""CHARLESTOWN LIQUORS""]","[""alcohol_license""]","CHANS LIQUOR AND WINE, INC..",pending,pending
BH-2c9db009e5714282,"CHAN'S WINE & SPIRITS-DORCHESTER, INC.",CHANSWINESPIRITSDORCHESTERINC,"[""LB-101885""]","[""ALEXANDER'S WINE & SPIRITS""]","[""alcohol_license""]",CHAN'S WINE & SPIRITS-DORCHESTER,pending,pending
BH-e08dd040d07fb3e2,CHARLESMARK HOTEL LLC,CHARLESMARKHOTELLLC,"[""LB-101662""]","[""Charlesmark Hotel and Cafe Landwer""]","[""alcohol_license""]",CHARLESMARK HOTEL,pending,pending
BH-171452984cfa63b9,"CHAU CHOW III, LLC",CHAUCHOWIIILLC,"[""LB-99608""]","[""CHAU CHOW""]","[""alcohol_license""]",CHAU CHOW III,pending,pending
BH-8b2ed5b5ec3ee151,"Chauncy Liquor, Inc.",CHAUNCYLIQUORINC,"[""LB-101933""]","[""Chauncy Liquor Mart""]","[""alcohol_license""]",Chauncy Liquor,pending,pending
BH-7f53a69e9839eafe,"CHEESINE, INC.",CHEESINEINC,"[""LB-99635""]","[""FROMAGE""]","[""alcohol_license""]",CHEESINE,pending,pending
BH-e3457b8a36072344,CHELSEA CITY SQUARE CORP.,CHELSEACITYSQUARECORP,"[""LB-99406""]","[""Blackmoor Bar & Kitchen""]","[""alcohol_license""]",CHELSEA CITY SQUARE,pending,pending
BH-d356d7498864f73f,"CHICKADEE, LLC",CHICKADEELLC,"[""LB-99111""]","[""CHICKADEE""]","[""alcohol_license""]",CHICKADEE,pending,pending
BH-1ebe0fd0176c433e,Chilin Union Street LLC,CHILINUNIONSTREETLLC,"[""LB-98993""]","[""Tiki Cove""]","[""alcohol_license""]",Chilin Union Street,pending,pending
BH-4dea71a6ddc01e9f,CHILTON CLUB,CHILTONCLUB,"[""LB-98811""]",[],"[""alcohol_license""]",CHILTON CLUB,pending,pending
BH-dca801da2e057138,"CHIN FAMILY, LLC",CHINFAMILYLLC,"[""LB-99122""]","[""CORNER PUB OF CHINATOWN""]","[""alcohol_license""]",CHIN FAMILY,pending,pending
BH-2aa85b8e220ba799,"CHLN, INC.",CHLNINC,"[""LB-99129""]","[""THE CHART HOUSE""]","[""alcohol_license""]",CHLN,pending,pending
BH-30670cd1da99b825,"CHOICE MART, INC.",CHOICEMARTINC,"[""LB-101860""]","[""CHOICE MART""]","[""alcohol_license""]",CHOICE MART,pending,pending
BH-7a07a6b47f2d0a8f,Chokdee Rumruai Munkong Inc.,CHOKDEERUMRUAIMUNKONGINC,"[""LB-519528""]","[""Thai Oishi""]","[""alcohol_license""]",Chokdee Rumruai Munkong,pending,pending
BH-5a34c9a1415b402b,"Cholo Brothers, LLC",CHOLOBROTHERSLLC,"[""LB-584097""]","[""Peruvian Taste Restaurant""]","[""alcohol_license""]",Cholo Brothers,pending,pending
BH-3a1bf0f8e458c7e9,CHSP TRS BOSTON II LLC,CHSPTRSBOSTONIILLC,"[""LB-101643""]","[""HYATT REGENCY BOSTON""]","[""alcohol_license""]",CHSP TRS BOSTON II,pending,pending
BH-89b0af73ac8a33e4,"CHUCK'S CAFE, INC.",CHUCKSCAFEINC,"[""LB-99790""]","[""THE PARAMOUNT""]","[""alcohol_license""]",CHUCK'S CAFE,pending,pending
BH-55bc80204a90537e,Cilantro Latin Kitchen Corp.,CILANTROLATINKITCHENCORP,"[""LB-598021""]","[""Merengue Express""]","[""alcohol_license""]",Cilantro Latin Kitchen,pending,pending
BH-d5d9fba9c85e1cac,"CILL DARA, INC.",CILLDARAINC,"[""LB-99257""]","[""Eugene O'Neill's""]","[""alcohol_license""]",CILL DARA,pending,pending
BH-67d5103857e29279,"Cisco Brewers, Distillers & Vintners Fenway, Inc.",CISCOBREWERSDISTILLERSVINTNERSFENWAYINC,"[""LB-590354"", ""LB-590360""]","[""Cisco Fenway""]","[""alcohol_license""]","Cisco Brewers, Distillers & Vintners Fenway",pending,pending
BH-bb67c877c31b7644,"Cisco Brewers, Distillers, Vintners, Seaport, Inc.",CISCOBREWERSDISTILLERSVINTNERSSEAPORTINC,"[""LB-471213""]","[""Cisco Seaport""]","[""alcohol_license""]","Cisco Brewers, Distillers, Vintners, Seaport",pending,pending
BH-9a0fa20f05e5a7ea,CITY FEED & SUPPLY INC.,CITYFEEDSUPPLYINC,"[""LB-102052""]","[""CITY FEED AND SUPPLY""]","[""alcohol_license""]",CITY FEED & SUPPLY,pending,pending
BH-8ec9de824393e169,"CITY ROADHOUSE, INC.",CITYROADHOUSEINC,"[""LB-99015""]","[""HARRY'S BAR AND GRILL""]","[""alcohol_license""]",CITY ROADHOUSE,pending,pending
BH-f55d26eb40e77fde,"CITY TAP HOUSE FORT POINT, LLC",CITYTAPHOUSEFORTPOINTLLC,"[""LB-99235""]","[""CITY TAP HOUSE""]","[""alcohol_license""]",CITY TAP HOUSE FORT POINT,pending,pending
BH-37e0d92fee3542c9,CJ & BT Corporation,CJBTCORPORATION,"[""LB-99579""]","[""Saigon Chicken House""]","[""alcohol_license""]",CJ & BT,pending,pending
BH-92e17a9889dd4fd0,"CJ WASHINGTON STREET, LLC",CJWASHINGTONSTREETLLC,"[""LB-101652""]","[""DOUBLETREE HOTEL-BOSTON""]","[""alcohol_license""]",CJ WASHINGTON STREET,pending,pending
BH-c89c4a26f9610561,"CLARENDON RESTAURANT, LLC",CLARENDONRESTAURANTLLC,"[""LB-99365""]","[""Grand Banks Fish House""]","[""alcohol_license""]",CLARENDON RESTAURANT,pending,pending
BH-7de45df96e5fc9f5,"Clarendon Square Hospitality, LLC",CLARENDONSQUAREHOSPITALITYLLC,"[""LB-99782""]",[],"[""alcohol_license""]",Clarendon Square Hospitality,pending,pending
BH-40cef717c89a993b,"C&L GROUP, INC.",CLGROUPINC,"[""LB-101869""]","[""BLUE LABEL LIQUORS""]","[""alcohol_license""]",C&L GROUP,pending,pending
BH-ea6c91b423648098,CLOTILDE SPAGNUOLO IANDOLI,CLOTILDESPAGNUOLOIANDOLI,"[""LB-99084""]","[""SPAGNUOLO CAFE""]","[""alcohol_license""]",CLOTILDE SPAGNUOLO IANDOLI,pending,pending
BH-3e80acc0f3c5c69f,"CLOVER VENTURES, LLC",CLOVERVENTURESLLC,"[""LB-99443""]","[""BOSTONIA PUBLIC HOUSE""]","[""alcohol_license""]",CLOVER VENTURES,pending,pending
BH-f9b9a44e28a8f321,CM DIAMOND IMPORTERS LLC,CMDIAMONDIMPORTERSLLC,"[""LB-99311""]",[],"[""alcohol_license""]",CM DIAMOND IMPORTERS,pending,pending
BH-5c26004c3e27127a,"CMG 10 PO Square, LLC",CMG10POSQUARELLC,"[""LB-400468""]","[""Mariel""]","[""alcohol_license""]",CMG 10 PO Square,pending,pending
BH-c6f163c6491ee71a,CMG 225 Northern Ave LLC,CMG225NORTHERNAVELLC,"[""LB-99063""]",[],"[""alcohol_license""]",CMG 225 Northern Ave,pending,pending
BH-0f0e2d58c99312c5,CMG CP1 LLC,CMGCP1LLC,"[""LB-99457""]","[""Caveau""]","[""alcohol_license""]",CMG CP1,complete,pending
BH-af86622cebb1fff6,"CMR PRIME, LLC",CMRPRIMELLC,"[""LB-99051""]","[""OCEAN PRIME""]","[""alcohol_license""]",CMR PRIME,pending,pending
BH-3085853b14334718,COBBAGE RESTAURANT CORP.,COBBAGERESTAURANTCORP,"[""LB-99527""]","[""DINO'S""]","[""alcohol_license""]",COBBAGE RESTAURANT,pending,pending
BH-ef98352aee2fa540,"CODE 20, LLC",CODE20LLC,"[""LB-101950""]","[""TOP SHELF""]","[""alcohol_license""]",CODE 20,pending,pending
BH-a6fc08509deea684,"CODMAN SQUARE LIQUORS, LLC",CODMANSQUARELIQUORSLLC,"[""LB-101939""]","[""CROWN LIQUORS II""]","[""alcohol_license""]",CODMAN SQUARE LIQUORS,pending,pending
BH-0f3d1f8546b71b4a,"COLONIAL TAVERN, INCORPORATED",COLONIALTAVERNINCORPORATED,"[""LB-98962""]","[""JACQUES RESTAURANT""]","[""alcohol_license""]",COLONIAL TAVERN,pending,pending
BH-fbf7a51c43b28e94,"COLUMBUS AVENUE LIQUOR GROUP, INC.",COLUMBUSAVENUELIQUORGROUPINC,"[""LB-101943""]","[""WINE EMPORIUM""]","[""alcohol_license""]",COLUMBUS AVENUE LIQUOR GROUP,pending,pending
BH-6202a7b91dc78245,"COLUMBUS FISH AND OYSTER, LLC",COLUMBUSFISHANDOYSTERLLC,"[""LB-99396""]","[""OSTRA""]","[""alcohol_license""]",COLUMBUS FISH AND OYSTER,pending,pending
BH-1a5f497ed24efec7,COLUMBUS MANAGING CORP.,COLUMBUSMANAGINGCORP,"[""LB-99615""]","[""DELPHINO'S RESTAURANT""]","[""alcohol_license""]",COLUMBUS MANAGING,pending,pending
BH-abe85271d7265f8a,"Colwen Management, Inc.",COLWENMANAGEMENTINC,"[""LB-202268"", ""LB-202281"", ""LB-99404""]","[""AC HOTEL BY MARRIOTT CLEVELAND CIRCLE"", ""AC Hotel by Marriott South End"", ""Residence Inn by Marriott South End Boston""]","[""alcohol_license""]",Colwen Management,pending,pending
BH-2629ac857d7fa860,COMMON VINES LLC,COMMONVINESLLC,"[""LB-202968""]","[""Georgie’s Wine Shop""]","[""alcohol_license""]",COMMON VINES,pending,pending
BH-5b4f8052223b9db4,"Commonwealth Cellars, Inc.",COMMONWEALTHCELLARSINC,"[""LB-101992""]","[""Commonwealth Cellars""]","[""alcohol_license""]",Commonwealth Cellars,pending,pending
BH-f14f574015ceea5c,"Commonwealth Hospitality, LLC",COMMONWEALTHHOSPITALITYLLC,"[""LB-202300""]","[""Taqueria""]","[""alcohol_license""]",Commonwealth Hospitality,pending,pending
BH-7d25bf4133a15b76,Commonwealth Zoological Corporation,COMMONWEALTHZOOLOGICALCORPORATION,"[""LB-578146""]","[""Zoo New England""]","[""alcohol_license""]",Commonwealth Zoological,pending,pending
BH-843e7d474d6078d5,"CONCA, INC.",CONCAINC,"[""LB-99089""]","[""RISTORANTE LUCIA""]","[""alcohol_license""]",CONCA,pending,pending
BH-fa17de0d551ca514,"CONCORDE ENTERTAINMENT, INC.",CONCORDEENTERTAINMENTINC,"[""LB-99448""]","[""BILL'S BAR/THE LANSDOWNE PUB""]","[""alcohol_license""]",CONCORDE ENTERTAINMENT,pending,pending
BH-abd49ddb963642be,"CONEY ISLAND BAR, INC.",CONEYISLANDBARINC,"[""LB-99135""]","[""CORRIB PUB""]","[""alcohol_license""]",CONEY ISLAND BAR,pending,pending
BH-61bd6f54f27ce57b,"CONGRESS FINE DINING, LLC",CONGRESSFINEDININGLLC,"[""LB-99424""]","[""LUCKY'S""]","[""alcohol_license""]",CONGRESS FINE DINING,pending,pending
BH-bad608025dc8964d,Con Rua LLC,CONRUALLC,"[""LB-592801""]","[""Mo's Tavern & Kitchen""]","[""alcohol_license""]",Con Rua,pending,pending
BH-dd5b3dc00e53ad4a,"Con Sabor A Colombia, Inc.",CONSABORACOLOMBIAINC,"[""LB-577182""]",[],"[""alcohol_license""]",Con Sabor A Colombia,pending,pending
BH-c62c6695c982c26f,"CONTILLI'S, INC.",CONTILLISINC,"[""LB-99148""]","[""Eddie C's""]","[""alcohol_license""]",CONTILLI'S,pending,pending
BH-47ef1a31a1aaa1e7,"Cool Hand Luke, Inc.",COOLHANDLUKEINC,"[""LB-99043""]","[""The Bowery""]","[""alcohol_license""]",Cool Hand Luke,pending,pending
BH-27617e77f6b10dd2,"Cool Shade Jamaican Restaurant, LLC",COOLSHADEJAMAICANRESTAURANTLLC,"[""LB-592810""]","[""Cool Shade Jamaican Restaurant""]","[""alcohol_license""]",Cool Shade Jamaican Restaurant,pending,pending
BH-ce3fbfcb4103411b,CORK & TIPP TAVERN INC.,CORKTIPPTAVERNINC,"[""LB-98967""]","[""TAVERN AT THE END OF THE WORLD""]","[""alcohol_license""]",CORK & TIPP TAVERN,pending,pending
BH-109aeeb065932d64,"CORNER CAFE, INC..",CORNERCAFEINC,"[""LB-99195""]","[""CORNER CAFE""]","[""alcohol_license""]","CORNER CAFE, INC..",pending,pending
BH-19b4c1d5d7b8b796,"Corporacion Bani, Ltd.",CORPORACIONBANILTD,"[""LB-387106""]","[""Pimental Market""]","[""alcohol_license""]","Corporacion Bani, Ltd.",pending,pending
BH-c20e04bbf1b219b2,"CORREIA, INC.",CORREIAINC,"[""LB-99172""]","[""TOP MIX BAR AND KITCHEN""]","[""alcohol_license""]",CORREIA,pending,pending
BH-ad3e4693f2134c17,"COSTELLO'S TAVERN, INC.",COSTELLOSTAVERNINC,"[""LB-98984""]","[""COSTELLO'S TAVERN""]","[""alcohol_license""]",COSTELLO'S TAVERN,pending,pending
BH-69628655299a1fbb,Courtyard Management LLC.,COURTYARDMANAGEMENTLLC,"[""LB-101640""]","[""Courtyard Boston Downtown""]","[""alcohol_license""]",Courtyard Management,pending,pending
BH-d4c44dcd4d53217b,Craft Food Hall Project Holdings LLC,CRAFTFOODHALLPROJECTHOLDINGSLLC,"[""LB-99164""]","[""Craft Food Halls - One Post Office Square""]","[""alcohol_license""]",Craft Food Hall Project Holdings,pending,pending
BH-e34908d5db315e67,"Crazy Good Kitchen, LLC",CRAZYGOODKITCHENLLC,"[""LB-99587""]",[],"[""alcohol_license""]",Crazy Good Kitchen,pending,pending
BH-5d6c0ed9ea27cdd0,Crazy Tiger LLC,CRAZYTIGERLLC,"[""LB-99305""]","[""Kahaani On Broadway""]","[""alcohol_license""]",Crazy Tiger,pending,pending
BH-bbe3824706c91d43,CRG License Holdings LLC,CRGLICENSEHOLDINGSLLC,"[""LB-99052""]","[""PADDY O'S""]","[""alcohol_license""]",CRG License Holdings,pending,pending
BH-710577c6b33662de,"CRG WATER, LLC",CRGWATERLLC,"[""LB-99399""]",[],"[""alcohol_license""]",CRG WATER,pending,pending
BH-71c5f1c0ee99a8ee,"CROKE PARK, INC.",CROKEPARKINC,"[""LB-99299""]","[""CROKE PARK""]","[""alcohol_license""]",CROKE PARK,pending,pending
BH-8566ef814c117693,"CROWN LIQUORS, LLC",CROWNLIQUORSLLC,"[""LB-101956""]","[""CROWN LIQUORS""]","[""alcohol_license""]",CROWN LIQUORS,pending,pending
BH-8ed8f2dda7a97fad,Cruise Hospitality LLC,CRUISEHOSPITALITYLLC,"[""LB-99161""]","[""AVRA""]","[""alcohol_license""]",Cruise Hospitality,pending,pending
BH-4fd95913f7632df3,"Crystal Spoons, LLC",CRYSTALSPOONSLLC,"[""LB-580947""]",[],"[""alcohol_license""]",Crystal Spoons,pending,pending
BH-e6ea4d32230220d2,"CT Eatery, LLC.",CTEATERYLLC,"[""LB-445633"", ""LB-98909"", ""LB-99284""]","[""Lucky Tiger"", ""Tradesman Charlestown"", ""Urban Wild""]","[""alcohol_license""]",CT Eatery,pending,pending
BH-9a07d36594e5dfa8,"CUISINE DE ASIA, INC.",CUISINEDEASIAINC,"[""LB-99397""]","[""BILLY TSE RESTAURANT""]","[""alcohol_license""]",CUISINE DE ASIA,pending,pending
BH-6a9c9509c31656b5,"CWBR, LLC",CWBRLLC,"[""LB-99147""]","[""CITY WINERY""]","[""alcohol_license""]",CWBR,pending,pending
BH-f2509fd7206a7cb9,"DA CROSSING, LLC",DACROSSINGLLC,"[""LB-99081""]","[""JM Curley/Bogie’s Place/The Wig Shop Lounge""]","[""alcohol_license""]",DA CROSSING,pending,pending
BH-e293c7ab507e9e29,Dan Food Service Corp,DANFOODSERVICECORP,"[""LB-523591"", ""LB-621292""]","[""Gachi Sushi and Noodles""]","[""alcohol_license""]",Dan Food Service,pending,pending
BH-7585f3ee6cc9f264,"Dani’s Queer Bar, LLC",DANISQUEERBARLLC,"[""LB-98952""]","[""Dani’s Queer Bar""]","[""alcohol_license""]",Dani’s Queer Bar,pending,pending
BH-76db94dc114bc1d7,"DAO AO, INC",DAOAOINC,"[""LB-99599""]","[""SHAKING SEAFOOD""]","[""alcohol_license""]",DAO AO,pending,pending
BH-eb2a03008f24047b,"DARTCOM, LLC",DARTCOMLLC,"[""LB-99016""]","[""Buttermilk & Bourbon""]","[""alcohol_license""]",DARTCOM,pending,pending
BH-d6c1163003178616,"DASANG ENTERPRISES, INC.",DASANGENTERPRISESINC,"[""LB-101997""]","[""FORT POINT MARKET""]","[""alcohol_license""]",DASANG ENTERPRISES,pending,pending
BH-ff118a0875283032,"DAWA MD, INC.",DAWAMDINC,"[""LB-99817""]","[""MYUNGDONG 1ST AVENUE""]","[""alcohol_license""]",DAWA MD,pending,pending
BH-7d0803d9225ecf3f,DBMK CORP.,DBMKCORP,"[""LB-99531""]","[""JONGRO BBQ""]","[""alcohol_license""]",DBMK,pending,pending
BH-63150a9030c66328,"D & D HOSPITALITY, LLC",DDHOSPITALITYLLC,"[""LB-99295""]","[""PUBLICO""]","[""alcohol_license""]",D & D HOSPITALITY,pending,pending
BH-2cf7144ebc793772,"DEARBORN LIQUOR STORE, INC.",DEARBORNLIQUORSTOREINC,"[""LB-101963""]","[""DEARBORN WINE""]","[""alcohol_license""]",DEARBORN LIQUOR STORE,pending,pending
BH-b8ceec7be8f2a077,DECIBEL ENTERPRISES LLC,DECIBELENTERPRISESLLC,"[""LB-99357""]","[""dbar""]","[""alcohol_license""]",DECIBEL ENTERPRISES,pending,pending
BH-642a3410790bea83,"DEEP ELLUM, INC.",DEEPELLUMINC,"[""LB-99320""]","[""Lone Star Taco Bar""]","[""alcohol_license""]",DEEP ELLUM,pending,pending
BH-63593b2b49e09c09,"Delaware North Boston Flight, LLC",DELAWARENORTHBOSTONFLIGHTLLC,"[""LB-373394"", ""LB-382644"", ""LB-383161"", ""LB-383184"", ""LB-402436"", ""LB-408105"", ""LB-414874"", ""LB-414876""]","[""Alta Strada"", ""B Good Burger"", ""Boston Bruins Bar"", ""Mija Cantina"", ""Monica's Mercato"", ""Pei Wei/Wolfgang Puck Pizza"", ""Tico Tacos""]","[""alcohol_license""]",Delaware North Boston Flight,pending,pending
BH-76f162dc2ffea3ca,"DEL FRISCO'S OF BOSTON, LLC",DELFRISCOSOFBOSTONLLC,"[""LB-99080""]","[""DEL FRISCO'S""]","[""alcohol_license""]",DEL FRISCO'S OF BOSTON,pending,pending
BH-672e09b4e811371f,"DELTA AIR LINES, INC.",DELTAAIRLINESINC,"[""LB-115958"", ""LB-420671"", ""LB-482851""]","[""Delta Sky Club"", ""Delta Sky Club Express""]","[""alcohol_license""]",DELTA AIR LINES,pending,pending
BH-76b0640564a5c311,Democracy 154 Maverick LLC,DEMOCRACY154MAVERICKLLC,"[""LB-596046""]",[],"[""alcohol_license""]",Democracy 154 Maverick,pending,pending
BH-f676f33479773d85,"Den Cinco, LLC",DENCINCOLLC,"[""LB-99318""]","[""Borrachito/The Garret Boston""]","[""alcohol_license""]",Den Cinco,pending,pending
BH-55012beb6c4f57bb,Depot Dining Inc.,DEPOTDININGINC,"[""LB-98971""]","[""Hobson's Bar & Kitchen""]","[""alcohol_license""]",Depot Dining,pending,pending
BH-7b79777e3a3d5e3d,DERMOT'S LLC,DERMOTSLLC,"[""LB-160915""]","[""THE PENGUIN""]","[""alcohol_license""]",DERMOT'S,pending,pending
BH-831a8e9754f34a53,"DEUTERIO'S, INC.",DEUTERIOSINC,"[""LB-99526""]","[""GALLERIA UMBERTO""]","[""alcohol_license""]",DEUTERIO'S,pending,pending
BH-0de7451db3c98a9d,DEV CORP.,DEVCORP,"[""LB-99024""]","[""DEVLIN'S""]","[""alcohol_license""]",DEV,pending,pending
BH-a9ddee8a7a24fb50,"DEVONSHIRE WINE, LLC",DEVONSHIREWINELLC,"[""LB-101991""]","[""BOSTON WINE EXCHANGE""]","[""alcohol_license""]",DEVONSHIRE WINE,pending,pending
BH-9375d7988d5e5ab8,"DFD RESTAURANT GROUP, LLC",DFDRESTAURANTGROUPLLC,"[""LB-99385""]","[""RISTORANTE TOSCANO""]","[""alcohol_license""]",DFD RESTAURANT GROUP,pending,pending
BH-8fcab203e4d66483,D & G BROTHERS LLC,DGBROTHERSLLC,"[""LB-99542""]","[""ICHIBAN YAKITORI SUSHI HOUSE""]","[""alcohol_license""]",D & G BROTHERS,pending,pending
BH-a6d5489a765497b6,DIAMONDROCK BOSTON BROAD ST TENANT LLC,DIAMONDROCKBOSTONBROADSTTENANTLLC,"[""LB-101650""]","[""The Dagny""]","[""alcohol_license""]",DIAMONDROCK BOSTON BROAD ST TENANT,pending,pending
BH-fa388a9cfbec32f3,"DIAMONDROCK BOSTON TENANT, LLC",DIAMONDROCKBOSTONTENANTLLC,"[""LB-101660""]","[""WESTIN BOSTON WATERFRONT""]","[""alcohol_license""]",DIAMONDROCK BOSTON TENANT,pending,pending
BH-576c530417cc55ae,"DIRT + WATER, LLC",DIRTWATERLLC,"[""LB-99529""]","[""haley.henry""]","[""alcohol_license""]",DIRT + WATER,pending,pending
BH-20d27489de59d9ae,Diyan2019 Corp.,DIYAN2019CORP,"[""LB-101911""]","[""Jersey Street Liquors""]","[""alcohol_license""]",Diyan2019,pending,pending
BH-b87b53c0abf452f5,"DLW DINE BOSTON, LLC",DLWDINEBOSTONLLC,"[""LB-476657""]","[""Dine Boston Bar & Grille""]","[""alcohol_license""]",DLW DINE BOSTON,pending,pending
BH-759ee589c7051872,DLY HOT POT ALLSTON LLC,DLYHOTPOTALLSTONLLC,"[""LB-99556""]","[""DALONGYI HOT POT""]","[""alcohol_license""]",DLY HOT POT ALLSTON,pending,pending
BH-8271f0c3811fa146,Dockshare LLC,DOCKSHARELLC,"[""LB-612513""]","[""Holdfast Specialty Seafood Rolls""]","[""alcohol_license""]",Dockshare,pending,pending
BH-69e70afed0af8a2d,DOLCE FUMO RESTAURANT CORP.,DOLCEFUMORESTAURANTCORP,"[""LB-99726""]","[""RABIA'S DOLCE FUMO""]","[""alcohol_license""]",DOLCE FUMO RESTAURANT,pending,pending
BH-20775c7ff5bd20a7,"Dominican Kitchen, Inc.",DOMINICANKITCHENINC,"[""LB-578141""]","[""La Parada Dominican Kitchen""]","[""alcohol_license""]",Dominican Kitchen,pending,pending
BH-53a0725ac0a75ccf,"DONAN, INC.",DONANINC,"[""LB-99403""]","[""ARTU""]","[""alcohol_license""]",DONAN,pending,pending
BH-f3121f4a9d04cae8,DON'T LOOK BACK LESSEE,DONTLOOKBACKLESSEE,"[""LB-101667""]","[""LIBERTY HOTEL""]","[""alcohol_license""]",DON'T LOOK BACK LESSEE,pending,pending
BH-8f6dad975f65c4d0,"Dorchester Beer Holding, LLC",DORCHESTERBEERHOLDINGLLC,"[""LB-409597""]","[""Dorchester Brewing Company""]","[""alcohol_license""]",Dorchester Beer Holding,pending,pending
BH-c04aac0d7a211057,DORCHESTER BEER HOLDINGS LLC,DORCHESTERBEERHOLDINGSLLC,"[""LB-622335""]","[""Dorchester Brewing Company""]","[""alcohol_license""]",DORCHESTER BEER HOLDINGS,pending,pending
BH-0616fcb6089b2b45,"DORCHESTER LIQUOR GROUP, INC.",DORCHESTERLIQUORGROUPINC,"[""LB-101855""]","[""BLUE HILL SUPERETTE""]","[""alcohol_license""]",DORCHESTER LIQUOR GROUP,pending,pending
BH-5742c01c4a1513ca,Dorchester Market LLC,DORCHESTERMARKETLLC,"[""LB-485386""]","[""Dorchester Market""]","[""alcohol_license""]",Dorchester Market,pending,pending
BH-d15e66e55257dd37,"DORCHESTER SUPREME LIQUOR STORE, INC.",DORCHESTERSUPREMELIQUORSTOREINC,"[""LB-101886""]","[""SUPREME LIQUORS""]","[""alcohol_license""]",DORCHESTER SUPREME LIQUOR STORE,pending,pending
BH-4afea912f6ac5f8a,"Dorchester Tavern, LLC",DORCHESTERTAVERNLLC,"[""LB-99050""]","[""DOT TAVERN""]","[""alcohol_license""]",Dorchester Tavern,pending,pending
BH-d3d3ae38f5ab38a5,DORSET RESTAURANT GROUP LLC,DORSETRESTAURANTGROUPLLC,"[""LB-157964""]","[""LANDMARK PUBLIC HOUSE""]","[""alcohol_license""]",DORSET RESTAURANT GROUP,pending,pending
BH-6e53a33cbb963f61,"DOT Associates, LLC",DOTASSOCIATESLLC,"[""LB-99134""]","[""The Chester Tavern""]","[""alcohol_license""]",DOT Associates,pending,pending
BH-b2260c6648f301d1,"DOT LIQUOR, LLC",DOTLIQUORLLC,"[""LB-99048""]","[""DOT LIQUOR""]","[""alcohol_license""]",DOT LIQUOR,pending,pending
BH-1025735cccbd9180,"DQC, Inc.",DQCINC,"[""LB-598023""]","[""Chilacates Cantina""]","[""alcohol_license""]",DQC,pending,pending
BH-ea15174f27cdefd8,"DRAM, LLC",DRAMLLC,"[""LB-99256""]","[""THE CITIZEN""]","[""alcohol_license""]",DRAM,pending,pending
BH-d3b0d0569ab538b6,"Drawdown Brewing Company, LLC",DRAWDOWNBREWINGCOMPANYLLC,"[""LB-515583""]","[""Drawdown Brewing""]","[""alcohol_license""]",Drawdown Brewing Company,pending,pending
BH-64e64153cd61869d,"DRYDOCK CAFE, LLC",DRYDOCKCAFELLC,"[""LB-99859""]",[],"[""alcohol_license""]",DRYDOCK CAFE,pending,pending
BH-bfdb26edc3c0de58,"D STREET MUSIC, LLC",DSTREETMUSICLLC,"[""LB-99070""]","[""D's Keys Dueling Pianos""]","[""alcohol_license""]",D STREET MUSIC,pending,pending
BH-1f7886c58f55751b,"DTDA Enterprises, Inc.",DTDAENTERPRISESINC,"[""LB-578134""]","[""Don Tequeno y Dona Arepa""]","[""alcohol_license""]",DTDA Enterprises,pending,pending
BH-3a952b196ac60869,"DU FOURS, INC.",DUFOURSINC,"[""LB-99078""]","[""CASA ROMERO""]","[""alcohol_license""]",DU FOURS,pending,pending
BH-872edf1e5b8ce5a8,"DUMPLING CAFE, INC.",DUMPLINGCAFEINC,"[""LB-99870""]","[""DUMPLING CAFE""]","[""alcohol_license""]",DUMPLING CAFE,pending,pending
BH-541fa14a1ea872c3,"DUNBOY, INC.",DUNBOYINC,"[""LB-99157""]","[""MJ O'CONNOR'S IRISH PUB""]","[""alcohol_license""]",DUNBOY,pending,pending
BH-d6db2d859d24bd8a,DW Cafe Corporation,DWCAFECORPORATION,"[""LB-99781""]","[""Somenya Restaurant""]","[""alcohol_license""]",DW Cafe,pending,pending
BH-b7874850e1135378,"DW French, LLC",DWFRENCHLLC,"[""LB-99023""]","[""MIDA""]","[""alcohol_license""]",DW French,pending,pending
BH-9b9130ad9aecdd5d,"Dynasty Restaurant, Inc.",DYNASTYRESTAURANTINC,"[""LB-99763""]","[""Dynasty Restaurant""]","[""alcohol_license""]",Dynasty Restaurant,pending,pending
BH-efcc4537ee9de701,"EAGLE LIQUORS, INC.",EAGLELIQUORSINC,"[""LB-101969""]","[""EAGLE LIQUORS""]","[""alcohol_license""]",EAGLE LIQUORS,pending,pending
BH-433d3c0733ebbea3,"Eagles Deli,Inc.",EAGLESDELIINC,"[""LB-433376""]","[""Eagles Deli""]","[""alcohol_license""]","Eagles Deli,Inc.",pending,pending
BH-e36073b0027d45e1,EAHG Boston 2 TRS LLC,EAHGBOSTON2TRSLLC,"[""LB-101655""]","[""Hotel AKA Boston Common""]","[""alcohol_license""]",EAHG Boston 2 TRS,pending,pending
BH-e30f32465e60b094,EAHG Boston TRS LLC,EAHGBOSTONTRSLLC,"[""LB-101658""]","[""Hotel AKA Back Bay""]","[""alcohol_license""]",EAHG Boston TRS,pending,pending
BH-6417d36e3e9fe08e,"EARL'S RESTAURANT (BOSTON, MA) INC.",EARLSRESTAURANTBOSTONMAINC,"[""LB-162550""]","[""EARL'S KITCHEN + BAR""]","[""alcohol_license""]","EARL'S RESTAURANT (BOSTON, MA)",pending,pending
BH-d898fe8e5ffd5ca4,"Earl's Restaurant (Seaport, MA) Inc.",EARLSRESTAURANTSEAPORTMAINC,"[""LB-99339""]","[""Earl's Kitchen + Bar""]","[""alcohol_license""]","Earl's Restaurant (Seaport, MA)",pending,pending
BH-a284f722590de3cd,Early Monsoon LLC,EARLYMONSOONLLC,"[""LB-99092""]","[""Don’t Tell Aunty""]","[""alcohol_license""]",Early Monsoon,pending,pending
BH-79fa0ed69aced3f4,East Boston Kappy’s Inc.,EASTBOSTONKAPPYSINC,"[""LB-101858""]","[""Kappy’s Fine Wine & Spirits""]","[""alcohol_license""]",East Boston Kappy’s,pending,pending
BH-71cf0f56be28fb28,"EAST BOSTON YACHT CLUB,INC.",EASTBOSTONYACHTCLUBINC,"[""LB-98808""]",[],"[""alcohol_license""]","EAST BOSTON YACHT CLUB,INC.",pending,pending
BH-c933f0a6e73368f8,"Eastie Caffe Dello Sport, Inc.",EASTIECAFFEDELLOSPORTINC,"[""LB-578142""]","[""Caffe Dello Sport Eastie""]","[""alcohol_license""]",Eastie Caffe Dello Sport,pending,pending
BH-cf7105646279cb24,"EATALY BOSTON, LLC",EATALYBOSTONLLC,"[""LB-99355""]","[""EATALY""]","[""alcohol_license""]",EATALY BOSTON,pending,pending
BH-4467d43f89d98be9,"EAT PHO, LLC",EATPHOLLC,"[""LB-99657""]","[""EAT PHO""]","[""alcohol_license""]",EAT PHO,pending,pending
BH-3702fbcb46a29fd8,"EAT REAL FOOD, LLC",EATREALFOODLLC,"[""LB-309339""]","[""GRAY'S HALL""]","[""alcohol_license""]",EAT REAL FOOD,pending,pending
BH-c8ec613d9390aa69,"EBO & Co. Grocery, LLC.",EBOCOGROCERYLLC,"[""LB-446829""]","[""EBO & Co. Grocery""]","[""alcohol_license""]",EBO & Co. Grocery,pending,pending
BH-0559d71c14a46d69,EC RESTAURANTS (BOSTON) CORP.,ECRESTAURANTSBOSTONCORP,"[""LB-99409""]","[""ELEPHANT & CASTLE""]","[""alcohol_license""]",EC RESTAURANTS (BOSTON),pending,pending
BH-03f158a83855e6d1,EDDIE MERLOTS LLC,EDDIEMERLOTSLLC,"[""LB-98925""]","[""Eddie Merlot's""]","[""alcohol_license""]",EDDIE MERLOTS,pending,pending
BH-f2b6152d32f581c9,Eem-Aim Corporation,EEMAIMCORPORATION,"[""LB-99511""]","[""BalaMao Restaurant""]","[""alcohol_license""]",Eem-Aim,pending,pending
BH-8d4d23a564aa0c58,"EFTSROT, LLC",EFTSROTLLC,"[""LB-99684""]","[""GAGA SEAFOOD RESTAURANT""]","[""alcohol_license""]",EFTSROT,pending,pending
BH-cf200e4a0dc6d8f4,EIGHTY FIVE MAIN STREET LLC,EIGHTYFIVEMAINSTREETLLC,"[""LB-99131""]","[""Town Taqueria""]","[""alcohol_license""]",EIGHTY FIVE MAIN STREET,pending,pending
BH-7b2befb9bc659e59,"EK Boston Lounge, LLC",EKBOSTONLOUNGELLC,"[""LB-318027""]","[""Emirates""]","[""alcohol_license""]",EK Boston Lounge,pending,pending
BH-ab6797afe68a7211,"El Barco BackBay, LLC",ELBARCOBACKBAYLLC,"[""LB-99330""]","[""EL BARCO""]","[""alcohol_license""]",El Barco BackBay,pending,pending
BH-9c94a9b7d4f2e6f3,El Barrio MX LLC,ELBARRIOMXLLC,"[""LB-601427""]","[""El Barrio Mexican Grill""]","[""alcohol_license""]",El Barrio MX,pending,pending
BH-d09ab7a832f76416,"ELIOT HOTEL, INC.",ELIOTHOTELINC,"[""LB-101644""]","[""ELIOT HOTEL""]","[""alcohol_license""]",ELIOT HOTEL,pending,pending
BH-efdbc24c07fcfc18,"El Punto Restaurant & Lounge, LLC",ELPUNTORESTAURANTLOUNGELLC,"[""LB-519530""]","[""El Punto Restaurant & Lounge""]","[""alcohol_license""]",El Punto Restaurant & Lounge,pending,pending
BH-6e0397d39a946c7d,ELYAS LLC,ELYASLLC,"[""LB-140281""]","[""Savin Hill Wine & Spirits""]","[""alcohol_license""]",ELYAS,pending,pending
BH-d4148db39811305a,"EMANUEL ENTERPRISES, LLC",EMANUELENTERPRISESLLC,"[""LB-101611""]",[],"[""alcohol_license""]",EMANUEL ENTERPRISES,pending,pending
BH-e913ffd68e2c24de,"EMERALD SOCIETY OF THE BPD, INC.",EMERALDSOCIETYOFTHEBPDINC,"[""LB-98802""]",[],"[""alcohol_license""]",EMERALD SOCIETY OF THE BPD,pending,pending
BH-787e7ffb0a2f7387,"Emergency Exit Brewing, LLC",EMERGENCYEXITBREWINGLLC,"[""LB-358431""]","[""Distraction Brewing Company""]","[""alcohol_license""]",Emergency Exit Brewing,pending,pending
BH-07f14fc3f6b7b47c,EMERSON COLLEGE,EMERSONCOLLEGE,"[""LB-101574"", ""LB-101610""]","[""EMERSON COLLEGE""]","[""alcohol_license""]",EMERSON COLLEGE,pending,pending
BH-cced70b9fc4f1fc9,"EMMANUEL GROUP, INC.",EMMANUELGROUPINC,"[""LB-99660""]","[""OLIVEIRA'S RESTAURANT""]","[""alcohol_license""]",EMMANUEL GROUP,pending,pending
BH-1700512c1eb992bd,EMPORIO ANDUJAR CORPORATION,EMPORIOANDUJARCORPORATION,"[""LB-102019""]","[""TODESCA'S MARKET""]","[""alcohol_license""]",EMPORIO ANDUJAR,pending,pending
BH-7fd60528eab09885,"ENA LIQUORS, INC",ENALIQUORSINC,"[""LB-101859""]","[""Brother’s Wines & Spirits""]","[""alcohol_license""]",ENA LIQUORS,pending,pending
BH-6c971c2623987c95,"ENDEVER HOSPITALITY GROUP, LLC",ENDEVERHOSPITALITYGROUPLLC,"[""LB-98959""]","[""Warehouse Kitchen + Sports Bar""]","[""alcohol_license""]",ENDEVER HOSPITALITY GROUP,pending,pending
BH-a3dc0f7e62bb3fcb,"EQUINOX SC BOSTON, INC.",EQUINOXSCBOSTONINC,"[""LB-98900""]","[""blu""]","[""alcohol_license""]",EQUINOX SC BOSTON,pending,pending
BH-270996bc56dc1681,EREB ONE SEVENTY CHARLES LLC,EREBONESEVENTYCHARLESLLC,"[""LB-99103""]","[""THE WHITNEY HOTEL""]","[""alcohol_license""]",EREB ONE SEVENTY CHARLES,pending,pending
BH-c79e41f091c02ac4,E. R. ENTERPRISES,ERENTERPRISES,"[""LB-99392""]","[""SAVVOR Restaurant & Lounge""]","[""alcohol_license""]",E. R. ENTERPRISES,pending,pending
BH-baefeecb973c784d,"ESSENEX, INC.",ESSENEXINC,"[""LB-99566""]","[""WOODY'S GRILL AND TAP""]","[""alcohol_license""]",ESSENEX,pending,pending
BH-76c74351babd2996,"Ethiopian Cafe, Inc.",ETHIOPIANCAFEINC,"[""LB-364254"", ""LB-619539""]","[""Ethiopian Cafe""]","[""alcohol_license"", ""byob_separate""]",Ethiopian Cafe,pending,pending
BH-0705fb92a991581f,"Etnias Restaurant, Inc.",ETNIASRESTAURANTINC,"[""LB-99662""]","[""Etnias Restaurant""]","[""alcohol_license""]",Etnias Restaurant,pending,pending
BH-b4b7916d27780685,"EUROMART, INDIVIDUAL",EUROMARTINDIVIDUAL,"[""LB-102043""]",[],"[""alcohol_license""]","EUROMART, INDIVIDUAL",pending,pending
BH-320d4dc15a8a3d83,"Eventide Fenway, LLC",EVENTIDEFENWAYLLC,"[""LB-99203""]","[""Eventide Fenway""]","[""alcohol_license""]",Eventide Fenway,pending,pending
BH-41980e71aac9cc5c,"Evergreen Eatery, Inc.",EVERGREENEATERYINC,"[""LB-99645""]","[""Evergreen Eatery and Cafe""]","[""alcohol_license""]",Evergreen Eatery,pending,pending
BH-8d49e42813750bef,"EWalk SE1, LLC",EWALKSE1LLC,"[""LB-99419""]","[""THE ELEPHANT WALK""]","[""alcohol_license""]",EWalk SE1,pending,pending
BH-474a57624ee44284,"Excel Boston Seaport, LP",EXCELBOSTONSEAPORTLP,"[""LB-98784""]","[""Moxies""]","[""alcohol_license""]",Excel Boston Seaport,pending,pending
BH-abbea1968c95022f,Exchange Hospitality LLC,EXCHANGEHOSPITALITYLLC,"[""LB-202298""]","[""The Exchange""]","[""alcohol_license""]",Exchange Hospitality,pending,pending
BH-5f039949ecd191f0,Facility Concession Services LLC,FACILITYCONCESSIONSERVICESLLC,"[""LB-99272"", ""LB-99313""]","[""CHARLES PLAYHOUSE"", ""SPECTRUM""]","[""alcohol_license""]",Facility Concession Services,pending,pending
BH-22b6cf71ab598695,"Fan Hall MV Restaurant, LLC",FANHALLMVRESTAURANTLLC,"[""LB-99402""]","[""Margaritaville""]","[""alcohol_license""]",Fan Hall MV Restaurant,pending,pending
BH-75f7e521312822ee,"FAS, LLC",FASLLC,"[""LB-595045""]","[""Mesob Restaurant""]","[""alcohol_license""]",FAS,pending,pending
BH-c83294aec3699f16,"FAZIO ENTERPRISES, INC.",FAZIOENTERPRISESINC,"[""LB-143247""]","[""Fazio Mobile""]","[""alcohol_license""]",FAZIO ENTERPRISES,pending,pending
BH-4254abc1289f26ac,"FEDERAL WINE & SPIRITS, INC.",FEDERALWINESPIRITSINC,"[""LB-101920""]","[""FEDERAL WINE""]","[""alcohol_license""]",FEDERAL WINE & SPIRITS,pending,pending
BH-42f11db8b3eafcb1,FENWAY BEER & WINE CORPORATION,FENWAYBEERWINECORPORATION,"[""LB-145840""]","[""Fenway Beer Shop""]","[""alcohol_license""]",FENWAY BEER & WINE,pending,pending
BH-155aeb5297397eca,Fenway Food Hall LLC,FENWAYFOODHALLLLC,"[""LB-99113""]","[""Time Out Market""]","[""alcohol_license""]",Fenway Food Hall,pending,pending
BH-adc912fd0669ca68,Fenway Johnnie's LLC,FENWAYJOHNNIESLLC,"[""LB-98966""]","[""FENWAY JOHNNIE'S""]","[""alcohol_license""]",Fenway Johnnie's,pending,pending
BH-ddf36c03ac196200,"FERMENT, LLC",FERMENTLLC,"[""LB-102055""]","[""STREETCAR""]","[""alcohol_license""]",FERMENT,pending,pending
BH-d1ab19c724d25dc5,"FERNANDEZ LIQUOR, INC.",FERNANDEZLIQUORINC,"[""LB-101856""]","[""SEAVER LIQUORS""]","[""alcohol_license""]",FERNANDEZ LIQUOR,pending,pending
BH-0c64dcab0a7ae9af,"FERNANDEZ LIQUORS II, INC.",FERNANDEZLIQUORSIIINC,"[""LB-101853""]",[],"[""alcohol_license""]",FERNANDEZ LIQUORS II,pending,pending
BH-a53672318fa72660,"F&H, INC.",FHINC,"[""LB-583866""]","[""Mi Pueblito Restaurant""]","[""alcohol_license""]",F&H,pending,pending
BH-74d77f422829d437,"FIELDS STATION LIQUORS, INC.",FIELDSSTATIONLIQUORSINC,"[""LB-101887""]","[""Supreme Liquors - Fields Station""]","[""alcohol_license""]",FIELDS STATION LIQUORS,pending,pending
BH-e8dad332d4305a58,FINS SUSHI & GRILL,FINSSUSHIGRILL,"[""LB-99548""]","[""Fins Sushi & Grill""]","[""alcohol_license""]",FINS SUSHI & GRILL,pending,pending
BH-205df9c6a352cc8f,"FIRE IT UP STATE STREET,LLC",FIREITUPSTATESTREETLLC,"[""LB-99794""]","[""CRUSH PIZZA""]","[""alcohol_license""]","FIRE IT UP STATE STREET,LLC",pending,pending
BH-5c10a318ef218b73,"FIRST ATLAS LIONS, LLC",FIRSTATLASLIONSLLC,"[""LB-99487""]","[""Street Bistro""]","[""alcohol_license""]",FIRST ATLAS LIONS,pending,pending
BH-4504014b9f622fc6,"FIRST BOSTON TEN PIN, INC.",FIRSTBOSTONTENPININC,"[""LB-133944""]","[""Boston Bowl""]","[""alcohol_license""]",FIRST BOSTON TEN PIN,pending,pending
BH-f515cd3e7bd7bf7e,"First Street Distillers, LLC",FIRSTSTREETDISTILLERSLLC,"[""LB-99155""]","[""King Bee""]","[""alcohol_license""]",First Street Distillers,pending,pending
BH-30f3bd00633b7d54,"First Watch Restaurants, Inc",FIRSTWATCHRESTAURANTSINC,"[""LB-101570""]","[""First Watch #1180""]","[""alcohol_license""]",First Watch Restaurants,pending,pending
BH-cb92fdf2213527b3,Five Iron Golf Boston LLC,FIVEIRONGOLFBOSTONLLC,"[""LB-99224""]","[""Five Iron Golf""]","[""alcohol_license""]",Five Iron Golf Boston,pending,pending
BH-a532523fceb1b74f,Five Iron Golf Seaport LLC,FIVEIRONGOLFSEAPORTLLC,"[""LB-99459""]","[""Five Iron Golf""]","[""alcohol_license""]",Five Iron Golf Seaport,pending,pending
BH-ad2907335ada2a4e,"FJS, INC.",FJSINC,"[""LB-98987""]","[""SANTARPIO""]","[""alcohol_license""]",FJS,pending,pending
BH-9d6a81642b2ff0bc,"FLAMES RESTAURANT II, INC.",FLAMESRESTAURANTIIINC,"[""LB-99855""]","[""FLAMES RESTAURANT""]","[""alcohol_license""]",FLAMES RESTAURANT II,pending,pending
BH-283fa3ccefbd9847,"Flatbread Boston Landing, LLC",FLATBREADBOSTONLANDINGLLC,"[""LB-99150""]","[""FLATBREAD COMPANY""]","[""alcohol_license""]",Flatbread Boston Landing,pending,pending
BH-df0560d00f870879,"FLIGHT CLUB SEAPORT, LLC",FLIGHTCLUBSEAPORTLLC,"[""LB-99234""]",[],"[""alcohol_license""]",FLIGHT CLUB SEAPORT,pending,pending
BH-bd279884331cc391,FLIK INTERNATIONAL CORP.,FLIKINTERNATIONALCORP,"[""LB-98978""]","[""Flik""]","[""alcohol_license""]",FLIK INTERNATIONAL,pending,pending
BH-a40950fc891343c0,"FLORENTINE CAFE, INC.",FLORENTINECAFEINC,"[""LB-99087""]","[""FLORENTINE CAFE""]","[""alcohol_license""]",FLORENTINE CAFE,pending,pending
BH-92ff13ac7052bd92,"Florenza, Inc.",FLORENZAINC,"[""LB-574154""]","[""Florenza""]","[""alcohol_license""]",Florenza,pending,pending
BH-6d50598465653b4d,"Flores Mantilla, Inc.",FLORESMANTILLAINC,"[""LB-595019""]","[""Flores Mantilla""]","[""alcohol_license""]",Flores Mantilla,pending,pending
BH-046334778817dd36,Flour & Egg LLC,FLOUREGGLLC,"[""LB-101579""]","[""SJ’s""]","[""alcohol_license""]",Flour & Egg,pending,pending
BH-573e89b3c0f276b5,"FM Restaurants Signature OpCo, LLC.",FMRESTAURANTSSIGNATUREOPCOLLC,"[""LB-99332""]","[""SOL Mexican Cocina""]","[""alcohol_license""]",FM Restaurants Signature OpCo,pending,pending
BH-eaead74d9d69effc,FOGAO GAUCHO LLC,FOGAOGAUCHOLLC,"[""LB-101576""]",[],"[""alcohol_license""]",FOGAO GAUCHO,pending,pending
BH-114e61eb4893c384,FOGO DE CHAO CHURRASCARIA(BOSTON)LLC,FOGODECHAOCHURRASCARIABOSTONLLC,"[""LB-98917""]","[""FOGO DE CHAO CHURRASCARIA""]","[""alcohol_license""]",FOGO DE CHAO CHURRASCARIA(BOSTON)LLC,pending,pending
BH-ef5253afcf2ff6fe,"Food Fiesta Group, LLC",FOODFIESTAGROUPLLC,"[""LB-460883""]","[""Casa Bonita Mexican Grill""]","[""alcohol_license""]",Food Fiesta Group,pending,pending
BH-6a966340a4768b5b,"Food House, Inc.",FOODHOUSEINC,"[""LB-99512""]","[""FRIENDSHIP BBQ ALLSTON""]","[""alcohol_license""]",Food House,pending,pending
BH-6e68c3cce41e51c0,Foodies South Boston LLC,FOODIESSOUTHBOSTONLLC,"[""LB-454574""]","[""Foodies Market""]","[""alcohol_license""]",Foodies South Boston,pending,pending
BH-e40bcb78bb76351e,"FOODIE'S URBAN MARKET, LLC",FOODIESURBANMARKETLLC,"[""LB-102044""]","[""FOODIE'S URBAN MARKET""]","[""alcohol_license""]",FOODIE'S URBAN MARKET,pending,pending
BH-89ba51c90d97eced,"Food & Life Companies USA, LLC",FOODLIFECOMPANIESUSALLC,"[""LB-99785""]","[""Sakabayashi Sushi Tavern by Sushiro""]","[""alcohol_license""]",Food & Life Companies USA,pending,pending
BH-03bebe83bca07577,Food Opera Inc.,FOODOPERAINC,"[""LB-99638""]","[""Food Opera""]","[""alcohol_license""]",Food Opera,pending,pending
BH-9dc023e477536d61,"FOREST HILLS FINE WINE, INC.",FORESTHILLSFINEWINEINC,"[""LB-101872""]","[""FOREST HILLS FINE WINE""]","[""alcohol_license""]",FOREST HILLS FINE WINE,pending,pending
BH-a1083d8c4259af56,"Fork & Knife, LLC",FORKKNIFELLC,"[""LB-99367""]","[""Sloane's""]","[""alcohol_license""]",Fork & Knife,pending,pending
BH-41dbc19c578bb1b7,Formaggio South End Inc.,FORMAGGIOSOUTHENDINC,"[""LB-102033""]","[""Formaggio Kitchen""]","[""alcohol_license""]",Formaggio South End,pending,pending
BH-827d3862383bb092,"FOUR SEASONS OF MASSACHUSETTS, INC.",FOURSEASONSOFMASSACHUSETTSINC,"[""LB-101617""]","[""FOUR SEASONS""]","[""alcohol_license""]",FOUR SEASONS OF MASSACHUSETTS,pending,pending
BH-ec378a7df4f87582,F. P. Restaurant Inc.,FPRESTAURANTINC,"[""LB-99350""]","[""Saraceno/Bella Vista""]","[""alcohol_license""]",F. P. Restaurant,pending,pending
BH-ad6d9c43eb70fbbd,Frago Restaurant SB LLC,FRAGORESTAURANTSBLLC,"[""LB-99323""]","[""Shy Bird""]","[""alcohol_license""]",Frago Restaurant SB,pending,pending
BH-169391e8b823f6e9,Fresh Boston Retail LLC,FRESHBOSTONRETAILLLC,"[""LB-481086""]","[""Fresh Boston""]","[""alcohol_license""]",Fresh Boston Retail,complete,pending
BH-215b80ed41e4aa30,Fresh Food Generation LLC,FRESHFOODGENERATIONLLC,"[""LB-583884""]","[""Fresh Food Generation""]","[""alcohol_license""]",Fresh Food Generation,pending,pending
BH-6a7e5ad19da2d86e,FSW LLC,FSWLLC,"[""LB-99435""]","[""CLOCK TAVERN""]","[""alcohol_license""]",FSW,pending,pending
BH-c1a8954b576661b6,"FUJI AT INK BLOCK, INC.",FUJIATINKBLOCKINC,"[""LB-161359""]","[""FUJI AT INK BLOCK""]","[""alcohol_license""]",FUJI AT INK BLOCK,pending,pending
BH-a5fc6ad42a894ef2,"FULL COMP, INC.",FULLCOMPINC,"[""LB-162571""]","[""MARE""]","[""alcohol_license""]",FULL COMP,pending,pending
BH-a28fb20201947d19,GAGAN CORPORATION,GAGANCORPORATION,"[""LB-99598""]","[""INDIA QUALITY RESTAURANT""]","[""alcohol_license""]",GAGAN,pending,pending
BH-87cd1c0cc56de9f5,"GAINSBOROUGH HOSPITALITY, INC.",GAINSBOROUGHHOSPITALITYINC,"[""LB-99076""]","[""Two Saints Tavern/Dos Diablos""]","[""alcohol_license""]",GAINSBOROUGH HOSPITALITY,pending,pending
BH-ba0cbe4617c1e7fb,GALMIKE CORP.,GALMIKECORP,"[""LB-99032""]","[""HARP & BARD""]","[""alcohol_license""]",GALMIKE,pending,pending
BH-64821ff19295f5a5,Galway House Inc.,GALWAYHOUSEINC,"[""LB-98983""]","[""The Galway House""]","[""alcohol_license""]",Galway House,pending,pending
BH-79384c00f146c609,"GALWAY, INC.",GALWAYINC,"[""LB-99359""]","[""THE HARP""]","[""alcohol_license""]",GALWAY,pending,pending
BH-4cbb61182c244481,"GAMBROS, INC.",GAMBROSINC,"[""LB-99606""]","[""ERNESTOS PIZZERIA""]","[""alcohol_license""]",GAMBROS,pending,pending
BH-fa52fe37e5218a9c,"GAME ON FENWAY, LLC",GAMEONFENWAYLLC,"[""LB-98928""]","[""GAME ON SPORTS CAFE""]","[""alcohol_license""]",GAME ON FENWAY,pending,pending
BH-32121467ce5cc440,Gangotri Corporation,GANGOTRICORPORATION,"[""LB-530943""]","[""East Broadway Market""]","[""alcohol_license""]",Gangotri,pending,pending
BH-a8049cfdf553a549,Gaslight District LLC,GASLIGHTDISTRICTLLC,"[""LB-451411""]","[""Main Street Pasta & Wine""]","[""alcohol_license""]",Gaslight District,pending,pending
BH-20796e143e81dfad,"GB LL HOLDINGS MA, LLC",GBLLHOLDINGSMALLC,"[""LB-101867"", ""LB-353145""]","[""BOSTON LIQUORS"", ""goPuff""]","[""alcohol_license""]",GB LL HOLDINGS MA,pending,pending
BH-ab8d2bd3c5704f3d,Gelas Corp,GELASCORP,"[""LB-578144""]","[""Las Delicias Colombianas 2""]","[""alcohol_license""]",Gelas,pending,pending
BH-345cff5733308a4e,Gen Allston LP,GENALLSTONLP,"[""LB-99546""]","[""Gen Korean BBQ House""]","[""alcohol_license""]",Gen Allston,pending,pending
BH-e87cbab06c8857e9,General Admission LLC,GENERALADMISSIONLLC,"[""LB-541579""]","[""Victoria's Diner""]","[""alcohol_license""]",General Admission,pending,pending
BH-f3e06740c92c2170,Gent Catering LLC,GENTCATERINGLLC,"[""LB-567244""]","[""From Scratch""]","[""alcohol_license""]",Gent Catering,pending,pending
BH-d00c5ea908313eb6,"GEORGE'S RESTAURANT & LOUNGE, INC.",GEORGESRESTAURANTLOUNGEINC,"[""LB-163210""]","[""LEVI'S RESTAURANT & LOUNGE""]","[""alcohol_license""]",GEORGE'S RESTAURANT & LOUNGE,pending,pending
BH-cad53cbe07aa6be4,GHM LOGAN MANAGEMENT LLC,GHMLOGANMANAGEMENTLLC,"[""LB-101642""]","[""MARRIOTT COURTYARD HOTEL""]","[""alcohol_license""]",GHM LOGAN MANAGEMENT,pending,pending
BH-650d153a8cee0a15,Global Montello Group Corp.,GLOBALMONTELLOGROUPCORP,"[""LB-525498""]","[""Global Montello Group Corp. #2777""]","[""alcohol_license""]",Global Montello Group,pending,pending
BH-6c6476cd4518de28,"GM RESTAURANT ENTERPRISES, INC.",GMRESTAURANTENTERPRISESINC,"[""LB-364899""]","[""LA TERRAZA""]","[""alcohol_license""]",GM RESTAURANT ENTERPRISES,pending,pending
BH-b7f44f40eae7d69e,"GMRI, INC.",GMRIINC,"[""LB-99412""]","[""THE OLIVE GARDEN ITALIAN RESTAURANT""]","[""alcohol_license""]",GMRI,pending,pending
BH-8e5c1f8356b62b45,Gniles LLC,GNILESLLC,"[""LB-102031""]","[""The Wine Bottega""]","[""alcohol_license""]",Gniles,pending,pending
BH-02cb4e6338af9672,"Golden Goose Markets, Inc.",GOLDENGOOSEMARKETSINC,"[""LB-101846""]","[""GOLDEN GOOSE MARKET""]","[""alcohol_license""]",Golden Goose Markets,pending,pending
BH-d379f0d1b435e449,Golden Naga Inc.,GOLDENNAGAINC,"[""LB-516903""]","[""Laughing Monk Cafe""]","[""alcohol_license""]",Golden Naga,pending,pending
BH-16dc736495399f09,GOLDEN VINTAGE GROUP LLC,GOLDENVINTAGEGROUPLLC,"[""LB-99192""]","[""VINTAGE LOUNGE""]","[""alcohol_license""]",GOLDEN VINTAGE GROUP,pending,pending
BH-9e0f5a4179b8c6ca,"Gomes Enterprises, Inc.",GOMESENTERPRISESINC,"[""LB-162572""]","[""CANTINA ITALIANA""]","[""alcohol_license""]",Gomes Enterprises,pending,pending
BH-687e67c1df6968ce,"Good Team, Inc.",GOODTEAMINC,"[""LB-353633""]","[""Cardullo's Gourmet Shoppe""]","[""alcohol_license""]",Good Team,pending,pending
BH-fa79fcd25ef61c4b,"Good Time Hospitality, LLC",GOODTIMEHOSPITALITYLLC,"[""LB-99004""]","[""The Flamingo""]","[""alcohol_license""]",Good Time Hospitality,pending,pending
BH-83aab3c0f35e6cce,GOPCHANG  BOSTON CORPORATION,GOPCHANGBOSTONCORPORATION,"[""LB-99021""]","[""GOPCHANG STORY""]","[""alcohol_license""]",GOPCHANG  BOSTON,pending,pending
BH-633026166588c795,"Gora, Inc.",GORAINC,"[""LB-357279""]","[""Wine Press""]","[""alcohol_license""]",Gora,pending,pending
BH-e26c96b3880c3aa1,"GOURMET CHINA, INC.",GOURMETCHINAINC,"[""LB-99604""]",[],"[""alcohol_license""]",GOURMET CHINA,pending,pending
BH-a1a08e7a399f4ce5,Gourmet Kreyol LLC,GOURMETKREYOLLLC,"[""LB-592854""]","[""Doune & Pepe""]","[""alcohol_license""]",Gourmet Kreyol,pending,pending
BH-735a8d285360308c,Grace by Nia Seaport LLC,GRACEBYNIASEAPORTLLC,"[""LB-98958""]","[""Grace by Nia""]","[""alcohol_license""]",Grace by Nia Seaport,pending,pending
BH-b4ba81edfae5a5ac,"Gray Lily Rose, LLC",GRAYLILYROSELLC,"[""LB-98936""]","[""Eastern Standard Kitchen""]","[""alcohol_license""]",Gray Lily Rose,pending,pending
BH-a3b861c611a80b34,GREAT TASTE BAKERY & RESTAURANT,GREATTASTEBAKERYRESTAURANT,"[""LB-161356""]",[],"[""alcohol_license""]",GREAT TASTE BAKERY & RESTAURANT,pending,pending
BH-fa130ec575696e90,"GREEK INTERNATIONAL FOOD MARKET, INC.",GREEKINTERNATIONALFOODMARKETINC,"[""LB-102048""]","[""GREEK INTERNATIONAL FOOD MARKET, INC.""]","[""alcohol_license""]",GREEK INTERNATIONAL FOOD MARKET,pending,pending
BH-1f139639adef6c16,"GREEK KITCHEN 1, LLC",GREEKKITCHEN1LLC,"[""LB-99583""]","[""SALONIKI""]","[""alcohol_license""]",GREEK KITCHEN 1,pending,pending
BH-4c4e6bbb3a86a5fc,Greenside Athletics Limited Company,GREENSIDEATHLETICSLIMITEDCOMPANY,"[""LB-316991""]","[""Greenside Golf Club""]","[""alcohol_license""]",Greenside Athletics Limited Company,pending,pending
BH-2e1a77d4d4714359,GRNA GRB of MA LLC,GRNAGRBOFMALLC,"[""LB-99274""]","[""Gordon Ramsay Burger""]","[""alcohol_license""]",GRNA GRB of MA,pending,pending
BH-d2b817aef0232867,GRNA RK of MA LLC,GRNARKOFMALLC,"[""LB-99223""]","[""Ramsay's Kitchen""]","[""alcohol_license""]",GRNA RK of MA,pending,pending
BH-53c5eabaa7203538,Grove Hall Food Corp.,GROVEHALLFOODCORP,"[""LB-445759""]","[""Grove Hall Convenience Market""]","[""alcohol_license""]",Grove Hall Food,pending,pending
BH-21f3a4d5a6692edb,Grove Hall Foods Corp.,GROVEHALLFOODSCORP,"[""LB-445763""]","[""Grove Hall Convenience Market II""]","[""alcohol_license""]",Grove Hall Foods,pending,pending
BH-a9b1ff2953f9241f,"GR Restaurant and Catering, Inc.",GRRESTAURANTANDCATERINGINC,"[""LB-543917"", ""LB-598009""]","[""Bono Restaurant and Catering""]","[""alcohol_license""]",GR Restaurant and Catering,pending,pending
BH-28b53c8dd47e37d0,"Grub Street, Inc.",GRUBSTREETINC,"[""LB-99679""]","[""Grub Street""]","[""alcohol_license""]",Grub Street,pending,pending
BH-c09d325fea5ce685,"GSTH INVESTMENT GROUP, LLC",GSTHINVESTMENTGROUPLLC,"[""LB-99238""]","[""Bijou and Rock & Rye""]","[""alcohol_license""]",GSTH INVESTMENT GROUP,pending,pending
BH-122187fefec4c2ae,"GTI PROPERTIES, INC.",GTIPROPERTIESINC,"[""LB-99379""]","[""The Power Station""]","[""alcohol_license""]",GTI PROPERTIES,pending,pending
BH-3a0c9b27980bb0ff,"GUIRA & TAMBORA, LLC",GUIRATAMBORALLC,"[""LB-99265""]","[""GUIRA & TAMBORA""]","[""alcohol_license""]",GUIRA & TAMBORA,pending,pending
BH-d1df4ffaddefa151,Gurudev Corporation,GURUDEVCORPORATION,"[""LB-353657""]","[""Portside Market""]","[""alcohol_license""]",Gurudev,pending,pending
BH-70811506776a9e59,GUZBIN LLC,GUZBINLLC,"[""LB-101578""]","[""MEDALLO""]","[""alcohol_license""]",GUZBIN,pending,pending
BH-ba117083fc24269a,"GW Eatery, LLC",GWEATERYLLC,"[""LB-98905""]","[""Tradesman""]","[""alcohol_license""]",GW Eatery,pending,pending
BH-d1c79f0bd590757c,HAIDILAO HOT POT MA INC.,HAIDILAOHOTPOTMAINC,"[""LB-99328""]","[""Haidilao Hot Pot""]","[""alcohol_license""]",HAIDILAO HOT POT MA,pending,pending
BH-66280f01bf897b8d,"HALEY HOUSE, INC.",HALEYHOUSEINC,"[""LB-99857""]","[""HALEY HOUSE BAKERY CAFE""]","[""alcohol_license""]",HALEY HOUSE,pending,pending
BH-2f804dc25874c39a,"HAMACHI SERVERS, INC.",HAMACHISERVERSINC,"[""LB-99037""]","[""LOCAL 149""]","[""alcohol_license""]",HAMACHI SERVERS,pending,pending
BH-758b00257a141b42,Hampshire House Corp.,HAMPSHIREHOUSECORP,"[""LB-99291""]","[""75 ON LIBERTY WHARF""]","[""alcohol_license""]",Hampshire House,pending,pending
BH-1bcf88d0f57e8fb3,HAMPSHIRE HOUSE CORPORATION,HAMPSHIREHOUSECORPORATION,"[""LB-98907"", ""LB-98990""]","[""75 CHESTNUT"", ""BULL FINCH PUB""]","[""alcohol_license""]",HAMPSHIRE HOUSE,pending,pending
BH-a891655349be4183,"H AND H, LLC",HANDHLLC,"[""LB-101646""]","[""HARBORSIDE INN""]","[""alcohol_license""]",H AND H,pending,pending
BH-aaa77546dec927f9,HANMARU CORPORATION,HANMARUCORPORATION,"[""LB-99567""]","[""Hanmaru""]","[""alcohol_license""]",HANMARU,pending,pending
BH-de094d2eecf9616a,"HANOVER STREET LIQUORS, LLC",HANOVERSTREETLIQUORSLLC,"[""LB-101889""]","[""HANOVER WINE & SPIRITS""]","[""alcohol_license""]",HANOVER STREET LIQUORS,pending,pending
BH-07335e0407d5c7fd,Hanuanta Corporation,HANUANTACORPORATION,"[""LB-101900""]","[""KELLY'S LIQUOR MART""]","[""alcohol_license""]",Hanuanta,pending,pending
BH-9c460fe192705e1b,"Happy Liquors, Inc.",HAPPYLIQUORSINC,"[""LB-101964""]","[""Fernandez Wine & Spirits""]","[""alcohol_license""]",Happy Liquors,pending,pending
BH-478075f6a42c898d,"HAPPY LIQUORS, INC. II",HAPPYLIQUORSINCII,"[""LB-101854""]",[],"[""alcohol_license""]","HAPPY LIQUORS, INC. II",pending,pending
BH-c8347b846dd2451c,HARVARD BUSINESS SCHOOL,HARVARDBUSINESSSCHOOL,"[""LB-102890""]","[""YEAR-ROUND RETAIL & CATER""]","[""category_needs_verification""]",HARVARD BUSINESS SCHOOL,pending,pending
BH-17480bf12eddeb26,HARVARD CLUB OF BOSTON,HARVARDCLUBOFBOSTON,"[""LB-98781""]",[],"[""alcohol_license""]",HARVARD CLUB OF BOSTON,pending,pending
BH-042ab065226596f9,"Hawksmoor Boston, Inc.",HAWKSMOORBOSTONINC,"[""LB-98927""]","[""Hawksmoor Boston""]","[""alcohol_license""]",Hawksmoor Boston,pending,pending
BH-01a168b364162ab1,"HAYMARKET PARCEL 9 INVESTOR, LLC",HAYMARKETPARCEL9INVESTORLLC,"[""LB-99159""]","[""CANOPY BY HILTON BOSTON DOWNTOWN""]","[""alcohol_license""]",HAYMARKET PARCEL 9 INVESTOR,pending,pending
BH-b8cd8543b27cd8db,HENRY QUIK PIK INC.,HENRYQUIKPIKINC,"[""LB-102060""]","[""HENRY'S MARKET""]","[""alcohol_license""]",HENRY QUIK PIK,pending,pending
BH-f8c013e15d97e717,"HE PUB, INC.",HEPUBINC,"[""LB-99222""]","[""THE JEANIE JOHNSTON""]","[""alcohol_license""]",HE PUB,pending,pending
BH-11a4a01f646ce098,Hereford Investment Group LLC,HEREFORDINVESTMENTGROUPLLC,"[""LB-99108""]","[""Eva""]","[""alcohol_license""]",Hereford Investment Group,pending,pending
BH-15ae5e4ece582de2,"HERSHA CONCESSION ASSOCIATES, LLC",HERSHACONCESSIONASSOCIATESLLC,"[""LB-99187""]","[""THE ENVOY HOTEL""]","[""alcohol_license""]",HERSHA CONCESSION ASSOCIATES,pending,pending
BH-ef9fb91a2fa53944,HHTP LLC,HHTPLLC,"[""LB-101941""]","[""BOSTON LIQUOR DEPOT""]","[""alcohol_license""]",HHTP,pending,pending
BH-3d5b567936244b08,"HIGHGATE HOTELS, L.P.",HIGHGATEHOTELSLP,"[""LB-101613"", ""LB-101621""]","[""HILTON BOSTON BACK BAY"", ""The Newbury Boston""]","[""alcohol_license""]",HIGHGATE HOTELS,pending,pending
BH-664a60c37e313d93,HIGHLINE LLC,HIGHLINELLC,"[""LB-99771""]","[""nathalie""]","[""alcohol_license""]",HIGHLINE,pending,pending
BH-785284a2e1397849,Highsky Market Inc.,HIGHSKYMARKETINC,"[""LB-301847""]",[],"[""alcohol_license""]",Highsky Market,pending,pending
BH-2b26c9fd064b078e,"HIGH STREET RESTAURANT GROUP, LLC",HIGHSTREETRESTAURANTGROUPLLC,"[""LB-99177""]","[""HOWL AT THE MOON AND DOWN ULTRA LOUNGE""]","[""alcohol_license""]",HIGH STREET RESTAURANT GROUP,pending,pending
BH-a2eaf78eb00054ef,"HIGH STREET TRS, LLC",HIGHSTREETTRSLLC,"[""LB-99306""]","[""HIGH STREET PLACE""]","[""alcohol_license""]",HIGH STREET TRS,pending,pending
BH-47fedbcb5693d6df,"HILTON MANAGEMENT, LLC",HILTONMANAGEMENTLLC,"[""LB-101634""]","[""HILTON BOSTON LOGAN AIRPORT""]","[""alcohol_license""]",HILTON MANAGEMENT,pending,pending
BH-a827ffe2de8dca71,"Himmel Seaport Bar, LLC",HIMMELSEAPORTBARLLC,"[""LB-99420""]","[""Bar 23""]","[""alcohol_license""]",Himmel Seaport Bar,pending,pending
BH-c53c0ce8174bfb7a,Himmel Seaport Restaurant LLC,HIMMELSEAPORTRESTAURANTLLC,"[""LB-99175""]","[""Le Boulevard""]","[""alcohol_license""]",Himmel Seaport Restaurant,pending,pending
BH-41818e9a8e4263e1,HIREN BOSTON LLC,HIRENBOSTONLLC,"[""LB-101623""]","[""COURTYARD BOSTON SOUTH BAY CENTER""]","[""alcohol_license""]",HIREN BOSTON,pending,pending
BH-a7e23e4931ec03e9,"HLC GROUP ENTERPRISES, LLC",HLCGROUPENTERPRISESLLC,"[""LB-98920""]","[""Douzo""]","[""alcohol_license""]",HLC GROUP ENTERPRISES,pending,pending
BH-882fde9e002899a8,"HLHP BOSTON, LLC",HLHPBOSTONLLC,"[""LB-99744""]","[""HAPPY LAMB HOT POT""]","[""alcohol_license""]",HLHP BOSTON,pending,pending
BH-89a9634eac42e437,"HM BOSTON, LLC",HMBOSTONLLC,"[""LB-99197""]","[""BISTRO du MIDI""]","[""alcohol_license""]",HM BOSTON,pending,pending
BH-c89e97d4efbe1130,"HOJOKO, LLC",HOJOKOLLC,"[""LB-101615""]","[""HOJOKO""]","[""alcohol_license""]",HOJOKO,pending,pending
BH-5b49e5698fcd15b4,HOLLYWOOD LIQUORS II INC.,HOLLYWOODLIQUORSIIINC,"[""LB-101873""]","[""HOLLYWOOD LIQUORS II""]","[""alcohol_license""]",HOLLYWOOD LIQUORS II,pending,pending
BH-f76c969abdfe554d,"HOLLYWOOD LIQUORS, INC.",HOLLYWOODLIQUORSINC,"[""LB-101925""]","[""HOLLYWOOD LIQUORS""]","[""alcohol_license""]",HOLLYWOOD LIQUORS,pending,pending
BH-d5d32de5570da960,"HOLLYWOOD WINE & SPIRITS, INC.",HOLLYWOODWINESPIRITSINC,"[""LB-101955""]",[],"[""alcohol_license""]",HOLLYWOOD WINE & SPIRITS,pending,pending
BH-b0910faf1f772206,"HOLY CROSS INVESTMENTS, INC.",HOLYCROSSINVESTMENTSINC,"[""LB-137391""]","[""7-Eleven 33445B""]","[""alcohol_license""]",HOLY CROSS INVESTMENTS,pending,pending
BH-fe6ea73a1be8f287,"HOME RUN CAFE, INC.",HOMERUNCAFEINC,"[""LB-353653""]","[""Home Run Cafe""]","[""alcohol_license""]",HOME RUN CAFE,pending,pending
BH-52d3198440277a0b,HOMESTEAD BAKERY & CAFE LLC,HOMESTEADBAKERYCAFELLC,"[""LB-476655""]",[],"[""alcohol_license""]",HOMESTEAD BAKERY & CAFE,pending,pending
BH-198a2318418f9ba0,"HOT POT BUFFET, INC.",HOTPOTBUFFETINC,"[""LB-99675""]","[""HOT POT BUFFET""]","[""alcohol_license""]",HOT POT BUFFET,pending,pending
BH-7bc1d59b9a71b0b6,Houjazy Inc.,HOUJAZYINC,"[""LB-476649""]","[""Linden Suprette""]","[""alcohol_license""]",Houjazy,pending,pending
BH-4ab7c15ab4c1f5ac,HP BOSTON PARTNERS LLC,HPBOSTONPARTNERSLLC,"[""LB-99114""]","[""HYATT PLACE BOSTON-SEAPORT DISTRICT""]","[""alcohol_license""]",HP BOSTON PARTNERS,pending,pending
BH-b86543bb28abd3d3,"HSI MCA BOS FB, LLC",HSIMCABOSFBLLC,"[""LB-375375"", ""LB-400460"", ""LB-99478"", ""LB-99480"", ""LB-99481""]","[""BOSTON PUBLIC MARKET"", ""Cisco Brewers"", ""Kelly's Roast Beef"", ""Sam Adams Tap Room Extension & Eats"", ""Santarpio's Pizza""]","[""alcohol_license""]",HSI MCA BOS FB,pending,pending
BH-2edf1bf4e88c7aaf,"HSI PHE BOS FB, LLC",HSIPHEBOSFBLLC,"[""LB-581511""]","[""Shake Shack (CC2-A56)""]","[""alcohol_license""]",HSI PHE BOS FB,pending,pending
BH-49f3f171cc8f8d64,"Hugo & Co Holding, LLC",HUGOCOHOLDINGLLC,"[""LB-601418""]","[""Berkeley and Stuart Wine Company""]","[""alcohol_license""]",Hugo & Co Holding,pending,pending
BH-b91e73915b6eacaf,Hunsa Inc.,HUNSAINC,"[""LB-99674""]","[""Kala Thai Cookery""]","[""alcohol_license""]",Hunsa,pending,pending
BH-5e83ea23582725f5,"Huntington Avenue Market, Inc.",HUNTINGTONAVENUEMARKETINC,"[""LB-102023""]","[""HUNTINGTON MARKET""]","[""alcohol_license""]",Huntington Avenue Market,pending,pending
BH-6f3e76260a087406,HUNTINGTON HOTEL CORP.,HUNTINGTONHOTELCORP,"[""LB-101626""]","[""COLONNADE HOTEL""]","[""alcohol_license""]",HUNTINGTON HOTEL,pending,pending
BH-c57d8635d80e2c8b,"HUNTINGTON THEATRE COMPANY, INC.",HUNTINGTONTHEATRECOMPANYINC,"[""LB-577211"", ""LB-99650""]","[""CALDERWOOD PAVILION AT THE BCA"", ""Huntington Theatre""]","[""alcohol_license""]",HUNTINGTON THEATRE COMPANY,pending,pending
BH-9cd93801d4ff9327,"HYDE PARK LIQUORS II, INC.",HYDEPARKLIQUORSIIINC,"[""LB-101935""]","[""DORRS LIQUOR MART""]","[""alcohol_license""]",HYDE PARK LIQUORS II,pending,pending
BH-6717673f3b31642a,"HYNES FINE DINING, LLC",HYNESFINEDININGLLC,"[""LB-99036""]","[""ROCHAMBEAU""]","[""alcohol_license""]",HYNES FINE DINING,pending,pending
BH-5b8bdb9decdc36ba,ICONIC COPLEY PLAZA HOTEL LLC,ICONICCOPLEYPLAZAHOTELLLC,"[""LB-101636""]","[""FAIRMONT COPLEY PLAZA HOTEL""]","[""alcohol_license""]",ICONIC COPLEY PLAZA HOTEL,pending,pending
BH-014bcf09be3b2c8d,"IDENTITY FOODS, LLC",IDENTITYFOODSLLC,"[""LB-303668""]","[""Pollo Centro""]","[""alcohol_license""]",IDENTITY FOODS,pending,pending
BH-e132d33c46cc93dc,"Inishowen, Inc.",INISHOWENINC,"[""LB-99408""]","[""The Dubliner""]","[""alcohol_license""]",Inishowen,pending,pending
BH-ccc60dcd938c87ff,"INTERCONTINENTAL HOTELS GROUP RESOURCES, INC.",INTERCONTINENTALHOTELSGROUPRESOURCESINC,"[""LB-101664""]",[],"[""alcohol_license""]",INTERCONTINENTAL HOTELS GROUP RESOURCES,pending,pending
BH-fb4f3fa416465953,"International Place Location, LLC",INTERNATIONALPLACELOCATIONLLC,"[""LB-99244""]","[""Aries Club""]","[""alcohol_license""]",International Place Location,pending,pending
BH-c42d937d4b5be1aa,"IPSWICH ENTERTAINMENT, INC.",IPSWICHENTERTAINMENTINC,"[""LB-99154""]","[""Loretta's Last Call""]","[""alcohol_license""]",IPSWICH ENTERTAINMENT,pending,pending
BH-b1c70c9a10b62513,IRASHAI SUSHI AND TERIYAKI INC.,IRASHAISUSHIANDTERIYAKIINC,"[""LB-99682""]","[""IRASHAI SUSHI AND TERIYAKI""]","[""alcohol_license""]",IRASHAI SUSHI AND TERIYAKI,pending,pending
BH-560ad59de08d7730,"IRISH PUB, INC.",IRISHPUBINC,"[""LB-99418""]","[""ERIE PUB""]","[""alcohol_license""]",IRISH PUB,pending,pending
BH-415cfa86bcd38d30,"IRISH SOCIAL CLUB, INC. OF BOSTON",IRISHSOCIALCLUBINCOFBOSTON,"[""LB-98828""]",[],"[""alcohol_license""]","IRISH SOCIAL CLUB, INC. OF BOSTON",pending,pending
BH-506dac6d223892ea,"IRISH VILLAGE, INC.",IRISHVILLAGEINC,"[""LB-99133""]","[""IRISH VILLAGE""]","[""alcohol_license""]",IRISH VILLAGE,pending,pending
BH-028402345963123f,"IRONSIDE TAVERN, LLC",IRONSIDETAVERNLLC,"[""LB-99189""]","[""IRONSIDE TAVERN""]","[""alcohol_license""]",IRONSIDE TAVERN,pending,pending
BH-9d463c343b77738d,"Isabella Restaurant, Inc.",ISABELLARESTAURANTINC,"[""LB-99725""]","[""Isabella""]","[""alcohol_license""]",Isabella Restaurant,pending,pending
BH-72499110dc649c89,"ITALIAN AMERICAN WAR VETERANS, INC.",ITALIANAMERICANWARVETERANSINC,"[""LB-98837""]",[],"[""alcohol_license""]",ITALIAN AMERICAN WAR VETERANS,pending,pending
BH-9cfab09dbb48e88b,"IVA FOODS, INC.",IVAFOODSINC,"[""LB-101993""]","[""BAZAAR ON CAMBRIDGE STREET""]","[""alcohol_license""]",IVA FOODS,pending,pending
BH-16a23b248497cfae,"IWJ RESTAURANT GROUP, INC.",IWJRESTAURANTGROUPINC,"[""LB-99440""]","[""SOCIETY ON HIGH""]","[""alcohol_license""]",IWJ RESTAURANT GROUP,pending,pending
BH-ec0268b66c2f9ca2,"JABC, LLC",JABCLLC,"[""LB-99057""]","[""The Playwright Bar""]","[""alcohol_license""]",JABC,pending,pending
BH-cf6407cd3684f63b,"JACKEENS, INC.",JACKEENSINC,"[""LB-99124""]","[""CARRIE NATION""]","[""alcohol_license""]",JACKEENS,pending,pending
BH-81b160f04fe82a16,Jadu LLC,JADULLC,"[""LB-567232""]","[""Jadu""]","[""alcohol_license""]",Jadu,pending,pending
BH-2412dcdeebf05182,"Jae’s Cafe and Grill, Inc.",JAESCAFEANDGRILLINC,"[""LB-99626""]","[""Zaku""]","[""alcohol_license""]",Jae’s Cafe and Grill,pending,pending
BH-77bbe43f1f26c036,"JA FERNANDEZ, INC.",JAFERNANDEZINC,"[""LB-101931""]","[""FOLGER'S LIQUORS""]","[""alcohol_license""]",JA FERNANDEZ,pending,pending
BH-d4a395f926875ed9,"Jaho Huntington, LLC",JAHOHUNTINGTONLLC,"[""LB-99610""]","[""JAHO COFFEE ROASTERS & WINE BAR""]","[""alcohol_license""]",Jaho Huntington,pending,pending
BH-32bf0119b19a4649,"JAHO, INC.",JAHOINC,"[""LB-451414""]","[""Jaho Coffee Roaster & Wine Bar""]","[""alcohol_license""]",JAHO,pending,pending
BH-3e25b48138a0b1a9,"JAHO INDUSTRIES, LLC",JAHOINDUSTRIESLLC,"[""LB-142552""]","[""Jaho Coffee""]","[""alcohol_license""]",JAHO INDUSTRIES,pending,pending
BH-74f8b76ab2eb4090,JAMAICA PLAIN NO. 76 INC. OF THE AMERICAN,JAMAICAPLAINNO76INCOFTHEAMERICAN,"[""LB-98834""]","[""LEGION DEPARTMENT OF MASS""]","[""alcohol_license""]",JAMAICA PLAIN NO. 76 INC. OF THE AMERICAN,pending,pending
BH-392c7218b7bd58fb,"James Associates, LLC.",JAMESASSOCIATESLLC,"[""LB-99058""]","[""THE BROADWAY""]","[""alcohol_license""]",James Associates,pending,pending
BH-7717066ec63e900d,"James Hook & Co., LLC",JAMESHOOKCOLLC,"[""LB-99513""]","[""JAMES HOOK & CO.""]","[""alcohol_license""]",James Hook & Co.,pending,pending
BH-50679ea121cdcadd,"Jam ON, LLC",JAMONLLC,"[""LB-318110""]","[""American Provisions""]","[""alcohol_license""]",Jam ON,pending,pending
BH-b222bdb9f410517e,JAM SESSION LLC,JAMSESSIONLLC,"[""LB-102061""]","[""AMERICAN PROVISIONS""]","[""alcohol_license""]",JAM SESSION,pending,pending
BH-da7086f60b6d4cfd,"Jazz Urbane Cafe, LLC",JAZZURBANECAFELLC,"[""LB-587125""]","[""Jazz Urbane Cafe""]","[""alcohol_license""]",Jazz Urbane Cafe,pending,pending
BH-747263f6be801800,"JBond, LLC",JBONDLLC,"[""LB-99413""]",[],"[""alcohol_license""]",JBond,pending,pending
BH-a3c180cd01997686,JDJ Wine & Spirits Corp.,JDJWINESPIRITSCORP,"[""LB-101979""]","[""Fernandez Family Liquors""]","[""alcohol_license""]",JDJ Wine & Spirits,pending,pending
BH-15b7954ff28304c8,Jetblue Airways Corporation,JETBLUEAIRWAYSCORPORATION,"[""LB-626532""]","[""JetBlue Lounge""]","[""alcohol_license""]",Jetblue Airways,pending,pending
BH-0f85acefff96da6d,"JFR FERNANDEZ, INC.",JFRFERNANDEZINC,"[""LB-101919""]","[""HAPPY SUPERMARKET & SPIRITS""]","[""alcohol_license""]",JFR FERNANDEZ,pending,pending
BH-fc60d959ed36ba54,"Jia Ho Restaurant, Inc.",JIAHORESTAURANTINC,"[""LB-99066""]","[""EMPIRE GARDEN RESTAURANT""]","[""alcohol_license""]",Jia Ho Restaurant,pending,pending
BH-238c40618d2dbf07,"JIAN HUNG, INC.",JIANHUNGINC,"[""LB-99582""]","[""NEW MOON VILLA RESTAURANT""]","[""alcohol_license""]",JIAN HUNG,pending,pending
BH-5bac0be27b7bc825,"JIMERSON ENTERPRISES, LLC",JIMERSONENTERPRISESLLC,"[""LB-454336""]","[""Larry J's BBQ Cafe""]","[""alcohol_license""]",JIMERSON ENTERPRISES,pending,pending
BH-7a26aa3502b3f162,"JIMMY JUMBO ENTERPRISES, LLC",JIMMYJUMBOENTERPRISESLLC,"[""LB-99179""]","[""NEBO""]","[""alcohol_license""]",JIMMY JUMBO ENTERPRISES,pending,pending
BH-c6f1006e9d4565ad,"JIMMY'S CORNER, INC.",JIMMYSCORNERINC,"[""LB-101882""]","[""JIMMY'S KORNER""]","[""alcohol_license""]",JIMMY'S CORNER,pending,pending
BH-aca8e07e4cd18f44,"JJ and JP, Inc.",JJANDJPINC,"[""LB-382579""]","[""Vaisakhi Indian Kitchen""]","[""byob_separate""]",JJ and JP,pending,pending
BH-54513ad353028896,"JJDA FERNANDEZ, INC.",JJDAFERNANDEZINC,"[""LB-101852""]","[""FERNANDEZ LIQUORS""]","[""alcohol_license""]",JJDA FERNANDEZ,pending,pending
BH-7c62dc741041a10e,"J.J. DONOVAN, INC.",JJDONOVANINC,"[""LB-99170""]","[""DONOVAN'S TAVERN""]","[""alcohol_license""]",J.J. DONOVAN,pending,pending
BH-7211a4e2e2a79f59,"J.J. FOLEY'S CAFE, INC.",JJFOLEYSCAFEINC,"[""LB-99054""]","[""J.J. FOLEY'S CAFE""]","[""alcohol_license""]",J.J. FOLEY'S CAFE,pending,pending
BH-06fc0945027356dd,"J.J. FOLEY'S GRILL, INC.",JJFOLEYSGRILLINC,"[""LB-99336""]","[""J.J. FOLEY'S""]","[""alcohol_license""]",J.J. FOLEY'S GRILL,pending,pending
BH-78d80d7ec0b56f66,"J & J IRISH PUB & GRILLE, LTD",JJIRISHPUBGRILLELTD,"[""LB-99033""]","[""KATIE'S""]","[""alcohol_license""]","J & J IRISH PUB & GRILLE, LTD",pending,pending
BH-e599bcf62af3d6db,"J,J,&R LLC",JJRLLC,"[""LB-554141""]","[""The Mix""]","[""alcohol_license""]","J,J,&R",pending,pending
BH-36d33a82d8afad2f,"JOBI LIQUORS, INC.",JOBILIQUORSINC,"[""LB-101865""]","[""JOBI LIQUORS""]","[""alcohol_license""]",JOBI LIQUORS,pending,pending
BH-6f00471219ea8ff7,"Jodayaanfre, Inc.",JODAYAANFREINC,"[""LB-99038""]","[""Acapella’s""]","[""alcohol_license""]",Jodayaanfre,pending,pending
BH-e6d4da1dd1069ee7,"JOHN J. SOMERS CO.,INC.",JOHNJSOMERSCOINC,"[""LB-99137""]","[""GREEN DRAGON TAVERN""]","[""alcohol_license""]","JOHN J. SOMERS CO.,INC.",pending,pending
BH-06f1b5a5aafc1dd2,JOHNNIE'S ON THE SIDE LLC,JOHNNIESONTHESIDELLC,"[""LB-99193""]","[""West End Johnnie's""]","[""alcohol_license""]",JOHNNIE'S ON THE SIDE,pending,pending
BH-9ccddfe4868d7a58,"JOHNNY'S QUIK PIK, INC.",JOHNNYSQUIKPIKINC,"[""LB-101912""]","[""JOHNNY'S MARKET""]","[""alcohol_license""]",JOHNNY'S QUIK PIK,pending,pending
BH-84b2aea578253852,"JOHN P. MCKEON POST #146 AMVETS, INC.",JOHNPMCKEONPOST146AMVETSINC,"[""LB-98831""]",[],"[""alcohol_license""]",JOHN P. MCKEON POST #146 AMVETS,pending,pending
BH-96a545cc3154fcda,"Jongro BBQ Market Allston, Inc.",JONGROBBQMARKETALLSTONINC,"[""LB-98957""]","[""Jongro BBQ Market""]","[""alcohol_license""]",Jongro BBQ Market Allston,pending,pending
BH-a74b836980ecc2c8,JOSE P. FIDALGO AND JORGE P. FIDALGO,JOSEPFIDALGOANDJORGEPFIDALGO,"[""LB-102018""]","[""F.T. DAVIS SUPERMARKET""]","[""alcohol_license""]",JOSE P. FIDALGO AND JORGE P. FIDALGO,pending,pending
BH-7d99e2ee7de2d58d,JOVENIL BATISTA CRISTO,JOVENILBATISTACRISTO,"[""LB-156015""]","[""THEO'S COZY CORNER""]","[""alcohol_license""]",JOVENIL BATISTA CRISTO,pending,pending
BH-c98b375ae1319897,"J. PACE & SON UPTOWN, INC.",JPACESONUPTOWNINC,"[""LB-102049""]","[""J. PACE & SON, WATERFRONT""]","[""alcohol_license""]",J. PACE & SON UPTOWN,pending,pending
BH-f70d07c768076d88,JP BBQ Inc,JPBBQINC,"[""LB-583839""]","[""BB.Q Chicken""]","[""alcohol_license""]",JP BBQ,pending,pending
BH-8fdd6b6fc23c879f,"J-Pizzle Boston, LLC",JPIZZLEBOSTONLLC,"[""LB-432435""]","[""J-Pizle Kitchen""]","[""alcohol_license""]",J-Pizzle Boston,pending,pending
BH-6bcfe27749405986,"JPK LIQUORS, INC.",JPKLIQUORSINC,"[""LB-101864""]","[""BUNKER HILL LIQUORS""]","[""alcohol_license""]",JPK LIQUORS,pending,pending
BH-b41aecf272f44f22,"J.P. SEAFOOD CAFE, INC.",JPSEAFOODCAFEINC,"[""LB-99818""]","[""J.P. SEAFOOD CAFE""]","[""alcohol_license""]",J.P. SEAFOOD CAFE,pending,pending
BH-73caf80d53e5698e,"JRJJ FERNANDEZ, INC.",JRJJFERNANDEZINC,"[""LB-101888""]","[""HANCOCK LIQUORS""]","[""alcohol_license""]",JRJJ FERNANDEZ,pending,pending
BH-fb77809d5194b483,"JTBC, Inc.",JTBCINC,"[""LB-99617""]","[""Jiang Nan""]","[""alcohol_license""]",JTBC,pending,pending
BH-058cc3644cadddad,"JULIANA WINE COMPANY, INC.",JULIANAWINECOMPANYINC,"[""LB-101951""]","[""CHARLES STREET LIQUORS""]","[""alcohol_license""]",JULIANA WINE COMPANY,pending,pending
BH-57328938e85027ef,Julivals Kitchen LLC,JULIVALSKITCHENLLC,"[""LB-625447""]","[""Mike and Patty's""]","[""alcohol_license""]",Julivals Kitchen,pending,pending
BH-53daf2f2590846ad,Jumbo Oriental LLC,JUMBOORIENTALLLC,"[""LB-99627""]","[""Jumbo Seafood""]","[""alcohol_license""]",Jumbo Oriental,pending,pending
BH-896c7ef402d86451,justBook-ish LLC,JUSTBOOKISHLLC,"[""LB-559007""]","[""justBook-ish""]","[""alcohol_license""]",justBook-ish,pending,pending
BH-33775429e70bfecc,"JV Kitchen, LLC",JVKITCHENLLC,"[""LB-135812""]","[""El Barrio Mexican Grill""]","[""alcohol_license""]",JV Kitchen,pending,pending
BH-8ae84fe7c934cf31,JWALAJI CORP.,JWALAJICORP,"[""LB-102017""]","[""Get-N-Go""]","[""alcohol_license""]",JWALAJI,pending,pending
BH-8a2704671717c057,"KAY OASIS ENTERPRISES, INC.",KAYOASISENTERPRISESINC,"[""LB-99334""]","[""KAY'S OASIS""]","[""alcohol_license""]",KAY OASIS ENTERPRISES,pending,pending
BH-95737e64ee444171,KEANKRUTA LLC,KEANKRUTALLC,"[""LB-155715""]","[""BRASSICA KITCHEN + CAFE""]","[""alcohol_license""]",KEANKRUTA,pending,pending
BH-e37c52055e151ebe,"Keftedakia, LLC",KEFTEDAKIALLC,"[""LB-99074""]","[""Kaia""]","[""alcohol_license""]",Keftedakia,pending,pending
BH-d23af0e7a88f9829,"KELLEY SQUARE PUB, INC.",KELLEYSQUAREPUBINC,"[""LB-99312""]","[""KELLEY'S PUB""]","[""alcohol_license""]",KELLEY SQUARE PUB,pending,pending
BH-a14a73671c98c3c5,"Kenmore Square Hotel, LLC",KENMORESQUAREHOTELLLC,"[""LB-101619""]","[""Hotel Commonwealth""]","[""alcohol_license""]",Kenmore Square Hotel,pending,pending
BH-94f7816c81a33d49,Keryan & Co. Inc.,KERYANCOINC,"[""LB-99458""]","[""Jana Grill & Bar""]","[""alcohol_license""]",Keryan & Co.,complete,pending
BH-19923bb1a3a755c8,KESHAV JAY CORP.,KESHAVJAYCORP,"[""LB-101977""]","[""HARBORPOINT LIQUORS""]","[""alcohol_license""]",KESHAV JAY,pending,pending
BH-97737e91f0f7f931,"KF Boston, Inc",KFBOSTONINC,"[""LB-99704""]","[""SEOUL SOULONGTANG""]","[""alcohol_license""]",KF Boston,pending,pending
BH-4a5ddb9a5d6bede9,KF GLOBAL INC.,KFGLOBALINC,"[""LB-99745""]","[""SEOUL JANGTEO""]","[""alcohol_license""]",KF GLOBAL,pending,pending
BH-3ecb0eb7431e2ddc,K & G Entertainment LLC,KGENTERTAINMENTLLC,"[""LB-99416""]","[""SIDEBAR""]","[""alcohol_license""]",K & G Entertainment,pending,pending
BH-91f1fce367a38fa3,KHALED MOHEYDEEN,KHALEDMOHEYDEEN,"[""LB-99600""]","[""Parla""]","[""alcohol_license""]",KHALED MOHEYDEEN,pending,pending
BH-dac2694df03abcfd,"Kings Bowl of Seaport, LLC",KINGSBOWLOFSEAPORTLLC,"[""LB-99325""]","[""KING'S""]","[""alcohol_license""]",Kings Bowl of Seaport,pending,pending
BH-ef51b99dbddccac7,KIRTAN LLC,KIRTANLLC,"[""LB-101844""]","[""RUSTY'S LIQUORS""]","[""alcohol_license""]",KIRTAN,pending,pending
BH-ba8a68f3ca5b9323,"Kitchen + Kocktails by Kevin Kelley Boston, LLC.",KITCHENKOCKTAILSBYKEVINKELLEYBOSTONLLC,"[""LB-494678""]","[""Kitchen + Kocktails by Kevin Kelley""]","[""alcohol_license""]",Kitchen + Kocktails by Kevin Kelley Boston,pending,pending
BH-0d83e74198534fad,"K&K Restaurant Group, Inc.",KKRESTAURANTGROUPINC,"[""LB-99190""]","[""Estella""]","[""alcohol_license""]",K&K Restaurant Group,pending,pending
BH-725a47d3f60b61b5,"KKR Holdings, LLC",KKRHOLDINGSLLC,"[""LB-595032""]","[""District 7 Cafe""]","[""alcohol_license""]",KKR Holdings,pending,pending
BH-d1086e122b28ae4f,"KL Group, Inc.",KLGROUPINC,"[""LB-102038""]","[""TREMONT MARKET""]","[""alcohol_license""]",KL Group,pending,pending
BH-c3a291ac818e2a4a,"KLK, INC.",KLKINC,"[""LB-99804""]","[""TEN TABLES""]","[""alcohol_license""]",KLK,pending,pending
BH-ac29512ee0819489,"K.M.F. HOSPITALITY, INC.",KMFHOSPITALITYINC,"[""LB-99100""]","[""Central Wharf Company""]","[""alcohol_license""]",K.M.F. HOSPITALITY,pending,pending
BH-efa70b731f6f601b,Kojam LLC,KOJAMLLC,"[""LB-98944""]","[""Faccia a Faccia""]","[""alcohol_license""]",Kojam,pending,pending
BH-e6ed5e2c78430b0e,Kolo Dorchester Inc,KOLODORCHESTERINC,"[""LB-626534""]","[""Yeanie's Burger & Social""]","[""alcohol_license""]",Kolo Dorchester,pending,pending
BH-3ef57bc7483a89c7,"KPC, INC.",KPCINC,"[""LB-99243""]","[""MURPHY'S LAW""]","[""alcohol_license""]",KPC,pending,pending
BH-9878fb907ed55a61,Krisha Corporation,KRISHACORPORATION,"[""LB-153841""]","[""Maverick Street Market""]","[""alcohol_license""]",Krisha,pending,pending
BH-ca15c75dc77c39e5,Krupa Corporation,KRUPACORPORATION,"[""LB-610495""]","[""JP Convenience""]","[""alcohol_license""]",Krupa,pending,pending
BH-558733608c096a6e,"KUALA LUMPUR, INC.",KUALALUMPURINC,"[""LB-99532""]","[""PENANG""]","[""alcohol_license""]",KUALA LUMPUR,pending,pending
BH-4cb6c989b5c6ee10,"Kura Sushi USA, Inc",KURASUSHIUSAINC,"[""LB-523593""]","[""Kura Revolving Sushi Bar""]","[""alcohol_license""]",Kura Sushi USA,pending,pending
BH-ae31fb48cd18a522,"Kured Creations, LLC",KUREDCREATIONSLLC,"[""LB-495221""]","[""Kured""]","[""alcohol_license""]",Kured Creations,pending,pending
BH-1fb0ada44b8a6a6c,"La Flaca y el Gordo, Inc.",LAFLACAYELGORDOINC,"[""LB-99275""]","[""PEKA""]","[""alcohol_license""]",La Flaca y el Gordo,pending,pending
BH-99504cbb9a65f84d,"LAGRANGE LOUNGE AND RESTAURANT, INC.",LAGRANGELOUNGEANDRESTAURANTINC,"[""LB-98980""]","[""CORRIB PUB & RESTAURANT""]","[""alcohol_license""]",LAGRANGE LOUNGE AND RESTAURANT,pending,pending
BH-3cdd9bbadf4a6146,Lajara Restaurant Corporation,LAJARARESTAURANTCORPORATION,"[""LB-570339""]","[""Mofongo Factory Restaurant""]","[""alcohol_license""]",Lajara Restaurant,pending,pending
BH-baf1827ec70796c1,LaLaLand LLC,LALALANDLLC,"[""LB-99309""]","[""Blondie's""]","[""alcohol_license""]",LaLaLand,pending,pending
BH-55b0430c7793e17d,Land of Beer MA LLC,LANDOFBEERMALLC,"[""LB-523575""]","[""Land of Beer, Wine & Spirit""]","[""alcohol_license""]",Land of Beer MA,pending,pending
BH-bfd14208360465d5,"Lank's Wine & Liquor, Inc.",LANKSWINELIQUORINC,"[""LB-101926""]","[""Super Liquors""]","[""alcohol_license""]",Lank's Wine & Liquor,pending,pending
BH-686688f4aaf3fa5b,"LA PIANA, INC.",LAPIANAINC,"[""LB-102037""]","[""TUTTO ITALIANO""]","[""alcohol_license""]",LA PIANA,pending,pending
BH-7cf9b1562f9dbc9d,"La Riqueza Market, Inc.",LARIQUEZAMARKETINC,"[""LB-480008""]","[""La Riqueza Market""]","[""alcohol_license""]",La Riqueza Market,pending,pending
BH-75df0017e9d0650a,"LASALLE HOTEL LESSEE, INC.",LASALLEHOTELLESSEEINC,"[""LB-101645""]","[""HYATT BOSTON HARBOR""]","[""alcohol_license""]",LASALLE HOTEL LESSEE,pending,pending
BH-abddb5096cd3330c,"LAS PALMAS MARKET, INC.",LASPALMASMARKETINC,"[""LB-99612""]","[""EL PALMAR RESTAURANT""]","[""alcohol_license""]",LAS PALMAS MARKET,pending,pending
BH-32b7abbb1db918b9,"LAST DROP, INC.",LASTDROPINC,"[""LB-99293""]","[""THE LAST DROP""]","[""alcohol_license""]",LAST DROP,pending,pending
BH-5737c07d274a2166,"La Tavernetta by Mida, LLC",LATAVERNETTABYMIDALLC,"[""LB-607770""]","[""La Tavernetta by Mida""]","[""alcohol_license""]",La Tavernetta by Mida,pending,pending
BH-993b808f93c337e0,"La Union Market and Butchery, Inc.",LAUNIONMARKETANDBUTCHERYINC,"[""LB-401642""]",[],"[""alcohol_license""]",La Union Market and Butchery,pending,pending
BH-b49595ede01aca56,"L. Cleveland Circle, LLC",LCLEVELANDCIRCLELLC,"[""LB-99832""]","[""CAFE LANDWER""]","[""alcohol_license""]",L. Cleveland Circle,pending,pending
BH-d8b0cd119ef68bf0,"L. Coffee, Inc.",LCOFFEEINC,"[""LB-99544""]","[""CAFE LANDWER""]","[""alcohol_license""]",L. Coffee,pending,pending
BH-d256c9a276c6f868,"LCTB FORT POINT, LLC",LCTBFORTPOINTLLC,"[""LB-162511""]","[""LOLITA COCINA & TEQUILA BAR""]","[""alcohol_license""]",LCTB FORT POINT,pending,pending
BH-38c2fd39bad013a2,"LCY, INC.",LCYINC,"[""LB-99611""]","[""JADE GARDEN RESTAURANT""]","[""alcohol_license""]",LCY,pending,pending
BH-a12fe9091c71f292,"LEANY'S ENTERPRISE, INC.",LEANYSENTERPRISEINC,"[""LB-98910""]","[""NAPOLES""]","[""alcohol_license""]",LEANY'S ENTERPRISE,pending,pending
BH-c8685186331de65e,"LEE'S QUIK PIK, INC.",LEESQUIKPIKINC,"[""LB-101918""]","[""LEE'S MARKET""]","[""alcohol_license""]",LEE'S QUIK PIK,pending,pending
BH-b2740cbcd0cfde6a,Legends Music LLC,LEGENDSMUSICLLC,"[""LB-98926"", ""LB-98942""]","[""LEADER BANK PAVILION""]","[""alcohol_license""]",Legends Music,pending,pending
BH-1ade2b7de053fcbe,Lenox Sophia LLC,LENOXSOPHIALLC,"[""LB-467591""]","[""Lenox Sophia""]","[""byob_separate""]",Lenox Sophia,pending,pending
BH-68711b96dd7bd3f4,Lepe Food Service LLC,LEPEFOODSERVICELLC,"[""LB-545988""]","[""La Cuchara""]","[""alcohol_license""]",Lepe Food Service,pending,pending
BH-85c1ed501195dc7a,LePoe LePoe Farm LLC,LEPOELEPOEFARMLLC,"[""LB-522273""]","[""Crane River Cheese Club""]","[""alcohol_license""]",LePoe LePoe Farm,pending,pending
BH-a5840965de595c10,"LH Roslindale, LLC",LHROSLINDALELLC,"[""LB-99286""]","[""La Hacienda""]","[""alcohol_license""]",LH Roslindale,pending,pending
BH-90d10713473293eb,"Libertine New England, LLC",LIBERTINENEWENGLANDLLC,"[""LB-99793""]","[""LIBERTINE""]","[""alcohol_license""]",Libertine New England,pending,pending
BH-3fea4212336455a0,Limani Seaport Boston LLC,LIMANISEAPORTBOSTONLLC,"[""LB-101577""]","[""Limani Grille""]","[""alcohol_license""]",Limani Seaport Boston,pending,pending
BH-d6d51c4c26197302,"LIMERICK CO., INC. OF DORCHESTER",LIMERICKCOINCOFDORCHESTER,"[""LB-99035""]","[""Blend""]","[""alcohol_license""]","LIMERICK CO., INC. OF DORCHESTER",pending,pending
BH-3bc79aabd98d9d2d,"Liquor Story, Inc.",LIQUORSTORYINC,"[""LB-587870""]","[""Liquor Story""]","[""alcohol_license""]",Liquor Story,pending,pending
BH-01ba7e906c415621,LISA DIPRIZIO,LISADIPRIZIO,"[""LB-99758""]","[""POCKET BILLIARD CLUB""]","[""alcohol_license""]",LISA DIPRIZIO,pending,pending
BH-afa4117968c96761,"LITTLE HAITI INTERNATIONAL CUISINE, LLC",LITTLEHAITIINTERNATIONALCUISINELLC,"[""LB-577222""]","[""Little Haiti International Cuisine""]","[""alcohol_license""]",LITTLE HAITI INTERNATIONAL CUISINE,pending,pending
BH-5a23f61a54f9b399,"LITTLE Q COMPANY, INC.",LITTLEQCOMPANYINC,"[""LB-124751""]","[""Little Q Hot Pot, Sushi Bar and Lounge""]","[""alcohol_license""]",LITTLE Q COMPANY,pending,pending
BH-153168a3f5ab1eb2,"Llanera Supermarket, Inc.",LLANERASUPERMARKETINC,"[""LB-492559""]",[],"[""alcohol_license""]",Llanera Supermarket,pending,pending
BH-fccb2e1dacc023a0,"LLH, LLC",LLHLLC,"[""LB-314275"", ""LB-525934""]","[""Trader Joe's""]","[""alcohol_license""]",LLH,pending,pending
BH-4f6e5aa468dd2114,"LL RP 319A Street, LLC",LLRP319ASTREETLLC,"[""LB-99262""]","[""Citrus & Salt""]","[""alcohol_license""]",LL RP 319A Street,pending,pending
BH-3a5bbfbf19ccc23a,"LOFMUR, INC.",LOFMURINC,"[""LB-154679""]","[""PORTER CAFE""]","[""alcohol_license""]",LOFMUR,pending,pending
BH-e1cc6f26eba49aa8,"Lola 42 Restaurant Boston, LLC",LOLA42RESTAURANTBOSTONLLC,"[""LB-99152""]","[""LOLA 42""]","[""alcohol_license""]",Lola 42 Restaurant Boston,pending,pending
BH-09c6ff63df0c848f,"LOLITA BOSTON, LLC",LOLITABOSTONLLC,"[""LB-99029""]","[""LOLITA COCINA & TEQUILA BAR""]","[""alcohol_license""]",LOLITA BOSTON,pending,pending
BH-6470e18f0f3b7b54,Long Live Roxbury Inc.,LONGLIVEROXBURYINC,"[""LB-523573""]","[""Long Live Beerworks""]","[""alcohol_license""]",Long Live Roxbury,pending,pending
BH-3a6e57de6d3c1b66,LONGWOOD HOTEL CORP.,LONGWOODHOTELCORP,"[""LB-101629""]","[""LONGWOOD HOTEL""]","[""alcohol_license""]",LONGWOOD HOTEL,pending,pending
BH-7d3064c688dac98c,"LOPERA, INC.",LOPERAINC,"[""LB-99149""]","[""Nfarra2""]","[""alcohol_license""]",LOPERA,pending,pending
BH-8773c48aff618316,"Lord Hobo Drydock, LLC",LORDHOBODRYDOCKLLC,"[""LB-611807""]","[""Lord Hobo""]","[""alcohol_license""]",Lord Hobo Drydock,pending,pending
BH-95fec7cc99037455,Los Alebrijes Restaurant LLC,LOSALEBRIJESRESTAURANTLLC,"[""LB-572966""]","[""Los Alebrijes Restaurant""]","[""alcohol_license""]",Los Alebrijes Restaurant,pending,pending
BH-2e452b7abc23ec89,"LOS ARRIEROS RESTAURANT, INC.",LOSARRIEROSRESTAURANTINC,"[""LB-99835""]","[""LOS ARRIEROS RESTAURANT""]","[""alcohol_license""]",LOS ARRIEROS RESTAURANT,pending,pending
BH-6447a861b475bc04,"LOS CABALLEROS MARKET, INC.",LOSCABALLEROSMARKETINC,"[""LB-102041""]","[""LOS CABALLEROS MARKET""]","[""alcohol_license""]",LOS CABALLEROS MARKET,pending,pending
BH-e86e814be365c625,"L'OSTERIA, INC.",LOSTERIAINC,"[""LB-99710""]","[""L'OSTERIA""]","[""alcohol_license""]",L'OSTERIA,pending,pending
BH-76f414bf377c10bf,"LOWER MILLS RESTAURANT GROUP, LLC",LOWERMILLSRESTAURANTGROUPLLC,"[""LB-447983""]","[""Pat's Pizza""]","[""alcohol_license""]",LOWER MILLS RESTAURANT GROUP,pending,pending
BH-a58fbf2a2b5f6a77,"LOWER MILLS  TAVERN, INC",LOWERMILLSTAVERNINC,"[""LB-160336""]","[""LOWER MILLS TAVERN""]","[""alcohol_license""]",LOWER MILLS  TAVERN,pending,pending
BH-24129f881b1e0f13,"LP LIQUOR, INC.",LPLIQUORINC,"[""LB-101917""]","[""BROTHERS WINE & SPIRITS""]","[""alcohol_license""]",LP LIQUOR,pending,pending
BH-34cffaab618c0638,"LSF Copley Square, LLC",LSFCOPLEYSQUARELLC,"[""LB-99091""]","[""LEGAL SEA FOODS""]","[""alcohol_license""]",LSF Copley Square,pending,pending
BH-e84cee2fb4d35575,"LSF HARBORSIDE, LLC",LSFHARBORSIDELLC,"[""LB-99184""]","[""Legal Harborside""]","[""alcohol_license""]",LSF HARBORSIDE,pending,pending
BH-e94b0fac50cc1a80,"LSF Legal Crossing, LLC",LSFLEGALCROSSINGLLC,"[""LB-98915""]","[""Legal Sea Foods""]","[""alcohol_license""]",LSF Legal Crossing,pending,pending
BH-16542e1ec6240c87,"LSF LOGAN AIRPORT, LLC",LSFLOGANAIRPORTLLC,"[""LB-106825"", ""LB-123506"", ""LB-126408"", ""LB-318030"", ""LB-537660"", ""LB-98873""]","[""LEGAL SEA FOODS"", ""Legal Sea Foods""]","[""alcohol_license""]",LSF LOGAN AIRPORT,pending,pending
BH-6b7ed59d5215fe6d,"LSF Long Wharf, LLC",LSFLONGWHARFLLC,"[""LB-98916""]","[""LEGAL SEA FOODS""]","[""alcohol_license""]",LSF Long Wharf,pending,pending
BH-8774170deebd23e9,LSF Park Square LLC,LSFPARKSQUARELLC,"[""LB-99383""]","[""Legal Sea Foods""]","[""alcohol_license""]",LSF Park Square,pending,pending
BH-65329cb58c990329,"LTF Club Operations Company, Inc.",LTFCLUBOPERATIONSCOMPANYINC,"[""LB-99756""]","[""Life Time""]","[""alcohol_license""]",LTF Club Operations Company,pending,pending
BH-8ecf70b19c330263,"Lucky Five Restaruant, Inc.",LUCKYFIVERESTARUANTINC,"[""LB-99644""]","[""FIVE SPICE HOUSE RESTAURANT""]","[""alcohol_license""]",Lucky Five Restaruant,pending,pending
BH-d73d6978972c5f2c,LU C. MANAGEMENT CORP.,LUCMANAGEMENTCORP,"[""LB-99173""]","[""Lucie Drink & Dine""]","[""alcohol_license""]",LU C. MANAGEMENT,pending,pending
BH-f4d763bdb14b892b,"Lulu Green, LLC",LULUGREENLLC,"[""LB-99738""]","[""Lulu Green Cafe""]","[""alcohol_license""]",Lulu Green,pending,pending
BH-661895c11cfacd6e,"Luna's Restaurant, LLC",LUNASRESTAURANTLLC,"[""LB-349943""]","[""Luna's Restaurant""]","[""alcohol_license""]",Luna's Restaurant,pending,pending
BH-3f3d13c141a9f608,LYRIC STAGE COMPANY,LYRICSTAGECOMPANY,"[""LB-101595""]","[""LYRIC STAGE""]","[""alcohol_license""]",LYRIC STAGE COMPANY,pending,pending
BH-fbea8adb8a604e65,Maa Laxmi Corp.,MAALAXMICORP,"[""LB-101966""]","[""Dorchester Liquors""]","[""alcohol_license""]",Maa Laxmi,pending,pending
BH-cf0445cac1ea52b1,"MACUMBA LATINA, INC.",MACUMBALATINAINC,"[""LB-99207""]","[""MACUMBA LATINA""]","[""alcohol_license""]",MACUMBA LATINA,pending,pending
BH-62ec6b8f9661b599,"MADMAC PARTNERS, LLC",MADMACPARTNERSLLC,"[""LB-101980""]",[],"[""alcohol_license""]",MADMAC PARTNERS,pending,pending
BH-0de9ea01e3240343,MAGGIANO'S HOLDING CORPORATION,MAGGIANOSHOLDINGCORPORATION,"[""LB-99001""]","[""MAGGIANO'S LITTLE ITALY""]","[""alcohol_license""]",MAGGIANO'S HOLDING,pending,pending
BH-0e85510b40298a46,Magnificent Seven Inc.,MAGNIFICENTSEVENINC,"[""LB-99209""]","[""Layla’s American Tavern""]","[""alcohol_license""]",Magnificent Seven,pending,pending
BH-f5e569a3994d50df,Mahabali Corporation,MAHABALICORPORATION,"[""LB-101909""]","[""ROTARY LIQUORS""]","[""alcohol_license""]",Mahabali,pending,pending
BH-06c96623a31bb8aa,"Maharaj and Swami, LLC",MAHARAJANDSWAMILLC,"[""LB-311737""]","[""Quick Pick Convenience""]","[""alcohol_license""]",Maharaj and Swami,pending,pending
BH-0da2c67cdf980a8a,Mai Izakaya LLC,MAIIZAKAYALLC,"[""LB-99603""]","[""Mai""]","[""alcohol_license""]",Mai Izakaya,pending,pending
BH-0b53bd1890084cdf,MA-LA-TAO Ma Inc.,MALATAOMAINC,"[""LB-99642""]","[""Szechuan Mountain House""]","[""alcohol_license""]",MA-LA-TAO Ma,pending,pending
BH-5867ad4b89331c02,"Maldi MAA, Inc.",MALDIMAAINC,"[""LB-587869""]","[""Tremont Variety""]","[""alcohol_license""]",Maldi MAA,pending,pending
BH-657ab043f9bc1ccc,"MALT, LLC",MALTLLC,"[""LB-99648""]","[""PICCO""]","[""alcohol_license""]",MALT,pending,pending
BH-a46d7614d52c0895,MANDIR CORPORATION,MANDIRCORPORATION,"[""LB-101972""]","[""BAY VIEW LIQUORS""]","[""alcohol_license""]",MANDIR,pending,pending
BH-5d822043d0951943,"MAPLE & ASH BOSTON, LLC",MAPLEASHBOSTONLLC,"[""LB-99388""]","[""MAPLE & ASH""]","[""alcohol_license""]",MAPLE & ASH BOSTON,complete,pending
BH-8b5a3abfc89ca011,"Marabou Cafe, LLC",MARABOUCAFELLC,"[""LB-628240""]","[""Marabou Cafe Restaurant""]","[""alcohol_license""]",Marabou Cafe,pending,pending
BH-dc01679ce4a7f3c2,"MARGIA, CORP.",MARGIACORP,"[""LB-99521""]","[""GIACOMO'S RISTORANTE""]","[""alcohol_license""]",MARGIA,pending,pending
BH-f3ef394a6d86a149,"Maria Store, Inc.",MARIASTOREINC,"[""LB-138923""]",[],"[""alcohol_license""]",Maria Store,pending,pending
BH-6b4616c2be64b055,MARIE P. CANALE,MARIEPCANALE,"[""LB-101970""]","[""LOMBARDI'S""]","[""alcohol_license""]",MARIE P. CANALE,pending,pending
BH-206c867a75d77adf,"Marino's Market, Inc",MARINOSMARKETINC,"[""LB-102014"", ""LB-525486""]","[""MARINO'S MARKET & DELI"", ""Marino's Market and Deli""]","[""alcohol_license""]",Marino's Market,pending,pending
BH-48e28a1bc9822e7e,"Markiro Market Place, Inc.",MARKIROMARKETPLACEINC,"[""LB-387124""]","[""Epic Marketplace""]","[""alcohol_license""]",Markiro Market Place,pending,pending
BH-0bd72ac3720c4e95,"MARLBOROUGH LIQUOR MARKET, INC.",MARLBOROUGHLIQUORMARKETINC,"[""LB-101902""]","[""City Liquor & Smoke Shop""]","[""alcohol_license""]",MARLBOROUGH LIQUOR MARKET,pending,pending
BH-8d16b42ce0e4e6b2,"MARNICO, INC.",MARNICOINC,"[""LB-99742""]","[""NICO""]","[""alcohol_license""]",MARNICO,pending,pending
BH-f67cb8825eda0832,"MARRIOTT HOTEL SERVICES, INC.",MARRIOTTHOTELSERVICESINC,"[""LB-101637""]","[""MARRIOTT LONG WHARF""]","[""alcohol_license""]",MARRIOTT HOTEL SERVICES,pending,pending
BH-d3ddb429d34f631a,"Marriott Hotel Services, LLC.",MARRIOTTHOTELSERVICESLLC,"[""LB-101625""]","[""BOSTON MARRIOTT HOTEL-COPLEY""]","[""alcohol_license""]",Marriott Hotel Services,pending,pending
BH-20077e1e81a92f0d,MARRIOTT'S RESORTS HOSPITALITY CORPORATION,MARRIOTTSRESORTSHOSPITALITYCORPORATION,"[""LB-99414""]","[""MARRIOTT CUSTOM HOUSE""]","[""alcohol_license""]",MARRIOTT'S RESORTS HOSPITALITY,pending,pending
BH-cfc5893ca09273f4,"Martignetti Restaurant Group, LLC",MARTIGNETTIRESTAURANTGROUPLLC,"[""LB-99702""]","[""Bar Martignetti""]","[""alcohol_license""]",Martignetti Restaurant Group,pending,pending
BH-324ad8430c51f26e,MARTIN F. MCDONOUGH POST NO. 368 AM LEGION,MARTINFMCDONOUGHPOSTNO368AMLEGION,"[""LB-98840""]",[],"[""alcohol_license""]",MARTIN F. MCDONOUGH POST NO. 368 AM LEGION,pending,pending
BH-349aa51af4d1d3c2,"MARY CLIPPER SHIP, INC.",MARYCLIPPERSHIPINC,"[""LB-101903""]","[""CLIPPER SHIP WINE & SPIRIT""]","[""alcohol_license""]",MARY CLIPPER SHIP,pending,pending
BH-c9089a66c5594890,"Marzae, LLC",MARZAELLC,"[""LB-624245""]","[""Marzae Cellar + Provisions""]","[""alcohol_license""]",Marzae,pending,pending
BH-5f02ae29b46726be,MASSACHUSETTS CONVENTION CENTER AUTHORITY,MASSACHUSETTSCONVENTIONCENTERAUTHORITY,"[""LB-99255"", ""LB-99437""]","[""MASSACHUSETTS CONVENTION CENTER AUTHORITY""]","[""alcohol_license""]",MASSACHUSETTS CONVENTION CENTER AUTHORITY,pending,pending
BH-5faf34df6311a23a,Massachusetts Fine Wine & Spirits LLC,MASSACHUSETTSFINEWINESPIRITSLLC,"[""LB-461216""]","[""Total Wine Spirits Beer & More""]","[""alcohol_license""]",Massachusetts Fine Wine & Spirits,pending,pending
BH-18eec3035a7e6dd5,"Massachusetts Fine Wines & Spirits, LLC",MASSACHUSETTSFINEWINESSPIRITSLLC,"[""LB-101922""]","[""The Crossing Wine and Spirits""]","[""alcohol_license""]",Massachusetts Fine Wines & Spirits,pending,pending
BH-44a42823c10f19d0,"MASSACHUSETTS SPORTSERVICE, INC.",MASSACHUSETTSSPORTSERVICEINC,"[""LB-98974"", ""LB-98975"", ""LB-99331""]","[""Legends"", ""TD GARDEN"", ""Viva Victory Den""]","[""alcohol_license""]",MASSACHUSETTS SPORTSERVICE,pending,pending
BH-374546270f73dedb,"Mass. Bay Brewing Company, Inc.",MASSBAYBREWINGCOMPANYINC,"[""LB-463565""]","[""Harpoon Brewery""]","[""alcohol_license""]",Mass. Bay Brewing Company,pending,pending
BH-72253a859cb0effd,"MASSIMINO'S CUCINA ITALIANA,INC.",MASSIMINOSCUCINAITALIANAINC,"[""LB-99361""]","[""MASSIMINO'S""]","[""alcohol_license""]","MASSIMINO'S CUCINA ITALIANA,INC.",pending,pending
BH-ceecfaec9b212a7c,Matsu Nori Inc.,MATSUNORIINC,"[""LB-537658""]","[""Matsu Nori Handroll Bar""]","[""byob_separate""]",Matsu Nori,pending,pending
BH-159b53ee8423ba56,Mattapan Gas Station Inc,MATTAPANGASSTATIONINC,"[""LB-458000""]","[""Petro Plus Super Station""]","[""alcohol_license""]",Mattapan Gas Station,pending,pending
BH-f251ddb48450c9bf,"MAYASOL, INC.",MAYASOLINC,"[""LB-99335""]","[""SOL AZTECA""]","[""alcohol_license""]",MAYASOL,pending,pending
BH-bdfdc0eae6cf506b,MCBOIS LIMITED,MCBOISLIMITED,"[""LB-99214""]","[""FRANKLIN CAFE""]","[""alcohol_license""]",MCBOIS LIMITED,pending,pending
BH-7fb11993f18cd387,"MCCARTHY BROTHERS, INC.",MCCARTHYBROTHERSINC,"[""LB-101893""]","[""MCCARTHY LIQUORS""]","[""alcohol_license""]",MCCARTHY BROTHERS,pending,pending
BH-f9648fa988a73e80,MCCARTHY'S INC. OF BOSTON,MCCARTHYSINCOFBOSTON,"[""LB-98938""]","[""THE PUDDINGSTONE TAVERN""]","[""alcohol_license""]",MCCARTHY'S INC. OF BOSTON,pending,pending
BH-674d3e7dd4394ea5,MC-EB Realty LLC,MCEBREALTYLLC,"[""LB-139777""]","[""Hilton Garden Inn Logan Boston""]","[""alcohol_license""]",MC-EB Realty,pending,pending
BH-ebf25b1b17a247ae,"M. COOKE, INC.",MCOOKEINC,"[""LB-98895""]","[""THE BOSTON SAIL LOFT""]","[""alcohol_license""]",M. COOKE,pending,pending
BH-a5c6873623c98102,MDM Wine4 LLC,MDMWINE4LLC,"[""LB-138680""]","[""VINODIVINO""]","[""alcohol_license""]",MDM Wine4,pending,pending
BH-ea95e0eb6eb7f4ea,MDM Wine6 LLC,MDMWINE6LLC,"[""LB-603706""]","[""VinoDivino""]","[""alcohol_license""]",MDM Wine6,pending,pending
BH-0bd22fb7320a54fc,"Mecha Noodle Bar Boston, LLC",MECHANOODLEBARBOSTONLLC,"[""LB-98949""]","[""Mecha Noodle Bar""]","[""alcohol_license""]",Mecha Noodle Bar Boston,pending,pending
BH-180e36e5dc0965e3,"Medico L Tavern Street, LLC",MEDICOLTAVERNSTREETLLC,"[""LB-99060""]","[""L STREET TAVERN""]","[""alcohol_license""]",Medico L Tavern Street,pending,pending
BH-b5dd75df1536d7a7,"MEI MEI RESTAURANT, INC.",MEIMEIRESTAURANTINC,"[""LB-139202""]","[""Mei Mei""]","[""alcohol_license""]",MEI MEI RESTAURANT,pending,pending
BH-f9d9e200eb9589ac,"MELA GROUP, INC.",MELAGROUPINC,"[""LB-99434""]",[],"[""alcohol_license""]",MELA GROUP,pending,pending
BH-657a4a842df0e8cd,"Melcher Newco Holdings, LLC",MELCHERNEWCOHOLDINGSLLC,"[""LB-98923""]","[""Mooo Seaport""]","[""alcohol_license""]",Melcher Newco Holdings,pending,pending
BH-991b8ee150bb0ad9,M.E. LIQUORS CORPORATION,MELIQUORSCORPORATION,"[""LB-101916""]","[""AVENUE LIQUORS""]","[""alcohol_license""]",M.E. LIQUORS,pending,pending
BH-2a6fbdba706a2386,Mello Vibez Restaurant LLC,MELLOVIBEZRESTAURANTLLC,"[""LB-457700""]",[],"[""alcohol_license""]",Mello Vibez Restaurant,pending,pending
BH-4da2dd2188a6910c,MerchRow LLC,MERCHROWLLC,"[""LB-99153""]",[],"[""alcohol_license""]",MerchRow,pending,pending
BH-1e71c988701451c3,MERENGUE CORP.,MERENGUECORP,"[""LB-99806"", ""LB-99822""]","[""MERENGUE RESTAURANT & CATERING"", ""VEJIGANTES, LLC""]","[""alcohol_license""]",MERENGUE,pending,pending
BH-6b18c618330f2203,"METAMORPHOSIS, LLC",METAMORPHOSISLLC,"[""LB-102046""]","[""METAMORPHOSIS""]","[""alcohol_license""]",METAMORPHOSIS,pending,pending
BH-af6d0e9d6c64b068,MET CLUB MANAGER LLC,METCLUBMANAGERLLC,"[""LB-99358""]","[""STEPHANIE'S ON NEWBURY""]","[""alcohol_license""]",MET CLUB MANAGER,pending,pending
BH-3441ac5ac9a27371,"METRO DINING, INC.",METRODININGINC,"[""LB-99095""]",[],"[""alcohol_license""]",METRO DINING,pending,pending
BH-a028e8a992c7ac2b,"METROPOLITAN LIQUOR ASSOCIATES, INC.",METROPOLITANLIQUORASSOCIATESINC,"[""LB-101898""]","[""TOP LIQUORS""]","[""alcohol_license""]",METROPOLITAN LIQUOR ASSOCIATES,pending,pending
BH-c50374381568fac0,"Mexicali Sushi Bar, Inc.",MEXICALISUSHIBARINC,"[""LB-99628""]","[""La Pinata""]","[""alcohol_license""]",Mexicali Sushi Bar,pending,pending
BH-aaad2cc2433f364d,"MHF Devonshire V, LLC",MHFDEVONSHIREVLLC,"[""LB-99181""]","[""HYATT CENTRIC BOSTON""]","[""alcohol_license""]",MHF Devonshire V,pending,pending
BH-867d25681fc9a3ab,"MIA18M, Inc.",MIA18MINC,"[""LB-616556""]","[""Pomona Cafe III""]","[""alcohol_license""]",MIA18M,pending,pending
BH-5b3ab135cc467d45,"MICHAEL J. PERKINS AMERICAN LEGION POST 67, INC.",MICHAELJPERKINSAMERICANLEGIONPOST67INC,"[""LB-167019""]","[""PERKINS POST""]","[""alcohol_license""]",MICHAEL J. PERKINS AMERICAN LEGION POST 67,pending,pending
BH-3a552641893c33a3,"MIDA East Boston, LLC",MIDAEASTBOSTONLLC,"[""LB-471196""]","[""MIDA""]","[""alcohol_license""]",MIDA East Boston,pending,pending
BH-a40c994e0f378921,"Midnight Morning, LLC",MIDNIGHTMORNINGLLC,"[""LB-492568""]","[""Midnight Morning""]","[""alcohol_license""]",Midnight Morning,pending,pending
BH-e42d7dce6d5cb2d2,"Mi Finca Mexican Foods, LLC",MIFINCAMEXICANFOODSLLC,"[""LB-582370""]","[""Mi Finca Mexican Restaurant and Pizzeria""]","[""alcohol_license""]",Mi Finca Mexican Foods,pending,pending
BH-7ab2f89c3d8607de,"Mighty Squirrel Fenway, LLC",MIGHTYSQUIRRELFENWAYLLC,"[""LB-543920""]","[""Mighty Squirrel Brewing Co.""]","[""alcohol_license""]",Mighty Squirrel Fenway,pending,pending
BH-0667514f003c0017,"Mike & Patty's JP, LLC",MIKEPATTYSJPLLC,"[""LB-457688""]","[""Mike & Patty's""]","[""alcohol_license""]",Mike & Patty's JP,pending,pending
BH-a39c02e5bb9b799c,"MILE 22, INC.",MILE22INC,"[""LB-98902""]","[""CITYSIDE IN THE CIRCLE""]","[""alcohol_license""]",MILE 22,pending,pending
BH-9b86e0a75ea91f5d,Millennium Tower Trust,MILLENNIUMTOWERTRUST,"[""LB-98950""]",[],"[""alcohol_license""]",Millennium Tower Trust,pending,pending
BH-2d81b36ee6b5d56b,MIMEBA Corp,MIMEBACORP,"[""LB-436364""]","[""El Penol Restaurant""]","[""alcohol_license""]",MIMEBA,pending,pending
BH-11a5a2d7ba881a70,"Ming's Supermarket, Inc.",MINGSSUPERMARKETINC,"[""LB-590408""]","[""Go Fresh 365""]","[""alcohol_license""]",Ming's Supermarket,pending,pending
BH-09b9d7dccd3a7227,"Minina Cafe, Inc.",MININACAFEINC,"[""LB-590954""]","[""Minina Cafe""]","[""alcohol_license""]",Minina Cafe,pending,pending
BH-e56471bf3c6357c2,MINOT HOSPITALITY GROUP LLC,MINOTHOSPITALITYGROUPLLC,"[""LB-101659""]","[""Beacon Hill Hotel""]","[""alcohol_license""]",MINOT HOSPITALITY GROUP,pending,pending
BH-bd79378815659a46,"MIRAGE CHARCOAL KABOB, INC.",MIRAGECHARCOALKABOBINC,"[""LB-99643""]","[""Zen Restaurant""]","[""alcohol_license""]",MIRAGE CHARCOAL KABOB,pending,pending
BH-139164e75f02d639,"Mission Hill Hospitality, LLC",MISSIONHILLHOSPITALITYLLC,"[""LB-99248""]","[""Yellow Door Taqueria-Mission Hill""]","[""alcohol_license""]",Mission Hill Hospitality,pending,pending
BH-f3c7c0b6c00577a8,"MITSOS, LLC",MITSOSLLC,"[""LB-99123""]","[""Krasi and Hecate""]","[""alcohol_license""]",MITSOS,pending,pending
BH-5b036e1c231c3937,"MMIR, LLC",MMIRLLC,"[""LB-99664""]","[""SHU DAXIA HOT POT""]","[""alcohol_license""]",MMIR,pending,pending
BH-ccd820b7c7bb0344,"MODEL CAFETERIA, INC.",MODELCAFETERIAINC,"[""LB-99176""]","[""MODEL CAFETERIA""]","[""alcohol_license""]",MODEL CAFETERIA,pending,pending
BH-ef299b1328245409,"MODERN PASTRY, INC.",MODERNPASTRYINC,"[""LB-99720""]","[""MODERN PASTRY""]","[""alcohol_license""]",MODERN PASTRY,pending,pending
BH-ec2cabf53999c9af,"MOHAMMAD ALAM, INDIVIDUAL",MOHAMMADALAMINDIVIDUAL,"[""LB-99624""]","[""TASTE OF INDIA""]","[""alcohol_license""]","MOHAMMAD ALAM, INDIVIDUAL",pending,pending
BH-b7d80edc447bfeb1,"MONICA'S, INC.",MONICASINC,"[""LB-99489""]","[""MONICA'S RESTAURANT""]","[""alcohol_license""]",MONICA'S,pending,pending
BH-0ae759f00e0a40a5,"MONICA'S MERCATO, INC.",MONICASMERCATOINC,"[""LB-102036""]","[""MONICA'S MERCATO""]","[""alcohol_license""]",MONICA'S MERCATO,pending,pending
BH-3d179d6290a5dead,"MONICA'S TRATTORIA ON PRINCE, INC.",MONICASTRATTORIAONPRINCEINC,"[""LB-162574""]","[""MONICA'S TRATTORIA""]","[""alcohol_license""]",MONICA'S TRATTORIA ON PRINCE,pending,pending
BH-670ebc0fd8cdd7ba,"MONTANUS, INC.",MONTANUSINC,"[""LB-99588""]","[""BUKOWSKI TAVERN""]","[""alcohol_license""]",MONTANUS,pending,pending
BH-7851dedc80911235,Montecristo Mexican Grill LLC,MONTECRISTOMEXICANGRILLLLC,"[""LB-451072""]",[],"[""alcohol_license""]",Montecristo Mexican Grill,pending,pending
BH-1533cd6192891996,"MONUMENT 251, LLC",MONUMENT251LLC,"[""LB-202482""]","[""Monument""]","[""alcohol_license""]",MONUMENT 251,pending,pending
BH-9b3221490ba91bfa,"MOOGY'S SANDWICH SHOP, INC.",MOOGYSSANDWICHSHOPINC,"[""LB-99629""]","[""MOOGY'S""]","[""alcohol_license""]",MOOGY'S SANDWICH SHOP,pending,pending
BH-ffa22e7c595f004d,"MOONSHINE KITCHEN, LLC",MOONSHINEKITCHENLLC,"[""LB-99075""]","[""MOONSHINE 152""]","[""alcohol_license""]",MOONSHINE KITCHEN,pending,pending
BH-beacb0f1ca9f23fc,"MORTON'S OF CHICAGO/BOSTON SEAPORT, LLC",MORTONSOFCHICAGOBOSTONSEAPORTLLC,"[""LB-99445""]","[""MORTON'S STEAKHOUSE""]","[""alcohol_license""]",MORTON'S OF CHICAGO/BOSTON SEAPORT,pending,pending
BH-3f9694279762a44a,Mother's East Tavern LLC,MOTHERSEASTTAVERNLLC,"[""LB-99389""]","[""Mother’s East Tavern""]","[""alcohol_license""]",Mother's East Tavern,pending,pending
BH-9d819b9b9b7f1941,MOUNT PLEASANT BUILDING ASSOCIATION INC.,MOUNTPLEASANTBUILDINGASSOCIATIONINC,"[""LB-142546""]","[""Mount Pleasant Knights of Columbus""]","[""alcohol_license""]",MOUNT PLEASANT BUILDING ASSOCIATION,pending,pending
BH-0c01d6e998689e29,Moville Inc.,MOVILLEINC,"[""LB-99136""]","[""McGonagle's""]","[""alcohol_license""]",Moville,pending,pending
BH-df08924d423029a6,Mr Drinky LLC,MRDRINKYLLC,"[""LB-596653""]","[""Mr Drinky""]","[""alcohol_license""]",Mr Drinky,pending,pending
BH-eefd910dba016f9d,Mr. G's Corner LLC,MRGSCORNERLLC,"[""LB-578128""]","[""Mattie's Provisions and Spirits""]","[""alcohol_license""]",Mr. G's Corner,pending,pending
BH-3ace9e0c6f8850a8,"MRJ, INC.",MRJINC,"[""LB-99199""]","[""THE HUB PUB""]","[""alcohol_license""]",MRJ,pending,pending
BH-28378a642116d7b6,"MSPK, LLC",MSPKLLC,"[""LB-101851""]","[""BLUE HILL LIQUORS""]","[""alcohol_license""]",MSPK,pending,pending
BH-62e66b784af24a17,"MULLINS WAY, LLC",MULLINSWAYLLC,"[""LB-99276""]","[""SHORE LEAVE""]","[""alcohol_license""]",MULLINS WAY,pending,pending
BH-f069c9e51a73abc3,Mul’s Pub Inc.,MULSPUBINC,"[""LB-99296""]","[""AMRHEIN'S""]","[""alcohol_license""]",Mul’s Pub,pending,pending
BH-672ad174cf793856,"MURASAKI, INC.",MURASAKIINC,"[""LB-99776""]","[""UMAI JAPANESE RESTAURANT""]","[""alcohol_license""]",MURASAKI,pending,pending
BH-5c66bc6a128760cc,"Murl's Kitchen, LLC",MURLSKITCHENLLC,"[""LB-582381""]","[""Murl's Kitchen""]","[""alcohol_license""]",Murl's Kitchen,pending,pending
BH-c8ddeb94e9b602eb,MUSEUM OF FINE ARTS,MUSEUMOFFINEARTS,"[""LB-99104""]","[""MUSEUM OF FINE ARTS""]","[""alcohol_license""]",MUSEUM OF FINE ARTS,pending,pending
BH-9ded5f0f73ac964e,MUSEUM OF SCIENCE,MUSEUMOFSCIENCE,"[""LB-98934""]","[""BOSTON MUSEUM OF SCIENCE""]","[""alcohol_license""]",MUSEUM OF SCIENCE,pending,pending
BH-ca8b03350866f90e,"MUSIC HALL DINING, INC.",MUSICHALLDININGINC,"[""LB-99310""]",[],"[""alcohol_license""]",MUSIC HALL DINING,pending,pending
BH-ebab0fad00c1a2d8,"MVC 40B, LLC",MVC40BLLC,"[""LB-381128""]","[""The Revolution Hotel""]","[""alcohol_license""]",MVC 40B,pending,pending
BH-7b31eeeeea2f4d43,"M.W.G.W. CARVER GRAND LODGE,INC.",MWGWCARVERGRANDLODGEINC,"[""LB-98810""]",[],"[""alcohol_license""]","M.W.G.W. CARVER GRAND LODGE,INC.",pending,pending
BH-124ca3d76fee4888,"MW & W, INC.",MWWINC,"[""LB-99261""]","[""CHINA PEARL RESTAURANT""]","[""alcohol_license""]",MW & W,pending,pending
BH-96ff7040712fd448,"MYERS & CHANG, LLC",MYERSCHANGLLC,"[""LB-99842""]",[],"[""alcohol_license""]",MYERS & CHANG,pending,pending
BH-86a2888ea9b55ffc,M.Y.N. CORP.,MYNCORP,"[""LB-99233""]","[""DUBLIN PUB""]","[""alcohol_license""]",M.Y.N.,pending,pending
BH-5521d86539275f3c,Namgyal Corporation,NAMGYALCORPORATION,"[""LB-332668""]","[""Back Bay Wine and Spirits""]","[""alcohol_license""]",Namgyal,pending,pending
BH-1e06668c394c693f,NANDO 393 HANOVER INC.,NANDO393HANOVERINC,"[""LB-98930""]","[""NANDO'S TRATTORIA""]","[""alcohol_license""]",NANDO 393 HANOVER,pending,pending
BH-d86551e4de13296c,"NARNARAYAN LIQUORS, INC.",NARNARAYANLIQUORSINC,"[""LB-101928""]","[""TOWN LINE LIQUORS""]","[""alcohol_license""]",NARNARAYAN LIQUORS,pending,pending
BH-1c4f9c9ec2356f59,"NAUTILUS BOSTON, LLC",NAUTILUSBOSTONLLC,"[""LB-99180""]","[""THE NAUTILUS""]","[""alcohol_license""]",NAUTILUS BOSTON,pending,pending
BH-cedcf9b18cab94ad,Navy Yard Market LLC,NAVYYARDMARKETLLC,"[""LB-601424""]","[""Golden Goose Market""]","[""alcohol_license""]",Navy Yard Market,pending,pending
BH-baa9792346bfc02f,Neighborhood Guy LLC,NEIGHBORHOODGUYLLC,"[""LB-519524""]","[""Neighborhood Wines""]","[""alcohol_license""]",Neighborhood Guy,pending,pending
BH-893eccf72e2d81a6,"NEPTUNE OYSTER, LLC",NEPTUNEOYSTERLLC,"[""LB-99541""]","[""NEPTUNE OYSTER""]","[""alcohol_license""]",NEPTUNE OYSTER,pending,pending
BH-74b7b15b6cfe9351,"NEWA LIQUORS, INC.",NEWALIQUORSINC,"[""LB-101934""]","[""WALSH WINE & SPIRITS""]","[""alcohol_license""]",NEWA LIQUORS,pending,pending
BH-7544c1d887d36edf,NEWBURY FINE DINING LIMITED PARTNERSHIP,NEWBURYFINEDININGLIMITEDPARTNERSHIP,"[""LB-99167""]","[""SONSIE""]","[""alcohol_license""]",NEWBURY FINE DINING LIMITED PARTNERSHIP,pending,pending
BH-6282fe253e6814cd,"NEWBURY GUEST HOUSE, INC.",NEWBURYGUESTHOUSEINC,"[""LB-101665""]","[""NEWBURY GUEST HOUSE""]","[""alcohol_license""]",NEWBURY GUEST HOUSE,pending,pending
BH-1211ff906222c3fa,"NEW CENTRE LIQUORS, INC.",NEWCENTRELIQUORSINC,"[""LB-101949""]","[""CENTRE LIQUORS""]","[""alcohol_license""]",NEW CENTRE LIQUORS,pending,pending
BH-8a5fa82d6d3f4609,"NEW GOLDEN GATE, INC.",NEWGOLDENGATEINC,"[""LB-99718""]","[""NEW GOLDEN GATE RESTAURANT""]","[""alcohol_license""]",NEW GOLDEN GATE,pending,pending
BH-b4ca271b99ccd930,"NEW JAMAICA PLAIN MARKET, INC",NEWJAMAICAPLAINMARKETINC,"[""LB-101976""]","[""RUGGIERO'S MARKET""]","[""alcohol_license""]",NEW JAMAICA PLAIN MARKET,pending,pending
BH-66869762448cac02,"NEW MISSION HILL MARKET, INC.",NEWMISSIONHILLMARKETINC,"[""LB-101910""]","[""FUENTES MARKET AND LIQUOR STORE""]","[""alcohol_license""]",NEW MISSION HILL MARKET,complete,pending
BH-146cdc862c3269d7,"NEWPOINT USA, LLC",NEWPOINTUSALLC,"[""LB-441473""]","[""My Happy Hunan Kitchen""]","[""alcohol_license""]",NEWPOINT USA,pending,pending
BH-857e9289446b6d23,New SS Group Inc.,NEWSSGROUPINC,"[""LB-459546""]","[""S. S. Market""]","[""alcohol_license""]",New SS Group,pending,pending
BH-f406d989a6296ce9,Newt's Pharmacy LLC,NEWTSPHARMACYLLC,"[""LB-101303""]","[""Melvin Pharmacy""]","[""category_needs_verification""]",Newt's Pharmacy,pending,pending
BH-4e3737f7f2c95b7d,"NEW WINGS KITCHEN, INC.",NEWWINGSKITCHENINC,"[""LB-99533""]","[""WINGS KITCHEN""]","[""alcohol_license""]",NEW WINGS KITCHEN,pending,pending
BH-3b9639295c48bb5b,"NEXT DROP,INC.",NEXTDROPINC,"[""LB-99145""]","[""THE CORNER""]","[""alcohol_license""]","NEXT DROP,INC.",pending,pending
BH-f4b213566989a7c8,"Nguyenvu Pham Vo, Individual",NGUYENVUPHAMVOINDIVIDUAL,"[""LB-139775""]","[""777 Convenience Store""]","[""alcohol_license""]","Nguyenvu Pham Vo, Individual",pending,pending
BH-2674023c794848f9,"Nicholas Chen Sound, LLC",NICHOLASCHENSOUNDLLC,"[""LB-383185""]","[""Tavern of Tales""]","[""alcohol_license""]",Nicholas Chen Sound,pending,pending
BH-21c5b9a164fa7c48,"NICOLE'S PIZZA, INC.",NICOLESPIZZAINC,"[""LB-99850""]",[],"[""alcohol_license""]",NICOLE'S PIZZA,pending,pending
BH-ef3887bcc5550712,"NICOMAR, INC.",NICOMARINC,"[""LB-99703""]","[""Strega by Nick Varano""]","[""alcohol_license""]",NICOMAR,pending,pending
BH-100adfea49fde957,"Night Shift Lovejoy, LLC",NIGHTSHIFTLOVEJOYLLC,"[""LB-431061""]","[""Night Shift Brewing""]","[""alcohol_license""]",Night Shift Lovejoy,pending,pending
BH-7010a6345af1f77f,Nilkant 44 Inc.,NILKANT44INC,"[""LB-528587""]","[""City Wine Spirits & Smoke Shop""]","[""alcohol_license""]",Nilkant 44,pending,pending
BH-9747a1389c0dcabc,Nilkant 957 Inc.,NILKANT957INC,"[""LB-551179""]","[""City Smoke Shop""]","[""alcohol_license""]",Nilkant 957,pending,pending
BH-aad65f40fbf4d639,"Nine Restaurant Group, LLC",NINERESTAURANTGROUPLLC,"[""LB-99417""]","[""9""]","[""alcohol_license""]",Nine Restaurant Group,pending,pending
BH-48d5296a617d3444,"NINE THIRTY FOUR, INC.",NINETHIRTYFOURINC,"[""LB-99047""]","[""THE BANSHEE""]","[""alcohol_license""]",NINE THIRTY FOUR,pending,pending
BH-b9c899a1aa063cab,"NINO INDICIANI, INDIVIDUAL",NINOINDICIANIINDIVIDUAL,"[""LB-99602""]","[""NINO'S PIZZA""]","[""alcohol_license""]","NINO INDICIANI, INDIVIDUAL",pending,pending
BH-1ffa6f3eb475016a,"NKOTB Lessee, LLC",NKOTBLESSEELLC,"[""LB-101639""]","[""Revere Hotel/Rebel's Guild""]","[""alcohol_license""]",NKOTB Lessee,pending,pending
BH-85fbf7c792cb839d,"Noodle Barn, Inc.",NOODLEBARNINC,"[""LB-99590""]","[""NOODLE BARN""]","[""alcohol_license""]",Noodle Barn,pending,pending
BH-aefa1369f357cc02,NORTHEASTERN UNIVERSITY,NORTHEASTERNUNIVERSITY,"[""LB-98790"", ""LB-98806"", ""LB-99107""]",[],"[""alcohol_license""]",NORTHEASTERN UNIVERSITY,pending,pending
BH-9f0b1adfc4c53a6d,"NORTH STREET GRILLE & CAFE, INC.",NORTHSTREETGRILLECAFEINC,"[""LB-99759""]",[],"[""alcohol_license""]",NORTH STREET GRILLE & CAFE,pending,pending
BH-394cc5704edddf16,Notch Brighton Tap Room LLC,NOTCHBRIGHTONTAPROOMLLC,"[""LB-447987""]",[],"[""alcohol_license""]",Notch Brighton Tap Room,pending,pending
BH-457cd5ad2e7c524a,"Nouria Energy Retail, Inc.",NOURIAENERGYRETAILINC,"[""LB-423824""]","[""Nouria 198 Western Avenue""]","[""alcohol_license""]",Nouria Energy Retail,pending,pending
BH-b5b700f2d415c0f4,Nowon Seaport LLC,NOWONSEAPORTLLC,"[""LB-99415""]","[""Nowon Seaport""]","[""alcohol_license""]",Nowon Seaport,pending,pending
BH-651905cdaf65727f,"NWASH, LLC",NWASHLLC,"[""LB-99727""]","[""TONY & ELAINE'S""]","[""alcohol_license""]",NWASH,pending,pending
BH-29551936bcfe75a3,"Oasis Enterprize Group, Inc.",OASISENTERPRIZEGROUPINC,"[""LB-456201""]","[""Oasis Restaurant""]","[""alcohol_license""]",Oasis Enterprize Group,pending,pending
BH-af979d48b8978b31,"O'BRIEN & ARMSTRONG, INC.",OBRIENARMSTRONGINC,"[""LB-596679""]","[""The Green T Coffee Shop""]","[""alcohol_license""]",O'BRIEN & ARMSTRONG,pending,pending
BH-bda4b905a14dd5c9,OBVERS LLC,OBVERSLLC,"[""LB-99743""]",[],"[""alcohol_license""]",OBVERS,pending,pending
BH-4773355ea07bfacc,"OCEAN TREASURE, INC.",OCEANTREASUREINC,"[""LB-99552""]","[""DOUBLE CHIN""]","[""alcohol_license""]",OCEAN TREASURE,pending,pending
BH-6dc401ad5042dc3b,"Oda Bar & Bites, Inc.",ODABARBITESINC,"[""LB-546003""]","[""Oda Bar & Bites""]","[""alcohol_license""]",Oda Bar & Bites,pending,pending
BH-1932a452cae112ce,Off the Rails Boston LLC,OFFTHERAILSBOSTONLLC,"[""LB-99283""]","[""SCHOLARS""]","[""alcohol_license""]",Off the Rails Boston,pending,pending
BH-a9d30e4871606f30,"OISHII, INC.",OISHIIINC,"[""LB-99486""]","[""OISHII SUSHI BAR""]","[""alcohol_license""]",OISHII,pending,pending
BH-9d0df12384655ae8,OLD COLONIAL CORPORATION,OLDCOLONIALCORPORATION,"[""LB-99264""]","[""BELL IN HAND""]","[""alcohol_license""]",OLD COLONIAL,pending,pending
BH-6906718026be3b3d,OLD COLONY YACHT CLUB,OLDCOLONYYACHTCLUB,"[""LB-98791""]",[],"[""alcohol_license""]",OLD COLONY YACHT CLUB,pending,pending
BH-93d52336f7012ccf,"OLD TRAFFORD, INC.",OLDTRAFFORDINC,"[""LB-101571""]","[""PARADISE""]","[""alcohol_license""]",OLD TRAFFORD,pending,pending
BH-d61a118b2f17e1c2,"OLIVER TWIST, INC.",OLIVERTWISTINC,"[""LB-98965""]","[""CASK AND FLAGON""]","[""alcohol_license""]",OLIVER TWIST,pending,pending
BH-c132ad1f08881689,OLKA Corporation,OLKACORPORATION,"[""LB-418523""]","[""7-Eleven""]","[""alcohol_license""]",OLKA,pending,pending
BH-372e7ffa56e7a656,"OMEGA SUSHI, INC.",OMEGASUSHIINC,"[""LB-99571""]","[""FIN'S SUSHI & GRILL""]","[""alcohol_license""]",OMEGA SUSHI,pending,pending
BH-ebb3e02ce607606c,Omi Symphony Inc.,OMISYMPHONYINC,"[""LB-445626""]","[""OMI Korean Grill""]","[""alcohol_license""]",Omi Symphony,pending,pending
BH-1fda61a1a183dea1,OMNI BOSTON CORPORATION,OMNIBOSTONCORPORATION,"[""LB-101641""]","[""THE PARKER HOUSE""]","[""alcohol_license""]",OMNI BOSTON,pending,pending
BH-d511bbec70f9eb67,"Omni Boston Seaport Entertainment, LLC",OMNIBOSTONSEAPORTENTERTAINMENTLLC,"[""LB-98932""]","[""Omni Boston Hotel at the Seaport""]","[""alcohol_license""]",Omni Boston Seaport Entertainment,pending,pending
BH-019f72675d3bf1b9,"One Family Diner, Inc",ONEFAMILYDINERINC,"[""LB-581512""]","[""One Family Diner""]","[""alcohol_license""]",One Family Diner,pending,pending
BH-e597c27ef3e509b5,"ONE HUNDRED SEVENTY THREE MILK ST.,INC.",ONEHUNDREDSEVENTYTHREEMILKSTINC,"[""LB-99156""]","[""COOGAN'S BLUFF""]","[""alcohol_license""]","ONE HUNDRED SEVENTY THREE MILK ST.,INC.",pending,pending
BH-59357f6765a996db,OPA SEAPORT LLC,OPASEAPORTLLC,"[""LB-99685""]","[""GReCO""]","[""alcohol_license""]",OPA SEAPORT,pending,pending
BH-26c70929984a3c54,"ORIENT HEIGHTS YACHT CLUB, INC..",ORIENTHEIGHTSYACHTCLUBINC,"[""LB-98800""]",[],"[""alcohol_license""]","ORIENT HEIGHTS YACHT CLUB, INC..",pending,pending
BH-1d390ff84a0f492b,"ORIENT LIQUOR MART, INC.",ORIENTLIQUORMARTINC,"[""LB-101915""]","[""WOODY'S LIQUORS""]","[""alcohol_license""]",ORIENT LIQUOR MART,pending,pending
BH-6f136838d5ce8aab,"ORIGINAL STOCKYARD, LLC",ORIGINALSTOCKYARDLLC,"[""LB-99132""]","[""STOCKYARD""]","[""alcohol_license""]",ORIGINAL STOCKYARD,pending,pending
BH-0e86527eae0158ee,OSIB Boston Back Bay Operations LLC,OSIBBOSTONBACKBAYOPERATIONSLLC,"[""LB-99338""]","[""citizenM Back Bay Hotel""]","[""alcohol_license""]",OSIB Boston Back Bay Operations,pending,pending
BH-64eae813c713ffa4,"OXFORD HOTELS AND RESORTS, LLC",OXFORDHOTELSANDRESORTSLLC,"[""LB-99186""]","[""THE GODFREY HOTEL BOSTON""]","[""alcohol_license""]",OXFORD HOTELS AND RESORTS,pending,pending
BH-96127a12951ab2ef,"O YA, LLC",OYALLC,"[""LB-99495""]","[""O YA""]","[""alcohol_license""]",O YA,pending,pending
BH-947382723e864e26,"OZNEMOC, INC.",OZNEMOCINC,"[""LB-99294""]","[""CENTERFOLDS""]","[""alcohol_license""]",OZNEMOC,pending,pending
BH-aab1b7c2e1d2a9f2,PACIFIC BOSTON SERVICE CORPORATION,PACIFICBOSTONSERVICECORPORATION,"[""LB-101631""]","[""THE LANGHAM HOTEL BOSTON""]","[""alcohol_license""]",PACIFIC BOSTON SERVICE,pending,pending
BH-e84839d277f0e755,"PAGA, INC.",PAGAINC,"[""LB-101566"", ""LB-99271""]","[""ICON"", ""NICK'S/VENU""]","[""alcohol_license""]",PAGA,pending,pending
BH-b8d9e2570f741cb5,"PAGLIUCA'S RESTAURANT, INC.",PAGLIUCASRESTAURANTINC,"[""LB-99707""]","[""PAGLIUCA'S RESTAURANT""]","[""alcohol_license""]",PAGLIUCA'S RESTAURANT,pending,pending
BH-88b972494900de37,PAG Tremont LLC,PAGTREMONTLLC,"[""LB-99213""]",[],"[""alcohol_license""]",PAG Tremont,pending,pending
BH-e33de79ca926c6b5,"PAIGE HOSPITALITY, INC.",PAIGEHOSPITALITYINC,"[""LB-99200""]","[""Hava Lounge""]","[""alcohol_license""]",PAIGE HOSPITALITY,pending,pending
BH-9246d93573384333,PAINTED BURRO SOUTH END LLC,PAINTEDBURROSOUTHENDLLC,"[""LB-99432""]","[""Posto""]","[""alcohol_license""]",PAINTED BURRO SOUTH END,pending,pending
BH-2b11cc9178d6d263,"Panda Hot Pot Chinatown, Inc.",PANDAHOTPOTCHINATOWNINC,"[""LB-99592""]","[""Wei Shu Wu Hot Pot""]","[""alcohol_license""]",Panda Hot Pot Chinatown,pending,pending
BH-85477dbb71dcff94,"PANDA SPICY POT, INC.",PANDASPICYPOTINC,"[""LB-99547""]","[""MALA RESTAURANT""]","[""alcohol_license""]",PANDA SPICY POT,pending,pending
BH-0fb2de7e24c6930c,"Paradies Lagardere @ BOS 2022 (F&B), LLC",PARADIESLAGARDEREBOS2022FBLLC,"[""LB-541493""]","[""Fox & Flight""]","[""alcohol_license""]",Paradies Lagardere @ BOS 2022 (F&B),pending,pending
BH-77d7327784f9bb66,"Parcel A Development Lessee, LLC",PARCELADEVELOPMENTLESSEELLC,"[""LB-99436""]","[""Hampton Inn/Homewood Suites Boston""]","[""alcohol_license""]",Parcel A Development Lessee,pending,pending
BH-dab4ec409cf5023f,"PARIS ENTERTAINMENT, INC.",PARISENTERTAINMENTINC,"[""LB-99307""]","[""KAZE SHABU SHABU""]","[""alcohol_license""]",PARIS ENTERTAINMENT,pending,pending
BH-63052b55cb7402a5,"Park 54 Restaurant Group, LLC",PARK54RESTAURANTGROUPLLC,"[""LB-99343""]","[""Park 54 Restaurant & Lounge""]","[""alcohol_license""]",Park 54 Restaurant Group,pending,pending
BH-1b5370bfa3ed308e,"PARK AVENUE GROUP, INC.",PARKAVENUEGROUPINC,"[""LB-99112""]","[""CAVAN CAFE/CAVAN HOUSE""]","[""alcohol_license""]",PARK AVENUE GROUP,pending,pending
BH-f94920e7f68b243d,Parm Copley LLC,PARMCOPLEYLLC,"[""LB-99401""]",[],"[""alcohol_license""]",Parm Copley,pending,pending
BH-1f2fd62ec38d2f6d,Parsons CC Southie OPCO LLC,PARSONSCCSOUTHIEOPCOLLC,"[""LB-99144""]","[""Common Craft""]","[""alcohol_license""]",Parsons CC Southie OPCO,pending,pending
BH-39b470131a337455,"PASTEUR RESTAURANT II, INC.",PASTEURRESTAURANTIIINC,"[""LB-99613""]","[""PHO PASTEUR""]","[""alcohol_license""]",PASTEUR RESTAURANT II,pending,pending
BH-1f52c536a8aa4d7f,"PASTORAL, LLC",PASTORALLLC,"[""LB-99045""]","[""PASTORAL""]","[""alcohol_license""]",PASTORAL,pending,pending
BH-a49bbda8a73a1615,"Patel Coasters, Inc.",PATELCOASTERSINC,"[""LB-101871""]","[""Coasters""]","[""alcohol_license""]",Patel Coasters,pending,pending
BH-e5a1eae866f2144f,"Patel Harvard, Inc.",PATELHARVARDINC,"[""LB-540101""]","[""Harvard Convenience""]","[""alcohol_license""]",Patel Harvard,pending,pending
BH-175007cf20138ced,Patella & Palmito Corporation,PATELLAPALMITOCORPORATION,"[""LB-99239""]","[""MONTIEN RESTAURANT""]","[""alcohol_license""]",Patella & Palmito,pending,pending
BH-12492612c58823eb,"Patel Symphony Wine & Spirits, Inc.",PATELSYMPHONYWINESPIRITSINC,"[""LB-619537""]","[""Symphony Wine & Spirits""]","[""alcohol_license""]",Patel Symphony Wine & Spirits,pending,pending
BH-ddf5006dc5fb9f4f,"Patina BOS, LLC.",PATINABOSLLC,"[""LB-99098""]","[""Banners Kitchen & Tap and Hub Hall featuring Momosan Ramen by Morimoto""]","[""alcohol_license""]",Patina BOS,pending,pending
BH-692e1cfc5129904f,"PBLL 24, LLC",PBLL24LLC,"[""LB-99321""]","[""The Flagrant  Fowl""]","[""alcohol_license""]",PBLL 24,pending,pending
BH-715d9de8505a30b4,Peabody EMarket Inc,PEABODYEMARKETINC,"[""LB-489600""]","[""E Market""]","[""alcohol_license""]",Peabody EMarket,pending,pending
BH-9001d0f42f00c2d2,"Peach Farm Boston, LLC",PEACHFARMBOSTONLLC,"[""LB-99524""]","[""PEACH FARM""]","[""alcohol_license""]",Peach Farm Boston,pending,pending
BH-f205d119b4a20bc1,PENA & NOVA CORP.,PENANOVACORP,"[""LB-99422""]","[""Norvia's Place""]","[""alcohol_license""]",PENA & NOVA,pending,pending
BH-3dda0f87c418d915,Perkins Square Restaurant LLC,PERKINSSQUARERESTAURANTLLC,"[""LB-311729""]","[""Fat Baby Sushi & Cocktails""]","[""alcohol_license""]",Perkins Square Restaurant,pending,pending
BH-1ef6a7f18123761b,"PETIT ROBERT, INC.",PETITROBERTINC,"[""LB-99769""]","[""PETIT ROBERT BISTRO""]","[""alcohol_license""]",PETIT ROBERT,pending,pending
BH-f15dcec4557a24e5,"Petrova Chocolates, LLC",PETROVACHOCOLATESLLC,"[""LB-595016""]","[""Petrova Chcolates""]","[""alcohol_license""]",Petrova Chocolates,pending,pending
BH-c32eed7aad60a033,Petula’s LLC,PETULASLLC,"[""LB-99754""]","[""Petula’s""]","[""alcohol_license""]",Petula’s,pending,pending
BH-9db1a1145dafc357,"P.F. CHANG'S CHINA BISTRO, INC.",PFCHANGSCHINABISTROINC,"[""LB-99020""]","[""P.F. CHANG'S CHINA BISTRO""]","[""alcohol_license""]",P.F. CHANG'S CHINA BISTRO,pending,pending
BH-920a4b5c26e06d00,PhaseNext Hospitality LLC,PHASENEXTHOSPITALITYLLC,"[""LB-584375""]","[""Buffalo Wild Wings GO""]","[""alcohol_license""]",PhaseNext Hospitality,pending,pending
BH-d51a04f8a4ec916a,"PHO BASIL, INC.",PHOBASILINC,"[""LB-99530""]",[],"[""alcohol_license""]",PHO BASIL,pending,pending
BH-aa7b2e74a8a48542,"PHO LE, LLC",PHOLELLC,"[""LB-135034""]","[""Pho Le Restaurant""]","[""alcohol_license""]",PHO LE,pending,pending
BH-c3b7c897af776ab8,Pho Que Inc.,PHOQUEINC,"[""LB-628154""]","[""Pho Que Restaurant""]","[""alcohol_license""]",Pho Que,pending,pending
BH-eba04916990834ff,"PHO RESTAURANT, INC.",PHORESTAURANTINC,"[""LB-99581""]","[""PHO HOA RESTAURANT""]","[""alcohol_license""]",PHO RESTAURANT,pending,pending
BH-b388d954b502269f,Pho Zabb Inc.,PHOZABBINC,"[""LB-99557""]","[""Pho Zabb""]","[""alcohol_license""]",Pho Zabb,pending,pending
BH-13dabf0710d61b2b,PHYLLIS CORPORATION,PHYLLISCORPORATION,"[""LB-99138""]","[""VENEZIA""]","[""alcohol_license""]",PHYLLIS,pending,pending
BH-bfcd743063f5ab48,P.I.C. ENTERTAINMENT LLC,PICENTERTAINMENTLLC,"[""LB-99821""]","[""Broadway Golf Club""]","[""alcohol_license""]",P.I.C. ENTERTAINMENT,pending,pending
BH-9fa7ab5f9c94295a,Picklebos Charlestown LLC,PICKLEBOSCHARLESTOWNLLC,"[""LB-99536""]","[""Picklebos""]","[""alcohol_license""]",Picklebos Charlestown,pending,pending
BH-b451e360a908843a,"Picklebos South Boston, LLC",PICKLEBOSSOUTHBOSTONLLC,"[""LB-99668""]","[""Picklebos""]","[""alcohol_license""]",Picklebos South Boston,pending,pending
BH-9f2b62088a025013,"PIER 50, LLC",PIER50LLC,"[""LB-99301""]","[""COMMITTEE""]","[""alcohol_license""]",PIER 50,complete,pending
BH-852750f4d71c7d08,"PIERROT, INC.",PIERROTINC,"[""LB-99761""]","[""Ma Maison""]","[""alcohol_license""]",PIERROT,pending,pending
BH-d559751f0cb410c9,"Pinales Kitchen, Inc.",PINALESKITCHENINC,"[""LB-580946""]","[""Mangu Dominican Bistro""]","[""alcohol_license""]",Pinales Kitchen,pending,pending
BH-9e6994844dad4f72,"Pineapple Restaurant Group Boston, LLC",PINEAPPLERESTAURANTGROUPBOSTONLLC,"[""LB-101618""]","[""The Trophy Room at Staypineapple Boston""]","[""alcohol_license""]",Pineapple Restaurant Group Boston,pending,pending
BH-97c5f03c673c6d33,"Pinky’s Up, LLC",PINKYSUPLLC,"[""LB-99165""]","[""Foxhole""]","[""alcohol_license""]",Pinky’s Up,pending,pending
BH-0bac75d8d95486b9,"PINTXO CONNECTION, INC.",PINTXOCONNECTIONINC,"[""LB-99730""]","[""TASCA""]","[""alcohol_license""]",PINTXO CONNECTION,pending,pending
BH-679d5e7537fe43d5,"PITCHER'S MOUND, LLC",PITCHERSMOUNDLLC,"[""LB-99121""]","[""DIAMOND AT FENWAY""]","[""alcohol_license""]",PITCHER'S MOUND,pending,pending
BH-44f01ee94ef74c6e,Pizza 24 Inc.,PIZZA24INC,"[""LB-597972""]","[""Pizza 24""]","[""alcohol_license""]",Pizza 24,pending,pending
BH-7dd69fb0a68c5c51,"PKL Boston, LLC",PKLBOSTONLLC,"[""LB-99270""]","[""PKL""]","[""alcohol_license""]",PKL Boston,pending,pending
BH-83201515ce404d2b,"PLEASANT, INC.",PLEASANTINC,"[""LB-99289""]","[""PLEASANT CAFE""]","[""alcohol_license""]",PLEASANT,pending,pending
BH-614331de1baaeaf4,PN Liquors LLC,PNLIQUORSLLC,"[""LB-101896""]","[""DARA'S WINE & SPIRITS""]","[""alcohol_license""]",PN Liquors,pending,pending
BH-a4eb28375d6b412d,"POLISH AMERICAN CITIZENS CLUB OF SOUTH BOSTON,INC.",POLISHAMERICANCITIZENSCLUBOFSOUTHBOSTONINC,"[""LB-98804""]",[],"[""alcohol_license""]","POLISH AMERICAN CITIZENS CLUB OF SOUTH BOSTON,INC.",pending,pending
BH-63856c39a8237814,POLISH AMERICAN POLITICAL CLUB OF HYDE PARK,POLISHAMERICANPOLITICALCLUBOFHYDEPARK,"[""LB-98813""]","[""THE POLISH CLUB""]","[""alcohol_license""]",POLISH AMERICAN POLITICAL CLUB OF HYDE PARK,pending,pending
BH-98ad1f67442b1105,"PORT NORFOLK YACHT CLUB,INC.",PORTNORFOLKYACHTCLUBINC,"[""LB-98809""]",[],"[""alcohol_license""]","PORT NORFOLK YACHT CLUB,INC.",pending,pending
BH-fcc709617d7a3b27,"PORTO BELLO, INC.",PORTOBELLOINC,"[""LB-99736""]","[""PORTO BELLO""]","[""alcohol_license""]",PORTO BELLO,pending,pending
BH-8b7497924f7f7101,"POSEIDON ENTERPRISES, INC.",POSEIDONENTERPRISESINC,"[""LB-99493""]","[""THE BARKING CRAB""]","[""alcohol_license""]",POSEIDON ENTERPRISES,pending,pending
BH-2c22b32df0eddf60,Post Office Square Redevelopment Corporation,POSTOFFICESQUAREREDEVELOPMENTCORPORATION,"[""LB-381261""]",[],"[""alcohol_license""]",Post Office Square Redevelopment,pending,pending
BH-6a8b4994938ea085,Post Road Company LLC,POSTROADCOMPANYLLC,"[""LB-530949"", ""LB-99555""]","[""Beacon Hill Wine Market"", ""Hill Kitchen""]","[""alcohol_license""]",Post Road Company,pending,pending
BH-c2e210df5db63b0f,"PPF BOSTON HARBOR TRS, LLC",PPFBOSTONHARBORTRSLLC,"[""LB-101633""]","[""BOSTON HARBOR HOTEL""]","[""alcohol_license""]",PPF BOSTON HARBOR TRS,pending,pending
BH-4f8ecca2b57b2f7b,"PRANZINI, INC.",PRANZINIINC,"[""LB-161361""]","[""PIATTINI""]","[""alcohol_license""]",PRANZINI,pending,pending
BH-c833f3f1d6d86b1e,PRECIADO CORPORATION,PRECIADOCORPORATION,"[""LB-99792""]","[""TERTULIAS CAFE""]","[""alcohol_license""]",PRECIADO,pending,pending
BH-553a1e81c1642a4b,"PremAir of Boston, LLC",PREMAIROFBOSTONLLC,"[""LB-483679""]","[""Harpoon Tap Room""]","[""alcohol_license""]",PremAir of Boston,pending,pending
BH-06b0d389d7a6a513,PRESIDENT AND FELLOWS OF HARVARD COLLEGE,PRESIDENTANDFELLOWSOFHARVARDCOLLEGE,"[""LB-102883""]","[""DINING HALLS ONLY""]","[""category_needs_verification""]",PRESIDENT AND FELLOWS OF HARVARD COLLEGE,pending,pending
BH-6353db67a06bf788,"PRESSED HUNTINGTON CAFE, LLC",PRESSEDHUNTINGTONCAFELLC,"[""LB-99375""]","[""PRESSED""]","[""alcohol_license""]",PRESSED HUNTINGTON CAFE,pending,pending
BH-7c3300db00043615,"PREZZA, INC.",PREZZAINC,"[""LB-99351""]","[""PREZZA""]","[""alcohol_license""]",PREZZA,pending,pending
BH-7e242c069cadd6d7,"PT OPCO, LLC",PTOPCOLLC,"[""LB-99282""]","[""PINK TACO""]","[""alcohol_license""]",PT OPCO,pending,pending
BH-e46dc3736fe70ea8,"PUEBLO VIEJO PUPUSERIA & MEXICAN GRILL II, INC.",PUEBLOVIEJOPUPUSERIAMEXICANGRILLIIINC,"[""LB-99789""]","[""PUEBLO VIEJO""]","[""alcohol_license""]",PUEBLO VIEJO PUPUSERIA & MEXICAN GRILL II,pending,pending
BH-68af7f041236d0d3,Punjab Foods Inc.,PUNJABFOODSINC,"[""LB-129675""]","[""Tikki Masala Indian Restaurant""]","[""alcohol_license""]",Punjab Foods,pending,pending
BH-e2921489bbb68928,"Punjab Palace, LLC",PUNJABPALACELLC,"[""LB-99651""]","[""PUNJAB PALACE""]","[""alcohol_license""]",Punjab Palace,pending,pending
BH-0ad66cb7708959dc,Puttshack Boston Seaport LLC,PUTTSHACKBOSTONSEAPORTLLC,"[""LB-99191""]","[""Puttshack""]","[""alcohol_license""]",Puttshack Boston Seaport,pending,pending
BH-99e9af816e01df34,PYRAMID TUDOR WHARF HOTEL LLC,PYRAMIDTUDORWHARFHOTELLLC,"[""LB-101656""]","[""RESIDENCE INN BY MARRIOTT""]","[""alcohol_license""]",PYRAMID TUDOR WHARF HOTEL,pending,pending
BH-2c51e9b0a46283e3,P & Y Ventures Inc.,PYVENTURESINC,"[""LB-99647""]","[""Yunnan Kitchen""]","[""alcohol_license""]",P & Y Ventures,pending,pending
BH-42d03ef2d0148884,Qiao LIn Hotpot Boston LLC,QIAOLINHOTPOTBOSTONLLC,"[""LB-99819""]","[""Qiao Lin Hotpot""]","[""alcohol_license""]",Qiao LIn Hotpot Boston,pending,pending
BH-4eef0a662bb5766a,"QING MEI, INC.",QINGMEIINC,"[""LB-99622""]","[""VILLAGE SUSHI & GRILL""]","[""alcohol_license""]",QING MEI,pending,pending
BH-23af4fb5fc147817,"QUALITY MART, INC.",QUALITYMARTINC,"[""LB-101996""]",[],"[""alcohol_license""]",QUALITY MART,pending,pending
BH-b51049d8d9511615,Raceway Boston LLC,RACEWAYBOSTONLLC,"[""LB-99356""]","[""F1 Arcade""]","[""alcohol_license""]",Raceway Boston,pending,pending
BH-57760b971d839d23,"RAFAEL E. VERAS, INDIVIDUAL",RAFAELEVERASINDIVIDUAL,"[""LB-99601""]","[""LATINO RESTAURANT""]","[""alcohol_license""]","RAFAEL E. VERAS, INDIVIDUAL",pending,pending
BH-a67fe45f68b3e8d7,"RAGLIN ROAD, INC.",RAGLINROADINC,"[""LB-99442""]","[""THE MERCHANT""]","[""alcohol_license""]",RAGLIN ROAD,pending,pending
BH-7a29fae761a73511,"Rai Family Enterprises, LLC",RAIFAMILYENTERPRISESLLC,"[""LB-489605""]","[""Comfort Kitchen""]","[""alcohol_license""]",Rai Family Enterprises,pending,pending
BH-a03ce217d3b5b919,"RAIL STOP, LLC",RAILSTOPLLC,"[""LB-99322""]",[],"[""alcohol_license""]",RAIL STOP,pending,pending
BH-8e800762c0f3f2b2,Rasik Corporation,RASIKCORPORATION,"[""LB-601401""]","[""Jim's Variety""]","[""alcohol_license""]",Rasik,pending,pending
BH-f3cbc11ff74b4748,"Ravello, LLC",RAVELLOLLC,"[""LB-587130""]","[""Molinari's""]","[""alcohol_license""]",Ravello,pending,pending
BH-b1ef3cf38956d3d6,"RAW RESTAURANT GROUP, LLC",RAWRESTAURANTGROUPLLC,"[""LB-98918""]","[""MIJA""]","[""alcohol_license""]",RAW RESTAURANT GROUP,pending,pending
BH-d3fb6e71ee3f5ec6,"RAWSHON, INC.",RAWSHONINC,"[""LB-102028""]","[""RICHDALE FOOD SHOPS""]","[""alcohol_license""]",RAWSHON,pending,pending
BH-75a679df747ad4bb,"RAZORBACKS LESSEE, LLC",RAZORBACKSLESSEELLC,"[""LB-98989""]","[""W BOSTON""]","[""alcohol_license""]",RAZORBACKS LESSEE,pending,pending
BH-f473d650452354ad,"RBSBW, INC.",RBSBWINC,"[""LB-163968"", ""LB-173360""]","[""ROCHE BROS. SUPERMARKETS""]","[""alcohol_license""]",RBSBW,pending,pending
BH-f398f5aa4e5c5928,"REBECCA'S CAFE, INC.",REBECCASCAFEINC,"[""LB-99119""]","[""EAST MEETS WEST""]","[""alcohol_license""]",REBECCA'S CAFE,pending,pending
BH-73534110f9d46159,"REBEL RESTAURANTS, INC.",REBELRESTAURANTSINC,"[""LB-311978"", ""LB-99329""]","[""Lawn on D""]","[""alcohol_license""]",REBEL RESTAURANTS,pending,pending
BH-3c6501e3338975ae,"RED ROCKETS, LLC",REDROCKETSLLC,"[""LB-99450""]","[""THE DELUX""]","[""alcohol_license""]",RED ROCKETS,pending,pending
BH-e55cd371ec97adbd,ReelHouse Oyster Bar Seaport LLC,REELHOUSEOYSTERBARSEAPORTLLC,"[""LB-98906""]","[""ReelHouse Oyster Bar""]","[""alcohol_license""]",ReelHouse Oyster Bar Seaport,pending,pending
BH-cf62b7d5adfa1f5d,Reggie Rondo LLC,REGGIERONDOLLC,"[""LB-99061""]","[""Small Victories""]","[""alcohol_license""]",Reggie Rondo,pending,pending
BH-8ded78f64294073e,REINA HENRIQUEZ,REINAHENRIQUEZ,"[""LB-99862""]","[""CAFETERIA LA REINA""]","[""alcohol_license""]",REINA HENRIQUEZ,pending,pending
BH-efabc1a57d314f54,"REINS International Massachusetts, INC.",REINSINTERNATIONALMASSACHUSETTSINC,"[""LB-378513""]","[""Gyu-Kaku""]","[""alcohol_license""]",REINS International Massachusetts,pending,pending
BH-3115073ab29e8de5,RENAISSANCE HOTEL OPERATING COMPANY,RENAISSANCEHOTELOPERATINGCOMPANY,"[""LB-101661""]","[""RENAISSANCE BOSTON WATERFRONT HOTEL""]","[""alcohol_license""]",RENAISSANCE HOTEL OPERATING COMPANY,pending,pending
BH-01ebcdf74d52c826,"RENDON FOODS, INC.",RENDONFOODSINC,"[""LB-99348""]","[""D'PARMA RESTAURANT""]","[""alcohol_license""]",RENDON FOODS,pending,pending
BH-8da3d24f293b8e49,"RESERVOIR WINES AND SPIRITS, INC.",RESERVOIRWINESANDSPIRITSINC,"[""LB-101847""]","[""RESERVOIR WINES & SPIRITS""]","[""alcohol_license""]",RESERVOIR WINES AND SPIRITS,pending,pending
BH-0b27f67b0a02826c,"RESTAURANTE CESARIA, INC.",RESTAURANTECESARIAINC,"[""LB-99269""]",[],"[""alcohol_license""]",RESTAURANTE CESARIA,pending,pending
BH-5569145460a0da9b,RFC LA LLC,RFCLALLC,"[""LB-603766""]","[""Roger's Fish & Chips""]","[""alcohol_license""]",RFC LA,complete,pending
BH-0cf9986fd0f280ba,"RFS Store 110, Inc.",RFSSTORE110INC,"[""LB-368642""]","[""Richdale Food Shops""]","[""alcohol_license""]",RFS Store 110,pending,pending
BH-f806ea13d36a1c11,"RIA Brewing, Inc.",RIABREWINGINC,"[""LB-356763""]","[""Democracy Brewing""]","[""alcohol_license""]",RIA Brewing,pending,pending
BH-b2f4b2723680d03e,RICHARD M. TRAVAGLIONE,RICHARDMTRAVAGLIONE,"[""LB-99705""]","[""RICARDO'S RISTORANTE""]","[""alcohol_license""]",RICHARD M. TRAVAGLIONE,pending,pending
BH-384305497434992e,"RINCON LIMENO RESTAURANT, INC.",RINCONLIMENORESTAURANTINC,"[""LB-99803""]","[""RINCON LIMENO RESTAURANT""]","[""alcohol_license""]",RINCON LIMENO RESTAURANT,pending,pending
BH-775c1b1b536ce3a0,"RING ROAD RESTAURANT GROUP, LLC",RINGROADRESTAURANTGROUPLLC,"[""LB-99040""]","[""PORTO""]","[""alcohol_license""]",RING ROAD RESTAURANT GROUP,pending,pending
BH-43487b977b2cce10,"RINO'S PLACE, INC.",RINOSPLACEINC,"[""LB-99568""]","[""RINO'S PLACE""]","[""alcohol_license""]",RINO'S PLACE,pending,pending
BH-8fdd40e1b6dcecef,"RISTORANTE LIMONCELLO, INC.",RISTORANTELIMONCELLOINC,"[""LB-99706""]","[""Limoncello Restaurant""]","[""alcohol_license""]",RISTORANTE LIMONCELLO,pending,pending
BH-fb2e06c68659d498,"R.J.A. ENTERPRISES, INC.",RJAENTERPRISESINC,"[""LB-99455""]","[""LA FAMIGLIA RISTORANTE""]","[""alcohol_license""]",R.J.A. ENTERPRISES,pending,pending
BH-28d8533586060b87,RNP CORPORATION,RNPCORPORATION,"[""LB-101937""]","[""NICK'S LIQUORS""]","[""alcohol_license""]",RNP,pending,pending
BH-6bc6b7ddf094098d,ROCK BOTTOM GROUP LLC,ROCKBOTTOMGROUPLLC,"[""LB-98961""]","[""ROCK BOTTOM RESTAURANT & BREWERY""]","[""alcohol_license""]",ROCK BOTTOM GROUP,pending,pending
BH-f428c67616cde652,"ROCK HARD PRODUCTIONS, INC.",ROCKHARDPRODUCTIONSINC,"[""LB-99829""]","[""THE IMPROV ASYLUM""]","[""alcohol_license""]",ROCK HARD PRODUCTIONS,pending,pending
BH-aa135be0f4816993,"Romerito Liquors, Inc.",ROMERITOLIQUORSINC,"[""LB-130749""]","[""Punta Cana Market""]","[""alcohol_license""]",Romerito Liquors,pending,pending
BH-d5a5041e90690fff,"RONALD L. GARRY, JR. AND RANDY GARRY, PARTNERSHIP",RONALDLGARRYJRANDRANDYGARRYPARTNERSHIP,"[""LB-102016""]","[""TROPICAL FOODS""]","[""alcohol_license""]","RONALD L. GARRY, JR. AND RANDY GARRY, PARTNERSHIP",pending,pending
BH-7cc8e9b48df54bef,"ROSA MEXICANO BOSTON, LLC",ROSAMEXICANOBOSTONLLC,"[""LB-99143""]","[""ROSA MEXICANO""]","[""alcohol_license""]",ROSA MEXICANO BOSTON,pending,pending
BH-1dc90fda21955de7,"ROSA'S LIQUORS, INC.",ROSASLIQUORSINC,"[""LB-101965""]","[""Rosa's Liquors""]","[""alcohol_license""]",ROSA'S LIQUORS,pending,pending
BH-8278caba017d151e,"Rosa y Marigold, LLC",ROSAYMARIGOLDLLC,"[""LB-99042""]","[""Rosa y Marigold""]","[""alcohol_license""]",Rosa y Marigold,pending,pending
BH-304641e1a2f7606d,Rose Square Inc.,ROSESQUAREINC,"[""LB-98988""]","[""Rose""]","[""alcohol_license""]",Rose Square,pending,pending
BH-fe69f8d54390c3fb,"ROSLINDALE FOOD MART, INC.",ROSLINDALEFOODMARTINC,"[""LB-102047""]",[],"[""alcohol_license""]",ROSLINDALE FOOD MART,pending,pending
BH-e3d51828431455b0,"Roundhead Brewing, LLC",ROUNDHEADBREWINGLLC,"[""LB-451090""]",[],"[""alcohol_license""]",Roundhead Brewing,pending,pending
BH-be12851b2504aeef,"Row 34 Kenmore, LLC",ROW34KENMORELLC,"[""LB-99019""]","[""Row 34""]","[""alcohol_license""]",Row 34 Kenmore,pending,pending
BH-94655b071d6a2766,"ROYALE WINE & SPIRITS, INC.",ROYALEWINESPIRITSINC,"[""LB-101850""]","[""FERNANDEZ LIQUOR 5""]","[""alcohol_license""]",ROYALE WINE & SPIRITS,pending,pending
BH-c44747b52d4a2a26,"RoyalTen, LLC",ROYALTENLLC,"[""LB-168877""]","[""RoyalTen""]","[""alcohol_license""]",RoyalTen,pending,pending
BH-9ed545c093f5fea4,"RRG, LLC",RRGLLC,"[""LB-99354""]","[""BANYAN BAR & REFUGE""]","[""alcohol_license""]",RRG,pending,pending
BH-f6589529a22f4588,RSCM Holdings LLC,RSCMHOLDINGSLLC,"[""LB-99188""]","[""Fresh Boston""]","[""alcohol_license""]",RSCM Holdings,pending,pending
BH-8eebcbc46d967548,Rupal Corporation,RUPALCORPORATION,"[""LB-469486""]","[""J&J Discount Mini Mart""]","[""alcohol_license""]",Rupal,pending,pending
BH-d8be64ed2841c372,Russ & Mimis LLC,RUSSMIMISLLC,"[""LB-547016""]","[""Russ & Mimi's""]","[""alcohol_license""]",Russ & Mimis,pending,pending
BH-88ab4fb270d553c8,"RUTH'S CHRIS STEAK HOUSE BOSTON, LLC",RUTHSCHRISSTEAKHOUSEBOSTONLLC,"[""LB-99212""]","[""RUTH'S CHRIS STEAK HOUSE""]","[""alcohol_license""]",RUTH'S CHRIS STEAK HOUSE BOSTON,pending,pending
BH-9697a33795dfba4f,"Rutva, Inc.",RUTVAINC,"[""LB-101967""]","[""O’Brien’s Liquors""]","[""alcohol_license""]",Rutva,pending,pending
BH-78b435d542dc0957,"RYTUBB, INC.",RYTUBBINC,"[""LB-99201""]","[""The Alley Bar""]","[""alcohol_license""]",RYTUBB,pending,pending
BH-c39ffb02358bd172,SAGARMATHA CORPORATION,SAGARMATHACORPORATION,"[""LB-302915""]","[""HIMALAYAN BISTRO""]","[""alcohol_license""]",SAGARMATHA,pending,pending
BH-74d1409565fb5cfa,SAHA-PAKEE CORP.,SAHAPAKEECORP,"[""LB-99518""]","[""BROWN SUGAR CAFE ON COMM AVE""]","[""alcohol_license""]",SAHA-PAKEE,pending,pending
BH-606b8f1e914d76e4,"SAHIL ENTERPRISES, INC.",SAHILENTERPRISESINC,"[""LB-101868""]","[""QUALITY LIQUORS""]","[""alcohol_license""]",SAHIL ENTERPRISES,pending,pending
BH-c3c9b427c9e90dca,Sam Maverick Inc.,SAMMAVERICKINC,"[""LB-144988""]","[""LUCY'S AMERICAN TAVERN""]","[""alcohol_license""]",Sam Maverick,pending,pending
BH-27ec306df27bf518,"Sanbada Allston, LLC",SANBADAALLSTONLLC,"[""LB-98955""]","[""Jinjee, Sanbada, Bombbada""]","[""alcohol_license""]",Sanbada Allston,pending,pending
BH-95ee09e8e66e289e,SANDY RIDGE CORP.,SANDYRIDGECORP,"[""LB-101890""]","[""LIQUOR LAND""]","[""alcohol_license""]",SANDY RIDGE,pending,pending
BH-5ce514d0b94f02a9,Santa Fe Burrito Grill East Boston LLC,SANTAFEBURRITOGRILLEASTBOSTONLLC,"[""LB-99370""]","[""Santa Fe Burrito Grill""]","[""alcohol_license""]",Santa Fe Burrito Grill East Boston,pending,pending
BH-5b7255385612be78,SANTA'S FOOD CORPORATION,SANTASFOODCORPORATION,"[""LB-134980""]","[""Ricon Caribeno Restaurant""]","[""alcohol_license""]",SANTA'S FOOD,pending,pending
BH-32428f1949da2ceb,Sarva Foods LLC,SARVAFOODSLLC,"[""LB-99640""]","[""Sarva Cafe""]","[""alcohol_license""]",Sarva Foods,pending,pending
BH-6ece706efc72fe67,Savin Crossing LLC.,SAVINCROSSINGLLC,"[""LB-445209""]","[""The Nightly""]","[""alcohol_license""]",Savin Crossing,pending,pending
BH-fcf4e07b5cd04c80,SAVIN HILL YACHT CLUB,SAVINHILLYACHTCLUB,"[""LB-98786""]",[],"[""alcohol_license""]",SAVIN HILL YACHT CLUB,pending,pending
BH-5a5dda6a34ed4add,"SAVIN RESTAURANT, LLC",SAVINRESTAURANTLLC,"[""LB-99211""]","[""Savin Hill Bar & Kitchen and Ghostpepper Taqueria""]","[""alcohol_license""]",SAVIN RESTAURANT,pending,pending
BH-6c6e6ca8b53dcdff,"Savr Restaurant, LLC",SAVRRESTAURANTLLC,"[""LB-99182""]","[""Savr Restaurant""]","[""alcohol_license""]",Savr Restaurant,pending,pending
BH-bfb9c51eb28d712d,"SB 201 Brookline Ave, LLC",SB201BROOKLINEAVELLC,"[""LB-99633""]","[""Shy Bird""]","[""alcohol_license""]",SB 201 Brookline Ave,pending,pending
BH-09eb674ca08ccbf8,"SC Commons, LLC",SCCOMMONSLLC,"[""LB-99433""]","[""SHAKING CRAB""]","[""alcohol_license""]",SC Commons,pending,pending
BH-d2adab0ce855d326,Scire Fruit,SCIREFRUIT,"[""LB-476651""]","[""Going Bananas Market""]","[""alcohol_license""]",Scire Fruit,pending,pending
BH-5499cf30387018a4,"SC JM BOSTON BEVERAGE COMPANY, INC.",SCJMBOSTONBEVERAGECOMPANYINC,"[""LB-99319""]","[""FOUR SEASONS AT ONE DALTON""]","[""alcohol_license""]",SC JM BOSTON BEVERAGE COMPANY,pending,pending
BH-d0f8d05eae7ca8a0,Scobie’s LLC,SCOBIESLLC,"[""LB-99453""]","[""Scobie’s""]","[""alcohol_license""]",Scobie’s,pending,pending
BH-0aa9fd18b08cae2f,SCOPA LLC,SCOPALLC,"[""LB-144137""]","[""Cafe Amaro""]","[""alcohol_license""]",SCOPA,pending,pending
BH-f9090f1f639a2d01,SDK Liquors Corp,SDKLIQUORSCORP,"[""LB-101962""]","[""CREST LIQUORS""]","[""alcohol_license""]",SDK Liquors,pending,pending
BH-f70a449dd42f0cc0,"SEAPOINT, INC.",SEAPOINTINC,"[""LB-99398""]","[""THE SEAPOINT""]","[""alcohol_license""]",SEAPOINT,pending,pending
BH-3e89f82d97bf0b75,"Seaport 50 Hospitality, LLC",SEAPORT50HOSPITALITYLLC,"[""LB-594990""]","[""Tacos El Chikis""]","[""alcohol_license""]",Seaport 50 Hospitality,pending,pending
BH-52823ec976488f89,"Seaport Food and Beverage, LLC",SEAPORTFOODANDBEVERAGELLC,"[""LB-378411""]",[],"[""alcohol_license""]",Seaport Food and Beverage,pending,pending
BH-1803408851a3f6e6,"SEAPORT HOSPITALITY, INC.",SEAPORTHOSPITALITYINC,"[""LB-99041""]",[],"[""alcohol_license""]",SEAPORT HOSPITALITY,pending,pending
BH-8f4930e0ba10afcb,SEAPORT HOTEL LIMITED PARTNERSHIP,SEAPORTHOTELLIMITEDPARTNERSHIP,"[""LB-101647""]","[""SEAPORT HOTEL""]","[""alcohol_license""]",SEAPORT HOTEL LIMITED PARTNERSHIP,pending,pending
BH-bb93f11aa59c6968,"SELECT HOSPITALITY, LLC",SELECTHOSPITALITYLLC,"[""LB-99585""]","[""Little Whale Oyster Bar""]","[""alcohol_license""]",SELECT HOSPITALITY,pending,pending
BH-84d152ed82315138,"Select Oyster, LLC",SELECTOYSTERLLC,"[""LB-98940""]","[""SELECT OYSTER""]","[""alcohol_license""]",Select Oyster,pending,pending
BH-af84d7c8c2efa925,Selfup LLC,SELFUPLLC,"[""LB-99562""]","[""Self Up Cooking Class""]","[""alcohol_license""]",Selfup,pending,pending
BH-04dfe4f91901d04e,"SERVIA, LLC",SERVIALLC,"[""LB-99363""]","[""SERVIA""]","[""alcohol_license""]",SERVIA,pending,pending
BH-dbc06ce35be43589,"SEVENS ALE HOUSE, INC.",SEVENSALEHOUSEINC,"[""LB-99517""]","[""THE SEVENS""]","[""alcohol_license""]",SEVENS ALE HOUSE,pending,pending
BH-594ae5532bf13557,"SGH Seaport, LLC",SGHSEAPORTLLC,"[""LB-98891""]","[""Bambola!""]","[""alcohol_license""]",SGH Seaport,pending,pending
BH-29697a05da7924e1,"Shaboo Bee, Inc.",SHABOOBEEINC,"[""LB-102059""]","[""Cloverdale Farms""]","[""alcohol_license""]",Shaboo Bee,pending,pending
BH-8f75de509c363df7,"Shake Shack Massachusetts, LLC",SHAKESHACKMASSACHUSETTSLLC,"[""LB-99791""]","[""SHAKE SHACK""]","[""alcohol_license""]",Shake Shack Massachusetts,pending,pending
BH-1e57815406f11892,SHAKE SHACK NEWBURY STREET BOSTON LLC,SHAKESHACKNEWBURYSTREETBOSTONLLC,"[""LB-99539""]","[""SHAKE SHACK""]","[""alcohol_license""]",SHAKE SHACK NEWBURY STREET BOSTON,pending,pending
BH-25a4f4aae37d019f,SHAKE SHACK SEAPORT BOSTON LLC,SHAKESHACKSEAPORTBOSTONLLC,"[""LB-99834""]","[""Shake Shack""]","[""alcohol_license""]",SHAKE SHACK SEAPORT BOSTON,pending,pending
BH-a8c04d4ea3eb22c1,Shamrock Boston LLC,SHAMROCKBOSTONLLC,"[""LB-99059""]","[""Shamrock Pub""]","[""alcohol_license""]",Shamrock Boston,pending,pending
BH-ded95f4334b3dbfe,SHANGHAI RESTAURANT & BAR CORPORATION,SHANGHAIRESTAURANTBARCORPORATION,"[""LB-99260""]","[""to: GENKI YA OF BOSTON""]","[""alcohol_license""]",SHANGHAI RESTAURANT & BAR,pending,pending
BH-435c32399c758f21,"SHANNON TAVERN, INC.",SHANNONTAVERNINC,"[""LB-99344""]","[""SHANNON TAVERN""]","[""alcohol_license""]",SHANNON TAVERN,pending,pending
BH-237f774256e3c283,"SHANTI BOSTON, LLC",SHANTIBOSTONLLC,"[""LB-119003"", ""LB-143515""]","[""Dudley Coffee & Convenience"", ""Shanti""]","[""alcohol_license""]",SHANTI BOSTON,pending,pending
BH-5a9c4c2d471cc36e,"Shawmut Hudson, LLC",SHAWMUTHUDSONLLC,"[""LB-408189""]","[""Trillium""]","[""alcohol_license""]",Shawmut Hudson,pending,pending
BH-e07762a052049d3e,"SHAW'S SUPERMARKETS, INC.",SHAWSSUPERMARKETSINC,"[""LB-101983""]","[""Star Market""]","[""alcohol_license""]",SHAW'S SUPERMARKETS,pending,pending
BH-24196181d6d90388,"SHEA & CO., INC.",SHEACOINC,"[""LB-104346""]","[""SHEA'S TAVERN""]","[""alcohol_license""]",SHEA & CO.,pending,pending
BH-2b99354ac6fe46ee,"S&H Fuel, Inc",SHFUELINC,"[""LB-158623""]","[""lanzillis Groceria""]","[""alcohol_license""]",S&H Fuel,pending,pending
BH-78c79be38f00a8bd,SHIN HA INC.,SHINHAINC,"[""LB-99805""]","[""KOREAN GARDEN""]","[""alcohol_license""]",SHIN HA,pending,pending
BH-303c6b3340ffb5c5,Shin Hakata Ramen Corp.,SHINHAKATARAMENCORP,"[""LB-99746""]","[""Berklee Noodles Factory""]","[""alcohol_license""]",Shin Hakata Ramen,pending,pending
BH-0f3db21af03bb782,"Shin, Inc.",SHININC,"[""LB-155925""]","[""Oppa Sushi""]","[""alcohol_license""]",Shin,pending,pending
BH-a2fca718e54f803d,Shippy's Inc.,SHIPPYSINC,"[""LB-334563""]","[""Beacon Street Liquors""]","[""alcohol_license""]",Shippy's,pending,pending
BH-0283fd14ef818f85,Shippys Retail Inc.,SHIPPYSRETAILINC,"[""LB-102021""]","[""Commonwealth Market""]","[""alcohol_license""]",Shippys Retail,pending,pending
BH-59121d0ccf470559,SHIV PARK CORP,SHIVPARKCORP,"[""LB-101944""]","[""RICHARD'S WINE AND SPIRITS""]","[""alcohol_license""]",SHIV PARK,pending,pending
BH-b4f386ea29f74c29,Shiv Quik Pik Inc.,SHIVQUIKPIKINC,"[""LB-139771""]","[""Huntington Market""]","[""alcohol_license""]",Shiv Quik Pik,pending,pending
BH-7530f21ffd722542,"SHIVVANSH, LLC",SHIVVANSHLLC,"[""LB-101866""]","[""SIMMONS LIQUOR""]","[""alcohol_license""]",SHIVVANSH,pending,pending
BH-c5c35cf964d59763,"S&H NORTH STATION, INC.",SHNORTHSTATIONINC,"[""LB-101982""]","[""NORTH STATION LIQUORS""]","[""alcohol_license""]",S&H NORTH STATION,pending,pending
BH-af740ad413b83327,Shoyu Boston LLC,SHOYUBOSTONLLC,"[""LB-615293""]","[""Shoyu Boston""]","[""alcohol_license""]",Shoyu Boston,pending,pending
BH-a63ceae34355a88b,SHREE BRAHMA CORPORATION,SHREEBRAHMACORPORATION,"[""LB-101959""]","[""WINE BASKET & SPIRITS""]","[""alcohol_license""]",SHREE BRAHMA,pending,pending
BH-90aed1645f2ee0de,Shree Hanuman Corporation,SHREEHANUMANCORPORATION,"[""LB-142550""]","[""Seaport Wines and Spirits""]","[""alcohol_license""]",Shree Hanuman,pending,pending
BH-489a18cae3790ee6,"Shree Kano, Inc.",SHREEKANOINC,"[""LB-418633""]","[""Jamie's Variety""]","[""alcohol_license""]",Shree Kano,pending,pending
BH-1c582428da19250e,Shri Bhrahmani LLC,SHRIBHRAHMANILLC,"[""LB-102054""]","[""LA BENDICION  MARKET""]","[""alcohol_license""]",Shri Bhrahmani,pending,pending
BH-7274502620dfc1ed,Shri Saibaba Corp,SHRISAIBABACORP,"[""LB-101940""]","[""OAK SQUARE LIQUORS""]","[""alcohol_license""]",Shri Saibaba,pending,pending
BH-04b845b04f304c83,"SIEGAL & SONS INVESTMENTS, LTD.",SIEGALSONSINVESTMENTSLTD,"[""LB-101891""]","[""MARTY'S LIQUORS""]","[""alcohol_license""]","SIEGAL & SONS INVESTMENTS, LTD.",pending,pending
BH-9def9b46bcf53989,"SIG HOSPITALITY, LLC",SIGHOSPITALITYLLC,"[""LB-99253""]",[],"[""alcohol_license""]",SIG HOSPITALITY,pending,pending
BH-535ad25035a4206e,Silver Nickel LLC,SILVERNICKELLLC,"[""LB-445823""]","[""Union Park Pizza""]","[""alcohol_license""]",Silver Nickel,pending,pending
BH-d2f22d68c08cd861,"SIMONS' PACKAGE STORE, INC.",SIMONSPACKAGESTOREINC,"[""LB-101930""]","[""SIMON'S PACKAGE STORE""]","[""alcohol_license""]",SIMONS' PACKAGE STORE,pending,pending
BH-12a71c9c22914eaf,"Sip City Liquors, Inc.",SIPCITYLIQUORSINC,"[""LB-101923""]","[""Sip City Liquors""]","[""alcohol_license""]",Sip City Liquors,pending,pending
BH-ca016852d2e742c7,"SIP WINE BAR AND KITCHEN, INC.",SIPWINEBARANDKITCHENINC,"[""LB-99025""]",[],"[""alcohol_license""]",SIP WINE BAR AND KITCHEN,pending,pending
BH-3cb3a532cd58d517,SIRAJ CORPORATION,SIRAJCORPORATION,"[""LB-584103""]","[""El Centro""]","[""alcohol_license""]",SIRAJ,pending,pending
BH-595db4f82d7e4cd0,"Sister's Markets, Inc.",SISTERSMARKETSINC,"[""LB-101907"", ""LB-101953""]","[""Deluca's Market""]","[""alcohol_license""]",Sister's Markets,pending,pending
BH-05eebc9c89c6fe62,SJJ CORP.,SJJCORP,"[""LB-99560""]","[""PANZA""]","[""alcohol_license""]",SJJ,pending,pending
BH-f5bf7ba839137914,"SK WINE AND LIQUORS, INC.",SKWINEANDLIQUORSINC,"[""LB-101973""]","[""BAUER WINE & SPIRITS""]","[""alcohol_license""]",SK WINE AND LIQUORS,complete,pending
BH-ce85b5b8bb4042dc,SMASHBURGER ACQUISITION-BOSTON LLC,SMASHBURGERACQUISITIONBOSTONLLC,"[""LB-99802""]","[""SMASHBURGER""]","[""alcohol_license""]",SMASHBURGER ACQUISITION-BOSTON,pending,pending
BH-fde7e2c244e64349,SMITH & WOLLENSKY ATLANTIC WHARF LLC,SMITHWOLLENSKYATLANTICWHARFLLC,"[""LB-99160""]","[""SMITH & WOLLENSKY""]","[""alcohol_license""]",SMITH & WOLLENSKY ATLANTIC WHARF,pending,pending
BH-922f140ade7af103,SOBOBISTRO LLC,SOBOBISTROLLC,"[""LB-447984""]","[""Chilacates""]","[""alcohol_license""]",SOBOBISTRO,pending,pending
BH-5bed22ad17595286,Sobo Wine Inc.,SOBOWINEINC,"[""LB-101971""]","[""City Liquor & Smoke Shop""]","[""alcohol_license""]",Sobo Wine,pending,pending
BH-ecab75a13a81309d,"SODEXO OPERATIONS, LLC",SODEXOOPERATIONSLLC,"[""LB-369935"", ""LB-464488"", ""LB-495217"", ""LB-519519""]","[""British Airways Terraces Lounge-BOS"", ""Chase Sapphire Lounge by the Club"", ""Lufthansa Business Lounge"", ""The Lounge""]","[""alcohol_license""]",SODEXO OPERATIONS,pending,pending
BH-82df5fb5b4152179,"SOFI'S RESTAURANT GROUP, LLC",SOFISRESTAURANTGROUPLLC,"[""LB-99498""]","[""SOPHIA'S GROTTO""]","[""alcohol_license""]",SOFI'S RESTAURANT GROUP,pending,pending
BH-13a3752218e6bafd,SOMERSET CLUB,SOMERSETCLUB,"[""LB-98801""]",[],"[""alcohol_license""]",SOMERSET CLUB,pending,pending
BH-1912ad92ce22e1f7,SOMERS FIVE CORP.,SOMERSFIVECORP,"[""LB-98914""]","[""DURTY NELLY'S""]","[""alcohol_license""]",SOMERS FIVE,pending,pending
BH-f8223c786de17e60,"Sontu & Sabuj Market, Inc.",SONTUSABUJMARKETINC,"[""LB-592796""]","[""Sontu & Sabuj Market""]","[""alcohol_license""]",Sontu & Sabuj Market,pending,pending
BH-dc54b995af083792,SORELLINA LLC,SORELLINALLC,"[""LB-99441""]","[""SORELLINA""]","[""alcohol_license""]",SORELLINA,pending,pending
BH-6a245b6ab6861be8,"Sorrel and Lime, LLC",SORRELANDLIMELLC,"[""LB-588304""]",[],"[""alcohol_license""]",Sorrel and Lime,pending,pending
BH-b9b7c1605d8f4fcd,Soul & Spice LLC,SOULSPICELLC,"[""LB-599543""]",[],"[""alcohol_license""]",Soul & Spice,pending,pending
BH-0afa3eb05c2b39af,"South Bay Fields Pie Company, LLC",SOUTHBAYFIELDSPIECOMPANYLLC,"[""LB-603681""]","[""Sally's Apizza""]","[""alcohol_license""]",South Bay Fields Pie Company,pending,pending
BH-82716db5aee2d895,"SOUTH BOSTON CANDLEPINS, INC.",SOUTHBOSTONCANDLEPINSINC,"[""LB-99636""]","[""SOUTH BOSTON CANDLEPINS""]","[""alcohol_license""]",SOUTH BOSTON CANDLEPINS,pending,pending
BH-81a1dc15767c0b57,SOUTH BOSTON LITHUANIAN CITIZENS ASSOCIATION,SOUTHBOSTONLITHUANIANCITIZENSASSOCIATION,"[""LB-98795""]",[],"[""alcohol_license""]",SOUTH BOSTON LITHUANIAN CITIZENS ASSOCIATION,pending,pending
BH-9a5593a54b742495,"SOUTH BOSTON MARKET, INC.",SOUTHBOSTONMARKETINC,"[""LB-140277""]","[""K AND EIGHTH MARKET""]","[""alcohol_license""]",SOUTH BOSTON MARKET,pending,pending
BH-94f88d730ef36ba8,"SOUTH BOSTON WINE & LIQUOR, INC.",SOUTHBOSTONWINELIQUORINC,"[""LB-101879""]","[""DORGANS PACKAGE STORE""]","[""alcohol_license""]",SOUTH BOSTON WINE & LIQUOR,pending,pending
BH-8189283d4974150d,SOUTH BOSTON YACHT CLUB,SOUTHBOSTONYACHTCLUB,"[""LB-98846""]",[],"[""alcohol_license""]",SOUTH BOSTON YACHT CLUB,pending,pending
BH-87a4215c09b800db,"South End Partners, Inc.",SOUTHENDPARTNERSINC,"[""LB-139452""]","[""SRV RESTAURANT""]","[""alcohol_license""]",South End Partners,pending,pending
BH-68992948d233b2a5,"South of Hixbridge, LLC",SOUTHOFHIXBRIDGELLC,"[""LB-98995""]","[""ALCOVE""]","[""alcohol_license""]",South of Hixbridge,pending,pending
BH-f67d0b90e8b6e92a,"South Street Group, Inc.",SOUTHSTREETGROUPINC,"[""LB-134971""]","[""Derna's""]","[""alcohol_license""]",South Street Group,pending,pending
BH-83c2bd9c69f3491e,SPACESHIP PICNIC LLC,SPACESHIPPICNICLLC,"[""LB-99827""]","[""ASTA""]","[""alcohol_license""]",SPACESHIP PICNIC,pending,pending
BH-2c556645d1e1b362,SPEEDY MARKET INC.,SPEEDYMARKETINC,"[""LB-127503""]","[""Speedy Market""]","[""alcohol_license""]",SPEEDY MARKET,pending,pending
BH-f363a52f06e1021f,"SPiN Boston, LLC",SPINBOSTONLLC,"[""LB-99034""]","[""SPiN""]","[""alcohol_license""]",SPiN Boston,pending,pending
BH-630aa03028710c7f,"SPINELLI'S BANQUET HALL, INC.",SPINELLISBANQUETHALLINC,"[""LB-99125""]","[""SPINELLI'S BANQUET HALL""]","[""alcohol_license""]",SPINELLI'S BANQUET HALL,pending,pending
BH-fb3dd8afc694963c,SPLENDID BEER & WINES INC.,SPLENDIDBEERWINESINC,"[""LB-102010""]","[""SPLENDID BEER & WINE""]","[""alcohol_license""]",SPLENDID BEER & WINES,pending,pending
BH-560e310c4fbf841c,"SPORTER'S CAFE, INC.",SPORTERSCAFEINC,"[""LB-98969""]","[""THE HILL""]","[""alcohol_license""]",SPORTER'S CAFE,pending,pending
BH-6bfa26b9be5cbdab,"Sport & Leisure Boston, LLC",SPORTLEISUREBOSTONLLC,"[""LB-99314""]","[""Sport & Leisure""]","[""alcohol_license""]",Sport & Leisure Boston,pending,pending
BH-34f0385851cde773,"SPORTS CONNECTION BAR & GRILL, INC.",SPORTSCONNECTIONBARGRILLINC,"[""LB-99046""]",[],"[""alcohol_license""]",SPORTS CONNECTION BAR & GRILL,pending,pending
BH-c89c3dbc3f94ba33,"Srian, LLC",SRIANLLC,"[""LB-101876""]","[""CARIBBEAN LIQUORS""]","[""alcohol_license""]",Srian,pending,pending
BH-d7e3ef2c849c4645,"SS Investments East, Inc.",SSINVESTMENTSEASTINC,"[""LB-448032""]","[""Dirty Water Dough Co.""]","[""byob_separate""]",SS Investments East,pending,pending
BH-77657fd3c88fb86d,"SS INVESTMENTS, INC.",SSINVESTMENTSINC,"[""LB-99659""]","[""DIRTY WATER DOUGH COMPANY""]","[""alcohol_license""]",SS INVESTMENTS,pending,pending
BH-291b93d2882d554e,"S & S PACKAGE STORE, INC.",SSPACKAGESTOREINC,"[""LB-101927""]","[""GARY'S LIQUORS""]","[""alcohol_license""]",S & S PACKAGE STORE,pending,pending
BH-e97ff848f873a0ba,"SSP America BOS, LLC",SSPAMERICABOSLLC,"[""LB-390565"", ""LB-410009""]","[""Temazcal"", ""Wahlburgers""]","[""alcohol_license""]",SSP America BOS,pending,pending
BH-587bade79df50daf,"SSP AMERICA, INC.",SSPAMERICAINC,"[""LB-529346"", ""LB-529347""]","[""Boston Harbor Distillery"", ""Peet's at Night""]","[""alcohol_license""]",SSP AMERICA,pending,pending
BH-1b11680064eaf2a4,S & S RESTAURANT LLC,SSRESTAURANTLLC,"[""LB-582320""]","[""Harry's All American""]","[""alcohol_license""]",S & S RESTAURANT,pending,pending
BH-1bd847b04549ab6e,"STAGE KARAOKE, LLC",STAGEKARAOKELLC,"[""LB-99011""]","[""Viva Karaoke & Studios""]","[""alcohol_license""]",STAGE KARAOKE,pending,pending
BH-dcbcc33d137c2e71,STANN LIQUORS CORPORATION,STANNLIQUORSCORPORATION,"[""LB-101874""]","[""MACY'S""]","[""alcohol_license""]",STANN LIQUORS,pending,pending
BH-126639a421a94d69,"STANZA DEI SIGARI, INC.",STANZADEISIGARIINC,"[""LB-99083""]","[""STANZA DEI SIGARI""]","[""alcohol_license""]",STANZA DEI SIGARI,pending,pending
BH-7301274bd762412a,Stark Hospitality LLC,STARKHOSPITALITYLLC,"[""LB-99067""]","[""Hue""]","[""alcohol_license""]",Stark Hospitality,pending,pending
BH-b3e921353754f29e,"STAR MARKETS COMPANY, INC.",STARMARKETSCOMPANYINC,"[""LB-126385""]","[""STAR MARKET""]","[""alcohol_license""]",STAR MARKETS COMPANY,pending,pending
BH-a1d236a7626ed944,"STATE ROOM, INC.",STATEROOMINC,"[""LB-99230""]","[""BAY TOWER ROOM""]","[""alcohol_license""]",STATE ROOM,pending,pending
BH-a801eff3313eeb1e,STATIRES GROUP LLC,STATIRESGROUPLLC,"[""LB-99171""]","[""STATS BAR & GRILL""]","[""alcohol_license""]",STATIRES GROUP,pending,pending
BH-88fc5849cff0cfd4,"ST. BOTOLPH CLUB, INC.",STBOTOLPHCLUBINC,"[""LB-98779""]",[],"[""alcohol_license""]",ST. BOTOLPH CLUB,pending,pending
BH-32a98a779bd3d7a2,"STERLING SUFFOLK RACECOURSE, LLC",STERLINGSUFFOLKRACECOURSELLC,"[""LB-99240""]","[""SUFFOLK DOWNS""]","[""alcohol_license""]",STERLING SUFFOLK RACECOURSE,pending,pending
BH-668cf55d743c3b4a,"STK Boston, LLC",STKBOSTONLLC,"[""LB-99202""]","[""STK Steakhouse""]","[""alcohol_license""]",STK Boston,pending,pending
BH-605929cdd0638450,Stoked Pizza JP LLC,STOKEDPIZZAJPLLC,"[""LB-578143""]","[""Stoked Pizza""]","[""alcohol_license""]",Stoked Pizza JP,pending,pending
BH-48aa20626be1d4a3,"STONY BROOK WINE & SPIRITS, INC.",STONYBROOKWINESPIRITSINC,"[""LB-101863""]",[],"[""alcohol_license""]",STONY BROOK WINE & SPIRITS,pending,pending
BH-0b89fafc60536651,"Strada 45, LLC",STRADA45LLC,"[""LB-99022""]","[""Mast' Restaurant & Drinkery""]","[""alcohol_license""]",Strada 45,pending,pending
BH-bae856cbf1935cad,Street Prince LLC,STREETPRINCELLC,"[""LB-99010""]","[""Hobgoblin""]","[""alcohol_license""]",Street Prince,pending,pending
BH-901bd47ae9868b89,STREGA PIZZERIA & CAFE CORP.,STREGAPIZZERIACAFECORP,"[""LB-99824""]","[""RINA'S""]","[""alcohol_license""]",STREGA PIZZERIA & CAFE,pending,pending
BH-7ca84da40e2c15fd,STREGA WATERFRONT LLC,STREGAWATERFRONTLLC,"[""LB-99451""]",[],"[""alcohol_license""]",STREGA WATERFRONT,pending,pending
BH-1b08d324df1293be,"STRETFORD END, INC.",STRETFORDENDINC,"[""LB-98954""]","[""BRIGHTON MUSIC HALL""]","[""alcohol_license""]",STRETFORD END,pending,pending
BH-dfc262f91c5b6901,STRIDE CORPORATION,STRIDECORPORATION,"[""LB-138282""]","[""Sava's Market""]","[""alcohol_license""]",STRIDE,pending,pending
BH-306bfdebc8a2f539,STRONGBOX CORP.,STRONGBOXCORP,"[""LB-99873""]","[""ROX DINER""]","[""alcohol_license""]",STRONGBOX,pending,pending
BH-b1e6995267f58674,"Stuland, LLC",STULANDLLC,"[""LB-98899""]","[""Jacob Wirth""]","[""alcohol_license""]",Stuland,pending,pending
BH-06cc66ac6521ad0f,Sugar Bowl Cafe LLC,SUGARBOWLCAFELLC,"[""LB-451415""]","[""The Sugar Bowl""]","[""alcohol_license""]",Sugar Bowl Cafe,pending,pending
BH-145381ff91e5b282,"Sugarloaf Hospitality, LLC",SUGARLOAFHOSPITALITYLLC,"[""LB-99228""]","[""TGI Friday’s""]","[""alcohol_license""]",Sugarloaf Hospitality,pending,pending
BH-a2b07d0429d56b6f,"Suishaya, Inc.",SUISHAYAINC,"[""LB-99773""]","[""Waku Waku""]","[""alcohol_license""]",Suishaya,pending,pending
BH-fe7d1159ba021c98,"Sullivan's Saloon, LLC",SULLIVANSSALOONLLC,"[""LB-101567""]","[""SULLIVAN'S TAP""]","[""alcohol_license""]",Sullivan's Saloon,pending,pending
BH-edbde11d372e99ab,SUNILA CORPORATION,SUNILACORPORATION,"[""LB-102027""]","[""QUALITY MART""]","[""alcohol_license""]",SUNILA,pending,pending
BH-4a79b1a73ac19e76,Sunset Bocce Club Inc,SUNSETBOCCECLUBINC,"[""LB-98783""]","[""THE BOCCE CLUB""]","[""alcohol_license""]",Sunset Bocce Club,pending,pending
BH-873cd75b1901f537,Superstar Cuisine LLC,SUPERSTARCUISINELLC,"[""LB-623682""]","[""Superstar Cuisine""]","[""alcohol_license""]",Superstar Cuisine,pending,pending
BH-b23ad573ad655893,"Super Target Liquor of Massachusetts, Inc.",SUPERTARGETLIQUOROFMASSACHUSETTSINC,"[""LB-144278""]","[""Target""]","[""alcohol_license""]",Super Target Liquor of Massachusetts,pending,pending
BH-d3a5965773cfb1d0,Surya Narayan Corporation,SURYANARAYANCORPORATION,"[""LB-101897""]","[""Hyde Park Liquor""]","[""alcohol_license""]",Surya Narayan,pending,pending
BH-ba07186fc43f5a86,Sushi Washin Inc.,SUSHIWASHININC,"[""LB-99665""]","[""Washin""]","[""alcohol_license""]",Sushi Washin,pending,pending
BH-4db7f1db2ff4c348,"SUYA JOINT, LLC",SUYAJOINTLLC,"[""LB-144994""]",[],"[""alcohol_license""]",SUYA JOINT,pending,pending
BH-964bc2cb5b768b36,"SWEET LIFE CAFE, LLC",SWEETLIFECAFELLC,"[""LB-144133""]","[""Sweetlife Cafe & Bakery""]","[""alcohol_license""]",SWEET LIFE CAFE,pending,pending
BH-c6c6c6ea1968a867,"SWEET RICE JP, INC.",SWEETRICEJPINC,"[""LB-99621""]","[""SWEET RICE, JP""]","[""alcohol_license""]",SWEET RICE JP,pending,pending
BH-c0140c472d2a6d16,"Sweet Rice Thai Sushi, Inc.",SWEETRICETHAISUSHIINC,"[""LB-99597""]",[],"[""alcohol_license""]",Sweet Rice Thai Sushi,pending,pending
BH-668f2c1b2bdad74d,"Swingers Bos, LLC",SWINGERSBOSLLC,"[""LB-99168""]","[""Swingers""]","[""alcohol_license""]",Swingers Bos,pending,pending
BH-62fb79639040ae06,"SZA, LLC",SZALLC,"[""LB-99770""]","[""SHABU ZEN""]","[""alcohol_license""]",SZA,pending,pending
BH-9f1b0e8eff8b3e63,"SZC, LLC",SZCLLC,"[""LB-99620""]","[""SHABU ZEN""]","[""alcohol_license""]",SZC,pending,pending
BH-5dca28129842847d,"TABAR, INC.",TABARINC,"[""LB-102040"", ""LB-99630""]","[""BALTIC EUROPEAN DELI""]","[""alcohol_license""]",TABAR,pending,pending
BH-b2ae1c59dc7e0b9f,Taco Azul Boston LLC,TACOAZULBOSTONLLC,"[""LB-98901""]","[""Taco Azul""]","[""alcohol_license""]",Taco Azul Boston,pending,pending
BH-bc1144dff8167f6b,"TACO MEX, INC.",TACOMEXINC,"[""LB-99210""]","[""TACO MEX RESTAURANT""]","[""alcohol_license""]",TACO MEX,pending,pending
BH-be7b615f6106afc8,"TA LIQUORS FIELD CORNER, INC.",TALIQUORSFIELDCORNERINC,"[""LB-101974""]","[""LYNNE'S LIQUORS""]","[""alcohol_license""]",TA LIQUORS FIELD CORNER,pending,pending
BH-1c72031adbec05d4,"Tall Ship Restaurant, LLC",TALLSHIPRESTAURANTLLC,"[""LB-446754""]",[],"[""alcohol_license""]",Tall Ship Restaurant,pending,pending
BH-5e7a2c2c6c6950af,"Tamworth Saloon, LLC",TAMWORTHSALOONLLC,"[""LB-99249""]","[""TAM""]","[""alcohol_license""]",Tamworth Saloon,pending,pending
BH-aadb291355a4a664,Tandav Corporation,TANDAVCORPORATION,"[""LB-566967""]","[""Old Harbor Market""]","[""alcohol_license""]",Tandav,pending,pending
BH-bad939f41c298129,"T AND T ICUISINE, INC.",TANDTICUISINEINC,"[""LB-99008""]","[""SAIGON SEAFOOD RESTAURANT""]","[""alcohol_license""]",T AND T ICUISINE,pending,pending
BH-9f2ce8403ba35b25,"TANGIERINO LOUNGE, INC.",TANGIERINOLOUNGEINC,"[""LB-99505""]","[""Boston Cigar Club""]","[""alcohol_license""]",TANGIERINO LOUNGE,pending,pending
BH-5e14eb2dd78ad8eb,"Tao's Newbury, Inc.",TAOSNEWBURYINC,"[""LB-603680""]","[""Tao's""]","[""alcohol_license""]",Tao's Newbury,pending,pending
BH-968b252d12d224b6,"TAQUERIA EL CARRIZAL, INC.",TAQUERIAELCARRIZALINC,"[""LB-99723""]","[""TAQUERIA EL CARRIZAL""]","[""alcohol_license""]",TAQUERIA EL CARRIZAL,pending,pending
BH-95239b78ff0cf911,"Taqueria Jalisco Orient Heights, LLC",TAQUERIAJALISCOORIENTHEIGHTSLLC,"[""LB-567250""]","[""Taqueria Jalisco""]","[""alcohol_license""]",Taqueria Jalisco Orient Heights,pending,pending
BH-4890a09cc6ee374e,"TASTES ON THE FLY BOSTON, LLC",TASTESONTHEFLYBOSTONLLC,"[""LB-98876""]","[""BOSTON BEER WORKS""]","[""alcohol_license""]",TASTES ON THE FLY BOSTON,pending,pending
BH-0cd7b0cb5035bd42,"TASTES ON THE FLY LOGAN, LLC",TASTESONTHEFLYLOGANLLC,"[""LB-126410"", ""LB-400360"", ""LB-459555""]","[""Davio's"", ""STEPHANIE'S"", ""Stephanie's""]","[""alcohol_license""]",TASTES ON THE FLY LOGAN,pending,pending
BH-189d7c47833ce51f,"Tastes SMA Logan, LLC",TASTESSMALOGANLLC,"[""LB-397007""]","[""Berkshire Farms""]","[""alcohol_license""]",Tastes SMA Logan,pending,pending
BH-d695ae1d8e3eb045,"Tasty Burger 1, LLC",TASTYBURGER1LLC,"[""LB-99593""]","[""Tasty Burger""]","[""alcohol_license""]",Tasty Burger 1,pending,pending
BH-2fff098aad98800a,"Tasty Burger 5, LLC",TASTYBURGER5LLC,"[""LB-99670""]","[""Tasty Burger""]","[""alcohol_license""]",Tasty Burger 5,pending,pending
BH-1c931ac0811017d9,"TAVERN 103, LTD.",TAVERN103LTD,"[""LB-98797""]",[],"[""alcohol_license""]","TAVERN 103, LTD.",pending,pending
BH-9b13f5e80f1cdb74,"TAVERN IN THE SQUARE CAUSEWAY STREET, LLC",TAVERNINTHESQUARECAUSEWAYSTREETLLC,"[""LB-99259""]","[""Tavern in the Square""]","[""alcohol_license""]",TAVERN IN THE SQUARE CAUSEWAY STREET,pending,pending
BH-d3e814eb6ba10440,"Tavern in the Square South Station, LLC",TAVERNINTHESQUARESOUTHSTATIONLLC,"[""LB-98812""]","[""Tavern in the Square""]","[""alcohol_license""]",Tavern in the Square South Station,complete,pending
BH-38c39c8627d32f48,"TAVERN ROAD, INC.",TAVERNROADINC,"[""LB-99317""]","[""The Smoke Shop BBQ""]","[""alcohol_license""]",TAVERN ROAD,pending,pending
BH-cb7a74fe1b3e3987,TEETOTAL LLC,TEETOTALLLC,"[""LB-99766""]","[""Beacon Hill Books & Cafe""]","[""alcohol_license""]",TEETOTAL,pending,pending
BH-1c7066ce7953e65d,Tejeda Brothers Investment LLC,TEJEDABROTHERSINVESTMENTLLC,"[""LB-598072""]","[""Miami Restaurant""]","[""alcohol_license""]",Tejeda Brothers Investment,pending,pending
BH-c9814fd032268d80,"TERRAMIA, INC.",TERRAMIAINC,"[""LB-99729""]","[""TERRAMIA""]","[""alcohol_license""]",TERRAMIA,pending,pending
BH-959faa58a7632b32,TESORITO MARKET LIMITED PARNERSHIP,TESORITOMARKETLIMITEDPARNERSHIP,"[""LB-102008""]","[""TESORITO MARKET""]","[""alcohol_license""]",TESORITO MARKET LIMITED PARNERSHIP,pending,pending
BH-ef5aab91e4c7d153,THAILAND INTERNATIONAL CORPORATION,THAILANDINTERNATIONALCORPORATION,"[""LB-99575""]","[""HOUSE OF SIAM""]","[""alcohol_license""]",THAILAND INTERNATIONAL,pending,pending
BH-2343402071e962ea,THE 15 LAGRANGE STREET CORPORATION,THE15LAGRANGESTREETCORPORATION,"[""LB-99118""]","[""THE GLASS SLIPPER""]","[""alcohol_license""]",THE 15 LAGRANGE STREET,pending,pending
BH-95aec1d15cb6d079,"THE BACK DECK, INC.",THEBACKDECKINC,"[""LB-99503""]",[],"[""alcohol_license""]",THE BACK DECK,pending,pending
BH-a0355444d2262cd3,THE BALANCE PATCH 1031 INC.,THEBALANCEPATCH1031INC,"[""LB-99522""]","[""BALANCE PATCH""]","[""alcohol_license""]",THE BALANCE PATCH 1031,pending,pending
BH-d4f645e5c281e7cf,"THE BLACK ROSE, INC.",THEBLACKROSEINC,"[""LB-99225""]","[""BLACK ROSE""]","[""alcohol_license""]",THE BLACK ROSE,pending,pending
BH-d7c348fecc175510,THE BLUES CORPORATION,THEBLUESCORPORATION,"[""LB-99390""]","[""PORTER BELLYS""]","[""alcohol_license""]",THE BLUES,pending,pending
BH-b54f9c1e7515b35a,"The Boston Distilling Company, LLC",THEBOSTONDISTILLINGCOMPANYLLC,"[""LB-447982""]","[""Chattermark Distillers""]","[""alcohol_license""]",The Boston Distilling Company,pending,pending
BH-8e9cff2c55586fb2,THE BOSTON LECO CORP.,THEBOSTONLECOCORP,"[""LB-98893""]","[""Legacy Boston/ Crown""]","[""alcohol_license""]",THE BOSTON LECO,pending,pending
BH-30fbd3530fe4d397,"THE BREWER'S FORK, LLC",THEBREWERSFORKLLC,"[""LB-99830""]","[""BREWER'S FORK""]","[""alcohol_license""]",THE BREWER'S FORK,pending,pending
BH-4a9e1c45e7b86605,"THE CATERED AFFAIR, INC.",THECATEREDAFFAIRINC,"[""LB-98903"", ""LB-99386""]","[""Boston Athenaeum"", ""THE CATERED AFFAIR""]","[""alcohol_license""]",THE CATERED AFFAIR,pending,pending
BH-dd0006e2dbbadcc5,"THE CHEESECAKE FACTORY RESTAURANTS, INC.",THECHEESECAKEFACTORYRESTAURANTSINC,"[""LB-99130""]","[""THE CHEESECAKE FACTORY""]","[""alcohol_license""]",THE CHEESECAKE FACTORY RESTAURANTS,pending,pending
BH-9110f7eaf2871b69,THE CIRCLE BAR & GRILL LLC,THECIRCLEBARGRILLLLC,"[""LB-99716""]","[""THE CIRCLE""]","[""alcohol_license""]",THE CIRCLE BAR & GRILL,pending,pending
BH-11004ca9d63438e1,"THE COLLEGE CLUB OF BOSTON, INC.",THECOLLEGECLUBOFBOSTONINC,"[""LB-98847""]","[""THE COLLEGE CLUB OF BOSTON""]","[""alcohol_license""]",THE COLLEGE CLUB OF BOSTON,pending,pending
BH-ca21ba80c1024cc1,"The Comfort Collective, LLC",THECOMFORTCOLLECTIVELLC,"[""LB-599551""]","[""AMA""]","[""alcohol_license""]",The Comfort Collective,pending,pending
BH-db120ab61ec6d431,"The Daily Market, LLC",THEDAILYMARKETLLC,"[""LB-427987""]","[""The Daily Market, LLC""]","[""alcohol_license""]",The Daily Market,pending,pending
BH-a89e89d996346df2,"THE FLORIAN ASSOCIATES, INC.",THEFLORIANASSOCIATESINC,"[""LB-99079""]","[""FLORIAN HALL""]","[""alcohol_license""]",THE FLORIAN ASSOCIATES,pending,pending
BH-0365c12446600fc4,The Great Escape Inc,THEGREATESCAPEINC,"[""LB-99031""]","[""Chubbs Taco & Tequila Bar""]","[""alcohol_license""]",The Great Escape,pending,pending
BH-13608f280fffe917,"The Hub Liquor Group, Inc.",THEHUBLIQUORGROUPINC,"[""LB-101878""]","[""Hub Liquor""]","[""alcohol_license""]",The Hub Liquor Group,pending,pending
BH-b38a84205f51e43b,"The Institute of Contemporary Art, Inc.",THEINSTITUTEOFCONTEMPORARYARTINC,"[""LB-352398""]",[],"[""alcohol_license""]",The Institute of Contemporary Art,pending,pending
BH-9c814030dc09e94a,"THE ISABELLA STEWART GARDNER MUSEUM, INCORPORATED",THEISABELLASTEWARTGARDNERMUSEUMINCORPORATED,"[""LB-99540""]","[""THE GARDNER MUSEUM""]","[""alcohol_license""]",THE ISABELLA STEWART GARDNER MUSEUM,pending,pending
BH-6faaaa8069148822,THE J LLC,THEJLLC,"[""LB-99347""]","[""Hunter’s""]","[""alcohol_license""]",THE J,pending,pending
BH-bd25e9c832e5b82c,"THE K'S, INC.",THEKSINC,"[""LB-99368""]","[""SISSY K'S""]","[""alcohol_license""]",THE K'S,pending,pending
BH-fdd25f3ecf7ace8c,The Lenox Hotel LLC,THELENOXHOTELLLC,"[""LB-101622"", ""LB-98933""]","[""The Lenox Hotel/ Sweeney's on Boylston"", ""Willow & Ivy / The Irving @ The Lenox""]","[""alcohol_license""]",The Lenox Hotel,pending,pending
BH-28d6f31539368aeb,"THE METROPOLITAN CLUB, INC.",THEMETROPOLITANCLUBINC,"[""LB-99030""]","[""MET PRIME & SALTIE GIRL""]","[""alcohol_license""]",THE METROPOLITAN CLUB,pending,pending
BH-66544e914726ade0,"THE NEXT PLACE, LLC",THENEXTPLACELLC,"[""LB-98937""]","[""THE GREATEST BAR""]","[""alcohol_license""]",THE NEXT PLACE,pending,pending
BH-ddfa17bb3a8ef88f,"THE OCEANAIRE RESTAURANT COMPANY, INC.",THEOCEANAIRERESTAURANTCOMPANYINC,"[""LB-99069""]","[""THE OCEANAIRE SEAFOOD ROOM""]","[""alcohol_license""]",THE OCEANAIRE RESTAURANT COMPANY,pending,pending
BH-edb135ed9fc7ea8d,"The Oyster Bar, Inc.",THEOYSTERBARINC,"[""LB-99519""]","[""THE WALRUS & CARPENTER""]","[""alcohol_license""]",The Oyster Bar,pending,pending
BH-e3e577515b4536c1,"THE PARISH CAFE, INC.",THEPARISHCAFEINC,"[""LB-98943""]","[""THE PARISH CAFE""]","[""alcohol_license""]",THE PARISH CAFE,pending,pending
BH-571185423ca89d34,"The Pearl Group at Boston Landing, LLC",THEPEARLGROUPATBOSTONLANDINGLLC,"[""LB-98996""]","[""The Pearl""]","[""alcohol_license""]",The Pearl Group at Boston Landing,pending,pending
BH-eb1f3f450fc0440e,"The Pearl, Seafood Grill and Raw Bar, Inc.",THEPEARLSEAFOODGRILLANDRAWBARINC,"[""LB-409585""]","[""The Pearl""]","[""alcohol_license""]","The Pearl, Seafood Grill and Raw Bar",pending,pending
BH-e74ca6c0183edd51,"The Red Apple Farm, LLC",THEREDAPPLEFARMLLC,"[""LB-539140""]","[""Red Apple Farm""]","[""alcohol_license""]",The Red Apple Farm,pending,pending
BH-22267dc6be63e2c2,"THE RITZ CARLTON HOTEL COMPANY, LLC",THERITZCARLTONHOTELCOMPANYLLC,"[""LB-101653""]","[""THE RITZ CARLTON""]","[""alcohol_license""]",THE RITZ CARLTON HOTEL COMPANY,pending,pending
BH-13734ab983dfbc44,"THE SALTY DOG, INC.",THESALTYDOGINC,"[""LB-99006""]","[""THE SALTY DOG""]","[""alcohol_license""]",THE SALTY DOG,pending,pending
BH-5de720ed763d2b98,THE SOMERS CORPORATION,THESOMERSCORPORATION,"[""LB-98960""]","[""MR.DOOLEY BOSTON TAVERN""]","[""alcohol_license""]",THE SOMERS,pending,pending
BH-512c7d0213fbdda6,THE TASTING ROOM LLC,THETASTINGROOMLLC,"[""LB-99796""]","[""Georgie’s Wine Bar""]","[""alcohol_license""]",THE TASTING ROOM,pending,pending
BH-707042893c3ab60b,"THE TAVERN CLUB, INC.",THETAVERNCLUBINC,"[""LB-98805""]",[],"[""alcohol_license""]",THE TAVERN CLUB,pending,pending
BH-dd68791ff8f87ff6,THE TENNIS AND RACQUET CLUB,THETENNISANDRACQUETCLUB,"[""LB-98778""]",[],"[""alcohol_license""]",THE TENNIS AND RACQUET CLUB,pending,pending
BH-1ad4b31c1bf4d204,"The Tower, Inc.",THETOWERINC,"[""LB-99360""]","[""THE TOWER""]","[""alcohol_license""]",The Tower,pending,pending
BH-b87d65d0288054fe,THE TWELVE BENS,THETWELVEBENS,"[""LB-98888""]",[],"[""alcohol_license""]",THE TWELVE BENS,pending,pending
BH-058652673acdfa26,THE UNIVERSITY CLUB OF BOSTON,THEUNIVERSITYCLUBOFBOSTON,"[""LB-98789""]",[],"[""alcohol_license""]",THE UNIVERSITY CLUB OF BOSTON,pending,pending
BH-eb6029fdbdf5681a,The Weston Way LLC,THEWESTONWAYLLC,"[""LB-592818""]",[],"[""alcohol_license""]",The Weston Way,pending,pending
BH-8a309ed70b901019,THE WILDROVERS INCORPORATED,THEWILDROVERSINCORPORATED,"[""LB-98985""]","[""THE WILD ROVER""]","[""alcohol_license""]",THE WILDROVERS,pending,pending
BH-a2af9d8462a49f55,"THICKER THAN WATER, INC.",THICKERTHANWATERINC,"[""LB-99394""]","[""AUDUBON CIRCLE RESTAURANT & BAR""]","[""alcohol_license""]",THICKER THAN WATER,pending,pending
BH-b1648419b51f05b1,"Third Cliff Bakery, LLC",THIRDCLIFFBAKERYLLC,"[""LB-596693""]","[""Third Cliff Bakery""]","[""alcohol_license""]",Third Cliff Bakery,pending,pending
BH-bde4d180385bf5d2,"Third Door Hospitality, LLC",THIRDDOORHOSPITALITYLLC,"[""LB-98948""]",[],"[""alcohol_license""]",Third Door Hospitality,pending,pending
BH-349a5b5f41ee7eb0,Thomson Fields Pie Company,THOMSONFIELDSPIECOMPANY,"[""LB-99218""]","[""Sally's Apizza""]","[""alcohol_license""]",Thomson Fields Pie Company,pending,pending
BH-61223d93abd5dd2e,THOUSAND CHEF FOODS CORP.,THOUSANDCHEFFOODSCORP,"[""LB-99523""]","[""SYMPHONY SUSHI""]","[""alcohol_license""]",THOUSAND CHEF FOODS,pending,pending
BH-3e005e5137bb5073,"Tia's Waterfront, LLC",TIASWATERFRONTLLC,"[""LB-98892""]","[""TIA'S WATERFRONT""]","[""alcohol_license""]",Tia's Waterfront,complete,pending
BH-3f44c5fa88dd264b,TIPSY'S BEER AND WINE INC.,TIPSYSBEERANDWINEINC,"[""LB-102013""]","[""Tipsy's Market""]","[""alcohol_license""]",TIPSY'S BEER AND WINE,pending,pending
BH-b0ec7328804b0a33,"TIP TAP ROOM, INC.",TIPTAPROOMINC,"[""LB-98968""]","[""TIP TAP ROOM""]","[""alcohol_license""]",TIP TAP ROOM,pending,pending
BH-7c3c0b1ffaab2bef,TIR NO NOG OK LLC,TIRNONOGOKLLC,"[""LB-99109""]","[""The Chemist""]","[""alcohol_license""]",TIR NO NOG OK,pending,pending
BH-f5071720cef97a9e,"TOASTED BROTHERS BB, LLC",TOASTEDBROTHERSBBLLC,"[""LB-99380""]","[""THE FRIENDLY TOAST""]","[""alcohol_license""]",TOASTED BROTHERS BB,pending,pending
BH-9d3f44823571418f,"TOM ENGLISH'S COTTAGE, INC.",TOMENGLISHSCOTTAGEINC,"[""LB-99065""]","[""TOM ENGLISH'S TAVERN""]","[""alcohol_license""]",TOM ENGLISH'S COTTAGE,pending,pending
BH-bd23b6c98f3c95d7,"Tom Yum Yang, Inc.",TOMYUMYANGINC,"[""LB-99623""]",[],"[""alcohol_license""]",Tom Yum Yang,pending,pending
BH-e85c8433ddcc97a8,"Tong Xing II, Inc.",TONGXINGIIINC,"[""LB-99811""]","[""Dumpling Kingdom""]","[""alcohol_license""]",Tong Xing II,pending,pending
BH-3f85bfc541ceb46a,Top Mix LLC,TOPMIXLLC,"[""LB-445817""]","[""Top Mix Bar & Kitchen JP""]","[""alcohol_license""]",Top Mix,pending,pending
BH-c54c6d39fd2e0d98,Top Tier Enterprise Inc.,TOPTIERENTERPRISEINC,"[""LB-102024""]","[""Home Market""]","[""alcohol_license""]",Top Tier Enterprise,pending,pending
BH-1ad2801758a9f420,"Tora Group, Inc.",TORAGROUPINC,"[""LB-303415""]","[""Tora Kaisen Don Japanes Restaurant""]","[""alcohol_license""]",Tora Group,pending,pending
BH-d1bc349c583c5f7b,"Tora Ramen, Inc.",TORARAMENINC,"[""LB-167065""]","[""TORA RAMEN""]","[""alcohol_license""]",Tora Ramen,pending,pending
BH-88ece3f47c7113fa,"Totto South, LLC",TOTTOSOUTHLLC,"[""LB-375393""]","[""Totto Ramen""]","[""alcohol_license""]",Totto South,pending,pending
BH-b4e27d0f2867fdd1,"TOW PIER 6 RESTAURANT GROUP, LLC.",TOWPIER6RESTAURANTGROUPLLC,"[""LB-99382""]","[""PIER 6""]","[""alcohol_license""]",TOW PIER 6 RESTAURANT GROUP,pending,pending
BH-8cd15f7e3f2920cf,TPN CORP.,TPNCORP,"[""LB-145480""]","[""THE BRIGHTON BODEGA""]","[""alcohol_license""]",TPN,pending,pending
BH-d69bd0198a0f4810,TRAIF CORP.,TRAIFCORP,"[""LB-99400""]","[""MISTRAL""]","[""alcohol_license""]",TRAIF,pending,pending
BH-c62a15ec722aad0c,"TRATTORIA II PANINO HANOVER, INC.",TRATTORIAIIPANINOHANOVERINC,"[""LB-99733""]","[""TRATTORIA II PANINO HANOVER, INC.""]","[""alcohol_license""]",TRATTORIA II PANINO HANOVER,pending,pending
BH-fd7ebb925866432a,"Traveler Street Partners, Inc.",TRAVELERSTREETPARTNERSINC,"[""LB-99446""]",[],"[""alcohol_license""]",Traveler Street Partners,pending,pending
BH-ae10f080a53198a8,"Tree House Brewing Company, Inc.",TREEHOUSEBREWINGCOMPANYINC,"[""LB-581007"", ""LB-623696""]","[""Tree House Brewing Company""]","[""alcohol_license""]",Tree House Brewing Company,pending,pending
BH-0e5a13b8c1a1db0b,TREMONT 958 RESTAURANT CORPORATION,TREMONT958RESTAURANTCORPORATION,"[""LB-99258""]","[""Slade's Bar & Grill""]","[""alcohol_license""]",TREMONT 958 RESTAURANT,pending,pending
BH-7fa0186bea2749dc,"TREMONTE RESTAURANT NORTH END, LLC",TREMONTERESTAURANTNORTHENDLLC,"[""LB-99795""]","[""TREMONTE RESTAURANT""]","[""alcohol_license""]",TREMONTE RESTAURANT NORTH END,pending,pending
BH-b55aa535fe3437a8,"TREMONT STREET LIQUOR GROUP, INC.",TREMONTSTREETLIQUORGROUPINC,"[""LB-101924""]","[""WINE EMPORIUM""]","[""alcohol_license""]",TREMONT STREET LIQUOR GROUP,pending,pending
BH-0bf2a6d1cb40a8c3,"TREMONT THEATRE, INC.",TREMONTTHEATREINC,"[""LB-101568""]","[""SHUBERT THEATRE""]","[""alcohol_license""]",TREMONT THEATRE,pending,pending
BH-7c813cf12d0ecdde,TRES (3) ISLAS GROUP CORP,TRES3ISLASGROUPCORP,"[""LB-155692""]","[""DONA HABANA LLC""]","[""alcohol_license""]",TRES (3) ISLAS GROUP,pending,pending
BH-687db0e48e6aee87,TRESCA RESTAURANT GROUP LLC,TRESCARESTAURANTGROUPLLC,"[""LB-99491""]","[""TRESCA""]","[""alcohol_license""]",TRESCA RESTAURANT GROUP,pending,pending
BH-14e8ce79d9263b73,"Tres Gatos, LLC",TRESGATOSLLC,"[""LB-139449""]","[""Tres Gatos""]","[""alcohol_license""]",Tres Gatos,pending,pending
BH-07dc0bcc7c666d45,"TRIANGLE RESTAURANT, LLC",TRIANGLERESTAURANTLLC,"[""LB-99077""]","[""MOONCUSSER FISH HOUSE & MOON BAR""]","[""alcohol_license""]",TRIANGLE RESTAURANT,pending,pending
BH-167a3137d55ec969,"Trillium at Farnsworth, LLC",TRILLIUMATFARNSWORTHLLC,"[""LB-396066""]","[""Trillium""]","[""alcohol_license""]",Trillium at Farnsworth,pending,pending
BH-0a1963d4a91074f5,"TRINITY ASHMONT RESTAURANT, LLC",TRINITYASHMONTRESTAURANTLLC,"[""LB-99444""]","[""TAVOLO""]","[""alcohol_license""]",TRINITY ASHMONT RESTAURANT,pending,pending
BH-0fa1f64840f18186,Trinity Stuart Concessions LLC,TRINITYSTUARTCONCESSIONSLLC,"[""LB-485388""]","[""The Raffles Hotel""]","[""alcohol_license""]",Trinity Stuart Concessions,pending,pending
BH-f013fc3f117e8a9d,Triple Coast LLC,TRIPLECOASTLLC,"[""LB-587880""]","[""Ula Cafe""]","[""alcohol_license""]",Triple Coast,pending,pending
BH-aa35cf106971c576,TRIPLE EIGHT MANAGEMENT CORP.,TRIPLEEIGHTMANAGEMENTCORP,"[""LB-99654""]","[""Station Bistro""]","[""alcohol_license""]",TRIPLE EIGHT MANAGEMENT,pending,pending
BH-55cc8f7b4c9ee67b,"TRUONG THAN MARKET, INC.",TRUONGTHANMARKETINC,"[""LB-101946""]","[""TROUNG THAN MARKET""]","[""alcohol_license""]",TRUONG THAN MARKET,pending,pending
BH-c6ac0d6acd49485b,TRUSTEES OF BOSTON UNIVERSITY,TRUSTEESOFBOSTONUNIVERSITY,"[""LB-98782"", ""LB-98799"", ""LB-99525"", ""LB-99528""]","[""BOSTON UNIVERSITY"", ""NICKERSON FIELD""]","[""alcohol_license""]",TRUSTEES OF BOSTON UNIVERSITY,pending,pending
BH-d30aece1a93765fb,"TRUSTEES OF BOSTON UNIVERSITY, INC.",TRUSTEESOFBOSTONUNIVERSITYINC,"[""LB-98798"", ""LB-99641""]","[""AGGANIS ARENA""]","[""alcohol_license""]",TRUSTEES OF BOSTON UNIVERSITY,pending,pending
BH-875827858e5e2d79,"TSEM, INC.",TSEMINC,"[""LB-99510""]","[""TONY'S PLACE""]","[""alcohol_license""]",TSEM,pending,pending
BH-b3566fb9304b6bc4,"TS LODGING FOOD & BEVERAGE, LLC",TSLODGINGFOODBEVERAGELLC,"[""LB-99308""]","[""MOXY HOTEL""]","[""alcohol_license""]",TS LODGING FOOD & BEVERAGE,pending,pending
BH-e760b550fec41135,"TUSCAN KITCHEN OF BOSTON, LLC",TUSCANKITCHENOFBOSTONLLC,"[""LB-99169""]","[""TUSCAN KITCHEN""]","[""alcohol_license""]",TUSCAN KITCHEN OF BOSTON,pending,pending
BH-5dbe5b18cd88103d,Twentieth Century Bowling Alleys Inc.,TWENTIETHCENTURYBOWLINGALLEYSINC,"[""LB-549186""]","[""Ron's Ice Cream and Bowling""]","[""alcohol_license""]",Twentieth Century Bowling Alleys,pending,pending
BH-9c06c9f39c343074,"TWENTY-FOUR EIGHTEEN CLUB, INC.",TWENTYFOUREIGHTEENCLUBINC,"[""LB-98792""]",[],"[""alcohol_license""]",TWENTY-FOUR EIGHTEEN CLUB,pending,pending
BH-7ad41296d1866dc3,"Twleve22, LLC.",TWLEVE22LLC,"[""LB-99027""]",[],"[""alcohol_license""]",Twleve22,pending,pending
BH-fce990e14f2237cb,"TWO AVENUES, INC.",TWOAVENUESINC,"[""LB-99449""]","[""DEUX AVE""]","[""alcohol_license""]",TWO AVENUES,pending,pending
BH-f0b5e489043d84bc,"Two Greeks and a Persian, LLC",TWOGREEKSANDAPERSIANLLC,"[""LB-99254""]","[""Kartel""]","[""alcohol_license""]",Two Greeks and a Persian,pending,pending
BH-cd7b0f5386a1b7ea,TYCOR CORPORATION,TYCORCORPORATION,"[""LB-98939""]","[""WARREN TAVERN""]","[""alcohol_license""]",TYCOR,pending,pending
BH-6ece6019d903cf2b,"TY RESTAURANT GROUP, INC.",TYRESTAURANTGROUPINC,"[""LB-99340""]","[""LITTLE ASIA RESTAURANT""]","[""alcohol_license""]",TY RESTAURANT GROUP,pending,pending
BH-5a4c91d93da67aae,UKUSA CORP.,UKUSACORP,"[""LB-99002""]","[""LUCCA""]","[""alcohol_license""]",UKUSA,pending,pending
BH-579a6f76db87b95e,ULIVO LLC,ULIVOLLC,"[""LB-161343""]","[""CUNARD TAVERN""]","[""alcohol_license""]",ULIVO,pending,pending
BH-3d195a7f0d840264,UMAMI CRUDO INC.,UMAMICRUDOINC,"[""LB-99831""]","[""UMAMI CRUDO""]","[""alcohol_license""]",UMAMI CRUDO,pending,pending
BH-55328af618819c1f,"Umbria North End, Inc.",UMBRIANORTHENDINC,"[""LB-99088""]","[""Umbria""]","[""alcohol_license""]",Umbria North End,pending,pending
BH-75c3bbb2569138c1,UMNV 205-207 Newbury LLC,UMNV205207NEWBURYLLC,"[""LB-99634""]","[""Central Perk""]","[""alcohol_license""]",UMNV 205-207 Newbury,pending,pending
BH-65cafe7e93387ec6,"UMNV 240A NEWBURY, LLC",UMNV240ANEWBURYLLC,"[""LB-99241""]",[],"[""alcohol_license""]",UMNV 240A NEWBURY,pending,pending
BH-5ea261be5e17f0e0,"UMNVAG KENMORE, LLC",UMNVAGKENMORELLC,"[""LB-99788""]",[],"[""alcohol_license""]",UMNVAG KENMORE,pending,pending
BH-abc84026e8127fd8,"UNION CLUB OF BOSTON, INC.",UNIONCLUBOFBOSTONINC,"[""LB-98787""]",[],"[""alcohol_license""]",UNION CLUB OF BOSTON,pending,pending
BH-2a41bf647da42b15,"UNION OYSTER HOUSE, INC.",UNIONOYSTERHOUSEINC,"[""LB-99139""]","[""UNION OYSTER HOUSE""]","[""alcohol_license""]",UNION OYSTER HOUSE,pending,pending
BH-2b09a2b028f39fdb,"UNION STREET HOSPITALITY, INC.",UNIONSTREETHOSPITALITYINC,"[""LB-99151""]","[""THE WHITE BULL""]","[""alcohol_license""]",UNION STREET HOSPITALITY,pending,pending
BH-9bac1c93d3c2c48f,"UNIQUE DESIGN CONCEPTS, LLC",UNIQUEDESIGNCONCEPTSLLC,"[""LB-99333""]","[""Kings""]","[""alcohol_license""]",UNIQUE DESIGN CONCEPTS,pending,pending
BH-054c72c39e77e4ff,"UNITED AIRLINES, INC.",UNITEDAIRLINESINC,"[""LB-126649""]","[""UNITED CLUB""]","[""alcohol_license""]",UNITED AIRLINES,pending,pending
BH-e889289917272993,"UNITY SPORTS & CULTURAL CLUB, INC.",UNITYSPORTSCULTURALCLUBINC,"[""LB-99219""]","[""UNITY SPORTS""]","[""alcohol_license""]",UNITY SPORTS & CULTURAL CLUB,pending,pending
BH-eca7c328a142cacf,UNIVERSITY OF MASSACHUSETTS BUILDING AUTHORITY,UNIVERSITYOFMASSACHUSETTSBUILDINGAUTHORITY,"[""LB-98785""]","[""University of Massachusetts Club""]","[""alcohol_license""]",UNIVERSITY OF MASSACHUSETTS BUILDING AUTHORITY,pending,pending
BH-b838e75ebe2733b5,Uptown Social LLC,UPTOWNSOCIALLLC,"[""LB-621425""]","[""Uptown Social""]","[""alcohol_license""]",Uptown Social,pending,pending
BH-49576c856d17261f,"Urban Food and Beverage, LLC",URBANFOODANDBEVERAGELLC,"[""LB-371724""]","[""District 7 Tavern""]","[""alcohol_license""]",Urban Food and Beverage,pending,pending
BH-5e008f9950e623af,URSULA IMBRIANO & ANTHONY IMBRIANO,URSULAIMBRIANOANTHONYIMBRIANO,"[""LB-99722""]","[""MARIO'S RESTAURANT""]","[""alcohol_license""]",URSULA IMBRIANO & ANTHONY IMBRIANO,pending,pending
BH-f1f35bc1a4da0d1e,USHG Boston Seaport F&B LLC,USHGBOSTONSEAPORTFBLLC,"[""LB-99346""]","[""Daily Provisions / Ci Siamo""]","[""alcohol_license""]",USHG Boston Seaport F&B,pending,pending
BH-0fbf0b6384250965,"UVM.,INC.",UVMINC,"[""LB-99407""]","[""BIDDY EARLY'S""]","[""alcohol_license""]","UVM.,INC.",pending,pending
BH-c24dd9b1931094db,"VADO PAZZO, INC.",VADOPAZZOINC,"[""LB-99003""]","[""RESTAURANT BRICCO""]","[""alcohol_license""]",VADO PAZZO,pending,pending
BH-1ebe13889355afd2,VAN LIN CORP,VANLINCORP,"[""LB-99297""]","[""BARLOW'S""]","[""alcohol_license""]",VAN LIN,pending,pending
BH-1f361b002d921f2e,"V. CIRACE & SON, INC.",VCIRACESONINC,"[""LB-101908""]","[""CIRACE'S""]","[""alcohol_license""]",V. CIRACE & SON,pending,pending
BH-4baced8e377150e2,"VEE & VEE PRODUCTIONS, LLC",VEEVEEPRODUCTIONSLLC,"[""LB-99649""]","[""VEE VEE""]","[""alcohol_license""]",VEE & VEE PRODUCTIONS,pending,pending
BH-38c3fd71259bc848,Venture 66 LLC,VENTURE66LLC,"[""LB-99514""]","[""Halftime Pizza""]","[""alcohol_license""]",Venture 66,pending,pending
BH-a71612d6567aa979,VERVEINE CORP.,VERVEINECORP,"[""LB-99741""]","[""COPPA""]","[""alcohol_license""]",VERVEINE,pending,pending
BH-aebcb2fcbcf95568,"VFW Parkway Restaurant Operator, LLC.",VFWPARKWAYRESTAURANTOPERATORLLC,"[""LB-99268""]","[""Mission on Fire""]","[""alcohol_license""]",VFW Parkway Restaurant Operator,pending,pending
BH-e8b2b78b292f6f1d,VIA CANNUCCIA LLC,VIACANNUCCIALLC,"[""LB-494682""]","[""Via Cannuccia""]","[""alcohol_license""]",VIA CANNUCCIA,pending,pending
BH-fbc586ad66aaca35,"VIA VENETO RESTAURANT, INC.",VIAVENETORESTAURANTINC,"[""LB-98976""]","[""FILIPPO RISTORANTE AND DUCALI PIZZERIA AND BAR""]","[""alcohol_license""]",VIA VENETO RESTAURANT,pending,pending
BH-070e8be649a3aa12,"VILLA FRANCESCA'S, INC.",VILLAFRANCESCASINC,"[""LB-98898""]","[""FRANCESCA'S""]","[""alcohol_license""]",VILLA FRANCESCA'S,pending,pending
BH-973bb28b0a9dad3a,"VINCRU, CORP.",VINCRUCORP,"[""LB-99014""]","[""Troquet""]","[""alcohol_license""]",VINCRU,pending,pending
BH-dbf5483afb0c4109,VINE INVESTMENTS INC.,VINEINVESTMENTSINC,"[""LB-102064""]","[""HOLLYWOOD MARKET""]","[""alcohol_license""]",VINE INVESTMENTS,pending,pending
BH-54d1f916a0ff5a4f,Virpa Corp,VIRPACORP,"[""LB-464464""]","[""Square Bites""]","[""alcohol_license""]",Virpa,complete,pending
BH-53ab6008b883d421,"VJ Partners, Inc.",VJPARTNERSINC,"[""LB-101975""]","[""Stop and Shots Liquor and Deli""]","[""alcohol_license""]",VJ Partners,pending,pending
BH-5af0d2c2c8e4e735,Wabora Newton LLC,WABORANEWTONLLC,"[""LB-99687""]","[""Lobstah on A Roll""]","[""alcohol_license""]",Wabora Newton,pending,pending
BH-5076befd1863ad43,"WAGAMAMA BOSTON ONE, LLC",WAGAMAMABOSTONONELLC,"[""LB-99810""]","[""WAGAMAMA""]","[""alcohol_license""]",WAGAMAMA BOSTON ONE,pending,pending
BH-9d8afc4872b73943,WAHLBURGERS FENWAY LLC,WAHLBURGERSFENWAYLLC,"[""LB-99387""]","[""WAHLBURGERS""]","[""alcohol_license""]",WAHLBURGERS FENWAY,pending,pending
BH-73ca9370b5911967,"Walden Local, Inc.",WALDENLOCALINC,"[""LB-352377""]","[""Walden Local Meat Co.""]","[""alcohol_license""]",Walden Local,pending,pending
BH-b766390d75f70a12,"WALGREENS OF MASSACHUSETTS, LLC",WALGREENSOFMASSACHUSETTSLLC,"[""LB-102001""]","[""WALGREENS #15390""]","[""alcohol_license""]",WALGREENS OF MASSACHUSETTS,pending,pending
BH-f9f5003176dabe0c,"WALLY'S CAFE, INC.",WALLYSCAFEINC,"[""LB-99146""]","[""WALLY'S CAFE""]","[""alcohol_license""]",WALLY'S CAFE,pending,pending
BH-4779c950f146546f,Walter Corporation,WALTERCORPORATION,"[""LB-574267""]","[""El Jardin""]","[""alcohol_license""]",Walter,pending,pending
BH-b116bbf51ceb05ef,"WANG THEATRE, INC.",WANGTHEATREINC,"[""LB-99252""]","[""WANG THEATRE""]","[""alcohol_license""]",WANG THEATRE,pending,pending
BH-033a536d3eb11675,WAN XI LLC,WANXILLC,"[""LB-99345""]","[""ZHU""]","[""alcohol_license""]",WAN XI,pending,pending
BH-788e72700f980c75,"Wash El Beverages, LLC",WASHELBEVERAGESLLC,"[""LB-596687""]",[],"[""alcohol_license""]",Wash El Beverages,pending,pending
BH-08c4a73a75a67793,Welcome Buddy Convenience Corporation,WELCOMEBUDDYCONVENIENCECORPORATION,"[""LB-539167""]","[""Welcome Buddy Convenience""]","[""alcohol_license""]",Welcome Buddy Convenience,pending,pending
BH-9f7e28e99f7a73d1,West Broadway Management LLC,WESTBROADWAYMANAGEMENTLLC,"[""LB-99298""]","[""Cambria Hotel""]","[""alcohol_license""]",West Broadway Management,pending,pending
BH-a1e2ee18de8bff97,"WEST END DINING, LLC",WESTENDDININGLLC,"[""LB-98977""]","[""CAUSEWAY""]","[""alcohol_license""]",WEST END DINING,pending,pending
BH-3f88bea679309ea0,"WESTERN HOST, INC.",WESTERNHOSTINC,"[""LB-101624"", ""LB-99421"", ""LB-99625""]","[""ALOFT HOTEL"", ""ELEMENT HOTEL"", ""WESTIN COPLEY PLACE""]","[""alcohol_license""]",WESTERN HOST,pending,pending
BH-8b84035aed67419f,"WHEELING'S BAR, LLC",WHEELINGSBARLLC,"[""LB-99285""]","[""BEEHIVE""]","[""alcohol_license""]",WHEELING'S BAR,pending,pending
BH-d20e27c35fcf4d17,"Whiskey Town, LLC",WHISKEYTOWNLLC,"[""LB-361155""]","[""The Quiet Few""]","[""alcohol_license""]",Whiskey Town,pending,pending
BH-313a91ce3c85085d,"Whiskey Wine Brighton, LLC",WHISKEYWINEBRIGHTONLLC,"[""LB-515576""]","[""Whiskey & Wine Brighton""]","[""alcohol_license""]",Whiskey Wine Brighton,pending,pending
BH-692d520fe807a037,"WHOLE FOODS MARKET GROUP, INC.",WHOLEFOODSMARKETGROUPINC,"[""LB-130760""]","[""Whole Foods Market""]","[""alcohol_license""]",WHOLE FOODS MARKET GROUP,pending,pending
BH-a5f48048f5f1601f,"WHO'S ON FIRST, INC.",WHOSONFIRSTINC,"[""LB-99115""]",[],"[""alcohol_license""]",WHO'S ON FIRST,pending,pending
BH-5f499faceb23ee93,WICKED COMEDY LLC,WICKEDCOMEDYLLC,"[""LB-99324""]","[""LAUGH BOSTON""]","[""alcohol_license""]",WICKED COMEDY,pending,pending
BH-be76ad168ebd5cf5,"WIKROM, INC.",WIKROMINC,"[""LB-99564""]","[""PHUKET THAI RESTAURANT""]","[""alcohol_license""]",WIKROM,pending,pending
BH-0fd430f2a03f97cf,Wildduck 660 Washington St. Inc.,WILDDUCK660WASHINGTONSTINC,"[""LB-139450""]","[""The Wild Duck and Spirits""]","[""alcohol_license""]",Wildduck 660 Washington St.,pending,pending
BH-ad6a91100ebc0234,Wildduck 96 Salem St Inc.,WILDDUCK96SALEMSTINC,"[""LB-101961""]","[""THE WILD DUCK""]","[""alcohol_license""]",Wildduck 96 Salem St,pending,pending
BH-bbe946a81d13d3fb,WILLIAM E. CARTER POST #16,WILLIAMECARTERPOST16,"[""LB-98841""]",[],"[""alcohol_license""]",WILLIAM E. CARTER POST #16,pending,pending
BH-71d04cfb81119a46,"WINE AND LIQUORS, INC.",WINEANDLIQUORSINC,"[""LB-101960""]","[""ROSLINDALE LIQUORS""]","[""alcohol_license""]",WINE AND LIQUORS,pending,pending
BH-6a31df99d55d9e58,WINSTON BROS. INC.,WINSTONBROSINC,"[""LB-102032""]","[""WINSTON FLOWERS""]","[""alcohol_license""]",WINSTON BROS.,pending,pending
BH-23fd0870f4f6f9bd,WM Brewing Co. Inc.,WMBREWINGCOINC,"[""LB-532186""]","[""Widowmaker Brewing Taproom & Kitchen""]","[""alcohol_license""]",WM Brewing Co.,pending,pending
BH-32d647a6463add9b,WNDR Boston LLC,WNDRBOSTONLLC,"[""LB-540090""]","[""WNDR Museum""]","[""alcohol_license""]",WNDR Boston,pending,pending
BH-747a32f78a287ec2,WOND CORPORATION,WONDCORPORATION,"[""LB-102058""]",[],"[""alcohol_license""]",WOND,pending,pending
BH-36b7a8235ab11021,Workhub Boston LLC,WORKHUBBOSTONLLC,"[""LB-561966""]","[""The Substation""]","[""alcohol_license""]",Workhub Boston,pending,pending
BH-00444a482bd14644,"WORKSHOP HOSPITALITY 1375, INC.",WORKSHOPHOSPITALITY1375INC,"[""LB-98963""]","[""SWEET CHEEKS & FOOL'S ERRAND""]","[""alcohol_license""]",WORKSHOP HOSPITALITY 1375,pending,pending
BH-fa9a1f374559d765,"W & P HONG KONG AT FANEUIL HALL, INC.",WPHONGKONGATFANEUILHALLINC,"[""LB-98986""]","[""W & P HONG KONG AT FANEUIL""]","[""alcohol_license""]",W & P HONG KONG AT FANEUIL HALL,pending,pending
BH-80919dbfed89b7d7,"WS- BLOCK J, LLC",WSBLOCKJLLC,"[""LB-161765""]","[""YOTEL""]","[""alcohol_license""]",WS- BLOCK J,pending,pending
BH-e7bb462f0adfc699,W STEAK BOSTON LLC,WSTEAKBOSTONLLC,"[""LB-99071""]","[""WOLFGANG'S STEAKHOUSE""]","[""alcohol_license""]",W STEAK BOSTON,pending,pending
BH-42ffc40c2e8cebdf,Yak Thai Inc.,YAKTHAIINC,"[""LB-481088""]","[""Thonglor""]","[""alcohol_license""]",Yak Thai,pending,pending
BH-92163d125bd1a59d,"YAMATO II, INC.",YAMATOIIINC,"[""LB-99812""]","[""YAMATO II""]","[""alcohol_license""]",YAMATO II,pending,pending
BH-a93a0abe6ee5398c,"YAMATO, INC.",YAMATOINC,"[""LB-99549""]","[""YAMATO JAPANESE CUISINE""]","[""alcohol_license""]",YAMATO,pending,pending
BH-021d04ba3e84d15d,"YARD HOUSE USA, INC.",YARDHOUSEUSAINC,"[""LB-98904"", ""LB-99369""]","[""YARD HOUSE"", ""Yard House""]","[""alcohol_license""]",YARD HOUSE USA,pending,pending
BH-5f65c1247dbb0e2f,"YMY Enterprises, LLC",YMYENTERPRISESLLC,"[""LB-101978""]","[""Boston South Liquor & Spirits""]","[""alcohol_license""]",YMY Enterprises,pending,pending
BH-13237d8126d19acc,YOEVE CORP.,YOEVECORP,"[""LB-99205""]","[""THE MASTER MCGRATH""]","[""alcohol_license""]",YOEVE,pending,pending
BH-a6a60c7e819d47b2,YONG SUN INC.,YONGSUNINC,"[""LB-104345""]","[""LIBERTY DINER""]","[""alcohol_license""]",YONG SUN,pending,pending
BH-875733bedd6b908f,"Yoshida Omakase, LLC",YOSHIDAOMAKASELLC,"[""LB-309815""]",[],"[""alcohol_license""]",Yoshida Omakase,pending,pending
BH-da386d94335443e3,"You Jia, LLC",YOUJIALLC,"[""LB-142890""]","[""I LIQUOR""]","[""alcohol_license""]",You Jia,pending,pending
BH-fab992d16c7f868b,YUNG SU CHOE CORP.,YUNGSUCHOECORP,"[""LB-99605""]","[""MISONO""]","[""alcohol_license""]",YUNG SU CHOE,pending,pending
BH-8e6b1a4d31206ebe,"Y&W, INC.",YWINC,"[""LB-101913""]","[""BUDGET LIQUORS""]","[""alcohol_license""]",Y&W,pending,pending
BH-b57170ea1db73172,"Y&Y ENTERPRISES, INC.",YYENTERPRISESINC,"[""LB-99572""]","[""THAI BASIL RESTAURANT""]","[""alcohol_license""]",Y&Y ENTERPRISES,pending,pending
BH-d0147eb1e4602e21,"ZAZ RESTAURANT & CATERING, CORP.",ZAZRESTAURANTCATERINGCORP,"[""LB-126366""]",[],"[""alcohol_license""]",ZAZ RESTAURANT & CATERING,pending,pending
BH-397c79924c1085ec,"ZENZERO, LLC",ZENZEROLLC,"[""LB-99504""]","[""TRADE""]","[""alcohol_license""]",ZENZERO,pending,pending
BH-5e82783159699786,"ZESKER, INC.",ZESKERINC,"[""LB-99056""]",[],"[""alcohol_license""]",ZESKER,pending,pending
BH-7787ac7046404f7b,Zhou’s Gourmet Systems Inc,ZHOUSGOURMETSYSTEMSINC,"[""LB-99534""]","[""VICTORIA SEAFOOD RESTAURANT""]","[""alcohol_license""]",Zhou’s Gourmet Systems,pending,pending
BH-e79323ad724949d4,Z&N LLC,ZNLLC,"[""LB-99683""]","[""Hao Shi Guang""]","[""alcohol_license""]",Z&N,pending,pending
