entity_name,aliases,entity_class,formation_jurisdiction,ohio_entity_number,status,ohio_or_property_address,parcel_or_property,epstein_role_or_nexus,wexner_role_or_nexus,date_range,verification_status,removal_or_exit_status,priority,key_evidence_refs,notes
"N.A. Property, Inc.","N A Property Inc.; New Albany Property Inc.; New Albany Property, Inc.",foreign corporation / development managing member,Delaware,832364,active,"5906 E Dublin-Granville Rd; 6525 W Campus Oval; 8000 Walton Pkwy; c/o Wexner Investment Co., 41 S High St","Managing/general-partner role in New Albany partnership filings; 2002 School House notice of commencement, but its fee-owner field is blank",President on five Ohio annual reports; signed the 1992 partnership filings as president of the New Albany managing/general partner,Wexner Investment Co. correspondence address; entity was part of New Albany Company structure,1992-present; Epstein role verified 1992-1998,primary Ohio filing and recorder images confirmed,A 2020 commissioned review says Epstein resigned in September 2007; underlying primary resignation record not located,confirmed,H482_0333;9309_1879;4270_1598;5374_0707;5907_0703;199927801808;199826701876;FRANKLIN-RECORDER:199212020237724;FRANKLIN-RECORDER:199212280252097;FRANKLIN-RECORDER:200203120064378;FINDING:14621;FINDING:14622;FINDING:14623,"The 2002 form's “None” lender response concerns only improvement financing and does not establish title, mortgage absence, or cash ownership."
The New Albany Investment Company,New Albany Investment Company,Ohio trade name,Ohio,linked to 832364,active renewals through 2025,"5906 E Dublin-Granville Rd, New Albany, OH",Trade name described as an investment holding company,"N.A. Property, Inc., then headed by Epstein, registered the trade name",Part of the New Albany/Wexner development structure,1995-present,primary Ohio filing image confirmed,Not applicable; trade name remains renewed,confirmed,5119_0009; 201510302102; 202010700834; 202509900834,"Treat as a trade name of N.A. Property, not a separate corporation without further evidence."
The New Albany Company LLC,The New Albany Company; The New Albany Company Limited Partnership,foreign LLC / master-development vehicle,Delaware,1034132,active,"5906 E Dublin-Granville Rd; later 8000 Walton Pkwy, New Albany, OH",Managed/excluded property portfolio; land and development projects,"Epstein signed as president of N.A. Property, Inc., the managing member and predecessor general partner","Leslie Wexner signed as managing member; Community Projects, Inc. was the other predecessor general partner",1998-present,primary Ohio filing images and corpus records confirmed,No reviewed filing removes Epstein or replaces the managing-member structure; later rows are agent/address changes,confirmed,199826701876; 199828200362; DOJ-OGR-00032938; DOJ-OGR-00032937,The 2005 portfolio schedule reported $98.5 million estimated value remaining but does not identify every project by full legal name.
The New Albany Company Limited Partnership,New Albany Co Ltd Partnership,limited partnership / predecessor development vehicle,unknown / Ohio registration,958102,merged out,"New Albany, OH",Large-acreage development and partnership instruments,"N.A. Property, Inc., signed by Epstein as president, was one general partner","Community Projects, Inc., signed by Wexner as president, was the other general partner",1992-1998,primary Ohio filing and recorder indexes confirmed,Merged into The New Albany Company LLC on 1998-10-07,confirmed,199212020237724; 199212280252097; 199826701876; 199828200362,Useful counterparty for Morsham and other acreage-assembly searches.
"Community Projects, Inc.",Community Projects Inc.,Ohio corporation / development general partner,Ohio,801367,dead / dissolved,"One Whitebarn Rd.; 5906 E Dublin-Granville Rd., New Albany, OH",Partnership release; no residential parcel verified,No officer role in the exact charter; appears beside Epstein-led N.A. Property as the other New Albany LP general partner,Wexner was president/director and signed for Community Projects as general partner,1991-1998,exact-charter primary images confirmed; contextual identity is high-confidence synthesis,"Dissolved 1998-11-12; the LP, not Community Projects, merged into the LLC",confirmed network link / no Epstein officer role,H177_0680; 199831701001; 199826701876; 199828200362; FRANKLIN-RECORDER:199809170236365; FINDING:14568; FINDING:14569,"The contextual partnership filing omits charter 801367 but matches exact name, Ohio jurisdiction, officer, dates, and addresses. Do not infer property title from the partnership record or no-personal-property affidavit."
"Parkview Financial, Inc.","LEWEX, INC.; Parkview Financial Inc.; Parkview Fincl Inc.",Ohio for-profit corporation,Ohio,623762,dead / dissolved,"41 S High St, Columbus, OH; original agent at 250 E Broad St","A 1984 Franklin deed's prior-mortgage field names PARKVIEW FINANCIAL and $20,622.43; no Ohio home parcel or identity match to charter 623762 is proven",Vice president and treasurer; signed the 1990 dissolution and affidavits,Wexner was director and president,1983-1990,primary Ohio filing images confirmed; recorder mention is a scoped identity lead,Corporation dissolved 1990-12-26,confirmed corporate role / recorder identity unresolved,F356_1315;F370_1761;F778_1849;H042_1308;FRANKLIN-RECORDER:198402080019674;FINDING:14628,"The former name LEWEX is the key historical-name pivot. The deed phrase alone does not prove that the mortgagee was Ohio charter 623762."
HHD & B LLC,"H.H.D.&B., LLC; HHD&B LLC; HHD AND B LLC; HHDB LLC",single-property residential holding LLC candidate,Ohio stated in deed,,current auditor owner,"5025 Dublin Granville Rd, New Albany, OH","Franklin parcel 222-001350-00; 30.368 acres; Rotunda House; later instruments cite it as a neighboring boundary",Epstein acquired the tract in 1992 and conveyed it to H.H.D.&B. in 1998; the deed does not identify LLC members,Property sits in the New Albany development area; no beneficial Wexner role proven,1992-present; LLC grantee from 1998,primary Franklin Recorder images plus current Auditor parcel confirmed,No reviewed record identifies the LLC's members or proves Epstein's control after conveyance; full parcel-lien sweep remains pending,confirmed single-property title chain,FRANKLIN-RECORDER:199211180228288;FRANKLIN-RECORDER:199805130116673;FRANKLIN-RECORDER:200112270301721;FRANKLIN-AUDITOR:222-001350-00;FINDING:14552;FINDING:14553;FINDING:14632,"Deed faces show $3,500 and $8,000 conveyance-tax stamps, not sale prices; separate Auditor sales fields report $3.5 million and $8 million. No reviewed exact-name-family mortgage encumbers 222-001350, but that is not a complete parcel-lien negative."
Morsham Land Corp.,Morsham Land Corporation,Ohio corporation / large-acreage land-assembly vehicle,Ohio,712296,dead / merged out,"41 S High St., Columbus; later c/o New Albany Company, 5906 E Dublin-Granville Rd., New Albany","1987-2016 deed/easement family; 50.086-acre acquisition; 35.686-acre and other dispositions; residual parcel 545-147940",No direct Epstein or Wexner appearance in the reviewed Morsham recorder family,Direct title counterparties include The New Albany Company Limited Partnership; later New Albany Company LLC affidavit claims ultimate succession to all Morsham real estate/assets,1987-2016,complete targeted Franklin family OCRed and decisive primary images reviewed,"Merged into Eastern Ohio Holding Company, Inc. on 1995-12-29; later ultimate title/asset succession to New Albany Company LLC is separately asserted in a 2016 affidavit",confirmed statutory merger plus title-successor chain,G290_1448;5422_1190;5422_1216;FRANKLIN-RECORDER:198801060052123;FRANKLIN-RECORDER:199611150229244;FRANKLIN-RECORDER:199702180037606;FRANKLIN-RECORDER:199702180037607;FRANKLIN-RECORDER:201604220049451;FRANKLIN-RECORDER:201604220049452;FINDING:14610;FINDING:14641;FINDING:14642;FINDING:14643;FINDING:14646,"Ohio packet 5422_1190 expressly names Eastern Ohio Holding Company as statutory survivor. Recorder recitals and the 2016 affidavit support later land-title/asset succession but do not collapse the intermediate corporate chain."
"Eastern Ohio Holding Company, Inc.",Eastern Ohio Holding Company; Ohio 855092,Ohio corporation / statutory merger survivor,Ohio,855092,post-1995 history unresolved,"5906 E Dublin-Granville Rd., New Albany, OH 43054","Received eight predecessor corporations by merger; later conveyed identified Morsham-derived tracts to The New Albany Company Limited Partnership",No Epstein or Wexner appearance in the reviewed merger packet or Morsham recorder family,New Albany Company received processing correspondence but was not a statutory constituent or survivor,1995-later history unresolved,primary Ohio merger packet and Franklin deed images confirmed,"Survived nine-party merger effective 1995-12-29; later corporate terminal action or bridge to New Albany LLC not yet located",confirmed statutory survivor / later-history pivot,5422_1190;FRANKLIN-RECORDER:199611150229244;FRANKLIN-RECORDER:199702180037606;FRANKLIN-RECORDER:199702180037607;FINDING:14642;FINDING:14646,"The merger form's name-change field is blank: Morsham did not simply rename itself Eastern Ohio. Specific land conveyances and New Albany LLC's later ultimate-successor assertion are separate from Eastern Ohio's corporate genealogy."
"ASW Holdings, Inc.",ASW Holdings Inc.; ASW Holdings,Delaware corporation / investment holding company,Delaware,,unresolved; exact Ohio name search returned zero,"6525 W Campus Oval, Suite 105, New Albany, OH",No property title verified,"President, director, and executive officer",Abigail Wexner was a director/executive officer; ASW Investments owned the company,1999-2000,SEC primary filing confirmed; bounded exact Ohio registry zero,Unresolved,confirmed non-Ohio corporation / registry follow-up,SEC:901359:000090951800000392; EFTA01262780,Do not merge with later ASW Holdings LLC namesakes.
ASW Investments,ASW Investments Trust,Ohio trust / parent holding vehicle,Ohio,,unresolved,"6525 W Campus Oval, Suite 105, New Albany, OH",No property title verified,"Indirect nexus through wholly owned ASW Holdings, where Epstein was president/director",Abigail Wexner was sole trustee; trust owned ASW Holdings,2000,SEC primary filing confirmed,Unresolved,high-priority trust/UCC search,SEC:901359:000090951800000392,Ordinary corporation search may not surface this trust.
"R.A. Property, Inc.",RA Property Inc.; R A Property Inc.; R.A. Properties Inc.,property or management company candidate,unknown,,unresolved,"423 W Campus Dr, Suite 180, New Albany, OH",No parcel or deed verified,"Indirect: NES, LLC paid the company $7,173.96 in November 2004; Epstein not named on the page",New Albany operational nexus only,2004,direct corpus financial record confirmed; registry and title unverified,Unresolved,high-priority candidate,EFTA01497064,"The monthly payment suggests management, rent, or another recurring service but does not prove property ownership."
New Albany Realty,New Albany Realty LLC?,subsidiary or operating-unit candidate,unknown,,unresolved,New Albany property-operations context,No parcel or deed verified,No direct Epstein role in the extracted line,Appears in a New Albany Company cash-flow report,2005,direct corpus label confirmed; legal form unverified,Unresolved,medium-priority candidate,EFTA00577400,The record says 'Subsidiary Funding' but gives no legal suffix.
L.A.W. Plantation Management Corp.,LAW Plantation Management Corp.; L A W Plantation Management Corp.,corporation / management candidate,unknown,,unresolved,"6525 W Campus Oval; 8000 Walton Pkwy, New Albany, OH",No Ohio property verified,Business-information reports list Epstein as CEO,Business-information reports list Indyke as secretary in the Wexner/New Albany address cluster,"1990s-2000s, exact dates unresolved",secondary business-information candidate only; primary registry access incomplete,Unresolved,high-priority primary verification,EFTA01387832; EFTA01480668,Do not promote the officer claims until a primary state filing is retrieved.
H.R.E.I. Trust,HREI Trust; H R E I Trust,Ohio investment trust,Ohio,,unresolved,"6525 W Campus Oval, Suite 105, New Albany, OH",No parcel verified,Co-trustee,Wexner co-trustee,2003-2004,SEC primary filing confirmed,Later shares transferred into R.H.R.E.I. Trust; exact trust termination unresolved,confirmed trust architecture,SEC:901359:000090951803000656; SEC:901359:000090951804000954,"Search trust, UCC, and assumed-name records rather than only corporations."
R.H.R.E.I. Trust,RHREI Trust; R H R E I Trust,Ohio investment trust,Ohio,,unresolved,"8000 Walton Pkwy, New Albany, OH",No parcel verified,"Controlled indirectly through Financial Trust Company, Inc., whose sole stockholder/director/president was Epstein",Held Limited Brands shares in the Wexner reporting group,2005-2006,SEC primary filing confirmed,"Existing records indicate a later trustee transition, but primary Ohio trust record not retrieved",confirmed trust architecture,SEC:901359:000090951805000716; SEC:901359:000090951806000816,Punctuation-free variants are essential.
Trust 600,Trust Six Hundred; 600 Trust,Ohio investment trust,Ohio,,unresolved,"8000 Walton Pkwy, New Albany, OH",No parcel verified,"Controlled indirectly through Financial Trust Company, Inc., whose sole stockholder/director/president was Epstein",Held Limited Brands shares in the Wexner reporting group,2005-2006,SEC primary filing confirmed,Primary Ohio trust record not retrieved,confirmed trust architecture,SEC:901359:000090951805000716; SEC:901359:000090951806000816,"Search business-trust, UCC, tax, and assumed-name indexes."
The Wexner Foundation,Wexner Foundation; Ohio 436405,foundation / nonprofit,Ohio / current EIN 23-7320631,436405,active,"41 S High St; later 6525 W Campus Oval, New Albany, OH",No parcel verified in this wave,SEC filing identifies Epstein as trustee; primary Ohio filing history remains pending,Wexner founder/trustee,1992-2007 reported Epstein role,"Official Ohio registry metadata, SEC primary filing, and later commissioned review","Exact Ohio charter established; Ohio trustee, merger, and removal packets not yet retrieved",high-confidence external-role candidate / primary Ohio history pending,OH-REGISTRY:436405; SEC:901359:000095010994000416; wexner_foundation_review; FINDING:14525; FINDING:14526,"Use historical board actions and nonprofit filings, not current officer lists. Do not code an Ohio-filing-confirmed role until the charter history is reviewed."
INN Investment Corp.,Inn Investment Corp.,Ohio for-profit corporation / hotel-partnership investor,Ohio,678033,dead / dissolved,"c/o Wexner Investment Co., 41 S High St., Suite 3710, Columbus, OH 43215","Limited-partner interest and stated obligations in BI Limited Partnership; no fee-title deed identified",President; signed the 1992 dissolution and related affidavits,Wexner was the listed director,1986-1992,primary Ohio filing and Franklin Recorder partnership images confirmed,Dissolved 1992-06-02 and withdrew from the hotel partnership in 1992; no corporate survivor,confirmed historical role / partnership investment,F891_1891;H363_1780;FRANKLIN-RECORDER:198608270148627;FRANKLIN-RECORDER:199204240104818;FINDING:14555;FINDING:14619;FINDING:14620,"The corporate filing's unnamed sole shareholder remains unknown. Partnership status and obligations do not establish fee title to the hotel land."
"Cherry Bottom Investors, Inc.",Cherry Bottom Investors Inc.; CBI; Ohio 719718,Ohio for-profit corporation / merger predecessor,Ohio,719718,dead / merged out,"41 S High St., Suite 2300, Columbus, OH 43215","Pre-merger corporate/partnership records; one 1991 easement uses the old name after merger but does not revive the corporation",President; signed the 1990 merger certificate and agreement,No Wexner role appears in the reviewed merger packet,1988-1990; stale name use in one 1991 easement,full Ohio filing and targeted Franklin recorder family images reviewed,"Merged into Cherry Bottom Properties, Inc. on 1990-08-31",confirmed historical role and merger,G337_1113;G946_1533;G946_1539;G946_1531;FRANKLIN-RECORDER:199109130145233;FINDING:14556;FINDING:14597;FINDING:14607;FINDING:14608,"The substantive agreement expressly names Properties as survivor. The later easement lacks revival or successor language and is treated as stale-name execution."
"Cherry Bottom Properties, Inc.",Cherry Bottom Properties Inc.; CBP,Ohio for-profit corporation / merger survivor and landholding vehicle,Ohio,719719,dead / dissolved,"41 S High St., Suite 2300, Columbus; later New Albany; c/o N.A. Property, Inc., 5906 E Dublin-Granville Rd.","Multiple Franklin tracts and commercial/development instruments; 33.664-acre KG conveyance; Gahanna medical-office tract; later Wexner-signed dispositions",Vice president at the 1990 merger; Epstein executed the 1991 KG and 1992 Gahanna deeds as vice president,Wexner was sole listed director/president at dissolution and signed later 1997-1998 deeds as president,1988-1998,complete targeted Franklin family: 25 instruments / 162 pages OCRed and decisive images reviewed,Survived Investors merger 1990-08-31; dissolved 1998-12-28,confirmed historical roles / property and financing chain,G337_1120;G946_1531;G946_1533;199836304760;FRANKLIN-RECORDER:199110040159339;FRANKLIN-RECORDER:199110040159341;FRANKLIN-RECORDER:199307120168459;FINDING:14616;FINDING:14617;FINDING:14618;FINDING:14624;FINDING:14625;FINDING:14626;FINDING:14631,"Its $1.08 million seller mortgage to KG was later satisfied. Nominal consideration and conveyance-tax stamps are not treated as sale prices; corporate signatures do not prove beneficial ownership."
"Architonics, Inc.",Architonics Inc.,Ohio for-profit corporation / 23-company merger survivor,Ohio,713548,dead / dissolved after surviving merger,"Formation: Dublin, Franklin County; original agent 475 Metro Place North, Suite 200; dissolution: SKWR, 41 S. High St., 23rd Floor, Columbus",Recorder index: 24.642 acres acquired from Ted R. Meteer on 1987-12-08; 24.642 acres conveyed to New Albany Co. on 1989-12-28; a second multi-tract deed to New Albany Co. recorded 1989-12-29,No Epstein role appears in the complete exact-charter history,No Wexner role appears in the complete exact-charter history,1987-12-07 to 1989-12-29,complete Ohio corporate history plus official Franklin recorder index hits confirmed; deed images pending,"Survived the 23-company merger 1989-12-22, made indexed conveyances to New Albany Co. on 1989-12-28 and 1989-12-29, and dissolved 1989-12-29; completeness and predecessor parcel origins unresolved","highest-priority deed-image, predecessor-parcel, and final-distribution follow-up",G284_0971;G774_0107;G805_0277;FINDING:14558;FINDING:14593;FRANKLIN-RECORDER:198712080212780;FRANKLIN-RECORDER:198912280188790;FRANKLIN-RECORDER:198912290189094;FINDING:14602,"The two post-merger deed dates are strong temporal and disposition evidence, but the index alone does not show which predecessor supplied a parcel, whether every vested asset was conveyed, or who beneficially owned the entities."
"LEWEX, Inc.",LEWEX INC.; Samax Trading Corporation; Samax Trading Corp.; Ohio charter 658220,Ohio for-profit corporation,Ohio,658220,dead / dissolved,"Agent at 250 E Broad St. then 41 S High St.; later officers c/o Wexner Investment Company, 41 S High St., Suite 3710, Columbus",No parcel or deed verified,Vice president and treasurer; signed the 1992 dissolution,Wexner was director and president,1985-1992,full available Ohio filing history reviewed; one miscellaneous row unavailable,Dissolved 1992-12-22; no corporate survivor,confirmed historical role,F688_0728; F771_0253; G279_0229; G279_0236; H503_1252; FINDING:14561; FINDING:14595,Exact-charter alias: Samax Trading Corporation became LEWEX in 1987. Earlier filings do not name Epstein or Wexner. The name change and later officer roster do not reveal when control changed.
"West First Plaza, Inc.",West First Plaza Inc.,Ohio for-profit corporation,Ohio,777500,dead / dissolved,"c/o Wexner Investment Company, 41 S High St., Suite 3710; vice president c/o New Albany Realty Corp., 5757 Johnstown Rd.",No Franklin exact-party or tested OCR hit in the exhaustive target search,President; signed the 1992 dissolution and affidavits,Wexner was the listed director,1990-1992,primary Ohio articles/dissolution images plus bounded Franklin zero,Dissolved 1992-12-22; no corporate survivor,confirmed historical role / bounded property-search zero,G909_1798;H503_1258;FINDING:14560,"The zero applies only to the searched Franklin name variants and OCR corpus; it is not proof the entity never held property elsewhere or under another name."
"Park Properties, Inc.",Park Properties Inc.; Ohio 626053,Ohio for-profit corporation / partnership general partner and lender,Ohio,626053,dead / dissolved,"Agent at 250 E Broad St. then 41 S High St.; later officers c/o Wexner Investment Company, 41 S High St., Suite 3710, Columbus","C.H. Development Group financing tied to five Columbus lot groups; Park was general partner/mortgagee, not shown as fee owner",Vice president in 1992 dissolution; no Epstein signature in the reviewed recorder family,Wexner was sole director/president in 1992 dissolution; no Wexner signature in reviewed recorder family,1984-1992,17-instrument Franklin family reconstructed; decisive images reviewed and four UCC pages unavailable,Dissolved 1992-12-22; mortgage fully satisfied in 1990; no merger or assignment shown,confirmed corporate role / financing chain,F377_0978;F771_0256;H526_0788;FRANKLIN-RECORDER:198402030051783;FRANKLIN-RECORDER:199002200063673;FINDING:14639;FINDING:14640,"One partnership loan was capped at $5 million; Fried guaranteed 23% and his mortgage cap was $1.15 million. Two later apparent $5 million hits were corrected duplicate recordings, not separate loans."
C-Wren Investment Corp.,C-Wren Investment Corporation; C Wren Investment Corp.; Ohio 803531,Ohio for-profit corporation / KG Partners member,Ohio,803531,dead / dissolved,"c/o Wexner Investment Company, 41 S High St., Suite 3710, Columbus, OH 43215","Through KG Partners, the 33.664-acre Christopher Wren Apartments tract and related financing/easement/dedication chain",Vice president/treasurer in dissolution; signed 1991 KG certificate and 1993 Columbus right-of-way deed as C-Wren vice president,Wexner was sole director/president in dissolution; no beneficial property interest is stated,1991-1993,Ohio history plus complete 19-instrument KG family; 17 image-reviewed and 2 image-unavailable UCC releases,Dissolved 1993-12-30; no corporate merger; KG's recorded Bank One and Cherry mortgages were released in 1993,confirmed corporate role / partnership property chain,H205_0694;9420_1032;FRANKLIN-RECORDER:199110040159108;FRANKLIN-RECORDER:199110040159339;FRANKLIN-RECORDER:199305130127826;FRANKLIN-RECORDER:199307090167426;FINDING:14644;FINDING:14645,"KG's 50% qualified LP allocation is not allocated between K-L and C-Wren. Epstein's signatures establish corporate capacity, not beneficial ownership."
"PFI Leasing, Inc.",PFI Leasing Inc.,Ohio for-profit corporation,Ohio,624047,dead / dissolved,"c/o Wexner Investment Co., 41 S High St., Suite 3710, Columbus, OH 43215",No Franklin exact-party or tested OCR hit; no leased asset identified,Vice president and treasurer; signed the 1990 dissolution,Wexner was director and president,1983-1990,primary Ohio dissolution image plus bounded Franklin zero,Dissolved 1990-12-26; no corporate survivor,confirmed historical role / bounded property-search zero,H043_1630;FINDING:14564,"The Franklin zero does not exclude assets indexed under a lessor, address, former name, or another county."
Rocky Fork Development Corporation,Rocky Fork Development Corp.,Ohio for-profit corporation / merger survivor and New Albany general partner,Ohio,706978,dead / dissolved,"41 S High St., Columbus; later c/o Wexner Investment Company, Suite 3710","Four 1987 merger-successor deeds tie Hinson, Brewer Farms, Central Falls, and Bearce Hollow land to New Albany; later easement/development instruments",Vice president at dissolution; signed a 1991 amended New Albany partnership certificate as Rocky Fork president and Community Projects vice president,Wexner was sole director/president in the 1992 dissolution,1987-1992,complete targeted 12-instrument Franklin family OCRed and decisive images reviewed,"Recorder deeds identify Rocky Fork as successor by merger to four predecessors; December 1992 confirmatory deed transferred New Albany partnership assets to the Delaware LP; Rocky Fork dissolved 1992-12-29",confirmed merger/property/partnership chain,G313_0688;H509_0296;FRANKLIN-RECORDER:198712310221397;FRANKLIN-RECORDER:198712310221398;FRANKLIN-RECORDER:198712310221399;FRANKLIN-RECORDER:198712310221400;FRANKLIN-RECORDER:199212080242110;FINDING:14633;FINDING:14634;FINDING:14636,"The 1987 deeds resolve the recorder/title successor for four predecessors, but do not by themselves replace or expand the statutory corporate merger filings. Officer signatures prove capacity, not beneficial ownership."
City Centre Investment Corp.,City Centre Investment Corporation,Ohio for-profit corporation / hotel-investment vehicle,Ohio,712332,dead / dissolved,"c/o Wexner Investment Co., Suite 3710, 41 South High Street, Columbus, OH 43215","1987 limited-partnership structure; 1994 deed of parcel 010-139305 to Columbus Hospitality Associates, Limited Partnership",President in the 1994 dissolution officer list,Wexner was the listed director,1987-1994,primary Ohio and Franklin Recorder images confirmed,Dissolved 1994-12-28; 1995 partnership cancellation says assets were distributed but does not name the recipient,confirmed historical role / property disposition,5024_1021;FRANKLIN-RECORDER:198712310221555;FRANKLIN-RECORDER:199412210263357;FRANKLIN-RECORDER:199501200051915;FINDING:14629;FINDING:14630,"The deed's $1 recital and $5,420 conveyance-tax figure are not treated as a sale price. The partnership cancellation does not identify who received any remaining assets."
Wexner Investment Company,Wexner Investment Co.,Ohio for-profit corporation / operational hub candidate,Ohio,715158,dead / dissolved,"Suite 3710, 41 South High Street, Columbus, OH 43215",No parcel or deed verified,No Epstein role appears in the reviewed 1994 dissolution; any earlier role remains unverified,Wexner was the listed director; company supplied the common officer mailing address for multiple entities,1987-1994,primary terminal packet reviewed; earlier-role claim unresolved,Dissolved 1994-12-29,primary terminal negative / earlier filing follow-up,G299_0512; H703_1588; 5028_0684,"Outside the Snow export. The dissolution lists Peggy Ugland as vice president, Jeffrey J. Smith as secretary, and Robert S. Schwartz as statutory agent, but no Epstein; review articles and earlier corporate records before accepting a historical officer claim."
"ESPER, INC.",Esper Inc.; Florida P12512,Ohio corporation / cross-registry operating-company candidate,Ohio,686166,dead / dissolved,"41 South High St., Suite 3710, Columbus, OH 43215",No parcel or real-property instrument verified,No Epstein role appears in the available exact-charter packets,Address and officer group overlap the verified Wexner corporate-administration orbit; no direct Wexner role in the packets,1986-1988,primary Ohio images confirmed; Florida identity is high-confidence synthesis,Dissolved 1988-02-29; two Ohio history images unavailable,cross-registry network candidate,G011_0438; G343_1665; SUNBIZ:P12512; FINDING:14567,"Florida P12512 repeats Ohio formation, the Suite 3710 address, and Levin/Campbell/Kessler/McCoy, but does not print Ohio charter 686166. CT Corporation's Florida agent address is not evidence of Plantation operations."
"Northeast Franklin Company, Inc.",Northeast Franklin Company Inc.,Ohio corporation / administrative-cluster candidate,Ohio,710453,dead / dissolved,"475 Metro Place North, Dublin; later 41 S High St., 23rd Floor, Columbus",No parcel or deed verified,No Epstein role appears in the complete available packets,No Wexner role appears in the complete available packets,1987-1988,primary Ohio articles and dissolution images confirmed,Dissolved 1988-12-28; sole shareholder unnamed,bounded filing negative / property follow-up,G255_1344;G532_1162;FINDING:14572;OH-SOS:728764:G532_0974,"Snow appears directly as secretary/director, not proven agent, in the linked dissolution packet. Common law-firm administration does not establish ownership; the no-personal-property affidavit does not address real estate. Argotron G532_0974 p.7 establishes inclusion in a 46-company administrative dissolution batch; it does not establish common ownership, common control, a shared property portfolio, or beneficial ownership."
"New Albany Properties, Inc.",New Albany Properties Inc.; Ohio 710695,Ohio corporation / name-led property candidate,Ohio,710695,dead / dissolved,"475 Metro Place North, Dublin; later 41 S High St., 23rd Floor, Columbus",No parcel or deed verified,No Epstein role appears in the complete available packets,No Wexner role appears in the complete available packets,1987-1988,primary Ohio articles and dissolution images confirmed,Dissolved 1988-12-28; sole shareholder unnamed,identity-guardrail / property follow-up,G257_1502;G532_1150;FINDING:14573;OH-SOS:728764:G532_0974,"Legally distinct from N.A. Property, Inc., Ohio 832364. Common name and counsel are leads only; the no-personal-property affidavit does not address real estate. Argotron G532_0974 p.7 establishes inclusion in a 46-company administrative dissolution batch; it does not establish common ownership, common control, a shared property portfolio, or beneficial ownership."
"New Albany Cardinal Associates, Inc.",New Albany Cardinal Associates Inc.,Ohio corporation / verified merger predecessor,Ohio,749169,dead / merged out,"41 S High St., Columbus; MEX status returned to 5906 E Dublin-Granville Rd., New Albany",No parcel or deed verified,No Epstein role appears in the available exact-charter or merger packets,New Albany Company received the processing document but was not a named merger constituent,1989-1995,primary available Ohio images and substantive merger certificate confirmed,Merged into Eastern Ohio Holding Company 1995-12-29; two earlier history images unavailable,confirmed successor-aware property pivot,G621_0906;5422_1190;5422_1201;FINDING:14571;FINDING:14646,"The substantive certificate, not the return block, proves the Eastern Ohio edge. Search Cardinal through the merger date and Eastern Ohio afterward."
"Autumn Acres, Inc.",Autumn Acres Inc.; Ohio 706250,Ohio corporation / merger survivor and property-successor candidate,Ohio,706250,dead / dissolved,"41 S High St., Suite 2300, Columbus, OH 43215",No parcel or deed verified; generic merger succession only,No Epstein role appears in the reviewed articles or merger packet,No Wexner role appears in the reviewed articles or merger packet,1987-1990,primary Ohio articles and merger images confirmed; next-day dissolution image unavailable,Survived seven-company merger 1990-12-28; portal shows dissolution 1990-12-29,high-priority successor and disposition pivot,G290_1405; H052_1482; G052_1517; FINDING:14575,Any predecessor property vested in Autumn by operation of law. The unavailable next-day dissolution prevents identifying the ultimate asset recipient.
"Blackford Investments, Inc.",Blackford Investments Inc.; Ohio 709782,Ohio corporation / investment-name property candidate,Ohio,709782,dead / dissolved,"41 S High St., Suite 2300 and later 23rd Floor, Columbus, OH 43215",No parcel or deed verified,No Epstein role appears in the complete articles and dissolution packets,No Wexner role appears in the complete articles and dissolution packets,1987-1988,primary Ohio images confirmed,Dissolved 1988-12-28; sole shareholder unnamed,bounded filing negative / property follow-up,G290_1412;G532_0982;FINDING:14576;OH-SOS:728764:G532_0974,"Law-firm officers and directors do not establish beneficial ownership. The no-personal-property affidavit does not address real estate. Argotron G532_0974 p.7 establishes inclusion in a 46-company administrative dissolution batch; it does not establish common ownership, common control, a shared property portfolio, or beneficial ownership."
"Blendon Farms, Inc.",Blendon Farms Inc.; Ohio 711268,Ohio corporation / land-name property candidate,Ohio,711268,dead / dissolved,"41 S High St., Suite 2300 and later 23rd Floor, Columbus, OH 43215",No parcel or deed verified,No Epstein role appears in the complete articles and dissolution packets,No Wexner role appears in the complete articles and dissolution packets,1987-1988,primary Ohio images confirmed,Dissolved 1988-12-28; sole shareholder unnamed,bounded filing negative / property follow-up,G290_1424;G532_0988;FINDING:14576;OH-SOS:728764:G532_0974,"Law-firm officers and directors do not establish beneficial ownership. The no-personal-property affidavit does not address real estate. Argotron G532_0974 p.7 establishes inclusion in a 46-company administrative dissolution batch; it does not establish common ownership, common control, a shared property portfolio, or beneficial ownership."
Harlem Investment Corporation,Harlem Investment Corp.; Ohio 712106,Ohio corporation / investment-name property candidate,Ohio,712106,dead / dissolved,"41 S High St., Suite 2300 and later 23rd Floor, Columbus, OH 43215",No parcel or deed verified,No Epstein role appears in the complete articles and dissolution packets,No Wexner role appears in the complete articles and dissolution packets,1987-1988,primary Ohio images confirmed,Dissolved 1988-12-28; sole shareholder unnamed,bounded filing negative / property follow-up,G290_1430;G532_1096;FINDING:14576;OH-SOS:728764:G532_0974,"Law-firm officers and directors do not establish beneficial ownership. The no-personal-property affidavit does not address real estate. Argotron G532_0974 p.7 establishes inclusion in a 46-company administrative dissolution batch; it does not establish common ownership, common control, a shared property portfolio, or beneficial ownership."
"Ivy Hearth Properties, Inc.",Ivy Hearth Properties Inc.; Ohio 712170,Ohio corporation / property-name candidate,Ohio,712170,dead / dissolved,"41 S High St., Suite 2300 and later 23rd Floor, Columbus, OH 43215",No parcel or deed verified,No Epstein role appears in the complete articles and dissolution packets,No Wexner role appears in the complete articles and dissolution packets,1987-1988,primary Ohio images confirmed,Dissolved 1988-12-28; sole shareholder unnamed,bounded filing negative / property follow-up,G290_1436;G532_1108;FINDING:14576;OH-SOS:728764:G532_0974,"Law-firm officers and directors do not establish beneficial ownership. The no-personal-property affidavit does not address real estate. Argotron G532_0974 p.7 establishes inclusion in a 46-company administrative dissolution batch; it does not establish common ownership, common control, a shared property portfolio, or beneficial ownership."
"Rockyriver Properties, Inc.",Rockyriver Properties Inc.; Ohio 712441,Ohio corporation / property-name candidate,Ohio,712441,dead / dissolved,"41 S High St., Suite 2300 and later 23rd Floor, Columbus, OH 43215",No parcel or deed verified,No Epstein role appears in the complete articles and dissolution packets,No Wexner role appears in the complete articles and dissolution packets,1987-1988,primary Ohio images confirmed,Dissolved 1988-12-28; sole shareholder unnamed,bounded filing negative / property follow-up,G290_1454;G532_1210;FINDING:14576;OH-SOS:728764:G532_0974,"The dissolution scan is out of page order but complete. The no-personal-property affidavit does not address real estate. Argotron G532_0974 p.7 establishes inclusion in a 46-company administrative dissolution batch; it does not establish common ownership, common control, a shared property portfolio, or beneficial ownership."
"Deerfield Meadows, Inc.",Deerfield Meadows Inc.; Ohio 714676,Ohio corporation / merged land-name candidate,Ohio,714676,dead / merged out,"41 S High St., Suite 2300, Columbus, OH 43215",No parcel or deed verified; generic merger succession only,"No Epstein role appears in the reviewed articles, merger, or MEX packets","No Wexner role appears in the reviewed articles, merger, or MEX packets",1987-1990,primary Ohio images confirmed,Merged into Autumn Acres 1990-12-28; sole shareholder unnamed,successor-chain property pivot,G294_1118; H052_1482; H052_1489; FINDING:14575,Search the predecessor through the merger date and Autumn Acres afterward; the filings identify no actual parcel.
Landes Management Corporation,Landes Management Corp.; Ohio 724617,Ohio corporation / merged management and property-successor candidate,Ohio,724617,dead / merged out,"41 S High St., Suite 2300, Columbus, OH 43215",No parcel or deed verified; generic merger succession only,"No Epstein role appears in the reviewed articles, merger, or MEX packets","No Wexner role appears in the reviewed articles, merger, or MEX packets",1988-1990,primary Ohio images confirmed,Merged into Autumn Acres 1990-12-28; sole shareholder unnamed,successor-chain property pivot,G379_0229; H052_1482; H052_1492; FINDING:14575,Search the predecessor through the merger date and Autumn Acres afterward; the filings identify no actual parcel.
Maycor Incorporated,Maycor Inc.; Ohio 724618,Ohio corporation / merged administrative candidate,Ohio,724618,dead / merged out,"41 S High St., Suite 2300, Columbus, OH 43215",No parcel or deed verified; generic merger succession only,"No Epstein role appears in the reviewed articles, merger, or MEX packets","No Wexner role appears in the reviewed articles, merger, or MEX packets",1988-1990,primary Ohio images confirmed,Merged into Autumn Acres 1990-12-28; sole shareholder unnamed,successor-chain property pivot,G379_0235; H052_1482; H052_1495; FINDING:14575,Search the predecessor through the merger date and Autumn Acres afterward; the filings identify no actual parcel.
"New Albany 74, Inc.","New Albany 84, Inc.; New Albany 74 Inc.; Ohio 698295",Ohio corporation / renamed New Albany land-assembly candidate,Ohio,698295,dead / merged out,"475 Metro Place North, Suite 200, Dublin, OH 43017-1374; SKWR filing route",No parcel or deed verified; generic merger succession only,"No Epstein role appears in the reviewed formation, amendment, merger, or MEX packets","No Wexner role appears in the reviewed formation, amendment, merger, or MEX packets",1987-1990,primary Ohio images confirmed,Renamed from New Albany 84 on 1987-04-16; merged into Autumn Acres 1990-12-28,high-priority alias and successor property pivot,G131_1185; G148_0780; H052_1482; H052_1498; FINDING:14575; FINDING:14577,"One charter, not two entities. Search both names before the merger and Autumn Acres after it; unnamed shareholders do not establish beneficial ownership."
"129 Associates, Inc.",129 Associates Inc.; Ohio 698296,Ohio corporation / merged property candidate,Ohio,698296,dead / merged out,"475 Metro Place North, Suite 200, Dublin, OH 43017-1374; SKWR filing route",No parcel or deed verified; generic merger succession only,"No Epstein role appears in the reviewed articles, merger, or MEX packets","No Wexner role appears in the reviewed articles, merger, or MEX packets",1987-1990,primary Ohio images confirmed,Merged into Autumn Acres 1990-12-28; sole shareholder unnamed,successor-chain property pivot,G131_1191; H052_1482; H052_1501; FINDING:14575,Sequential charter with New Albany 84/74 supports a formation batch but not common ownership.
Rockyridge Development Corp.,Rockyridge Development Corporation; Ohio 714669,Ohio corporation / merged development candidate,Ohio,714669,dead / merged out,"41 S High St., Suite 2300, Columbus, OH 43215",No parcel or deed verified; generic merger succession only,"No Epstein role appears in the reviewed articles, merger, or MEX packets","No Wexner role appears in the reviewed articles, merger, or MEX packets",1987-1990,primary Ohio images confirmed,Merged into Autumn Acres 1990-12-28; sole shareholder unnamed,successor-chain property pivot,G294_1075; H052_1482; H052_1504; FINDING:14575,Search the predecessor through the merger date and Autumn Acres afterward; the filings identify no actual parcel.
"Tumbleweed Estates, Inc.",Tumbleweed Estates Inc.; Ohio 714671,Ohio corporation / merged estate-name candidate,Ohio,714671,dead / merged out,"41 S High St., Suite 2300, Columbus, OH 43215",No parcel or deed verified; generic merger succession only,"No Epstein role appears in the reviewed articles, merger, or MEX packets","No Wexner role appears in the reviewed articles, merger, or MEX packets",1987-1990,primary Ohio images confirmed,Merged into Autumn Acres 1990-12-28; sole shareholder unnamed,successor-chain property pivot,G294_1088; H052_1482; H052_1507; FINDING:14575,Search the predecessor through the merger date and Autumn Acres afterward; the filings identify no actual parcel.
"Bearce Hollow, Inc.",Bearce Hollow Inc.; Ohio 689665,Ohio corporation / merged land-name candidate,Ohio,689665,dead / merged out,"Columbus, Franklin County; SKWR filing and service routes at 41 S High St.",No parcel or deed verified; any property passed to Rocky Fork in 1987,No Epstein role appears in the reviewed exact-charter packets,No Wexner role appears in the reviewed exact-charter packets; Wexner later led survivor Rocky Fork,1986-1987,primary Ohio full-history and reciprocal merger images confirmed,Merged into Rocky Fork Development Corporation 1987-12-31; sole shareholder unnamed,confirmed network successor and property pivot,G043_1718; G296_1202; G313_0688; G313_0695; FINDING:14578; FINDING:14565,All 21 pages were visually reviewed. Snow appears only as statutory agent. The agreement describes a mutual shareholder but names no person; no actual parcel is identified.
"Plain Designs, Incorporated",Plain Designs Inc.; Ohio 713839,Ohio corporation / agent-date administrative cluster,Ohio,713839,dead / dissolved,"41 S High St., 23rd Floor, Columbus, OH 43215",No parcel or deed verified,No Epstein role appears in the complete packets,No Wexner role appears in the complete packets,1987-1988,primary Ohio articles and dissolution images confirmed,Dissolved 1988-12-28; sole shareholder unnamed,bounded filing negative / low-priority property search,G287_0729;G532_1174;FINDING:14574;OH-SOS:728764:G532_0974,"Snow was incorporator/agent and later secretary; Schwartz and Rubenstein were officers. Shared template and counsel do not establish ownership. Argotron G532_0974 p.7 establishes inclusion in a 46-company administrative dissolution batch; it does not establish common ownership, common control, a shared property portfolio, or beneficial ownership."
"Hareck Enterprises, Inc.",Hareck Enterprises Inc.; Ohio 713840,Ohio corporation / agent-date administrative cluster,Ohio,713840,dead / dissolved,"41 S High St., 23rd Floor, Columbus, OH 43215",No parcel or deed verified,No Epstein role appears in the complete packets,No Wexner role appears in the complete packets,1987-1988,primary Ohio articles and dissolution images confirmed,Dissolved 1988-12-28; sole shareholder unnamed,bounded filing negative / low-priority property search,G287_0735;G532_1090;FINDING:14574;OH-SOS:728764:G532_0974,"Snow was incorporator/agent and later secretary; Schwartz and Rubenstein were officers. Shared template and counsel do not establish ownership. Argotron G532_0974 p.7 establishes inclusion in a 46-company administrative dissolution batch; it does not establish common ownership, common control, a shared property portfolio, or beneficial ownership."
"Maplegrove Properties, Inc.",Maplegrove Properties Inc.; Ohio 713841,Ohio corporation / name-led property candidate,Ohio,713841,dead / dissolved,"41 S High St., 23rd Floor, Columbus, OH 43215",No parcel or deed verified,No Epstein role appears in the complete packets,No Wexner role appears in the complete packets,1987-1988,primary Ohio articles and dissolution images confirmed,Dissolved 1988-12-28; sole shareholder unnamed,bounded filing negative / property search,G287_0741;G532_1132;FINDING:14574;OH-SOS:728764:G532_0974,"Snow was incorporator/agent and later secretary; Schwartz and Rubenstein were officers. Shared template and counsel do not establish ownership. Argotron G532_0974 p.7 establishes inclusion in a 46-company administrative dissolution batch; it does not establish common ownership, common control, a shared property portfolio, or beneficial ownership."
"Redwood Stables, Inc.",Redwood Stables Inc.; Ohio 713842,Ohio corporation / name-led property candidate,Ohio,713842,dead / dissolved,"41 S High St., 23rd Floor, Columbus, OH 43215",No parcel or deed verified,No Epstein role appears in the complete packets,No Wexner role appears in the complete packets,1987-1988,primary Ohio articles and dissolution images confirmed,Dissolved 1988-12-28; sole shareholder unnamed,bounded filing negative / property search,G287_0747;G532_1192;FINDING:14574;OH-SOS:728764:G532_0974,"Snow was incorporator/agent and later secretary; Schwartz and Rubenstein were officers. Shared template and counsel do not establish ownership. Argotron G532_0974 p.7 establishes inclusion in a 46-company administrative dissolution batch; it does not establish common ownership, common control, a shared property portfolio, or beneficial ownership."
"Eastside Industrial, Inc.",Eastside Industrial Inc.; Ohio 689908,Ohio corporation / merger survivor and industrial-name candidate,Ohio,689908,dead / survived merger then dissolved,"Columbus, Franklin County; 41 S High St., Suite 3710 and Suite 2300",No parcel or deed verified; succeeded to any Great Eastern property on 1989-12-22,No Epstein role appears in the seven reviewed Eastside/Great Eastern packets,No Wexner role appears in the seven reviewed Eastside/Great Eastern packets,1986-1989,"primary Ohio full-history, merger, and dissolution images confirmed",Survived Great Eastern merger 1989-12-22; dissolved 1989-12-29; sole shareholder unnamed,successor-chain property pivot / bounded filing negative,G046_1780; G296_1217; G769_0688; G805_0338; FINDING:14579,Harold L. Levin was president and sole director at dissolution; Stanley Schwartz Jr. was secretary and Snow agent. No-personal-property language does not rule out real estate or identify an asset recipient.
Great Eastern Fastening Corp.,Great Eastern Fastening Corporation; Ohio 689907,Ohio corporation / merged industrial-name candidate,Ohio,689907,dead / merged out,"Columbus, Franklin County; SKWR filing route at 41 S High St.",No parcel or deed verified; any property passed to Eastside in 1989,No Epstein role appears in the seven reviewed Eastside/Great Eastern packets,No Wexner role appears in the seven reviewed Eastside/Great Eastern packets,1986-1989,primary Ohio full-history and reciprocal merger images confirmed,Merged into Eastside Industrial 1989-12-22; sole shareholder unnamed,successor-chain property pivot / bounded filing negative,G046_1772; G296_1223; G769_0688; G769_0695; FINDING:14579,The exact-charter MEX packet omits the survivor; the substantive agreement supplies the edge. Search Great Eastern through the merger date and Eastside afterward.
"Carlisle Meadows, Inc.",Carlisle Meadows Inc.; Ohio 689663,Ohio corporation / land-name property candidate,Ohio,689663,dead / dissolved,"Columbus, Franklin County; CT Corporation System at Carew Tower, Cincinnati; later 41 S High St., Suite 2300/23rd Floor, Columbus, OH 43215",No parcel or deed verified,"No Epstein role appears in the complete formation, agent-change, and dissolution packets","No Wexner role appears in the complete formation, agent-change, and dissolution packets",1986-1988,primary Ohio images confirmed,Dissolved 1988-12-28; sole shareholder unnamed,bounded filing negative / property follow-up,G043_1702;G296_1208;G532_0994;FINDING:14580;OH-SOS:728764:G532_0974,"Shared law-firm administration does not establish beneficial ownership. The no-personal-property affidavit does not address real estate; no asset recipient is named. Argotron G532_0974 p.7 establishes inclusion in a 46-company administrative dissolution batch; it does not establish common ownership, common control, a shared property portfolio, or beneficial ownership."
"Daiseyland Farms, Inc.","Daiseyland Farms Inc.; Daisyland Farms, Inc. (1990 dissolution spelling); Ohio 689454",Ohio corporation / land-name property candidate,Ohio,689454,dead / dissolved,"Columbus, Franklin County; CT Corporation System at Carew Tower, Cincinnati; later 41 S High St., Suites 1750 and 2300, Columbus, OH 43215",No parcel or deed verified,"No Epstein role appears in the complete formation, agent-change, and dissolution packets","No Wexner role appears in the complete formation, agent-change, and dissolution packets",1986-1990,primary Ohio images confirmed,Dissolved 1990-12-28; sole shareholder unnamed,bounded filing negative / property follow-up,G041_1751; G296_1214; H052_1510; FINDING:14580,"The terminal packet's Daisyland spelling is a search alias, not proof of a legal name change. Snow's vice-president and agent roles do not establish ownership. The no-personal-property affidavit does not address real estate."
"Frontier Hills, Inc.",Frontier Hills Inc.; Ohio 689662,Ohio corporation / land-name property candidate,Ohio,689662,dead / dissolved,"Columbus, Franklin County; CT Corporation System at Carew Tower, Cincinnati; later 41 S High St., Suite 2300/23rd Floor, Columbus, OH 43215",No parcel or deed verified,"No Epstein role appears in the complete formation, agent-change, and dissolution packets","No Wexner role appears in the complete formation, agent-change, and dissolution packets",1986-1988,primary Ohio images confirmed,Dissolved 1988-12-28; sole shareholder unnamed,bounded filing negative / property follow-up,G043_1694;G296_1195;G532_1066;FINDING:14580;OH-SOS:728764:G532_0974,"Shared law-firm administration does not establish beneficial ownership. The no-personal-property affidavit does not address real estate; no asset recipient is named. Argotron G532_0974 p.7 establishes inclusion in a 46-company administrative dissolution batch; it does not establish common ownership, common control, a shared property portfolio, or beneficial ownership."
"Gahanna Trucking, Inc.",Gahanna Trucking Inc.; Ohio 689906,Ohio corporation / trucking-name operational or property candidate,Ohio,689906,dead / dissolved,"Columbus, Franklin County; CT Corporation System at Carew Tower, Cincinnati; later 41 S High St., Suite 2300/23rd Floor, Columbus, OH 43215",No parcel or deed verified,"No Epstein role appears in the complete formation, agent-change, and dissolution packets","No Wexner role appears in the complete formation, agent-change, and dissolution packets",1986-1988,primary Ohio images confirmed,Dissolved 1988-12-28; sole shareholder unnamed,bounded filing negative / property follow-up,G046_1764;G296_1220;G532_1072;FINDING:14580;OH-SOS:728764:G532_0974,"The formation cover letter proves a filing batch with Great Eastern Fastening and Eastside Industrial, not ownership. The no-personal-property affidavit does not address real estate; no asset recipient is named. Argotron G532_0974 p.7 establishes inclusion in a 46-company administrative dissolution batch; it does not establish common ownership, common control, a shared property portfolio, or beneficial ownership."
"Greystone Acres, Inc.",Greystone Acres Inc.; Ohio 689446,Ohio corporation / land-name property candidate,Ohio,689446,dead / dissolved,"Columbus, Franklin County; CT Corporation System at Carew Tower, Cincinnati; later 41 S High St., Suite 2300/23rd Floor, Columbus, OH 43215",No parcel or deed verified,"No Epstein role appears in the complete formation, agent-change, and dissolution packets","No Wexner role appears in the complete formation, agent-change, and dissolution packets",1986-1988,primary Ohio images confirmed,Dissolved 1988-12-28; sole shareholder unnamed,bounded filing negative / property follow-up,G041_1688;G296_1199;G532_1084;FINDING:14580;OH-SOS:728764:G532_0974,"Shared law-firm administration does not establish beneficial ownership. The no-personal-property affidavit does not address real estate; no asset recipient is named. Argotron G532_0974 p.7 establishes inclusion in a 46-company administrative dissolution batch; it does not establish common ownership, common control, a shared property portfolio, or beneficial ownership."
"Brewer Farms, Inc.",Brewer Farms Inc.; Ohio 689664,Ohio corporation / farm-name property candidate,Ohio,689664,dead / merged out,"Columbus, Franklin County; CT Corporation System at Carew Tower, Cincinnati; later c/o Schwartz, Kelm, Warren & Rubenstein, 41 S High St., Suite 2300, Columbus, OH 43215",No parcel or deed verified,"No Epstein role appears in the complete formation, agent-change, and MEX-status packets","No Wexner role appears in the complete formation, agent-change, and MEX-status packets",1986-1987,primary Ohio full-history and MEX-status images confirmed,Merged out 1987-12-31; survivor unresolved,bounded filing negative / property and survivor follow-up,G043_1710; G296_1205; G313_0675; FINDING:14581,"All 14 pages were visually reviewed. Snow appears only as statutory agent and Coppel's exact signing capacity is illegible. The name and shared filing cluster do not establish property ownership, common control, or a merger survivor."
"Central Falls, Inc.",Central Falls Inc.; Ohio 689666,Ohio corporation / administrative-batch candidate,Ohio,689666,dead / merged out,"Columbus, Franklin County; CT Corporation System at Carew Tower, Cincinnati; later c/o Schwartz, Kelm, Warren & Rubenstein, 41 S High St., Suite 2300, Columbus, OH 43215",No parcel or deed verified,"No Epstein role appears in the complete formation, agent-change, and MEX-status packets","No Wexner role appears in the complete formation, agent-change, and MEX-status packets",1986-1987,primary Ohio full-history and MEX-status images confirmed,Merged out 1987-12-31; survivor unresolved,bounded filing negative / property and survivor follow-up,G043_1726; G296_1211; G313_0685; FINDING:14582,"All 14 pages were visually reviewed. Snow appears only as statutory agent and Coppel's exact signing capacity is illegible. The name and shared filing cluster do not establish property ownership, common control, or a merger survivor."
The Leslie H. Wexner Foundation,Leslie H. Wexner Foundation; Ohio 658659,Ohio foundation / reported merger predecessor,Ohio,658659,inactive,Exact administrative and property addresses pending primary Ohio packet review,No parcel or deed verified,No exact-entity Epstein role confirmed; commissioned review reports his survivor-side trustee signature on a joint merger action,Wexner-associated foundation,1985-1993 registry life; 1993 reported merger,Official Ohio registry metadata plus commissioned review; primary Ohio merger packets pending,Reported predecessor in 1993 merger into The Wexner Foundation; reciprocal packet not retrieved,merger-party seed / primary Ohio history pending,OH-REGISTRY:658659; wexner_foundation_review,Do not infer that Epstein was an officer or trustee of this predecessor from a signature made as trustee of the survivor.
"Blueberry Ridge Properties, Inc.","Blueberry Ridge Properties, Inc.; Ohio 714670",Ohio corporation / verified merger predecessor and property-name lead,Ohio,714670,dead / merged out,"41 S High St., Suite 2300, Columbus; MEX status returned to 5906 E Dublin-Granville Rd., New Albany",No deed or parcel verified,No Epstein role appears in the available exact-charter or merger packets,New Albany Company received processing correspondence but was not a named merger constituent,1987-1995,primary available Ohio images and substantive merger certificate confirmed,Merged into Eastern Ohio Holding Company 1995-12-29; two history images unavailable,successor-aware property pivot,G294_1082;5422_1190;5422_1209;FINDING:14583;FINDING:14646,"The property-name signal is not title evidence. Search Blueberry Ridge through the merger date and Eastern Ohio afterward."
"Cedar Canyon Properties, Inc.","Cedar Canyon Properties, Inc.; Ohio 714673",Ohio corporation / verified merger predecessor and property-name lead,Ohio,714673,dead / merged out,"41 S High St., Suite 2300, Columbus; MEX status returned to 5906 E Dublin-Granville Rd., New Albany",No deed or parcel verified,No Epstein role appears in the available exact-charter or merger packets,New Albany Company received processing correspondence but was not a named merger constituent,1987-1995,primary available Ohio images and substantive merger certificate confirmed,Merged into Eastern Ohio Holding Company 1995-12-29; two history images unavailable,successor-aware property pivot,G294_1100;5422_1190;5422_1215;FINDING:14583;FINDING:14646,"The property-name signal is not title evidence. Search Cedar Canyon through the merger date and Eastern Ohio afterward."
Chestnut Heights Corporation,Chestnut Heights Corporation; Ohio 714674,Ohio corporation / property-name or administrative candidate,Ohio,714674,dead / dissolved,"41 S High St., Suite 2300 and later 23rd Floor, Columbus, OH 43215",No deed or parcel verified; official Franklin property source not integrated,No Epstein role appears in the available exact-charter packets,No Wexner role appears in the complete exact-charter packets,1987-1988,primary Ohio articles and dissolution images confirmed; property source unavailable,Dissolved 1988-12-28; sole shareholder unnamed,bounded filing negative / property follow-up,G294_1106;G532_1012;FINDING:14583;OH-SOS:728764:G532_0974,"Shared law-firm administration does not establish beneficial ownership. The no-personal-property affidavit does not address real estate. Argotron G532_0974 p.7 establishes inclusion in a 46-company administrative dissolution batch; it does not establish common ownership, common control, a shared property portfolio, or beneficial ownership."
Plateau Acres Incorporated,Plateau Acres Incorporated; Ohio 714672,Ohio corporation / property-name or administrative candidate,Ohio,714672,dead / dissolved,"41 S High St., Suite 2300 and later 23rd Floor, Columbus, OH 43215",No deed or parcel verified; official Franklin property source not integrated,No Epstein role appears in the available exact-charter packets,No Wexner role appears in the complete exact-charter packets,1987-1988,primary Ohio articles and dissolution images confirmed; property source unavailable,Dissolved 1988-12-28; sole shareholder unnamed,bounded filing negative / property follow-up,G294_1094;G532_1186;FINDING:14583;OH-SOS:728764:G532_0974,"Shared law-firm administration does not establish beneficial ownership. The no-personal-property affidavit does not address real estate. Argotron G532_0974 p.7 establishes inclusion in a 46-company administrative dissolution batch; it does not establish common ownership, common control, a shared property portfolio, or beneficial ownership."
"Fordham Investment, Inc.",Fordham Investment Inc.,Ohio corporation / investment-name property lead,Ohio,719941,dead / dissolved,"41 S. High St., Suite 2300 / 23rd Floor, Columbus, OH 43215",No parcel is identified in the corporate packets; county property search not started,No Epstein role appears in the complete exact-charter filing history,No Wexner role appears in the complete exact-charter filing history,1988-03-04 to 1988-12-28,complete primary Ohio filing history and images confirmed; property records not searched,Dissolved 1988-12-28 after an unnamed sole-shareholder resolution; no merger or asset recipient identified,property-record follow-up,G339_1075;G532_1048;FINDING:14584;OH-SOS:728764:G532_0974,"The dissolution's no-personal-property affidavit does not address real estate. Shared counsel, template, and dates do not establish ownership. Argotron G532_0974 p.7 establishes inclusion in a 46-company administrative dissolution batch; it does not establish common ownership, common control, a shared property portfolio, or beneficial ownership."
"Linden Acres, Inc.",Linden Acres Inc.,Ohio corporation / acreage-name property lead,Ohio,719942,dead / dissolved,"41 S. High St., Suite 2300 / 23rd Floor, Columbus, OH 43215",No parcel is identified in the corporate packets; county property search not started,No Epstein role appears in the complete exact-charter filing history,No Wexner role appears in the complete exact-charter filing history,1988-03-04 to 1988-12-28,complete primary Ohio filing history and images confirmed; property records not searched,Dissolved 1988-12-28 after an unnamed sole-shareholder resolution; no merger or asset recipient identified,property-record follow-up,G339_1082;G532_1120;FINDING:14584;OH-SOS:728764:G532_0974,"The dissolution's no-personal-property affidavit does not address real estate. Shared counsel, template, and dates do not establish ownership. Argotron G532_0974 p.7 establishes inclusion in a 46-company administrative dissolution batch; it does not establish common ownership, common control, a shared property portfolio, or beneficial ownership."
"Rockford Development, Inc.",Rockford Development Inc.,Ohio corporation / development-name property lead,Ohio,719944,dead / dissolved,"41 S. High St., Suite 2300 / 23rd Floor, Columbus, OH 43215",No parcel is identified in the corporate packets; county property search not started,No Epstein role appears in the complete exact-charter filing history,No Wexner role appears in the complete exact-charter filing history,1988-03-04 to 1988-12-28,complete primary Ohio filing history and images confirmed; property records not searched,Dissolved 1988-12-28 after an unnamed sole-shareholder resolution; no merger or asset recipient identified,property-record follow-up,G339_1096;G532_1204;FINDING:14584;OH-SOS:728764:G532_0974,"The dissolution's no-personal-property affidavit does not address real estate. Shared counsel, template, and dates do not establish ownership. Argotron G532_0974 p.7 establishes inclusion in a 46-company administrative dissolution batch; it does not establish common ownership, common control, a shared property portfolio, or beneficial ownership."
"Tudor Properties, Inc.",Tudor Properties Inc.,Ohio corporation / verified merger predecessor and property lead,Ohio,719945,dead / merged out,"41 S. High St., Suite 2300, Columbus, OH 43215; MEX status returned to 5906 E Dublin-Granville Rd., New Albany, OH 43054",No parcel identified in the corporate packets,No Epstein role appears in the available exact-charter or merger packets,New Albany Company is only a processing-return recipient and not a named merger constituent,1988-03-04 to 1995-12-29,primary available Ohio images and substantive merger certificate confirmed; two 1993 rows unavailable,Merged into Eastern Ohio Holding Company 1995-12-29,successor-aware property pivot,G339_1103;5422_1190;5422_1212;FINDING:14584;FINDING:14646,"Search Tudor through the merger date and Eastern Ohio afterward. Shared processing routing does not establish ownership."
"Forrest Farms, Inc.",Forrest Farms Inc.,Ohio corporation / farm-name property lead,Ohio,719946,dead / dissolved,"41 S. High St., Suite 2300 / 23rd Floor, Columbus, OH 43215",No parcel is identified in the corporate packets; county property search not started,No Epstein role appears in the complete exact-charter filing history,No Wexner role appears in the complete exact-charter filing history,1988-03-04 to 1988-12-28,complete primary Ohio filing history and images confirmed; property records not searched,Dissolved 1988-12-28 after an unnamed sole-shareholder resolution; no merger or asset recipient identified,property-record follow-up,G339_1110;G532_1060;FINDING:14584;OH-SOS:728764:G532_0974,"The dissolution's no-personal-property affidavit does not address real estate. Shared counsel, template, and dates do not establish ownership. Argotron G532_0974 p.7 establishes inclusion in a 46-company administrative dissolution batch; it does not establish common ownership, common control, a shared property portfolio, or beneficial ownership."
CASELIN DEVELOPMENT CORPORATION,,Ohio corporation / candidate property vehicle,Ohio,720246,dissolved,"c/o Schwartz, Kelm, Warren & Rubenstein, 41 S. High Street, Suite 2300, Columbus, Ohio 43215",No deed or parcel verified in this filing-history review,Not named in complete live exact-charter filing history,Not named in complete live exact-charter filing history,1988-03-09 to 1988-12-28,primary Ohio filing images confirmed; property identity unverified,Dissolved 1988-12-28; no merger or asset recipient identified,candidate,G342_0153;G532_1000;FINDING:14586;OH-SOS:728764:G532_0974,"Development in the name supports a recorder search but does not prove landholding. Sole shareholder unnamed; no-personal-property affidavit does not address real estate. Argotron G532_0974 p.7 establishes inclusion in a 46-company administrative dissolution batch; it does not establish common ownership, common control, a shared property portfolio, or beneficial ownership."
"FORMAN FARMS, INC.",,Ohio corporation / candidate property vehicle,Ohio,720360,dissolved,"c/o Schwartz, Kelm, Warren & Rubenstein, 41 S. High Street, Suite 2300, Columbus, Ohio 43215",No deed or parcel verified in this filing-history review,Not named in complete live exact-charter filing history,Not named in complete live exact-charter filing history,1988-03-09 to 1988-12-28,primary Ohio filing images confirmed; property identity unverified,Dissolved 1988-12-28; no merger or asset recipient identified,candidate,G343_0224; G532_1054;FINDING:14586,Farms in the name supports a recorder search but does not prove landholding. Sole shareholder unnamed; no-personal-property affidavit does not address real estate.
SAREN INVESTMENTS INCORPORATED,,Ohio corporation / candidate property vehicle,Ohio,720362,dissolved,"c/o Schwartz, Kelm, Warren & Rubenstein, 41 S. High Street, Suite 2300, Columbus, Ohio 43215",No deed or parcel verified in this filing-history review,Not named in complete live exact-charter filing history,Not named in complete live exact-charter filing history,1988-03-09 to 1988-12-28,primary Ohio filing images confirmed; property identity unverified,Dissolved 1988-12-28; no merger or asset recipient identified,candidate,G343_0238;G532_1216;FINDING:14586;OH-SOS:728764:G532_0974,"Investments in the name supports a recorder search but does not prove landholding. Sole shareholder unnamed; no-personal-property affidavit does not address real estate. Argotron G532_0974 p.7 establishes inclusion in a 46-company administrative dissolution batch; it does not establish common ownership, common control, a shared property portfolio, or beneficial ownership."
TANDEM INVESTMENTS INCORPORATED,,Ohio corporation / candidate property vehicle,Ohio,720363,dissolved,"c/o Schwartz, Kelm, Warren & Rubenstein, 41 S. High Street, Suite 2300, Columbus, Ohio 43215",No deed or parcel verified in this filing-history review,Not named in complete live exact-charter filing history,Not named in complete live exact-charter filing history,1988-03-09 to 1988-12-28,primary Ohio filing images confirmed; property identity unverified,Dissolved 1988-12-28; no merger or asset recipient identified,candidate,G343_0245;G532_1222;FINDING:14586;OH-SOS:728764:G532_0974,"Investments in the name supports a recorder search but does not prove landholding. Sole shareholder unnamed; no-personal-property affidavit does not address real estate. Argotron G532_0974 p.7 establishes inclusion in a 46-company administrative dissolution batch; it does not establish common ownership, common control, a shared property portfolio, or beneficial ownership."
"VILLAGE ACRES, INC.",,Ohio corporation / candidate property vehicle,Ohio,720365,dissolved,"c/o Schwartz, Kelm, Warren & Rubenstein, 41 S. High Street, Suite 2300, Columbus, Ohio 43215",No deed or parcel verified in this filing-history review,Not named in complete live exact-charter filing history,Not named in complete live exact-charter filing history,1988-03-09 to 1988-12-28,primary Ohio filing images confirmed; property identity unverified,Dissolved 1988-12-28; no merger or asset recipient identified,candidate,G343_0259;G532_1240;FINDING:14586;OH-SOS:728764:G532_0974,"Acres in the name supports a recorder search but does not prove landholding. Sole shareholder unnamed; no-personal-property affidavit does not address real estate. Argotron G532_0974 p.7 establishes inclusion in a 46-company administrative dissolution batch; it does not establish common ownership, common control, a shared property portfolio, or beneficial ownership."
Bluffton Holding Corporation,Bluffton Holding Corp.,Ohio corporation / verified merger predecessor and holding-property lead,Ohio,724612,dead / merged out,"41 S High St., Suite 2300, Columbus; MEX status returned to 5906 E Dublin-Granville Rd., New Albany",No parcel or deed verified,No Epstein role appears in the available exact-charter or merger packets,New Albany Company received processing correspondence but was not a named merger constituent,1988-1995,primary available Ohio images and substantive merger certificate confirmed; two history images unavailable,Merged into Eastern Ohio Holding Company 1995-12-29,successor-aware property pivot,G379_0198;5422_1190;5422_1200;FINDING:14585;FINDING:14646,"Holding-name signal is not title evidence. Search Bluffton through the merger date and Eastern Ohio afterward."
Diamond Development Company,Diamond Development Co.,Ohio corporation / development-name candidate,Ohio,724613,dead / dissolved,"41 S High St., Suite 2300 and 23rd Floor, Columbus, OH",No parcel or deed verified; official Franklin property source not integrated,No Epstein role appears in the exact articles or dissolution packet,No Wexner role appears in the exact articles or dissolution packet,1988,primary Ohio filing images confirmed; property source unavailable,Dissolved 1988-12-28; sole shareholder unnamed,bounded recorder follow-up,G379_0205;G532_1024;FINDING:14585;OH-SOS:728764:G532_0974,"The no-personal-property affidavit does not address real estate. Shared counsel and dates establish only an administrative cluster. Argotron G532_0974 p.7 establishes inclusion in a 46-company administrative dissolution batch; it does not establish common ownership, common control, a shared property portfolio, or beneficial ownership."
"Doncaster Development, Inc.",Doncaster Development Inc.,Ohio corporation / development-name candidate,Ohio,724614,dead / dissolved,"41 S High St., Suite 2300 and 23rd Floor, Columbus, OH",No parcel or deed verified; official Franklin property source not integrated,No Epstein role appears in the exact articles or dissolution packet,No Wexner role appears in the exact articles or dissolution packet,1988,primary Ohio filing images confirmed; property source unavailable,Dissolved 1988-12-28; sole shareholder unnamed,bounded recorder follow-up,G379_0211;G532_1030;FINDING:14585;OH-SOS:728764:G532_0974,"The no-personal-property affidavit does not address real estate. Shared counsel and dates establish only an administrative cluster. Argotron G532_0974 p.7 establishes inclusion in a 46-company administrative dissolution batch; it does not establish common ownership, common control, a shared property portfolio, or beneficial ownership."
"Farmington Developers, Inc.",Farmington Developers Inc.,Ohio corporation / development-name candidate,Ohio,724616,dead / dissolved,"41 S High St., Suite 2300 and 23rd Floor, Columbus, OH",No parcel or deed verified; official Franklin property source not integrated,No Epstein role appears in the exact articles or dissolution packet,No Wexner role appears in the exact articles or dissolution packet,1988,primary Ohio filing images confirmed; property source unavailable,Dissolved 1988-12-28; sole shareholder unnamed,bounded recorder follow-up,G379_0223;G532_1042;FINDING:14585;OH-SOS:728764:G532_0974,"The no-personal-property affidavit does not address real estate. Shared counsel and dates establish only an administrative cluster. Argotron G532_0974 p.7 establishes inclusion in a 46-company administrative dissolution batch; it does not establish common ownership, common control, a shared property portfolio, or beneficial ownership."
Melleric Corporation,Melleric Corp.,Ohio corporation / administrative candidate,Ohio,724619,dead / dissolved,"41 S High St., Suite 2300 and 23rd Floor, Columbus, OH",No parcel or deed verified; official Franklin property source not integrated,No Epstein role appears in the exact articles or dissolution packet,No Wexner role appears in the exact articles or dissolution packet,1988,primary Ohio filing images confirmed; property source unavailable,Dissolved 1988-12-28; sole shareholder unnamed,bounded recorder follow-up,G379_0241;G532_1138;FINDING:14585;OH-SOS:728764:G532_0974,"The no-personal-property affidavit does not address real estate. Shared counsel and dates establish only an administrative cluster. Argotron G532_0974 p.7 establishes inclusion in a 46-company administrative dissolution batch; it does not establish common ownership, common control, a shared property portfolio, or beneficial ownership."
Union Holding Corporation,Union Holding Corp.,Ohio corporation / verified merger predecessor and holding-property lead,Ohio,724621,dead / merged out,"41 S High St., Suite 2300, Columbus; MEX status returned to 5906 E Dublin-Granville Rd., New Albany",No parcel or deed verified,No Epstein role appears in the available exact-charter or merger packets,New Albany Company received processing correspondence but was not a named merger constituent,1988-1995,primary available Ohio images and substantive merger certificate confirmed; two history images unavailable,Merged into Eastern Ohio Holding Company 1995-12-29,successor-aware property pivot,G379_0253;5422_1190;5422_1206;FINDING:14585;FINDING:14646,"Holding-name signal is not title evidence. Search Union through the merger date and Eastern Ohio afterward."
Jetner Corporation,Jetner Corp.,Ohio corporation / administrative-batch candidate,Ohio,731360,dead / dissolved,"41 S High St., Suite 2300 and 23rd Floor, Columbus, OH 43215",No parcel or deed verified; SOS packets identify none and official Franklin property source is not integrated,No Epstein role appears in the exact articles or dissolution packet,No Wexner role appears in the exact articles or dissolution packet,1988,primary Ohio filing images confirmed; property source unavailable,Dissolved 1988-12-28; sole shareholder unnamed,bounded recorder follow-up,G456_0331;G532_1114;FINDING:14587;OH-SOS:728764:G532_0974,"The no-personal-property affidavit does not address real estate. Shared counsel and dates establish only an administrative cluster. Argotron G532_0974 p.7 establishes inclusion in a 46-company administrative dissolution batch; it does not establish common ownership, common control, a shared property portfolio, or beneficial ownership."
"Mentin Products, Inc.",Mentin Products Inc.; Mentin Products,Ohio corporation / administrative-batch candidate,Ohio,731361,dead / dissolved,"41 S High St., Suite 2300 and 23rd Floor, Columbus, OH 43215",No parcel or deed verified; SOS packets identify none and official Franklin property source is not integrated,No Epstein role appears in the exact articles or dissolution packet,No Wexner role appears in the exact articles or dissolution packet,1988,primary Ohio filing images confirmed; property source unavailable,Dissolved 1988-12-28; sole shareholder unnamed,bounded recorder follow-up,G456_0338;G532_1144;FINDING:14587;OH-SOS:728764:G532_0974,"The no-personal-property affidavit does not address real estate. Shared counsel and dates establish only an administrative cluster. Argotron G532_0974 p.7 establishes inclusion in a 46-company administrative dissolution batch; it does not establish common ownership, common control, a shared property portfolio, or beneficial ownership."
Chatten Marketing Company,Chatten Marketing Co.; Chatten Marketing,Ohio corporation / administrative-batch candidate,Ohio,731362,dead / dissolved,"41 S High St., Suite 2300 and 23rd Floor, Columbus, OH 43215",No parcel or deed verified; SOS packets identify none and official Franklin property source is not integrated,No Epstein role appears in the exact articles or dissolution packet,No Wexner role appears in the exact articles or dissolution packet,1988,primary Ohio filing images confirmed; property source unavailable,Dissolved 1988-12-28; sole shareholder unnamed,bounded recorder follow-up,G456_0344;G532_1006;FINDING:14587;OH-SOS:728764:G532_0974,"The no-personal-property affidavit does not address real estate. Shared counsel and dates establish only an administrative cluster. Argotron G532_0974 p.7 establishes inclusion in a 46-company administrative dissolution batch; it does not establish common ownership, common control, a shared property portfolio, or beneficial ownership."
Fantel Products Company,Fantel Products Co.; Fantel Products,Ohio corporation / administrative-batch candidate,Ohio,731363,dead / dissolved,"41 S High St., Suite 2300 and 23rd Floor, Columbus, OH 43215",No parcel or deed verified; SOS packets identify none and official Franklin property source is not integrated,No Epstein role appears in the exact articles or dissolution packet,No Wexner role appears in the exact articles or dissolution packet,1988,primary Ohio filing images confirmed; property source unavailable,Dissolved 1988-12-28; sole shareholder unnamed,bounded recorder follow-up,G456_0350;G532_1036;FINDING:14587;OH-SOS:728764:G532_0974,"The no-personal-property affidavit does not address real estate. Shared counsel and dates establish only an administrative cluster. Argotron G532_0974 p.7 establishes inclusion in a 46-company administrative dissolution batch; it does not establish common ownership, common control, a shared property portfolio, or beneficial ownership."
"Indico Investments, Inc.",Indico Investments Inc.; Indico Investments,Ohio corporation / investment-name property-vehicle candidate,Ohio,731365,dead / dissolved,"41 S High St., Suite 2300 and 23rd Floor, Columbus, OH 43215",No parcel or deed verified; SOS packets identify none and official Franklin property source is not integrated,No Epstein role appears in the exact articles or dissolution packet,No Wexner role appears in the exact articles or dissolution packet,1988,primary Ohio filing images confirmed; property source unavailable,Dissolved 1988-12-28; sole shareholder unnamed,higher-priority recorder follow-up,G456_0362;G532_1102;FINDING:14587;OH-SOS:728764:G532_0974,"Investments is a triage signal, not proof of assets or property. The no-personal-property affidavit does not address real estate. Shared counsel and dates establish only an administrative cluster. Argotron G532_0974 p.7 establishes inclusion in a 46-company administrative dissolution batch; it does not establish common ownership, common control, a shared property portfolio, or beneficial ownership."
"London Kitchens, Inc.",London Kitchens Inc.; Ohio 686610,Ohio corporation / cabinetry retailer,Ohio,686610,cancelled,"Principal office Columbus, Franklin County; agent at 41 S High St., Columbus",No parcel or deed verified; official Franklin property source not integrated,No Epstein role appears in the available articles packet,No Wexner role appears in the available articles packet,1986-1991,primary available Ohio image confirmed; terminal image unavailable,Tax Department cancellation 1991-12-16; row image unavailable,bounded recorder follow-up,G015_1204; 000000061029; FINDING:14588,Brown was incorporator and Snow agent; the packet does not establish Snow ownership or an officer role.
"London Kitchens Insurance Agency, Inc.",London Kitchens Insurance Agency Inc.; Ohio 706947,Ohio corporation / insurance agency,Ohio,706947,dead / dissolved,"3910 Groves Rd., Columbus principal office; agent at 41 S High St., Columbus",No parcel or deed verified; principal-office address is not title evidence,No Epstein role appears in the complete exact-charter packets,No Wexner role appears in the complete exact-charter packets,1987-1989,primary Ohio articles and dissolution images confirmed,Dissolved by sole incorporator 1989-05-31,bounded recorder follow-up,G222_0344; G636_0276; FINDING:14588,Parker was incorporator and Snow statutory agent. The dissolution form's alternative statutory grounds do not identify which prong applied.
First Columbus Land Company,First Columbus Land Co.; Ohio 785297,Ohio corporation / land-name property candidate,Ohio,785297,cancelled,"41 S High St., Suite 2300, Columbus, OH 43215",No parcel or deed verified; official Franklin property source not integrated,No Epstein role appears in the available formation packet,No Wexner role appears in the available formation packet,1990-1993,primary formation image confirmed; two later rows unavailable,Tax Department cancellation 1993-12-15; terminal image unavailable,high-priority exact-name property search,H016_0917; 000000695996; 000000695997; FINDING:14588,"Hipsher was incorporator and Snow original agent. Land in the name is a lead, not title evidence."
BREWHO! LLC,Brewho LLC; Ohio 993710,Ohio domestic LLC / primary filing unavailable,Ohio,993710,active,No address available from reviewed portal metadata,Unassessed; organization filing image unavailable,Unassessed; organization filing image unavailable,Unassessed; organization filing image unavailable,1997-present portal status,live portal metadata confirmed; exact image endpoint HTTP 404,Active; no terminal row,request primary organization record,6162_0568; FINDING:14588,"Do not code the unavailable packet as a negative person, owner, or property result."
"Oakfield Enterprises, Inc.",Oakfield Enterprises Inc.,Ohio corporation / generic-name property lead,Ohio,713924,dead / dissolved,"41 S. High St., Suite 2300 / 23rd Floor, Columbus, OH 43215",No parcel is identified in the corporate packets; county property search not started,No Epstein role appears in the complete exact-charter filing history,No Wexner role appears in the complete exact-charter filing history,1987-12-11 to 1988-12-28,complete primary Ohio filing history and images confirmed; property records not searched,Dissolved 1988-12-28 after an unnamed sole-shareholder resolution; no merger or asset recipient identified,routine property-record follow-up,G288_0306;G532_1168;FINDING:14589;OH-SOS:728764:G532_0974,"The dissolution's no-personal-property affidavit does not address real estate. Shared counsel, template, and dates do not establish ownership. Argotron G532_0974 p.7 establishes inclusion in a 46-company administrative dissolution batch; it does not establish common ownership, common control, a shared property portfolio, or beneficial ownership."
"Wildwood Acres, Inc.",Wildwood Acres Inc.,Ohio corporation / acreage-name property lead,Ohio,713926,dead / dissolved,"41 S. High St., Suite 2300 / 23rd Floor, Columbus, OH 43215",No parcel is identified in the corporate packets; county property search not started,No Epstein role appears in the complete exact-charter filing history,No Wexner role appears in the complete exact-charter filing history,1987-12-11 to 1988-12-28,complete primary Ohio filing history and images confirmed; property records not searched,Dissolved 1988-12-28 after an unnamed sole-shareholder resolution; no merger or asset recipient identified,property-record follow-up,G288_0318;G532_1252;FINDING:14589;OH-SOS:728764:G532_0974,"The acreage signal is a search lead, not proof of land ownership. The no-personal-property affidavit does not address real estate. Argotron G532_0974 p.7 establishes inclusion in a 46-company administrative dissolution batch; it does not establish common ownership, common control, a shared property portfolio, or beneficial ownership."
Cristah Corporation,Cristah Corp.,Ohio corporation / generic-name property lead,Ohio,733246,dead / dissolved,"41 S. High St., Suite 2300 / 23rd Floor, Columbus, OH 43215",No parcel is identified in the corporate packets; county property search not started,No Epstein role appears in the complete exact-charter filing history,No Wexner role appears in the complete exact-charter filing history,1988-09-23 to 1988-12-28,complete primary Ohio filing history and images confirmed; property records not searched,Dissolved 1988-12-28 after an unnamed sole-shareholder resolution; no merger or asset recipient identified,routine property-record follow-up,G472_1825;G532_1018;FINDING:14589;OH-SOS:728764:G532_0974,"Primary packets identify CRISTAH CORPORATION; they do not validate Cristah Development Corporation as an alias. The no-personal-property affidavit does not address real estate. Argotron G532_0974 p.7 establishes inclusion in a 46-company administrative dissolution batch; it does not establish common ownership, common control, a shared property portfolio, or beneficial ownership."
Rettlin Investment Company,Rettlin Investment Co.,Ohio corporation / investment-name property lead,Ohio,733247,dead / dissolved,"41 S. High St., Suite 2300 / 23rd Floor, Columbus, OH 43215",No parcel is identified in the corporate packets; county property search not started,No Epstein role appears in the complete exact-charter filing history,No Wexner role appears in the complete exact-charter filing history,1988-09-23 to 1988-12-28,complete primary Ohio filing history and images confirmed; property records not searched,Dissolved 1988-12-28 after an unnamed sole-shareholder resolution; no merger or asset recipient identified,property-record follow-up,G472_1832;G532_1198;FINDING:14589;OH-SOS:728764:G532_0974,"Primary packets identify RETTLIN INVESTMENT COMPANY; they do not validate Rettlin Investment Corporation as an alias. The investment signal is not proof of property ownership. Argotron G532_0974 p.7 establishes inclusion in a 46-company administrative dissolution batch; it does not establish common ownership, common control, a shared property portfolio, or beneficial ownership."
Wheaton Company,Wheaton Co.,Ohio corporation / general property-record lead,Ohio,728763,dead / dissolved,"41 S. High St., Suite 2300 / 23rd Floor, Columbus, OH 43215",No parcel is identified in the corporate packets; county property search not started,No Epstein role appears in the complete exact-charter filing history,No Wexner role appears in the complete exact-charter filing history,1988-07-15 to 1988-12-28,complete primary Ohio filing history and images confirmed; property records not searched,Dissolved 1988-12-28 after an unnamed sole-shareholder resolution; no merger or asset recipient identified,property-record follow-up,G423_1517;G532_1246;G532_0974 p.7;FINDING:14590;OH-SOS:728764:G532_0974,"The no-personal-property affidavit does not address real estate. The Argotron cover letter proves a common 46-company filing batch, not ownership. Argotron G532_0974 p.7 establishes inclusion in a 46-company administrative dissolution batch; it does not establish common ownership, common control, a shared property portfolio, or beneficial ownership."
Argotron Corporation,Argotron Corp.,Ohio corporation / general property-record lead,Ohio,728764,dead / dissolved,"41 S. High St., Suite 2300 / 23rd Floor, Columbus, OH 43215",No parcel is identified in the corporate packets; county property search not started,No Epstein role appears in the complete exact-charter filing history,No Wexner role appears in the complete exact-charter filing history,1988-07-15 to 1988-12-28,complete primary Ohio filing history and images confirmed; property records not searched,Dissolved 1988-12-28 after an unnamed sole-shareholder resolution; no merger or asset recipient identified,property-record follow-up,G423_1524;G532_0974;FINDING:14590;OH-SOS:728764:G532_0974,"The no-personal-property affidavit does not address real estate. Page 7 proves a common 46-company filing batch, not ownership. Argotron G532_0974 p.7 establishes inclusion in a 46-company administrative dissolution batch; it does not establish common ownership, common control, a shared property portfolio, or beneficial ownership."
Mackinaw Marketing Co.,Mackinaw Marketing Company; Mackinaw Marketing Co,Ohio corporation / operational-name property-record lead,Ohio,728766,dead / dissolved,"41 S. High St., Suite 2300 / 23rd Floor, Columbus, OH 43215",No parcel is identified in the corporate packets; county property search not started,No Epstein role appears in the complete exact-charter filing history,No Wexner role appears in the complete exact-charter filing history,1988-07-15 to 1988-12-28,complete primary Ohio filing history and images confirmed; property records not searched,Dissolved 1988-12-28 after an unnamed sole-shareholder resolution; no merger or asset recipient identified,property-record follow-up,G423_1536;G532_1126;G532_0974 p.7;FINDING:14590;OH-SOS:728764:G532_0974,"The no-personal-property affidavit does not address real estate. The Argotron cover letter proves a common 46-company filing batch, not ownership. Argotron G532_0974 p.7 establishes inclusion in a 46-company administrative dissolution batch; it does not establish common ownership, common control, a shared property portfolio, or beneficial ownership."
"Scripton Products, Inc.",Scripton Products Inc.; Scripton Products,Ohio corporation / operational-name property-record lead,Ohio,728768,dead / dissolved,"41 S. High St., Suite 2300 / 23rd Floor, Columbus, OH 43215",No parcel is identified in the corporate packets; county property search not started,No Epstein role appears in the complete exact-charter filing history,No Wexner role appears in the complete exact-charter filing history,1988-07-15 to 1988-12-28,complete primary Ohio filing history and images confirmed; property records not searched,Dissolved 1988-12-28 after an unnamed sole-shareholder resolution; no merger or asset recipient identified,property-record follow-up,G423_1548;G532_1228;G532_0974 p.7;FINDING:14590;OH-SOS:728764:G532_0974,"The no-personal-property affidavit does not address real estate. The Argotron cover letter proves a common 46-company filing batch, not ownership. Argotron G532_0974 p.7 establishes inclusion in a 46-company administrative dissolution batch; it does not establish common ownership, common control, a shared property portfolio, or beneficial ownership."
"Urban Improvement of Columbus, Inc.",Urban Improvement of Columbus Inc.,Ohio nonprofit corporation / explicit property-holding and club-purpose lead,Ohio,364648,permanently cancelled; failure-to-file cancellation 1999-03-15,"Principal office: Columbus, Franklin County; agent/counsel addresses: 2367 Brentwood Rd.; 37 W. Broad St.; 41 S. High St., Suite 3710, Columbus","No parcel or deed identified; 1967 articles expressly authorize holding title and interests in real and personal property, and 1989 amendment states a club purpose",No Epstein role appears in 28 available filing pages,No Wexner role appears in 28 available filing pages,1967-09-21 to permanent cancellation 2025-11-05,complete live history enumerated; 9 unique packets/28 pages reviewed; 4 no-image rows and 1 embedded source-error page,Cancelled 1999-03-15 for failure to file continued existence; portal records permanent cancellation 2025-11-05,high property-purpose follow-up,B521_2010; G575_1397; G575_1404; 9458_0560; 199907400518;FINDING:14591,"The purpose clauses justify a recorder/auditor search but identify no specific club, land, parcel, deed, owner, or beneficiary. Snow's reviewed role is statutory agent only."
"Blacksheep Farms, Inc.","Blacksheep Farms Inc.; Black Sheep Farms",Ohio corporation / verified merger predecessor and farm-name property lead,Ohio,713613,dead / merged out,"Principal office: Dublin, Franklin County; original agent: 475 Metro Place North, Suite 200, Dublin; Snow/SKWR: 41 S. High St., Suite 2300; MEX return: 5906 E. Dublin-Granville Rd., New Albany","No parcel, deed, farm, acreage, or property address identified in the corporate packets; later recorder instruments use Black Sheep spelling",No Epstein role appears in the available exact-charter or merger pages,No Wexner role appears in the available exact-charter or merger pages,1987-12-07 to 1995-12-29,"complete live history enumerated; available images and substantive merger certificate reviewed",Merged into Eastern Ohio Holding Company 1995-12-29; two continued-existence rows unavailable,successor-aware property pivot,G285_0677;H703_1584;5422_1190;5422_1221;FINDING:14592;FINDING:14646,"The merger certificate spells Blacksheep as one word. Search that name through the merger date, Eastern Ohio afterward, and Black Sheep variants in later deeds."
Wesleyan Conservation Corp.,Wesleyan Conservation Corporation,Ohio corporation / conservation-name property and network-person lead,Ohio,769248,active,"Principal office: Columbus, Franklin County; original agent: CT Corporation System, Carew Tower, Cincinnati; Snow/SKWR: 41 S. High St., Suite 2300, Columbus","No parcel, deed, conservation land, easement, or specific property identified in the packets","No Jeffrey Epstein role appears; the 1994 filing names a different person, Jeffrey J. Smith, as vice president and secretary",No Wexner role appears in 11 available filing pages,1990-03-21 to present portal-active status,complete live history enumerated; articles and 1994 agent appointment reviewed; two 1993 continued-existence rows unavailable,Active; last available filing appoints Snow as statutory agent on 1994-05-17,high network-person and property-name follow-up,G825_1992; 4132_0290;FINDING:14592,"Formation used Porter, Wright, Morris & Arthur and CT Corporation System; the 1994 appointment shifted the statutory-agent route to Snow c/o SKWR and was signed by Jeffrey J. Smith. The name alone does not prove conservation-property ownership."
"Snowberry Hills, Inc.",Snowberry Hills Inc.,Ohio corporation / hills-name property and verified merger-successor lead,Ohio,713925,dead / merged out,"Principal office: Columbus, Franklin County; Snow/SKWR agent address: 41 S. High St., Suite 2300, Columbus, OH 43215",No parcel or deed identified; search predecessor through 1989-12-22 and Architonics afterward,No Epstein role appears in the complete exact-charter history or substantive merger instrument,No Wexner role appears in the complete exact-charter history or substantive merger instrument,1987-12-07 to 1989-12-22,complete exact live Ohio filing history plus primary merger agreement confirmed; property records not searched,Merged into Architonics 1989-12-22; separate existence ceased and any property vested in the survivor,high successor-aware property follow-up,G288_0312; G774_0107; G774_0167;FINDING:14594,"Hills is a search signal, not proof of landholding. The sole shareholder is unnamed. The party-specific MEX stub does not name the survivor; G774_0107 supplies the survivor and statutory asset-vesting rule."
"Briarpatch Fields, Inc.",Briarpatch Fields Inc.,Ohio corporation / fields-name property and verified merger-successor lead,Ohio,713843,dead / merged out,"Principal office: Columbus, Franklin County; Snow/SKWR agent address: 41 S. High St., Suite 2300, Columbus, OH 43215",No parcel or deed identified; search predecessor through 1989-12-22 and Architonics afterward,No Epstein role appears in the complete exact-charter history or substantive merger instrument,No Wexner role appears in the complete exact-charter history or substantive merger instrument,1987-12-10 to 1989-12-22,complete exact live Ohio filing history plus primary merger agreement confirmed; property records not searched,Merged into Architonics 1989-12-22; separate existence ceased and any property vested in the survivor,high successor-aware property follow-up,G287_0753; G774_0107; G774_0119;FINDING:14594,"Fields is a search signal, not proof of landholding. The sole shareholder is unnamed. Common counsel and dates establish administration, not beneficial ownership."
"Candleberry Cove, Inc.",Candleberry Cove Inc.,Ohio corporation / cove-name property and verified merger-successor lead,Ohio,713838,dead / merged out,"Principal office: Columbus, Franklin County; Snow/SKWR agent address: 41 S. High St., Suite 2300, Columbus, OH 43215",No parcel or deed identified; search predecessor through 1989-12-22 and Architonics afterward,No Epstein role appears in the complete exact-charter history or substantive merger instrument,No Wexner role appears in the complete exact-charter history or substantive merger instrument,1987-12-10 to 1989-12-22,complete exact live Ohio filing history plus primary merger agreement confirmed; property records not searched,Merged into Architonics 1989-12-22; separate existence ceased and any property vested in the survivor,high successor-aware property follow-up,G287_0722; G774_0107; G774_0125;FINDING:14594,"Cove is a search signal, not proof of landholding. The Len Loraditch correspondence cover is a counsel clue only. The sole shareholder is unnamed."
"Frontier Traders, Inc.",Frontier Traders Inc.,Ohio corporation / verified merger-successor lead,Ohio,713922,dead / merged out,"Principal office: Columbus, Franklin County; Snow/SKWR agent address: 41 S. High St., Suite 2300, Columbus, OH 43215",No parcel or deed identified; search predecessor through 1989-12-22 and Architonics afterward,No Epstein role appears in the complete exact-charter history or substantive merger instrument,No Wexner role appears in the complete exact-charter history or substantive merger instrument,1987-12-11 to 1989-12-22,complete exact live Ohio filing history plus primary merger agreement confirmed; property records not searched,Merged into Architonics 1989-12-22; separate existence ceased and any property vested in the survivor,successor-aware recorder follow-up,G288_0294; G774_0107; G774_0137;FINDING:14594,The filings state only a generic lawful purpose and identify no property. The sole shareholder is unnamed. Shared administration does not prove ownership.
"Kitzmiller Properties, Inc.",Kitzmiller Properties Inc.,Ohio corporation / properties-name and verified merger-successor lead,Ohio,713923,dead / merged out,"Principal office: Columbus, Franklin County; Snow/SKWR agent address: 41 S. High St., Suite 2300, Columbus, OH 43215",No parcel or deed identified; search predecessor through 1989-12-22 and Architonics afterward,No Epstein role appears in the complete exact-charter history or substantive merger instrument,No Wexner role appears in the complete exact-charter history or substantive merger instrument,1987-12-11 to 1989-12-22,complete exact live Ohio filing history plus primary merger agreement confirmed; property records not searched,Merged into Architonics 1989-12-22; separate existence ceased and any property vested in the survivor,high successor-aware property follow-up,G288_0300; G774_0107; G774_0143;FINDING:14594,"Properties is a search signal, not proof of landholding. The sole shareholder is unnamed. The merger agreement, not the status-only stub, supplies the survivor edge."
"Blacklick Properties, Inc.",Blacklick Properties Inc.,Ohio corporation / place-and-properties-name and verified merger-successor lead,Ohio,710873,dead / merged out,"Principal office: Columbus, Franklin County; Snow/SKWR agent address: 41 S. High St., Suite 2300, Columbus, OH 43215",No parcel or deed identified; search predecessor through 1989-12-22 and Architonics afterward,No Epstein role appears in the complete exact-charter history or substantive merger instrument,No Wexner role appears in the complete exact-charter history or substantive merger instrument,1987-12-14 to 1989-12-22,complete exact live Ohio filing history plus primary merger agreement confirmed; property records not searched,Merged into Architonics 1989-12-22; separate existence ceased and any property vested in the survivor,high successor-aware property follow-up,G290_1418; G774_0107; G774_0116;FINDING:14594,Blacklick/Properties is a strong recorder-search signal but not title evidence. The sole shareholder is unnamed. The party-specific MEX stub confirms status but does not independently name Architonics.
Villa Development Corp.,Villa Development Corp,Ohio corporation / development-name property and verified merger-successor lead,Ohio,720364,dead / merged out,"Principal office: Columbus, Franklin County; Snow/SKWR agent address: 41 S. High St., Suite 2300, Columbus, OH 43215",No parcel or deed identified; search predecessor through 1989-12-22 and Architonics afterward,No Epstein role appears in the complete exact-charter history or substantive merger instrument,No Wexner role appears in the complete exact-charter history or substantive merger instrument,1988-03-09 to 1989-12-22,complete exact live Ohio filing history plus primary merger agreement confirmed; property records not searched,Merged into Architonics 1989-12-22; separate existence ceased and any property vested in the survivor,high successor-aware property follow-up,G343_0252; G774_0107; G774_0182;FINDING:14598,"Development is a property-search signal, not proof that the corporation owned land. The sole shareholder named in the Architonics agreement is not identified. The party-specific MEX stub does not name the survivor; G774_0107 supplies that edge. Common counsel, dates, and templates do not establish beneficial ownership."
Donner Development Company,Donner Development Co.,Ohio corporation / development-name property and verified merger-successor lead,Ohio,724615,dead / merged out,"Principal office: Columbus, Franklin County; Snow/SKWR agent address: 41 S. High St., Suite 2300, Columbus, OH 43215",No parcel or deed identified; search predecessor through 1989-12-22 and Architonics afterward,No Epstein role appears in the complete exact-charter history or substantive merger instrument,No Wexner role appears in the complete exact-charter history or substantive merger instrument,1988-05-13 to 1989-12-22,complete exact live Ohio filing history plus primary merger agreement confirmed; property records not searched,Merged into Architonics 1989-12-22; separate existence ceased and any property vested in the survivor,high successor-aware property follow-up,G379_0217; G774_0107; G774_0134;FINDING:14598,"Development is a property-search signal, not proof that the corporation owned land. The sole shareholder named in the Architonics agreement is not identified. The party-specific MEX stub does not name the survivor; G774_0107 supplies that edge. Common counsel, dates, and templates do not establish beneficial ownership."
"Summit Holding, Inc.",Summit Holding Inc.,Ohio corporation / holding-company and verified merger-successor lead,Ohio,724620,dead / merged out,"Principal office: Columbus, Franklin County; Snow/SKWR agent address: 41 S. High St., Suite 2300, Columbus, OH 43215",No parcel or deed identified; search predecessor through 1989-12-22 and Architonics afterward,No Epstein role appears in the complete exact-charter history or substantive merger instrument,No Wexner role appears in the complete exact-charter history or substantive merger instrument,1988-05-13 to 1989-12-22,complete exact live Ohio filing history plus primary merger agreement confirmed; property records not searched,Merged into Architonics 1989-12-22; separate existence ceased and any property vested in the survivor,high successor-aware property follow-up,G379_0247; G774_0107; G774_0173;FINDING:14598,"Holding is a vehicle-search signal, not proof of an asset, subsidiary, or beneficial owner. The sole shareholder named in the Architonics agreement is not identified. The party-specific MEX stub does not name the survivor; G774_0107 supplies that edge. Common counsel, dates, and templates do not establish beneficial ownership."
Currant Corporation,Currant Corp.,Ohio corporation / verified merger-successor lead,Ohio,728765,dead / merged out,"Principal office: Columbus, Franklin County; Snow/SKWR agent address: 41 S. High St., Suite 2300, Columbus, OH 43215",No parcel or deed identified; search predecessor through 1989-12-22 and Architonics afterward,No Epstein role appears in the complete exact-charter history or substantive merger instrument,No Wexner role appears in the complete exact-charter history or substantive merger instrument,1988-07-15 to 1989-12-22,complete exact live Ohio filing history plus primary merger agreement confirmed; property records not searched,Merged into Architonics 1989-12-22; separate existence ceased and any property vested in the survivor,high successor-aware property follow-up,G423_1530; G774_0107; G774_0131;FINDING:14598,"The name itself does not establish a property or investment purpose. The sole shareholder named in the Architonics agreement is not identified. The party-specific MEX stub does not name the survivor; G774_0107 supplies that edge. Common counsel, dates, and templates do not establish beneficial ownership."
Margin Management Company,Margin Management Co.,Ohio corporation / management-name vehicle and verified merger-successor lead,Ohio,728767,dead / merged out,"Principal office: Columbus, Franklin County; Snow/SKWR agent address: 41 S. High St., Suite 2300, Columbus, OH 43215",No parcel or deed identified; search predecessor through 1989-12-22 and Architonics afterward,No Epstein role appears in the complete exact-charter history or substantive merger instrument,No Wexner role appears in the complete exact-charter history or substantive merger instrument,1988-07-15 to 1989-12-22,complete exact live Ohio filing history plus primary merger agreement confirmed; property records not searched,Merged into Architonics 1989-12-22; separate existence ceased and any property vested in the survivor,high successor-aware property follow-up,G423_1542; G774_0107; G774_0149;FINDING:14598,"Management is a vehicle-search signal, not proof of the asset managed or beneficial owner. The sole shareholder named in the Architonics agreement is not identified. The party-specific MEX stub does not name the survivor; G774_0107 supplies that edge. Common counsel, dates, and templates do not establish beneficial ownership."
Graeton Development Company,Graeton Development Co.,Ohio corporation / development-name property and verified merger-successor lead,Ohio,731364,dead / merged out,"Principal office: Columbus, Franklin County; Snow/SKWR agent address: 41 S. High St., Suite 2300, Columbus, OH 43215",No parcel or deed identified; search predecessor through 1989-12-22 and Architonics afterward,No Epstein role appears in the complete exact-charter history or substantive merger instrument,No Wexner role appears in the complete exact-charter history or substantive merger instrument,1988-08-24 to 1989-12-22,complete exact live Ohio filing history plus primary merger agreement confirmed; property records not searched,Merged into Architonics 1989-12-22; separate existence ceased and any property vested in the survivor,high successor-aware property follow-up,G456_0356; G774_0107; G774_0140;FINDING:14598,"Development is a property-search signal, not proof that the corporation owned land. The sole shareholder named in the Architonics agreement is not identified. The party-specific MEX stub does not name the survivor; G774_0107 supplies that edge. Common counsel, dates, and templates do not establish beneficial ownership."
Main-High Development Corp.,MAIN-HIGH DEVELOPMENT CORP.; Ohio 679415,Ohio corporation / development-name property candidate,Ohio,679415,dead / dissolved,"Principal office: Columbus, Franklin County; original agent: Dorothy Snow, 2101 Fitzroy Drive, Columbus, OH 43224; later Snow/SKWR address: 41 S. High St., Columbus",No parcel or deed identified; Franklin County recorder exact-name search pending,No Epstein role appears in the complete exact-charter history,No Wexner role appears in the complete exact-charter history,1986-06-11 to 1990-10-31,complete exact live Ohio filing history and all available images confirmed; property records not yet searched,Dissolved 1990-10-31; no corporate successor or asset recipient identified,high-priority exact-name recorder search,679415:F931_0311;679415:G985_0497;FINDING:14601,The authorizing resolution refers to shareholders in the plural but does not name them. Shared counsel and administrative templates do not establish beneficial ownership.
The Encee Holding Corp.,THE ENCEE HOLDING CORP.; Ohio 693864,Ohio corporation / property-acquisition agency vehicle,Ohio,693864,dead / dissolved,"Principal office: Dublin, Franklin County; original agent: Robert N. Wistner, 475 Metro Place North, Suite 200, Dublin, OH 43017-1374; later Snow/SKWR address: 41 S. High St., Columbus",Articles expressly state a real-or-personal property acquisition purpose as agent for unidentified others; no parcel or principal is named and recorder search is pending,No Epstein role appears in the complete exact-charter history,No Wexner role appears in the complete exact-charter history,1987-01-28 to 1988-12-28,complete exact live Ohio filing history and all available images confirmed; property records not yet searched,Dissolved 1988-12-28; no corporate successor or asset recipient identified,highest-priority recorder and unidentified-principal search,693864:G087_0559;693864:G532_1234;FINDING:14601;FINDING:14599;OH-SOS:728764:G532_0974,"The authorizing sole shareholder is unnamed. The articles do not identify the principal or beneficial owner for whom the corporation would acquire property. Shared counsel and administrative templates do not establish beneficial ownership. Argotron G532_0974 p.7 establishes inclusion in a 46-company administrative dissolution batch; it does not establish common ownership, common control, a shared property portfolio, or beneficial ownership."
"NELC, Inc.","NELC, INC.; Ohio 695020",Ohio corporation / property-acquisition agency vehicle,Ohio,695020,dead / dissolved,"Principal office: Dublin, Franklin County; original agent: Robert N. Wistner, 475 Metro Place North, Suite 200, Dublin, OH 43017-1374; later Snow/SKWR address: 41 S. High St., Columbus",Articles expressly state a real-or-personal property acquisition purpose as agent for unidentified others; no parcel or principal is named and recorder search is pending,No Epstein role appears in the complete exact-charter history,No Wexner role appears in the complete exact-charter history,1987-02-18 to 1988-12-28,complete exact live Ohio filing history and all available images confirmed; property records not yet searched,Dissolved 1988-12-28; no corporate successor or asset recipient identified,highest-priority recorder and unidentified-principal search,695020:G101_0615;695020:G532_1156;FINDING:14601;FINDING:14599;OH-SOS:728764:G532_0974,"The authorizing sole shareholder is unnamed. The articles do not identify the principal or beneficial owner for whom the corporation would acquire property. Shared counsel and administrative templates do not establish beneficial ownership. Argotron G532_0974 p.7 establishes inclusion in a 46-company administrative dissolution batch; it does not establish common ownership, common control, a shared property portfolio, or beneficial ownership."
Great Eastern Fastening Corp. II,GREAT EASTERN FASTENING CORP. II; Ohio 705933,Ohio corporation / industrial-name vehicle,Ohio,705933,dead / dissolved,"Principal office: Dublin, Franklin County; original agent: Robert N. Wistner, 475 Metro Place North, Suite 200, Dublin, OH 43017-1374; later Snow/SKWR address: 41 S. High St., Columbus",No parcel or deed identified; Franklin County recorder exact-name search pending,No Epstein role appears in the complete exact-charter history,No Wexner role appears in the complete exact-charter history,1987-07-30 to 1988-12-28,complete exact live Ohio filing history and all available images confirmed; property records not yet searched,Dissolved 1988-12-28; no corporate successor or asset recipient identified,name-linked entity and recorder follow-up,705933:G211_1367;705933:G532_1078;FINDING:14601;FINDING:14600;OH-SOS:728764:G532_0974,"The authorizing sole shareholder is unnamed. The formal similar-name consent from Ohio 689907 establishes only a naming relationship, not merger, ownership, or control. Shared counsel and administrative templates do not establish beneficial ownership. Argotron G532_0974 p.7 establishes inclusion in a 46-company administrative dissolution batch; it does not establish common ownership, common control, a shared property portfolio, or beneficial ownership."
"Petel of Columbus Co. #1, Inc.","PETEL OF COLUMBUS CO. #1, INC.; Ohio 701784",Ohio corporation / exact-name property and entity lead,Ohio,701784,dead / dissolved,"Principal office: Dublin, Franklin County; original agent: Robert N. Wistner, 475 Metro Place North, Dublin, OH 43017-1374; later Snow/SKWR address: 41 S. High St., Columbus",No parcel or deed identified; Franklin County recorder exact-name search pending,No Epstein role appears in the complete exact-charter history,No Wexner role appears in the complete exact-charter history,1987-05-29 to 1988-12-28,complete exact live Ohio filing history and all available images confirmed; property records not yet searched,Dissolved 1988-12-28; no corporate successor or asset recipient identified,exact-name recorder and entity follow-up,701784:G162_1546;701784:G532_1180;FINDING:14601;OH-SOS:728764:G532_0974,"The authorizing sole shareholder is unnamed. Shared counsel and administrative templates do not establish beneficial ownership. Argotron G532_0974 p.7 establishes inclusion in a 46-company administrative dissolution batch; it does not establish common ownership, common control, a shared property portfolio, or beneficial ownership."
LeeAce Inc.,"LEEACE INC.; LEEACE, INC.",Ohio corporation / verified merger-successor lead,Ohio,712264,dead / merged out,"Principal office: Columbus, Franklin County; Snow/SKWR agent address: 41 S. High St., Suite 2300, Columbus, OH 43215",No parcel or deed identified; search predecessor through 1989-12-22 and Architonics afterward,No Epstein role appears in the complete exact-charter history or substantive merger instrument,No Wexner role appears in the complete exact-charter history or substantive merger instrument,1987-12-14 to 1989-12-22,complete exact live Ohio filing history plus primary merger agreement confirmed; property records not searched,Merged into Architonics 1989-12-22; separate existence ceased and any property vested in the survivor,high successor-aware property follow-up,G290_1442; G774_0107; G774_0146;FINDING:14604,Join the no-comma formation/export spelling and comma spelling in the merger agreement by charter 712264. The sole shareholder is unnamed. The party-specific MEX stub does not name the survivor; G774_0107 supplies the edge and asset-vesting rule.
"Spring Harbor Properties, Inc.",Spring Harbor Properties Inc.; Spring Harbor,Ohio corporation / harbor-properties-name and verified merger-successor lead,Ohio,714675,dead / merged out,"Principal office: Columbus, Franklin County; Snow/SKWR agent address: 41 S. High St., Suite 2300, Columbus, OH 43215",No parcel or deed identified; search predecessor through 1989-12-22 and Architonics afterward,No Epstein role appears in the complete exact-charter history or substantive merger instrument,No Wexner role appears in the complete exact-charter history or substantive merger instrument,1987-12-22 to 1989-12-22,complete exact live Ohio filing history plus primary merger agreement confirmed; property records not searched,Merged into Architonics 1989-12-22; separate existence ceased and any property vested in the survivor,high successor-aware property follow-up,G294_1112; G774_0107; G774_0170;FINDING:14604,"The exact legal name includes PROPERTIES. Harbor and Properties are search signals, not proof of landholding. The sole shareholder is unnamed; common administration does not establish beneficial ownership."
Meade Development Corporation,Meade Development Corp.; Meade,Ohio corporation / development-name and verified merger-successor lead,Ohio,719943,dead / merged out,"Principal office: Columbus, Franklin County; Snow/SKWR agent address: 41 S. High St., Suite 2300, Columbus, OH 43215",No parcel or deed identified; search predecessor through 1989-12-22 and Architonics afterward,No Epstein role appears in the complete exact-charter history or substantive merger instrument,No Wexner role appears in the complete exact-charter history or substantive merger instrument,1988-03-04 to 1989-12-22,complete exact live Ohio filing history plus primary merger agreement confirmed; property records not searched,Merged into Architonics 1989-12-22; separate existence ceased and any property vested in the survivor,high successor-aware property follow-up,G339_1089; G774_0107; G774_0152;FINDING:14604,"The exact legal name is MEADE DEVELOPMENT CORPORATION. Development is a search signal, not proof of landholding. The Len Loraditch cover is a counsel clue only; the sole shareholder is unnamed."
"Chesser Estates, Inc.",Chesser Estates Inc.; Chesser,Ohio corporation / estates-name and verified merger-successor lead,Ohio,720366,dead / merged out,"Principal office: Columbus, Franklin County; Snow/SKWR agent address: 41 S. High St., Suite 2300, Columbus, OH 43215",No parcel or deed identified; search predecessor through 1989-12-22 and Architonics afterward,No Epstein role appears in the complete exact-charter history or substantive merger instrument,No Wexner role appears in the complete exact-charter history or substantive merger instrument,1988-03-09 to 1989-12-22,complete exact live Ohio filing history plus primary merger agreement confirmed; property records not searched,Merged into Architonics 1989-12-22; separate existence ceased and any property vested in the survivor,high successor-aware property follow-up,G343_0266; G774_0107; G774_0128;FINDING:14604,"Estates is a search signal, not proof of landholding. The formation correspondence cover is administrative/counsel evidence only. The sole shareholder is unnamed."
"Palm Properties, Inc.",Palm Properties Inc.; Palm,Ohio corporation / properties-name and verified merger-successor lead,Ohio,720361,dead / merged out,"Principal office: Columbus, Franklin County; Snow/SKWR agent address: 41 S. High St., Suite 2300, Columbus, OH 43215",No parcel or deed identified; search predecessor through 1989-12-22 and Architonics afterward,No Epstein role appears in the complete exact-charter history or substantive merger instrument,No Wexner role appears in the complete exact-charter history or substantive merger instrument,1988-03-09 to 1989-12-22,complete exact live Ohio filing history plus primary merger agreement confirmed; property records not searched,Merged into Architonics 1989-12-22; separate existence ceased and any property vested in the survivor,high successor-aware property follow-up,G343_0231; G774_0107; G774_0164;FINDING:14604,"Properties is a search signal, not proof of landholding. The formation correspondence cover is administrative/counsel evidence only. The sole shareholder is unnamed."
"Timbre Properties, Inc.",Timbre Properties Inc.; Timbre,Ohio corporation / properties-name and verified merger-successor lead,Ohio,720489,dead / merged out,"Principal office: Columbus, Franklin County; Snow/SKWR agent address: 41 S. High St., Suite 2300, Columbus, OH 43215",No parcel or deed identified; search predecessor through 1989-12-22 and Architonics afterward,No Epstein role appears in the complete exact-charter history or substantive merger instrument,No Wexner role appears in the complete exact-charter history or substantive merger instrument,1988-03-09 to 1989-12-22,complete exact live Ohio filing history plus primary merger agreement confirmed; property records not searched,Merged into Architonics 1989-12-22; separate existence ceased and any property vested in the survivor,high successor-aware property follow-up,G344_0548; G774_0107; G774_0179;FINDING:14604,"Properties is a search signal, not proof of landholding. The formation correspondence cover is administrative/counsel evidence only. The sole shareholder is unnamed."
