entity_name,event_date,record_type,record_id,source,role_or_transaction,people,address_or_parcel,verification_level,key_fact,caution
"N.A. Property, Inc.",1992-12-01,foreign license,H482_0333,Ohio Secretary of State,Delaware corporation licensed in Ohio; agent appointment,Robert S. Schwartz,5906 E Dublin-Granville Rd / Ohio record 832364,primary_image_confirmed,Ohio registration and Delaware jurisdiction,Does not itself name Epstein as officer.
"N.A. Property, Inc.",1993-10-27,Form 7,9309_1879,Ohio Secretary of State,Annual report signed by president,Jeffrey Epstein; Jeffrey J. Smith,"c/o Wexner Investment Co., 41 S High St; 5906 E Dublin-Granville Rd",primary_image_confirmed,Epstein signed as president,"One filing-period observation, not proof of continuous service outside the report period."
"N.A. Property, Inc.",1994-05-10,Form 7,4270_1598,Ohio Secretary of State,Annual report signed by president,Jeffrey E. Epstein,Return to 457 Madison Ave 5th Fl; 5906 E Dublin-Granville Rd,primary_image_confirmed,Epstein signed as president and was the return contact,Do not infer beneficial ownership.
"N.A. Property, Inc.",1995-04-12,trade-name filing,5119_0009,Ohio Secretary of State,Registered The New Albany Investment Company,"N.A. Property, Inc.",5906 E Dublin-Granville Rd,primary_image_confirmed,Trade name used since 1995-04-01 for an investment holding company,Trade name is not necessarily a separate entity.
"N.A. Property, Inc.",1995-10-03,Form 7,5374_0707,Ohio Secretary of State,Annual report signed by president,Jeffrey Epstein,5906 E Dublin-Granville Rd,primary_image_confirmed,Epstein signed as president,No removal event.
"N.A. Property, Inc.",1996-10-02,Form 7,5907_0703,Ohio Secretary of State,Annual report signed by president,Jeffrey Epstein,5906 E Dublin-Granville Rd,primary_image_confirmed,Epstein signed as president,No removal event.
"N.A. Property, Inc.",1998-02-24,Form 7 / portal date conflict,199927801808,Ohio Secretary of State,Annual report signed by president,Jeffrey Epstein,5906 E Dublin-Granville Rd,primary_image_confirmed,Document is notarized 1998-02-12 and approved 1998-02-24; portal table shows 1997-09-30,Preserve both the portal and internal dates.
"N.A. Property, Inc.",2008-09-22,agent change,200826701516,Ohio Secretary of State,Statutory agent replaced,Robert S. Schwartz; C T Corporation System,,primary_image_confirmed,Only the statutory agent changed,This is not evidence of Epstein's officer removal.
The New Albany Company LLC,1998-09-21,foreign LLC registration,199826701876,Ohio Secretary of State,N.A. Property was managing member; Epstein signed as its president; Wexner signed as managing member,Jeffrey Epstein; Leslie H. Wexner,5906 E Dublin-Granville Rd / Ohio record 1034132,primary_image_confirmed,Direct Epstein-Wexner corporate-management link,Epstein is not listed as an individual managing member; his authority runs through N.A. Property.
The New Albany Company LLC,1998-10-08,foreign merger,199828200362,Ohio Secretary of State,Predecessor limited partnership merged into LLC,The New Albany Company Limited Partnership,Ohio predecessor 958102,primary_image_confirmed,LLC survived the 1998-10-07 Delaware merger,No officer-removal information.
The New Albany Company LLC,2005-09-30,fax and valuation schedule,DOJ-OGR-00032938; DOJ-OGR-00032937,Kabasshouse / DOJ corpus,Managed and excluded property valuation sent to Epstein,Brent Bradbury; Jeffrey Epstein,New Albany property portfolio,direct_quote_primary_business_record,"Epstein received a property portfolio comparison; remaining managed-property value estimated at $98,508,332",Project labels are not full legal entity names.
"Parkview Financial, Inc.",1983-11-14,articles,F356_1315,Ohio Secretary of State,"LEWEX, INC. incorporated",Stanley Schwartz Jr.,"Columbus, OH / Ohio record 623762",primary_image_confirmed,"Original corporate name was LEWEX, INC.",No Epstein role in the articles.
"Parkview Financial, Inc.",1983-11-29,name-change amendment,F370_1761,Ohio Secretary of State,LEWEX renamed Parkview Financial,Leslie H. Wexner; Stanley Schwartz Jr.,"Columbus, OH",primary_image_confirmed,Wexner signed as president,No Epstein role in this amendment.
"Parkview Financial, Inc.",1985-11-14,agent-address change,F778_1849,Ohio Secretary of State,Agent address moved to 41 S High St,Harold Levin; Stanley Schwartz Jr.,"41 S High St, Columbus, OH",primary_image_confirmed,Harold Levin signed as vice president,Officer sequence predates Epstein's documented 1990 role.
"Parkview Financial, Inc.",1990-12-26,dissolution,H042_1308,Ohio Secretary of State,Corporation dissolved,Leslie H. Wexner; Jeffrey E. Epstein; Lu Klaiber,"c/o Wexner Investment Co., 41 S High St",primary_image_confirmed,Epstein was vice president/treasurer; Wexner was director/president; Epstein signed,Dissolution closes the entity but does not establish when Epstein was first appointed.
HHD & B LLC,1992-11-18,fiduciary deed,199211180228288,Franklin County Recorder,"JW&CPK & Co., trustee, conveyed a 30.368-acre tract and driveway easement to Epstein","Jeffrey E. Epstein; JW&CPK & Co., trustee","Current parcel 222-001350-00; predecessor parcel 222-293; 5025 Granville Road",primary_image_confirmed,"The deed face has a $3,500 conveyance-tax stamp; the separate Auditor sales record reports $3,500,000","The tax stamp is not the sale price; current parcel identity is an Auditor/title crosswalk."
HHD & B LLC,1998-05-13,general warranty deed,199805130116673,Franklin County Recorder,Epstein conveyed the same 30.368-acre tract to H.H.D.&B. LLC,Jeffrey E. Epstein; H.H.D.&B. LLC,"Parcel 222-001350 / 5025 Granville Road; tax mail P.O. Box 204, New Albany",primary_image_confirmed,"The deed states valuable consideration; its $8,000 stamp is conveyance tax and the separate Auditor sales record reports $8,000,000","The deed does not reveal LLC members or beneficial ownership after conveyance."
HHD & B LLC,2001-12-27,notice of commencement,200112270301721,Franklin County Recorder,Notice for alterations to the Rotunda House,HHD&B LLC; A. Charles Miller; Miller & Raved Inc.,30.368 acres / parcel 222-001350,primary_image_confirmed,HHD&B was the owner/part owner/lessee contracting for the improvement,"The lender field says “None” only for improvement financing; it does not establish that the parcel was mortgage-free."
Morsham Land Corp.,1988-01-06,general warranty deed,198801060052123,Franklin County Recorder,Morsham acquired 50.086 acres,Morsham Land Corp.; Leland F. Brubaker; Dorothy Snow,"USML range 17; tax statements to Dorothy Snow at 41 S. High St., Suite 2300",primary_image_confirmed,Dorothy Snow was the named Morsham tax-mailing contact,"A tax-mailing contact is not proof of ownership or beneficial control."
Morsham Land Corp.,1996-11-15,special warranty deed,199611150229244,Franklin County Recorder,Eastern Ohio Holding Company conveyed 35.686 acres to The New Albany Company Limited Partnership,Eastern Ohio Holding Company; The New Albany Company Limited Partnership,35.686 acres USML QT4 T2 R17,primary_image_confirmed,"The deed expressly identifies Eastern Ohio as successor by merger to Morsham","This is direct land-title recital evidence; the Ohio SOS merger packet separately supplies the statutory survivor fact."
Morsham Land Corp.,1997-02-18,special warranty deed,199702180037606,Franklin County Recorder,Eastern Ohio conveyed Morsham-derived acreage to The New Albany Company Limited Partnership,Eastern Ohio Holding Company; Black Sheep Inc.; The New Albany Company Limited Partnership,76.256 acres and related tract detail,primary_image_confirmed,"The deed identifies Eastern Ohio as successor by merger to Morsham","Black Sheep is named as co-grantor but has no separate execution in the reviewed pages; that discrepancy remains unresolved."
Morsham Land Corp.,1997-02-18,special warranty deed,199702180037607,Franklin County Recorder,Eastern Ohio conveyed a 34.058-acre Morsham-derived tract to The New Albany Company Limited Partnership,Eastern Ohio Holding Company; Black Sheep Inc.; The New Albany Company Limited Partnership,34.058 acres USML T2 R17,primary_image_confirmed,"The deed identifies Eastern Ohio as successor by merger to Morsham","Black Sheep's party/execution discrepancy remains unresolved."
Morsham Land Corp.,1995-12-29,merged-out status packet,5422_1216,Ohio Secretary of State,MEX certificate and later processing statement,New Albany Company; W. W. Vaughan III,"5906 E Dublin Granvle Rd., New Albany, OH 43054",primary_image_confirmed,Packet confirms Morsham's merged-out status and routes the later status document to New Albany Company,"This short packet does not name the survivor; the separate substantive packet 5422_1190 does."
"ASW Holdings, Inc.",2000-06-12,Schedule 13D/A,SEC:901359:000090951800000392,SEC EDGAR,"Epstein was president, director, and executive officer",Jeffrey E. Epstein; Abigail S. Wexner,"6525 W Campus Oval, Suite 105",primary_sec_filing_confirmed,Delaware corporation operated from New Albany and was owned by ASW Investments,Exact Ohio SOS name search returned zero; Ohio office does not imply Ohio registration.
"R.A. Property, Inc.",2004-11-19,check record,EFTA01497064,Kabasshouse / JPMorgan record,"NES, LLC paid R.A. Property, Inc. $7,173.96","NES, LLC","423 W Campus Dr, Suite 180, New Albany, OH",direct_quote_primary_business_record,"Exact company name, amount, date, and payee address",Payment purpose and property title are unverified.
New Albany Realty,2005,cash-flow report,EFTA00577400,Kabasshouse,Subsidiary funding line,The New Albany Company,,direct_quote_primary_business_record,New Albany Realty appears as a subsidiary-funding label,"Legal suffix, jurisdiction, and parcel are unknown."
L.A.W. Plantation Management Corp.,unknown,business-information reports,EFTA01387832; EFTA01480668,Kabasshouse embedded secondary records,Candidate officer listings,Jeffrey E. Epstein; Darren Indyke,6525 W Campus Oval; 8000 Walton Pkwy,secondary_aggregator_only,Provides controlled name/address variants for registry search,"Not primary proof of officer role, jurisdiction, or dates."
H.R.E.I. Trust,2003-08-29,Schedule 13D/A,SEC:901359:000090951803000656,SEC EDGAR,Ohio trust with Wexner and Epstein as trustees,Leslie H. Wexner; Jeffrey E. Epstein,"6525 W Campus Oval, Suite 105",primary_sec_filing_confirmed,Direct Ohio trust and role evidence,Not a corporation and not proof of parcel ownership.
Trust 600 / R.H.R.E.I. Trust,2005-09-07,Schedule 13D/A,SEC:901359:000090951805000716,SEC EDGAR,Ohio trusts with Financial Trust Company as trustee,"Jeffrey E. Epstein; Financial Trust Company, Inc.",8000 Walton Pkwy,primary_sec_filing_confirmed,Epstein was sole stockholder/director/president of the corporate trustee,Requires trust/UCC rather than ordinary officer-name registry search.
INN Investment Corp.,1992-06-02,domestic dissolution,H363_1780,Ohio Secretary of State,Dissolution certificate and affidavits,Leslie H. Wexner; Jeffrey E. Epstein; Robert S. Schwartz; Dorothy Snow,"41 S High St., Suites 3710 and 2300, Columbus, OH",primary_image_confirmed,Wexner was director; Epstein was president; Schwartz was assistant secretary; Snow was statutory agent; Epstein and Schwartz signed,The unnamed sole shareholder is not identified. A no-personal-property statement is not a no-real-property statement.
"Cherry Bottom Investors, Inc.",1990-08-31,domestic merger,G946_1533,Ohio Secretary of State,Investors merged into Cherry Bottom Properties,Jeffrey E. Epstein; Stephen P. Campbell; Dorothy Snow,"41 S High St., Suite 2300, Columbus, OH",primary_image_confirmed,Epstein was Investors president and Properties vice president; Properties survived,"The filing does not name either corporation's director or shareholder, and it does not name Wexner."
"Cherry Bottom Investors, Inc.",1990-08-31,merged-out stub,G946_1539,Ohio Secretary of State,Portal-side terminal artifact for Ohio 719718,"Cherry Bottom Investors, Inc.","Roll G946, frames 1539-1541",primary_image_confirmed,The stub records MEX status but does not identify the surviving corporation,"Resolve the edge from the companion merger agreement, not from this stub alone."
"Cherry Bottom Properties, Inc.",1990-08-31,domestic merger survivor,G946_1531,Ohio Secretary of State,Survived merger of Cherry Bottom Investors,Jeffrey E. Epstein; Stephen P. Campbell; Dorothy Snow,"41 S High St., Suite 2300, Columbus, OH",primary_image_confirmed,"Agreement says all assets and property interests, including real estate title, vest in the survivor without further act or deed",Automatic succession means a county recorder may not contain an ordinary predecessor-to-survivor deed.
"Cherry Bottom Properties, Inc.",1998-12-28,domestic dissolution,199836304760,Ohio Secretary of State,Later dissolution of the 1990 survivor,Leslie H. Wexner; Darren K. Indyke; Peggy W. Ugland,"N.A. Property, 5906 E Dublin-Granville Rd.; J. Epstein & Company, 457 Madison Ave.; return to 52 E Gay St.",primary_image_confirmed,Wexner was the sole listed director and president; Indyke was secretary and signer; Ugland was statutory agent,All shareholders authorized dissolution but are unnamed. The internal processing row dated 1999-01-04 must not replace the 1998-12-28 filing date.
"Architonics, Inc.",1989-12-22,23-corporation domestic merger,G774_0107,Ohio Secretary of State,Architonics survived 23 named predecessor corporations,Richard W. Rubenstein; Dorothy Snow,"41 S High St., Columbus, OH",primary_image_confirmed,"The agreement names Architonics as survivor and transfers all predecessor assets, property interests, obligations, and real-estate title",The cohort overlap does not prove Wexner or Epstein ownership.
"West First Plaza, Inc.",1990-07-20,domestic articles,G909_1798,Ohio Secretary of State,Incorporation and original statutory-agent appointment,Richard W. Rubenstein; Dorothy Snow,"41 S High St., Columbus, OH",primary_image_confirmed,Rubenstein was incorporator and Snow accepted appointment as statutory agent,"The articles do not identify Epstein, Wexner, officers, directors, or shareholders."
"West First Plaza, Inc.",1992-12-22,domestic dissolution,H503_1258,Ohio Secretary of State,Dissolution certificate and affidavits,Leslie H. Wexner; Jeffrey E. Epstein; George M. Pryor Jr.; Jeffrey J. Smith; Dorothy Snow,"41 S High St., Suites 3710 and 2300; New Albany Realty Corp., 5757 Johnstown Rd.",primary_image_confirmed,Wexner was director; Epstein president; Pryor vice president; Smith secretary; Snow statutory agent,The unnamed sole shareholder is not identified. A no-personal-property statement is not a no-real-property statement.
"LEWEX, Inc.",1992-12-22,domestic dissolution,H503_1252,Ohio Secretary of State,Dissolution certificate and affidavits,Leslie H. Wexner; Jeffrey E. Epstein; Jeffrey J. Smith; Dorothy Snow,"41 S High St., Suites 3710 and 2300, Columbus, OH",primary_image_confirmed,Wexner was director and president; Epstein vice president and treasurer; Smith secretary; Snow statutory agent,"This is Ohio charter 658220, not Parkview Financial/former LEWEX charter 623762. The unnamed sole shareholder is not identified."
"Park Properties, Inc.",1992-12-22,domestic dissolution and subsequent-agent appointment,H526_0788,Ohio Secretary of State,"Dissolution certificate, affidavits, and Snow appointment acceptance",Leslie H. Wexner; Jeffrey E. Epstein; Jeffrey J. Smith; Dorothy Snow,"41 S High St., Suites 3710 and 2300, Columbus, OH",primary_image_confirmed,Wexner was sole director and president; Epstein vice president; Smith secretary; Snow statutory agent,The unnamed sole shareholder is not identified. A no-personal-property statement is not a no-real-property statement.
C-Wren Investment Corp.,1993-12-30,domestic dissolution,9420_1032,Ohio Secretary of State,Dissolution certificate and affidavits,Leslie H. Wexner; Jeffrey E. Epstein; Jeffrey J. Smith; Dorothy Snow,"41 S High St., Suites 3710 and 2300, Columbus, OH",primary_image_confirmed,Wexner was sole director and president; Epstein vice president and treasurer; Smith secretary; Snow statutory agent,The unnamed sole shareholder is not identified. A no-personal-property statement is not a no-real-property statement.
"PFI Leasing, Inc.",1990-12-26,domestic dissolution,H043_1630,Ohio Secretary of State,Dissolution certificate and affidavits,Leslie H. Wexner; Jeffrey E. Epstein; Jerry L. Merritt; Stephen P. Campbell; Lu Klaiber; Stanley Schwartz Jr.,"41 S High St., Suite 3710, Columbus, OH",primary_image_confirmed,Wexner was director and president; Epstein vice president and treasurer; Merritt and Campbell vice presidents; Klaiber secretary,Outside the Snow export. The unnamed sole shareholder is not identified; no leased asset is identified.
Rocky Fork Development Corporation,1992-12-29,domestic dissolution,H509_0296,Ohio Secretary of State,Dissolution certificate and affidavits,Leslie H. Wexner; Jeffrey E. Epstein; Jeffrey J. Smith; Richard W. Rubenstein,"41 S High St., Suites 3710 and 2300, Columbus, OH",primary_image_confirmed,Wexner was sole director and president; Epstein vice president; Smith secretary; Rubenstein statutory agent,Outside the Snow export but the confirmed 1987 survivor of Snow-cohort Bearce Hollow. The unnamed sole shareholder is not identified.
City Centre Investment Corp.,1994-12-28,domestic dissolution,5024_1021,Ohio Secretary of State,"Dissolution certificate submitted by Vorys, Sater, Seymour and Pease",Leslie H. Wexner; Jeffrey Epstein; Peggy Ugland; Jeffrey J. Smith; Richard W. Rubenstein,"41 S High St., Suite 3710, Columbus, OH",primary_image_confirmed,Wexner was director; Epstein president; Ugland vice president; Smith secretary; Rubenstein statutory agent,"Portal and received stamp say December 28, while the signature page says December 29. Preserve both rather than silently harmonizing them."
Wexner Investment Company,1994-12-29,domestic dissolution,5028_0684,Ohio Secretary of State,"Terminal officer and director list submitted by Vorys, Sater, Seymour and Pease",Leslie H. Wexner; Peggy Ugland; Jeffrey J. Smith; Robert S. Schwartz,"41 S High St., Suites 3710 and 2300, Columbus, OH",primary_image_confirmed,"The reviewed dissolution lists Wexner as director, Ugland as vice president, Smith as secretary, and Schwartz as agent; it does not list Epstein","This is a bounded terminal-filing negative, not proof that Epstein never held an earlier role. The cover letter appears to contain a copied City Centre name."
"ESPER, INC.",1986-10-02,domestic articles,G011_0438,Ohio Secretary of State,Formation and original statutory-agent appointment,Richard W. Rubenstein; Dorothy Snow,"41 South High St., Suite 2300, Columbus, OH 43215",primary_image_confirmed,Rubenstein was incorporator and Snow accepted appointment as statutory agent,"The articles list no officers, directors, shareholders, parcels, Epstein, or Wexner."
"ESPER, INC.",1988-02-29,domestic dissolution,G343_1665,Ohio Secretary of State,Dissolution certificate and affidavits,Harold L. Levin; Stephen P. Campbell; John W. Kessler; John B. McCoy; Dorothy Snow,"41 South High St., Suites 2300 3700 and 3710; 100 E Broad St.",primary_image_confirmed,Levin was director/president/treasurer; Campbell vice president/secretary; Kessler and McCoy directors,The shareholder is unnamed; no survivor is identified; the no-personal-property affidavit does not address real estate. Two other history rows lack live images.
"Community Projects, Inc.",1991-08-13,domestic articles,H177_0680,Ohio Secretary of State,Formation and original statutory-agent appointment,Ted B. Hipsher; Dorothy Snow,"41 South High St., Suite 2300, Columbus, OH 43215",primary_image_confirmed,Hipsher was incorporator and Snow was original statutory agent,"The articles identify no officers, directors, shareholders, parcels, Epstein, or Wexner."
"Community Projects, Inc.",1998-09-18,New Albany partnership name consent and LLC registration context,199826701876,Ohio Secretary of State,Community Projects and N.A. Property acted as New Albany LP general partners,Leslie H. Wexner; Jeffrey Epstein,"5906 E Dublin-Granville Rd., New Albany, OH 43054",primary_image_confirmed,Wexner signed as Community Projects president and Epstein as N.A. Property president,"The page omits Community Projects' charter number; the join to Ohio 801367 is high-confidence synthesis, not a printed-charter fact."
"Community Projects, Inc.",1998-11-12,domestic dissolution,199831701001,Ohio Secretary of State,Dissolution certificate and affidavits,Leslie H. Wexner; Darren K. Indyke,"One Whitebarn Rd.; 5906 E Dublin-Granville Rd., New Albany, OH",primary_image_confirmed,Wexner was sole listed director and president; Indyke was secretary,Shareholders are unnamed; Epstein is not listed; no asset recipient is identified; no-personal-property language does not address real estate.
Morsham Land Corp.,1987-12-14,domestic articles,G290_1448,Ohio Secretary of State,Formation and original statutory-agent appointment,Dorothy Snow,"41 South High St., Suite 2300, Columbus, OH 43215",primary_image_confirmed,Snow was incorporator and original statutory agent,"The articles identify no officers, directors, shareholders, parcel, Epstein, Wexner, or New Albany Company."
"Northeast Franklin Company, Inc.",1987-10-08,domestic articles,G255_1344,Ohio Secretary of State,Formation and original statutory-agent appointment,Robert N. Wistner,"475 Metro Place North, Suite 200, Dublin, OH 43017",primary_image_confirmed,Wistner was incorporator and original statutory agent,"Snow does not appear in this packet; it identifies no officers, directors, shareholders, parcels, Epstein, or Wexner."
"Northeast Franklin Company, Inc.",1988-12-28,domestic dissolution,G532_1162;OH-SOS:728764:G532_0974,Ohio Secretary of State,Dissolution certificate and affidavits,Stanley Schwartz Jr.; Richard W. Rubenstein; Dorothy Snow,"41 South High St., 23rd Floor, Columbus, OH 43215",primary_image_confirmed,Schwartz was chairman/president/director; Rubenstein vice president/treasurer/director; Snow secretary/director,"The sole shareholder is unnamed. The linked agent row has no visible separate appointment form; no-personal-property language does not address real estate. Argotron G532_0974 p.7 establishes inclusion in a 46-company administrative dissolution batch; it does not establish common ownership, common control, a shared property portfolio, or beneficial ownership."
"New Albany Properties, Inc.",1987-10-16,domestic articles,G257_1502,Ohio Secretary of State,Formation and original statutory-agent appointment,Robert N. Wistner,"475 Metro Place North, Suite 200, Dublin, OH 43017",primary_image_confirmed,Wistner was incorporator and original statutory agent,"This charter is not N.A. Property, Inc. Ohio 832364; no officers, directors, shareholders, parcels, Epstein, or Wexner appear."
"New Albany Properties, Inc.",1988-12-28,domestic dissolution,G532_1150;OH-SOS:728764:G532_0974,Ohio Secretary of State,Dissolution certificate and affidavits,Stanley Schwartz Jr.; Kenneth S. Warren; Richard W. Rubenstein; Dorothy Snow,"41 South High St., 23rd Floor, Columbus, OH 43215",primary_image_confirmed,Law-firm personnel served as officers/directors; Snow was secretary,"The sole shareholder is unnamed. No Epstein or Wexner appears; no-personal-property language does not address real estate. Argotron G532_0974 p.7 establishes inclusion in a 46-company administrative dissolution batch; it does not establish common ownership, common control, a shared property portfolio, or beneficial ownership."
"New Albany Cardinal Associates, Inc.",1989-05-15,domestic articles,G621_0906,Ohio Secretary of State,Formation and original statutory-agent appointment,Ted B. Hipsher; Dorothy Snow,"41 South High St., Columbus, OH 43215",primary_image_confirmed,Hipsher was incorporator and Snow was original statutory agent,"The articles identify no officers, directors, shareholders, parcels, Epstein, or Wexner."
"New Albany Cardinal Associates, Inc.",1995-12-29,merged-out status packet,5422_1201,Ohio Secretary of State,MEX certificate and later processing statement,New Albany Company; W. W. Vaughn III,"5906 E Dublin-Granville Rd., New Albany, OH 43054",primary_image_confirmed,Packet confirms merged-out status and routes the status document to New Albany Company,The packet names no survivor or other constituent; same-date routing with Morsham supports a batch lead only.
"Plain Designs, Incorporated",1987-12-10,domestic articles,G287_0729,Ohio Secretary of State,Formation and original statutory-agent appointment,Dorothy Snow,"41 South High St., Suite 2300, Columbus, OH 43215",primary_image_confirmed,Snow was incorporator and original statutory agent,"General-purpose articles identify no officers, directors, shareholders, parcel, Epstein, or Wexner."
"Plain Designs, Incorporated",1988-12-28,domestic dissolution,G532_1174;OH-SOS:728764:G532_0974,Ohio Secretary of State,Dissolution certificate and affidavits,Stanley Schwartz Jr.; Richard W. Rubenstein; Dorothy Snow,"41 South High St., 23rd Floor, Columbus, OH 43215",primary_image_confirmed,Common law-firm officer pattern; unnamed sole shareholder,"No Epstein or Wexner appears; no-personal-property language does not address real estate. Argotron G532_0974 p.7 establishes inclusion in a 46-company administrative dissolution batch; it does not establish common ownership, common control, a shared property portfolio, or beneficial ownership."
"Hareck Enterprises, Inc.",1987-12-10,domestic articles,G287_0735,Ohio Secretary of State,Formation and original statutory-agent appointment,Dorothy Snow,"41 South High St., Suite 2300, Columbus, OH 43215",primary_image_confirmed,Snow was incorporator and original statutory agent,"General-purpose articles identify no officers, directors, shareholders, parcel, Epstein, or Wexner."
"Hareck Enterprises, Inc.",1988-12-28,domestic dissolution,G532_1090;OH-SOS:728764:G532_0974,Ohio Secretary of State,Dissolution certificate and affidavits,Stanley Schwartz Jr.; Richard W. Rubenstein; Dorothy Snow,"41 South High St., 23rd Floor, Columbus, OH 43215",primary_image_confirmed,Common law-firm officer pattern; unnamed sole shareholder,"No Epstein or Wexner appears; no-personal-property language does not address real estate. Argotron G532_0974 p.7 establishes inclusion in a 46-company administrative dissolution batch; it does not establish common ownership, common control, a shared property portfolio, or beneficial ownership."
"Maplegrove Properties, Inc.",1987-12-10,domestic articles,G287_0741,Ohio Secretary of State,Formation and original statutory-agent appointment,Dorothy Snow,"41 South High St., Suite 2300, Columbus, OH 43215",primary_image_confirmed,Snow was incorporator and original statutory agent,"General-purpose articles identify no officers, directors, shareholders, parcel, Epstein, or Wexner."
"Maplegrove Properties, Inc.",1988-12-28,domestic dissolution,G532_1132;OH-SOS:728764:G532_0974,Ohio Secretary of State,Dissolution certificate and affidavits,Stanley Schwartz Jr.; Richard W. Rubenstein; Dorothy Snow,"41 South High St., 23rd Floor, Columbus, OH 43215",primary_image_confirmed,Common law-firm officer pattern; unnamed sole shareholder,"No Epstein or Wexner appears; no-personal-property language does not address real estate. Argotron G532_0974 p.7 establishes inclusion in a 46-company administrative dissolution batch; it does not establish common ownership, common control, a shared property portfolio, or beneficial ownership."
"Redwood Stables, Inc.",1987-12-10,domestic articles,G287_0747,Ohio Secretary of State,Formation and original statutory-agent appointment,Dorothy Snow,"41 South High St., Suite 2300, Columbus, OH 43215",primary_image_confirmed,Snow was incorporator and original statutory agent,"General-purpose articles identify no officers, directors, shareholders, parcel, Epstein, or Wexner."
"Redwood Stables, Inc.",1988-12-28,domestic dissolution,G532_1192;OH-SOS:728764:G532_0974,Ohio Secretary of State,Dissolution certificate and affidavits,Stanley Schwartz Jr.; Richard W. Rubenstein; Dorothy Snow,"41 South High St., 23rd Floor, Columbus, OH 43215",primary_image_confirmed,Common law-firm officer pattern; unnamed sole shareholder,"No Epstein or Wexner appears; no-personal-property language does not address real estate. Argotron G532_0974 p.7 establishes inclusion in a 46-company administrative dissolution batch; it does not establish common ownership, common control, a shared property portfolio, or beneficial ownership."
"Autumn Acres, Inc.",1987-12-14,domestic articles,G290_1405,Ohio Secretary of State,Formation and original statutory-agent appointment,Dorothy Snow,"41 South High St., Suite 2300, Columbus, OH 43215",primary_image_confirmed,Snow was incorporator and original statutory agent,"General-purpose articles identify no officer, director, shareholder, parcel, Epstein, or Wexner."
"Autumn Acres, Inc.",1990-12-28,domestic merger,H052_1482,Ohio Secretary of State,Survivor of seven merged Ohio corporations,Richard W. Rubenstein; Dorothy Snow,"41 South High St., Columbus, OH 43215",primary_image_confirmed,"Agreement expressly names Autumn Acres as survivor and transfers all predecessor assets, property, real-estate interests, and liabilities",No specific parcel or shareholder is named. Autumn's next-day dissolution image G052_1517 is unavailable.
"Blackford Investments, Inc.",1987-12-14,domestic articles,G290_1412,Ohio Secretary of State,Formation and original statutory-agent appointment,Dorothy Snow,"41 South High St., Suite 2300, Columbus, OH 43215",primary_image_confirmed,Snow was incorporator and original statutory agent,"The articles identify no officer, director, shareholder, parcel, Epstein, or Wexner."
"Blackford Investments, Inc.",1988-12-28,domestic dissolution,G532_0982;OH-SOS:728764:G532_0974,Ohio Secretary of State,Dissolution certificate and affidavits,Stanley Schwartz Jr.; Kenneth J. Farley; Richard W. Rubenstein; Dorothy Snow,"41 South High St., 23rd Floor, Columbus, OH 43215",primary_image_confirmed,Schwartz was chairman/president; Rubenstein vice president/treasurer; Snow secretary; Farley a director,"The sole shareholder is unnamed; no-personal-property language does not address real estate. Argotron G532_0974 p.7 establishes inclusion in a 46-company administrative dissolution batch; it does not establish common ownership, common control, a shared property portfolio, or beneficial ownership."
"Blendon Farms, Inc.",1987-12-14,domestic articles,G290_1424,Ohio Secretary of State,Formation and original statutory-agent appointment,Dorothy Snow,"41 South High St., Suite 2300, Columbus, OH 43215",primary_image_confirmed,Snow was incorporator and original statutory agent,"The articles identify no officer, director, shareholder, parcel, Epstein, or Wexner."
"Blendon Farms, Inc.",1988-12-28,domestic dissolution,G532_0988;OH-SOS:728764:G532_0974,Ohio Secretary of State,Dissolution certificate and affidavits,Stanley Schwartz Jr.; Kenneth J. Farley; Richard W. Rubenstein; Dorothy Snow,"41 South High St., 23rd Floor, Columbus, OH 43215",primary_image_confirmed,Schwartz was chairman/president; Rubenstein vice president/treasurer; Snow secretary; Farley a director,"The sole shareholder is unnamed; no-personal-property language does not address real estate. Argotron G532_0974 p.7 establishes inclusion in a 46-company administrative dissolution batch; it does not establish common ownership, common control, a shared property portfolio, or beneficial ownership."
Harlem Investment Corporation,1987-12-14,domestic articles,G290_1430,Ohio Secretary of State,Formation and original statutory-agent appointment,Dorothy Snow,"41 South High St., Suite 2300, Columbus, OH 43215",primary_image_confirmed,Snow was incorporator and original statutory agent,"The articles identify no officer, director, shareholder, parcel, Epstein, or Wexner."
Harlem Investment Corporation,1988-12-28,domestic dissolution,G532_1096;OH-SOS:728764:G532_0974,Ohio Secretary of State,Dissolution certificate and affidavits,Stanley Schwartz Jr.; Kenneth S. Warren; Richard W. Rubenstein; Dorothy Snow,"41 South High St., 23rd Floor, Columbus, OH 43215",primary_image_confirmed,Schwartz was chairman/president; Rubenstein vice president/treasurer; Snow secretary; Warren a director,"The sole shareholder is unnamed; no-personal-property language does not address real estate. Argotron G532_0974 p.7 establishes inclusion in a 46-company administrative dissolution batch; it does not establish common ownership, common control, a shared property portfolio, or beneficial ownership."
"Ivy Hearth Properties, Inc.",1987-12-14,domestic articles,G290_1436,Ohio Secretary of State,Formation and original statutory-agent appointment,Dorothy Snow,"41 South High St., Suite 2300, Columbus, OH 43215",primary_image_confirmed,Snow was incorporator and original statutory agent,"The articles identify no officer, director, shareholder, parcel, Epstein, or Wexner."
"Ivy Hearth Properties, Inc.",1988-12-28,domestic dissolution,G532_1108;OH-SOS:728764:G532_0974,Ohio Secretary of State,Dissolution certificate and affidavits,Stanley Schwartz Jr.; Kenneth S. Warren; Richard W. Rubenstein; Dorothy Snow,"41 South High St., 23rd Floor, Columbus, OH 43215",primary_image_confirmed,Schwartz was chairman/president; Rubenstein vice president/treasurer; Snow secretary; Warren a director,"The sole shareholder is unnamed; no-personal-property language does not address real estate. Argotron G532_0974 p.7 establishes inclusion in a 46-company administrative dissolution batch; it does not establish common ownership, common control, a shared property portfolio, or beneficial ownership."
"Rockyriver Properties, Inc.",1987-12-14,domestic articles,G290_1454,Ohio Secretary of State,Formation and original statutory-agent appointment,Dorothy Snow,"41 South High St., Suite 2300, Columbus, OH 43215",primary_image_confirmed,Snow was incorporator and original statutory agent,"The articles identify no officer, director, shareholder, parcel, Epstein, or Wexner."
"Rockyriver Properties, Inc.",1988-12-28,domestic dissolution,G532_1210;OH-SOS:728764:G532_0974,Ohio Secretary of State,Dissolution certificate and affidavits,Stanley Schwartz Jr.; Kenneth S. Warren; Richard W. Rubenstein; Dorothy Snow,"41 South High St., 23rd Floor, Columbus, OH 43215",primary_image_confirmed,Schwartz was chairman/president; Rubenstein vice president/treasurer; Snow secretary; Warren a director,"The scan is out of page order but complete; the sole shareholder is unnamed and no-personal-property language does not address real estate. Argotron G532_0974 p.7 establishes inclusion in a 46-company administrative dissolution batch; it does not establish common ownership, common control, a shared property portfolio, or beneficial ownership."
"Deerfield Meadows, Inc.",1987-12-22,domestic articles,G294_1118,Ohio Secretary of State,Formation and original statutory-agent appointment,Dorothy Snow,"41 South High St., Suite 2300, Columbus, OH 43215",primary_image_confirmed,Snow was incorporator and original statutory agent,"The articles identify no officer, director, shareholder, parcel, Epstein, or Wexner."
"Deerfield Meadows, Inc.",1990-12-28,merged-out status and reciprocal agreement,H052_1489;H052_1482,Ohio Secretary of State,"Merged into Autumn Acres, Inc.",Richard W. Rubenstein; Dorothy Snow,"41 South High St., Columbus, OH 43215",primary_image_confirmed,The substantive agreement names Autumn as survivor; the exact-charter MEX packet alone does not,The sole shareholder is unnamed and no specific parcel is identified.
Landes Management Corporation,1988-05-13,domestic articles,G379_0229,Ohio Secretary of State,Formation and original statutory-agent appointment,Dorothy Snow,"41 South High St., Suite 2300, Columbus, OH 43215",primary_image_confirmed,Snow was incorporator and original statutory agent,"The articles identify no officer, director, shareholder, parcel, Epstein, or Wexner."
Landes Management Corporation,1990-12-28,merged-out status and reciprocal agreement,H052_1492;H052_1482,Ohio Secretary of State,"Merged into Autumn Acres, Inc.",Richard W. Rubenstein; Dorothy Snow,"41 South High St., Columbus, OH 43215",primary_image_confirmed,The substantive agreement names Autumn as survivor; the exact-charter MEX packet alone does not,The sole shareholder is unnamed and no specific parcel is identified.
Maycor Incorporated,1988-05-13,domestic articles,G379_0235,Ohio Secretary of State,Formation and original statutory-agent appointment,Dorothy Snow,"41 South High St., Suite 2300, Columbus, OH 43215",primary_image_confirmed,Snow was incorporator and original statutory agent,"The articles identify no officer, director, shareholder, parcel, Epstein, or Wexner."
Maycor Incorporated,1990-12-28,merged-out status and reciprocal agreement,H052_1495;H052_1482,Ohio Secretary of State,"Merged into Autumn Acres, Inc.",Richard W. Rubenstein; Dorothy Snow,"41 South High St., Columbus, OH 43215",primary_image_confirmed,The substantive agreement names Autumn as survivor; the exact-charter MEX packet alone does not,The sole shareholder is unnamed and no specific parcel is identified.
"New Albany 84, Inc. / New Albany 74, Inc.",1987-04-02,domestic articles,G131_1185,Ohio Secretary of State,Formation under former name and original statutory-agent appointment,Robert N. Wistner,"475 Metro Place North, Suite 200, Dublin, OH 43017-1374",primary_image_confirmed,Ohio charter 698295 was formed as New Albany 84; Wistner was incorporator and agent,"The articles identify no initial officer, director, shareholder, parcel, Epstein, or Wexner."
"New Albany 74, Inc.",1987-04-16,amendment to articles,G148_0780,Ohio Secretary of State,Name change from New Albany 84 under the same charter,Paul S. Coppel; Dorothy Snow,"SKWR return route, 41 South High St., Columbus, OH 43215",primary_image_confirmed,Coppel signed as vice president and Snow as secretary; the unnamed holder of all voting common shares approved the rename,"One charter, not two entities; the filing does not identify the shareholder as Epstein or Wexner."
"New Albany 74, Inc.",1990-12-28,merged-out status and reciprocal agreement,H052_1498;H052_1482,Ohio Secretary of State,"Merged into Autumn Acres, Inc.",Richard W. Rubenstein; Dorothy Snow,"41 South High St., Columbus, OH 43215",primary_image_confirmed,The substantive agreement names Autumn as survivor; the exact-charter MEX packet alone does not,The sole shareholder is unnamed and no specific parcel is identified.
"129 Associates, Inc.",1987-04-02,domestic articles,G131_1191,Ohio Secretary of State,Formation and original statutory-agent appointment,Robert N. Wistner,"475 Metro Place North, Suite 200, Dublin, OH 43017-1374",primary_image_confirmed,Wistner was incorporator and original statutory agent,"Sequential charter with 698295 supports a formation batch, not common ownership; no Epstein or Wexner appears."
"129 Associates, Inc.",1990-12-28,merged-out status and reciprocal agreement,H052_1501;H052_1482,Ohio Secretary of State,"Merged into Autumn Acres, Inc.",Richard W. Rubenstein; Dorothy Snow,"41 South High St., Columbus, OH 43215",primary_image_confirmed,The substantive agreement names Autumn as survivor; the exact-charter MEX packet alone does not,The sole shareholder is unnamed and no specific parcel is identified.
Rockyridge Development Corp.,1987-12-22,domestic articles,G294_1075,Ohio Secretary of State,Formation and original statutory-agent appointment,Dorothy Snow; Len Loraditch,"41 South High St., Suite 2300, Columbus, OH 43215",primary_image_confirmed,Snow was incorporator and original statutory agent; Loraditch appears only as filing return contact,"The articles identify no officer, director, shareholder, parcel, Epstein, or Wexner."
Rockyridge Development Corp.,1990-12-28,merged-out status and reciprocal agreement,H052_1504;H052_1482,Ohio Secretary of State,"Merged into Autumn Acres, Inc.",Richard W. Rubenstein; Dorothy Snow,"41 South High St., Columbus, OH 43215",primary_image_confirmed,The substantive agreement names Autumn as survivor; the exact-charter MEX packet alone does not,The sole shareholder is unnamed and no specific parcel is identified.
"Tumbleweed Estates, Inc.",1987-12-22,domestic articles,G294_1088,Ohio Secretary of State,Formation and original statutory-agent appointment,Dorothy Snow,"41 South High St., Suite 2300, Columbus, OH 43215",primary_image_confirmed,Snow was incorporator and original statutory agent,"The articles identify no officer, director, shareholder, parcel, Epstein, or Wexner."
"Tumbleweed Estates, Inc.",1990-12-28,merged-out status and reciprocal agreement,H052_1507;H052_1482,Ohio Secretary of State,"Merged into Autumn Acres, Inc.",Richard W. Rubenstein; Dorothy Snow,"41 South High St., Columbus, OH 43215",primary_image_confirmed,The substantive agreement names Autumn as survivor; the exact-charter MEX packet alone does not,The sole shareholder is unnamed and no specific parcel is identified.
"Bearce Hollow, Inc.",1987-12-31,domestic merger,G313_0688,Ohio Secretary of State,Merged into Rocky Fork Development Corporation,Harold L. Levin; Paul S. Coppel; Richard W. Rubenstein,"41 South High St., Columbus, OH 43215",primary_image_confirmed,Agreement expressly names Bearce as merging corporation and Rocky Fork as survivor,"The mutual/sole shareholder is unnamed. Any Bearce property passed to Rocky Fork, but no parcel is identified; Epstein, Wexner, and Snow are absent."
Rocky Fork Development Corporation,1987-12-31,domestic merger,G313_0688,Ohio Secretary of State,Survivor of Bearce Hollow merger,Harold L. Levin; Richard W. Rubenstein,"41 South High St., Columbus, OH 43215",primary_image_confirmed,"Rocky Fork continued and succeeded to all Bearce assets, property, real-estate interests, and liabilities",No actual property holding is identified. This packet predates and does not name Epstein or Wexner.
"Eastside Industrial, Inc.",1986-12-05,domestic articles,G046_1780,Ohio Secretary of State,Formation and original statutory-agent appointment,G. L. Hatfield; C T Corporation System,"Columbus, Franklin County; Carew Tower, Cincinnati, OH 45202",primary_image_confirmed,Formed with 750 no-par common shares and generic lawful-purpose language,"The packet names no officer, director, shareholder, parcel, Epstein, or Wexner; its cover letter batches Gahanna Trucking and Great Eastern Fastening."
Great Eastern Fastening Corp.,1986-12-05,domestic articles,G046_1772,Ohio Secretary of State,Formation and original statutory-agent appointment,G. L. Hatfield; C T Corporation System,"Columbus, Franklin County; Carew Tower, Cincinnati, OH 45202",primary_image_confirmed,Formed with 750 no-par common shares and generic lawful-purpose language,"The packet names no officer, director, shareholder, parcel, Epstein, or Wexner; its cover letter batches Gahanna Trucking and Eastside Industrial."
"Eastside Industrial, Inc.",1987-12-17,subsequent agent appointment,G296_1217,Ohio Secretary of State,Dorothy Snow succeeded C T Corporation System as statutory agent,Paul S. Coppel; Dorothy Snow,"41 S. High Street, Suite 2300, Columbus, OH 43215",primary_image_confirmed,Coppel signed as secretary; the form was executed 1987-12-11 and recorded 1987-12-17,"Agent status does not establish ownership, an officer role, or a property interest."
Great Eastern Fastening Corp.,1987-12-17,subsequent agent appointment,G296_1223,Ohio Secretary of State,Dorothy Snow succeeded C T Corporation System as statutory agent,Paul S. Coppel; Dorothy Snow,"41 S. High Street, Suite 2300, Columbus, OH 43215",primary_image_confirmed,Coppel signed as secretary; the form was executed 1987-12-11 and recorded 1987-12-17,"Agent status does not establish ownership, an officer role, or a property interest."
Great Eastern Fastening Corp.,1989-12-22,merged-out status and reciprocal agreement,G769_0695;G769_0688,Ohio Secretary of State,"Merged into Eastside Industrial, Inc.","Harold L. Levin; Stanley Schwartz, Jr.","41 S. High Street, Columbus, OH 43215",primary_image_confirmed,The substantive agreement names Great Eastern as merged corporation and Eastside as survivor,The exact-charter MEX packet alone omits the survivor. The sole shareholder is unnamed and no specific parcel is identified.
"Eastside Industrial, Inc.",1989-12-22,domestic merger,G769_0688,Ohio Secretary of State,Survivor of Great Eastern Fastening merger,"Harold L. Levin; Stanley Schwartz, Jr.","41 S. High Street, Columbus, OH 43215",primary_image_confirmed,"Eastside continued and succeeded to all Great Eastern assets, property, real-estate interests, and liabilities","No actual property holding is identified; Epstein, Wexner, and Snow are absent from the merger packet."
"Eastside Industrial, Inc.",1989-12-29,domestic dissolution,G805_0338,Ohio Secretary of State,Dissolved one week after surviving the Great Eastern merger,"Harold L. Levin; Stanley Schwartz, Jr.; Dorothy Snow","41 S. High Street, Suites 3710 and 2300, Columbus, OH 43215",primary_image_confirmed,Levin was president and sole director; Schwartz secretary; Snow statutory agent; sole shareholder unnamed,The no-personal-property affidavit does not rule out real estate and the packet names no asset recipient.
"Carlisle Meadows, Inc.",1986-12-02,domestic articles,G043_1702,Ohio Secretary of State,Formation and original statutory-agent appointment,G. L. Hatfield; CT Corporation System,"Columbus, Franklin County; CT Corporation System, Carew Tower, Cincinnati, OH 45202",primary_image_confirmed,Hatfield was incorporator; CT Corporation System was original statutory agent; articles authorized 750 no-par common shares,"The generic articles identify no officer, director, shareholder, parcel, Epstein, or Wexner."
"Carlisle Meadows, Inc.",1987-12-17,domestic agent subsequent appointment,G296_1208,Ohio Secretary of State,Subsequent statutory-agent appointment,Dorothy Snow; Paul S. Coppel,"c/o Schwartz, Kelm, Warren & Rubenstein, 41 S. High Street, Suite 2300, Columbus, OH 43215",primary_image_confirmed,Snow succeeded CT Corporation System; Coppel signed as Secretary on 1987-12-11,An agent appointment and secretary signature are administrative roles and do not establish ownership.
"Carlisle Meadows, Inc.",1988-12-28,domestic dissolution,G532_0994;OH-SOS:728764:G532_0974,Ohio Secretary of State,Voluntary dissolution certificate and affidavits,"Harold L. Levin; Stanley Schwartz, Jr.; Dorothy Snow","41 S. High St., Suite 3710 and 23rd Floor, Columbus, OH 43215",primary_image_confirmed,"Levin was president, treasurer, and sole director; Schwartz secretary; Snow statutory agent; sole shareholder unnamed","Papers were executed 1988-12-22 and certified 1988-12-29. No-personal-property language does not address real estate; no merger or asset recipient is named. Argotron G532_0974 p.7 establishes inclusion in a 46-company administrative dissolution batch; it does not establish common ownership, common control, a shared property portfolio, or beneficial ownership."
"Daiseyland Farms, Inc.",1986-12-01,domestic articles,G041_1751,Ohio Secretary of State,Formation and original statutory-agent appointment,C. A. Record; CT Corporation System,"Columbus, Franklin County; CT Corporation System, Carew Tower, Cincinnati, OH 45202; return routed to Schwartz & Kelm, 41 S. High St.",primary_image_confirmed,Record was incorporator; CT Corporation System was original statutory agent; articles authorized 750 no-par common shares,"The Schwartz & Kelm return route is an administrative link, not ownership evidence; the articles name no officer, director, shareholder, parcel, Epstein, or Wexner."
"Daiseyland Farms, Inc.",1987-12-17,domestic agent subsequent appointment,G296_1214,Ohio Secretary of State,Subsequent statutory-agent appointment,Dorothy Snow; Paul S. Coppel,"c/o Schwartz, Kelm, Warren & Rubenstein, 41 S. High Street, Suite 2300, Columbus, OH 43215",primary_image_confirmed,Snow succeeded CT Corporation System; Coppel signed as Secretary on 1987-12-11,An agent appointment and secretary signature are administrative roles and do not establish ownership.
"Daiseyland Farms, Inc.",1990-12-28,domestic dissolution,H052_1510,Ohio Secretary of State,Voluntary dissolution certificate and affidavits,Harold L. Levin; Dorothy Snow; Paul S. Coppel,"41 S. High St., Suites 1750 and 2300, Columbus, OH 43215",primary_image_confirmed,"The filing spells the name Daisyland; Levin was president, treasurer, and sole director; Snow vice president and agent; Coppel secretary; sole shareholder unnamed","Daisyland is a document spelling variant, not a proven name change. No-personal-property language does not address real estate; no merger or asset recipient is named."
"Frontier Hills, Inc.",1986-12-02,domestic articles,G043_1694,Ohio Secretary of State,Formation and original statutory-agent appointment,G. L. Hatfield; CT Corporation System,"Columbus, Franklin County; CT Corporation System, Carew Tower, Cincinnati, OH 45202",primary_image_confirmed,Hatfield was incorporator; CT Corporation System was original statutory agent; articles authorized 750 no-par common shares,"The generic articles identify no officer, director, shareholder, parcel, Epstein, or Wexner."
"Frontier Hills, Inc.",1987-12-17,domestic agent subsequent appointment,G296_1195,Ohio Secretary of State,Subsequent statutory-agent appointment,Dorothy Snow; Paul S. Coppel,"c/o Schwartz, Kelm, Warren & Rubenstein, 41 S. High Street, Suite 2300, Columbus, OH 43215",primary_image_confirmed,Snow succeeded CT Corporation System; Coppel signed as Secretary on 1987-12-11,An agent appointment and secretary signature are administrative roles and do not establish ownership.
"Frontier Hills, Inc.",1988-12-28,domestic dissolution,G532_1066;OH-SOS:728764:G532_0974,Ohio Secretary of State,Voluntary dissolution certificate and affidavits,"Harold L. Levin; Stanley Schwartz, Jr.; Dorothy Snow","41 S. High St., Suite 3710 and 23rd Floor, Columbus, OH 43215",primary_image_confirmed,"Levin was president, treasurer, and sole director; Schwartz secretary; Snow statutory agent; sole shareholder unnamed","Papers were executed 1988-12-22 and certified 1988-12-29. No-personal-property language does not address real estate; no merger or asset recipient is named. Argotron G532_0974 p.7 establishes inclusion in a 46-company administrative dissolution batch; it does not establish common ownership, common control, a shared property portfolio, or beneficial ownership."
"Gahanna Trucking, Inc.",1986-12-05,domestic articles,G046_1764,Ohio Secretary of State,Formation and original statutory-agent appointment,G. L. Hatfield; CT Corporation System,"Columbus, Franklin County; CT Corporation System, Carew Tower, Cincinnati, OH 45202",primary_image_confirmed,Hatfield was incorporator and CT original agent; the cover letter grouped Gahanna with Great Eastern Fastening and Eastside Industrial,"The cover letter proves a filing batch, not common ownership; the articles identify no officer, director, shareholder, parcel, Epstein, or Wexner."
"Gahanna Trucking, Inc.",1987-12-17,domestic agent subsequent appointment,G296_1220,Ohio Secretary of State,Subsequent statutory-agent appointment,Dorothy Snow; Paul S. Coppel,"c/o Schwartz, Kelm, Warren & Rubenstein, 41 S. High Street, Suite 2300, Columbus, OH 43215",primary_image_confirmed,Snow succeeded CT Corporation System; Coppel signed as Secretary on 1987-12-11,An agent appointment and secretary signature are administrative roles and do not establish ownership.
"Gahanna Trucking, Inc.",1988-12-28,domestic dissolution,G532_1072;OH-SOS:728764:G532_0974,Ohio Secretary of State,Voluntary dissolution certificate and affidavits,"Harold L. Levin; Stanley Schwartz, Jr.; Dorothy Snow","41 S. High St., Suite 3710 and 23rd Floor, Columbus, OH 43215",primary_image_confirmed,"Levin was president, treasurer, and sole director; Schwartz secretary; Snow statutory agent; sole shareholder unnamed","Papers were executed 1988-12-22 and certified 1988-12-29. No-personal-property language does not address real estate; no merger or asset recipient is named. Argotron G532_0974 p.7 establishes inclusion in a 46-company administrative dissolution batch; it does not establish common ownership, common control, a shared property portfolio, or beneficial ownership."
"Greystone Acres, Inc.",1986-11-28,domestic articles,G041_1688,Ohio Secretary of State,Formation and original statutory-agent appointment,G. L. Hatfield; CT Corporation System,"Columbus, Franklin County; CT Corporation System, Carew Tower, Cincinnati, OH 45202",primary_image_confirmed,Hatfield was incorporator; CT Corporation System was original statutory agent; articles authorized 750 no-par common shares,"The generic articles identify no officer, director, shareholder, parcel, Epstein, or Wexner."
"Greystone Acres, Inc.",1987-12-17,domestic agent subsequent appointment,G296_1199,Ohio Secretary of State,Subsequent statutory-agent appointment,Dorothy Snow; Paul S. Coppel,"c/o Schwartz, Kelm, Warren & Rubenstein, 41 S. High Street, Suite 2300, Columbus, OH 43215",primary_image_confirmed,Snow succeeded CT Corporation System; Coppel signed as Secretary on 1987-12-11,An agent appointment and secretary signature are administrative roles and do not establish ownership.
"Greystone Acres, Inc.",1988-12-28,domestic dissolution,G532_1084;OH-SOS:728764:G532_0974,Ohio Secretary of State,Voluntary dissolution certificate and affidavits,"Harold L. Levin; Stanley Schwartz, Jr.; Dorothy Snow","41 S. High St., Suite 3710 and 23rd Floor, Columbus, OH 43215",primary_image_confirmed,"Levin was president, treasurer, and sole director; Schwartz secretary; Snow statutory agent; sole shareholder unnamed","Papers were executed 1988-12-22 and certified 1988-12-29. No-personal-property language does not address real estate; no merger or asset recipient is named. Argotron G532_0974 p.7 establishes inclusion in a 46-company administrative dissolution batch; it does not establish common ownership, common control, a shared property portfolio, or beneficial ownership."
"Brewer Farms, Inc.",1986-12-02,domestic articles,G043_1710,Ohio Secretary of State,Formation and original statutory-agent appointment,G. L. Hatfield; CT Corporation System,"Columbus, Franklin County; CT Corporation System, Carew Tower, Cincinnati, Hamilton County, OH 45202",primary_image_confirmed,Hatfield was incorporator; CT Corporation System was original statutory agent; articles authorized 750 no-par common shares,"The generic articles identify no officer, director, shareholder, parcel, Epstein, or Wexner."
"Brewer Farms, Inc.",1987-12-17,domestic agent subsequent appointment,G296_1205,Ohio Secretary of State,Subsequent statutory-agent appointment,Dorothy Snow; Paul S. Coppel,"c/o Schwartz, Kelm, Warren & Rubenstein, 41 S. High Street, Suite 2300, Columbus, OH 43215",primary_image_confirmed,Snow succeeded CT Corporation System; Coppel signed the appointment on 1987-12-11,Coppel's exact corporate capacity is illegible. An agent appointment and signature are administrative facts and do not establish ownership.
"Brewer Farms, Inc.",1987-12-31,merged-out status packet,G313_0675,Ohio Secretary of State,MEX certificate and administrative routing,J. McCoy,"Schwartz, Kelm, Warren & Rubenstein, 41 S. High St., Columbus, OH 43215",primary_image_confirmed,Certificate records Brewer Farms as MEX on roll G313 at frame 0677,"The three-page packet names no survivor, other constituent, officer, shareholder, parcel, Epstein, or Wexner; shared routing does not prove a merger party."
"Central Falls, Inc.",1986-12-02,domestic articles,G043_1726,Ohio Secretary of State,Formation and original statutory-agent appointment,G. L. Hatfield; CT Corporation System,"Columbus, Franklin County; CT Corporation System, Carew Tower, Cincinnati, Hamilton County, OH 45202",primary_image_confirmed,Hatfield was incorporator; CT Corporation System was original statutory agent; articles authorized 750 no-par common shares,"The generic articles identify no officer, director, shareholder, parcel, Epstein, or Wexner."
"Central Falls, Inc.",1987-12-17,domestic agent subsequent appointment,G296_1211,Ohio Secretary of State,Subsequent statutory-agent appointment,Dorothy Snow; Paul S. Coppel,"c/o Schwartz, Kelm, Warren & Rubenstein, 41 S. High Street, Suite 2300, Columbus, OH 43215",primary_image_confirmed,Snow succeeded CT Corporation System; Coppel signed the appointment on 1987-12-11,Coppel's exact corporate capacity is illegible. An agent appointment and signature are administrative facts and do not establish ownership.
"Central Falls, Inc.",1987-12-31,merged-out status packet,G313_0685,Ohio Secretary of State,MEX certificate and administrative routing,J. McCoy,"Schwartz, Kelm, Warren & Rubenstein, 41 S. High St., Columbus, OH 43215",primary_image_confirmed,Certificate records Central Falls as MEX on roll G313 at frame 0687,"The three-page packet names no survivor, other constituent, officer, shareholder, parcel, Epstein, or Wexner; shared routing does not prove a merger party."
The Wexner Foundation,1973-03-05,official registry metadata,OH-REGISTRY:436405,Ohio Secretary of State registry cache,Exact Ohio nonprofit charter and current registry status,The Wexner Foundation,,official_registry_metadata_confirmed,Ohio charter 436405; nonprofit; active registry record,Metadata establishes the exact charter but does not substitute for the historical filing images or identify trustees.
The Wexner Foundation,1994-03-11,SEC ownership filing,SEC:901359:000095010994000416,U.S. Securities and Exchange Commission,Historical trustee and address identification,Jeffrey E. Epstein; The Wexner Foundation,"41 South High Street, Suite 3710, Columbus, OH 43215",primary_sec_filing_confirmed,The filing identifies Epstein in the Wexner Foundation trustee context and supplies the Columbus address crosswalk,"This is primary SEC evidence, not an Ohio corporate filing. The Ohio trustee, merger, and removal actions still require exact-charter image review."
The Leslie H. Wexner Foundation,1985-07-16,official registry metadata,OH-REGISTRY:658659,Ohio Secretary of State registry cache,Exact Ohio foundation charter and inactive registry status,The Leslie H. Wexner Foundation,,official_registry_metadata_confirmed,Ohio charter 658659; nonprofit/foundation; inactive registry record,Metadata establishes the exact charter only. The reported 1993 merger and every signing capacity remain pending reciprocal Ohio packet review.
"Blueberry Ridge Properties, Inc.",1987-12-22,domestic articles,G294_1082,Ohio Secretary of State,Formation and original statutory-agent appointment,Dorothy Snow,"41 S High St., Suite 2300, Columbus, OH 43215",primary_image_confirmed,Snow signed as incorporator and accepted appointment as original statutory agent,"The articles identify no officer, director, shareholder, parcel, Epstein, or Wexner."
"Blueberry Ridge Properties, Inc.",1995-12-29,merged-out status packet,5422_1209,Ohio Secretary of State,MEX certificate and later processing statement,New Albany Company; W. W. Vaughn III,"5906 E Dublin-Granville Rd., New Albany, OH 43054",primary_image_confirmed,Packet confirms merged-out status and routes the status document to New Albany Company,The packet names no survivor or other constituent; a return recipient is not ownership or merger-party proof.
"Cedar Canyon Properties, Inc.",1987-12-22,domestic articles,G294_1100,Ohio Secretary of State,Formation and original statutory-agent appointment,Dorothy Snow,"41 S High St., Suite 2300, Columbus, OH 43215",primary_image_confirmed,Snow signed as incorporator and accepted appointment as original statutory agent,"The articles identify no officer, director, shareholder, parcel, Epstein, or Wexner."
"Cedar Canyon Properties, Inc.",1995-12-29,merged-out status packet,5422_1215,Ohio Secretary of State,MEX certificate and later processing statement,New Albany Company; W. W. Vaughn III,"5906 E Dublin-Granville Rd., New Albany, OH 43054",primary_image_confirmed,Packet confirms merged-out status and routes the status document to New Albany Company,The packet names no survivor or other constituent; a return recipient is not ownership or merger-party proof.
Chestnut Heights Corporation,1987-12-22,domestic articles,G294_1106,Ohio Secretary of State,Formation and original statutory-agent appointment,Dorothy Snow,"41 S High St., Suite 2300, Columbus, OH 43215",primary_image_confirmed,Snow signed as incorporator and accepted appointment as original statutory agent,"The articles identify no officer, director, shareholder, parcel, Epstein, or Wexner."
Chestnut Heights Corporation,1988-12-28,domestic dissolution,G532_1012;OH-SOS:728764:G532_0974,Ohio Secretary of State,Dissolution certificate and affidavits,"Stanley Schwartz, Jr.; Richard W. Rubenstein; Dorothy Snow","41 S High St., 23rd Floor, Columbus, OH 43215",primary_image_confirmed,Schwartz was chairman/president; Rubenstein vice president/treasurer; Snow secretary; sole shareholder unnamed,"No Epstein or Wexner appears; no-personal-property language does not address real estate. Argotron G532_0974 p.7 establishes inclusion in a 46-company administrative dissolution batch; it does not establish common ownership, common control, a shared property portfolio, or beneficial ownership."
Plateau Acres Incorporated,1987-12-22,domestic articles,G294_1094,Ohio Secretary of State,Formation and original statutory-agent appointment,Dorothy Snow,"41 S High St., Suite 2300, Columbus, OH 43215",primary_image_confirmed,Snow signed as incorporator and accepted appointment as original statutory agent,"The articles identify no officer, director, shareholder, parcel, Epstein, or Wexner."
Plateau Acres Incorporated,1988-12-28,domestic dissolution,G532_1186;OH-SOS:728764:G532_0974,Ohio Secretary of State,Dissolution certificate and affidavits,"Stanley Schwartz, Jr.; Richard W. Rubenstein; Dorothy Snow","41 S High St., 23rd Floor, Columbus, OH 43215",primary_image_confirmed,Schwartz was chairman/president; Rubenstein vice president/treasurer; Snow secretary; sole shareholder unnamed,"No Epstein or Wexner appears; no-personal-property language does not address real estate. Argotron G532_0974 p.7 establishes inclusion in a 46-company administrative dissolution batch; it does not establish common ownership, common control, a shared property portfolio, or beneficial ownership."
"Fordham Investment, Inc.",1988-03-04,domestic articles,G339_1075,Ohio Secretary of State,Formation and original statutory-agent appointment,Dorothy Snow; L. Loraditch,"Columbus, Franklin County; c/o SKWR, 41 S. High St., Suite 2300, Columbus, OH 43215",primary_image_confirmed,Snow signed as sole incorporator and original statutory agent; filing return routed to SKWR attention L. Loraditch,"The general lawful-purpose clause identifies no officer, shareholder, parcel, Epstein, or Wexner."
"Fordham Investment, Inc.",1988-12-28,domestic dissolution,G532_1048;OH-SOS:728764:G532_0974,Ohio Secretary of State,Dissolution executed 1988-12-22 and filed 1988-12-28,"Stanley Schwartz, Jr.; Richard W. Rubenstein; Dorothy Snow; Kenneth S. Warren; unnamed sole shareholder","SKWR, 41 S. High St., 23rd Floor, Columbus, OH 43215",primary_image_confirmed,"Schwartz was chairman/president, Rubenstein vice president/treasurer, Snow secretary, and Warren a director; the sole shareholder was unnamed","The affidavit says no personal property in Ohio; it does not address real estate or identify any parcel or asset recipient. Argotron G532_0974 p.7 establishes inclusion in a 46-company administrative dissolution batch; it does not establish common ownership, common control, a shared property portfolio, or beneficial ownership."
"Linden Acres, Inc.",1988-03-04,domestic articles,G339_1082,Ohio Secretary of State,Formation and original statutory-agent appointment,Dorothy Snow; L. Loraditch,"Columbus, Franklin County; c/o SKWR, 41 S. High St., Suite 2300, Columbus, OH 43215",primary_image_confirmed,Snow signed as sole incorporator and original statutory agent; filing return routed to SKWR attention L. Loraditch,"The general lawful-purpose clause identifies no officer, shareholder, parcel, Epstein, or Wexner."
"Linden Acres, Inc.",1988-12-28,domestic dissolution,G532_1120;OH-SOS:728764:G532_0974,Ohio Secretary of State,Dissolution executed 1988-12-22 and filed 1988-12-28,"Stanley Schwartz, Jr.; Richard W. Rubenstein; Dorothy Snow; Kenneth S. Warren; unnamed sole shareholder","SKWR, 41 S. High St., 23rd Floor, Columbus, OH 43215",primary_image_confirmed,"Schwartz was chairman/president, Rubenstein vice president/treasurer, Snow secretary, and Warren a director; the sole shareholder was unnamed","The affidavit says no personal property in Ohio; it does not address real estate or identify any parcel or asset recipient. Argotron G532_0974 p.7 establishes inclusion in a 46-company administrative dissolution batch; it does not establish common ownership, common control, a shared property portfolio, or beneficial ownership."
"Rockford Development, Inc.",1988-03-04,domestic articles,G339_1096,Ohio Secretary of State,Formation and original statutory-agent appointment,Dorothy Snow; L. Loraditch,"Columbus, Franklin County; c/o SKWR, 41 S. High St., Suite 2300, Columbus, OH 43215",primary_image_confirmed,Snow signed as sole incorporator and original statutory agent; filing return routed to SKWR attention L. Loraditch,"The general lawful-purpose clause identifies no officer, shareholder, parcel, Epstein, or Wexner."
"Rockford Development, Inc.",1988-12-28,domestic dissolution,G532_1204;OH-SOS:728764:G532_0974,Ohio Secretary of State,Dissolution executed 1988-12-22 and filed 1988-12-28,"Stanley Schwartz, Jr.; Richard W. Rubenstein; Dorothy Snow; Kenneth S. Warren; unnamed sole shareholder","SKWR, 41 S. High St., 23rd Floor, Columbus, OH 43215",primary_image_confirmed,"Schwartz was chairman/president, Rubenstein vice president/treasurer, Snow secretary, and Warren a director; the sole shareholder was unnamed","The affidavit says no personal property in Ohio; it does not address real estate or identify any parcel or asset recipient. Argotron G532_0974 p.7 establishes inclusion in a 46-company administrative dissolution batch; it does not establish common ownership, common control, a shared property portfolio, or beneficial ownership."
"Tudor Properties, Inc.",1988-03-04,domestic articles,G339_1103,Ohio Secretary of State,Formation and original statutory-agent appointment,Dorothy Snow; L. Loraditch,"Columbus, Franklin County; c/o SKWR, 41 S. High St., Suite 2300, Columbus, OH 43215",primary_image_confirmed,Snow signed as sole incorporator and original statutory agent; filing return routed to SKWR attention L. Loraditch,"The general lawful-purpose clause identifies no officer, shareholder, parcel, Epstein, or Wexner."
"Tudor Properties, Inc.",1995-12-29,merged-out status packet,5422_1212,Ohio Secretary of State,MEX certificate and 1996-02-14 processing statement,New Albany Company; W. W. Vaughn III,"5906 E Dublin Granvle Rd., New Albany, OH 43054",primary_image_confirmed,Packet confirms Tudor's merged-out status and routes the status document to New Albany Company,"The three-page packet names no survivor, other constituent, asset recipient, officer, shareholder, or parcel; a return recipient is not ownership or merger-party proof."
"Forrest Farms, Inc.",1988-03-04,domestic articles,G339_1110,Ohio Secretary of State,Formation and original statutory-agent appointment,Dorothy Snow; L. Loraditch,"Columbus, Franklin County; c/o SKWR, 41 S. High St., Suite 2300, Columbus, OH 43215",primary_image_confirmed,Snow signed as sole incorporator and original statutory agent; filing return routed to SKWR attention L. Loraditch,"The general lawful-purpose clause identifies no officer, shareholder, parcel, Epstein, or Wexner."
"Forrest Farms, Inc.",1988-12-28,domestic dissolution,G532_1060;OH-SOS:728764:G532_0974,Ohio Secretary of State,Dissolution executed 1988-12-22 and filed 1988-12-28,"Stanley Schwartz, Jr.; Richard W. Rubenstein; Dorothy Snow; Kenneth S. Warren; unnamed sole shareholder","SKWR, 41 S. High St., 23rd Floor, Columbus, OH 43215",primary_image_confirmed,"Schwartz was chairman/president, Rubenstein vice president/treasurer, Snow secretary, and Warren a director; the sole shareholder was unnamed","The affidavit says no personal property in Ohio; it does not address real estate or identify any parcel or asset recipient. Argotron G532_0974 p.7 establishes inclusion in a 46-company administrative dissolution batch; it does not establish common ownership, common control, a shared property portfolio, or beneficial ownership."
CASELIN DEVELOPMENT CORPORATION,1988-03-09,articles and agent appointment,G342_0153,Ohio Secretary of State,formation and statutory-agent appointment,Dorothy Snow,"c/o Schwartz, Kelm, Warren & Rubenstein, 41 S. High Street, Suite 2300, Columbus, Ohio 43215",primary_image_confirmed,Snow signed as incorporator and accepted appointment as agent; 750 no-par common shares authorized,"Corporate filing is not a property record; no parcel, deed, shareholder, or beneficial owner is identified."
CASELIN DEVELOPMENT CORPORATION,1988-12-28,certificate of dissolution,G532_1000;OH-SOS:728764:G532_0974,Ohio Secretary of State,dissolution and officer/director roster,"Stanley Schwartz, Jr.; Richard W. Rubenstein; Dorothy Snow","41 S. High Street, 23rd Floor, Columbus, Ohio 43215",primary_image_confirmed,Dissolution was authorized by an unnamed sole shareholder and signed by Rubenstein and Snow,"Affidavit says no personal property in Ohio; it does not address real estate. No asset recipient is identified. Argotron G532_0974 p.7 establishes inclusion in a 46-company administrative dissolution batch; it does not establish common ownership, common control, a shared property portfolio, or beneficial ownership."
"FORMAN FARMS, INC.",1988-03-09,articles and agent appointment,G343_0224,Ohio Secretary of State,formation and statutory-agent appointment,Dorothy Snow,"c/o Schwartz, Kelm, Warren & Rubenstein, 41 S. High Street, Suite 2300, Columbus, Ohio 43215",primary_image_confirmed,Snow signed as incorporator and accepted appointment as agent; 750 no-par common shares authorized,"Corporate filing is not a property record; no parcel, deed, shareholder, or beneficial owner is identified."
"FORMAN FARMS, INC.",1988-12-28,certificate of dissolution,G532_1054,Ohio Secretary of State,dissolution and officer/director roster,"Stanley Schwartz, Jr.; Richard W. Rubenstein; Dorothy Snow","41 S. High Street, 23rd Floor, Columbus, Ohio 43215",primary_image_confirmed,Dissolution was authorized by an unnamed sole shareholder and signed by Rubenstein and Snow,Affidavit says no personal property in Ohio; it does not address real estate. No asset recipient is identified.
SAREN INVESTMENTS INCORPORATED,1988-03-09,articles and agent appointment,G343_0238,Ohio Secretary of State,formation and statutory-agent appointment,Dorothy Snow,"c/o Schwartz, Kelm, Warren & Rubenstein, 41 S. High Street, Suite 2300, Columbus, Ohio 43215",primary_image_confirmed,Snow signed as incorporator and accepted appointment as agent; 750 no-par common shares authorized,"Corporate filing is not a property record; no parcel, deed, shareholder, or beneficial owner is identified."
SAREN INVESTMENTS INCORPORATED,1988-12-28,certificate of dissolution,G532_1216;OH-SOS:728764:G532_0974,Ohio Secretary of State,dissolution and officer/director roster,"Stanley Schwartz, Jr.; Richard W. Rubenstein; Dorothy Snow","41 S. High Street, 23rd Floor, Columbus, Ohio 43215",primary_image_confirmed,Dissolution was authorized by an unnamed sole shareholder and signed by Rubenstein and Snow,"Affidavit says no personal property in Ohio; it does not address real estate. No asset recipient is identified. Argotron G532_0974 p.7 establishes inclusion in a 46-company administrative dissolution batch; it does not establish common ownership, common control, a shared property portfolio, or beneficial ownership."
TANDEM INVESTMENTS INCORPORATED,1988-03-09,articles and agent appointment,G343_0245,Ohio Secretary of State,formation and statutory-agent appointment,Dorothy Snow,"c/o Schwartz, Kelm, Warren & Rubenstein, 41 S. High Street, Suite 2300, Columbus, Ohio 43215",primary_image_confirmed,Snow signed as incorporator and accepted appointment as agent; 750 no-par common shares authorized,"Corporate filing is not a property record; no parcel, deed, shareholder, or beneficial owner is identified."
TANDEM INVESTMENTS INCORPORATED,1988-12-28,certificate of dissolution,G532_1222;OH-SOS:728764:G532_0974,Ohio Secretary of State,dissolution and officer/director roster,"Stanley Schwartz, Jr.; Richard W. Rubenstein; Dorothy Snow","41 S. High Street, 23rd Floor, Columbus, Ohio 43215",primary_image_confirmed,Dissolution was authorized by an unnamed sole shareholder and signed by Rubenstein and Snow,"Affidavit says no personal property in Ohio; it does not address real estate. No asset recipient is identified. Argotron G532_0974 p.7 establishes inclusion in a 46-company administrative dissolution batch; it does not establish common ownership, common control, a shared property portfolio, or beneficial ownership."
"VILLAGE ACRES, INC.",1988-03-09,articles and agent appointment,G343_0259,Ohio Secretary of State,formation and statutory-agent appointment,Dorothy Snow,"c/o Schwartz, Kelm, Warren & Rubenstein, 41 S. High Street, Suite 2300, Columbus, Ohio 43215",primary_image_confirmed,Snow signed as incorporator and accepted appointment as agent; 750 no-par common shares authorized,"Corporate filing is not a property record; no parcel, deed, shareholder, or beneficial owner is identified."
"VILLAGE ACRES, INC.",1988-12-28,certificate of dissolution,G532_1240;OH-SOS:728764:G532_0974,Ohio Secretary of State,dissolution and officer/director roster,"Stanley Schwartz, Jr.; Richard W. Rubenstein; Dorothy Snow","41 S. High Street, 23rd Floor, Columbus, Ohio 43215",primary_image_confirmed,Dissolution was authorized by an unnamed sole shareholder and signed by Rubenstein and Snow,"Affidavit says no personal property in Ohio; it does not address real estate. No asset recipient is identified. Argotron G532_0974 p.7 establishes inclusion in a 46-company administrative dissolution batch; it does not establish common ownership, common control, a shared property portfolio, or beneficial ownership."
Bluffton Holding Corporation,1988-05-13,domestic articles,G379_0198,Ohio Secretary of State,Formation and original statutory-agent appointment,Dorothy Snow,"41 S High St., Suite 2300, Columbus, OH 43215",primary_image_confirmed,Snow was incorporator and original statutory agent,"The articles identify no officers, directors, shareholders, parcel, Epstein, or Wexner."
Bluffton Holding Corporation,1995-12-29,merged-out status packet,5422_1200,Ohio Secretary of State,MEX certificate and later processing statement,New Albany Company; W. W. Vaughn III,"5906 E Dublin-Granville Rd., New Albany, OH 43054",primary_image_confirmed,Packet confirms merged-out status and routes the status document to New Albany Company,The three-page packet names no survivor or other constituent; a return recipient is not ownership or merger-party proof.
Diamond Development Company,1988-05-13,domestic articles,G379_0205,Ohio Secretary of State,Formation and original statutory-agent appointment,Dorothy Snow,"41 S High St., Suite 2300, Columbus, OH 43215",primary_image_confirmed,Snow was incorporator and original statutory agent,"The articles identify no officers, directors, shareholders, parcel, Epstein, or Wexner."
Diamond Development Company,1988-12-28,domestic dissolution,G532_1024;OH-SOS:728764:G532_0974,Ohio Secretary of State,Dissolution authorized by unnamed sole shareholder,Stanley Schwartz Jr.; Richard W. Rubenstein; Dorothy Snow,"41 S High St., 23rd Floor, Columbus, OH 43215",primary_image_confirmed,Packet identifies the officer/director roster and dissolution,"The no-personal-property affidavit does not address real estate; no parcel or asset recipient is named. Argotron G532_0974 p.7 establishes inclusion in a 46-company administrative dissolution batch; it does not establish common ownership, common control, a shared property portfolio, or beneficial ownership."
"Doncaster Development, Inc.",1988-05-13,domestic articles,G379_0211,Ohio Secretary of State,Formation and original statutory-agent appointment,Dorothy Snow,"41 S High St., Suite 2300, Columbus, OH 43215",primary_image_confirmed,Snow was incorporator and original statutory agent,"The articles identify no officers, directors, shareholders, parcel, Epstein, or Wexner."
"Doncaster Development, Inc.",1988-12-28,domestic dissolution,G532_1030;OH-SOS:728764:G532_0974,Ohio Secretary of State,Dissolution authorized by unnamed sole shareholder,Stanley Schwartz Jr.; Richard W. Rubenstein; Dorothy Snow,"41 S High St., 23rd Floor, Columbus, OH 43215",primary_image_confirmed,Packet identifies the officer/director roster and dissolution,"The no-personal-property affidavit does not address real estate; no parcel or asset recipient is named. Argotron G532_0974 p.7 establishes inclusion in a 46-company administrative dissolution batch; it does not establish common ownership, common control, a shared property portfolio, or beneficial ownership."
"Farmington Developers, Inc.",1988-05-13,domestic articles,G379_0223,Ohio Secretary of State,Formation and original statutory-agent appointment,Dorothy Snow,"41 S High St., Suite 2300, Columbus, OH 43215",primary_image_confirmed,Snow was incorporator and original statutory agent,"The articles identify no officers, directors, shareholders, parcel, Epstein, or Wexner."
"Farmington Developers, Inc.",1988-12-28,domestic dissolution,G532_1042;OH-SOS:728764:G532_0974,Ohio Secretary of State,Dissolution authorized by unnamed sole shareholder,Stanley Schwartz Jr.; Richard W. Rubenstein; Dorothy Snow,"41 S High St., 23rd Floor, Columbus, OH 43215",primary_image_confirmed,Packet identifies the officer/director roster and dissolution,"The no-personal-property affidavit does not address real estate; no parcel or asset recipient is named. Argotron G532_0974 p.7 establishes inclusion in a 46-company administrative dissolution batch; it does not establish common ownership, common control, a shared property portfolio, or beneficial ownership."
Melleric Corporation,1988-05-13,domestic articles,G379_0241,Ohio Secretary of State,Formation and original statutory-agent appointment,Dorothy Snow,"41 S High St., Suite 2300, Columbus, OH 43215",primary_image_confirmed,Snow was incorporator and original statutory agent,"The articles identify no officers, directors, shareholders, parcel, Epstein, or Wexner."
Melleric Corporation,1988-12-28,domestic dissolution,G532_1138;OH-SOS:728764:G532_0974,Ohio Secretary of State,Dissolution authorized by unnamed sole shareholder,Stanley Schwartz Jr.; Richard W. Rubenstein; Dorothy Snow,"41 S High St., 23rd Floor, Columbus, OH 43215",primary_image_confirmed,Packet identifies the officer/director roster and dissolution,"The no-personal-property affidavit does not address real estate; no parcel or asset recipient is named. Argotron G532_0974 p.7 establishes inclusion in a 46-company administrative dissolution batch; it does not establish common ownership, common control, a shared property portfolio, or beneficial ownership."
Union Holding Corporation,1988-05-13,domestic articles,G379_0253,Ohio Secretary of State,Formation and original statutory-agent appointment,Dorothy Snow,"41 S High St., Suite 2300, Columbus, OH 43215",primary_image_confirmed,Snow was incorporator and original statutory agent,"The articles identify no officers, directors, shareholders, parcel, Epstein, or Wexner."
Union Holding Corporation,1995-12-29,merged-out status packet,5422_1206,Ohio Secretary of State,MEX certificate and later processing statement,New Albany Company; W. W. Vaughn III,"5906 E Dublin-Granville Rd., New Albany, OH 43054",primary_image_confirmed,Packet confirms merged-out status and routes the status document to New Albany Company,The three-page packet names no survivor or other constituent; a return recipient is not ownership or merger-party proof.
Jetner Corporation,1988-08-24,domestic articles,G456_0331,Ohio Secretary of State,Formation and original statutory-agent appointment,Dorothy Snow,"41 S High St., Suite 2300, Columbus, OH 43215",primary_image_confirmed,Snow signed as incorporator on 1988-08-23 and accepted as original statutory agent,"The articles identify no officers, directors, shareholders, parcel, Epstein, or Wexner."
Jetner Corporation,1988-12-28,domestic dissolution,G532_1114;OH-SOS:728764:G532_0974,Ohio Secretary of State,Dissolution authorized by unnamed sole shareholder,"Stanley Schwartz, Jr.; Richard W. Rubenstein; Dorothy Snow","41 S High St., 23rd Floor, Columbus, OH 43215",primary_image_confirmed,Packet identifies Schwartz and Rubenstein as directors; Snow is secretary but not listed as a director,"The no-personal-property affidavit does not address real estate; no parcel or asset recipient is named. Argotron G532_0974 p.7 establishes inclusion in a 46-company administrative dissolution batch; it does not establish common ownership, common control, a shared property portfolio, or beneficial ownership."
"Mentin Products, Inc.",1988-08-24,domestic articles,G456_0338,Ohio Secretary of State,Formation and original statutory-agent appointment,Dorothy Snow,"41 S High St., Suite 2300, Columbus, OH 43215",primary_image_confirmed,Snow signed as incorporator on 1988-08-23 and accepted as original statutory agent,"The articles identify no officers, directors, shareholders, parcel, Epstein, or Wexner."
"Mentin Products, Inc.",1988-12-28,domestic dissolution,G532_1144;OH-SOS:728764:G532_0974,Ohio Secretary of State,Dissolution authorized by unnamed sole shareholder,"Stanley Schwartz, Jr.; Richard W. Rubenstein; Dorothy Snow","41 S High St., 23rd Floor, Columbus, OH 43215",primary_image_confirmed,Packet identifies Schwartz and Rubenstein as directors; Snow is secretary but not listed as a director,"The no-personal-property affidavit does not address real estate; no parcel or asset recipient is named. Argotron G532_0974 p.7 establishes inclusion in a 46-company administrative dissolution batch; it does not establish common ownership, common control, a shared property portfolio, or beneficial ownership."
Chatten Marketing Company,1988-08-24,domestic articles,G456_0344,Ohio Secretary of State,Formation and original statutory-agent appointment,Dorothy Snow,"41 S High St., Suite 2300, Columbus, OH 43215",primary_image_confirmed,Snow signed as incorporator on 1988-08-23 and accepted as original statutory agent,"The articles identify no officers, directors, shareholders, parcel, Epstein, or Wexner."
Chatten Marketing Company,1988-12-28,domestic dissolution,G532_1006;OH-SOS:728764:G532_0974,Ohio Secretary of State,Dissolution authorized by unnamed sole shareholder,"Stanley Schwartz, Jr.; Richard W. Rubenstein; Dorothy Snow","41 S High St., 23rd Floor, Columbus, OH 43215",primary_image_confirmed,All six out-of-order pages identify the same dissolution roster and affidavits as the parallel batch,"The no-personal-property affidavit does not address real estate; no parcel or asset recipient is named. Argotron G532_0974 p.7 establishes inclusion in a 46-company administrative dissolution batch; it does not establish common ownership, common control, a shared property portfolio, or beneficial ownership."
Fantel Products Company,1988-08-24,domestic articles,G456_0350,Ohio Secretary of State,Formation and original statutory-agent appointment,Dorothy Snow,"41 S High St., Suite 2300, Columbus, OH 43215",primary_image_confirmed,Snow signed as incorporator on 1988-08-23 and accepted as original statutory agent,"The articles identify no officers, directors, shareholders, parcel, Epstein, or Wexner."
Fantel Products Company,1988-12-28,domestic dissolution,G532_1036;OH-SOS:728764:G532_0974,Ohio Secretary of State,Dissolution authorized by unnamed sole shareholder,"Stanley Schwartz, Jr.; Richard W. Rubenstein; Dorothy Snow","41 S High St., 23rd Floor, Columbus, OH 43215",primary_image_confirmed,Packet identifies Schwartz and Rubenstein as directors; Snow is secretary but not listed as a director,"The no-personal-property affidavit does not address real estate; no parcel or asset recipient is named. Argotron G532_0974 p.7 establishes inclusion in a 46-company administrative dissolution batch; it does not establish common ownership, common control, a shared property portfolio, or beneficial ownership."
"Indico Investments, Inc.",1988-08-24,domestic articles,G456_0362,Ohio Secretary of State,Formation and original statutory-agent appointment,Dorothy Snow,"41 S High St., Suite 2300, Columbus, OH 43215",primary_image_confirmed,Snow signed as incorporator on 1988-08-23 and accepted as original statutory agent,"Investments is a name signal only; the articles identify no specific asset, parcel, shareholder, Epstein, or Wexner."
"Indico Investments, Inc.",1988-12-28,domestic dissolution,G532_1102;OH-SOS:728764:G532_0974,Ohio Secretary of State,Dissolution authorized by unnamed sole shareholder,"Stanley Schwartz, Jr.; Richard W. Rubenstein; Dorothy Snow","41 S High St., 23rd Floor, Columbus, OH 43215",primary_image_confirmed,Packet identifies Schwartz and Rubenstein as directors; Snow is secretary but not listed as a director,"The no-personal-property affidavit does not address real estate; no parcel or asset recipient is named. Argotron G532_0974 p.7 establishes inclusion in a 46-company administrative dissolution batch; it does not establish common ownership, common control, a shared property portfolio, or beneficial ownership."
"London Kitchens, Inc.",1986-10-09,domestic articles,G015_1204,Ohio Secretary of State,Formation and original statutory-agent appointment,Gordon W. Brown; Dorothy Snow,"41 S High St., Columbus, OH 43215",primary_image_confirmed,Brown was incorporator; Snow was appointed original statutory agent,"The packet identifies no officer, director, shareholder, parcel, Epstein, or Wexner."
"London Kitchens, Inc.",1991-12-16,tax cancellation portal row,000000061029,Ohio Secretary of State,Cancelled by Tax Department with notification,,,live_portal_metadata_only_image_unavailable,Portal records Tax Department cancellation,"No live image; no signer, owner, property disposition, or substantive reason can be extracted."
"London Kitchens Insurance Agency, Inc.",1987-08-13,domestic articles,G222_0344,Ohio Secretary of State,Formation and original statutory-agent appointment,John H. Parker; Dorothy Snow,"41 S High St., Columbus, OH 43215",primary_image_confirmed,Parker was incorporator; Snow accepted appointment as statutory agent,The similar-name consent from London Kitchens does not establish common ownership.
"London Kitchens Insurance Agency, Inc.",1989-05-31,dissolution by incorporator,G636_0276,Ohio Secretary of State,Sole incorporator elected dissolution,John H. Parker; Dorothy Snow,"3910 Groves Rd., Columbus; agent at 41 S High St.",primary_image_confirmed,Parker dissolved the corporation as sole incorporator; Snow remained statutory agent,The form states alternative statutory grounds and does not specify which one applied; no parcel or asset recipient is named.
First Columbus Land Company,1990-11-28,domestic articles,H016_0917,Ohio Secretary of State,Formation and original statutory-agent appointment,Ted B. Hipsher; Dorothy Snow,"41 S High St., Suite 2300, Columbus, OH 43215",primary_image_confirmed,Hipsher was incorporator; Snow was appointed original agent,"Land in the name is not property evidence; the packet identifies no parcel, shareholder, Epstein, or Wexner."
First Columbus Land Company,1993-09-09,continued-existence portal row,000000695996,Ohio Secretary of State,Continued-existence letter,,,live_portal_metadata_only_image_unavailable,Portal records a continued-existence letter,No live image; contents cannot be characterized.
First Columbus Land Company,1993-12-15,tax cancellation portal row,000000695997,Ohio Secretary of State,Cancelled by Tax Department with notification,,,live_portal_metadata_only_image_unavailable,Portal records Tax Department cancellation,No live image; property disposition and ownership remain unresolved.
BREWHO! LLC,1997-10-07,organization filing portal row,6162_0568,Ohio Secretary of State,Domestic LLC organization,,,live_portal_metadata_only_image_unavailable_http_404,Portal lists one organization row and active status,"Members, managers, organizer, property, Epstein, and Wexner are all unassessed because the filing image is unavailable."
"Oakfield Enterprises, Inc.",1987-12-11,domestic articles,G288_0306,Ohio Secretary of State,Formation and original statutory-agent appointment,Dorothy Snow; L. Loraditch,"Columbus, Franklin County; c/o SKWR, 41 S. High St., Suite 2300, Columbus, OH 43215",primary_image_confirmed,Snow signed as incorporator and original statutory agent; filing return routed to SKWR attention L. Loraditch,"The generic lawful-purpose clause identifies no officer, director, shareholder, parcel, Epstein, or Wexner."
"Oakfield Enterprises, Inc.",1988-12-28,domestic dissolution,G532_1168;OH-SOS:728764:G532_0974,Ohio Secretary of State,Dissolution executed 1988-12-22 and filed 1988-12-28,"Stanley Schwartz, Jr.; Richard W. Rubenstein; Dorothy Snow; unnamed sole shareholder","SKWR, 41 S. High St., 23rd Floor, Columbus, OH 43215",primary_image_confirmed,"Schwartz was chairman/president, Rubenstein vice president/treasurer, and Snow secretary; no separately labeled director list appears; the sole shareholder was unnamed","The affidavit says no personal property in Ohio; it does not address real estate or identify any parcel or asset recipient. Argotron G532_0974 p.7 establishes inclusion in a 46-company administrative dissolution batch; it does not establish common ownership, common control, a shared property portfolio, or beneficial ownership."
"Wildwood Acres, Inc.",1987-12-11,domestic articles,G288_0318,Ohio Secretary of State,Formation and original statutory-agent appointment,Dorothy Snow; L. Loraditch,"Columbus, Franklin County; c/o SKWR, 41 S. High St., Suite 2300, Columbus, OH 43215",primary_image_confirmed,Snow signed as incorporator and original statutory agent; filing return routed to SKWR attention L. Loraditch,"The generic lawful-purpose clause identifies no officer, director, shareholder, parcel, Epstein, or Wexner."
"Wildwood Acres, Inc.",1988-12-28,domestic dissolution,G532_1252;OH-SOS:728764:G532_0974,Ohio Secretary of State,Dissolution executed 1988-12-22 and filed 1988-12-28,"Stanley Schwartz, Jr.; Richard W. Rubenstein; Dorothy Snow; Kenneth S. Warren; unnamed sole shareholder","SKWR, 41 S. High St., 23rd Floor, Columbus, OH 43215",primary_image_confirmed,"Schwartz was chairman/president, Rubenstein vice president/treasurer, Snow secretary, and the separately labeled directors were Schwartz, Warren, and Rubenstein; the sole shareholder was unnamed","The affidavit says no personal property in Ohio; it does not address real estate or identify any parcel or asset recipient. Argotron G532_0974 p.7 establishes inclusion in a 46-company administrative dissolution batch; it does not establish common ownership, common control, a shared property portfolio, or beneficial ownership."
Cristah Corporation,1988-09-23,domestic articles,G472_1825,Ohio Secretary of State,Formation and original statutory-agent appointment,Dorothy Snow; Leni Loraditch,"Columbus, Franklin County; c/o SKWR, 41 S. High St., Suite 2300, Columbus, OH 43215",primary_image_confirmed,Snow signed as incorporator and original statutory agent; a correspondence card identifies Leni Loraditch as SKWR legal assistant,"The packet identifies CRISTAH CORPORATION, not Cristah Development Corporation, and names no shareholder, parcel, Epstein, or Wexner."
Cristah Corporation,1988-12-28,domestic dissolution,G532_1018;OH-SOS:728764:G532_0974,Ohio Secretary of State,Dissolution executed 1988-12-22 and filed 1988-12-28,"Stanley Schwartz, Jr.; Richard W. Rubenstein; Dorothy Snow; unnamed sole shareholder","SKWR, 41 S. High St., 23rd Floor, Columbus, OH 43215",primary_image_confirmed,"Schwartz was chairman/president, Rubenstein vice president/treasurer, Snow secretary, and the separately labeled directors were Schwartz and Rubenstein; the sole shareholder was unnamed","The affidavit says no personal property in Ohio; it does not address real estate or identify any parcel or asset recipient. Argotron G532_0974 p.7 establishes inclusion in a 46-company administrative dissolution batch; it does not establish common ownership, common control, a shared property portfolio, or beneficial ownership."
Rettlin Investment Company,1988-09-23,domestic articles,G472_1832,Ohio Secretary of State,Formation and original statutory-agent appointment,Dorothy Snow; L. Loraditch,"Columbus, Franklin County; c/o SKWR, 41 S. High St., Suite 2300, Columbus, OH 43215",primary_image_confirmed,Snow signed as incorporator and original statutory agent; filing return routed to SKWR attention L. Loraditch,"The packet identifies RETTLIN INVESTMENT COMPANY, not Rettlin Investment Corporation, and names no shareholder, parcel, Epstein, or Wexner."
Rettlin Investment Company,1988-12-28,domestic dissolution,G532_1198;OH-SOS:728764:G532_0974,Ohio Secretary of State,Dissolution executed 1988-12-22 and filed 1988-12-28,"Stanley Schwartz, Jr.; Richard W. Rubenstein; Dorothy Snow; unnamed sole shareholder","SKWR, 41 S. High St., 23rd Floor, Columbus, OH 43215",primary_image_confirmed,"Schwartz was chairman/president, Rubenstein vice president/treasurer, and Snow secretary; no separately labeled director list appears; the sole shareholder was unnamed","The affidavit says no personal property in Ohio; it does not address real estate or identify any parcel or asset recipient. Argotron G532_0974 p.7 establishes inclusion in a 46-company administrative dissolution batch; it does not establish common ownership, common control, a shared property portfolio, or beneficial ownership."
Wheaton Company,1988-07-15,domestic articles,G423_1517,Ohio Secretary of State,Formation and original statutory-agent appointment,Dorothy Snow; L. Loraditch,"Columbus, Franklin County; c/o SKWR, 41 S. High St., Suite 2300, Columbus, OH 43215",primary_image_confirmed,Snow signed as sole incorporator and original statutory agent; filing return routed to SKWR attention L. Loraditch,"The general lawful-purpose clause identifies no officer, shareholder, parcel, Epstein, or Wexner."
Wheaton Company,1988-12-28,domestic dissolution,G532_1246;batch cover G532_0974 p.7;OH-SOS:728764:G532_0974,Ohio Secretary of State,Dissolution executed 1988-12-22 and filed 1988-12-28; listed in 46-company submission,"Stanley Schwartz, Jr.; Richard W. Rubenstein; Dorothy Snow; unnamed sole shareholder","SKWR, 41 S. High St., 23rd Floor, Columbus, OH 43215",primary_image_confirmed,"Schwartz was chairman/president, Rubenstein vice president/treasurer, Snow secretary, and Schwartz/Rubenstein the listed directors; the sole shareholder was unnamed","The affidavit says no personal property in Ohio, not no real estate. Batch submission is not ownership or asset-recipient proof. Argotron G532_0974 p.7 establishes inclusion in a 46-company administrative dissolution batch; it does not establish common ownership, common control, a shared property portfolio, or beneficial ownership."
Argotron Corporation,1988-07-15,domestic articles,G423_1524,Ohio Secretary of State,Formation and original statutory-agent appointment,Dorothy Snow; L. Loraditch,"Columbus, Franklin County; c/o SKWR, 41 S. High St., Suite 2300, Columbus, OH 43215",primary_image_confirmed,Snow signed as sole incorporator and original statutory agent; filing return routed to SKWR attention L. Loraditch,"The general lawful-purpose clause identifies no officer, shareholder, parcel, Epstein, or Wexner."
Argotron Corporation,1988-12-28,domestic dissolution and cover letter,G532_0974;OH-SOS:728764:G532_0974,Ohio Secretary of State,Dissolution executed 1988-12-22 and filed 1988-12-28; page 7 transmits a 46-company batch,"Stanley Schwartz, Jr.; Richard W. Rubenstein; Dorothy Snow; unnamed sole shareholder","SKWR, 41 S. High St., 23rd Floor, Columbus, OH 43215",primary_image_confirmed,"Schwartz was chairman/president, Rubenstein vice president/treasurer, Snow secretary, and Schwartz/Rubenstein the listed directors; page 7 directly names 46 corporations in the submission","The shareholder is unnamed. No-personal-property language does not address real estate, and the batch letter does not prove common ownership. Argotron G532_0974 p.7 establishes inclusion in a 46-company administrative dissolution batch; it does not establish common ownership, common control, a shared property portfolio, or beneficial ownership."
Mackinaw Marketing Co.,1988-07-15,domestic articles,G423_1536,Ohio Secretary of State,Formation and original statutory-agent appointment,Dorothy Snow; L. Loraditch,"Columbus, Franklin County; c/o SKWR, 41 S. High St., Suite 2300, Columbus, OH 43215",primary_image_confirmed,Snow signed as sole incorporator and original statutory agent; filing return routed to SKWR attention L. Loraditch,"The general lawful-purpose clause identifies no officer, shareholder, parcel, Epstein, or Wexner."
Mackinaw Marketing Co.,1988-12-28,domestic dissolution,G532_1126;batch cover G532_0974 p.7;OH-SOS:728764:G532_0974,Ohio Secretary of State,Dissolution executed 1988-12-22 and filed 1988-12-28; listed in 46-company submission,"Stanley Schwartz, Jr.; Richard W. Rubenstein; Dorothy Snow; unnamed sole shareholder","SKWR, 41 S. High St., 23rd Floor, Columbus, OH 43215",primary_image_confirmed,"Schwartz was chairman/president, Rubenstein vice president/treasurer, Snow secretary, and Schwartz/Rubenstein the listed directors; the sole shareholder was unnamed","The affidavit says no personal property in Ohio, not no real estate. Batch submission is not ownership or asset-recipient proof. Argotron G532_0974 p.7 establishes inclusion in a 46-company administrative dissolution batch; it does not establish common ownership, common control, a shared property portfolio, or beneficial ownership."
"Scripton Products, Inc.",1988-07-15,domestic articles,G423_1548,Ohio Secretary of State,Formation and original statutory-agent appointment,Dorothy Snow; L. Loraditch,"Columbus, Franklin County; c/o SKWR, 41 S. High St., Suite 2300, Columbus, OH 43215",primary_image_confirmed,Snow signed as sole incorporator and original statutory agent; filing return routed to SKWR attention L. Loraditch,"The general lawful-purpose clause identifies no officer, shareholder, parcel, Epstein, or Wexner."
"Scripton Products, Inc.",1988-12-28,domestic dissolution,G532_1228;batch cover G532_0974 p.7;OH-SOS:728764:G532_0974,Ohio Secretary of State,Dissolution executed 1988-12-22 and filed 1988-12-28; listed in 46-company submission,"Stanley Schwartz, Jr.; Richard W. Rubenstein; Dorothy Snow; unnamed sole shareholder","SKWR, 41 S. High St., 23rd Floor, Columbus, OH 43215",primary_image_confirmed,"Schwartz was chairman/president, Rubenstein vice president/treasurer, Snow secretary, and Schwartz/Rubenstein the listed directors; the sole shareholder was unnamed","The affidavit says no personal property in Ohio, not no real estate. Batch submission is not ownership or asset-recipient proof. Argotron G532_0974 p.7 establishes inclusion in a 46-company administrative dissolution batch; it does not establish common ownership, common control, a shared property portfolio, or beneficial ownership."
"Urban Improvement of Columbus, Inc.",1967-09-21,domestic nonprofit articles,B521_2010,Ohio Secretary of State,Formation; explicit property-holding purpose; original trustee and agent appointments,Harrison W. Smith; Harrison W. Smith Jr.; James M. Tobin,"Columbus, Franklin County; 228 Preston Rd.; 258 N. Parkview; 2367 Brentwood Rd.",primary_image_confirmed,The three men were incorporators and initial trustees; Tobin was original statutory agent; the purpose expressly included holding title and interests in real and personal property,"No parcel, deed, member, beneficiary, shareholder, Epstein, Wexner, or Snow is identified."
"Urban Improvement of Columbus, Inc.",1977-01-11,certificate of continued existence,E233_1442,Ohio Secretary of State,Continued-existence statement,James M. Tobin,"Principal office: Columbus, Franklin County; agent: 37 W. Broad St., Columbus",primary_image_confirmed,Tobin signed as vice president and was listed as statutory agent.,"The statement identifies no parcel, owner, Snow, Epstein, or Wexner."
"Urban Improvement of Columbus, Inc.",1987-10-30,reinstatement and subsequent agent appointment,G266_1966,Ohio Secretary of State,Reinstatement after 1982 cancellation; agent change,Harrison W. Smith Jr.; Jeffrey L. Brown; Ben W. Hale Jr.; James M. Tobin,"37 W. Broad St., Columbus, OH 43215",primary_image_confirmed,Smith signed the reinstatement as president; Brown signed as vice president to appoint Hale as agent succeeding Tobin.,"The packet identifies no property transfer, parcel, Snow, Epstein, or Wexner."
"Urban Improvement of Columbus, Inc.",1989-02-24,amendment and subsequent agent appointment,G575_1397; G575_1404,Ohio Secretary of State,Purpose amendment and appointment of Dorothy Snow as statutory agent,Harold L. Levin; William R. Westbrook; Dorothy Snow; Ben W. Hale Jr.,"Snow: 41 S. High St., Suite 3710, Columbus, OH 43215",primary_image_confirmed,"Levin was president and Westbrook secretary; the amended purpose was to own and operate a social, recreational, or athletic club; Levin appointed Snow as agent.","Snow signed only as statutory agent, not as officer or trustee. The purpose identifies no club name, parcel, deed, owner, Epstein, or Wexner."
"Urban Improvement of Columbus, Inc.",1989-02-24,agent-resignation packet with embedded source error,G575_1401,Ohio Secretary of State,Portal labels an agent resignation,,,primary_packet_incomplete_source_error,The receipt and certificate confirm an agent-resignation filing for the corporation.,"Page 3 is an Ohio-hosted error placard, so the resignation instrument, signer, and resigning agent cannot be read from this packet."
"Urban Improvement of Columbus, Inc.",1994-02-22,certificate of continued existence,9458_0560,Ohio Secretary of State,Continued-existence statement,John W. Kessler; Dorothy Snow,"Snow: 41 S. High St., Suite 3710, Columbus, OH 43215",primary_image_confirmed,Kessler signed as trustee; Snow was listed as current statutory agent.,"Snow is not identified as a trustee or officer; no parcel, Epstein, or Wexner appears."
"Urban Improvement of Columbus, Inc.",1999-03-15,failure-to-file cancellation,199907400518,Ohio Secretary of State,Cancellation for failure to file statement of continued existence,Dorothy Snow,"Mail to Snow at 41 S. High St., Suite 3710, Columbus, OH 43215",primary_image_confirmed,The corporation was cancelled and the certificate was mailed to Snow.,Mail routing reflects the statutory-agent address; it does not identify Snow as owner or officer and says nothing about property disposition.
"Urban Improvement of Columbus, Inc.",1982-01-11 to 2025-11-05,portal rows without images,000000132619; 000000132620; 000000132621; PERMCAN,Ohio Secretary of State,Cancellation/renewal/permanent-cancellation metadata,,,portal_metadata_only,The live history contains four no-image administrative rows.,"The underlying documents, signers, addresses, and any substantive contents are unavailable."
"Blacksheep Farms, Inc.",1987-12-07,domestic articles,G285_0677,Ohio Secretary of State,Formation and original statutory-agent appointment,Robert N. Wistner,"Dublin, Franklin County; 475 Metro Place North, Suite 200, Dublin, OH 43017-1374",primary_image_confirmed,Wistner was incorporator and original statutory agent; the articles use a generic lawful-purpose clause.,"The packet identifies no officer, director, shareholder, parcel, Snow, Epstein, or Wexner."
"Blacksheep Farms, Inc.",1993-10-01,subsequent agent appointment,H703_1584,Ohio Secretary of State,Corporate secretary signature and statutory-agent appointment,Dorothy Snow; Robert N. Wistner,"41 S. High St., Suite 2300, Columbus, OH 43215",primary_image_confirmed,"Snow signed the corporate-officer line as secretary and separately accepted appointment as agent, succeeding Wistner.","The filing does not identify Snow as owner, director, or shareholder and names no parcel, Epstein, or Wexner."
"Blacksheep Farms, Inc.",1995-12-29,merged-out status packet,5422_1221,Ohio Secretary of State,MEX certificate and later processing statement,New Albany Company; W. W. Vaughn III,"5906 E. Dublin-Granville Rd., New Albany, OH 43054",primary_image_confirmed,The packet confirms merged-out status and routes the status document to New Albany Company.,"The packet names no survivor, other constituent, signer, agreement, property, Epstein, or Wexner; a return recipient is not merger-party or ownership proof."
"Blacksheep Farms, Inc.",1993-09-09 to 1993-11-08,portal rows without images,000000077412; 000000077413,Ohio Secretary of State,Continued-existence metadata,,,portal_metadata_only,The live history contains two no-image continued-existence rows.,"The underlying contents, signers, addresses, and officer observations are unavailable."
Wesleyan Conservation Corp.,1990-03-21,domestic articles,G825_1992,Ohio Secretary of State,Formation and original statutory-agent appointment,Pam Lillie; CT Corporation System,"Columbus, Franklin County; Carew Tower, Cincinnati, OH 45202",primary_image_confirmed,"Lillie was incorporator; CT Corporation System was original agent; the filing was returned to Porter, Wright, Morris & Arthur.","Generic articles identify no officer, director, shareholder, parcel, conservation property, Snow, Epstein, or Wexner."
Wesleyan Conservation Corp.,1994-05-17,subsequent agent appointment,4132_0290,Ohio Secretary of State,Corporate-officer signature and statutory-agent appointment,Jeffrey J. Smith; Dorothy Snow; CT Corporation System,"Snow c/o Schwartz, Kelm, Warren & Rubenstein, 41 S. High St., Suite 2300, Columbus, OH 43215",primary_image_confirmed,"Jeffrey J. Smith signed as vice president and secretary; Snow accepted appointment as agent, succeeding CT Corporation System.","Jeffrey J. Smith is not Jeffrey Epstein. Snow is not identified as officer, director, shareholder, or owner; no parcel or Wexner role appears."
Wesleyan Conservation Corp.,1993-09-09 to 1993-11-08,portal rows without images,000000400892; 000000400893,Ohio Secretary of State,Continued-existence metadata,,,portal_metadata_only,The live history contains two no-image continued-existence rows.,"The underlying contents, signers, addresses, and officer observations are unavailable."
"Architonics, Inc.",1987-12-07,domestic articles,G284_0971,Ohio Secretary of State,Formation and original statutory-agent appointment,Robert N. Wistner; Len Loraditch,"Dublin, Franklin County; 475 Metro Place North, Suite 200, Dublin; SKWR, 41 S. High St., Columbus",primary_image_confirmed,Wistner signed as incorporator and accepted appointment as original statutory agent; generic lawful purpose,"The articles identify no shareholder, parcel, Epstein, Wexner, or Snow."
"Architonics, Inc.",1989-12-29,domestic dissolution and subsequent-agent appointment,G805_0277,Ohio Secretary of State,Dissolution executed 1989-12-28 and filed 1989-12-29,"Stanley Schwartz, Jr.; Richard W. Rubenstein; Dorothy Snow; unnamed sole shareholder","SKWR, 41 S. High St., 23rd Floor, Columbus, OH 43215",primary_image_confirmed,"Schwartz was chairman/president, Rubenstein vice president/treasurer, Snow secretary/agent, and Schwartz/Rubenstein directors; sole shareholder unnamed",No parcel or final asset recipient is identified; the no-personal-property affidavit does not address real estate.
"LEWEX, Inc.",1985-07-08,domestic articles under former name,F688_0728,Ohio Secretary of State,Formation as Samax Trading Corporation,Dorothy Snow,"250 E Broad St., Columbus, OH 43215",primary_image_confirmed,Exact charter formed as Samax Trading Corporation; Snow was incorporator and original agent,"The articles identify no officer, shareholder, parcel, Epstein, or Wexner."
"LEWEX, Inc.",1985-11-01,agent address change,F771_0253,Ohio Secretary of State,Snow agent address moved to 41 S High St.,Dorothy Snow; Harold L. Levin,"41 S High St., Columbus, OH 43215",primary_image_confirmed,Levin signed as chairman; the entity was still Samax,An agent-address change does not establish ownership or control.
"LEWEX, Inc.",1987-11-10,name-change amendment,G279_0229,Ohio Secretary of State,"Samax Trading Corporation renamed LEWEX, Inc.","Harold L. Levin; Stephen P. Campbell; Stanley Schwartz, Jr.","41 S High St., Columbus, OH 43215",primary_image_confirmed,"All outstanding common shareholders approved the name change in writing, but the filing does not name them","The amendment does not identify Epstein, Wexner, or a control transfer."
"Park Properties, Inc.",1984-01-05,domestic articles,F377_0978,Ohio Secretary of State,Formation and original statutory-agent appointment,"Stanley Schwartz, Jr.","250 E Broad St., Columbus, OH 43215",primary_image_confirmed,Schwartz was incorporator and original agent,"No officer, shareholder, parcel, Epstein, Wexner, or Snow is named."
"Park Properties, Inc.",1985-11-01,agent address change,F771_0256,Ohio Secretary of State,Schwartz agent address moved to 41 S High St.,"Stanley Schwartz, Jr.; Harold L. Levin","41 S High St., Columbus, OH 43215",primary_image_confirmed,Levin signed the filing as vice president,An agent-address change does not establish beneficial ownership.
C-Wren Investment Corp.,1991-09-26,domestic articles,H205_0694,Ohio Secretary of State,Formation and original statutory-agent appointment,Ted B. Hipsher; Dorothy Snow,"41 S High St., Suite 2300, Columbus, OH 43215",primary_image_confirmed,Hipsher was incorporator and Snow original agent,"The articles identify no shareholder, parcel, Epstein, or Wexner."
"Cherry Bottom Investors, Inc.",1988-03-02,domestic articles,G337_1113,Ohio Secretary of State,Formation and original statutory-agent appointment,Ted B. Hipsher; Dorothy Snow,"41 S High St., Suite 2300, Columbus, OH 43215",primary_image_confirmed,Hipsher was incorporator and Snow original agent,"The articles identify no initial officer, director, shareholder, parcel, Epstein, or Wexner."
"Snowberry Hills, Inc.",1987-12-07,domestic articles and original-agent appointment,G288_0312,Ohio Secretary of State,Formation and original statutory-agent appointment,Dorothy Snow,"Principal office: Columbus, Franklin County; c/o SKWR, 41 S. High St., Suite 2300, Columbus, OH 43215",primary_image_confirmed,Snow signed as incorporator and accepted appointment as original agent; the corporation authorized 750 no-par common shares and used a generic lawful-purpose clause,"The portal/certificate date predates the 1987-12-10 execution date printed in the articles; no officer, director, shareholder, parcel, Epstein, or Wexner is identified."
"Snowberry Hills, Inc.",1989-12-22,certificate and agreement of merger,G774_0107,Ohio Secretary of State,Predecessor merged into Architonics,Richard W. Rubenstein; Dorothy Snow; unnamed sole shareholder,"Merger returned to SKWR, 41 S. High St., Columbus, OH 43215; no parcel stated",primary_image_confirmed,"The agreement names Snowberry as a merged corporation, Architonics as survivor, Rubenstein as vice president, and Snow as secretary; all assets and property vested in the survivor",The sole shareholder is unnamed. Statutory vesting creates a successor-search rule but does not prove Snowberry owned land or identify a parcel.
"Snowberry Hills, Inc.",1989-12-22,party-specific MEX status packet,G774_0167,Ohio Secretary of State,Merged-out status confirmation,"Schwartz, Kelm, Warren & Rubenstein; L. J. Evans","41 S. High St., Columbus, OH 43215",primary_image_confirmed,The three-page packet confirms MEX status for charter 713925 and was processed 1990-01-10 under receipt 48743,"The stub names no survivor, other constituent, shareholder, officer, parcel, Epstein, or Wexner; the Architonics edge comes from G774_0107."
"Briarpatch Fields, Inc.",1987-12-10,domestic articles and original-agent appointment,G287_0753,Ohio Secretary of State,Formation and original statutory-agent appointment,Dorothy Snow,"Principal office: Columbus, Franklin County; 41 S. High St., Suite 2300, Columbus, OH 43215",primary_image_confirmed,Snow signed as incorporator and accepted appointment as original agent; the corporation authorized 750 no-par common shares and used a generic lawful-purpose clause,"Fields in the name is not proof of property. No officer, director, shareholder, parcel, Epstein, or Wexner is identified."
"Briarpatch Fields, Inc.",1989-12-22,certificate and agreement of merger,G774_0107,Ohio Secretary of State,Predecessor merged into Architonics,Richard W. Rubenstein; Dorothy Snow; unnamed sole shareholder,"Merger returned to SKWR, 41 S. High St., Columbus, OH 43215; no parcel stated",primary_image_confirmed,"The agreement names Briarpatch as a merged corporation, Architonics as survivor, Rubenstein as vice president, and Snow as secretary; all assets and property vested in the survivor",The sole shareholder is unnamed. The agreement does not prove Briarpatch owned land or identify any asset.
"Briarpatch Fields, Inc.",1989-12-22,party-specific MEX status packet,G774_0119,Ohio Secretary of State,Merged-out status confirmation,"Schwartz, Kelm, Warren & Rubenstein; L. J. Evans","41 S. High St., Columbus, OH 43215",primary_image_confirmed,The three-page packet confirms MEX status for charter 713843 and was processed 1990-01-10 under receipt 48727,"The stub names no survivor, other constituent, shareholder, officer, parcel, Epstein, or Wexner; the Architonics edge comes from G774_0107."
"Candleberry Cove, Inc.",1987-12-10,domestic articles and original-agent appointment,G287_0722,Ohio Secretary of State,Formation and original statutory-agent appointment,Dorothy Snow; Len Loraditch,"Principal office: Columbus, Franklin County; 41 S. High St., Suite 2300, Columbus, OH 43215",primary_image_confirmed,Snow signed as incorporator and accepted appointment as original agent; an extra correspondence cover identifies Len Loraditch as an SKWR legal assistant,"Cove in the name and the counsel cover are discovery clues only. No officer, director, shareholder, parcel, Epstein, or Wexner is identified."
"Candleberry Cove, Inc.",1989-12-22,certificate and agreement of merger,G774_0107,Ohio Secretary of State,Predecessor merged into Architonics,Richard W. Rubenstein; Dorothy Snow; unnamed sole shareholder,"Merger returned to SKWR, 41 S. High St., Columbus, OH 43215; no parcel stated",primary_image_confirmed,"The agreement names Candleberry as a merged corporation, Architonics as survivor, Rubenstein as vice president, and Snow as secretary; all assets and property vested in the survivor",The sole shareholder is unnamed. The agreement does not prove Candleberry owned land or identify any asset.
"Candleberry Cove, Inc.",1989-12-22,party-specific MEX status packet,G774_0125,Ohio Secretary of State,Merged-out status confirmation,"Schwartz, Kelm, Warren & Rubenstein; L. J. Evans","41 S. High St., Columbus, OH 43215",primary_image_confirmed,The three-page packet confirms MEX status for charter 713838 and was processed 1990-01-10 under receipt 48729,"The stub names no survivor, other constituent, shareholder, officer, parcel, Epstein, or Wexner; the Architonics edge comes from G774_0107."
"Frontier Traders, Inc.",1987-12-11,domestic articles and original-agent appointment,G288_0294,Ohio Secretary of State,Formation and original statutory-agent appointment,Dorothy Snow,"Principal office: Columbus, Franklin County; c/o SKWR, 41 S. High St., Suite 2300, Columbus, OH 43215",primary_image_confirmed,Snow signed as incorporator and accepted appointment as original agent; the corporation authorized 750 no-par common shares and used a generic lawful-purpose clause,"The articles identify no officer, director, shareholder, property, parcel, Epstein, or Wexner."
"Frontier Traders, Inc.",1989-12-22,certificate and agreement of merger,G774_0107,Ohio Secretary of State,Predecessor merged into Architonics,Richard W. Rubenstein; Dorothy Snow; unnamed sole shareholder,"Merger returned to SKWR, 41 S. High St., Columbus, OH 43215; no parcel stated",primary_image_confirmed,"The agreement names Frontier as a merged corporation, Architonics as survivor, Rubenstein as vice president, and Snow as secretary; all assets and property vested in the survivor",The sole shareholder is unnamed. The agreement does not prove Frontier owned land or identify any asset.
"Frontier Traders, Inc.",1989-12-22,party-specific MEX status packet,G774_0137,Ohio Secretary of State,Merged-out status confirmation,"Schwartz, Kelm, Warren & Rubenstein; L. J. Evans","41 S. High St., Columbus, OH 43215",primary_image_confirmed,The three-page packet confirms MEX status for charter 713922 and was processed 1990-01-10 under receipt 48733,"The stub names no survivor, other constituent, shareholder, officer, parcel, Epstein, or Wexner; the Architonics edge comes from G774_0107."
"Kitzmiller Properties, Inc.",1987-12-11,domestic articles and original-agent appointment,G288_0300,Ohio Secretary of State,Formation and original statutory-agent appointment,Dorothy Snow,"Principal office: Columbus, Franklin County; c/o SKWR, 41 S. High St., Suite 2300, Columbus, OH 43215",primary_image_confirmed,Snow signed as incorporator and accepted appointment as original agent; the corporation authorized 750 no-par common shares and used a generic lawful-purpose clause,"Properties in the name is not proof of landholding. No officer, director, shareholder, parcel, Epstein, or Wexner is identified."
"Kitzmiller Properties, Inc.",1989-12-22,certificate and agreement of merger,G774_0107,Ohio Secretary of State,Predecessor merged into Architonics,Richard W. Rubenstein; Dorothy Snow; unnamed sole shareholder,"Merger returned to SKWR, 41 S. High St., Columbus, OH 43215; no parcel stated",primary_image_confirmed,"The agreement names Kitzmiller as a merged corporation, Architonics as survivor, Rubenstein as vice president, and Snow as secretary; all assets and property vested in the survivor",The sole shareholder is unnamed. The agreement does not prove Kitzmiller owned land or identify any asset.
"Kitzmiller Properties, Inc.",1989-12-22,party-specific MEX status packet,G774_0143,Ohio Secretary of State,Merged-out status confirmation,"Schwartz, Kelm, Warren & Rubenstein; L. J. Evans","41 S. High St., Columbus, OH 43215",primary_image_confirmed,The three-page packet confirms MEX status for charter 713923 and was processed 1990-01-10 under receipt 48735,"The stub names no survivor, other constituent, shareholder, officer, parcel, Epstein, or Wexner; the Architonics edge comes from G774_0107."
"Blacklick Properties, Inc.",1987-12-14,domestic articles and original-agent appointment,G290_1418,Ohio Secretary of State,Formation and original statutory-agent appointment,Dorothy Snow,"Principal office: Columbus, Franklin County; c/o SKWR, 41 S. High St., Suite 2300, Columbus, OH 43215",primary_image_confirmed,Snow signed as incorporator and accepted appointment as original agent; the corporation authorized 750 no-par common shares and used a generic lawful-purpose clause,"Blacklick/Properties is a recorder-search signal, not property proof. No officer, director, shareholder, parcel, Epstein, or Wexner is identified."
"Blacklick Properties, Inc.",1989-12-22,certificate and agreement of merger,G774_0107,Ohio Secretary of State,Predecessor merged into Architonics,Richard W. Rubenstein; Dorothy Snow; unnamed sole shareholder,"Merger returned to SKWR, 41 S. High St., Columbus, OH 43215; no parcel stated",primary_image_confirmed,"The agreement names Blacklick as a merged corporation, Architonics as survivor, Rubenstein as vice president, and Snow as secretary; all assets and property vested in the survivor",The sole shareholder is unnamed. The agreement does not prove Blacklick owned land or identify any asset.
"Blacklick Properties, Inc.",1989-12-22,party-specific MEX status packet,G774_0116,Ohio Secretary of State,Merged-out status confirmation,"Schwartz, Kelm, Warren & Rubenstein; L. J. Evans","41 S. High St., Columbus, OH 43215",primary_image_confirmed,The three-page packet confirms MEX status for charter 710873 and was processed 1990-01-10 under receipt 48726,"The stub names no survivor, other constituent, shareholder, officer, parcel, Epstein, or Wexner; the Architonics edge comes from G774_0107."
Villa Development Corp.,1988-03-09,domestic articles and original-agent appointment,G343_0252,Ohio Secretary of State,Formation and original statutory-agent appointment,Dorothy Snow,"Principal office: Columbus, Franklin County; c/o SKWR, 41 S. High St., Suite 2300, Columbus, OH 43215",primary_image_confirmed,Snow signed as incorporator and accepted appointment as original agent; the corporation authorized 750 no-par common shares and used a generic lawful-purpose clause,"The articles were signed 1988-03-07, the certificate and live history use 1988-03-09, and the processing receipt is dated 1988-03-14; preserve those distinct dates. No officer, director, shareholder, parcel, Epstein, or Wexner is identified."
Villa Development Corp.,1989-12-22,certificate and agreement of merger,G774_0107,Ohio Secretary of State,Predecessor merged into Architonics,Richard W. Rubenstein; Dorothy Snow; unnamed sole shareholder,"Merger returned to SKWR, 41 S. High St., Columbus, OH 43215; no parcel stated",primary_image_confirmed,"The agreement names Villa Development Corp. as a merged corporation, Architonics as survivor, Rubenstein as vice president, and Snow as secretary; all assets and property vested in the survivor",The sole shareholder is unnamed. Statutory vesting creates a successor-search rule but does not prove the predecessor owned land or identify a parcel.
Villa Development Corp.,1989-12-22,party-specific MEX status packet,G774_0182,Ohio Secretary of State,Merged-out status confirmation,"Schwartz, Kelm, Warren & Rubenstein; L. J. Evans","41 S. High St., Columbus, OH 43215",primary_image_confirmed,"The three-page packet confirms MEX status for charter 720364, was certified 1989-12-22, and was processed 1990-01-10","The stub names no survivor, other constituent, shareholder, officer, parcel, Epstein, or Wexner; the Architonics edge comes from G774_0107."
Donner Development Company,1988-05-13,domestic articles and original-agent appointment,G379_0217,Ohio Secretary of State,Formation and original statutory-agent appointment,Dorothy Snow,"Principal office: Columbus, Franklin County; c/o SKWR, 41 S. High St., Suite 2300, Columbus, OH 43215",primary_image_confirmed,Snow signed as incorporator and accepted appointment as original agent; the corporation authorized 750 no-par common shares and used a generic lawful-purpose clause,"The articles were signed 1988-05-12, the certificate and live history use 1988-05-13, and the processing receipt is dated 1988-05-17. No officer, director, shareholder, parcel, Epstein, or Wexner is identified."
Donner Development Company,1989-12-22,certificate and agreement of merger,G774_0107,Ohio Secretary of State,Predecessor merged into Architonics,Richard W. Rubenstein; Dorothy Snow; unnamed sole shareholder,"Merger returned to SKWR, 41 S. High St., Columbus, OH 43215; no parcel stated",primary_image_confirmed,"The agreement names Donner Development Company as a merged corporation, Architonics as survivor, Rubenstein as vice president, and Snow as secretary; all assets and property vested in the survivor",The sole shareholder is unnamed. Statutory vesting creates a successor-search rule but does not prove the predecessor owned land or identify a parcel.
Donner Development Company,1989-12-22,party-specific MEX status packet,G774_0134,Ohio Secretary of State,Merged-out status confirmation,"Schwartz, Kelm, Warren & Rubenstein; L. J. Evans","41 S. High St., Columbus, OH 43215",primary_image_confirmed,"The three-page packet confirms MEX status for charter 724615, was certified 1989-12-22, and was processed 1990-01-10","The stub names no survivor, other constituent, shareholder, officer, parcel, Epstein, or Wexner; the Architonics edge comes from G774_0107."
"Summit Holding, Inc.",1988-05-13,domestic articles and original-agent appointment,G379_0247,Ohio Secretary of State,Formation and original statutory-agent appointment,Dorothy Snow,"Principal office: Columbus, Franklin County; c/o SKWR, 41 S. High St., Suite 2300, Columbus, OH 43215",primary_image_confirmed,Snow signed as incorporator and accepted appointment as original agent; the corporation authorized 750 no-par common shares and used a generic lawful-purpose clause,"The articles were signed 1988-05-12, the certificate and live history use 1988-05-13, and the processing receipt is dated 1988-05-17. No officer, director, shareholder, parcel, Epstein, or Wexner is identified."
"Summit Holding, Inc.",1989-12-22,certificate and agreement of merger,G774_0107,Ohio Secretary of State,Predecessor merged into Architonics,Richard W. Rubenstein; Dorothy Snow; unnamed sole shareholder,"Merger returned to SKWR, 41 S. High St., Columbus, OH 43215; no parcel stated",primary_image_confirmed,"The agreement names Summit Holding, Inc. as a merged corporation, Architonics as survivor, Rubenstein as vice president, and Snow as secretary; all assets and property vested in the survivor",The sole shareholder is unnamed. Statutory vesting creates a successor-search rule but does not prove the predecessor owned land or identify a parcel.
"Summit Holding, Inc.",1989-12-22,party-specific MEX status packet,G774_0173,Ohio Secretary of State,Merged-out status confirmation,"Schwartz, Kelm, Warren & Rubenstein; L. J. Evans","41 S. High St., Columbus, OH 43215",primary_image_confirmed,"The three-page packet confirms MEX status for charter 724620, was certified 1989-12-22, and was processed 1990-01-10","The stub names no survivor, other constituent, shareholder, officer, parcel, Epstein, or Wexner; the Architonics edge comes from G774_0107."
Currant Corporation,1988-07-15,domestic articles and original-agent appointment,G423_1530,Ohio Secretary of State,Formation and original statutory-agent appointment,Dorothy Snow,"Principal office: Columbus, Franklin County; c/o SKWR, 41 S. High St., Suite 2300, Columbus, OH 43215",primary_image_confirmed,Snow signed as incorporator and accepted appointment as original agent; the corporation authorized 750 no-par common shares and used a generic lawful-purpose clause,"The articles were signed 1988-07-14, the certificate and live history use 1988-07-15, and the processing receipt is dated 1988-07-18. No officer, director, shareholder, parcel, Epstein, or Wexner is identified."
Currant Corporation,1989-12-22,certificate and agreement of merger,G774_0107,Ohio Secretary of State,Predecessor merged into Architonics,Richard W. Rubenstein; Dorothy Snow; unnamed sole shareholder,"Merger returned to SKWR, 41 S. High St., Columbus, OH 43215; no parcel stated",primary_image_confirmed,"The agreement names Currant Corporation as a merged corporation, Architonics as survivor, Rubenstein as vice president, and Snow as secretary; all assets and property vested in the survivor",The sole shareholder is unnamed. Statutory vesting creates a successor-search rule but does not prove the predecessor owned land or identify a parcel.
Currant Corporation,1989-12-22,party-specific MEX status packet,G774_0131,Ohio Secretary of State,Merged-out status confirmation,"Schwartz, Kelm, Warren & Rubenstein; L. J. Evans","41 S. High St., Columbus, OH 43215",primary_image_confirmed,"The three-page packet confirms MEX status for charter 728765, was certified 1989-12-22, and was processed 1990-01-10","The stub names no survivor, other constituent, shareholder, officer, parcel, Epstein, or Wexner; the Architonics edge comes from G774_0107."
Margin Management Company,1988-07-15,domestic articles and original-agent appointment,G423_1542,Ohio Secretary of State,Formation and original statutory-agent appointment,Dorothy Snow,"Principal office: Columbus, Franklin County; c/o SKWR, 41 S. High St., Suite 2300, Columbus, OH 43215",primary_image_confirmed,Snow signed as incorporator and accepted appointment as original agent; the corporation authorized 750 no-par common shares and used a generic lawful-purpose clause,"The articles were signed 1988-07-14, the certificate and live history use 1988-07-15, and the processing receipt is dated 1988-07-18. No officer, director, shareholder, parcel, Epstein, or Wexner is identified."
Margin Management Company,1989-12-22,certificate and agreement of merger,G774_0107,Ohio Secretary of State,Predecessor merged into Architonics,Richard W. Rubenstein; Dorothy Snow; unnamed sole shareholder,"Merger returned to SKWR, 41 S. High St., Columbus, OH 43215; no parcel stated",primary_image_confirmed,"The agreement names Margin Management Company as a merged corporation, Architonics as survivor, Rubenstein as vice president, and Snow as secretary; all assets and property vested in the survivor",The sole shareholder is unnamed. Statutory vesting creates a successor-search rule but does not prove the predecessor owned land or identify a parcel.
Margin Management Company,1989-12-22,party-specific MEX status packet,G774_0149,Ohio Secretary of State,Merged-out status confirmation,"Schwartz, Kelm, Warren & Rubenstein; L. J. Evans","41 S. High St., Columbus, OH 43215",primary_image_confirmed,"The three-page packet confirms MEX status for charter 728767, was certified 1989-12-22, and was processed 1990-01-10","The stub names no survivor, other constituent, shareholder, officer, parcel, Epstein, or Wexner; the Architonics edge comes from G774_0107."
Graeton Development Company,1988-08-24,domestic articles and original-agent appointment,G456_0356,Ohio Secretary of State,Formation and original statutory-agent appointment,Dorothy Snow,"Principal office: Columbus, Franklin County; c/o SKWR, 41 S. High St., Suite 2300, Columbus, OH 43215",primary_image_confirmed,Snow signed as incorporator and accepted appointment as original agent; the corporation authorized 750 no-par common shares and used a generic lawful-purpose clause,"The articles were signed 1988-08-23, the certificate and live history use 1988-08-24, and the processing receipt is dated 1988-08-26. No officer, director, shareholder, parcel, Epstein, or Wexner is identified."
Graeton Development Company,1989-12-22,certificate and agreement of merger,G774_0107,Ohio Secretary of State,Predecessor merged into Architonics,Richard W. Rubenstein; Dorothy Snow; unnamed sole shareholder,"Merger returned to SKWR, 41 S. High St., Columbus, OH 43215; no parcel stated",primary_image_confirmed,"The agreement names Graeton Development Company as a merged corporation, Architonics as survivor, Rubenstein as vice president, and Snow as secretary; all assets and property vested in the survivor",The sole shareholder is unnamed. Statutory vesting creates a successor-search rule but does not prove the predecessor owned land or identify a parcel.
Graeton Development Company,1989-12-22,party-specific MEX status packet,G774_0140,Ohio Secretary of State,Merged-out status confirmation,"Schwartz, Kelm, Warren & Rubenstein; L. J. Evans","41 S. High St., Columbus, OH 43215",primary_image_confirmed,"The three-page packet confirms MEX status for charter 731364, was certified 1989-12-22, and was processed 1990-01-10","The stub names no survivor, other constituent, shareholder, officer, parcel, Epstein, or Wexner; the Architonics edge comes from G774_0107."
Main-High Development Corp.,1986-06-11,domestic articles and original-agent appointment,F931_0311,Ohio Secretary of State,Formation and original statutory-agent appointment,Dorothy Snow,"Columbus, Franklin County; 2101 Fitzroy Drive, Columbus, OH 43224",primary_image_confirmed,Snow signed as incorporator and accepted appointment as original statutory agent; 750 no-par common shares were authorized,"No parcel, shareholder, beneficial owner, Epstein, or Wexner is identified. A corporate purpose or naming consent is not proof of a completed transaction."
Main-High Development Corp.,1990-10-31,domestic dissolution packet,G985_0497,Ohio Secretary of State,Dissolution and statutory-agent record,John W. Kessler; Daniel M. Galbreath; Dorothy Snow; Judy McCoy,"41 S. High St., 23rd Floor, Columbus, OH 43215; no parcel stated",primary_image_confirmed,Kessler and Galbreath were directors; Snow was president/treasurer; McCoy was vice president/secretary; Snow was statutory agent,"The authorizing resolution refers to shareholders in the plural but does not name them. No asset recipient, Epstein, or Wexner is identified. The no-personal-property affidavit does not address real estate."
The Encee Holding Corp.,1987-01-28,domestic articles and original-agent appointment,G087_0559,Ohio Secretary of State,Formation and original statutory-agent appointment,Robert N. Wistner,"Dublin, Franklin County; 475 Metro Place North, Suite 200, Dublin, OH 43017-1374",primary_image_confirmed,Wistner signed as incorporator and accepted appointment as original statutory agent; the articles state the limited property-agency purpose,"No parcel, shareholder, beneficial owner, Epstein, or Wexner is identified. A corporate purpose or naming consent is not proof of a completed transaction."
The Encee Holding Corp.,1988-12-28,domestic dissolution packet,G532_1234;OH-SOS:728764:G532_0974,Ohio Secretary of State,Dissolution and statutory-agent record,"Stanley Schwartz, Jr.; Richard W. Rubenstein; Dorothy Snow","41 S. High St., 23rd Floor, Columbus, OH 43215; no parcel stated",primary_image_confirmed,"Schwartz was chairman/president; Rubenstein was vice president/treasurer; Snow was secretary and statutory agent; Schwartz, Kenneth J. Warren, and Rubenstein were directors","The authorizing sole shareholder is unnamed. No asset recipient, Epstein, or Wexner is identified. The no-personal-property affidavit does not address real estate. Argotron G532_0974 p.7 establishes inclusion in a 46-company administrative dissolution batch; it does not establish common ownership, common control, a shared property portfolio, or beneficial ownership."
"NELC, Inc.",1987-02-18,domestic articles and original-agent appointment,G101_0615,Ohio Secretary of State,Formation and original statutory-agent appointment,Robert N. Wistner,"Dublin, Franklin County; 475 Metro Place North, Suite 200, Dublin, OH 43017-1374",primary_image_confirmed,Wistner signed as incorporator and accepted appointment as original statutory agent; the articles state the limited property-agency purpose,"No parcel, shareholder, beneficial owner, Epstein, or Wexner is identified. A corporate purpose or naming consent is not proof of a completed transaction."
"NELC, Inc.",1988-12-28,domestic dissolution packet,G532_1156;OH-SOS:728764:G532_0974,Ohio Secretary of State,Dissolution and statutory-agent record,"Stanley Schwartz, Jr.; Richard W. Rubenstein; Dorothy Snow","41 S. High St., 23rd Floor, Columbus, OH 43215; no parcel stated",primary_image_confirmed,"Schwartz was chairman/president; Rubenstein was vice president/treasurer; Snow was secretary and statutory agent; Schwartz, Kenneth J. Warren, and Rubenstein were directors","The authorizing sole shareholder is unnamed. No asset recipient, Epstein, or Wexner is identified. The no-personal-property affidavit does not address real estate. Argotron G532_0974 p.7 establishes inclusion in a 46-company administrative dissolution batch; it does not establish common ownership, common control, a shared property portfolio, or beneficial ownership."
Great Eastern Fastening Corp. II,1987-07-30,domestic articles and original-agent appointment,G211_1367,Ohio Secretary of State,Formation and original statutory-agent appointment,Robert N. Wistner; Paul S. Coppel,"Dublin, Franklin County; 475 Metro Place North, Suite 200, Dublin, OH 43017-1374",primary_image_confirmed,"Wistner signed as incorporator and original agent; Great Eastern Fastening Corp. (Ohio 689907), through secretary Paul S. Coppel, formally consented to use of the Great Eastern Fastening Corp. II name","No parcel, shareholder, beneficial owner, Epstein, or Wexner is identified. A corporate purpose or naming consent is not proof of a completed transaction."
Great Eastern Fastening Corp. II,1988-12-28,domestic dissolution packet,G532_1078;OH-SOS:728764:G532_0974,Ohio Secretary of State,Dissolution and statutory-agent record,"Stanley Schwartz, Jr.; Richard W. Rubenstein; Dorothy Snow","41 S. High St., 23rd Floor, Columbus, OH 43215; no parcel stated",primary_image_confirmed,"Schwartz was chairman/president; Rubenstein was vice president/treasurer; Snow was secretary and statutory agent; Schwartz, Kenneth J. Warren, and Rubenstein were directors","The authorizing sole shareholder is unnamed. No asset recipient, Epstein, or Wexner is identified. The no-personal-property affidavit does not address real estate. Argotron G532_0974 p.7 establishes inclusion in a 46-company administrative dissolution batch; it does not establish common ownership, common control, a shared property portfolio, or beneficial ownership."
"Petel of Columbus Co. #1, Inc.",1987-05-29,domestic articles and original-agent appointment,G162_1546,Ohio Secretary of State,Formation and original statutory-agent appointment,Robert N. Wistner,"Dublin, Franklin County; 475 Metro Place North, Dublin, OH 43017-1374",primary_image_confirmed,Wistner signed as incorporator and accepted appointment as original statutory agent; 750 no-par common shares were authorized,"No parcel, shareholder, beneficial owner, Epstein, or Wexner is identified. A corporate purpose or naming consent is not proof of a completed transaction."
"Petel of Columbus Co. #1, Inc.",1988-12-28,domestic dissolution packet,G532_1180;OH-SOS:728764:G532_0974,Ohio Secretary of State,Dissolution and statutory-agent record,"Stanley Schwartz, Jr.; Richard W. Rubenstein; Dorothy Snow","41 S. High St., 23rd Floor, Columbus, OH 43215; no parcel stated",primary_image_confirmed,"Schwartz was chairman/president; Rubenstein was vice president/treasurer; Snow was secretary and statutory agent; Schwartz, Kenneth J. Warren, and Rubenstein were directors","The authorizing sole shareholder is unnamed. No asset recipient, Epstein, or Wexner is identified. The no-personal-property affidavit does not address real estate. Argotron G532_0974 p.7 establishes inclusion in a 46-company administrative dissolution batch; it does not establish common ownership, common control, a shared property portfolio, or beneficial ownership."
"Architonics, Inc.",1987-12-08,deed index,198712080212780,Franklin County Recorder,Acquired 24.642 acres from Ted R. Meteer,"Ted R. Meteer; Architonics, Inc.","24.642 acres, Range 16, Plain Township",official_index_only,Recorder index lists Meteer as grantor and Architonics as grantee of the 24.642-acre deed,The deed image has not been reviewed; current parcel identity and beneficial ownership are unresolved.
"Architonics, Inc.",1989-12-28,deed index,198912280188790,Franklin County Recorder,Conveyed 24.642 acres to New Albany Co.,"Architonics, Inc.; New Albany Co.","24.642 acres, Range 16",official_index_only,Recorder index lists Architonics as grantor and New Albany Co. as grantee six days after the Architonics merger,The date and matching acreage do not prove the conveyance was caused by the merger or that the tract came from a predecessor.
"Architonics, Inc.",1989-12-29,deed index,198912290189094,Franklin County Recorder,Conveyed multiple indexed tracts to New Albany Co.,"Architonics, Inc.; New Albany Co.",Multi-tract legal-description index containing numerous acreage entries,official_index_only,Recorder index lists Architonics as grantor and New Albany Co. as grantee on Architonics's dissolution date,"The deed image is required to identify the parcels, conveyance capacity, merger language, consideration, and completeness."
LeeAce Inc.,1987-12-14,domestic articles and original-agent appointment,G290_1442,Ohio Secretary of State,Formation and original statutory-agent appointment,Dorothy Snow,"Principal office: Columbus, Franklin County; c/o SKWR, 41 S. High St., Suite 2300, Columbus, OH 43215",primary_image_confirmed,Snow signed as incorporator and accepted appointment as original agent; the corporation authorized 750 no-par common shares and used a generic lawful-purpose clause,"The packet identifies no initial officer, director, shareholder, parcel, Epstein, or Wexner. The formation packet uses LEEACE INC.; the merger agreement uses LEEACE, INC."
LeeAce Inc.,1989-12-22,certificate and agreement of merger,G774_0107,Ohio Secretary of State,Predecessor merged into Architonics,Richard W. Rubenstein; Dorothy Snow; unnamed sole shareholder,"Merger returned to SKWR, 41 S. High St., Columbus, OH 43215; no parcel stated",primary_image_confirmed,"The agreement names LeeAce as a merged corporation, Architonics as survivor, Rubenstein as vice president, and Snow as secretary; all assets and property vested in the survivor",The sole shareholder is unnamed. Statutory vesting creates a successor-search rule but does not prove LeeAce owned land or identify a parcel.
LeeAce Inc.,1989-12-22,party-specific MEX status packet,G774_0146,Ohio Secretary of State,Merged-out status confirmation,"Schwartz, Kelm, Warren & Rubenstein; L. J. Evans","41 S. High St., Columbus, OH 43215",primary_image_confirmed,The three-page packet confirms MEX status for charter 712264 and was processed 1990-01-10 under receipt 48736,"The stub names no survivor, other constituent, shareholder, officer, parcel, Epstein, or Wexner; the Architonics edge comes from G774_0107."
"Spring Harbor Properties, Inc.",1987-12-22,domestic articles and original-agent appointment,G294_1112,Ohio Secretary of State,Formation and original statutory-agent appointment,Dorothy Snow,"Principal office: Columbus, Franklin County; c/o SKWR, 41 S. High St., Suite 2300, Columbus, OH 43215",primary_image_confirmed,Snow signed the articles dated 1987-12-21 as incorporator and accepted appointment as original agent; the corporation authorized 750 no-par common shares and used a generic lawful-purpose clause,"The exact legal name includes PROPERTIES. The packet identifies no initial officer, director, shareholder, parcel, Epstein, or Wexner."
"Spring Harbor Properties, Inc.",1989-12-22,certificate and agreement of merger,G774_0107,Ohio Secretary of State,Predecessor merged into Architonics,Richard W. Rubenstein; Dorothy Snow; unnamed sole shareholder,"Merger returned to SKWR, 41 S. High St., Columbus, OH 43215; no parcel stated",primary_image_confirmed,"The agreement names Spring Harbor Properties as a merged corporation, Architonics as survivor, Rubenstein as vice president, and Snow as secretary; all assets and property vested in the survivor",The sole shareholder is unnamed. Statutory vesting does not prove the predecessor owned land or identify a parcel.
"Spring Harbor Properties, Inc.",1989-12-22,party-specific MEX status packet,G774_0170,Ohio Secretary of State,Merged-out status confirmation,"Schwartz, Kelm, Warren & Rubenstein; L. J. Evans","41 S. High St., Columbus, OH 43215",primary_image_confirmed,The three-page packet confirms MEX status for charter 714675 and was processed 1990-01-10 under receipt 48744,"The stub names no survivor, other constituent, shareholder, officer, parcel, Epstein, or Wexner; the Architonics edge comes from G774_0107."
Meade Development Corporation,1988-03-04,domestic articles and original-agent appointment,G339_1089,Ohio Secretary of State,Formation and original statutory-agent appointment,Dorothy Snow; Len Loraditch,"Principal office: Columbus, Franklin County; c/o SKWR, 41 S. High St., Suite 2300, Columbus, OH 43215",primary_image_confirmed,Snow signed the articles dated 1988-03-03 as incorporator and accepted appointment as original agent; a correspondence cover identifies SKWR legal assistant Len Loraditch,"The exact legal name is MEADE DEVELOPMENT CORPORATION. Loraditch is an administrative clue only. No initial officer, director, shareholder, parcel, Epstein, or Wexner is identified."
Meade Development Corporation,1989-12-22,certificate and agreement of merger,G774_0107,Ohio Secretary of State,Predecessor merged into Architonics,Richard W. Rubenstein; Dorothy Snow; unnamed sole shareholder,"Merger returned to SKWR, 41 S. High St., Columbus, OH 43215; no parcel stated",primary_image_confirmed,"The agreement names Meade Development Corporation as a merged corporation, Architonics as survivor, Rubenstein as vice president, and Snow as secretary; all assets and property vested in the survivor",The sole shareholder is unnamed. Statutory vesting does not prove the predecessor owned land or identify a parcel.
Meade Development Corporation,1989-12-22,party-specific MEX status packet,G774_0152,Ohio Secretary of State,Merged-out status confirmation,"Schwartz, Kelm, Warren & Rubenstein; L. J. Evans","41 S. High St., Columbus, OH 43215",primary_image_confirmed,The three-page packet confirms MEX status for charter 719943 and was processed 1990-01-10 under receipt 48738,"The stub names no survivor, other constituent, shareholder, officer, parcel, Epstein, or Wexner; the Architonics edge comes from G774_0107."
"Chesser Estates, Inc.",1988-03-09,domestic articles and original-agent appointment,G343_0266,Ohio Secretary of State,Formation and original statutory-agent appointment,Dorothy Snow; Len Loraditch,"Principal office: Columbus, Franklin County; c/o SKWR, 41 S. High St., Suite 2300, Columbus, OH 43215",primary_image_confirmed,Snow signed the articles dated 1988-03-07 as incorporator and accepted appointment as original agent; a correspondence cover identifies SKWR legal assistant Len Loraditch,"Loraditch is an administrative clue only. The packet identifies no initial officer, director, shareholder, parcel, Epstein, or Wexner."
"Chesser Estates, Inc.",1989-12-22,certificate and agreement of merger,G774_0107,Ohio Secretary of State,Predecessor merged into Architonics,Richard W. Rubenstein; Dorothy Snow; unnamed sole shareholder,"Merger returned to SKWR, 41 S. High St., Columbus, OH 43215; no parcel stated",primary_image_confirmed,"The agreement names Chesser Estates as a merged corporation, Architonics as survivor, Rubenstein as vice president, and Snow as secretary; all assets and property vested in the survivor",The sole shareholder is unnamed. Statutory vesting does not prove the predecessor owned land or identify a parcel.
"Chesser Estates, Inc.",1989-12-22,party-specific MEX status packet,G774_0128,Ohio Secretary of State,Merged-out status confirmation,"Schwartz, Kelm, Warren & Rubenstein; L. J. Evans","41 S. High St., Columbus, OH 43215",primary_image_confirmed,The three-page packet confirms MEX status for charter 720366 and was processed 1990-01-10 under receipt 48730,"The stub names no survivor, other constituent, shareholder, officer, parcel, Epstein, or Wexner; the Architonics edge comes from G774_0107."
"Palm Properties, Inc.",1988-03-09,domestic articles and original-agent appointment,G343_0231,Ohio Secretary of State,Formation and original statutory-agent appointment,Dorothy Snow; Len Loraditch,"Principal office: Columbus, Franklin County; c/o SKWR, 41 S. High St., Suite 2300, Columbus, OH 43215",primary_image_confirmed,Snow signed the articles dated 1988-03-07 as incorporator and accepted appointment as original agent; a correspondence cover identifies SKWR legal assistant Len Loraditch,"Loraditch is an administrative clue only. The packet identifies no initial officer, director, shareholder, parcel, Epstein, or Wexner."
"Palm Properties, Inc.",1989-12-22,certificate and agreement of merger,G774_0107,Ohio Secretary of State,Predecessor merged into Architonics,Richard W. Rubenstein; Dorothy Snow; unnamed sole shareholder,"Merger returned to SKWR, 41 S. High St., Columbus, OH 43215; no parcel stated",primary_image_confirmed,"The agreement names Palm Properties as a merged corporation, Architonics as survivor, Rubenstein as vice president, and Snow as secretary; all assets and property vested in the survivor",The sole shareholder is unnamed. Statutory vesting does not prove the predecessor owned land or identify a parcel.
"Palm Properties, Inc.",1989-12-22,party-specific MEX status packet,G774_0164,Ohio Secretary of State,Merged-out status confirmation,"Schwartz, Kelm, Warren & Rubenstein; L. J. Evans","41 S. High St., Columbus, OH 43215",primary_image_confirmed,The three-page packet confirms MEX status for charter 720361 and was processed 1990-01-10 under receipt 48742,"The stub names no survivor, other constituent, shareholder, officer, parcel, Epstein, or Wexner; the Architonics edge comes from G774_0107."
"Timbre Properties, Inc.",1988-03-09,domestic articles and original-agent appointment,G344_0548,Ohio Secretary of State,Formation and original statutory-agent appointment,Dorothy Snow; Len Loraditch,"Principal office: Columbus, Franklin County; c/o SKWR, 41 S. High St., Suite 2300, Columbus, OH 43215",primary_image_confirmed,Snow signed the articles dated 1988-03-07 as incorporator and accepted appointment as original agent; a correspondence cover identifies SKWR legal assistant Len Loraditch,"Loraditch is an administrative clue only. The packet identifies no initial officer, director, shareholder, parcel, Epstein, or Wexner."
"Timbre Properties, Inc.",1989-12-22,certificate and agreement of merger,G774_0107,Ohio Secretary of State,Predecessor merged into Architonics,Richard W. Rubenstein; Dorothy Snow; unnamed sole shareholder,"Merger returned to SKWR, 41 S. High St., Columbus, OH 43215; no parcel stated",primary_image_confirmed,"The agreement names Timbre Properties as a merged corporation, Architonics as survivor, Rubenstein as vice president, and Snow as secretary; all assets and property vested in the survivor",The sole shareholder is unnamed. Statutory vesting does not prove the predecessor owned land or identify a parcel.
"Timbre Properties, Inc.",1989-12-22,party-specific MEX status packet,G774_0179,Ohio Secretary of State,Merged-out status confirmation,"Schwartz, Kelm, Warren & Rubenstein; L. J. Evans","41 S. High St., Columbus, OH 43215",primary_image_confirmed,The three-page packet confirms MEX status for charter 720489 and was processed 1990-01-10 under receipt 48747,"The stub names no survivor, other constituent, shareholder, officer, parcel, Epstein, or Wexner; the Architonics edge comes from G774_0107."
INN Investment Corp.,1986-08-27,limited-partnership certificate,198608270148627,Franklin County Recorder,INN was listed as a limited partner in BI Limited Partnership,"INN Investment Corp.; Boulevard Inn Management Corp.; Dorothy Snow","Columbus hotel venture; no parcel stated",primary_image_confirmed,"INN's conditional cash contribution was capped at $831,680 and possible deficit contribution at $50,000","Partnership obligations are not a hotel purchase price, mortgage, or proof of fee title."
INN Investment Corp.,1992-04-24,limited-partnership amendment,199204240104818,Franklin County Recorder,Amendment records INN's withdrawal from BI Limited Partnership,INN Investment Corp.; BI Limited Partnership,No parcel stated,primary_image_confirmed,INN ceased to be a listed limited partner,"The amendment does not identify a fee-property transfer or corporate successor."
"Cherry Bottom Properties, Inc.",1991-10-04,limited warranty deed,199110040159339,Franklin County Recorder,Cherry Bottom Properties conveyed the 33.664-acre tract to KG Partners,"Cherry Bottom Properties, Inc.; KG Partners; Jeffrey E. Epstein","33.664 gross / 32.517 net acres; parcels then indexed as 025-4294 and 025-4278",primary_image_confirmed,Epstein executed the deed as Cherry Bottom Properties vice president,"Corporate execution is not beneficial ownership; valuable consideration and tax stamps are not treated as price."
"Cherry Bottom Properties, Inc.",1991-10-04,seller mortgage,199110040159341,Franklin County Recorder,KG mortgaged the tract to Cherry Bottom Properties to secure seller financing,KG Partners; Cherry Bottom Properties,33.664-acre Christopher Wren tract,primary_image_confirmed,"The mortgage secured up to $1,080,000 and was subordinate to Bank One's mortgage","Debt ceiling is not a purchase price or payoff amount."
"Cherry Bottom Properties, Inc.",1992-02-04,general warranty deed,199202040059473,Franklin County Recorder,Cherry Bottom Properties conveyed a Gahanna medical-office tract to Gahanna Medical Limited Partnership,"Cherry Bottom Properties, Inc.; Gahanna Medical Limited Partnership; Jeffrey E. Epstein",Gahanna medical-office tract,primary_image_confirmed,Epstein signed as Cherry Bottom Properties vice president,"The officer signature does not establish personal title or beneficial ownership."
"Cherry Bottom Properties, Inc.",1993-07-12,mortgage satisfaction,199307120168459,Franklin County Recorder,Cherry Bottom Properties discharged its KG seller mortgage,Cherry Bottom Properties; KG Partners,33.664-acre Christopher Wren tract,primary_image_confirmed,The identified $1.08 million mortgage was fully paid and satisfied,"The release does not state the payoff amount or source of funds."
"Park Properties, Inc.",1984-02-03,open-end mortgage and security agreement,198402030051783,Franklin County Recorder,Dean Fried mortgaged five Columbus tract groups to Park Properties,"Dean W. Fried; Park Properties, Inc.; C.H. Development Group","Five Northwood Heights / Indianola Summit / Dennison Summit lot groups",primary_image_confirmed,"One C.H. Development Group loan was capped at $5 million; Fried's 23% guaranty was secured up to $1.15 million","Park was mortgagee/general partner, not the fee owner; the index amount is not repeated debt exposure."
"Park Properties, Inc.",1986-01-07,duplicate-record satisfactions,198601070053215;198601070053216,Franklin County Recorder,Two satisfactions identify F-08 and F-13 as recorder-inadvertence duplicates of F-03,Dean W. Fried; Park Properties,Same five-tract collateral,primary_image_confirmed,The apparent three $5 million index entries represented one transaction,"These instruments preserved the operative F-03 lien; they were not its final release."
"Park Properties, Inc.",1990-02-20,full mortgage satisfaction,199002200063673,Franklin County Recorder,Park Properties fully discharged the operative F-03 mortgage,Dean W. Fried; Park Properties,Remaining five-tract collateral,primary_image_confirmed,The operative recorded mortgage was fully satisfied before Park's 1992 dissolution,"The release gives no payoff amount and does not establish a corporate merger or title ownership."
C-Wren Investment Corp.,1991-10-04,KG partnership certificate,199110040159108,Franklin County Recorder,K-L Partners and C-Wren were all named members of KG Partners,"K-L Partners, Inc.; C-Wren Investment Corp.; Jeffrey E. Epstein","C-Wren address 41 S. High St., Suite 3710; attention Epstein",primary_image_confirmed,Epstein signed and acknowledged as C-Wren vice president,"No KG ownership percentage or Epstein beneficial ownership is stated."
C-Wren Investment Corp.,1991-10-04,Christopher Wren limited-partnership certificate,199110040159230,Franklin County Recorder,KG was managing general partner of Christopher Wren Apartments Limited Partnership,"KG Partners; Nationwide Development; Nationwide Life","Christopher Wren Apartments project; no legal description in certificate",primary_image_confirmed,"Qualified allocations were stated as KG 50%, Nationwide Development 1%, and Nationwide Life 49%","The certificate does not allocate KG's 50% between K-L and C-Wren."
C-Wren Investment Corp.,1991-10-04,Bank One open-end mortgage,199110040159340,Franklin County Recorder,KG mortgaged the Christopher Wren tract to Bank One,KG Partners; Bank One,"33.664 gross / 32.517 net acres",primary_image_confirmed,"Maximum unpaid indebtedness was $12 million across three stated notes","The ceiling is not a sale price or payoff; C-Wren did not separately execute this mortgage."
C-Wren Investment Corp.,1993-05-13,quitclaim right-of-way deed,199305130127826,Franklin County Recorder,KG conveyed a 1.147-acre Morse Road right-of-way to Columbus while reserving ingress/egress,"KG Partners; City of Columbus; C-Wren Investment Corp.; Jeffrey E. Epstein",1.147-acre right-of-way from the 33.664-acre tract,primary_image_confirmed,Epstein signed as C-Wren vice president and C-Wren executed as a KG partner,"The nominal $1 recital is not treated as market value or personal consideration."
C-Wren Investment Corp.,1993-07-09,special warranty deed,199307090167426,Franklin County Recorder,KG conveyed the apartment tract to Christopher Wren Apartments Limited Partnership,KG Partners; Christopher Wren Apartments Limited Partnership,33.664 gross / 32.517 net acres,primary_image_confirmed,The deed moved record title into the project limited partnership,"The $10 recital and conveyance-tax stamp are not treated as sale price."
C-Wren Investment Corp.,1993-07-12,Bank One mortgage release,199307120168458,Franklin County Recorder,Bank One released its KG open-end mortgage,Bank One; KG Partners,33.664-acre Christopher Wren tract,primary_image_confirmed,The identified $12 million-ceiling mortgage was satisfied and released,"The release does not state payoff amount or the status of another lien; the Cherry mortgage has its own separate satisfaction."
Rocky Fork Development Corporation,1987-12-31,four merger-successor deeds,198712310221397;198712310221398;198712310221399;198712310221400,Franklin County Recorder,Four deeds conveyed predecessor-derived land to The New Albany Company,"Rocky Fork Development Corporation; The Hinson Company; Brewer Farms, Inc.; Central Falls, Inc.; Bearce Hollow, Inc.; The New Albany Company","Four separately described Franklin County tracts",primary_image_confirmed,"The deeds call Rocky Fork successor by merger to each named predecessor","Recorder capacity recitals are strong title evidence but are not substitutes for every underlying statutory merger certificate."
Rocky Fork Development Corporation,1991-12-06,amended New Albany partnership certificate,199112060187246,Franklin County Recorder,Amendment records Rocky Fork and Community Projects roles in The New Albany Company,"Rocky Fork Development Corp.; Community Projects, Inc.; Jeffrey E. Epstein",New Albany development partnership; no single parcel,primary_image_confirmed,Epstein signed as Rocky Fork president and Community Projects vice president,"Dual officer capacity is not proof of beneficial ownership."
Rocky Fork Development Corporation,1992-12-08,confirmatory general warranty deed,199212080242110,Franklin County Recorder,The Ohio New Albany general partnership confirmed transfer of its Franklin realty to the Delaware limited partnership,"The New Albany Company, Ohio general partnership; The New Albany Company Limited Partnership","Omnibus Franklin County realty conveyance",primary_image_confirmed,The deed identifies the Delaware LP as successor to the partnership assets,"The omnibus wording is not a parcel-by-parcel downstream abstract."
"N.A. Property, Inc.",1992-12-02,foreign limited-partnership registration,199212020237724,Franklin County Recorder,N.A. Property and Community Projects were named New Albany general partners,"N.A. Property, Inc.; Community Projects, Inc.; Jeffrey E. Epstein; Leslie H. Wexner",New Albany development partnership; no single parcel,primary_image_confirmed,Epstein signed as N.A. Property president,"Partner status is not itself a conveyance of land."
"N.A. Property, Inc.",1992-12-28,amended foreign limited-partnership registration,199212280252097,Franklin County Recorder,Amendment changed the partnership listing after the December transition,"N.A. Property, Inc.; Community Projects, Inc.; Leslie H. Wexner; Jeffrey E. Epstein",New Albany development partnership; no single parcel,primary_image_confirmed,Epstein again signed as N.A. Property president,"The filing records partnership structure, not beneficial title to every partnership asset."
"N.A. Property, Inc.",2002-03-12,notice of commencement,200203120064378,Franklin County Recorder,Notice covered School House work on a 2.549-acre Kitzmiller Road tract,"N.A. Property, Inc.; Leslie H. Wexner",2.549 acres on Kitzmiller Road,primary_image_confirmed,N.A. Property and Wexner are listed as owner/part owner/lessee contracting parties,"The conditional fee-owner field is blank and “None” refers only to improvement lenders."
City Centre Investment Corp.,1987-12-31,limited-partnership certificate,198712310221555,Franklin County Recorder,City Centre Investment was a limited partner in City Centre Limited Partnership,"City Centre Investment Corp.; City Centre Management Corp.",Franklin County real-estate business; no parcel stated,primary_image_confirmed,"City Centre Investment agreed a $4,950 cash contribution and up to $50,000 deficit contribution","Partnership contributions are not a property price or mortgage."
City Centre Investment Corp.,1994-12-21,general warranty deed,199412210263357,Franklin County Recorder,City Centre Limited Partnership conveyed its 175 East Town Street parcel,"City Centre Limited Partnership; Columbus Hospitality Associates, Limited Partnership","Parcel 010-139305; 2.833 acres; 175 East Town Street",primary_image_confirmed,The deed conveyed fee title,"The $1 recital and $5,420 conveyance-tax figure are not treated as sale price."
City Centre Investment Corp.,1995-01-20,partnership termination,199501200051915,Franklin County Recorder,Certificate says City Centre was dissolved and its assets distributed,City Centre Limited Partnership; unnamed partners,No parcel restated,primary_image_confirmed,The partnership registration was cancelled after the property disposition,"The instrument does not identify recipients of any remaining assets."
Morsham Land Corp.,1995-12-29,substantive merger certificate,5422_1190,Ohio Secretary of State,"Morsham and seven other listed corporations merged into Eastern Ohio Holding Company, Inc.","Eastern Ohio Holding Company, Inc.; Morsham Land Corp.; seven additional merging corporations; William W. Vaughan III",Ohio corporate transaction; no parcel stated,primary_image_confirmed,"Eastern Ohio Holding Company, Inc. is expressly named as the surviving entity effective 1995-12-29","This establishes statutory corporate survival; later land-title and ultimate-successor assertions remain separate steps."
Morsham Land Corp.,2016-04-22,successor affidavit and residual deed,201604220049451;201604220049452,Franklin County Recorder,New Albany Company LLC's treasurer asserted ultimate succession to all Morsham real estate and assets,"Morsham Land Corp.; The New Albany Company LLC; Brent Bradbury; City of Columbus","Residual parcel 545-147940",primary_image_confirmed,"The affidavit supports New Albany Company LLC's asserted ultimate successor-in-interest status","An affidavit/title recital is not the missing intermediate corporate merger instrument and does not identify every step."
HHD & B LLC,2010-12-23,adjacent portfolio mortgage,201012230175278,Franklin County Recorder,New Albany mortgaged a large multi-tract portfolio to JPMorgan Chase,"The New Albany Company LLC; JPMorgan Chase Bank, N.A.",HHD appears only in a boundary call; parcel 222-001350 is absent,primary_image_confirmed,"The $50 million mortgage is New Albany debt and does not encumber the HHD parcel in the reviewed image","The exact-name-family absence of another HHD mortgage is not a complete parcel-lien negative."
"Eastern Ohio Holding Company, Inc.",1995-12-29,nine-party merger certificate,5422_1190,Ohio Secretary of State,Eastern Ohio survived the merger of eight named Ohio corporations,"Eastern Ohio Holding Company; Bluffton Holding; New Albany Cardinal; Union Holding; Blueberry Ridge Properties; Tudor Properties; Cedar Canyon Properties; Morsham Land; Blacksheep Farms; William W. Vaughan III","Ohio corporate transaction; survivor agent at 5906 E Dublin-Granville Rd.",primary_image_confirmed,"Eastern Ohio is expressly labeled the surviving entity and the merger was effective on filing 1995-12-29","The name-change field is blank. Processing correspondence to New Albany Company does not make it a constituent or survivor."
